Date,Open,High,Low,Close,Adj Close,Volume
2015-01-02,15.916666984558105,15.916666984558105,15.46500015258789,15.583333015441895,14.769935607910156,231600
2015-01-05,15.539999961853027,15.734999656677246,15.43166732788086,15.520000457763672,14.70991039276123,188400
2015-01-06,15.510000228881836,15.536666870117188,15.08666706085205,15.243332862854004,14.447683334350586,273000
2015-01-07,15.359999656677246,15.62166690826416,15.311667442321777,15.600000381469727,14.785734176635742,255600
2015-01-08,15.744999885559082,15.986666679382324,15.613332748413086,15.80666732788086,14.981614112854004,354600
2015-01-09,15.848333358764648,15.866666793823242,15.630000114440918,15.736666679382324,14.91526985168457,257400
2015-01-12,15.726667404174805,15.829999923706055,15.545000076293945,15.661666870117188,14.844182968139648,296400
2015-01-13,15.758333206176758,16.05666732788086,15.444999694824219,15.734999656677246,14.913687705993652,371400
2015-01-14,15.600000381469727,15.923333168029785,15.585000038146973,15.885000228881836,15.055859565734863,231600
2015-01-15,15.916666984558105,16.06166648864746,15.74666690826416,15.956666946411133,15.123784065246582,445800
2015-01-16,15.891667366027832,16.2450008392334,15.854999542236328,16.2450008392334,15.397066116333008,402600
2015-01-20,16.22833251953125,16.6200008392334,15.71166706085205,15.920000076293945,15.089030265808105,459000
2015-01-21,15.895000457763672,16.046667098999023,15.833333015441895,15.933333396911621,15.101669311523438,159000
2015-01-22,16.03499984741211,16.428333282470703,15.916666984558105,16.338333129882812,15.485527992248535,300600
2015-01-23,16.31166648864746,16.453332901000977,16.213333129882812,16.36833381652832,15.51396656036377,271800
2015-01-26,16.411666870117188,16.514999389648438,16.229999542236328,16.264999389648438,15.416022300720215,178200
2015-01-27,16.100000381469727,16.136667251586914,15.94333267211914,16.084999084472656,15.245416641235352,207000
2015-01-28,16.083332061767578,16.084999084472656,15.766667366027832,15.936667442321777,15.104827880859375,267000
2015-01-29,15.9399995803833,16.166667938232422,15.801667213439941,16.148332595825195,15.30544662475586,175200
2015-01-30,16.03333282470703,16.238332748413086,15.710000038146973,15.831666946411133,15.005309104919434,428400
2015-02-02,15.71500015258789,15.948332786560059,15.498332977294922,15.948332786560059,15.115884780883789,228600
2015-02-03,15.936667442321777,16.288333892822266,15.819999694824219,16.148332595825195,15.30544662475586,420000
2015-02-04,16.133333206176758,16.48666763305664,16.133333206176758,16.39666748046875,15.540818214416504,432600
2015-02-05,16.485000610351562,16.53499984741211,16.338333129882812,16.416667938232422,15.559775352478027,300600
2015-02-06,16.416667938232422,16.479999542236328,16.213333129882812,16.258333206176758,15.40970516204834,134400
2015-02-09,16.18166732788086,16.303333282470703,15.979999542236328,16.011667251586914,15.175912857055664,196800
2015-02-10,16.088333129882812,16.274999618530273,15.893333435058594,16.206666946411133,15.360736846923828,145800
2015-02-11,16.23666763305664,16.25666618347168,15.928333282470703,16.02166748046875,15.185392379760742,223800
2015-02-12,16.038333892822266,16.133333206176758,15.963333129882812,16.07666778564453,15.23752212524414,166200
2015-02-13,16.161666870117188,16.261667251586914,16.024999618530273,16.225000381469727,15.378110885620117,148800
2015-02-17,16.226667404174805,16.503332138061523,16.226667404174805,16.491666793823242,15.630858421325684,298200
2015-02-18,16.48666763305664,16.94333267211914,16.446666717529297,16.858333587646484,15.978387832641602,562800
2015-02-19,17.70166778564453,17.70166778564453,16.898332595825195,17.270000457763672,16.36856460571289,338400
2015-02-20,17.31333351135254,17.333332061767578,17.170000076293945,17.333332061767578,16.428590774536133,611400
2015-02-23,17.233333587646484,17.36166763305664,17.18166732788086,17.338333129882812,16.433330535888672,559200
2015-02-24,17.354999542236328,17.433332443237305,17.246667861938477,17.331666946411133,16.427017211914062,229200
2015-02-25,17.261667251586914,17.628332138061523,17.2549991607666,17.571666717529297,16.654483795166016,315600
2015-02-26,17.60333251953125,18.041667938232422,17.02666664123535,17.898332595825195,16.964101791381836,436200
2015-02-27,17.815000534057617,18.43833351135254,17.363332748413086,18.30666732788086,17.35112190246582,601800
2015-03-02,18.166667938232422,18.514999389648438,18.0049991607666,18.51333236694336,17.546998977661133,553200
2015-03-03,18.475000381469727,18.475000381469727,18.2549991607666,18.333332061767578,17.37639617919922,606600
2015-03-04,18.139999389648438,18.671667098999023,18.1200008392334,18.53499984741211,17.567537307739258,445200
2015-03-05,18.558332443237305,18.606666564941406,18.333332061767578,18.3799991607666,17.42062759399414,299400
2015-03-06,18.280000686645508,18.479999542236328,18.170000076293945,18.364999771118164,17.406410217285156,346200
2015-03-09,18.34166717529297,18.71666717529297,18.34166717529297,18.43833351135254,17.47591781616211,243600
2015-03-10,18.32666778564453,18.433332443237305,18.03333282470703,18.20166778564453,17.251602172851562,501600
2015-03-11,18.270000457763672,18.398332595825195,18.06833267211914,18.333332061767578,17.37639617919922,612000
2015-03-12,18.463333129882812,18.709999084472656,18.385000228881836,18.63833236694336,17.66547393798828,393600
2015-03-13,18.674999237060547,18.844999313354492,18.2450008392334,18.7450008392334,17.766576766967773,414600
2015-03-16,18.873332977294922,18.873332977294922,18.39666748046875,18.623332977294922,17.65125846862793,351600
2015-03-17,18.690000534057617,18.704999923706055,18.498332977294922,18.575000762939453,17.605449676513672,359400
2015-03-18,18.531667709350586,18.536666870117188,18.211666107177734,18.536666870117188,17.56911849975586,432600
2015-03-19,18.54833221435547,18.59833335876465,18.38833236694336,18.55666732788086,17.58807373046875,296400
2015-03-20,18.641666412353516,18.795000076293945,18.454999923706055,18.75,17.77131462097168,498000
2015-03-23,18.666667938232422,18.998332977294922,18.65833282470703,18.833332061767578,17.850299835205078,325800
2015-03-24,18.791667938232422,19.15999984741211,18.71500015258789,19.018333435058594,18.0256404876709,210600
2015-03-25,19.0,19.0,18.774999618530273,18.82666778564453,17.843982696533203,376200
2015-03-26,18.833332061767578,19.040000915527344,18.69333267211914,18.906667709350586,17.919803619384766,289800
2015-03-27,18.976667404174805,19.0,18.84166717529297,18.911666870117188,17.924545288085938,762600
2015-03-30,18.940000534057617,19.166667938232422,18.873332977294922,19.02166748046875,18.0288028717041,264000
2015-03-31,19.02166748046875,19.211666107177734,18.961666107177734,19.161666870117188,18.161495208740234,352800
2015-04-01,19.058332443237305,19.323333740234375,19.0049991607666,19.156667709350586,18.156753540039062,1015200
2015-04-02,19.246667861938477,19.524999618530273,19.208332061767578,19.428333282470703,18.414241790771484,523200
2015-04-06,19.28333282470703,19.456666946411133,19.183332443237305,19.270000457763672,18.26417350769043,359400
2015-04-07,19.225000381469727,19.36833381652832,18.863332748413086,18.920000076293945,17.932443618774414,601200
2015-04-08,18.92333221435547,19.168333053588867,18.858333587646484,19.116666793823242,18.11884117126465,473400
2015-04-09,19.06833267211914,19.27166748046875,18.97333335876465,19.15833282470703,18.158336639404297,333600
2015-04-10,19.273332595825195,19.405000686645508,19.15999984741211,19.303333282470703,18.29576873779297,263400
2015-04-13,19.258333206176758,19.383333206176758,19.059999465942383,19.123332977294922,18.125164031982422,245400
2015-04-14,19.104999542236328,19.13166618347168,18.84166717529297,19.03333282470703,18.03985595703125,289800
2015-04-15,19.06833267211914,19.246667861938477,18.988332748413086,19.093332290649414,18.096729278564453,297000
2015-04-16,19.066667556762695,19.11166763305664,18.921667098999023,18.981666564941406,17.990890502929688,152400
2015-04-17,18.854999542236328,18.915000915527344,18.655000686645508,18.850000381469727,17.8660945892334,309000
2015-04-20,18.961666107177734,19.191667556762695,18.731666564941406,19.148332595825195,18.14885902404785,319200
2015-04-21,19.2549991607666,19.34000015258789,19.053333282470703,19.258333206176758,18.253114700317383,195600
2015-04-22,19.25,19.25,19.03333282470703,19.141666412353516,18.142534255981445,155400
2015-04-23,19.065000534057617,19.141666412353516,18.89666748046875,19.02666664123535,18.033540725708008,384000
2015-04-24,18.93166732788086,19.06999969482422,18.93166732788086,19.00666618347168,18.014585494995117,508800
2015-04-27,18.979999542236328,19.101667404174805,18.711666107177734,18.93833351135254,17.949817657470703,816000
2015-04-28,19.156667709350586,20.961666107177734,19.011667251586914,19.961666107177734,18.91973304748535,1621200
2015-04-29,19.78499984741211,20.06333351135254,19.649999618530273,19.649999618530273,18.624338150024414,464400
2015-04-30,19.551666259765625,19.998332977294922,19.49333381652832,19.86166763305664,18.82495880126953,564000
2015-05-01,19.97333335876465,20.239999771118164,19.613332748413086,20.018333435058594,18.97344398498535,371400
2015-05-04,20.088333129882812,20.483333587646484,20.083332061767578,20.266666412353516,19.20881462097168,359400
2015-05-05,20.165000915527344,20.315000534057617,20.0049991607666,20.059999465942383,19.012939453125,369600
2015-05-06,20.171667098999023,20.176666259765625,19.8700008392334,19.983333587646484,18.94027328491211,267000
2015-05-07,20.024999618530273,20.420000076293945,19.928333282470703,20.260000228881836,19.202497482299805,353400
2015-05-08,20.405000686645508,20.5049991607666,19.97833251953125,20.34666633605957,19.28464126586914,368400
2015-05-11,20.238332748413086,20.420000076293945,20.178333282470703,20.323333740234375,19.26252555847168,295200
2015-05-12,20.295000076293945,20.40999984741211,20.06333351135254,20.281667709350586,19.22303581237793,173400
2015-05-13,20.274999618530273,20.333332061767578,19.920000076293945,20.2450008392334,19.18828010559082,478800
2015-05-14,20.231666564941406,20.53499984741211,20.191667556762695,20.34833335876465,19.286218643188477,385800
2015-05-15,20.371667861938477,20.51333236694336,20.190000534057617,20.209999084472656,19.155107498168945,239400
2015-05-18,20.110000610351562,20.546667098999023,20.110000610351562,20.378332138061523,19.314655303955078,234600
2015-05-19,20.47166633605957,20.639999389648438,20.31166648864746,20.56333351135254,19.4899959564209,174000
2015-05-20,20.53333282470703,20.610000610351562,20.420000076293945,20.51333236694336,19.442607879638672,172200
2015-05-21,20.586666107177734,20.791667938232422,20.4950008392334,20.649999618530273,19.5721378326416,268800
2015-05-22,20.666667938232422,20.739999771118164,20.453332901000977,20.516666412353516,19.44576644897461,343200
2015-05-26,20.531667709350586,20.531667709350586,20.121667861938477,20.386667251586914,19.322551727294922,280800
2015-05-27,20.483333587646484,20.906667709350586,20.333332061767578,20.851667404174805,19.76328468322754,235800
2015-05-28,20.648332595825195,21.02833366394043,20.648332595825195,20.871667861938477,19.78223991394043,317400
2015-05-29,20.93166732788086,20.93833351135254,20.56999969482422,20.780000686645508,19.695356369018555,505200
2015-06-01,20.891666412353516,20.98666763305664,20.579999923706055,20.825000762939453,19.738008499145508,426600
2015-06-02,20.780000686645508,20.916667938232422,20.649999618530273,20.733333587646484,19.651124954223633,318000
2015-06-03,20.84666633605957,21.501667022705078,20.649999618530273,21.433332443237305,20.314584732055664,513600
2015-06-04,21.303333282470703,21.416667938232422,20.886667251586914,20.950000762939453,19.85648536682129,196200
2015-06-05,20.985000610351562,21.143333435058594,20.864999771118164,21.049999237060547,19.951263427734375,159600
2015-06-08,20.953332901000977,21.038333892822266,20.713333129882812,20.774999618530273,19.69061279296875,115200
2015-06-09,20.863332748413086,20.863332748413086,20.418333053588867,20.64666748046875,19.56898307800293,482400
2015-06-10,20.746667861938477,21.073333740234375,20.626667022705078,20.831666946411133,19.744325637817383,507000
2015-06-11,20.718332290649414,21.168333053588867,20.718332290649414,21.023332595825195,19.92598533630371,420000
2015-06-12,20.959999084472656,21.21666717529297,20.866666793823242,21.116666793823242,20.014448165893555,190800
2015-06-15,21.045000076293945,21.045000076293945,20.68166732788086,20.850000381469727,19.761701583862305,332400
2015-06-16,20.858333587646484,21.190000534057617,20.838333129882812,20.968332290649414,19.873855590820312,291600
2015-06-17,20.915000915527344,21.09833335876465,20.84000015258789,20.90333366394043,19.8122501373291,180600
2015-06-18,21.018333435058594,21.49333381652832,20.941667556762695,21.309999465942383,20.197689056396484,367800
2015-06-19,21.395000457763672,21.395000457763672,20.934999465942383,21.059999465942383,19.96074104309082,511800
2015-06-22,21.139999389648438,21.15999984741211,20.80500030517578,20.911666870117188,19.82015037536621,220200
2015-06-23,21.010000228881836,21.02166748046875,20.608333587646484,20.979999542236328,19.884916305541992,243600
2015-06-24,20.856666564941406,20.96500015258789,20.6200008392334,20.65333366394043,19.575300216674805,218400
2015-06-25,20.65333366394043,20.92333221435547,20.514999389648438,20.791667938232422,19.70641326904297,212400
2015-06-26,20.883333206176758,21.161666870117188,20.860000610351562,21.106666564941406,20.004972457885742,1170600
2015-06-29,20.940000534057617,21.09833335876465,20.48666763305664,20.538333892822266,19.4663028717041,262800
2015-06-30,20.648332595825195,21.110000610351562,20.586666107177734,20.84166717529297,19.75380516052246,262800
2015-07-01,20.981666564941406,21.211666107177734,20.833332061767578,21.075000762939453,19.974958419799805,265200
2015-07-02,21.018333435058594,21.13166618347168,20.691667556762695,20.80500030517578,19.719051361083984,228600
2015-07-06,20.616666793823242,21.123332977294922,20.459999084472656,21.09166717529297,19.990753173828125,182400
2015-07-07,21.093332290649414,21.161666870117188,20.774999618530273,21.088333129882812,19.987594604492188,337200
2015-07-08,20.898332595825195,21.184999465942383,20.468332290649414,20.613332748413086,19.53738784790039,357000
2015-07-09,20.746667861938477,21.00666618347168,20.663333892822266,20.836666107177734,19.749065399169922,222600
2015-07-10,20.963333129882812,21.333332061767578,20.959999084472656,21.288333892822266,20.177152633666992,195000
2015-07-13,21.333332061767578,21.748332977294922,21.31999969482422,21.65833282470703,20.527843475341797,283200
2015-07-14,21.566667556762695,21.833332061767578,21.360000610351562,21.663333892822266,20.532581329345703,352800
2015-07-15,21.628332138061523,21.94333267211914,21.51333236694336,21.786666870117188,20.649478912353516,250800
2015-07-16,21.953332901000977,22.110000610351562,21.72166633605957,21.748332977294922,20.61314582824707,405000
2015-07-17,21.761667251586914,21.885000228881836,21.358333587646484,21.553333282470703,20.428327560424805,233400
2015-07-20,21.52166748046875,21.683332443237305,21.40833282470703,21.524999618530273,20.401470184326172,372000
2015-07-21,21.4950008392334,21.711666107177734,21.385000228881836,21.46500015258789,20.344600677490234,237000
2015-07-22,21.48666763305664,21.61166763305664,21.291667938232422,21.448333740234375,20.32880401611328,197400
2015-07-23,21.450000762939453,21.683332443237305,20.928333282470703,21.059999465942383,19.96074104309082,220200
2015-07-24,21.086666107177734,21.18000030517578,20.703332901000977,20.913333892822266,19.821731567382812,322800
2015-07-27,20.74333381652832,20.833332061767578,20.40999984741211,20.600000381469727,19.524749755859375,327000
2015-07-28,20.645000457763672,20.8799991607666,20.440000534057617,20.81833267211914,19.731687545776367,297000
2015-07-29,20.761667251586914,20.97333335876465,20.616666793823242,20.843332290649414,19.755380630493164,274200
2015-07-30,20.821666717529297,22.440000534057617,19.72166633605957,22.0,20.851673126220703,1355400
2015-07-31,22.116666793823242,22.583332061767578,21.851667404174805,22.510000228881836,21.33505630493164,447000
2015-08-03,22.510000228881836,23.333332061767578,22.399999618530273,23.253332138061523,22.039588928222656,666000
2015-08-04,23.321666717529297,23.703332901000977,23.219999313354492,23.321666717529297,22.10435676574707,617400
2015-08-05,23.371667861938477,23.886667251586914,23.286666870117188,23.491666793823242,22.26548194885254,538200
2015-08-06,23.566667556762695,23.566667556762695,23.166667938232422,23.290000915527344,22.074344635009766,384000
2015-08-07,23.135000228881836,23.333332061767578,23.108333587646484,23.253332138061523,22.039588928222656,337800
2015-08-10,23.29833221435547,23.601667404174805,22.95166778564453,23.014999389648438,21.81369972229004,498000
2015-08-11,22.871667861938477,22.979999542236328,22.799999237060547,22.916667938232422,21.720497131347656,375600
2015-08-12,22.71666717529297,22.788333892822266,22.328332901000977,22.64666748046875,21.464588165283203,379200
2015-08-13,22.531667709350586,22.850000381469727,22.518333435058594,22.59833335876465,21.418779373168945,331200
2015-08-14,22.54833221435547,22.718332290649414,22.299999237060547,22.635000228881836,21.45353126525879,259200
2015-08-17,22.583332061767578,22.981666564941406,22.5,22.97333335876465,21.774208068847656,634800
2015-08-18,23.066667556762695,23.25666618347168,22.983333587646484,23.093332290649414,21.887939453125,521400
2015-08-19,22.959999084472656,23.126667022705078,22.616666793823242,22.78499984741211,21.595701217651367,286200
2015-08-20,22.60333251953125,22.729999542236328,22.166667938232422,22.270000457763672,21.107585906982422,564000
2015-08-21,21.913333892822266,22.578332901000977,21.836666107177734,22.395000457763672,21.226058959960938,540600
2015-08-24,21.395000457763672,22.31999969482422,20.933332443237305,21.703332901000977,20.570493698120117,611400
2015-08-25,22.323333740234375,22.323333740234375,21.65833282470703,21.690000534057617,20.5578556060791,447000
2015-08-26,22.190000534057617,22.338333129882812,21.63166618347168,22.2549991607666,21.093364715576172,413400
2015-08-27,22.331666946411133,22.628332138061523,22.038333892822266,22.295000076293945,21.13127899169922,357000
2015-08-28,22.149999618530273,22.383333206176758,22.020000457763672,22.25,21.088624954223633,897000
2015-08-31,22.299999237060547,22.39666748046875,21.825000762939453,22.145000457763672,20.989107131958008,579600
2015-09-01,21.85333251953125,22.233333587646484,21.815000534057617,21.84166717529297,20.701610565185547,1125000
2015-09-02,22.083332061767578,22.56833267211914,21.899999618530273,22.161666870117188,21.004905700683594,582000
2015-09-03,22.264999389648438,22.266666412353516,21.958332061767578,22.106666564941406,20.952775955200195,920400
2015-09-04,21.885000228881836,22.376667022705078,21.885000228881836,22.260000228881836,21.098108291625977,431400
2015-09-08,22.746667861938477,23.081666946411133,22.27666664123535,23.036666870117188,21.834232330322266,510000
2015-09-09,23.20166778564453,23.20166778564453,22.703332901000977,22.844999313354492,21.652568817138672,372600
2015-09-10,22.79833221435547,23.083332061767578,22.79833221435547,22.875,21.681005477905273,300600
2015-09-11,22.71500015258789,23.21666717529297,22.71500015258789,23.133333206176758,21.925853729248047,186000
2015-09-14,23.299999237060547,23.299999237060547,23.00666618347168,23.018333435058594,21.816852569580078,349200
2015-09-15,23.161666870117188,23.270000457763672,22.924999237060547,23.05500030517578,21.85161018371582,292200
2015-09-16,23.010000228881836,23.1200008392334,22.959999084472656,23.083332061767578,21.878461837768555,226800
2015-09-17,23.016666412353516,23.31333351135254,22.933332443237305,23.168333053588867,21.959026336669922,489000
2015-09-18,22.89666748046875,23.011667251586914,22.540000915527344,22.59666633605957,21.417200088500977,496800
2015-09-21,22.758333206176758,23.128332138061523,22.671667098999023,22.983333587646484,21.7836856842041,374400
2015-09-22,22.733333587646484,22.82666778564453,22.594999313354492,22.621667861938477,21.440893173217773,207600
2015-09-23,22.788333892822266,22.788333892822266,22.461666107177734,22.503332138061523,21.328737258911133,303000
2015-09-24,22.38166618347168,22.78333282470703,22.356666564941406,22.731666564941406,21.545148849487305,214800
2015-09-25,22.85333251953125,22.94333267211914,22.309999465942383,22.351667404174805,21.18499183654785,319800
2015-09-28,22.291667938232422,22.303333282470703,21.93833351135254,21.979999542236328,20.832719802856445,222600
2015-09-29,22.06166648864746,22.06166648864746,21.68166732788086,21.781667709350586,20.644742965698242,214200
2015-09-30,22.0049991607666,22.35333251953125,21.916667938232422,22.301666259765625,21.13759422302246,561600
2015-10-01,22.31333351135254,22.456666946411133,22.05666732788086,22.40333366394043,21.233959197998047,477000
2015-10-02,22.280000686645508,22.758333206176758,21.790000915527344,22.72833251953125,21.5419921875,478800
2015-10-05,22.829999923706055,23.309999465942383,22.829999923706055,23.145000457763672,21.93691062927246,342600
2015-10-06,23.0,23.09166717529297,22.674999237060547,22.844999313354492,21.652568817138672,329400
2015-10-07,22.933332443237305,23.14666748046875,22.781667709350586,23.14666748046875,21.938491821289062,445200
2015-10-08,23.04833221435547,23.253332138061523,22.803333282470703,23.126667022705078,21.91953468322754,410400
2015-10-09,23.246667861938477,23.5,23.246667861938477,23.321666717529297,22.10435676574707,324000
2015-10-12,23.333332061767578,23.375,23.21666717529297,23.333332061767578,22.11541175842285,307200
2015-10-13,23.206666946411133,23.399999618530273,23.059999465942383,23.100000381469727,21.89426040649414,252600
2015-10-14,23.226667404174805,23.301666259765625,22.886667251586914,22.88833236694336,21.69363784790039,304800
2015-10-15,22.985000610351562,23.229999542236328,22.761667251586914,23.19333267211914,21.98272132873535,294000
2015-10-16,23.233333587646484,23.301666259765625,23.114999771118164,23.251667022705078,22.038007736206055,378600
2015-10-19,23.139999389648438,23.503332138061523,23.100000381469727,23.27166748046875,22.05696678161621,230400
2015-10-20,23.280000686645508,23.375,23.17333221435547,23.34833335876465,22.12963104248047,123600
2015-10-21,23.364999771118164,23.366666793823242,22.989999771118164,23.083332061767578,21.878461837768555,230400
2015-10-22,23.183332443237305,23.665000915527344,23.174999237060547,23.5,22.27338218688965,502200
2015-10-23,23.641666412353516,24.079999923706055,23.508333206176758,24.03333282470703,22.778879165649414,459600
2015-10-26,24.066667556762695,24.126667022705078,23.913333892822266,23.94499969482422,22.695154190063477,402600
2015-10-27,23.916667938232422,23.916667938232422,23.22333335876465,23.328332901000977,22.110671997070312,399000
2015-10-28,23.398332595825195,23.70166778564453,23.238332748413086,23.6200008392334,22.38711929321289,738600
2015-10-29,25.4950008392334,25.496667861938477,24.113332748413086,24.329999923706055,23.060056686401367,898800
2015-10-30,24.385000228881836,24.496667861938477,23.898332595825195,24.47166633605957,23.1943302154541,700800
2015-11-02,24.424999237060547,24.84166717529297,24.393333435058594,24.760000228881836,23.46761131286621,417000
2015-11-03,24.661666870117188,24.75,24.398332595825195,24.489999771118164,23.211706161499023,431400
2015-11-04,24.536666870117188,24.67333221435547,24.35333251953125,24.55666732788086,23.27489471435547,372600
2015-11-05,24.600000381469727,24.7450008392334,24.43000030517578,24.645000457763672,23.358617782592773,282000
2015-11-06,24.565000534057617,25.229999542236328,24.418333053588867,25.229999542236328,23.9130802154541,526800
2015-11-09,25.281667709350586,25.333332061767578,24.74333381652832,24.928333282470703,23.627161026000977,385800
2015-11-10,25.13833236694336,25.288333892822266,24.72333335876465,24.93000030517578,23.62874412536621,508800
2015-11-11,25.023332595825195,25.178333282470703,24.601667404174805,24.626667022705078,23.34123992919922,262200
2015-11-12,24.491666793823242,24.81999969482422,24.456666946411133,24.524999618530273,23.24488067626953,205200
2015-11-13,24.441667556762695,24.866666793823242,24.268333435058594,24.328332901000977,23.058481216430664,391200
2015-11-16,24.260000228881836,24.5,24.196666717529297,24.446666717529297,23.170637130737305,667200
2015-11-17,24.489999771118164,24.594999313354492,24.079999923706055,24.168333053588867,22.906829833984375,313200
2015-11-18,24.176666259765625,24.44499969482422,24.0049991607666,24.23666763305664,22.97159767150879,267600
2015-11-19,24.35333251953125,24.35333251953125,23.92333221435547,24.06333351135254,22.80731201171875,207600
2015-11-20,24.295000076293945,24.70166778564453,24.225000381469727,24.301666259765625,23.033201217651367,362400
2015-11-23,24.22166633605957,24.610000610351562,24.22166633605957,24.426666259765625,23.15167808532715,267600
2015-11-24,24.433332443237305,24.53499984741211,24.121667861938477,24.475000381469727,23.197492599487305,166800
2015-11-25,24.514999389648438,24.739999771118164,24.295000076293945,24.46500015258789,23.18800926208496,307200
2015-11-27,24.530000686645508,24.600000381469727,24.420000076293945,24.448333740234375,23.17221450805664,122400
2015-11-30,24.571666717529297,24.808332443237305,24.333332061767578,24.491666793823242,23.213287353515625,303000
2015-12-01,24.546667098999023,24.665000915527344,24.241666793823242,24.581666946411133,23.29859161376953,578400
2015-12-02,24.371667861938477,24.604999542236328,24.18166732788086,24.264999389648438,23.179183959960938,585000
2015-12-03,24.23666763305664,24.60333251953125,23.96666717529297,24.06999969482422,22.99290657043457,561000
2015-12-04,24.011667251586914,24.299999237060547,23.941667556762695,24.11166763305664,23.0327091217041,324000
2015-12-07,24.145000457763672,24.530000686645508,23.850000381469727,23.916667938232422,22.846435546875,369600
2015-12-08,23.7450008392334,23.988332748413086,23.479999542236328,23.579999923706055,22.52483558654785,384600
2015-12-09,23.558332443237305,23.863332748413086,23.22166633605957,23.290000915527344,22.247814178466797,395400
2015-12-10,23.290000915527344,23.424999237060547,23.040000915527344,23.251667022705078,22.21119499206543,426000
2015-12-11,22.98666763305664,23.141666412353516,22.59166717529297,22.713333129882812,21.69695281982422,823800
2015-12-14,22.71666717529297,22.956666946411133,22.463333129882812,22.621667861938477,21.609384536743164,448200
2015-12-15,22.741666793823242,23.065000534057617,22.446666717529297,22.674999237060547,21.660329818725586,286200
2015-12-16,22.72333335876465,23.373332977294922,22.593332290649414,23.238332748413086,22.198457717895508,651600
2015-12-17,23.32666778564453,23.5,23.020000457763672,23.211666107177734,22.172985076904297,508200
2015-12-18,23.079999923706055,23.09833335876465,22.198333740234375,22.479999542236328,21.474058151245117,2166600
2015-12-21,22.621667861938477,22.94499969482422,22.553333282470703,22.899999618530273,21.875263214111328,457800
2015-12-22,22.918333053588867,23.286666870117188,22.52666664123535,23.274999618530273,22.233484268188477,601200
2015-12-23,23.366666793823242,23.663333892822266,23.161666870117188,23.50666618347168,22.454782485961914,436800
2015-12-24,23.47333335876465,23.656667709350586,23.461666107177734,23.50666618347168,22.454782485961914,128400
2015-12-28,23.476667404174805,23.74333381652832,23.2549991607666,23.56166648864746,22.507322311401367,216000
2015-12-29,23.648332595825195,23.863332748413086,23.376667022705078,23.668333053588867,22.609214782714844,325200
2015-12-30,23.700000762939453,23.915000915527344,23.503332138061523,23.844999313354492,22.777978897094727,306000
2015-12-31,23.69333267211914,23.98666763305664,23.551666259765625,23.581666946411133,22.52642822265625,358800
2016-01-04,23.29833221435547,23.29833221435547,22.571666717529297,22.67333221435547,21.658740997314453,519000
2016-01-05,22.781667709350586,23.165000915527344,22.663333892822266,23.125,22.090198516845703,423600
2016-01-06,22.851667404174805,23.643333435058594,22.851667404174805,23.511667251586914,22.45956039428711,1054200
2016-01-07,23.101667404174805,23.540000915527344,22.99333381652832,23.110000610351562,22.07586669921875,685800
2016-01-08,23.09000015258789,23.531667709350586,22.53499984741211,23.101667404174805,22.06790542602539,512400
2016-01-11,23.09166717529297,23.378332138061523,23.075000762939453,23.266666412353516,22.22552490234375,428400
2016-01-12,23.36833381652832,23.50666618347168,23.036666870117188,23.293333053588867,22.25099754333496,478200
2016-01-13,23.34166717529297,23.496667861938477,22.666667938232422,22.768333435058594,21.749486923217773,901200
2016-01-14,22.81833267211914,23.581666946411133,22.63833236694336,23.458332061767578,22.408611297607422,517800
2016-01-15,22.875,23.421667098999023,22.636667251586914,23.114999771118164,22.080644607543945,779400
2016-01-19,23.34166717529297,23.448333740234375,22.975000381469727,23.325000762939453,22.281246185302734,562800
2016-01-20,23.024999618530273,23.04833221435547,21.898332595825195,22.453332901000977,21.448585510253906,664800
2016-01-21,22.579999923706055,22.584999084472656,21.961666107177734,22.049999237060547,21.06329917907715,616200
2016-01-22,22.329999923706055,23.31333351135254,22.246667861938477,22.546667098999023,21.53774070739746,540600
2016-01-25,22.38833236694336,22.566667556762695,22.06833267211914,22.22833251953125,21.23365592956543,408600
2016-01-26,22.296667098999023,22.735000610351562,22.235000610351562,22.69499969482422,21.6794376373291,393000
2016-01-27,22.571666717529297,23.003332138061523,22.26333236694336,22.334999084472656,21.335548400878906,398400
2016-01-28,22.613332748413086,22.90166664123535,22.200000762939453,22.29833221435547,21.300519943237305,405600
2016-01-29,22.31166648864746,23.06999969482422,22.20166778564453,23.023332595825195,21.99307632446289,436800
2016-02-01,22.906667709350586,23.378332138061523,22.69499969482422,23.135000228881836,22.099746704101562,262800
2016-02-02,22.996667861938477,23.366666793823242,22.31166648864746,22.483333587646484,21.477243423461914,375000
2016-02-03,22.593332290649414,22.593332290649414,21.731666564941406,22.059999465942383,21.072853088378906,312600
2016-02-04,22.03333282470703,22.18000030517578,21.834999084472656,21.93833351135254,20.956628799438477,453000
2016-02-05,21.84833335876465,21.866666793823242,20.90833282470703,21.083332061767578,20.139890670776367,556200
2016-02-08,20.96666717529297,21.165000915527344,20.260000228881836,20.956666946411133,20.01889419555664,530400
2016-02-09,20.71666717529297,21.331666946411133,20.351667404174805,20.989999771118164,20.05073356628418,562800
2016-02-10,21.10333251953125,21.86166763305664,20.834999084472656,21.139999389648438,20.194019317626953,456600
2016-02-11,20.790000915527344,20.989999771118164,20.454999923706055,20.833332061767578,19.90107536315918,193800
2016-02-12,21.081666946411133,22.316667556762695,21.081666946411133,21.911666870117188,20.93115997314453,671400
2016-02-16,22.35333251953125,22.483333587646484,21.920000076293945,22.113332748413086,21.123796463012695,427800
2016-02-17,22.30500030517578,22.645000457763672,21.97333335876465,22.003332138061523,21.018718719482422,508200
2016-02-18,21.958332061767578,22.231666564941406,21.729999542236328,21.96500015258789,20.982105255126953,252000
2016-02-19,21.8799991607666,22.48666763305664,21.8799991607666,22.40166664123535,21.399232864379883,409800
2016-02-22,22.53499984741211,22.866666793823242,22.364999771118164,22.440000534057617,21.435848236083984,359400
2016-02-23,22.32666778564453,22.64666748046875,21.833332061767578,21.860000610351562,20.88180160522461,390600
2016-02-24,21.55500030517578,22.149999618530273,21.06999969482422,21.799999237060547,20.824491500854492,542400
2016-02-25,23.375,23.375,22.21500015258789,22.833332061767578,21.81157684326172,741000
2016-02-26,22.916667938232422,23.288333892822266,22.418333053588867,22.758333206176758,21.73993682861328,490800
2016-02-29,22.911666870117188,22.911666870117188,22.46666717529297,22.60333251953125,21.59187126159668,654600
2016-03-01,22.731666564941406,23.0,22.666667938232422,22.833332061767578,21.81157684326172,621000
2016-03-02,22.766666412353516,22.99333381652832,22.63833236694336,22.906667709350586,21.881635665893555,465600
2016-03-03,22.698333740234375,23.148332595825195,22.656667709350586,23.06333351135254,22.03129005432129,445200
2016-03-04,23.145000457763672,23.145000457763672,22.623332977294922,22.860000610351562,21.837055206298828,414000
2016-03-07,22.916667938232422,23.0,22.665000915527344,22.88166618347168,21.85774803161621,597600
2016-03-08,22.84000015258789,23.333332061767578,22.766666412353516,22.963333129882812,21.935762405395508,558000
2016-03-09,23.1299991607666,23.551666259765625,22.950000762939453,23.4950008392334,22.443639755249023,493200
2016-03-10,23.559999465942383,23.691667556762695,23.168333053588867,23.43666648864746,22.387916564941406,407400
2016-03-11,23.545000076293945,24.0,23.336666107177734,23.991666793823242,22.918079376220703,567600
2016-03-14,23.885000228881836,24.014999389648438,23.531667709350586,23.60333251953125,22.5471248626709,454800
2016-03-15,23.5,23.828332901000977,23.208332061767578,23.209999084472656,22.1713924407959,468600
2016-03-16,23.093332290649414,23.663333892822266,23.093332290649414,23.566667556762695,22.512100219726562,310200
2016-03-17,23.48666763305664,23.90333366394043,23.114999771118164,23.809999465942383,22.74454116821289,381000
2016-03-18,23.96500015258789,24.166667938232422,23.698333740234375,24.165000915527344,23.08365821838379,852600
2016-03-21,24.06333351135254,24.086666107177734,23.648332595825195,23.84666633605957,22.779569625854492,403200
2016-03-22,23.668333053588867,24.125,23.606666564941406,24.011667251586914,22.93718719482422,429000
2016-03-23,23.885000228881836,23.956666946411133,23.68666648864746,23.71666717529297,22.65538787841797,482400
2016-03-24,23.636667251586914,23.895000457763672,23.44499969482422,23.895000457763672,22.825740814208984,375000
2016-03-28,23.81833267211914,24.15333366394043,23.81833267211914,24.09666633605957,23.01837921142578,334200
2016-03-29,24.09666633605957,24.661666870117188,24.09666633605957,24.594999313354492,23.494417190551758,673800
2016-03-30,24.626667022705078,24.671667098999023,24.424999237060547,24.571666717529297,23.472126007080078,504600
2016-03-31,24.5,24.696666717529297,24.351667404174805,24.64666748046875,23.543771743774414,540600
2016-04-01,24.48666763305664,24.84166717529297,24.06333351135254,24.670000076293945,23.566064834594727,436800
2016-04-04,24.678333282470703,24.72333335876465,24.261667251586914,24.6200008392334,23.518299102783203,412200
2016-04-05,24.3799991607666,24.671667098999023,24.225000381469727,24.24333381652832,23.158485412597656,372000
2016-04-06,24.261667251586914,24.52833366394043,24.190000534057617,24.514999389648438,23.41799545288086,460800
2016-04-07,24.415000915527344,24.59833335876465,23.573333740234375,24.248332977294922,23.163259506225586,436200
2016-04-08,24.40999984741211,24.600000381469727,24.113332748413086,24.30666732788086,23.2189884185791,190200
2016-04-11,24.389999389648438,24.39666748046875,23.940000534057617,24.045000076293945,22.969024658203125,309000
2016-04-12,24.116666793823242,24.43666648864746,24.014999389648438,24.416667938232422,23.32406234741211,439800
2016-04-13,24.483333587646484,24.739999771118164,24.375,24.649999618530273,23.546953201293945,376800
2016-04-14,24.586666107177734,24.64666748046875,24.405000686645508,24.456666946411133,23.362274169921875,193200
2016-04-15,24.316667556762695,24.661666870117188,24.296667098999023,24.5,23.403669357299805,331200
2016-04-18,24.489999771118164,24.543333053588867,24.309999465942383,24.42333221435547,23.33043098449707,308400
2016-04-19,24.386667251586914,24.643333435058594,24.364999771118164,24.488332748413086,23.39252281188965,364800
2016-04-20,24.448333740234375,24.4950008392334,24.315000534057617,24.315000534057617,23.226947784423828,162000
2016-04-21,24.371667861938477,24.371667861938477,24.02666664123535,24.190000534057617,23.107540130615234,343800
2016-04-22,24.141666412353516,24.270000457763672,23.85333251953125,24.088333129882812,23.010421752929688,326400
2016-04-25,24.020000457763672,24.321666717529297,23.90333366394043,24.168333053588867,23.08684539794922,250800
2016-04-26,24.148332595825195,24.3700008392334,24.11166763305664,24.334999084472656,23.246049880981445,299400
2016-04-27,24.280000686645508,24.5,23.60333251953125,24.024999618530273,22.949920654296875,373800
2016-04-28,24.333332061767578,24.333332061767578,23.71666717529297,23.735000610351562,22.67289924621582,370800
2016-04-29,23.333332061767578,23.489999771118164,22.27833366394043,22.363332748413086,21.362611770629883,1287000
2016-05-02,22.329999923706055,22.40166664123535,21.94333267211914,21.956666946411133,20.974140167236328,891000
2016-05-03,21.75,21.808332443237305,21.27166748046875,21.411666870117188,20.453529357910156,623400
2016-05-04,21.63166618347168,21.719999313354492,21.196666717529297,21.213333129882812,20.264074325561523,409200
2016-05-05,21.301666259765625,21.383333206176758,21.02833366394043,21.238332748413086,20.28795051574707,456000
2016-05-06,21.290000915527344,21.606666564941406,21.235000610351562,21.53499984741211,20.571346282958984,596400
2016-05-09,21.666667938232422,22.125,21.614999771118164,22.083332061767578,21.095142364501953,990600
2016-05-10,22.09000015258789,22.4950008392334,21.968332290649414,22.20166778564453,21.208175659179688,714600
2016-05-11,22.148332595825195,22.148332595825195,21.918333053588867,22.046667098999023,21.060117721557617,653400
2016-05-12,22.101667404174805,22.328332901000977,21.975000381469727,22.184999465942383,21.192258834838867,784800
2016-05-13,22.170000076293945,22.264999389648438,21.886667251586914,22.13833236694336,21.147680282592773,580800
2016-05-16,22.156667709350586,22.27833366394043,21.708332061767578,21.7450008392334,20.771949768066406,568800
2016-05-17,21.668333053588867,21.928333282470703,21.065000534057617,21.25,20.299100875854492,784800
2016-05-18,21.183332443237305,21.54833221435547,20.34166717529297,21.316667556762695,20.362783432006836,269400
2016-05-19,21.166667938232422,21.6299991607666,20.834999084472656,20.850000381469727,19.9169979095459,856200
2016-05-20,20.86833381652832,21.100000381469727,20.781667709350586,20.833332061767578,19.90107536315918,664200
2016-05-23,20.79833221435547,20.96666717529297,20.68666648864746,20.838333129882812,19.905853271484375,646200
2016-05-24,21.02166748046875,21.229999542236328,20.96666717529297,21.02833366394043,20.087350845336914,1062600
2016-05-25,21.081666946411133,21.083332061767578,20.74333381652832,20.863332748413086,19.929731369018555,960600
2016-05-26,20.816667556762695,21.27666664123535,20.7549991607666,21.251667022705078,20.30069351196289,613800
2016-05-27,21.293333053588867,21.459999084472656,21.084999084472656,21.343332290649414,20.388256072998047,691800
2016-05-31,21.393333435058594,21.393333435058594,20.80500030517578,20.918333053588867,19.982275009155273,555000
2016-06-01,20.641666412353516,21.161666870117188,20.63833236694336,20.941667556762695,20.00456428527832,1113000
2016-06-02,20.898332595825195,21.354999542236328,20.683332443237305,21.010000228881836,20.069835662841797,1056000
2016-06-03,21.016666412353516,21.016666412353516,20.676666259765625,20.781667709350586,19.851720809936523,436800
2016-06-06,20.708332061767578,20.906667709350586,20.668333053588867,20.781667709350586,19.851720809936523,316800
2016-06-07,20.781667709350586,20.84166717529297,20.503332138061523,20.65333366394043,19.72913360595703,817800
2016-06-08,20.751667022705078,20.866666793823242,20.511667251586914,20.748332977294922,19.81987953186035,307200
2016-06-09,20.738332748413086,21.081666946411133,20.373332977294922,20.72833251953125,19.8007755279541,306000
2016-06-10,20.643333435058594,20.649999618530273,20.258333206176758,20.453332901000977,19.5380802154541,312000
2016-06-13,20.34166717529297,20.741666793823242,20.11166763305664,20.11833381652832,19.218076705932617,484200
2016-06-14,19.975000381469727,20.114999771118164,19.793333053588867,20.038333892822266,19.141653060913086,325200
2016-06-15,20.123332977294922,20.38166618347168,19.863332748413086,20.079999923706055,19.18145179748535,323400
2016-06-16,20.011667251586914,20.113332748413086,19.793333053588867,20.001667022705078,19.106626510620117,414000
2016-06-17,19.946666717529297,20.018333435058594,19.825000762939453,19.829999923706055,18.942644119262695,606000
2016-06-20,20.0,20.1299991607666,19.959999084472656,20.0,19.10503578186035,481800
2016-06-21,20.014999389648438,20.114999771118164,19.81333351135254,19.891666412353516,19.001548767089844,426600
2016-06-22,21.191667556762695,21.583332061767578,20.886667251586914,21.161666870117188,20.214719772338867,4724400
2016-06-23,21.31999969482422,21.385000228881836,21.135000228881836,21.266666412353516,20.315021514892578,12910200
2016-06-24,20.44499969482422,20.84166717529297,20.34000015258789,20.386667251586914,19.474397659301758,2000400
2016-06-27,20.168333053588867,20.389999389648438,19.93166732788086,20.166667938232422,19.264244079589844,1455600
2016-06-28,20.301666259765625,20.40833282470703,20.073333740234375,20.145000457763672,19.243547439575195,978000
2016-06-29,20.32666778564453,20.803333282470703,20.211666107177734,20.786666870117188,19.85649871826172,1686600
2016-06-30,20.791667938232422,21.133333206176758,20.70166778564453,21.059999465942383,20.117599487304688,1192200
2016-07-01,21.084999084472656,21.2549991607666,20.940000534057617,20.958332061767578,20.020484924316406,472200
2016-07-05,20.933332443237305,20.933332443237305,20.43000030517578,20.43833351135254,19.523752212524414,398400
2016-07-06,20.411666870117188,20.633333206176758,20.291667938232422,20.59000015258789,19.66863250732422,495000
2016-07-07,20.696666717529297,20.959999084472656,20.635000228881836,20.95166778564453,20.014118194580078,1618800
2016-07-08,21.065000534057617,21.61166763305664,21.016666412353516,21.584999084472656,20.61910629272461,819600
2016-07-11,21.665000915527344,22.05666732788086,21.608333587646484,21.856666564941406,20.878620147705078,1629600
2016-07-12,21.975000381469727,22.496667861938477,21.866666793823242,21.891666412353516,20.912050247192383,603600
2016-07-13,21.940000534057617,21.940000534057617,21.65166664123535,21.719999313354492,20.748069763183594,425400
2016-07-14,21.8700008392334,21.96500015258789,21.671667098999023,21.866666793823242,20.88817024230957,592200
2016-07-15,21.916667938232422,21.998332977294922,21.793333053588867,21.93000030517578,20.948673248291016,879000
2016-07-18,21.953332901000977,22.046667098999023,21.768333435058594,21.92333221435547,20.942298889160156,892800
2016-07-19,21.940000534057617,21.940000534057617,21.761667251586914,21.858333587646484,20.88020896911621,273000
2016-07-20,21.899999618530273,21.961666107177734,21.59833335876465,21.604999542236328,20.638212203979492,409200
2016-07-21,21.663333892822266,22.559999465942383,21.43166732788086,21.463333129882812,20.502887725830078,732600
2016-07-22,21.531667709350586,21.90166664123535,21.5,21.828332901000977,20.851552963256836,255600
2016-07-25,21.80500030517578,21.854999542236328,21.56166648864746,21.809999465942383,20.83403778076172,261600
2016-07-26,21.858333587646484,21.933332443237305,21.645000457763672,21.871667861938477,20.892946243286133,337800
2016-07-27,21.883333206176758,21.95166778564453,21.708332061767578,21.918333053588867,20.937524795532227,270000
2016-07-28,21.86166763305664,22.135000228881836,21.77666664123535,22.06333351135254,21.076034545898438,239400
2016-07-29,22.0049991607666,22.0049991607666,21.608333587646484,21.854999542236328,20.877025604248047,1012800
2016-08-01,21.77666664123535,22.165000915527344,21.760000228881836,22.143333435058594,21.1524600982666,414600
2016-08-02,22.06833267211914,22.06833267211914,21.825000762939453,21.82666778564453,20.84996223449707,432600
2016-08-03,21.7549991607666,22.14666748046875,21.641666412353516,22.116666793823242,21.126985549926758,377400
2016-08-04,22.46666717529297,23.988332748413086,22.46666717529297,23.299999237060547,22.25736427307129,2299800
2016-08-05,23.46666717529297,23.78499984741211,23.260000228881836,23.63166618347168,22.57419204711914,916800
2016-08-08,23.584999084472656,23.934999465942383,23.453332901000977,23.700000762939453,22.639467239379883,528600
2016-08-09,23.573333740234375,24.19499969482422,23.573333740234375,24.104999542236328,23.026344299316406,627600
2016-08-10,23.983333587646484,24.21666717529297,23.97333335876465,24.165000915527344,23.08365821838379,439800
2016-08-11,24.293333053588867,24.325000762939453,24.1299991607666,24.17333221435547,23.091615676879883,443400
2016-08-12,24.166667938232422,24.246667861938477,24.03333282470703,24.15333366394043,23.072513580322266,237600
2016-08-15,24.100000381469727,24.56833267211914,24.100000381469727,24.44499969482422,23.35112953186035,307200
2016-08-16,24.428333282470703,24.428333282470703,24.139999389648438,24.31333351135254,23.22535514831543,207000
2016-08-17,24.405000686645508,24.54833221435547,24.10333251953125,24.524999618530273,23.427549362182617,414600
2016-08-18,24.476667404174805,24.671667098999023,24.229999542236328,24.666667938232422,23.562877655029297,508200
2016-08-19,24.610000610351562,24.82666778564453,24.27166748046875,24.739999771118164,23.63292694091797,374400
2016-08-22,24.63833236694336,24.84000015258789,23.39666748046875,24.84000015258789,23.728452682495117,337800
2016-08-23,24.844999313354492,24.991666793823242,24.829999923706055,24.90333366394043,23.788955688476562,385200
2016-08-24,24.906667709350586,24.996667861938477,24.801666259765625,24.899999618530273,23.7857666015625,317400
2016-08-25,24.774999618530273,25.0,24.760000228881836,24.985000610351562,23.86696434020996,249600
2016-08-26,24.983333587646484,25.246667861938477,24.676666259765625,24.850000381469727,23.738006591796875,382200
2016-08-29,24.801666259765625,24.99333381652832,24.773332595825195,24.94333267211914,23.827159881591797,322200
2016-08-30,24.96666717529297,25.05666732788086,24.85333251953125,24.959999084472656,23.84307861328125,154200
2016-08-31,24.860000610351562,25.09666633605957,24.75,24.89666748046875,23.782583236694336,259800
2016-09-01,24.876667022705078,25.051666259765625,24.82666778564453,24.975000381469727,23.857410430908203,448800
2016-09-02,25.040000915527344,25.058332443237305,24.78333282470703,24.96500015258789,23.847858428955078,388800
2016-09-06,25.116666793823242,25.141666412353516,24.876667022705078,24.975000381469727,23.857410430908203,631200
2016-09-07,25.058332443237305,25.113332748413086,24.883333206176758,24.991666793823242,23.873334884643555,432600
2016-09-08,24.98666763305664,25.100000381469727,24.850000381469727,25.05500030517578,23.9338321685791,300000
2016-09-09,25.016666412353516,25.049999237060547,24.40833282470703,24.47166633605957,23.37660026550293,354000
2016-09-12,24.273332595825195,25.051666259765625,24.273332595825195,25.036666870117188,23.916316986083984,377400
2016-09-13,24.843332290649414,25.07666778564453,24.74333381652832,24.88166618347168,23.768253326416016,387000
2016-09-14,24.90833282470703,24.956666946411133,24.641666412353516,24.70166778564453,23.596311569213867,424800
2016-09-15,24.88833236694336,25.078332901000977,24.748332977294922,25.02666664123535,23.906766891479492,393000
2016-09-16,25.051666259765625,25.213333129882812,24.733333587646484,24.998332977294922,23.879701614379883,1007400
2016-09-19,25.13166618347168,25.166667938232422,24.601667404174805,24.75,23.64248275756836,462600
2016-09-20,24.913333892822266,24.954999923706055,24.566667556762695,24.774999618530273,23.666362762451172,452400
2016-09-21,24.873332977294922,24.873332977294922,24.558332443237305,24.739999771118164,23.63292694091797,372000
2016-09-22,24.69499969482422,24.99333381652832,24.69499969482422,24.963333129882812,23.846269607543945,441000
2016-09-23,24.821666717529297,24.873332977294922,24.59000015258789,24.59000015258789,23.489639282226562,340200
2016-09-26,24.558332443237305,24.709999084472656,24.448333740234375,24.4950008392334,23.398893356323242,584400
2016-09-27,24.553333282470703,24.67333221435547,24.36166763305664,24.47833251953125,23.382972717285156,655800
2016-09-28,24.406667709350586,24.668333053588867,24.406667709350586,24.663333892822266,23.5596923828125,327600
2016-09-29,24.53333282470703,24.738332748413086,24.39666748046875,24.56166648864746,23.462575912475586,1214400
2016-09-30,24.746667861938477,24.746667861938477,24.364999771118164,24.391666412353516,23.30018424987793,1167000
2016-10-03,24.366666793823242,24.641666412353516,24.208332061767578,24.36166763305664,23.271522521972656,342000
2016-10-04,24.40833282470703,24.418333053588867,24.094999313354492,24.163333892822266,23.08206558227539,492000
2016-10-05,24.059999465942383,24.235000610351562,23.831666946411133,23.84166717529297,22.774795532226562,427800
2016-10-06,23.795000076293945,24.168333053588867,23.795000076293945,24.139999389648438,23.059772491455078,310200
2016-10-07,24.128332138061523,24.20166778564453,23.725000381469727,23.93833351135254,22.86713409423828,353400
2016-10-10,24.016666412353516,24.266666412353516,24.0,24.15333366394043,23.072513580322266,422400
2016-10-11,24.06999969482422,24.165000915527344,23.635000228881836,23.873332977294922,22.805042266845703,635400
2016-10-12,23.94499969482422,24.18833351135254,23.75,23.93833351135254,22.86713409423828,882000
2016-10-13,23.791667938232422,23.983333587646484,23.588333129882812,23.731666564941406,22.669713973999023,303600
2016-10-14,23.924999237060547,23.924999237060547,23.503332138061523,23.71500015258789,22.653793334960938,471600
2016-10-17,23.608333587646484,23.844999313354492,23.59833335876465,23.788333892822266,22.72385025024414,205800
2016-10-18,23.981666564941406,24.489999771118164,23.459999084472656,23.5049991607666,22.45319175720215,393600
2016-10-19,23.56333351135254,23.683332443237305,23.385000228881836,23.516666412353516,22.464332580566406,367800
2016-10-20,23.42333221435547,23.586666107177734,23.231666564941406,23.43166732788086,22.38313865661621,257400
2016-10-21,23.23666763305664,23.52833366394043,23.23666763305664,23.3799991607666,22.333784103393555,336600
2016-10-24,23.59833335876465,23.649999618530273,23.27666664123535,23.458332061767578,22.408611297607422,1302000
2016-10-25,23.428333282470703,23.65333366394043,23.23666763305664,23.281667709350586,22.23985481262207,547200
2016-10-26,23.573333740234375,23.573333740234375,23.231666564941406,23.253332138061523,22.212787628173828,318600
2016-10-27,23.40833282470703,23.411666870117188,22.80500030517578,22.876667022705078,21.85297393798828,532200
2016-10-28,23.768333435058594,23.768333435058594,22.184999465942383,22.579999923706055,21.5695858001709,1178400
2016-10-31,22.483333587646484,22.899999618530273,21.950000762939453,22.666667938232422,21.652376174926758,817800
2016-11-01,22.633333206176758,22.90833282470703,22.163333892822266,22.424999237060547,21.421520233154297,583800
2016-11-02,22.316667556762695,22.733333587646484,22.18833351135254,22.266666412353516,21.27027130126953,682200
2016-11-03,22.424999237060547,22.424999237060547,22.133333206176758,22.308332443237305,21.310073852539062,505200
2016-11-04,22.383333206176758,22.71666717529297,22.191667556762695,22.5,21.493165969848633,505800
2016-11-07,22.891666412353516,23.141666412353516,22.616666793823242,22.733333587646484,21.7160587310791,683400
2016-11-08,22.666667938232422,23.100000381469727,22.666667938232422,22.90833282470703,21.883224487304688,356400
2016-11-09,22.71666717529297,23.104999542236328,22.691667556762695,23.016666412353516,21.986709594726562,697800
2016-11-10,23.208332061767578,23.375,22.866666793823242,23.274999618530273,22.233484268188477,577800
2016-11-11,23.299999237060547,23.799999237060547,23.291667938232422,23.691667556762695,22.631507873535156,949200
2016-11-14,23.90833282470703,24.141666412353516,23.791667938232422,24.083332061767578,23.005645751953125,813000
2016-11-15,24.008333206176758,24.616666793823242,22.834999084472656,24.491666793823242,23.395706176757812,856800
2016-11-16,24.549999237060547,24.608333587646484,24.274999618530273,24.333332061767578,23.244457244873047,412800
2016-11-17,24.416667938232422,24.875,24.350000381469727,24.850000381469727,23.738006591796875,421800
2016-11-18,24.858333587646484,25.508333206176758,24.78333282470703,25.383333206176758,24.24747085571289,726000
2016-11-21,25.383333206176758,25.450000762939453,25.116666793823242,25.333332061767578,24.19970703125,427800
2016-11-22,25.416667938232422,25.833332061767578,24.168333053588867,25.674999237060547,24.526086807250977,504000
2016-11-23,25.633333206176758,26.075000762939453,24.168333053588867,25.958332061767578,24.796743392944336,309600
2016-11-25,25.916667938232422,26.166667938232422,25.916667938232422,26.058332443237305,24.89226722717285,145800
2016-11-28,24.600000381469727,26.191667556762695,24.600000381469727,25.975000381469727,24.812664031982422,321000
2016-11-29,26.083332061767578,26.166667938232422,25.90833282470703,25.96666717529297,24.804702758789062,257400
2016-11-30,25.799999237060547,25.799999237060547,25.246667861938477,25.516666412353516,24.583118438720703,1186200
2016-12-01,25.575000762939453,25.600000381469727,24.875,25.274999618530273,24.350292205810547,1175400
2016-12-02,25.25,25.391666412353516,25.09166717529297,25.25,24.326204299926758,427800
2016-12-05,25.358333587646484,25.575000762939453,25.308332443237305,25.383333206176758,24.454660415649414,334800
2016-12-06,25.391666412353516,25.741666793823242,25.391666412353516,25.600000381469727,24.663400650024414,275400
2016-12-07,25.65833282470703,25.8799991607666,25.549999237060547,25.875,24.928340911865234,457800
2016-12-08,25.916667938232422,26.0,25.52166748046875,26.0,25.04876708984375,544200
2016-12-09,25.758333206176758,25.84166717529297,25.558332443237305,25.799999237060547,24.856082916259766,466200
2016-12-12,25.758333206176758,25.816667556762695,25.516666412353516,25.608333587646484,24.671432495117188,612600
2016-12-13,25.725000381469727,25.838333129882812,24.95166778564453,25.65833282470703,24.7195987701416,297600
2016-12-14,25.633333206176758,25.71666717529297,25.299999237060547,25.483333587646484,24.551002502441406,374400
2016-12-15,25.549999237060547,25.816667556762695,25.34166717529297,25.524999618530273,24.591142654418945,661800
2016-12-16,25.491666793823242,25.666667938232422,25.016666412353516,25.441667556762695,24.510862350463867,1194600
2016-12-19,25.399999618530273,25.68833351135254,25.399999618530273,25.541667938232422,24.607206344604492,361200
2016-12-20,25.674999237060547,25.674999237060547,25.358333587646484,25.616666793823242,24.679458618164062,415800
2016-12-21,25.541667938232422,25.700000762939453,25.338333129882812,25.649999618530273,24.71157455444336,474600
2016-12-22,25.641666412353516,25.75,25.100000381469727,25.333332061767578,24.406490325927734,328200
2016-12-23,25.258333206176758,25.458332061767578,25.174999237060547,25.225000381469727,24.3021240234375,244200
2016-12-27,25.241666793823242,25.358333587646484,25.125,25.191667556762695,24.270008087158203,268800
2016-12-28,25.149999618530273,25.266666412353516,24.950000762939453,25.15833282470703,24.23789405822754,328200
2016-12-29,25.358333587646484,25.358333587646484,25.008333206176758,25.108333587646484,24.18972396850586,304200
2016-12-30,25.049999237060547,25.183332443237305,24.866666793823242,25.075000762939453,24.15761375427246,681000
2017-01-03,25.241666793823242,25.291667938232422,24.75,24.78333282470703,23.876611709594727,336600
2017-01-04,24.78333282470703,24.916667938232422,24.666667938232422,24.825000762939453,23.9167537689209,613800
2017-01-05,24.71666717529297,25.174999237060547,24.71666717529297,24.808332443237305,23.900699615478516,352200
2017-01-06,24.850000381469727,24.850000381469727,24.433332443237305,24.458332061767578,23.563505172729492,1384200
2017-01-09,24.375,24.383333206176758,23.883333206176758,24.116666793823242,23.234338760375977,696600
2017-01-10,24.083332061767578,24.491666793823242,23.983333587646484,24.25,23.362794876098633,356400
2017-01-11,24.333332061767578,24.333332061767578,23.924999237060547,24.0,23.121938705444336,425400
2017-01-12,24.049999237060547,24.15333366394043,23.799999237060547,23.891666412353516,23.01757049560547,312600
2017-01-13,23.991666793823242,24.25,23.983333587646484,24.058332443237305,23.178138732910156,229800
2017-01-17,23.983333587646484,24.09166717529297,23.683332443237305,23.774999618530273,22.90517234802246,247200
2017-01-18,23.833332061767578,23.950000762939453,23.71666717529297,23.816667556762695,22.945314407348633,196200
2017-01-19,23.808332443237305,24.04833221435547,23.649999618530273,23.708332061767578,22.8409423828125,194400
2017-01-20,23.758333206176758,23.825000762939453,23.5,23.78333282470703,22.913198471069336,184800
2017-01-23,23.741666793823242,23.950000762939453,23.741666793823242,23.924999237060547,23.0496826171875,127200
2017-01-24,23.958332061767578,24.225000381469727,23.766666412353516,24.041667938232422,23.162080764770508,478200
2017-01-25,24.09166717529297,24.333332061767578,24.09166717529297,24.208332061767578,23.322650909423828,257400
2017-01-26,24.149999618530273,24.899999618530273,24.016666412353516,24.03333282470703,23.154054641723633,165000
2017-01-27,24.008333206176758,24.083332061767578,23.683332443237305,23.950000762939453,23.073772430419922,166200
2017-01-30,23.799999237060547,23.803333282470703,23.516666412353516,23.608333587646484,22.744604110717773,386400
2017-01-31,23.558332443237305,23.941667556762695,23.53333282470703,23.891666412353516,23.01757049560547,517200
2017-02-01,23.916667938232422,24.141666412353516,23.700000762939453,23.833332061767578,22.96136474609375,292200
2017-02-02,23.84166717529297,24.066667556762695,23.700000762939453,24.049999237060547,23.17011070251465,328200
2017-02-03,24.125,24.416667938232422,24.049999237060547,24.191667556762695,23.306591033935547,241800
2017-02-06,24.108333587646484,24.258333206176758,24.016666412353516,24.024999618530273,23.146024703979492,168600
2017-02-07,24.008333206176758,24.241666793823242,23.991666793823242,24.075000762939453,23.194194793701172,163800
2017-02-08,24.008333206176758,24.383333206176758,23.816667556762695,24.333332061767578,23.44307518005371,387600
2017-02-09,24.274999618530273,24.59166717529297,24.274999618530273,24.46666717529297,23.571531295776367,235800
2017-02-10,24.558332443237305,25.016666412353516,24.34166717529297,25.0,24.085351943969727,362400
2017-02-13,25.100000381469727,25.25,25.041667938232422,25.241666793823242,24.31818199157715,278400
2017-02-14,25.141666412353516,25.233333587646484,24.959999084472656,25.125,24.205780029296875,283800
2017-02-15,24.958332061767578,25.808332443237305,24.958332061767578,25.774999618530273,24.832000732421875,410400
2017-02-16,25.78333282470703,25.84166717529297,25.53333282470703,25.833332061767578,24.88819694519043,299400
2017-02-17,25.808332443237305,25.875,25.475000381469727,25.850000381469727,24.904254913330078,380400
2017-02-21,25.833332061767578,25.983333587646484,25.758333206176758,25.958332061767578,25.008623123168945,450600
2017-02-22,26.100000381469727,26.100000381469727,25.766666412353516,25.866666793823242,24.920310974121094,156600
2017-02-23,25.891666412353516,25.991666793823242,25.674999237060547,25.733333587646484,24.791854858398438,222000
2017-02-24,25.566667556762695,25.566667556762695,25.058332443237305,25.225000381469727,24.3021240234375,517200
2017-02-27,25.166667938232422,25.5,25.166667938232422,25.46666717529297,24.534950256347656,327600
2017-02-28,25.366666793823242,25.450000762939453,23.633333206176758,25.049999237060547,24.13352394104004,562200
2017-03-01,25.883333206176758,25.883333206176758,24.674999237060547,25.383333206176758,24.454660415649414,891000
2017-03-02,25.333332061767578,25.375,23.684999465942383,25.266666412353516,24.34226417541504,555000
2017-03-03,25.166667938232422,25.450000762939453,25.075000762939453,25.208332061767578,24.286062240600586,321600
2017-03-06,24.991666793823242,25.258333206176758,24.258333206176758,25.183332443237305,24.261980056762695,440400
2017-03-07,25.149999618530273,25.34166717529297,25.149999618530273,25.200000762939453,24.27803611755371,271800
2017-03-08,25.241666793823242,25.325000762939453,24.741666793823242,25.208332061767578,24.286062240600586,234000
2017-03-09,25.200000762939453,25.316667556762695,24.924999237060547,25.241666793823242,24.31818199157715,270600
2017-03-10,25.21666717529297,25.475000381469727,25.21666717529297,25.433332443237305,24.502832412719727,822000
2017-03-13,25.358333587646484,25.491666793823242,25.008333206176758,25.416667938232422,24.486774444580078,268200
2017-03-14,25.225000381469727,25.666667938232422,25.191667556762695,25.59166717529297,24.655372619628906,307200
2017-03-15,25.71666717529297,25.983333587646484,25.56333351135254,25.808332443237305,24.864110946655273,363600
2017-03-16,25.866666793823242,25.93833351135254,25.46666717529297,25.84166717529297,24.89622688293457,267000
2017-03-17,25.774999618530273,26.125,25.75,26.108333587646484,25.153139114379883,740400
2017-03-20,26.083332061767578,26.09166717529297,25.571666717529297,25.75,24.80791664123535,320400
2017-03-21,25.858333587646484,25.858333587646484,25.450000762939453,25.475000381469727,24.54297637939453,386400
2017-03-22,25.383333206176758,25.575000762939453,25.28333282470703,25.46666717529297,24.534950256347656,282000
2017-03-23,25.516666412353516,25.975000381469727,25.333332061767578,25.825000762939453,24.880170822143555,273000
2017-03-24,25.866666793823242,26.15833282470703,25.708332061767578,25.758333206176758,24.815940856933594,171600
2017-03-27,25.516666412353516,25.988332748413086,25.25,25.899999618530273,24.95242691040039,296400
2017-03-28,25.84166717529297,26.34166717529297,25.791667938232422,26.325000762939453,25.36187744140625,393600
2017-03-29,26.299999237060547,26.641666412353516,26.299999237060547,26.375,25.410045623779297,328200
2017-03-30,26.40833282470703,26.666667938232422,26.191667556762695,26.450000762939453,25.48230743408203,484200
2017-03-31,26.46666717529297,26.541667938232422,26.241666793823242,26.475000381469727,25.506389617919922,448200
2017-04-03,26.583332061767578,26.665000915527344,26.15333366394043,26.21666717529297,25.257509231567383,252600
2017-04-04,26.174999237060547,26.25,25.975000381469727,26.149999618530273,25.19327735900879,267600
2017-04-05,26.241666793823242,26.299999237060547,25.799999237060547,25.866666793823242,24.920310974121094,238800
2017-04-06,25.866666793823242,26.116666793823242,25.766666412353516,26.100000381469727,25.145109176635742,204600
2017-04-07,26.049999237060547,26.208332061767578,25.891666412353516,26.066667556762695,25.112995147705078,178800
2017-04-10,26.024999618530273,26.174999237060547,25.916667938232422,26.149999618530273,25.19327735900879,224400
2017-04-11,26.09166717529297,26.483333587646484,26.024999618530273,26.458332061767578,25.490331649780273,309000
2017-04-12,26.383333206176758,26.583332061767578,26.016666412353516,26.049999237060547,25.09693717956543,207600
2017-04-13,26.041667938232422,26.25,25.774999618530273,25.833332061767578,24.88819694519043,237000
2017-04-17,25.825000762939453,26.166667938232422,25.791667938232422,26.166667938232422,25.209333419799805,156000
2017-04-18,26.53333282470703,27.59166717529297,26.416667938232422,27.575000762939453,26.566146850585938,1096800
2017-04-19,27.600000381469727,27.933332443237305,27.57666778564453,27.899999618530273,26.879255294799805,401400
2017-04-20,27.983333587646484,28.233333587646484,27.766666412353516,28.21666717529297,27.184337615966797,547800
2017-04-21,28.21666717529297,28.350000381469727,28.06833267211914,28.291667938232422,27.256593704223633,337800
2017-04-24,28.674999237060547,28.674999237060547,28.241666793823242,28.28333282470703,27.248563766479492,333000
2017-04-25,28.450000762939453,28.483333587646484,28.225000381469727,28.225000381469727,27.192365646362305,483600
2017-04-26,28.333332061767578,28.875,28.299999237060547,28.666667938232422,27.61787223815918,873600
2017-04-27,28.09166717529297,28.916667938232422,27.666667938232422,28.625,27.577728271484375,1194000
2017-04-28,28.200000762939453,28.258333206176758,27.78333282470703,27.799999237060547,26.78291130065918,702600
2017-05-01,27.883333206176758,28.008333206176758,27.649999618530273,27.666667938232422,26.65445899963379,473400
2017-05-02,27.708332061767578,27.983333587646484,27.674999237060547,27.975000381469727,26.951509475708008,392400
2017-05-03,27.883333206176758,28.25,27.866666793823242,28.191667556762695,27.160253524780273,414600
2017-05-04,28.233333587646484,28.274999618530273,28.041667938232422,28.183332443237305,27.1522216796875,441600
2017-05-05,28.25,28.25,27.808332443237305,27.921667098999023,26.900131225585938,293400
2017-05-08,27.916667938232422,28.066667556762695,27.733333587646484,28.041667938232422,27.015737533569336,336600
2017-05-09,28.066667556762695,28.325000762939453,27.766666412353516,27.991666793823242,26.967567443847656,343200
2017-05-10,28.066667556762695,28.358333587646484,28.041667938232422,28.333332061767578,27.29673194885254,673200
2017-05-11,28.191667556762695,28.266666412353516,27.700000762939453,27.708332061767578,26.694595336914062,375000
2017-05-12,27.649999618530273,28.113332748413086,27.433332443237305,27.633333206176758,26.622343063354492,524400
2017-05-15,27.758333206176758,28.15833282470703,27.725000381469727,28.049999237060547,27.023765563964844,652800
2017-05-16,28.024999618530273,28.21666717529297,27.566667556762695,27.799999237060547,26.78291130065918,302400
2017-05-17,27.5,27.616666793823242,27.208332061767578,27.366666793823242,26.365434646606445,411000
2017-05-18,27.325000762939453,27.5,27.041667938232422,27.141666412353516,26.148666381835938,805800
2017-05-19,27.208332061767578,28.149999618530273,27.208332061767578,27.941667556762695,26.91939926147461,1253400
2017-05-22,28.008333206176758,28.116666793823242,27.875,27.899999618530273,26.879255294799805,537000
2017-05-23,28.03333282470703,28.21666717529297,27.625,28.09166717529297,27.06390953063965,398400
2017-05-24,28.066667556762695,28.34166717529297,27.983333587646484,28.125,27.09602165222168,269400
2017-05-25,28.225000381469727,28.458332061767578,28.008333206176758,28.041667938232422,27.015737533569336,406800
2017-05-26,28.100000381469727,28.266666412353516,28.049999237060547,28.108333587646484,27.079967498779297,243600
2017-05-30,28.208332061767578,28.25,27.858333587646484,27.883333206176758,26.863197326660156,306000
2017-05-31,28.016666412353516,28.016666412353516,27.549999237060547,27.941667556762695,26.91939926147461,446400
2017-06-01,28.03333282470703,28.541667938232422,27.97166633605957,28.5,27.457304000854492,489600
2017-06-02,28.524999618530273,28.883333206176758,28.524999618530273,28.799999237060547,27.746326446533203,707400
2017-06-05,28.741666793823242,28.78333282470703,28.566667556762695,28.68000030517578,27.630718231201172,528000
2017-06-06,28.59166717529297,28.866666793823242,28.575000762939453,28.774999618530273,27.722240447998047,364800
2017-06-07,28.84166717529297,29.233333587646484,28.71666717529297,28.983333587646484,27.92295265197754,418800
2017-06-08,28.883333206176758,29.299999237060547,28.791667938232422,29.116666793823242,28.051408767700195,487800
2017-06-09,29.233333587646484,29.333332061767578,28.733333587646484,28.866666793823242,27.8105525970459,405600
2017-06-12,28.941667556762695,30.016666412353516,28.899999618530273,29.958332061767578,28.86228370666504,592800
2017-06-13,30.024999618530273,30.191667556762695,29.649999618530273,29.799999237060547,28.709739685058594,434400
2017-06-14,29.791667938232422,29.924999237060547,29.46666717529297,29.666667938232422,28.58128547668457,319800
2017-06-15,29.424999237060547,29.700000762939453,29.308332443237305,29.683332443237305,28.59734344482422,302400
2017-06-16,29.541667938232422,30.450000762939453,29.299999237060547,30.424999237060547,29.31187629699707,1386600
2017-06-19,30.633333206176758,30.633333206176758,30.149999618530273,30.208332061767578,29.103134155273438,770400
2017-06-20,30.350000381469727,30.5,30.016666412353516,30.141666412353516,29.03890609741211,519600
2017-06-21,30.333332061767578,30.875,30.125,30.616666793823242,29.49652671813965,964200
2017-06-22,30.616666793823242,30.625,30.325000762939453,30.541667938232422,29.424274444580078,316800
2017-06-23,30.458332061767578,30.799999237060547,30.108333587646484,30.649999618530273,29.528642654418945,381600
2017-06-26,30.741666793823242,31.008333206176758,30.416667938232422,30.433332443237305,29.319900512695312,269400
2017-06-27,30.358333587646484,30.59166717529297,30.191667556762695,30.191667556762695,29.087078094482422,293400
2017-06-28,30.358333587646484,30.575000762939453,30.333332061767578,30.333332061767578,29.223560333251953,405000
2017-06-29,30.333332061767578,30.441667556762695,30.0,30.291667938232422,29.183420181274414,334800
2017-06-30,30.316667556762695,30.65833282470703,30.25,30.549999237060547,29.43230438232422,323400
2017-07-03,30.583332061767578,30.59166717529297,30.316667556762695,30.450000762939453,29.335960388183594,163200
2017-07-05,30.424999237060547,30.583332061767578,30.058332443237305,30.266666412353516,29.159334182739258,217800
2017-07-06,30.258333206176758,30.316667556762695,29.808332443237305,30.1299991607666,29.027666091918945,355800
2017-07-07,30.258333206176758,30.40833282470703,30.133333206176758,30.291667938232422,29.183420181274414,271200
2017-07-10,30.208332061767578,30.291667938232422,29.883333206176758,30.03333282470703,28.934537887573242,331800
2017-07-11,30.058332443237305,30.40833282470703,29.84166717529297,29.96666717529297,28.870309829711914,256200
2017-07-12,30.016666412353516,30.608333587646484,30.016666412353516,30.375,29.263704299926758,214200
2017-07-13,30.308332443237305,30.600000381469727,29.891666412353516,30.133333206176758,29.030879974365234,169200
2017-07-14,30.041667938232422,30.424999237060547,30.03333282470703,30.083332061767578,28.982709884643555,223200
2017-07-17,30.041667938232422,30.399999618530273,29.918333053588867,30.133333206176758,29.030879974365234,321000
2017-07-18,30.125,30.825000762939453,29.875,30.65833282470703,29.536672592163086,478800
2017-07-19,30.733333587646484,30.75,30.366666793823242,30.625,29.504558563232422,147000
2017-07-20,30.616666793823242,30.75,30.40833282470703,30.541667938232422,29.424274444580078,187200
2017-07-21,30.708332061767578,30.825000762939453,30.46666717529297,30.575000762939453,29.456388473510742,326400
2017-07-24,30.65833282470703,30.954999923706055,30.588333129882812,30.758333206176758,29.633014678955078,268800
2017-07-25,30.799999237060547,31.350000381469727,30.78333282470703,31.0,29.86583709716797,644400
2017-07-26,30.958332061767578,31.083332061767578,30.866666793823242,30.933332443237305,29.80160903930664,292200
2017-07-27,31.208332061767578,32.224998474121094,31.008333206176758,31.641666412353516,30.484027862548828,686400
2017-07-28,31.674999237060547,32.45833206176758,31.100000381469727,31.233333587646484,30.090633392333984,420600
2017-07-31,31.333332061767578,31.941667556762695,30.891666412353516,31.174999237060547,30.034435272216797,568800
2017-08-01,31.21666717529297,31.516666412353516,31.0,31.483333587646484,30.33148765563965,601800
2017-08-02,31.516666412353516,31.641666412353516,31.108333587646484,31.433332443237305,30.283315658569336,492600
2017-08-03,31.508333206176758,31.90833282470703,31.383333206176758,31.674999237060547,30.516141891479492,664800
2017-08-04,31.674999237060547,32.59166717529297,31.633333206176758,32.57500076293945,31.383216857910156,1546800
2017-08-07,32.66666793823242,32.66666793823242,32.099998474121094,32.15833282470703,30.981796264648438,694200
2017-08-08,32.099998474121094,32.54999923706055,31.941667556762695,32.15833282470703,30.981796264648438,369600
2017-08-09,32.15833282470703,32.32500076293945,32.008331298828125,32.275001525878906,31.094188690185547,412200
2017-08-10,32.266666412353516,32.54999923706055,32.099998474121094,32.20833206176758,31.029966354370117,387000
2017-08-11,32.33333206176758,32.599998474121094,32.133331298828125,32.491668701171875,31.302932739257812,332400
2017-08-14,32.66666793823242,32.849998474121094,32.33333206176758,32.42499923706055,31.23870086669922,714600
2017-08-15,32.383331298828125,32.563331604003906,32.0,32.025001525878906,30.85334014892578,349800
2017-08-16,32.116668701171875,32.29166793823242,31.933332443237305,31.983333587646484,30.813196182250977,404400
2017-08-17,32.008331298828125,32.008331298828125,31.399999618530273,31.433332443237305,30.283315658569336,352200
2017-08-18,31.34166717529297,31.516666412353516,30.96666717529297,31.34166717529297,30.195005416870117,408000
2017-08-21,31.34166717529297,31.5,31.325000762939453,31.40833282470703,30.259233474731445,217800
2017-08-22,31.458332061767578,32.133331298828125,31.458332061767578,32.04166793823242,30.86939811706543,241800
2017-08-23,31.858333587646484,32.17499923706055,31.700000762939453,31.725000381469727,30.564315795898438,213000
2017-08-24,31.741666793823242,32.07500076293945,31.65833282470703,32.05833435058594,30.885452270507812,251400
2017-08-25,32.20833206176758,32.5,32.0966682434082,32.275001525878906,31.094188690185547,252600
2017-08-28,32.383331298828125,32.383331298828125,31.979999542236328,32.358333587646484,31.174476623535156,270600
2017-08-29,32.21666717529297,32.33333206176758,31.975000381469727,32.04166793823242,30.86939811706543,341400
2017-08-30,31.950000762939453,32.34333419799805,31.933332443237305,32.21666717529297,31.03799057006836,217800
2017-08-31,32.32500076293945,32.650001525878906,32.241668701171875,32.56666564941406,31.37519073486328,342600
2017-09-01,32.57500076293945,32.57500076293945,32.366668701171875,32.41666793823242,31.230674743652344,219000
2017-09-05,32.42499923706055,32.68000030517578,32.099998474121094,32.57500076293945,31.383216857910156,465600
2017-09-06,32.58333206176758,32.68000030517578,32.3216667175293,32.383331298828125,31.198562622070312,439200
2017-09-07,32.40833282470703,32.724998474121094,32.266666412353516,32.65833282470703,31.463499069213867,244800
2017-09-08,32.66666793823242,33.275001525878906,32.65833282470703,33.108333587646484,31.89703941345215,1116000
2017-09-11,33.28333282470703,33.698333740234375,32.95833206176758,33.04999923706055,31.840829849243164,255600
2017-09-12,33.18333435058594,33.2216682434082,32.866668701171875,33.18333435058594,31.969289779663086,360600
2017-09-13,33.16666793823242,33.68333435058594,33.0,33.633331298828125,32.40282440185547,1246200
2017-09-14,33.79166793823242,33.849998474121094,33.5,33.55833435058594,32.3305778503418,387000
2017-09-15,33.641666412353516,34.125,33.5,34.025001525878906,32.7801628112793,927000
2017-09-18,33.93333435058594,34.258331298828125,33.90833282470703,33.96666717529297,32.72396469116211,436800
2017-09-19,33.93333435058594,34.025001525878906,33.766666412353516,33.79166793823242,32.55537033081055,469200
2017-09-20,33.79166793823242,33.991668701171875,33.32500076293945,33.525001525878906,32.298458099365234,429000
2017-09-21,33.59166717529297,33.766666412353516,33.23500061035156,33.67499923706055,32.44297409057617,406800
2017-09-22,33.78333282470703,34.016666412353516,33.599998474121094,33.625,32.394798278808594,353400
2017-09-25,33.491668701171875,33.56666564941406,33.150001525878906,33.375,32.15394592285156,372600
2017-09-26,33.46666717529297,33.724998474121094,33.31666564941406,33.516666412353516,32.290435791015625,762000
2017-09-27,33.599998474121094,34.758331298828125,33.599998474121094,34.633331298828125,33.36624526977539,907200
2017-09-28,34.59166717529297,34.641666412353516,34.3216667175293,34.5,33.237789154052734,403800
2017-09-29,34.43333435058594,34.53333282470703,34.154998779296875,34.366668701171875,33.109336853027344,349200
2017-10-02,34.483333587646484,34.608333587646484,34.366668701171875,34.508331298828125,33.24581527709961,339600
2017-10-03,34.66666793823242,34.67499923706055,34.380001068115234,34.641666412353516,33.37427520751953,301800
2017-10-04,34.58333206176758,34.8216667175293,34.491668701171875,34.53333282470703,33.269901275634766,198600
2017-10-05,34.599998474121094,34.775001525878906,34.491668701171875,34.625,33.35821533203125,355800
2017-10-06,34.608333587646484,34.81666564941406,34.45000076293945,34.77166748046875,33.49951934814453,466800
2017-10-09,34.84166717529297,34.84166717529297,34.508331298828125,34.633331298828125,33.36624526977539,292200
2017-10-10,34.766666412353516,34.79166793823242,34.349998474121094,34.45833206176758,33.19763946533203,282000
2017-10-11,34.491668701171875,34.72999954223633,34.491668701171875,34.650001525878906,33.38229751586914,413400
2017-10-12,34.78333282470703,34.81666564941406,34.529998779296875,34.71666717529297,33.446533203125,359400
2017-10-13,34.81666564941406,34.94166564941406,34.741668701171875,34.775001525878906,33.50272750854492,211800
2017-10-16,34.79166793823242,34.94166564941406,34.65833282470703,34.84166717529297,33.56695556640625,261000
2017-10-17,34.849998474121094,34.996665954589844,34.775001525878906,34.83333206176758,33.55892562866211,401400
2017-10-18,34.95000076293945,35.26333236694336,34.78333282470703,34.849998474121094,33.574981689453125,336000
2017-10-19,34.633331298828125,34.95833206176758,34.54166793823242,34.758331298828125,33.48666763305664,360600
2017-10-20,34.95833206176758,34.9716682434082,34.58333206176758,34.67499923706055,33.40637969970703,377400
2017-10-23,34.66666793823242,34.766666412353516,34.474998474121094,34.66666793823242,33.39835739135742,207000
2017-10-24,34.766666412353516,34.766666412353516,34.54999923706055,34.641666412353516,33.37427520751953,312000
2017-10-25,34.58333206176758,34.70000076293945,34.04166793823242,34.16666793823242,32.916648864746094,294600
2017-10-26,34.33333206176758,34.75,34.099998474121094,34.108333587646484,32.860450744628906,592200
2017-10-27,34.32500076293945,34.849998474121094,34.05833435058594,34.724998474121094,33.45455551147461,822000
2017-10-30,34.54999923706055,34.54999923706055,34.116668701171875,34.20000076293945,32.94876480102539,307200
2017-10-31,34.275001525878906,34.883331298828125,34.275001525878906,34.758331298828125,33.48666763305664,526200
2017-11-01,34.871665954589844,34.871665954589844,34.31666564941406,34.67499923706055,33.40637969970703,310800
2017-11-02,34.96666717529297,36.34166717529297,34.33333206176758,34.891666412353516,33.6151237487793,1012200
2017-11-03,35.09166717529297,35.766666412353516,35.09166717529297,35.53333282470703,34.233314514160156,645600
2017-11-06,35.66666793823242,35.7216682434082,35.41666793823242,35.46666717529297,34.16908645629883,643800
2017-11-07,35.525001525878906,35.758331298828125,35.19333267211914,35.57500076293945,34.27346420288086,703800
2017-11-08,35.599998474121094,35.741668701171875,35.44166564941406,35.625,34.32162857055664,556800
2017-11-09,35.375,35.67499923706055,35.21666717529297,35.58333206176758,34.28148651123047,340800
2017-11-10,35.41666793823242,35.68333435058594,35.30833435058594,35.400001525878906,34.104862213134766,623400
2017-11-13,35.20000076293945,35.7216682434082,35.20000076293945,35.625,34.32162857055664,544800
2017-11-14,35.55833435058594,35.724998474121094,35.45000076293945,35.616668701171875,34.313602447509766,352200
2017-11-15,35.45000076293945,36.18333435058594,35.40833282470703,35.91666793823242,34.602622985839844,718200
2017-11-16,36.07500076293945,36.69166564941406,36.07500076293945,36.224998474121094,34.89967727661133,724200
2017-11-17,36.17499923706055,36.38833236694336,36.116668701171875,36.29999923706055,34.97193145751953,630600
2017-11-20,36.383331298828125,36.43333435058594,36.10499954223633,36.19166564941406,34.86756134033203,396600
2017-11-21,36.32500076293945,36.32500076293945,36.099998474121094,36.18333435058594,34.859535217285156,509400
2017-11-22,36.18333435058594,36.18333435058594,35.616668701171875,35.81666564941406,34.50627899169922,343200
2017-11-24,35.849998474121094,36.55833435058594,35.69166564941406,36.508331298828125,35.17264175415039,369600
2017-11-27,36.54166793823242,36.66666793823242,36.22999954223633,36.25,34.923763275146484,687600
2017-11-28,36.391666412353516,36.724998474121094,36.241668701171875,36.69166564941406,35.349273681640625,626400
2017-11-29,36.68333435058594,37.20166778564453,36.625,36.95833206176758,35.60618209838867,310200
2017-11-30,37.33333206176758,39.28333282470703,37.30833435058594,39.16666793823242,37.99414825439453,1353000
2017-12-01,38.54999923706055,39.0,38.18333435058594,38.866668701171875,37.70314025878906,708600
2017-12-04,39.266666412353516,39.63833236694336,38.95000076293945,39.233333587646484,38.05882263183594,825000
2017-12-05,39.366668701171875,39.5,38.58333206176758,38.59166717529297,37.43636703491211,559200
2017-12-06,38.516666412353516,39.18333435058594,38.45833206176758,38.53333282470703,37.37977600097656,360000
2017-12-07,38.44166564941406,38.71666717529297,38.09333419799805,38.525001525878906,37.37169647216797,520200
2017-12-08,38.59166717529297,39.266666412353516,38.15833282470703,38.17499923706055,37.03216552734375,810600
2017-12-11,38.141666412353516,38.33333206176758,37.875,37.875,36.741153717041016,637800
2017-12-12,37.82500076293945,38.11333465576172,37.616668701171875,37.66666793823242,36.539058685302734,630600
2017-12-13,37.79999923706055,37.92499923706055,37.375,37.57500076293945,36.450138092041016,367800
2017-12-14,37.599998474121094,37.875,37.20833206176758,37.258331298828125,36.1429443359375,504600
2017-12-15,37.32500076293945,38.025001525878906,37.150001525878906,37.491668701171875,36.369300842285156,1126800
2017-12-18,37.54999923706055,38.0,37.54999923706055,37.83333206176758,36.70073318481445,255000
2017-12-19,37.71666717529297,37.94166564941406,37.400001525878906,37.70833206176758,36.57947540283203,309600
2017-12-20,37.875,37.913333892822266,37.426666259765625,37.79999923706055,36.668399810791016,288600
2017-12-21,37.84166717529297,38.099998474121094,37.616668701171875,37.95833206176758,36.82199478149414,244200
2017-12-22,37.900001525878906,37.95500183105469,37.64666748046875,37.82500076293945,36.692649841308594,149400
2017-12-26,37.71666717529297,38.099998474121094,37.525001525878906,37.79999923706055,36.668399810791016,230400
2017-12-27,37.75,38.404998779296875,37.75,38.16666793823242,37.02408981323242,384000
2017-12-28,38.17499923706055,38.991668701171875,38.130001068115234,38.82500076293945,37.66271209716797,565200
2017-12-29,38.849998474121094,39.91666793823242,38.68333435058594,38.78333282470703,37.62229537963867,655200
2018-01-02,38.80833435058594,39.71666717529297,38.80833435058594,39.67499923706055,38.487266540527344,696000
2018-01-03,39.70000076293945,39.91666793823242,38.858333587646484,39.641666412353516,38.454933166503906,831000
2018-01-04,39.68333435058594,40.358333587646484,39.33333206176758,39.43333435058594,38.252838134765625,915000
2018-01-05,39.58333206176758,40.099998474121094,37.211666107177734,39.92499923706055,38.72978591918945,448200
2018-01-08,39.849998474121094,40.141666412353516,39.508331298828125,40.008331298828125,38.81061935424805,450600
2018-01-09,40.150001525878906,40.625,39.66666793823242,39.775001525878906,38.58427810668945,755400
2018-01-10,41.17499923706055,42.358333587646484,41.03333282470703,42.18333435058594,40.92051315307617,1584600
2018-01-11,42.33333206176758,42.41666793823242,42.025001525878906,42.258331298828125,40.99326705932617,1171800
2018-01-12,42.44166564941406,42.45833206176758,42.04166793823242,42.141666412353516,40.88009262084961,1921800
2018-01-16,42.20833206176758,42.43333435058594,41.866668701171875,42.025001525878906,40.76691818237305,837000
2018-01-17,42.025001525878906,42.258331298828125,42.0,42.03333282470703,40.77500915527344,986400
2018-01-18,42.008331298828125,42.241668701171875,41.90833282470703,42.116668701171875,40.855838775634766,630600
2018-01-19,42.03333282470703,42.68333435058594,42.03333282470703,42.57500076293945,41.30044937133789,1162200
2018-01-22,42.483333587646484,42.79166793823242,42.29999923706055,42.599998474121094,41.32470703125,1030200
2018-01-23,42.65833282470703,42.758331298828125,42.400001525878906,42.516666412353516,41.243858337402344,607200
2018-01-24,42.70000076293945,42.79999923706055,42.516666412353516,42.59166717529297,41.31662368774414,763800
2018-01-25,42.599998474121094,43.08333206176758,42.58333206176758,43.07500076293945,41.785491943359375,990600
2018-01-26,43.07500076293945,43.34166717529297,42.83333206176758,43.30833435058594,42.01183319091797,576600
2018-01-29,43.19166564941406,43.29166793823242,42.746665954589844,43.108333587646484,41.81782150268555,597000
2018-01-30,42.84166717529297,43.29999923706055,42.84166717529297,43.108333587646484,41.81782150268555,356400
2018-01-31,43.16666793823242,43.32500076293945,43.008331298828125,43.16666793823242,41.8744010925293,470400
2018-02-01,42.974998474121094,43.349998474121094,42.96666717529297,43.29166793823242,41.99565887451172,794400
2018-02-02,43.133331298828125,43.28333282470703,42.849998474121094,43.016666412353516,41.7288932800293,1797600
2018-02-05,42.875,42.983333587646484,41.883331298828125,41.991668701171875,40.734580993652344,1005000
2018-02-06,41.508331298828125,42.849998474121094,41.150001525878906,42.53333282470703,41.260040283203125,1497000
2018-02-07,42.54999923706055,43.08333206176758,42.349998474121094,42.92499923706055,41.63997268676758,843600
2018-02-08,43.391666412353516,43.41999816894531,41.67499923706055,42.32500076293945,41.05793762207031,2488800
2018-02-09,42.32500076293945,42.46666717529297,40.06666564941406,40.69166564941406,39.4734992980957,1346400
2018-02-12,40.94166564941406,41.025001525878906,39.53333282470703,39.68333435058594,38.49535369873047,1027200
2018-02-13,39.58333206176758,40.44166564941406,39.54166793823242,40.43333435058594,39.222896575927734,575400
2018-02-14,40.19166564941406,42.45000076293945,40.19166564941406,42.349998474121094,41.08218765258789,1926600
2018-02-15,42.57500076293945,43.70833206176758,42.41666793823242,43.650001525878906,42.34326934814453,706800
2018-02-16,43.40833282470703,44.04999923706055,43.19166564941406,43.92499923706055,42.61003875732422,676800
2018-02-20,43.69166564941406,44.108333587646484,43.141666412353516,43.366668701171875,42.068424224853516,841200
2018-02-21,43.491668701171875,43.491668701171875,42.34166717529297,42.400001525878906,41.13069152832031,808200
2018-02-22,42.508331298828125,42.608333587646484,41.733333587646484,42.099998474121094,40.83967590332031,756600
2018-02-23,42.116668701171875,43.28333282470703,42.116668701171875,43.150001525878906,41.85823440551758,2169600
2018-02-26,43.150001525878906,43.56666564941406,42.891666412353516,43.20833206176758,41.91482925415039,988200
2018-02-27,43.233333587646484,43.54166793823242,42.5,42.71666717529297,41.43787384033203,727200
2018-02-28,42.94166564941406,43.52166748046875,42.90833282470703,43.03333282470703,41.74506378173828,632400
2018-03-01,42.0,43.44166564941406,41.7599983215332,42.70000076293945,41.42170715332031,717600
2018-03-02,42.67499923706055,43.775001525878906,42.400001525878906,43.68333435058594,42.3756103515625,636600
2018-03-05,43.616668701171875,44.241668701171875,43.06666564941406,44.17499923706055,42.8525505065918,557400
2018-03-06,44.266666412353516,44.83333206176758,43.78499984741211,44.70000076293945,43.36183547973633,582000
2018-03-07,44.46666717529297,45.741668701171875,44.349998474121094,45.525001525878906,44.162139892578125,644400
2018-03-08,45.758331298828125,46.57500076293945,44.0,44.258331298828125,42.93339538574219,661200
2018-03-09,44.90833282470703,46.016666412353516,44.779998779296875,45.79166793823242,44.42082595825195,604800
2018-03-12,46.04999923706055,46.04999923706055,44.983333587646484,45.616668701171875,44.251068115234375,363000
2018-03-13,45.81666564941406,45.83333206176758,44.56666564941406,44.65833282470703,43.32141876220703,499200
2018-03-14,44.58333206176758,45.20833206176758,44.54999923706055,44.71666717529297,43.37800598144531,691800
2018-03-15,44.79999923706055,45.04999923706055,44.45000076293945,44.766666412353516,43.426509857177734,386400
2018-03-16,44.775001525878906,44.775001525878906,44.04999923706055,44.04999923706055,42.73129653930664,1065600
2018-03-19,44.0,44.20500183105469,43.21666717529297,43.55833435058594,42.25434112548828,453000
2018-03-20,43.65833282470703,43.866668701171875,43.31666564941406,43.633331298828125,42.32710647583008,509400
2018-03-21,43.65833282470703,44.05833435058594,42.96666717529297,43.06666564941406,41.777400970458984,606600
2018-03-22,42.80833435058594,43.233333587646484,41.883331298828125,41.94166564941406,40.68608093261719,451800
2018-03-23,42.04999923706055,42.5716667175293,40.82500076293945,40.866668701171875,39.64325714111328,430800
2018-03-26,41.599998474121094,42.27166748046875,41.08333206176758,41.29166793823242,40.055538177490234,886200
2018-03-27,41.34166717529297,41.70833206176758,40.349998474121094,40.608333587646484,39.39265823364258,765000
2018-03-28,40.641666412353516,41.029998779296875,40.04999923706055,40.34166717529297,39.133975982666016,659400
2018-03-29,40.599998474121094,40.96666717529297,40.29166793823242,40.67499923706055,39.45732879638672,816000
2018-04-02,40.5,40.91666793823242,39.125,39.69166564941406,38.50343704223633,952800
2018-04-03,39.741668701171875,40.266666412353516,39.25,40.17499923706055,38.9723014831543,793800
2018-04-04,39.66666793823242,40.32500076293945,39.375,40.07500076293945,38.87528991699219,588600
2018-04-05,40.41666793823242,40.866668701171875,40.275001525878906,40.474998474121094,39.26332092285156,646800
2018-04-06,40.275001525878906,40.741668701171875,39.349998474121094,39.79999923706055,38.608524322509766,542400
2018-04-09,39.95000076293945,40.20000076293945,39.224998474121094,39.233333587646484,38.05882263183594,483600
2018-04-10,39.650001525878906,39.891666412353516,39.34166717529297,39.53333282470703,38.34984588623047,501000
2018-04-11,39.32500076293945,39.724998474121094,39.19166564941406,39.46666717529297,38.28517150878906,478800
2018-04-12,39.641666412353516,39.641666412353516,39.06666564941406,39.32500076293945,38.14774703979492,483600
2018-04-13,39.483333587646484,39.650001525878906,38.95833206176758,39.16666793823242,37.99414825439453,256800
2018-04-16,39.33333206176758,40.60499954223633,39.32500076293945,40.31666564941406,39.1097297668457,439200
2018-04-17,40.56666564941406,40.96666717529297,40.33333206176758,40.71666717529297,39.49774932861328,509400
2018-04-18,40.91666793823242,42.28333282470703,40.91666793823242,42.233333587646484,40.96901321411133,789600
2018-04-19,42.34166717529297,42.34166717529297,41.633331298828125,41.91666793823242,40.661827087402344,573000
2018-04-20,41.991668701171875,42.25,41.71666717529297,42.099998474121094,40.83967590332031,480600
2018-04-23,42.275001525878906,42.508331298828125,41.875,42.375,41.10643768310547,304800
2018-04-24,42.54999923706055,42.70833206176758,41.91666793823242,42.66666793823242,41.38937759399414,539400
2018-04-25,42.57500076293945,42.766666412353516,41.90833282470703,42.266666412353516,41.001346588134766,542400
2018-04-26,44.16666793823242,47.616668701171875,44.16666793823242,45.80833435058594,44.43699264526367,1135800
2018-04-27,45.858333587646484,46.05833435058594,45.17499923706055,45.65833282470703,44.291481018066406,478800
2018-04-30,45.775001525878906,46.28333282470703,45.724998474121094,45.766666412353516,44.396568298339844,592200
2018-05-01,45.733333587646484,46.30833435058594,45.099998474121094,46.19166564941406,44.8088493347168,406200
2018-05-02,45.858333587646484,46.108333587646484,45.53333282470703,45.79999923706055,44.42890548706055,482400
2018-05-03,45.724998474121094,46.03333282470703,45.15833282470703,45.80833435058594,44.43699264526367,373200
2018-05-04,45.67499923706055,46.45833206176758,45.503334045410156,46.125,44.74417495727539,465000
2018-05-07,46.650001525878906,46.95833206176758,46.29166793823242,46.400001525878906,45.01094436645508,529800
2018-05-08,46.42499923706055,46.65833282470703,46.31666564941406,46.474998474121094,45.083702087402344,478800
2018-05-09,46.43333435058594,46.633331298828125,46.23833465576172,46.5,45.10795211791992,334200
2018-05-10,46.599998474121094,47.0,46.418331146240234,46.650001525878906,45.253456115722656,781200
2018-05-11,46.75,46.85499954223633,46.358333587646484,46.5,45.10795211791992,582600
2018-05-14,46.599998474121094,49.45833206176758,46.20833206176758,48.766666412353516,47.3067626953125,2238600
2018-05-15,48.891666412353516,50.266666412353516,48.43333435058594,49.616668701171875,48.13132095336914,1260600
2018-05-16,49.883331298828125,52.43333435058594,49.836666107177734,51.06666564941406,49.53791427612305,1762200
2018-05-17,51.04166793823242,51.79999923706055,50.94166564941406,51.641666412353516,50.09569549560547,1013400
2018-05-18,51.991668701171875,52.26166534423828,51.5099983215332,51.608333587646484,50.06336212158203,1491000
2018-05-21,51.91666793823242,52.163333892822266,50.92499923706055,51.758331298828125,50.208866119384766,718800
2018-05-22,51.80833435058594,51.891666412353516,51.09166717529297,51.525001525878906,49.98252487182617,503400
2018-05-23,51.32500076293945,51.650001525878906,51.233333587646484,51.45833206176758,49.917850494384766,534000
2018-05-24,51.366668701171875,51.59166717529297,50.91666793823242,51.391666412353516,49.85318374633789,415200
2018-05-25,51.483333587646484,51.59000015258789,50.91666793823242,51.099998474121094,49.57024383544922,414600
2018-05-29,50.95000076293945,51.141666412353516,50.46666717529297,50.90833282470703,49.384315490722656,522000
2018-05-30,50.95000076293945,51.5,50.65833282470703,50.78333282470703,49.2630615234375,840600
2018-05-31,50.733333587646484,50.875,49.74333190917969,49.900001525878906,48.40616989135742,583800
2018-06-01,50.358333587646484,50.358333587646484,49.32500076293945,49.375,47.89688491821289,738000
2018-06-04,49.69166564941406,49.71666717529297,49.33333206176758,49.53333282470703,48.05047607421875,835800
2018-06-05,49.65833282470703,50.70000076293945,49.616668701171875,50.516666412353516,49.004371643066406,461400
2018-06-06,50.599998474121094,50.875,50.19166564941406,50.858333587646484,49.33580780029297,444000
2018-06-07,51.150001525878906,51.313331604003906,50.733333587646484,51.008331298828125,49.481319427490234,413400
2018-06-08,50.83333206176758,51.43333435058594,50.81666564941406,50.891666412353516,49.36814498901367,350400
2018-06-11,50.84166717529297,51.02166748046875,50.10166549682617,50.141666412353516,48.640594482421875,388800
2018-06-12,50.29166793823242,50.983333587646484,50.29166793823242,50.68333435058594,49.16604995727539,345600
2018-06-13,50.858333587646484,50.93000030517578,50.141666412353516,50.141666412353516,48.640594482421875,354600
2018-06-14,50.133331298828125,50.241668701171875,48.90833282470703,49.84166717529297,48.34957504272461,340800
2018-06-15,49.68333435058594,50.616668701171875,49.393333435058594,50.07500076293945,48.575927734375,706200
2018-06-18,49.94166564941406,50.54999923706055,49.858333587646484,50.46666717529297,48.95587158203125,286200
2018-06-19,50.20833206176758,50.78499984741211,49.724998474121094,50.599998474121094,49.08521270751953,329400
2018-06-20,50.58333206176758,50.883331298828125,50.04999923706055,50.05833435058594,48.55976104736328,480600
2018-06-21,50.06666564941406,50.258331298828125,49.391666412353516,49.900001525878906,48.40616989135742,337800
2018-06-22,50.016666412353516,50.391666412353516,49.84166717529297,50.17499923706055,48.67292785644531,1184400
2018-06-25,50.53333282470703,50.53333282470703,47.70000076293945,48.04999923706055,46.61154556274414,529800
2018-06-26,48.474998474121094,49.32500076293945,47.87666702270508,48.90833282470703,47.444190979003906,463800
2018-06-27,48.891666412353516,49.133331298828125,47.849998474121094,47.900001525878906,46.46604537963867,374400
2018-06-28,47.766666412353516,48.81666564941406,47.58333206176758,48.741668701171875,47.282508850097656,330600
2018-06-29,48.75,49.866668701171875,48.75,49.41666793823242,47.93730926513672,603600
2018-07-02,49.03333282470703,49.03333282470703,48.17499923706055,48.625,47.169334411621094,310200
2018-07-03,48.80833435058594,49.875,48.766666412353516,49.83333206176758,48.341495513916016,157200
2018-07-05,49.93333435058594,50.18333435058594,49.09166717529297,49.733333587646484,48.24448776245117,337200
2018-07-06,49.78333282470703,50.983333587646484,49.67499923706055,50.474998474121094,48.963951110839844,300600
2018-07-09,50.641666412353516,50.8216667175293,50.0,50.09166717529297,48.59210205078125,366000
2018-07-10,50.15833282470703,50.775001525878906,49.52333450317383,49.80833435058594,48.31724548339844,193200
2018-07-11,49.46666717529297,50.28333282470703,49.32500076293945,49.94166564941406,48.446590423583984,419400
2018-07-12,49.96666717529297,50.42499923706055,49.616668701171875,50.40833282470703,48.8992805480957,274200
2018-07-13,50.5,51.08333206176758,50.233333587646484,50.483333587646484,48.972042083740234,194400
2018-07-16,50.375,50.69166564941406,50.27166748046875,50.608333587646484,49.09329605102539,174600
2018-07-17,50.483333587646484,51.0,50.483333587646484,50.766666412353516,49.24688720703125,133800
2018-07-18,50.849998474121094,51.08333206176758,50.59166717529297,50.94166564941406,49.41665267944336,373200
2018-07-19,50.82500076293945,51.43333435058594,50.775001525878906,51.33333206176758,49.796592712402344,241800
2018-07-20,51.233333587646484,51.491668701171875,50.741668701171875,50.83333206176758,49.311553955078125,249000
2018-07-23,50.79999923706055,50.891666412353516,50.33333206176758,50.54999923706055,49.036712646484375,194400
2018-07-24,50.766666412353516,50.849998474121094,49.516666412353516,49.983333587646484,48.48700714111328,202800
2018-07-25,49.866668701171875,50.33333206176758,49.85499954223633,50.099998474121094,48.60017776489258,230400
2018-07-26,49.83333206176758,50.09166717529297,47.68333435058594,48.05833435058594,46.619632720947266,458400
2018-07-27,48.17499923706055,48.275001525878906,46.474998474121094,46.83333206176758,45.431304931640625,339600
2018-07-30,46.83333206176758,47.45000076293945,46.358333587646484,46.95833206176758,45.55256271362305,268200
2018-07-31,46.96666717529297,48.06666564941406,46.96666717529297,47.65833282470703,46.23161315917969,254400
2018-08-01,47.79999923706055,49.0,46.029998779296875,46.31666564941406,44.93010330200195,522600
2018-08-02,46.70000076293945,48.25,45.54999923706055,46.516666412353516,45.12411880493164,388800
2018-08-03,46.650001525878906,47.349998474121094,46.029998779296875,46.30833435058594,44.922027587890625,447600
2018-08-06,46.5,47.19166564941406,46.366668701171875,46.78333282470703,45.38280487060547,289200
2018-08-07,47.025001525878906,47.20000076293945,46.375,46.40833282470703,45.01902770996094,193200
2018-08-08,46.28333282470703,47.258331298828125,45.991668701171875,47.21666717529297,45.80316162109375,327600
2018-08-09,47.20833206176758,47.70833206176758,46.69166564941406,46.900001525878906,45.49597930908203,232200
2018-08-10,46.54999923706055,47.04166793823242,46.54999923706055,46.69166564941406,45.29387664794922,163800
2018-08-13,46.68333435058594,47.875,46.68333435058594,47.733333587646484,46.304359436035156,445800
2018-08-14,47.766666412353516,47.83333206176758,46.70000076293945,46.92499923706055,45.52022171020508,327600
2018-08-15,46.724998474121094,46.858333587646484,45.10166549682617,45.29999923706055,43.943870544433594,367800
2018-08-16,45.366668701171875,46.53333282470703,45.366668701171875,46.491668701171875,45.0998649597168,360600
2018-08-17,46.391666412353516,46.70000076293945,45.69166564941406,46.491668701171875,45.0998649597168,214800
2018-08-20,46.633331298828125,47.21666717529297,46.31666564941406,47.04166793823242,45.63340759277344,268200
2018-08-21,47.06666564941406,48.16666793823242,47.06666564941406,47.25,45.83549880981445,370200
2018-08-22,47.05833435058594,47.741668701171875,46.96666717529297,47.016666412353516,45.6091423034668,301200
2018-08-23,46.95833206176758,47.66666793823242,46.58333206176758,47.30833435058594,45.89208221435547,213000
2018-08-24,47.30833435058594,48.0,46.875,47.116668701171875,45.70616149902344,328800
2018-08-27,47.33333206176758,47.67499923706055,47.20833206176758,47.349998474121094,45.9325065612793,222600
2018-08-28,47.608333587646484,47.608333587646484,46.375,47.34166717529297,45.9244270324707,322800
2018-08-29,47.45000076293945,48.05833435058594,47.266666412353516,47.891666412353516,46.45795440673828,257400
2018-08-30,47.66666793823242,47.766666412353516,47.03333282470703,47.133331298828125,45.722328186035156,253200
2018-08-31,46.849998474121094,47.92499923706055,46.32500076293945,47.099998474121094,45.68998718261719,394200
2018-09-04,47.04166793823242,47.125,46.35166549682617,46.67499923706055,45.2777099609375,274200
2018-09-05,46.42499923706055,46.42499923706055,44.94166564941406,45.17499923706055,43.8226203918457,826200
2018-09-06,45.28333282470703,45.53333282470703,43.69166564941406,43.991668701171875,42.67471694946289,401400
2018-09-07,43.775001525878906,43.78333282470703,42.5,43.025001525878906,41.73698043823242,453600
2018-09-10,43.16666793823242,44.125,43.16666793823242,43.5,42.19776153564453,568800
2018-09-11,43.241668701171875,43.59166717529297,42.19166564941406,43.391666412353516,42.09267044067383,518400
2018-09-12,43.32500076293945,44.633331298828125,42.883331298828125,44.366668701171875,43.03847885131836,435600
2018-09-13,44.45000076293945,45.724998474121094,44.45000076293945,45.67499923706055,44.307647705078125,612000
2018-09-14,45.608333587646484,46.58333206176758,45.608333587646484,46.491668701171875,45.0998649597168,763200
2018-09-17,46.5,47.04999923706055,45.17499923706055,45.241668701171875,43.887290954589844,496200
2018-09-18,45.233333587646484,46.59166717529297,44.883331298828125,46.42499923706055,45.03519058227539,442800
2018-09-19,46.366668701171875,46.849998474121094,45.383331298828125,46.03333282470703,44.65525436401367,535800
2018-09-20,46.349998474121094,46.51333236694336,45.83333206176758,46.43333435058594,45.04328155517578,455400
2018-09-21,46.54166793823242,46.758331298828125,45.5,46.258331298828125,44.87351989746094,1140000
2018-09-24,45.91666793823242,46.18333435058594,45.03333282470703,45.650001525878906,44.28340148925781,638400
2018-09-25,45.83333206176758,46.5966682434082,45.58333206176758,46.43333435058594,45.04328155517578,349200
2018-09-26,46.25,47.349998474121094,46.04166793823242,46.099998474121094,44.71992111206055,543000
2018-09-27,46.150001525878906,47.150001525878906,45.78333282470703,46.46666717529297,45.075626373291016,482400
2018-09-28,46.383331298828125,47.18333435058594,46.016666412353516,46.28333282470703,44.89777374267578,630000
2018-10-01,46.5533332824707,47.62333297729492,46.133331298828125,46.91666793823242,45.51214599609375,428400
2018-10-02,46.788333892822266,47.39500045776367,46.68000030517578,46.8033332824707,45.40220260620117,372000
2018-10-03,46.45166778564453,48.026668548583984,46.45166778564453,47.48500061035156,46.06346130371094,340800
2018-10-04,47.311668395996094,47.311668395996094,46.563331604003906,47.108333587646484,45.69807052612305,299400
2018-10-05,47.266666412353516,47.266666412353516,45.086666107177734,45.9033317565918,44.52914810180664,672600
2018-10-08,45.82666778564453,46.413333892822266,45.22833251953125,46.176666259765625,44.7943000793457,462000
2018-10-09,46.03166580200195,47.81833267211914,46.025001525878906,47.348331451416016,45.93088912963867,447600
2018-10-10,47.151668548583984,47.19499969482422,46.23666763305664,46.3216667175293,44.93495559692383,720000
2018-10-11,46.253334045410156,47.83333206176758,45.871665954589844,45.95166778564453,44.57603454589844,610800
2018-10-12,46.80500030517578,46.93166732788086,45.45833206176758,46.676666259765625,45.279327392578125,661200
2018-10-15,46.54499816894531,47.474998474121094,45.83833312988281,47.223331451416016,45.80963134765625,639600
2018-10-16,47.435001373291016,48.165000915527344,47.223331451416016,47.38833236694336,45.96969223022461,604200
2018-10-17,47.176666259765625,47.80833435058594,46.44499969482422,47.481666564941406,46.06023406982422,354600
2018-10-18,47.2783317565918,47.5,46.52000045776367,46.6349983215332,45.23890686035156,872400
2018-10-19,46.720001220703125,46.94499969482422,45.334999084472656,45.5099983215332,44.147586822509766,596400
2018-10-22,45.676666259765625,46.099998474121094,44.77333450317383,45.008331298828125,43.66093826293945,580800
2018-10-23,44.46500015258789,44.46500015258789,42.871665954589844,43.27000045776367,41.97465133666992,968400
2018-10-24,43.16666793823242,43.9716682434082,41.793331146240234,41.866668701171875,40.61332702636719,758400
2018-10-25,42.30500030517578,43.70833206176758,41.83333206176758,43.16666793823242,41.8744010925293,906000
2018-10-26,43.0,43.0,41.038333892822266,41.62333297729492,40.37726974487305,1014600
2018-10-29,42.108333587646484,42.525001525878906,39.3033332824707,40.0,38.80254364013672,856200
2018-10-30,39.88166809082031,40.72999954223633,39.3466682434082,40.650001525878906,39.43307876586914,853800
2018-10-31,41.426666259765625,42.345001220703125,41.11000061035156,41.60166549682617,40.35625457763672,1033200
2018-11-01,43.64833450317383,46.01499938964844,41.668331146240234,45.106666564941406,43.75633239746094,2179800
2018-11-02,45.28666687011719,46.04666519165039,44.29833221435547,45.99833297729492,44.621299743652344,1262400
2018-11-05,46.186668395996094,46.581668853759766,44.33333206176758,44.686668395996094,43.34889602661133,786000
2018-11-06,44.56833267211914,45.51166534423828,44.56833267211914,44.793331146240234,43.45237350463867,718200
2018-11-07,45.643333435058594,46.301666259765625,44.91666793823242,46.040000915527344,44.6617317199707,721200
2018-11-08,45.834999084472656,46.334999084472656,45.34333419799805,45.70000076293945,44.33190155029297,561000
2018-11-09,45.418331146240234,45.733333587646484,43.880001068115234,44.16666793823242,42.84446716308594,682800
2018-11-12,44.349998474121094,44.57500076293945,43.154998779296875,43.3849983215332,42.08620071411133,607800
2018-11-13,43.35499954223633,44.185001373291016,43.151668548583984,43.3849983215332,42.08620071411133,442800
2018-11-14,43.41666793823242,44.43333435058594,43.060001373291016,43.165000915527344,41.8727912902832,410400
2018-11-15,43.25,43.69499969482422,42.42499923706055,43.66666793823242,42.35943603515625,426000
2018-11-16,43.415000915527344,44.28333282470703,42.79166793823242,44.16666793823242,42.84446716308594,746400
2018-11-19,44.10166549682617,45.005001068115234,43.51499938964844,44.18166732788086,42.8590202331543,914400
2018-11-20,43.563331604003906,44.04499816894531,42.88166809082031,43.45333480834961,42.15249252319336,827400
2018-11-21,43.72999954223633,44.654998779296875,43.72999954223633,43.99333190917969,42.67632293701172,382800
2018-11-23,43.91666793823242,44.88999938964844,43.28333282470703,43.91666793823242,42.601951599121094,149400
2018-11-26,44.45500183105469,45.23666763305664,44.290000915527344,45.130001068115234,43.77896499633789,511800
2018-11-27,44.79499816894531,45.369998931884766,44.52166748046875,44.79166793823242,43.45076370239258,328800
2018-11-28,45.10499954223633,46.4900016784668,44.60499954223633,46.20333480834961,44.82016372680664,536400
2018-11-29,46.10499954223633,46.529998779296875,44.849998474121094,46.255001068115234,44.87028503417969,358800
2018-11-30,46.380001068115234,47.241668701171875,46.119998931884766,46.293331146240234,44.907466888427734,501000
2018-12-03,47.17333221435547,47.32666778564453,46.258331298828125,46.76166534423828,45.36178970336914,410400
2018-12-04,46.779998779296875,47.54499816894531,44.8033332824707,44.95333480834961,43.60758972167969,722400
2018-12-06,44.470001220703125,45.0,42.5,44.73500061035156,43.65964126586914,832200
2018-12-07,44.685001373291016,45.20333480834961,43.2400016784668,43.74333190917969,42.691802978515625,1715400
2018-12-10,43.779998779296875,44.65666580200195,43.098331451416016,43.53499984741211,42.48848342895508,516000
2018-12-11,44.116668701171875,44.706668853759766,43.6150016784668,44.06666564941406,43.00737380981445,486000
2018-12-12,44.494998931884766,45.74833297729492,44.494998931884766,45.21833419799805,44.131351470947266,502800
2018-12-13,45.20166778564453,45.38166809082031,44.099998474121094,44.16999816894531,43.108219146728516,358200
2018-12-14,43.79166793823242,44.099998474121094,42.733333587646484,43.016666412353516,41.982608795166016,484800
2018-12-17,42.83333206176758,44.83000183105469,41.793331146240234,42.378334045410156,41.359619140625,540600
2018-12-18,43.17333221435547,43.391666412353516,42.371665954589844,42.3849983215332,41.366127014160156,520200
2018-12-19,42.630001068115234,43.369998931884766,41.121665954589844,41.224998474121094,40.23401641845703,478800
2018-12-20,41.21500015258789,41.45333480834961,39.95500183105469,40.741668701171875,39.76230239868164,478800
2018-12-21,40.685001373291016,41.2400016784668,38.95500183105469,38.95500183105469,38.018585205078125,1404600
2018-12-24,38.563331604003906,39.15666580200195,37.288333892822266,37.42499923706055,36.52535629272461,1313400
2018-12-26,37.72833251953125,39.143333435058594,37.69166564941406,39.11166763305664,38.17148208618164,697200
2018-12-27,38.79666519165039,39.55833435058594,37.301666259765625,39.426666259765625,38.478912353515625,1095000
2018-12-28,39.41666793823242,40.151668548583984,38.66166687011719,39.525001525878906,38.57487869262695,656400
2018-12-31,39.92166519165039,40.65666580200195,39.313331604003906,40.65666580200195,39.67934036254883,763200
2019-01-02,40.09166717529297,41.09166717529297,39.55666732788086,40.40666580200195,39.43535232543945,664800
2019-01-03,40.061668395996094,40.061668395996094,38.686668395996094,38.77000045776367,37.838035583496094,675600
2019-01-04,39.375,40.30500030517578,38.76333236694336,40.2216682434082,39.254798889160156,730800
2019-01-07,40.301666259765625,41.79499816894531,40.223331451416016,41.59000015258789,40.590240478515625,811200
2019-01-08,41.91666793823242,42.253334045410156,41.413333892822266,42.04833221435547,41.03755569458008,502200
2019-01-09,42.15833282470703,42.63999938964844,41.50166702270508,42.516666412353516,41.494625091552734,1404600
2019-01-10,42.17499923706055,43.13833236694336,42.14666748046875,43.09166717529297,42.05580520629883,459000
2019-01-11,44.97666549682617,44.97666549682617,42.94499969482422,44.0533332824707,42.99435806274414,822600
2019-01-14,43.91999816894531,43.91999816894531,43.165000915527344,43.349998474121094,42.30792999267578,452400
2019-01-15,43.52166748046875,43.564998626708984,42.9900016784668,43.494998931884766,42.449440002441406,573600
2019-01-16,43.595001220703125,44.01166534423828,43.06833267211914,43.1150016784668,42.078575134277344,523800
2019-01-17,42.92499923706055,43.948333740234375,42.92499923706055,43.685001373291016,42.6348762512207,811200
2019-01-18,43.81666564941406,44.63999938964844,43.75,44.52333450317383,43.45306396484375,468600
2019-01-22,44.45000076293945,45.508331298828125,43.538333892822266,44.378334045410156,43.31155014038086,918000
2019-01-23,44.46833419799805,44.56999969482422,43.836666107177734,44.25,43.186302185058594,480600
2019-01-24,44.198333740234375,45.220001220703125,44.198333740234375,44.75,43.674278259277344,371400
2019-01-25,45.108333587646484,45.496665954589844,44.43000030517578,44.5,43.4302864074707,417000
2019-01-28,43.959999084472656,45.67499923706055,43.85499954223633,45.154998779296875,44.069541931152344,359400
2019-01-29,45.150001525878906,45.21500015258789,44.630001068115234,44.849998474121094,43.77187728881836,405400
2019-01-30,45.060001373291016,45.685001373291016,44.880001068115234,45.564998626708984,44.46968460083008,382000
2019-01-31,45.505001068115234,46.16999816894531,45.07500076293945,45.9900016784668,44.88447189331055,508600
2019-02-01,45.95500183105469,46.22999954223633,45.775001525878906,46.13999938964844,45.030860900878906,365200
2019-02-04,46.26499938964844,46.494998931884766,45.779998779296875,46.275001525878906,45.162620544433594,589800
2019-02-05,46.29999923706055,46.834999084472656,45.66999816894531,45.95000076293945,44.845428466796875,834000
2019-02-06,45.9900016784668,46.51499938964844,45.5,46.20000076293945,45.089420318603516,581200
2019-02-07,46.11000061035156,46.3849983215332,45.45500183105469,45.709999084472656,44.611202239990234,334600
2019-02-08,45.47999954223633,46.349998474121094,45.244998931884766,45.849998474121094,44.747833251953125,245600
2019-02-11,45.970001220703125,46.70000076293945,45.790000915527344,46.65999984741211,45.538368225097656,341800
2019-02-12,47.0,47.22999954223633,46.755001068115234,47.0,45.87018966674805,271600
2019-02-13,47.38999938964844,47.8849983215332,47.064998626708984,47.470001220703125,46.328887939453125,334200
2019-02-14,47.32500076293945,47.5099983215332,46.57500076293945,47.099998474121094,45.9677848815918,455600
2019-02-15,47.39500045776367,47.91999816894531,47.04999923706055,47.55500030517578,46.4118537902832,372800
2019-02-19,47.63999938964844,48.119998931884766,47.525001525878906,47.814998626708984,46.66559982299805,536800
2019-02-20,47.814998626708984,48.05500030517578,47.58000183105469,47.95500183105469,46.80223846435547,428800
2019-02-21,47.994998931884766,47.994998931884766,47.349998474121094,47.810001373291016,46.66072463989258,346200
2019-02-22,48.01499938964844,48.584999084472656,47.665000915527344,48.44499969482422,47.280452728271484,453800
2019-02-25,48.82500076293945,49.11000061035156,48.48500061035156,48.540000915527344,47.37317657470703,499400
2019-02-26,48.40999984741211,49.130001068115234,48.27000045776367,48.82500076293945,47.65132522583008,552400
2019-02-27,48.720001220703125,49.185001373291016,48.11000061035156,48.255001068115234,47.09502029418945,532200
2019-02-28,49.04999923706055,49.04999923706055,45.5,46.900001525878906,45.77259826660156,925600
2019-03-01,46.78499984741211,47.02000045776367,46.19499969482422,46.79499816894531,45.67012023925781,589800
2019-03-04,47.01499938964844,47.04499816894531,45.07500076293945,45.255001068115234,44.16714096069336,714200
2019-03-05,45.35499954223633,45.900001525878906,44.90999984741211,44.95000076293945,43.869468688964844,557000
2019-03-06,45.03499984741211,45.40999984741211,44.345001220703125,44.59000015258789,43.518123626708984,646400
2019-03-07,44.525001525878906,44.595001220703125,43.6349983215332,43.720001220703125,42.669036865234375,537600
2019-03-08,43.474998474121094,43.97999954223633,43.19499969482422,43.689998626708984,42.63975524902344,418400
2019-03-11,43.95000076293945,44.56999969482422,43.474998474121094,44.5,43.4302864074707,477800
2019-03-12,44.41999816894531,44.560001373291016,43.67499923706055,43.744998931884766,42.69343948364258,334200
2019-03-13,43.904998779296875,44.05500030517578,43.209999084472656,43.22999954223633,42.19081497192383,507600
2019-03-14,43.209999084472656,43.32500076293945,42.42499923706055,42.89500045776367,41.86387252807617,431000
2019-03-15,42.92499923706055,43.595001220703125,42.43000030517578,42.69499969482422,41.668678283691406,798200
2019-03-18,43.029998779296875,43.14500045776367,42.525001525878906,42.75,41.72235870361328,409400
2019-03-19,42.869998931884766,42.994998931884766,42.005001068115234,42.275001525878906,41.2587776184082,755800
2019-03-20,42.34000015258789,42.75,41.525001525878906,42.21500015258789,41.20021438598633,603400
2019-03-21,41.974998474121094,43.36000061035156,41.974998474121094,43.25,42.2103385925293,446400
2019-03-22,42.915000915527344,43.26499938964844,42.38999938964844,42.404998779296875,41.38564682006836,398000
2019-03-25,42.375,43.369998931884766,42.125,43.0099983215332,41.976104736328125,396400
2019-03-26,43.525001525878906,44.099998474121094,42.8650016784668,43.400001525878906,42.35673522949219,448200
2019-03-27,43.39500045776367,43.70000076293945,42.36000061035156,42.84000015258789,41.81018829345703,443200
2019-03-28,43.064998626708984,44.375,43.064998626708984,44.19499969482422,43.13261795043945,529000
2019-03-29,44.20500183105469,45.560001373291016,44.20500183105469,45.130001068115234,44.045143127441406,827400
2019-04-01,45.415000915527344,45.81999969482422,44.90999984741211,45.32500076293945,44.235450744628906,382200
2019-04-02,45.32500076293945,45.32500076293945,44.64500045776367,44.93000030517578,43.849952697753906,382000
2019-04-03,45.2599983215332,45.650001525878906,45.025001525878906,45.32500076293945,44.235450744628906,414200
2019-04-04,45.415000915527344,45.415000915527344,44.89500045776367,45.20500183105469,44.118343353271484,276000
2019-04-05,45.25,46.040000915527344,45.25,46.0,44.894229888916016,395000
2019-04-08,45.994998931884766,46.165000915527344,45.529998779296875,45.8849983215332,44.78199005126953,279000
2019-04-09,45.79499816894531,45.82500076293945,44.67499923706055,44.82500076293945,43.74747085571289,335200
2019-04-10,44.994998931884766,46.119998931884766,44.994998931884766,45.89500045776367,44.79175567626953,385600
2019-04-11,46.005001068115234,46.400001525878906,45.79999923706055,45.904998779296875,44.801509857177734,374400
2019-04-12,46.084999084472656,46.83000183105469,45.974998474121094,46.689998626708984,45.5676383972168,336000
2019-04-15,46.69499969482422,46.95500183105469,45.68000030517578,46.25,45.138221740722656,322200
2019-04-16,46.45500183105469,47.025001525878906,46.290000915527344,46.724998474121094,45.601802825927734,347200
2019-04-17,46.85499954223633,46.880001068115234,46.15999984741211,46.45000076293945,45.333412170410156,364400
2019-04-18,46.40999984741211,47.02000045776367,46.03499984741211,46.15999984741211,45.050384521484375,364600
2019-04-22,45.79999923706055,45.94499969482422,45.04499816894531,45.20000076293945,44.11346435546875,670400
2019-04-23,45.3650016784668,45.54499816894531,44.70000076293945,44.75,43.674278259277344,1459000
2019-04-24,44.8650016784668,46.720001220703125,44.494998931884766,46.08000183105469,44.97231674194336,1481400
2019-04-25,48.08000183105469,49.25,47.025001525878906,47.1150016784668,45.982421875,1344600
2019-04-26,47.40999984741211,50.11000061035156,47.369998931884766,49.95500183105469,48.75415802001953,1022600
2019-04-29,49.849998474121094,51.095001220703125,49.599998474121094,50.904998779296875,49.68131637573242,918600
2019-04-30,50.790000915527344,51.07500076293945,50.29499816894531,50.42499923706055,49.21285629272461,1089200
2019-05-01,50.54499816894531,50.915000915527344,48.90999984741211,49.599998474121094,48.407691955566406,960800
2019-05-02,49.43000030517578,50.959999084472656,49.099998474121094,50.404998779296875,49.193336486816406,1589000
2019-05-03,50.755001068115234,51.29499816894531,50.3849983215332,51.17499923706055,49.944828033447266,622200
2019-05-06,50.52000045776367,50.95000076293945,49.775001525878906,49.80500030517578,48.607765197753906,748400
2019-05-07,49.474998474121094,49.650001525878906,47.5,47.77000045776367,46.621681213378906,844400
2019-05-08,47.63999938964844,48.459999084472656,47.5,47.98500061035156,46.831512451171875,583000
2019-05-09,47.560001373291016,48.959999084472656,47.314998626708984,48.60499954223633,47.43660354614258,608800
2019-05-10,48.29999923706055,49.095001220703125,47.45000076293945,48.755001068115234,47.583003997802734,444200
2019-05-13,47.779998779296875,48.11000061035156,47.189998626708984,47.849998474121094,46.69976043701172,468800
2019-05-14,47.86000061035156,48.17499923706055,47.58000183105469,47.60499954223633,46.46064376831055,289600
2019-05-15,47.209999084472656,48.189998626708984,46.94499969482422,48.0,46.846153259277344,355400
2019-05-16,48.11000061035156,49.060001373291016,48.040000915527344,48.7599983215332,47.5878791809082,450000
2019-05-17,48.435001373291016,49.084999084472656,48.10499954223633,48.404998779296875,47.24141311645508,392400
2019-05-20,48.07500076293945,48.69499969482422,47.6150016784668,48.46500015258789,47.29997634887695,375600
2019-05-21,48.84000015258789,49.334999084472656,48.64500045776367,48.845001220703125,47.670841217041016,767200
2019-05-22,48.61000061035156,48.93000030517578,47.810001373291016,48.154998779296875,46.9974250793457,360000
2019-05-23,47.834999084472656,48.32500076293945,47.47999954223633,47.630001068115234,46.48504638671875,638000
2019-05-24,47.974998474121094,48.380001068115234,47.64500045776367,48.165000915527344,47.0071907043457,355800
2019-05-28,48.26499938964844,48.810001373291016,47.97999954223633,48.025001525878906,46.870548248291016,338000
2019-05-29,47.665000915527344,48.11000061035156,47.28499984741211,47.869998931884766,46.71928024291992,671200
2019-05-30,48.04999923706055,48.525001525878906,47.625,48.185001373291016,47.02670669555664,607600
2019-05-31,47.61000061035156,49.349998474121094,47.41999816894531,49.290000915527344,48.10514450073242,757200
2019-06-03,50.5,50.650001525878906,49.3650016784668,49.56999969482422,48.37841033935547,776200
2019-06-04,50.095001220703125,51.45000076293945,49.36000061035156,51.38999938964844,50.1546630859375,1050600
2019-06-05,52.39500045776367,54.9900016784668,51.900001525878906,54.53499984741211,53.22406005859375,1517200
2019-06-06,54.564998626708984,55.23500061035156,54.255001068115234,55.130001068115234,53.80475616455078,839600
2019-06-07,55.900001525878906,56.98500061035156,55.494998931884766,56.1349983215332,54.78560256958008,641800
2019-06-10,56.33000183105469,57.439998626708984,56.33000183105469,57.095001220703125,55.7225227355957,592600
2019-06-11,57.435001373291016,57.68000030517578,55.869998931884766,56.375,55.01982879638672,862000
2019-06-12,56.48500061035156,57.20000076293945,56.42499923706055,57.19499969482422,55.82011795043945,390600
2019-06-13,57.474998474121094,57.81999969482422,56.625,57.0099983215332,55.63957214355469,368000
2019-06-14,56.915000915527344,57.584999084472656,56.775001525878906,57.255001068115234,55.8786735534668,290400
2019-06-17,57.29999923706055,57.4900016784668,56.8650016784668,57.095001220703125,55.7225227355957,291800
2019-06-18,57.41999816894531,57.974998474121094,57.119998931884766,57.89500045776367,56.503292083740234,339200
2019-06-19,57.53499984741211,58.32500076293945,55.255001068115234,57.970001220703125,56.57649230957031,432800
2019-06-20,58.29999923706055,58.56999969482422,56.63999938964844,56.71500015258789,55.35165786743164,741600
2019-06-21,56.470001220703125,56.875,55.80500030517578,56.125,54.775840759277344,839200
2019-06-24,55.84000015258789,56.14500045776367,55.125,55.38999938964844,54.058502197265625,491600
2019-06-25,55.6150016784668,55.83000183105469,54.28499984741211,54.70500183105469,53.389976501464844,444400
2019-06-26,54.724998474121094,55.834999084472656,54.310001373291016,55.5099983215332,54.17562484741211,517800
2019-06-27,55.665000915527344,56.79999923706055,55.400001525878906,56.72999954223633,55.366294860839844,499600
2019-06-28,56.775001525878906,57.775001525878906,56.375,57.53499984741211,56.151947021484375,1039400
2019-07-01,58.0,58.5099983215332,57.470001220703125,58.209999084472656,56.81071853637695,597600
2019-07-02,58.39500045776367,58.8849983215332,57.974998474121094,58.56999969482422,57.16206359863281,370400
2019-07-03,58.68000030517578,59.35499954223633,58.599998474121094,59.01499938964844,57.59636688232422,228800
2019-07-05,58.72999954223633,59.400001525878906,58.58000183105469,59.189998626708984,57.76716232299805,245600
2019-07-08,58.654998779296875,59.44499969482422,58.650001525878906,59.10499954223633,57.6842041015625,361600
2019-07-09,58.755001068115234,59.35499954223633,58.20000076293945,58.46500015258789,57.05958557128906,273000
2019-07-10,58.685001373291016,58.849998474121094,57.775001525878906,58.4900016784668,57.0839958190918,498600
2019-07-11,58.53499984741211,58.6150016784668,57.04999923706055,57.3650016784668,55.98603439331055,366200
2019-07-12,57.540000915527344,59.0099983215332,57.26499938964844,58.81999969482422,57.40605545043945,316600
2019-07-15,59.04499816894531,59.3650016784668,58.3849983215332,58.599998474121094,57.191349029541016,223000
2019-07-16,58.41999816894531,59.220001220703125,58.41999816894531,59.0099983215332,57.59148406982422,312000
2019-07-17,59.0,59.0,58.19499969482422,58.584999084472656,57.17670440673828,339400
2019-07-18,58.63999938964844,59.220001220703125,58.349998474121094,58.8650016784668,57.44997787475586,289600
2019-07-19,58.744998931884766,58.7599983215332,57.85499954223633,57.915000915527344,56.52281188964844,315000
2019-07-22,57.875,58.345001220703125,57.54999923706055,58.22999954223633,56.83023452758789,386600
2019-07-23,58.39500045776367,59.3849983215332,57.915000915527344,59.36000061035156,57.933074951171875,434800
2019-07-24,59.52000045776367,60.72999954223633,59.04999923706055,60.4900016784668,59.035911560058594,837000
2019-07-25,60.1150016784668,60.76499938964844,59.47999954223633,59.5,58.069705963134766,439400
2019-07-26,59.64500045776367,60.59000015258789,59.64500045776367,60.01499938964844,58.57233428955078,416400
2019-07-29,60.1349983215332,60.814998626708984,59.564998626708984,60.689998626708984,59.23109817504883,577600
2019-07-30,60.11000061035156,61.525001525878906,59.85499954223633,61.35499954223633,59.8801155090332,449200
2019-07-31,61.27000045776367,61.38999938964844,59.7599983215332,59.82500076293945,58.386898040771484,961800
2019-08-01,66.36499786376953,66.36499786376953,60.720001220703125,63.1150016784668,61.59781265258789,1021400
2019-08-02,63.029998779296875,63.029998779296875,59.994998931884766,60.17499923706055,58.728485107421875,763600
2019-08-05,58.61000061035156,59.375,56.939998626708984,57.44499969482422,56.06410598754883,610200
2019-08-06,58.02000045776367,59.4900016784668,57.459999084472656,59.220001220703125,57.79644012451172,471600
2019-08-07,58.15999984741211,59.23500061035156,57.900001525878906,58.63999938964844,57.230384826660156,491000
2019-08-08,59.334999084472656,60.744998931884766,59.01499938964844,60.689998626708984,59.23109817504883,560400
2019-08-09,60.380001068115234,60.71500015258789,59.54999923706055,60.5099983215332,59.0554313659668,404600
2019-08-12,59.85499954223633,60.0,59.18000030517578,59.220001220703125,57.79644012451172,238400
2019-08-13,58.994998931884766,60.79999923706055,58.994998931884766,60.18000030517578,58.733360290527344,364200
2019-08-14,59.275001525878906,59.939998626708984,57.98500061035156,58.52000045776367,57.11326599121094,471200
2019-08-15,58.52000045776367,58.7400016784668,57.86000061035156,58.369998931884766,56.96687316894531,268200
2019-08-16,58.93000030517578,59.650001525878906,58.505001068115234,59.400001525878906,57.97211456298828,249600
2019-08-19,60.29999923706055,61.43000030517578,59.95000076293945,60.220001220703125,58.772403717041016,386400
2019-08-20,59.88999938964844,60.595001220703125,59.584999084472656,60.435001373291016,58.982234954833984,297000
2019-08-21,61.13999938964844,61.29999923706055,60.459999084472656,60.724998474121094,59.2652587890625,377200
2019-08-22,60.89500045776367,62.04499816894531,60.22999954223633,62.0,60.509613037109375,390800
2019-08-23,61.5,61.59000015258789,60.39500045776367,60.64500045776367,59.18718338012695,519400
2019-08-26,61.435001373291016,62.14500045776367,60.685001373291016,61.900001525878906,60.412017822265625,598800
2019-08-27,62.439998626708984,62.439998626708984,61.150001525878906,61.78499984741211,60.299781799316406,440200
2019-08-28,61.53499984741211,62.39500045776367,60.5099983215332,62.35499954223633,60.8560791015625,429400
2019-08-29,62.61000061035156,63.255001068115234,62.35499954223633,62.53499984741211,61.0317497253418,346800
2019-08-30,62.79499816894531,63.290000915527344,61.53499984741211,61.630001068115234,60.14850616455078,353600
2019-09-03,61.47999954223633,61.47999954223633,59.3650016784668,60.095001220703125,58.65040969848633,433200
2019-09-04,60.72999954223633,61.61000061035156,60.32500076293945,61.415000915527344,59.93867492675781,409400
2019-09-05,61.900001525878906,63.16999816894531,61.900001525878906,62.0099983215332,60.51936721801758,518600
2019-09-06,62.625,62.849998474121094,62.09000015258789,62.5,60.997589111328125,435200
2019-09-09,62.6150016784668,62.744998931884766,61.040000915527344,62.334999084472656,60.83655548095703,460000
2019-09-10,61.9900016784668,62.04999923706055,60.04499816894531,61.34000015258789,59.865478515625,532600
2019-09-11,61.689998626708984,62.44499969482422,61.39500045776367,61.5099983215332,60.03139114379883,436600
2019-09-12,61.380001068115234,62.564998626708984,61.099998474121094,61.779998779296875,60.29490280151367,387600
2019-09-13,62.01499938964844,62.68000030517578,61.8849983215332,62.244998931884766,60.74871826171875,342800
2019-09-16,61.810001373291016,62.875,61.494998931884766,61.75,60.265621185302734,341400
2019-09-17,61.595001220703125,62.32500076293945,61.56999969482422,61.86000061035156,60.372982025146484,326200
2019-09-18,61.45500183105469,62.29999923706055,61.45500183105469,62.04999923706055,60.55841064453125,300000
2019-09-19,62.224998474121094,63.0,61.82500076293945,61.86000061035156,60.372982025146484,304600
2019-09-20,61.94499969482422,62.39500045776367,60.994998931884766,61.51499938964844,60.03627395629883,853600
2019-09-23,61.279998779296875,62.36000061035156,61.025001525878906,61.63999938964844,60.15827178955078,380600
2019-09-24,61.880001068115234,62.400001525878906,60.78499984741211,60.93000030517578,59.465335845947266,356800
2019-09-25,60.95000076293945,62.040000915527344,60.58000183105469,61.849998474121094,60.36322021484375,690000
2019-09-26,61.625,61.970001220703125,60.71500015258789,61.310001373291016,59.836204528808594,538800
2019-09-27,61.525001525878906,61.7400016784668,60.665000915527344,61.005001068115234,59.53852844238281,450600
2019-09-30,61.07500076293945,61.95500183105469,61.0,61.72999954223633,60.2461051940918,423600
2019-10-01,61.810001373291016,62.525001525878906,61.45000076293945,61.48500061035156,60.006988525390625,306000
2019-10-02,60.95000076293945,61.67499923706055,60.435001373291016,61.45000076293945,59.972835540771484,341000
2019-10-03,61.150001525878906,62.099998474121094,60.6349983215332,62.05500030517578,60.56329345703125,349800
2019-10-04,62.220001220703125,64.27999877929688,62.099998474121094,64.16999816894531,62.627445220947266,439600
2019-10-07,64.04000091552734,64.58000183105469,63.1150016784668,64.3499984741211,62.80311584472656,425600
2019-10-08,64.3499984741211,65.6500015258789,63.30500030517578,64.88500213623047,63.32526397705078,910400
2019-10-09,65.44499969482422,65.63500213623047,63.775001525878906,65.04000091552734,63.476539611816406,757400
2019-10-10,64.86000061035156,65.48500061035156,64.63999938964844,64.73500061035156,63.17886734008789,509600
2019-10-11,64.72000122070312,66.23999786376953,64.72000122070312,65.625,64.04747772216797,608200
2019-10-14,65.2300033569336,65.67500305175781,64.69499969482422,65.19499969482422,63.62781524658203,470600
2019-10-15,65.55500030517578,65.71499633789062,64.7249984741211,64.93499755859375,63.37405014038086,609200
2019-10-16,64.73999786376953,65.07499694824219,63.69499969482422,65.01499938964844,63.4521369934082,619200
2019-10-17,65.125,65.7699966430664,64.75499725341797,64.82499694824219,63.26670455932617,469400
2019-10-18,64.46499633789062,65.75499725341797,64.41000366210938,65.65499877929688,64.07674407958984,1725200
2019-10-21,66.27999877929688,66.7750015258789,65.30500030517578,65.38500213623047,63.813236236572266,579000
2019-10-22,65.48999786376953,65.98999786376953,65.09500122070312,65.62999725341797,64.05235290527344,435000
2019-10-23,65.43499755859375,66.0,65.23999786376953,65.68000030517578,64.10115814208984,469600
2019-10-24,65.6449966430664,66.55500030517578,65.58499908447266,66.16999816894531,64.5793685913086,268400
2019-10-25,66.0,66.95500183105469,66.0,66.73500061035156,65.13079071044922,716400
2019-10-28,66.88999938964844,67.66000366210938,66.5999984741211,66.87999725341797,65.27230072021484,501600
2019-10-29,66.76499938964844,67.42500305175781,66.26000213623047,66.36499786376953,64.7696762084961,383800
2019-10-30,66.3550033569336,66.9749984741211,65.34500122070312,66.68499755859375,65.08198547363281,559200
2019-10-31,66.0,67.0999984741211,62.59000015258789,64.99500274658203,63.432613372802734,1178400
2019-11-01,65.2750015258789,65.69999694824219,63.57500076293945,64.55500030517578,63.00320053100586,566600
2019-11-04,64.48999786376953,64.48999786376953,61.9900016784668,62.1349983215332,60.6413688659668,927400
2019-11-05,62.14500045776367,62.54999923706055,61.01499938964844,61.58000183105469,60.09971237182617,836600
2019-11-06,62.08000183105469,62.57500076293945,61.02000045776367,61.189998626708984,59.71908187866211,617600
2019-11-07,61.58000183105469,62.25,60.904998779296875,61.790000915527344,60.30466079711914,792000
2019-11-08,62.22999954223633,63.540000915527344,61.9900016784668,62.584999084472656,61.08055114746094,353400
2019-11-11,62.529998779296875,63.42499923706055,62.310001373291016,63.130001068115234,61.612449645996094,380200
2019-11-12,63.17499923706055,63.53499984741211,62.599998474121094,62.939998626708984,61.42702102661133,420800
2019-11-13,62.630001068115234,63.6150016784668,62.31999969482422,62.974998474121094,61.461177825927734,371400
2019-11-14,62.790000915527344,63.73500061035156,62.790000915527344,63.22999954223633,61.71004867553711,434000
2019-11-15,63.6349983215332,63.65999984741211,62.689998626708984,63.255001068115234,61.73444366455078,343800
2019-11-18,63.154998779296875,64.4800033569336,63.154998779296875,64.125,62.583534240722656,389600
2019-11-19,64.33000183105469,64.37000274658203,63.57500076293945,63.84000015258789,62.305381774902344,387000
2019-11-20,63.564998626708984,64.94000244140625,63.564998626708984,64.69999694824219,63.144710540771484,519200
2019-11-21,64.95999908447266,64.95999908447266,63.970001220703125,64.125,62.583534240722656,548200
2019-11-22,64.43499755859375,64.63999938964844,64.0999984741211,64.26499938964844,62.72017288208008,962800
2019-11-25,64.5199966430664,66.38999938964844,64.5,65.81999969482422,64.23778533935547,1078000
2019-11-26,66.0999984741211,66.4800033569336,65.06999969482422,65.5199966430664,63.94498825073242,844400
2019-11-27,65.68000030517578,67.11000061035156,65.625,66.19499969482422,64.60377502441406,728600
2019-11-29,66.01499938964844,66.2249984741211,64.93499755859375,65.00499725341797,63.44237518310547,188200
2019-12-02,65.05500030517578,65.08000183105469,63.93000030517578,64.83499908447266,63.27646255493164,355400
2019-12-03,64.25,64.8499984741211,63.939998626708984,64.69999694824219,63.144710540771484,348600
2019-12-04,64.7300033569336,65.53500366210938,64.54000091552734,64.92500305175781,63.36429977416992,361400
2019-12-05,64.8949966430664,65.12000274658203,64.52999877929688,64.86499786376953,63.590267181396484,314400
2019-12-06,65.26000213623047,66.06500244140625,64.38500213623047,65.70500183105469,64.41376495361328,504600
2019-12-09,65.66000366210938,65.94999694824219,65.31999969482422,65.56500244140625,64.27650451660156,354400
2019-12-10,65.5199966430664,65.95500183105469,65.29499816894531,65.94499969482422,64.64904022216797,248800
2019-12-11,66.12000274658203,66.79499816894531,65.82499694824219,66.7750015258789,65.4627456665039,288600
2019-12-12,66.6500015258789,67.92500305175781,66.40499877929688,67.20500183105469,65.88428497314453,532400
2019-12-13,67.1449966430664,67.76000213623047,66.8499984741211,67.7249984741211,66.39407348632812,631000
2019-12-16,68.47000122070312,68.70999908447266,67.55000305175781,67.66000366210938,66.3303451538086,459400
2019-12-17,67.71499633789062,67.8949966430664,66.8499984741211,67.29499816894531,65.9725112915039,306800
2019-12-18,67.51499938964844,67.5250015258789,66.68499755859375,66.7249984741211,65.41371154785156,394400
2019-12-19,66.94499969482422,67.54499816894531,66.45999908447266,67.5199966430664,66.19309997558594,344400
2019-12-20,67.7249984741211,68.2699966430664,66.68499755859375,67.08999633789062,65.77153778076172,862400
2019-12-23,67.2699966430664,67.77999877929688,66.88500213623047,67.03500366210938,65.71762084960938,374800
2019-12-24,66.94999694824219,67.16500091552734,66.50499725341797,66.7249984741211,65.41371154785156,140400
2019-12-26,66.86000061035156,67.7699966430664,66.56999969482422,67.62000274658203,66.29113006591797,358000
2019-12-27,67.6449966430664,68.1449966430664,67.42500305175781,68.08999633789062,66.75189208984375,265400
2019-12-30,68.06500244140625,68.73500061035156,67.45500183105469,68.62999725341797,67.28128051757812,350000
2019-12-31,68.6050033569336,69.08499908447266,68.41000366210938,68.5999984741211,67.25187683105469,634400
2020-01-02,68.93499755859375,68.93499755859375,66.95999908447266,67.8949966430664,66.56072235107422,533200
2020-01-03,67.1500015258789,67.77999877929688,66.2750015258789,67.47000122070312,66.14408111572266,523800
2020-01-06,67.0,67.66500091552734,66.61499786376953,67.20500183105469,65.88428497314453,293800
2020-01-07,66.88500213623047,67.55500030517578,66.375,67.08999633789062,65.77153778076172,273600
2020-01-08,67.0199966430664,68.63500213623047,67.0199966430664,67.80500030517578,66.47248840332031,527200
2020-01-09,68.11499786376953,68.83499908447266,67.95500183105469,68.59500122070312,67.2469711303711,318800
2020-01-10,68.59500122070312,68.94499969482422,67.53500366210938,67.88500213623047,66.5509262084961,314800
2020-01-13,68.13500213623047,69.90499877929688,67.80000305175781,69.83999633789062,68.46749877929688,614200
2020-01-14,69.58000183105469,70.5,69.17500305175781,70.04499816894531,68.6684799194336,382200
2020-01-15,69.95999908447266,71.61000061035156,69.56999969482422,70.34500122070312,68.96257019042969,467200
2020-01-16,70.72000122070312,72.08999633789062,70.51499938964844,71.98500061035156,70.57035064697266,356000
2020-01-17,72.41999816894531,72.6500015258789,71.7249984741211,72.56500244140625,71.13896179199219,272400
2020-01-21,72.125,72.86499786376953,71.4800033569336,71.63500213623047,70.22722625732422,385200
2020-01-22,71.8949966430664,72.80000305175781,70.80500030517578,71.11499786376953,69.71743774414062,295000
2020-01-23,70.65499877929688,71.8499984741211,70.23500061035156,71.5199966430664,70.11447143554688,364000
2020-01-24,71.55000305175781,71.8499984741211,70.65499877929688,71.48500061035156,70.0801773071289,330200
2020-01-27,70.05999755859375,71.76000213623047,69.1500015258789,71.26000213623047,69.85960388183594,266000
2020-01-28,71.62000274658203,72.80500030517578,71.32499694824219,72.33499908447266,70.91345977783203,327200
2020-01-29,72.36499786376953,73.06999969482422,72.11499786376953,72.65499877929688,71.22718048095703,226200
2020-01-30,72.29499816894531,73.43499755859375,71.83000183105469,73.31999969482422,71.87911224365234,236400
2020-01-31,73.23500061035156,73.44999694824219,71.23999786376953,72.19000244140625,70.77132415771484,635200
2020-02-03,72.32499694824219,74.63500213623047,72.32499694824219,74.27999877929688,72.82025146484375,485400
2020-02-04,74.98500061035156,76.19999694824219,74.7750015258789,76.05999755859375,74.56526184082031,493800
2020-02-05,76.7699966430664,76.7699966430664,74.95500183105469,75.84500122070312,74.35449981689453,287000
2020-02-06,76.00499725341797,76.91999816894531,75.79499816894531,76.76499938964844,75.25640869140625,224800
2020-02-07,76.27999877929688,77.41999816894531,75.67500305175781,77.375,75.85442352294922,382400
2020-02-10,77.34500122070312,79.6050033569336,76.8499984741211,78.98500061035156,77.43278503417969,478800
2020-02-11,79.73500061035156,80.4000015258789,78.98999786376953,79.91999816894531,78.34941101074219,527800
2020-02-12,80.20500183105469,80.875,79.58499908447266,80.12999725341797,78.55529022216797,369400
2020-02-13,79.83999633789062,81.81500244140625,79.80000305175781,80.8499984741211,79.26113891601562,415800
2020-02-14,80.94000244140625,81.15499877929688,80.16500091552734,81.09500122070312,79.50131225585938,298800
2020-02-18,81.16500091552734,82.11000061035156,80.27999877929688,82.1050033569336,80.49148559570312,589800
2020-02-19,82.52999877929688,83.76499938964844,82.16500091552734,82.18499755859375,80.56988525390625,350000
2020-02-20,82.18499755859375,82.87999725341797,79.74500274658203,81.72000122070312,80.1140365600586,385800
2020-02-21,81.7300033569336,81.7300033569336,80.38500213623047,80.62000274658203,79.03565216064453,235200
2020-02-24,78.58000183105469,79.45500183105469,77.53500366210938,78.43000030517578,76.88870239257812,572400
2020-02-25,79.01499938964844,79.25,74.90499877929688,75.12000274658203,73.64374542236328,577400
2020-02-26,75.44499969482422,76.69999694824219,72.50499725341797,72.72000122070312,71.29090118408203,822200
2020-02-27,68.83499908447266,71.91000366210938,65.7699966430664,69.43000030517578,68.06555938720703,1456600
2020-02-28,61.56999969482422,66.88999938964844,61.56999969482422,62.81999969482422,61.58545684814453,2053400
2020-03-02,63.25,64.55500030517578,61.04499816894531,64.23500061035156,62.972652435302734,1198800
2020-03-03,64.37999725341797,66.8550033569336,62.630001068115234,62.900001525878906,61.66389083862305,875800
2020-03-04,64.42500305175781,65.91500091552734,61.5,65.1050033569336,63.8255615234375,834400
2020-03-05,63.189998626708984,64.02999877929688,59.880001068115234,61.255001068115234,60.05121612548828,920000
2020-03-06,58.95000076293945,61.41999816894531,57.16999816894531,58.92499923706055,57.767005920410156,985600
2020-03-09,54.4900016784668,54.82500076293945,51.59000015258789,52.459999084472656,51.429054260253906,1174200
2020-03-10,54.4900016784668,55.619998931884766,52.44499969482422,55.40999984741211,54.32107925415039,1089600
2020-03-11,53.6349983215332,53.6349983215332,48.51499938964844,49.439998626708984,48.46840286254883,1201200
2020-03-12,43.88999938964844,46.099998474121094,38.29999923706055,38.51499938964844,37.75810241699219,2451200
2020-03-13,40.93000030517578,46.619998931884766,39.279998779296875,46.3849983215332,45.47343826293945,1898000
2020-03-16,38.744998931884766,43.779998779296875,37.505001068115234,37.75,37.00813674926758,2006800
2020-03-17,38.5,42.48500061035156,35.0,35.869998931884766,35.16508102416992,1650800
2020-03-18,33.13999938964844,34.26499938964844,26.450000762939453,30.524999618530273,29.925121307373047,2667800
2020-03-19,30.0,35.709999084472656,28.450000762939453,33.79999923706055,33.13576126098633,1798200
2020-03-20,34.5,41.474998474121094,34.5,36.3650016784668,35.65035629272461,1829600
2020-03-23,37.35499954223633,39.04999923706055,35.2599983215332,36.70500183105469,35.983673095703125,1002400
2020-03-24,40.529998779296875,44.94499969482422,38.619998931884766,44.44499969482422,43.57155990600586,1387000
2020-03-25,45.5,52.025001525878906,44.56999969482422,47.72999954223633,46.79201126098633,1294000
2020-03-26,49.01499938964844,51.31999969482422,46.209999084472656,49.17499923706055,48.208614349365234,788600
2020-03-27,46.459999084472656,48.71500015258789,44.67499923706055,47.029998779296875,46.10576248168945,1020200
2020-03-30,46.48500061035156,50.2400016784668,44.720001220703125,50.005001068115234,49.022300720214844,601600
2020-03-31,49.939998626708984,52.95000076293945,49.64500045776367,51.474998474121094,50.46341323852539,1518400
2020-04-01,48.810001373291016,49.834999084472656,42.685001373291016,43.29499816894531,42.44416809082031,1672600
2020-04-02,42.68000030517578,44.474998474121094,38.67499923706055,40.5,39.70409393310547,1086000
2020-04-03,39.59000015258789,40.67499923706055,38.25,40.224998474121094,39.43450164794922,735000
2020-04-06,43.255001068115234,44.970001220703125,41.345001220703125,43.75,42.89022445678711,1096000
2020-04-07,47.275001525878906,47.275001525878906,43.76499938964844,43.849998474121094,42.98825454711914,1279200
2020-04-08,45.3849983215332,49.994998931884766,44.2599983215332,49.15999984741211,48.193904876708984,777000
2020-04-09,51.7599983215332,53.68000030517578,50.5099983215332,51.970001220703125,50.94868469238281,1248600
2020-04-13,51.494998931884766,51.494998931884766,46.314998626708984,46.60499954223633,45.689117431640625,853800
2020-04-14,48.98500061035156,49.8650016784668,47.25,49.11000061035156,48.1448860168457,716400
2020-04-15,46.38999938964844,47.79999923706055,45.564998626708984,45.814998626708984,44.91463851928711,936400
2020-04-16,45.744998931884766,46.85499954223633,42.70000076293945,43.81999969482422,42.95884704589844,903200
2020-04-17,47.20000076293945,48.9900016784668,46.5,48.7400016784668,47.782161712646484,1055400
2020-04-20,47.38999938964844,47.834999084472656,46.0099983215332,46.72999954223633,45.81166076660156,509400
2020-04-21,44.81999969482422,45.744998931884766,43.34000015258789,43.64500045776367,42.78728485107422,568200
2020-04-22,45.04499816894531,45.209999084472656,43.040000915527344,43.165000915527344,42.31672286987305,583600
2020-04-23,43.92499923706055,45.595001220703125,43.154998779296875,43.310001373291016,42.45886993408203,654600
2020-04-24,43.88999938964844,44.5,42.619998931884766,43.6349983215332,42.77748107910156,389000
2020-04-27,44.48500061035156,48.880001068115234,44.46500015258789,48.51499938964844,47.56158447265625,908200
2020-04-28,50.689998626708984,51.540000915527344,48.5,51.005001068115234,50.002647399902344,1198600
2020-04-29,53.72999954223633,55.130001068115234,52.345001220703125,54.314998626708984,53.24760055541992,1283800
2020-04-30,49.994998931884766,53.915000915527344,49.119998931884766,50.11000061035156,49.125240325927734,1409000
2020-05-01,47.97999954223633,48.525001525878906,46.28499984741211,46.900001525878906,45.978328704833984,765000
2020-05-04,45.31999969482422,47.5,44.64500045776367,47.09000015258789,46.164588928222656,546600
2020-05-05,48.25,49.599998474121094,47.58000183105469,48.91999816894531,47.95862579345703,866800
2020-05-06,49.439998626708984,49.57500076293945,47.900001525878906,48.525001525878906,47.571388244628906,671600
2020-05-07,49.22999954223633,51.51499938964844,48.86000061035156,51.45500183105469,50.44380569458008,673600
2020-05-08,53.0,55.11000061035156,52.04999923706055,55.02000045776367,53.938751220703125,863400
2020-05-11,53.439998626708984,53.599998474121094,51.744998931884766,53.1349983215332,52.090789794921875,1383200
2020-05-12,53.709999084472656,54.01499938964844,51.540000915527344,51.724998474121094,50.708499908447266,943000
2020-05-13,50.9900016784668,51.75,48.10499954223633,49.21500015258789,48.247825622558594,840000
2020-05-14,47.59000015258789,49.869998931884766,47.01499938964844,49.775001525878906,48.79682540893555,448600
2020-05-15,49.16999816894531,51.630001068115234,48.5,50.75,49.752655029296875,359400
2020-05-18,53.0,56.6150016784668,53.0,55.95500183105469,54.85537338256836,908600
2020-05-19,55.56999969482422,58.834999084472656,55.154998779296875,56.57500076293945,55.46318435668945,753200
2020-05-20,58.7400016784668,60.560001373291016,58.564998626708984,60.23500061035156,59.05126190185547,812200
2020-05-21,60.34000015258789,60.720001220703125,58.775001525878906,59.150001525878906,57.98758316040039,692600
2020-05-22,59.5,61.23500061035156,58.79999923706055,61.130001068115234,59.928672790527344,686800
2020-05-26,64.4800033569336,65.0,62.13999938964844,63.76499938964844,62.51188659667969,1401400
2020-05-27,64.40499877929688,70.88500213623047,64.08000183105469,70.75,69.359619140625,2348400
2020-05-28,70.75,70.98999786376953,65.91999816894531,66.03500366210938,64.73728942871094,1024000
2020-05-29,65.9749984741211,67.08999633789062,65.0,66.33499908447266,65.03138732910156,718600
2020-06-01,66.73999786376953,67.31500244140625,65.40499877929688,65.70999908447266,64.41866302490234,742600
2020-06-02,66.49500274658203,66.69999694824219,64.83999633789062,65.98999786376953,64.69315338134766,844200
2020-06-03,67.40499877929688,71.2699966430664,66.95500183105469,70.07499694824219,68.6978759765625,1156000
2020-06-04,69.45999908447266,70.16000366210938,66.58499908447266,67.5999984741211,66.27152252197266,715800
2020-06-05,71.8499984741211,73.33000183105469,69.71499633789062,70.7750015258789,69.3841323852539,1006200
2020-06-08,72.70500183105469,77.23500061035156,71.5,76.5,74.99661254882812,1549000
2020-06-09,75.28500366210938,76.17500305175781,72.33499908447266,75.27999877929688,73.80059051513672,816200
2020-06-10,74.71499633789062,75.29499816894531,70.31999969482422,72.33499908447266,70.91345977783203,571600
2020-06-11,66.84500122070312,68.38999938964844,63.29999923706055,64.38500213623047,63.11970901489258,1152400
2020-06-12,68.51000213623047,68.69499969482422,64.77999877929688,67.23999786376953,65.9186019897461,715200
2020-06-15,63.709999084472656,68.62999725341797,63.709999084472656,67.76499938964844,66.43327331542969,658600
2020-06-16,72.25,72.25,67.52999877929688,69.34500122070312,67.98223114013672,542000
2020-06-17,69.01499938964844,70.70500183105469,68.32499694824219,68.43499755859375,67.0901107788086,450600
2020-06-18,67.62000274658203,69.83000183105469,67.62000274658203,68.06500244140625,66.7273941040039,543200
2020-06-19,69.33999633789062,69.70999908447266,66.23500061035156,66.75499725341797,65.44313049316406,1017600
2020-06-22,66.23999786376953,67.93000030517578,64.80000305175781,67.875,66.54112243652344,529200
2020-06-23,69.48999786376953,72.15499877929688,67.80000305175781,70.8499984741211,69.45764923095703,616200
2020-06-24,68.9749984741211,69.79499816894531,66.12999725341797,66.34500122070312,65.04119110107422,796600
2020-06-25,65.4800033569336,67.66500091552734,64.02999877929688,66.9749984741211,65.6588134765625,636800
2020-06-26,66.41000366210938,67.68499755859375,62.72999954223633,62.95500183105469,61.717811584472656,1816000
2020-06-29,64.0,67.43000030517578,63.220001220703125,66.36499786376953,65.06079864501953,706000
2020-06-30,65.625,67.09500122070312,65.2750015258789,66.57499694824219,65.26667022705078,533600
2020-07-01,67.42500305175781,68.69999694824219,65.86000061035156,65.95999908447266,64.66375732421875,467400
2020-07-02,68.19000244140625,68.47000122070312,65.55500030517578,66.06999969482422,64.77159118652344,525200
2020-07-06,67.75,67.75,64.5,65.01499938964844,63.73732376098633,416200
2020-07-07,63.775001525878906,64.67500305175781,62.404998779296875,62.4900016784668,61.26194763183594,448400
2020-07-08,62.34000015258789,64.91500091552734,61.71500015258789,64.31999969482422,63.05597686767578,641200
2020-07-09,64.09500122070312,64.40499877929688,60.779998779296875,62.494998931884766,61.266849517822266,588200
2020-07-10,62.86000061035156,64.4000015258789,62.06999969482422,64.01000213623047,62.752079010009766,456400
2020-07-13,65.42500305175781,67.21499633789062,62.5,62.80500030517578,61.57075881958008,583800
2020-07-14,63.32500076293945,65.21499633789062,61.81999969482422,65.12999725341797,63.850067138671875,376400
2020-07-15,68.03500366210938,69.61000061035156,67.13999938964844,68.59500122070312,67.2469711303711,627800
2020-07-16,67.56999969482422,69.0250015258789,67.25,68.23999786376953,66.89894104003906,732800
2020-07-17,67.88500213623047,68.83000183105469,66.25,67.98500061035156,66.64895629882812,471200
2020-07-20,67.31500244140625,67.91000366210938,65.70500183105469,66.92500305175781,65.60979461669922,316400
2020-07-21,67.99500274658203,69.54000091552734,67.25,67.74500274658203,66.4136734008789,396600
2020-07-22,67.09500122070312,68.33499908447266,67.09500122070312,67.66500091552734,66.33524322509766,379800
2020-07-23,67.12000274658203,67.34500122070312,65.04499816894531,65.81999969482422,64.52650451660156,482600
2020-07-24,65.42500305175781,66.80999755859375,64.92500305175781,66.4800033569336,65.17353057861328,379800
2020-07-27,66.17500305175781,66.81999969482422,63.755001068115234,64.25,62.98736572265625,526600
2020-07-28,63.77000045776367,64.86000061035156,62.744998931884766,62.900001525878906,61.66389083862305,492400
2020-07-29,63.935001373291016,65.88500213623047,63.93000030517578,64.73500061035156,63.462833404541016,759400
2020-07-30,62.755001068115234,69.63999938964844,62.064998626708984,69.53500366210938,68.16849517822266,1242400
2020-07-31,67.36000061035156,69.48999786376953,67.31500244140625,69.26000213623047,67.89889526367188,983600
2020-08-03,69.33499908447266,72.30000305175781,68.78500366210938,71.83000183105469,70.41839599609375,587800
2020-08-04,71.83000183105469,72.62999725341797,71.22000122070312,72.51499938964844,71.08992767333984,349400
2020-08-05,73.38500213623047,73.83000183105469,71.11499786376953,73.66999816894531,72.22222900390625,522400
2020-08-06,74.02999877929688,80.66000366210938,73.61499786376953,80.08000183105469,78.50626373291016,891200
2020-08-07,79.33000183105469,82.18000030517578,78.58000183105469,81.36000061035156,79.76111602783203,556000
2020-08-10,82.19999694824219,82.75,80.30999755859375,80.70500183105469,79.11898040771484,557200
2020-08-11,82.46499633789062,87.2249984741211,82.12999725341797,84.98999786376953,83.31977081298828,1026400
2020-08-12,86.27999877929688,87.63500213623047,83.0199966430664,85.31500244140625,83.63839721679688,693600
2020-08-13,85.56500244140625,88.81500244140625,84.28500366210938,86.55999755859375,84.85892486572266,487600
2020-08-14,85.26000213623047,87.68000030517578,84.27999877929688,86.97000122070312,85.2608642578125,235200
2020-08-17,87.125,88.26499938964844,85.72000122070312,87.44499969482422,85.72653198242188,318600
2020-08-18,87.05000305175781,89.33000183105469,86.0,87.7300033569336,86.00593566894531,369400
2020-08-19,87.50499725341797,89.20500183105469,87.13500213623047,87.25499725341797,85.54025268554688,560200
2020-08-20,85.7249984741211,88.20500183105469,85.7249984741211,86.6050033569336,84.90304565429688,305600
2020-08-21,86.86499786376953,88.3499984741211,86.2300033569336,87.11499786376953,85.40301513671875,318800
2020-08-24,86.66999816894531,86.83999633789062,84.8499984741211,86.2699966430664,84.57461547851562,343200
2020-08-25,87.16000366210938,87.36000061035156,84.8550033569336,85.00499725341797,83.33447265625,451600
2020-08-26,84.83999633789062,87.84500122070312,83.46499633789062,85.98500061035156,84.29521942138672,474400
2020-08-27,86.98500061035156,89.68000030517578,86.98500061035156,89.0250015258789,87.27547454833984,517200
2020-08-28,89.86499786376953,91.66999816894531,88.875,88.9749984741211,87.22647094726562,483200
2020-08-31,88.83999633789062,88.83999633789062,86.88500213623047,87.37999725341797,85.66279602050781,578000
2020-09-01,86.86000061035156,89.76499938964844,86.44000244140625,88.87999725341797,87.13333129882812,282600
2020-09-02,89.25499725341797,90.63999938964844,88.625,90.1449966430664,88.37346649169922,400400
2020-09-03,90.0,90.00499725341797,85.43499755859375,86.45999908447266,84.7608871459961,368400
2020-09-04,88.46499633789062,89.4749984741211,83.52999877929688,86.54000091552734,84.83932495117188,354800
2020-09-08,84.875,88.70500183105469,84.46499633789062,86.0,84.30992126464844,359800
2020-09-09,86.86000061035156,89.08999633789062,85.36499786376953,88.21499633789062,86.48139953613281,556200
2020-09-10,83.54000091552734,91.02999877929688,83.54000091552734,84.9800033569336,83.30997467041016,702000
2020-09-11,85.98999786376953,86.36000061035156,81.22000122070312,81.66000366210938,80.05522918701172,461800
2020-09-14,81.57499694824219,84.01000213623047,80.875,83.30999755859375,81.67279052734375,377400
2020-09-15,84.72000122070312,84.83000183105469,81.69000244140625,82.04000091552734,80.4277572631836,303000
2020-09-16,82.3550033569336,84.73999786376953,80.31500244140625,82.29000091552734,80.67283630371094,550800
2020-09-17,82.0,82.1050033569336,79.06500244140625,80.8499984741211,79.26113891601562,650000
2020-09-18,81.87999725341797,82.70999908447266,78.0199966430664,79.15499877929688,77.59944152832031,1129800
2020-09-21,76.58999633789062,77.31500244140625,75.0,77.22000122070312,75.70247650146484,648800
2020-09-22,77.7750015258789,81.79000091552734,77.7750015258789,81.6050033569336,80.00128936767578,368800
2020-09-23,81.33999633789062,82.91999816894531,81.33499908447266,82.22000122070312,80.60421752929688,636600
2020-09-24,82.55000305175781,82.55000305175781,73.5999984741211,74.20999908447266,72.75162506103516,1333800
2020-09-25,76.79000091552734,85.375,76.5,84.86000061035156,83.19232940673828,1388600
2020-09-28,86.01499938964844,88.5,84.95500183105469,87.125,85.4128189086914,672800
2020-09-29,87.1449966430664,88.0,82.9800033569336,82.9800033569336,81.34928131103516,631000
2020-09-30,83.47000122070312,85.0999984741211,81.00499725341797,81.91000366210938,80.30029296875,648800
2020-10-01,82.38500213623047,85.40499877929688,82.0250015258789,84.96499633789062,83.2952651977539,572800
2020-10-02,81.96499633789062,86.2750015258789,81.40499877929688,85.5999984741211,83.91778564453125,328400
2020-10-05,86.66000366210938,86.66000366210938,84.29499816894531,85.66999816894531,83.98639678955078,438400
2020-10-06,86.91500091552734,88.7750015258789,83.88999938964844,84.29000091552734,82.63353729248047,956600
2020-10-07,85.4800033569336,87.92500305175781,84.34500122070312,86.66999816894531,84.96675872802734,1629600
2020-10-08,88.16999816894531,88.78500366210938,85.42500305175781,87.9800033569336,86.25101470947266,466600
2020-10-09,89.0,89.0,84.67500305175781,85.33999633789062,83.66289520263672,759400
2020-10-12,85.44000244140625,87.11000061035156,85.41500091552734,86.7699966430664,85.0647964477539,374600
2020-10-13,84.7249984741211,87.5,84.5,86.2699966430664,84.57461547851562,369200
2020-10-14,86.4000015258789,87.98500061035156,85.23500061035156,85.41999816894531,83.7413330078125,380600
2020-10-15,84.76000213623047,87.08999633789062,83.66999816894531,86.80000305175781,85.09420776367188,367400
2020-10-16,86.74500274658203,88.25,85.93000030517578,86.9800033569336,85.27067565917969,318000
2020-10-19,87.40499877929688,88.13500213623047,84.06999969482422,84.62000274658203,82.95704650878906,256000
2020-10-20,84.90499877929688,86.4000015258789,84.5,84.69999694824219,83.03547668457031,297600
2020-10-21,85.0,85.86000061035156,83.45999908447266,83.56999969482422,81.92767333984375,298600
2020-10-22,84.06500244140625,86.57499694824219,84.06500244140625,85.91500091552734,84.22660827636719,351800
2020-10-23,86.6500015258789,87.38500213623047,85.31999969482422,86.6050033569336,84.90304565429688,181200
2020-10-26,84.79000091552734,85.76499938964844,82.86499786376953,84.74500274658203,83.07958984375,526200
2020-10-27,84.8550033569336,84.8550033569336,81.3550033569336,82.08499908447266,80.47186279296875,284600
2020-10-28,79.67500305175781,82.20999908447266,78.78500366210938,79.77999877929688,78.21216583251953,734400
2020-10-29,80.94999694824219,81.875,75.69499969482422,76.68499755859375,75.17798614501953,727800
2020-10-30,76.06500244140625,77.44499969482422,73.52999877929688,74.57499694824219,73.10945129394531,578800
2020-11-02,74.80000305175781,76.8499984741211,74.57499694824219,76.5250015258789,75.02112579345703,447800
2020-11-03,78.3499984741211,82.2300033569336,78.3499984741211,81.79499816894531,80.18756103515625,425000
2020-11-04,80.1500015258789,83.78500366210938,80.1500015258789,82.6449966430664,81.02086639404297,361400
2020-11-05,83.08499908447266,86.25,83.08499908447266,85.90499877929688,84.21678924560547,306200
2020-11-06,86.79499816894531,86.79499816894531,83.90499877929688,83.97000122070312,82.31980895996094,313600
2020-11-09,90.33999633789062,101.58499908447266,89.5,90.16500091552734,88.39306640625,989000
2020-11-10,91.75,93.7750015258789,89.875,91.02999877929688,89.24108123779297,448400
2020-11-11,91.30999755859375,91.75499725341797,87.40499877929688,89.83499908447266,88.0695571899414,359000
2020-11-12,88.45500183105469,91.62999725341797,87.18000030517578,88.3499984741211,86.61373901367188,354400
2020-11-13,88.4749984741211,91.2249984741211,88.36000061035156,90.42500305175781,88.6479721069336,503000
2020-11-16,92.48500061035156,94.8949966430664,90.83499908447266,92.5199966430664,90.70179748535156,511600
2020-11-17,90.95999908447266,92.87000274658203,90.15499877929688,91.3550033569336,89.5596923828125,354800
2020-11-18,91.62999725341797,92.47000122070312,89.7699966430664,90.23500061035156,88.46170043945312,417400
2020-11-19,90.36000061035156,93.81999969482422,89.75499725341797,93.69999694824219,91.85859680175781,408800
2020-11-20,91.70999908447266,95.07499694824219,91.70999908447266,93.28500366210938,91.4517593383789,435000
2020-11-23,94.2750015258789,95.17500305175781,92.6050033569336,93.43499755859375,91.59880828857422,410400
2020-11-24,95.18499755859375,95.75,92.96499633789062,93.08999633789062,91.26058959960938,612600
2020-11-25,93.55500030517578,93.93000030517578,92.30000305175781,92.61000061035156,90.79002380371094,309000
2020-11-27,92.62000274658203,93.91000366210938,91.81500244140625,92.5,90.68218994140625,170200
2020-11-30,91.81999969482422,91.81999969482422,88.18499755859375,89.95999908447266,88.19210052490234,603400
2020-12-01,91.45500183105469,92.12000274658203,90.5,91.44000244140625,89.64302825927734,470600
2020-12-02,90.5999984741211,91.0,88.73500061035156,90.04000091552734,88.2705307006836,295000
2020-12-03,90.22000122070312,92.25,87.26499938964844,91.44000244140625,89.95372772216797,230200
2020-12-04,92.44999694824219,94.75499725341797,91.31500244140625,94.6449966430664,93.10662841796875,280000
2020-12-07,94.94499969482422,96.19000244140625,94.08000183105469,95.96499633789062,94.4051742553711,392400
2020-12-08,95.23999786376953,98.08000183105469,94.41500091552734,97.45999908447266,95.87586975097656,453000
2020-12-09,98.7249984741211,99.4749984741211,96.12000274658203,98.20999908447266,96.61367797851562,516400
2020-12-10,97.18499755859375,100.16000366210938,97.18499755859375,100.11000061035156,98.48279571533203,417200
2020-12-11,98.87999725341797,100.87000274658203,95.68000030517578,96.66500091552734,95.09379577636719,443600
2020-12-14,97.81999969482422,98.98999786376953,96.62000274658203,98.17500305175781,96.57926177978516,610600
2020-12-15,99.81500244140625,101.625,97.66999816894531,101.31999969482422,99.67313385009766,486200
2020-12-16,101.86000061035156,103.01499938964844,100.5199966430664,101.72000122070312,100.0666275024414,479000
2020-12-17,102.37000274658203,104.875,100.83499908447266,104.47000122070312,102.77193450927734,445000
2020-12-18,105.12000274658203,106.30000305175781,103.24500274658203,103.69999694824219,102.01444244384766,1258600
2020-12-21,100.11000061035156,102.63500213623047,98.18499755859375,100.81500244140625,99.17634582519531,721600
2020-12-22,100.20500183105469,101.88500213623047,99.1050033569336,101.56500244140625,99.91415405273438,681200
2020-12-23,101.73999786376953,104.58499908447266,101.36000061035156,103.37000274658203,101.68981170654297,679000
2020-12-24,103.26499938964844,104.34500122070312,101.72000122070312,103.45500183105469,101.77342987060547,431800
2020-12-28,104.88999938964844,105.37999725341797,102.93499755859375,103.76000213623047,102.07347869873047,768000
2020-12-29,104.22000122070312,104.22000122070312,97.62999725341797,97.99500274658203,96.40218353271484,717400
2020-12-30,98.30500030517578,100.15499877929688,98.0,99.21499633789062,97.60234069824219,495800
2020-12-31,99.30999755859375,99.86000061035156,97.26499938964844,97.3949966430664,95.81192779541016,368400
2021-01-04,98.94000244140625,99.36499786376953,93.21499633789062,94.19499969482422,92.6639404296875,501800
2021-01-05,94.41999816894531,99.44000244140625,94.41999816894531,98.22000122070312,96.6235122680664,551800
2021-01-06,99.99500274658203,104.94499969482422,98.75,102.76000213623047,101.08972930908203,674600
2021-01-07,106.16000366210938,107.08499908447266,104.18499755859375,105.125,103.4162826538086,523000
2021-01-08,106.0,106.94000244140625,104.61499786376953,105.94499969482422,104.22295379638672,296600
2021-01-11,104.28500366210938,106.81999969482422,103.2249984741211,106.06500244140625,104.34100341796875,250200
2021-01-12,106.5,107.56999969482422,105.48999786376953,106.04000091552734,104.31641387939453,270200
2021-01-13,105.37000274658203,105.37000274658203,102.02999877929688,102.09500122070312,100.43553161621094,350600
2021-01-14,105.65499877929688,106.08000183105469,103.05000305175781,103.61000061035156,101.92591857910156,303400
2021-01-15,102.76000213623047,105.05000305175781,101.36499786376953,103.66500091552734,101.98001098632812,322000
2021-01-19,104.7300033569336,106.37000274658203,103.55500030517578,105.13500213623047,103.4261245727539,327000
2021-01-20,106.20999908447266,109.2300033569336,101.44000244140625,106.54000091552734,104.80828094482422,516000
2021-01-21,107.0,107.09500122070312,104.19000244140625,105.11499786376953,103.40644836425781,293600
2021-01-22,104.70999908447266,107.2300033569336,104.0,107.18000030517578,105.43788146972656,347000
2021-01-25,106.83999633789062,107.81500244140625,101.49500274658203,102.40499877929688,100.7405014038086,688800
2021-01-26,103.75499725341797,103.75499725341797,98.57499694824219,98.76499938964844,97.15965270996094,322400
2021-01-27,95.79000091552734,96.24500274658203,91.0,92.48999786376953,90.98664855957031,725400
2021-01-28,94.19999694824219,99.59500122070312,91.48500061035156,97.7300033569336,96.14148712158203,440400
2021-01-29,98.49500274658203,98.49500274658203,92.57499694824219,93.7249984741211,92.20157623291016,507600
2021-02-01,95.09500122070312,99.02999877929688,94.58000183105469,98.18000030517578,96.58417510986328,348200
2021-02-02,99.84500122070312,103.2300033569336,99.09500122070312,102.9800033569336,101.30615234375,314800
2021-02-03,102.30999755859375,103.88999938964844,101.0,101.8499984741211,100.19451141357422,223800
2021-02-04,102.13500213623047,105.86000061035156,100.625,105.58499908447266,103.86881256103516,248600
2021-02-05,106.5,110.58000183105469,106.04499816894531,109.86499786376953,108.07923126220703,342200
2021-02-08,110.9000015258789,110.9000015258789,107.19999694824219,108.03500366210938,106.27898406982422,269800
2021-02-09,107.83499908447266,107.83499908447266,106.1050033569336,106.44999694824219,104.71974182128906,184000
2021-02-10,106.76000213623047,107.38999938964844,104.55000305175781,105.68499755859375,103.9671859741211,354000
2021-02-11,106.55000305175781,106.86000061035156,103.24500274658203,104.90499877929688,103.1998519897461,426800
2021-02-12,104.90499877929688,109.08000183105469,104.45500183105469,108.72000122070312,106.9528579711914,240000
2021-02-16,109.44000244140625,110.73999786376953,108.0199966430664,108.1500015258789,106.39212036132812,316400
2021-02-17,106.82499694824219,108.47000122070312,105.6449966430664,107.08999633789062,105.34933471679688,275600
2021-02-18,106.75,108.76000213623047,105.41999816894531,107.4749984741211,105.72809600830078,250000
2021-02-19,108.12000274658203,110.0,107.9800033569336,109.43499755859375,107.6562271118164,237800
2021-02-22,109.05999755859375,114.69999694824219,108.75499725341797,113.20999908447266,111.36986541748047,457400
2021-02-23,112.87000274658203,116.73999786376953,112.58000183105469,114.00499725341797,112.15194702148438,516800
2021-02-24,115.0,118.875,113.58000183105469,118.33499908447266,116.41156768798828,389800
2021-02-25,114.4000015258789,117.4000015258789,111.6050033569336,114.75,112.88483428955078,562000
2021-02-26,115.8499984741211,118.12000274658203,112.96499633789062,115.31500244140625,113.4406509399414,534400
2021-03-01,118.8949966430664,119.92500305175781,116.82499694824219,118.7750015258789,116.84442138671875,287000
2021-03-02,119.06999969482422,120.53500366210938,117.2750015258789,119.45999908447266,117.5182876586914,433000
2021-03-03,120.75,123.3949966430664,116.91000366210938,117.16500091552734,115.26058959960938,506600
2021-03-04,117.27999877929688,117.77999877929688,109.59500122070312,113.41999816894531,111.57645416259766,482400
2021-03-05,115.7300033569336,115.99500274658203,109.12000274658203,114.77999877929688,112.91435241699219,477000
2021-03-08,115.04000091552734,119.38500213623047,114.01000213623047,114.65499877929688,112.7913818359375,481600
2021-03-09,116.66000366210938,119.7750015258789,114.66000366210938,118.65499877929688,116.72636413574219,381200
2021-03-10,119.91000366210938,124.8499984741211,119.18499755859375,123.8550033569336,121.84185028076172,450400
2021-03-11,126.31999969482422,129.16000366210938,123.94999694824219,126.0999984741211,124.05034637451172,437800
2021-03-12,125.76000213623047,127.79000091552734,125.54499816894531,127.16500091552734,125.0980453491211,290000
2021-03-15,126.4749984741211,128.7050018310547,124.8949966430664,126.79000091552734,124.72913360595703,432000
2021-03-16,126.81999969482422,126.81999969482422,121.13500213623047,121.44999694824219,119.4759292602539,389000
2021-03-17,122.08000183105469,123.26000213623047,119.19000244140625,122.88500213623047,120.88760375976562,360600
2021-03-18,122.78500366210938,122.9000015258789,119.25,119.51499938964844,117.57239532470703,509200
2021-03-19,118.52999877929688,121.87000274658203,117.77999877929688,120.0999984741211,118.14788055419922,1536400
2021-03-22,118.97000122070312,119.47000122070312,115.84500122070312,116.48500061035156,114.59163665771484,375200
2021-03-23,115.19000244140625,116.34500122070312,112.87999725341797,113.82499694824219,111.97486877441406,521600
2021-03-24,114.7699966430664,116.44999694824219,110.23999786376953,110.47000122070312,108.67440032958984,573600
2021-03-25,108.16500091552734,114.44999694824219,106.91500091552734,113.66000366210938,111.81256103515625,439200
2021-03-26,114.44499969482422,116.70500183105469,113.18499755859375,116.5250015258789,114.63098907470703,308000
2021-03-29,115.79499816894531,116.7249984741211,111.1500015258789,112.52999877929688,110.70092010498047,394000
2021-03-30,112.4749984741211,116.26499938964844,112.4749984741211,115.31999969482422,113.44557189941406,403600
2021-03-31,116.06500244140625,116.06500244140625,113.47000122070312,113.70999908447266,111.86174011230469,302000
2021-04-01,114.84500122070312,117.50499725341797,114.3550033569336,115.61499786376953,113.73577880859375,463600
2021-04-05,117.37999725341797,117.68499755859375,114.25,114.38500213623047,112.52577209472656,365000
2021-04-06,115.125,117.62999725341797,114.90499877929688,115.33999633789062,113.46524047851562,556200
2021-04-07,115.55500030517578,116.51000213623047,110.80500030517578,111.6050033569336,109.79096221923828,620000
2021-04-08,111.4000015258789,112.3499984741211,109.08000183105469,111.73500061035156,109.9188461303711,530800
2021-04-09,111.37999725341797,111.44000244140625,109.47000122070312,110.95500183105469,109.15151977539062,349200
2021-04-12,111.18499755859375,111.18499755859375,107.75,108.63999938964844,106.8741455078125,574600
2021-04-13,108.20500183105469,109.03500366210938,106.4749984741211,108.67500305175781,106.90857696533203,463800
2021-04-14,107.80500030517578,110.87000274658203,107.80500030517578,108.6050033569336,106.83971405029297,504200
2021-04-15,109.69499969482422,110.5999984741211,107.57499694824219,108.8550033569336,107.08566284179688,366400
2021-04-16,110.29499816894531,111.26000213623047,108.93499755859375,110.33000183105469,108.53668212890625,492000
2021-04-19,109.62000274658203,110.30999755859375,106.43000030517578,107.26000213623047,105.5165786743164,487200
2021-04-20,106.65499877929688,108.45500183105469,104.12999725341797,105.4800033569336,103.76551818847656,713600
2021-04-21,105.73500061035156,110.19499969482422,104.75499725341797,109.5199966430664,107.7398452758789,1263200
2021-04-22,112.73500061035156,112.79499816894531,106.02999877929688,106.47000122070312,104.73942565917969,750000
2021-04-23,107.34500122070312,109.01000213623047,106.95500183105469,107.94499969482422,106.19044494628906,378200
2021-04-26,109.16999816894531,109.7699966430664,107.76000213623047,107.97000122070312,106.21504974365234,522200
2021-04-27,107.875,109.61000061035156,107.875,109.4749984741211,107.69557189941406,399200
2021-04-28,109.2750015258789,110.24500274658203,108.12000274658203,109.76499938964844,107.98086547851562,613800
2021-04-29,110.5,110.76000213623047,106.69999694824219,107.84500122070312,106.09207916259766,415000
2021-04-30,106.66999816894531,107.81999969482422,105.18000030517578,105.75,104.0311279296875,380200
2021-05-03,108.16500091552734,108.58499908447266,103.95999908447266,104.37999725341797,102.68339538574219,542000
2021-05-04,104.25,104.68499755859375,101.82499694824219,103.68000030517578,101.99476623535156,610400
2021-05-05,104.26000213623047,105.04499816894531,103.05999755859375,103.27999877929688,101.60126495361328,261200
2021-05-06,103.20500183105469,103.20500183105469,98.72000122070312,99.92500305175781,98.3008041381836,621800
2021-05-07,99.42500305175781,101.61000061035156,99.1449966430664,100.62000274658203,98.98451232910156,682000
2021-05-10,100.7249984741211,101.52999877929688,96.26000213623047,96.51000213623047,94.94131469726562,621200
2021-05-11,94.29499816894531,101.0250015258789,94.29499816894531,98.2300033569336,96.63335418701172,1046800
2021-05-12,96.74500274658203,99.55500030517578,93.81500244140625,94.07499694824219,92.5458984375,656200
2021-05-13,94.66000366210938,96.91000366210938,92.01499938964844,95.11000061035156,93.56407165527344,518600
2021-05-14,98.16000366210938,99.87999725341797,97.52999877929688,99.6050033569336,97.98600769042969,521200
2021-05-17,97.70999908447266,98.32499694824219,95.875,97.09500122070312,95.51680755615234,430000
2021-05-18,97.07499694824219,98.7249984741211,95.8949966430664,95.8949966430664,94.3363037109375,337800
2021-05-19,95.0,95.1449966430664,93.33999633789062,94.96499633789062,93.42142486572266,394200
2021-05-20,94.13500213623047,95.99500274658203,94.07499694824219,95.21499633789062,93.6673583984375,336200
2021-05-21,96.25499725341797,97.125,95.19999694824219,96.73999786376953,95.16757202148438,830200
2021-05-24,98.05999755859375,99.91500091552734,96.91000366210938,99.48999786376953,97.87287139892578,436600
2021-05-25,100.1050033569336,101.48999786376953,98.6449966430664,100.06999969482422,98.44345092773438,889000
2021-05-26,100.20500183105469,102.05999755859375,99.86499786376953,101.73500061035156,100.08138275146484,406000
2021-05-27,102.81500244140625,102.81500244140625,100.65499877929688,101.5,99.8501968383789,773800
2021-05-28,101.3499984741211,101.5,98.6500015258789,99.76499938964844,98.14341735839844,670000
2021-06-01,100.25,101.2750015258789,99.49500274658203,100.75499725341797,99.1173095703125,485000
2021-06-02,100.50499725341797,100.65499877929688,99.44499969482422,100.34500122070312,98.7139892578125,1207800
2021-06-03,101.66999816894531,102.4000015258789,97.94499969482422,98.69000244140625,97.08588409423828,574000
2021-06-04,99.1050033569336,100.41999816894531,99.07499694824219,99.82499694824219,98.20243072509766,622800
2021-06-07,100.2249984741211,101.55500030517578,99.6449966430664,101.18499755859375,99.54032135009766,433600
2021-06-08,101.37999725341797,101.37999725341797,99.25,99.75,98.12864685058594,491800
2021-06-09,99.95999908447266,100.01000213623047,98.06500244140625,99.61000061035156,97.99092102050781,327600
2021-06-10,100.00499725341797,100.66999816894531,98.77999877929688,99.25,97.63677978515625,732800
2021-06-11,100.02999877929688,101.75499725341797,99.95999908447266,100.51000213623047,98.87629699707031,402000
2021-06-14,100.91000366210938,101.57499694824219,99.75,100.375,98.74349212646484,323800
2021-06-15,100.0199966430664,100.34500122070312,98.69000244140625,99.13500213623047,97.52365112304688,339000
2021-06-16,99.08499908447266,99.4000015258789,97.79000091552734,98.2699966430664,96.67269897460938,425800
2021-06-17,97.75,98.50499725341797,95.05500030517578,95.93000030517578,94.37074279785156,452000
2021-06-18,96.66500091552734,96.81500244140625,94.93499755859375,95.86000061035156,94.30188751220703,869200
2021-06-21,96.41000366210938,99.30000305175781,96.09500122070312,99.19999694824219,97.58758544921875,532200
2021-06-22,100.17500305175781,101.125,98.11000061035156,100.63999938964844,99.00418090820312,462800
2021-06-23,100.38999938964844,101.07499694824219,99.90499877929688,100.58999633789062,98.95499420166016,470400
2021-06-24,101.54000091552734,101.57499694824219,100.20999908447266,101.07499694824219,99.43211364746094,480400
2021-06-25,101.5,104.08499908447266,101.05500030517578,102.56999969482422,100.9028091430664,9895200
2021-06-28,102.17500305175781,102.5,96.7300033569336,98.93499755859375,97.32688903808594,848000
2021-06-29,99.25,100.88999938964844,98.83999633789062,99.46499633789062,97.84828186035156,942400
2021-06-30,99.75,100.38500213623047,98.91999816894531,99.12999725341797,97.51872253417969,647400
2021-07-01,100.23500061035156,101.48500061035156,99.11499786376953,99.9000015258789,98.27621459960938,1061600
2021-07-02,99.97000122070312,100.76499938964844,99.0,100.5199966430664,98.8861312866211,285400
2021-07-06,100.55999755859375,100.93499755859375,97.05000305175781,97.11000061035156,95.53155517578125,460200
2021-07-07,97.0,97.46499633789062,93.91000366210938,95.16000366210938,93.6132583618164,606600
2021-07-08,93.41500091552734,96.05000305175781,92.68000030517578,94.04000091552734,92.51145935058594,402200
2021-07-09,95.07499694824219,96.375,94.05999755859375,95.88999938964844,94.33138275146484,276000
2021-07-12,95.82499694824219,97.08999633789062,94.63999938964844,96.50499725341797,94.9364013671875,335400
2021-07-13,95.41999816894531,95.50499725341797,93.55000305175781,93.62999725341797,92.10812377929688,339800
2021-07-14,94.50499725341797,95.73500061035156,91.20999908447266,91.73500061035156,90.2439193725586,373800
2021-07-15,91.48999786376953,92.74500274658203,90.31500244140625,92.01000213623047,90.51446533203125,330600
2021-07-16,93.28500366210938,93.75,90.36499786376953,90.52999877929688,89.05852508544922,515600
2021-07-19,88.04499816894531,90.20500183105469,87.50499725341797,88.6449966430664,87.20414733886719,609800
2021-07-20,89.0250015258789,93.18000030517578,88.7699966430664,92.6449966430664,91.1391372680664,514800
2021-07-21,93.27999877929688,96.5,93.25,95.30999755859375,93.76081848144531,334800
2021-07-22,94.7300033569336,96.125,93.5199966430664,95.5,93.94773864746094,476800
2021-07-23,96.33000183105469,97.1449966430664,94.31500244140625,94.5,92.96398162841797,442600
2021-07-26,94.69000244140625,95.80500030517578,93.83000183105469,95.38500213623047,93.83460998535156,443000
2021-07-27,94.73999786376953,95.83000183105469,92.52999877929688,94.31500244140625,92.78199768066406,319600
2021-07-28,94.58999633789062,95.0,91.875,94.1050033569336,92.57540130615234,457000
2021-07-29,94.7750015258789,94.7750015258789,91.56999969482422,93.23999786376953,91.7244644165039,635400
2021-07-30,92.77999877929688,93.73500061035156,91.63500213623047,92.9000015258789,91.3899917602539,892400
2021-08-02,94.17500305175781,96.70500183105469,92.22000122070312,92.65499877929688,91.14897918701172,534800
2021-08-03,92.83499908447266,93.25499725341797,89.7249984741211,90.51000213623047,89.0388412475586,539200
2021-08-04,91.49500274658203,92.43000030517578,91.01000213623047,91.5,90.01274871826172,506400
2021-08-05,91.69999694824219,96.42500305175781,91.69999694824219,95.7300033569336,94.17399597167969,471000
2021-08-06,96.69499969482422,97.9000015258789,95.19999694824219,97.82499694824219,96.23493194580078,611200
2021-08-09,97.5199966430664,97.70999908447266,95.56500244140625,96.4800033569336,94.91180419921875,603000
2021-08-10,96.75,99.13999938964844,96.74500274658203,98.00499725341797,96.4120101928711,628800
2021-08-11,97.73999786376953,98.09500122070312,95.75499725341797,98.06999969482422,96.47595977783203,461000
2021-08-12,98.01000213623047,98.08000183105469,96.23500061035156,97.54499816894531,95.95948791503906,208600
2021-08-13,97.58999633789062,97.66000366210938,95.7699966430664,95.94000244140625,94.38058471679688,262400
2021-08-16,94.95999908447266,95.56999969482422,93.22000122070312,94.19499969482422,92.6639404296875,307600
2021-08-17,92.75499725341797,93.02999877929688,91.01000213623047,91.94999694824219,90.45542907714844,437000
2021-08-18,92.08999633789062,94.55999755859375,90.55500030517578,93.55000305175781,92.02942657470703,471600
2021-08-19,92.8499984741211,93.6500015258789,92.21499633789062,93.52999877929688,92.00975036621094,624000
2021-08-20,93.75,95.44499969482422,93.01499938964844,95.31500244140625,93.76573944091797,241000
2021-08-23,96.08999633789062,97.4800033569336,95.69499969482422,97.34500122070312,95.76274108886719,261000
2021-08-24,97.7750015258789,100.58999633789062,97.7750015258789,100.38999938964844,98.75824737548828,370000
2021-08-25,100.48999786376953,102.37999725341797,100.01499938964844,102.20999908447266,100.54866027832031,606400
2021-08-26,101.36499786376953,103.0199966430664,100.71499633789062,101.25,99.6042709350586,287000
2021-08-27,101.42500305175781,105.6449966430664,101.42500305175781,104.80000305175781,103.09656524658203,445200
2021-08-30,105.01000213623047,105.875,103.125,104.86000061035156,103.15558624267578,391800
2021-08-31,104.83499908447266,105.74500274658203,103.98999786376953,105.25,103.53926086425781,306000
2021-09-01,105.52999877929688,107.30000305175781,104.8499984741211,106.99500274658203,105.2558822631836,406200
2021-09-02,107.80500030517578,108.76499938964844,106.75,107.61000061035156,105.86090087890625,689600
2021-09-03,107.08499908447266,108.73999786376953,106.80500030517578,108.44999694824219,106.68724060058594,682200
2021-09-07,108.61499786376953,111.3499984741211,108.61499786376953,111.0999984741211,109.2941665649414,958800
2021-09-08,110.6449966430664,111.36499786376953,109.7699966430664,110.51000213623047,108.71376037597656,638400
2021-09-09,110.37999725341797,111.5,109.93000030517578,110.2249984741211,108.43338012695312,407600
2021-09-10,111.16999816894531,111.20999908447266,108.73500061035156,108.91999816894531,107.14959716796875,507600
2021-09-13,109.66500091552734,110.06500244140625,106.78500366210938,109.7300033569336,107.94642639160156,680800
2021-09-14,108.86000061035156,110.05999755859375,107.43499755859375,109.80999755859375,108.02513122558594,473400
2021-09-15,109.86499786376953,110.0199966430664,107.58999633789062,109.94000244140625,108.15302276611328,434000
2021-09-16,109.80999755859375,113.16999816894531,109.48500061035156,113.06500244140625,111.22723388671875,503400
2021-09-17,113.3949966430664,114.62999725341797,112.06500244140625,113.45500183105469,111.61088562011719,1126200
2021-09-20,112.98500061035156,113.72000122070312,111.01499938964844,113.18499755859375,111.34527587890625,563600
2021-09-21,113.42500305175781,115.0,111.69999694824219,113.37999725341797,111.537109375,481200
2021-09-22,114.0,118.13999938964844,113.79499816894531,116.70500183105469,114.80806732177734,578400
2021-09-23,117.15499877929688,122.49500274658203,117.15499877929688,119.00499725341797,117.07067108154297,570000
2021-09-24,118.18499755859375,120.55500030517578,118.18499755859375,120.19499969482422,118.24134063720703,247800
2021-09-27,120.16500091552734,123.31500244140625,120.16500091552734,121.58999633789062,119.61366271972656,313200
2021-09-28,121.30000305175781,122.91999816894531,120.05500030517578,120.625,118.66433715820312,350000
2021-09-29,121.34500122070312,121.36499786376953,118.75,119.29000091552734,117.35104370117188,364600
2021-09-30,121.97000122070312,122.55000305175781,119.88500213623047,120.04000091552734,118.08885955810547,606800
2021-10-01,121.05500030517578,124.86499786376953,120.7750015258789,123.80999755859375,121.79756927490234,719400
2021-10-04,123.94999694824219,124.30000305175781,121.5199966430664,123.3949966430664,121.38931274414062,518800
2021-10-05,122.71499633789062,124.23500061035156,121.70999908447266,122.68499755859375,120.69085693359375,680400
2021-10-06,121.32499694824219,122.8949966430664,121.04000091552734,121.93000030517578,119.94813537597656,419200
2021-10-07,122.6449966430664,125.30999755859375,122.02999877929688,123.34500122070312,121.34014129638672,378800
2021-10-08,123.19000244140625,124.26499938964844,122.27999877929688,122.5999984741211,120.60723876953125,253600
2021-10-11,122.7750015258789,124.2750015258789,121.98999786376953,122.69000244140625,120.6957778930664,197000
2021-10-12,123.23500061035156,125.55999755859375,123.23500061035156,124.61499786376953,122.5894775390625,326400
2021-10-13,124.48999786376953,126.36499786376953,123.75,125.18000030517578,123.14530944824219,397200
2021-10-14,126.05000305175781,128.50999450683594,126.0,128.4550018310547,126.3670883178711,298400
2021-10-15,129.8249969482422,131.10000610351562,126.9800033569336,127.0999984741211,125.03410339355469,240000
2021-10-18,126.58999633789062,128.6750030517578,125.90499877929688,128.51499938964844,126.42610931396484,238000
2021-10-19,129.49000549316406,129.5,127.04000091552734,127.22000122070312,125.15213775634766,247400
2021-10-20,126.9000015258789,129.02499389648438,126.22000122070312,127.70500183105469,125.6292724609375,228800
2021-10-21,127.22000122070312,129.1750030517578,127.22000122070312,127.98500061035156,125.90471649169922,141200
2021-10-22,127.62999725341797,128.47500610351562,126.63500213623047,127.44999694824219,125.37841796875,138200
2021-10-25,127.65499877929688,128.49000549316406,126.26000213623047,126.75499725341797,124.6947021484375,357600
2021-10-26,127.44499969482422,127.8550033569336,125.0,126.375,124.32088470458984,443400
2021-10-27,125.72000122070312,127.48999786376953,124.90499877929688,125.20500183105469,123.16990661621094,407600
2021-10-28,123.75,124.32499694824219,118.66000366210938,119.1500015258789,117.21332550048828,632400
2021-10-29,118.98999786376953,121.08499908447266,113.84500122070312,115.0,113.13077545166016,668200
2021-11-01,115.80000305175781,120.87000274658203,114.56500244140625,120.3499984741211,118.39380645751953,361000
2021-11-02,120.04499816894531,120.04499816894531,115.56999969482422,116.90499877929688,115.00480651855469,319800
2021-11-03,116.69499969482422,118.19000244140625,115.43499755859375,116.88999938964844,114.99005889892578,246200
2021-11-04,117.1449966430664,117.92500305175781,112.63500213623047,114.79499816894531,112.92910766601562,565600
2021-11-05,116.86000061035156,121.3949966430664,116.86000061035156,120.99500274658203,119.02833557128906,474800
2021-11-08,121.28500366210938,121.59500122070312,118.40499877929688,119.05000305175781,117.11494445800781,404000
2021-11-09,119.51000213623047,120.33999633789062,116.01000213623047,117.93499755859375,116.01806640625,296600
2021-11-10,117.59500122070312,119.65499877929688,115.83499908447266,116.5,114.60639190673828,206400
2021-11-11,116.5,116.92500305175781,114.38999938964844,114.75,112.88483428955078,274400
2021-11-12,115.26499938964844,116.5,115.02999877929688,115.11000061035156,113.2389907836914,188200
2021-11-15,116.125,116.94499969482422,115.30999755859375,116.0,114.11451721191406,216600
2021-11-16,116.12999725341797,119.43000030517578,115.00499725341797,118.66500091552734,116.7362060546875,418800
2021-11-17,118.5,119.94999694824219,117.80999755859375,118.75,116.81982421875,443200
2021-11-18,119.70999908447266,120.54499816894531,116.4800033569336,119.6500015258789,117.70519256591797,447600
2021-11-19,118.61000061035156,120.1500015258789,117.61000061035156,118.6500015258789,116.72145080566406,251400
2021-11-22,119.4800033569336,120.31999969482422,117.05000305175781,118.58999633789062,116.66242218017578,478200
2021-11-23,119.43000030517578,119.58000183105469,114.68000030517578,116.01499938964844,114.1292724609375,276200
2021-11-24,113.99500274658203,119.0250015258789,113.99500274658203,118.12000274658203,116.20005798339844,254200
2021-11-26,113.91500091552734,117.62999725341797,112.59500122070312,115.30999755859375,113.43572998046875,270800
2021-11-29,116.51499938964844,118.08999633789062,114.02999877929688,114.16500091552734,112.30934143066406,255000
2021-11-30,113.3949966430664,114.15499877929688,110.03500366210938,112.11000061035156,110.28775024414062,279000
2021-12-01,114.13999938964844,115.55999755859375,107.96499633789062,108.78500366210938,107.01679992675781,480600
2021-12-02,109.34500122070312,118.12999725341797,108.94499969482422,115.01000213623047,113.48853302001953,719000
2021-12-03,115.19499969482422,115.7699966430664,110.2249984741211,112.19999694824219,110.71570587158203,399400
2021-12-06,113.7300033569336,115.5,111.44000244140625,113.63999938964844,112.13665771484375,319400
2021-12-07,115.08000183105469,117.01499938964844,115.0,115.42500305175781,113.89804077148438,243600
2021-12-08,116.5,119.30000305175781,115.5,119.09500122070312,117.51949310302734,846000
2021-12-09,118.36000061035156,119.09500122070312,115.0,115.6500015258789,114.12006378173828,263600
2021-12-10,118.06999969482422,118.06999969482422,113.70999908447266,114.01499938964844,112.5066909790039,231400
2021-12-13,112.58499908447266,113.70500183105469,111.7300033569336,112.20999908447266,110.72557830810547,220200
2021-12-14,111.57499694824219,113.53500366210938,109.92500305175781,110.30999755859375,108.8507080078125,551800
2021-12-15,110.0999984741211,111.76499938964844,106.7300033569336,108.57499694824219,107.13865661621094,388400
2021-12-16,109.76499938964844,110.13500213623047,106.38500213623047,106.7699966430664,105.35753631591797,290200
2021-12-17,107.12999725341797,111.59500122070312,105.30500030517578,109.99500274658203,108.53987884521484,877400
2021-12-20,107.69000244140625,110.36499786376953,107.16000366210938,109.76499938964844,108.31291198730469,280200
2021-12-21,110.6500015258789,116.08000183105469,110.6500015258789,115.83499908447266,114.30262756347656,598400
2021-12-22,115.625,117.5,114.69000244140625,116.96499633789062,115.41767120361328,325400
2021-12-23,117.24500274658203,118.94999694824219,116.63999938964844,118.18499755859375,116.62153625488281,183600
2021-12-27,118.19999694824219,118.69999694824219,116.53500366210938,118.59500122070312,117.02611541748047,238200
2021-12-28,118.54499816894531,120.79000091552734,118.54499816894531,119.41000366210938,117.83032989501953,366000
2021-12-29,118.69000244140625,121.02999877929688,117.66000366210938,119.7699966430664,118.18555450439453,248800
2021-12-30,119.9800033569336,120.73500061035156,119.4800033569336,119.49500274658203,117.9142074584961,164400
2021-12-31,119.41000366210938,121.2699966430664,119.41000366210938,120.44999694824219,118.85655975341797,210200
2022-01-03,119.83999633789062,120.94000244140625,116.13999938964844,118.31999969482422,116.75474548339844,496200
2022-01-04,119.54499816894531,119.54499816894531,116.375,116.48999786376953,114.94895935058594,311800
2022-01-05,116.0,117.48999786376953,111.91500091552734,112.53500366210938,111.04627990722656,531800
2022-01-06,112.53500366210938,114.70500183105469,111.63999938964844,113.23500061035156,111.73701477050781,322000
2022-01-07,112.98999786376953,116.50499725341797,112.98999786376953,115.45999908447266,113.93257904052734,376400
2022-01-10,115.03500366210938,115.25,109.8499984741211,112.76499938964844,111.27323913574219,434800
2022-01-11,112.93499755859375,113.88500213623047,111.45500183105469,111.61000061035156,110.13350677490234,452800
2022-01-12,112.0,113.7750015258789,109.62000274658203,109.88500213623047,108.43132781982422,249600
2022-01-13,110.20999908447266,111.80000305175781,108.93499755859375,108.93499755859375,107.49390411376953,244000
2022-01-14,108.53500366210938,109.08000183105469,105.05000305175781,106.36499786376953,104.9578857421875,252800
2022-01-18,104.68499755859375,107.44000244140625,104.0,105.66999816894531,104.27210235595703,478400
2022-01-19,105.99500274658203,107.33999633789062,104.44499969482422,105.12999725341797,103.73922729492188,351600
2022-01-20,105.63500213623047,108.38500213623047,104.61000061035156,105.03500366210938,103.64549255371094,400600
2022-01-21,104.11000061035156,105.125,101.29499816894531,101.66000366210938,100.31513977050781,718600
2022-01-24,100.20500183105469,103.51499938964844,97.02999877929688,103.47000122070312,102.10120391845703,439800
2022-01-25,102.6050033569336,103.58499908447266,100.61499786376953,102.05000305175781,100.69998168945312,204000
2022-01-26,103.37999725341797,105.6449966430664,99.83000183105469,100.69499969482422,99.36290740966797,254800
2022-01-27,101.24500274658203,102.33499908447266,99.04499816894531,99.63999938964844,98.32186126708984,547200
2022-01-28,100.01000213623047,101.29499816894531,97.63999938964844,100.84500122070312,99.51093292236328,282400
2022-01-31,101.03500366210938,105.33999633789062,100.31500244140625,105.1500015258789,103.75897979736328,357400
2022-02-01,105.63999938964844,106.05999755859375,103.50499725341797,105.25499725341797,103.86257934570312,242600
2022-02-02,105.25499725341797,105.38500213623047,103.2249984741211,103.96499633789062,102.58964538574219,267400
2022-02-03,102.86499786376953,104.43000030517578,100.99500274658203,101.08000183105469,99.74281311035156,173600
2022-02-04,101.13500213623047,104.69499969482422,100.13999938964844,104.41999816894531,103.03861999511719,284200
2022-02-07,104.9000015258789,107.00499725341797,104.04499816894531,105.8550033569336,104.45465087890625,169400
2022-02-08,106.19499969482422,108.73999786376953,106.06500244140625,108.20500183105469,106.77355194091797,221000
2022-02-09,108.8949966430664,111.0199966430664,108.75,110.94000244140625,109.47238159179688,198600
2022-02-10,109.34500122070312,113.84500122070312,108.88500213623047,112.2249984741211,110.74037170410156,299400
2022-02-11,112.2300033569336,113.23999786376953,109.375,110.45500183105469,108.99378967285156,471200
2022-02-14,110.1449966430664,113.18000030517578,109.62000274658203,110.29499816894531,108.8359146118164,309200
2022-02-15,110.92500305175781,113.78500366210938,110.92500305175781,113.4749984741211,111.97384643554688,200400
2022-02-16,112.6050033569336,114.68000030517578,112.03500366210938,113.55500030517578,112.05278015136719,214600
2022-02-17,113.1050033569336,113.41500091552734,111.05999755859375,111.63500213623047,110.1581802368164,292000
2022-02-18,110.8550033569336,111.17500305175781,107.62000274658203,108.76000213623047,107.32122039794922,433400
2022-02-22,108.99500274658203,110.77999877929688,105.86499786376953,107.25499725341797,105.83612060546875,487800
2022-02-23,107.62999725341797,110.11000061035156,106.77999877929688,106.93499755859375,105.52037048339844,435000
2022-02-24,103.94000244140625,109.44000244140625,101.5,109.30500030517578,107.85900115966797,751400
2022-02-25,110.50499725341797,122.33000183105469,107.76499938964844,122.12999725341797,120.51433563232422,695600
2022-02-28,120.78500366210938,124.66500091552734,119.21499633789062,120.43499755859375,118.84176635742188,523000
2022-03-01,120.25,120.25,115.24500274658203,116.5,114.95882415771484,394800
2022-03-02,117.7249984741211,123.5,117.7249984741211,121.9749984741211,120.36139678955078,298000
2022-03-03,122.41000366210938,122.7750015258789,116.91000366210938,117.98500061035156,116.4241714477539,235400
2022-03-04,117.51499938964844,117.51499938964844,112.16000366210938,113.50499725341797,112.00344848632812,402600
2022-03-07,112.9800033569336,112.9800033569336,101.70500183105469,102.19999694824219,100.84799194335938,727200
2022-03-08,102.37999725341797,105.52999877929688,98.70999908447266,104.19499969482422,102.81660461425781,886000
2022-03-09,107.92500305175781,109.79000091552734,105.63500213623047,106.83999633789062,105.4266128540039,508200
2022-03-10,104.32499694824219,108.32499694824219,103.49500274658203,107.58999633789062,106.16668701171875,290800
2022-03-11,108.5999984741211,109.2249984741211,107.25,107.33999633789062,105.91999816894531,242400
2022-03-14,108.19000244140625,108.7699966430664,104.36000061035156,104.94000244140625,103.55175018310547,321600
2022-03-15,106.27999877929688,109.63999938964844,105.2249984741211,109.2699966430664,107.824462890625,207800
2022-03-16,111.12000274658203,113.06500244140625,109.91999816894531,112.8499984741211,111.35711669921875,293800
2022-03-17,111.36499786376953,113.29000091552734,110.12000274658203,113.2300033569336,111.73208618164062,223600
2022-03-18,112.49500274658203,117.5999984741211,111.68000030517578,117.02999877929688,115.4818115234375,544200
2022-03-21,116.0,116.0,112.03500366210938,114.08999633789062,112.58070373535156,365600
2022-03-22,114.42500305175781,115.77999877929688,113.80500030517578,115.5250015258789,113.99671936035156,814400
2022-03-23,115.5999984741211,115.62000274658203,113.17500305175781,113.51000213623047,112.00838470458984,274200
2022-03-24,113.83000183105469,114.11499786376953,112.00499725341797,114.00499725341797,112.496826171875,170000
2022-03-25,114.40499877929688,114.43499755859375,111.19999694824219,112.01000213623047,110.5282211303711,213000
2022-03-28,112.55999755859375,113.68499755859375,110.41000366210938,111.51499938964844,110.03976440429688,407400
2022-03-29,113.34500122070312,115.0,113.21499633789062,114.06999969482422,112.56096649169922,585800
2022-03-30,113.37999725341797,114.3949966430664,112.36499786376953,113.5199966430664,112.01824188232422,238200
2022-03-31,113.2300033569336,114.29000091552734,110.80999755859375,110.88999938964844,109.42303466796875,295000
2022-04-01,112.25499725341797,112.70999908447266,110.25499725341797,111.43499755859375,109.96083068847656,323400
2022-04-04,110.7249984741211,114.40499877929688,110.55999755859375,114.0,112.49189758300781,336800
2022-04-05,114.0,114.0,109.90499877929688,110.81999969482422,109.35396575927734,272800
2022-04-06,109.99500274658203,109.99500274658203,104.29499816894531,104.96499633789062,103.576416015625,357200
2022-04-07,104.5,104.92500305175781,99.49500274658203,103.19999694824219,101.83477783203125,370600
2022-04-08,103.08499908447266,103.31999969482422,100.78500366210938,101.3949966430664,100.05364227294922,289000
2022-04-11,100.25499725341797,104.01499938964844,100.25499725341797,101.01000213623047,99.67374420166016,336800
2022-04-12,102.33999633789062,104.16500091552734,101.375,101.86499786376953,100.51742553710938,413400
2022-04-13,101.36000061035156,106.43499755859375,101.31500244140625,105.00499725341797,103.61589050292969,269000
2022-04-14,105.0,107.19000244140625,105.0,105.3499984741211,103.9563217163086,232000
2022-04-18,104.52999877929688,106.34500122070312,103.98999786376953,104.86000061035156,103.47281646728516,250000
2022-04-19,104.43000030517578,109.70999908447266,104.43000030517578,108.7249984741211,107.28666687011719,273000
2022-04-20,108.67500305175781,110.33999633789062,108.19499969482422,108.30999755859375,106.8771743774414,193600
2022-04-21,109.84500122070312,109.84500122070312,102.94000244140625,103.65499877929688,102.28375244140625,346800
2022-04-22,103.375,104.83000183105469,100.7699966430664,101.65499877929688,100.31021118164062,361200
2022-04-25,101.37999725341797,104.75499725341797,99.98999786376953,104.62000274658203,103.23599243164062,294000
2022-04-26,103.56500244140625,104.41999816894531,100.44999694824219,100.99500274658203,99.65894317626953,459000
2022-04-27,100.57499694824219,102.93000030517578,97.33999633789062,98.34500122070312,97.04399871826172,659400
2022-04-28,103.42500305175781,105.87999725341797,100.01000213623047,104.94000244140625,103.55175018310547,859600
2022-04-29,105.12000274658203,108.70999908447266,101.08999633789062,101.47000122070312,100.12765502929688,319200
2022-05-02,102.7300033569336,107.3550033569336,101.625,106.67500305175781,105.26380157470703,593000
2022-05-03,107.1449966430664,107.40499877929688,102.31500244140625,104.49500274658203,103.11264038085938,319600
2022-05-04,105.62999725341797,106.16000366210938,97.75,103.90499877929688,102.53043365478516,756800
2022-05-05,102.49500274658203,103.47000122070312,99.43000030517578,100.58999633789062,99.25928497314453,235200
2022-05-06,100.5250015258789,101.59500122070312,97.62000274658203,100.5,99.17048645019531,507400
2022-05-09,99.02999877929688,100.80999755859375,92.05000305175781,92.58000183105469,91.35526275634766,944200
2022-05-10,94.67500305175781,96.71499633789062,90.1500015258789,94.80999755859375,93.5557632446289,1380800
2022-05-11,94.48500061035156,96.86499786376953,90.72000122070312,90.80500030517578,89.60374450683594,434200
2022-05-12,90.70999908447266,93.16500091552734,88.9000015258789,92.56999969482422,91.34539031982422,498800
2022-05-13,94.6050033569336,97.42500305175781,94.6050033569336,96.95999908447266,95.67731475830078,449000
2022-05-16,96.36000061035156,98.5,95.2249984741211,96.43499755859375,95.15925598144531,357400
2022-05-17,98.55000305175781,99.59500122070312,96.04000091552734,98.26499938964844,96.96504974365234,271800
2022-05-18,96.44000244140625,98.5999984741211,91.95500183105469,93.05000305175781,91.81904602050781,424800
2022-05-19,92.24500274658203,94.6500015258789,91.88500213623047,92.63999938964844,91.41446685791016,723800
2022-05-20,94.7249984741211,95.7300033569336,90.12000274658203,92.81500244140625,91.58715057373047,378400
2022-05-23,93.50499725341797,94.57499694824219,91.36499786376953,92.75499725341797,91.52793884277344,429800
2022-05-24,91.44999694824219,93.0199966430664,87.95500183105469,89.76000213623047,88.57256317138672,380200
2022-05-25,89.66999816894531,92.5999984741211,89.66999816894531,91.74500274658203,90.53131103515625,404200
2022-05-26,93.30000305175781,99.36000061035156,93.0999984741211,99.09500122070312,97.7840805053711,405000
2022-05-27,100.03500366210938,102.08999633789062,100.03500366210938,102.08999633789062,100.73944854736328,310800
2022-05-31,101.63500213623047,102.05999755859375,99.7699966430664,101.21499633789062,99.87602996826172,463400
2022-06-01,102.07499694824219,102.49500274658203,99.24500274658203,101.88999938964844,100.5420913696289,354800
2022-06-02,102.16000366210938,105.75499725341797,102.16000366210938,105.73500061035156,104.33623504638672,325000
2022-06-03,104.83499908447266,105.97000122070312,104.16500091552734,105.1500015258789,103.75897979736328,295200
2022-06-06,106.01499938964844,108.04000091552734,105.19999694824219,105.625,104.2276840209961,324200
2022-06-07,103.95500183105469,107.15499877929688,103.95500183105469,106.48500061035156,105.07630920410156,328800
2022-06-08,106.36499786376953,107.1449966430664,104.86499786376953,105.1050033569336,103.71456909179688,256200
2022-06-09,104.1449966430664,104.76499938964844,102.72000122070312,102.76499938964844,101.405517578125,241000
2022-06-10,100.6449966430664,101.3949966430664,95.75499725341797,96.47000122070312,95.19380950927734,454000
2022-06-13,93.67500305175781,93.67500305175781,87.80999755859375,89.25,88.0693130493164,749200
2022-06-14,90.31999969482422,91.61000061035156,89.06500244140625,91.36000061035156,90.15139770507812,373600
2022-06-15,92.31500244140625,94.40499877929688,90.56999969482422,92.87000274658203,91.64142608642578,282800
2022-06-16,90.04499816894531,90.6449966430664,86.375,86.86000061035156,85.71092987060547,338200
2022-06-17,87.7750015258789,90.50499725341797,86.53500366210938,89.43499755859375,88.25186157226562,455200
2022-06-21,90.48999786376953,91.11499786376953,88.79000091552734,89.16999816894531,87.99037170410156,251600
2022-06-22,88.11000061035156,90.45500183105469,88.11000061035156,89.94999694824219,88.76004791259766,467200
2022-06-23,90.99500274658203,91.58499908447266,88.31999969482422,90.0999984741211,88.9080581665039,272600
2022-06-24,91.69000244140625,99.72000122070312,91.5,99.41500091552734,98.09983825683594,875600
2022-06-27,99.28500366210938,99.99500274658203,97.23999786376953,97.8949966430664,96.59994506835938,284400
2022-06-28,99.17500305175781,101.33999633789062,96.8949966430664,97.00499725341797,95.72171020507812,274400
2022-06-29,96.43000030517578,96.73500061035156,94.23500061035156,95.94999694824219,94.68067932128906,326200
2022-06-30,94.15499877929688,97.20999908447266,93.08499908447266,95.76499938964844,94.49812316894531,385600
2022-07-01,95.27999877929688,98.80500030517578,95.27999877929688,98.68000030517578,97.37455749511719,198400
2022-07-05,97.2750015258789,100.6050033569336,95.81500244140625,100.33000183105469,99.00273132324219,290600
2022-07-06,100.7300033569336,100.99500274658203,96.58000183105469,98.0,96.70355224609375,254600
2022-07-07,99.22000122070312,101.08499908447266,98.5,99.70500183105469,98.3860092163086,221800
2022-07-08,99.30500030517578,100.29499816894531,97.7750015258789,99.56500244140625,98.24786376953125,322400
2022-07-11,99.19000244140625,99.19000244140625,95.94999694824219,97.36000061035156,96.072021484375,199600
2022-07-12,97.52999877929688,100.67500305175781,97.52999877929688,99.11000061035156,97.79887390136719,355400
2022-07-13,96.94499969482422,100.98500061035156,96.25499725341797,100.6050033569336,99.27410888671875,320800
2022-07-14,98.7750015258789,100.70999908447266,98.52999877929688,100.31999969482422,98.99287414550781,269800
2022-07-15,101.125,103.97000122070312,100.47000122070312,102.82499694824219,101.46472930908203,331600
2022-07-18,103.68000030517578,105.19499969482422,102.44499969482422,102.71499633789062,101.3561782836914,294000
2022-07-19,103.73500061035156,106.13500213623047,103.73500061035156,105.13999938964844,103.74910736083984,302400
2022-07-20,105.19000244140625,108.17500305175781,105.15499877929688,107.1449966430664,105.72757720947266,333400
2022-07-21,107.1449966430664,110.00499725341797,105.37999725341797,109.59500122070312,108.1451644897461,301800
2022-07-22,109.93499755859375,110.78500366210938,107.36499786376953,108.43499755859375,107.00050354003906,232800
2022-07-25,109.66999816894531,109.66999816894531,107.44999694824219,108.73500061035156,107.29654693603516,193800
2022-07-26,108.49500274658203,108.72000122070312,106.63999938964844,107.44499969482422,106.02361297607422,288800
2022-07-27,108.88500213623047,111.25,108.46499633789062,110.0,108.54480743408203,398400
2022-07-28,108.7300033569336,110.3499984741211,107.19000244140625,108.45999908447266,107.02518463134766,531600
2022-07-29,108.29000091552734,108.56500244140625,103.55999755859375,104.9000015258789,103.51227569580078,610400
2022-08-01,103.7300033569336,105.94499969482422,101.88500213623047,104.7750015258789,103.38893127441406,582800
2022-08-02,104.27999877929688,106.2699966430664,103.83499908447266,104.93499755859375,103.54680633544922,369400
2022-08-03,105.41999816894531,106.7300033569336,105.0199966430664,105.97000122070312,104.56812286376953,384200
2022-08-04,105.41500091552734,106.4000015258789,104.99500274658203,106.12999725341797,104.72601318359375,372800
2022-08-05,104.45999908447266,105.6500015258789,103.78500366210938,105.08499908447266,103.69483184814453,308200
2022-08-08,105.33000183105469,107.05000305175781,104.00499725341797,104.93499755859375,103.54680633544922,376800
2022-08-09,103.83499908447266,104.50499725341797,101.9749984741211,102.58499908447266,101.2279052734375,406800
2022-08-10,104.86499786376953,105.9749984741211,102.25499725341797,103.76000213623047,102.38736724853516,328800
2022-08-11,105.37999725341797,107.66500091552734,105.0,106.29499816894531,104.88882446289062,429800
2022-08-12,106.96499633789062,108.42500305175781,106.56999969482422,108.02999877929688,106.60088348388672,282600
2022-08-15,107.57499694824219,109.5,107.5,108.45999908447266,107.02518463134766,246000
2022-08-16,107.58000183105469,109.2750015258789,107.50499725341797,109.04499816894531,107.6024398803711,261200
2022-08-17,107.67500305175781,108.22000122070312,106.37999725341797,107.0250015258789,105.60916900634766,276000
2022-08-18,106.56999969482422,107.96499633789062,106.56999969482422,107.41999816894531,105.99894714355469,225600
2022-08-19,105.9000015258789,107.3949966430664,105.51499938964844,105.83000183105469,104.42998504638672,294400
2022-08-22,104.08000183105469,104.0999984741211,102.55999755859375,102.8550033569336,101.49433898925781,270200
2022-08-23,102.25,104.5,102.25,104.33000183105469,102.94982147216797,250400
2022-08-24,104.3499984741211,106.2750015258789,103.83000183105469,105.12999725341797,103.73922729492188,254200
2022-08-25,105.54000091552734,107.33499908447266,105.46499633789062,106.62000274658203,105.20952606201172,225000
2022-08-26,106.93000030517578,107.46499633789062,102.80000305175781,102.82499694824219,101.46472930908203,318400
2022-08-29,101.96499633789062,103.5,101.125,102.61000061035156,101.25257873535156,323800
2022-08-30,103.33000183105469,103.33000183105469,99.95500183105469,100.23999786376953,98.91392517089844,557800
2022-08-31,100.26499938964844,100.76000213623047,98.44499969482422,98.54499816894531,97.2413558959961,386600
2022-09-01,97.52999877929688,98.07499694824219,94.80999755859375,97.95500183105469,96.65916442871094,519400
2022-09-02,98.75499725341797,98.82499694824219,96.6050033569336,97.41999816894531,96.1312255859375,271000
2022-09-06,97.1500015258789,97.8550033569336,95.0,97.27999877929688,95.99308776855469,408400
2022-09-07,97.59500122070312,101.22000122070312,97.1500015258789,100.79499816894531,99.46157836914062,311200
2022-09-08,99.44999694824219,100.95500183105469,98.27999877929688,100.79499816894531,99.46157836914062,355200
2022-09-09,101.77999877929688,105.11000061035156,101.77999877929688,103.91500091552734,102.54031372070312,370800
2022-09-12,104.5,106.2699966430664,103.625,104.25,102.8708724975586,297400
2022-09-13,101.51000213623047,102.8949966430664,100.18000030517578,100.67500305175781,99.34317016601562,279400
2022-09-14,101.1449966430664,101.1449966430664,98.01499938964844,100.70500183105469,99.3727798461914,309400
2022-09-15,100.11000061035156,102.69499969482422,99.19000244140625,99.82499694824219,98.50440979003906,276600
2022-09-16,98.81500244140625,98.8499984741211,96.29000091552734,97.19499969482422,95.9092025756836,1093400
2022-09-19,96.07499694824219,101.78500366210938,96.0,101.7249984741211,100.3792724609375,470200
2022-09-20,101.70500183105469,101.93000030517578,99.20999908447266,100.2249984741211,98.89912414550781,273600
2022-09-21,100.2249984741211,100.66500091552734,96.57499694824219,96.57499694824219,95.29740142822266,302200
2022-09-22,95.9000015258789,96.2249984741211,91.74500274658203,92.05000305175781,90.83228302001953,659200
2022-09-23,90.8550033569336,91.37999725341797,89.16999816894531,91.30500030517578,90.09712982177734,395800
2022-09-26,91.41000366210938,93.71499633789062,90.31500244140625,90.37000274658203,89.17449951171875,272000
2022-09-27,92.06999969482422,93.3550033569336,89.94499969482422,91.15499877929688,89.94911193847656,320800
2022-09-28,91.27999877929688,94.5250015258789,91.27999877929688,93.83999633789062,92.59858703613281,343000
2022-09-29,92.29000091552734,92.68000030517578,90.54000091552734,92.46499633789062,91.24176788330078,331000
2022-09-30,91.87000274658203,94.13500213623047,90.57499694824219,92.07499694824219,90.85693359375,414800
2022-10-03,93.13500213623047,94.3949966430664,91.18000030517578,93.09500122070312,91.86344909667969,330600
2022-10-04,95.27999877929688,98.62000274658203,95.27999877929688,98.54499816894531,97.2413558959961,340000
2022-10-05,97.02999877929688,99.16000366210938,96.81500244140625,98.93000030517578,97.62126159667969,272800
2022-10-06,99.0,99.9000015258789,97.93000030517578,98.81500244140625,97.50778198242188,361800
2022-10-07,98.01499938964844,98.61000061035156,96.93499755859375,98.05000305175781,96.7529067993164,401200
2022-10-10,97.49500274658203,97.79000091552734,93.68499755859375,95.3550033569336,94.09355926513672,247400
2022-10-11,95.19000244140625,97.62999725341797,93.44999694824219,96.94000244140625,95.65757751464844,333600
2022-10-12,97.44499969482422,97.44499969482422,95.5999984741211,96.4749984741211,95.19873046875,354000
2022-10-13,93.8949966430664,100.41999816894531,93.04499816894531,99.33000183105469,98.0159683227539,457400
2022-10-14,100.08999633789062,101.54499816894531,97.37999725341797,97.5250015258789,96.2348403930664,283800
2022-10-17,99.36000061035156,101.04000091552734,99.36000061035156,100.70500183105469,99.3727798461914,283200
2022-10-18,103.4800033569336,103.7750015258789,100.72000122070312,101.48999786376953,100.14738464355469,312200
2022-10-19,100.48999786376953,100.75499725341797,98.23500061035156,99.48999786376953,98.17384338378906,220600
2022-10-20,99.30999755859375,102.37000274658203,99.30999755859375,100.29000091552734,98.96326446533203,318200
2022-10-21,100.56999969482422,102.16000366210938,98.81500244140625,101.66500091552734,100.32007598876953,306200
2022-10-24,102.21499633789062,103.29499816894531,101.51499938964844,102.8499984741211,101.4894027709961,370600
2022-10-25,102.12000274658203,104.44499969482422,102.12000274658203,104.05000305175781,102.67353057861328,231800
2022-10-26,103.73999786376953,108.0250015258789,103.61000061035156,104.25,102.8708724975586,438000
2022-10-27,101.12999725341797,105.47000122070312,98.86499786376953,98.97000122070312,97.66072082519531,728800
2022-10-28,99.7699966430664,102.05500030517578,97.63500213623047,101.67500305175781,100.32994079589844,339400
2022-10-31,101.16000366210938,104.40499877929688,101.06999969482422,103.95500183105469,102.57978057861328,530800
2022-11-01,105.0,105.91000366210938,103.06999969482422,105.41999816894531,104.025390625,423800
2022-11-02,104.97000122070312,106.45999908447266,101.70500183105469,101.70999908447266,100.3644790649414,352800
2022-11-03,100.69999694824219,100.69999694824219,98.16500091552734,98.74500274658203,97.4386978149414,251600
2022-11-04,100.33499908447266,101.6050033569336,98.3949966430664,100.80500030517578,99.47145080566406,323200
2022-11-07,101.8499984741211,104.12000274658203,100.33999633789062,104.01499938964844,102.63898468017578,319800
2022-11-08,104.75,105.43000030517578,103.58000183105469,104.56999969482422,103.18665313720703,520600
2022-11-09,104.08499908447266,106.25499725341797,102.2750015258789,105.33000183105469,103.93659210205078,462800
2022-11-10,108.58999633789062,111.29499816894531,108.58999633789062,110.0999984741211,108.64349365234375,421800
2022-11-11,110.93000030517578,112.375,109.86000061035156,110.98500061035156,109.51678466796875,405600
2022-11-14,110.19999694824219,111.7750015258789,109.03500366210938,110.22000122070312,108.76190185546875,520600
2022-11-15,112.42500305175781,113.44499969482422,110.88500213623047,111.30500030517578,109.83255767822266,281200
2022-11-16,110.94999694824219,111.87999725341797,110.21499633789062,111.82499694824219,110.34566497802734,333400
2022-11-17,109.95500183105469,111.86000061035156,109.5199966430664,111.70999908447266,110.23219299316406,405000
2022-11-18,113.0250015258789,113.0250015258789,111.01000213623047,111.17500305175781,109.70427703857422,218000
2022-11-21,110.68000030517578,111.32499694824219,109.55999755859375,109.78500366210938,108.3326644897461,225200
2022-11-22,109.8550033569336,111.91000366210938,109.02999877929688,111.58000183105469,110.10391235351562,201000
2022-11-23,111.55999755859375,111.875,110.53500366210938,111.08499908447266,109.61544799804688,218000
2022-11-25,111.42500305175781,112.62000274658203,111.06500244140625,111.82499694824219,110.34566497802734,136400
2022-11-28,111.48500061035156,111.88500213623047,110.5199966430664,110.69000244140625,109.2256851196289,309200
2022-11-29,111.27999877929688,112.02999877929688,110.55500030517578,111.05500030517578,109.58585357666016,235000
2022-11-30,110.30000305175781,111.23500061035156,107.40499877929688,110.9800033569336,109.51184844970703,533000
2022-12-01,110.99500274658203,111.80000305175781,110.38500213623047,110.91000366210938,109.79597473144531,363200
2022-12-02,109.19999694824219,112.36499786376953,109.19999694824219,111.36499786376953,110.24639129638672,345800
2022-12-05,110.45999908447266,111.25,109.13999938964844,109.93000030517578,108.82581329345703,509400
2022-12-06,109.93000030517578,110.76000213623047,109.51000213623047,110.26499938964844,109.1574478149414,608200
2022-12-07,109.72000122070312,111.93499755859375,109.37000274658203,110.66500091552734,109.55342102050781,595000
2022-12-08,110.22000122070312,111.3949966430664,108.68499755859375,109.73999786376953,108.6377182006836,520000
2022-12-09,109.16500091552734,110.7249984741211,109.16500091552734,109.77999877929688,108.67732238769531,337800
2022-12-12,109.6449966430664,111.0,109.6050033569336,110.43499755859375,109.32573699951172,316200
2022-12-13,112.67500305175781,113.7300033569336,111.91000366210938,112.80000305175781,111.66698455810547,436600
2022-12-14,112.00499725341797,114.0999984741211,111.91500091552734,113.20999908447266,112.07286071777344,926000
2022-12-15,111.5999984741211,112.5,109.29000091552734,110.47000122070312,109.36038208007812,912800
2022-12-16,109.26000213623047,110.44999694824219,107.76000213623047,107.91999816894531,106.83599090576172,855000
2022-12-19,107.5250015258789,107.91999816894531,102.47000122070312,103.16000366210938,102.12381744384766,670600
2022-12-20,103.1449966430664,105.69999694824219,102.625,104.62000274658203,103.56915283203125,439800
2022-12-21,105.33000183105469,106.01000213623047,104.29000091552734,104.62000274658203,103.56915283203125,457000
2022-12-22,104.2699966430664,104.81500244140625,101.8949966430664,104.74500274658203,103.69288635253906,364800
2022-12-23,104.80500030517578,105.97000122070312,104.63999938964844,105.51499938964844,104.45514678955078,258200
2022-12-27,105.81999969482422,106.61000061035156,104.75499725341797,105.06999969482422,104.0146255493164,163600
2022-12-28,105.24500274658203,105.55000305175781,103.30999755859375,103.73999786376953,102.69798278808594,397600
2022-12-29,104.58499908447266,106.28500366210938,103.86000061035156,105.63500213623047,104.5739517211914,260800
2022-12-30,104.77999877929688,106.52999877929688,104.2249984741211,105.71499633789062,104.65314483642578,223200
2023-01-03,106.46499633789062,107.13999938964844,104.31500244140625,105.125,104.0690689086914,276200
2023-01-04,105.80000305175781,108.06999969482422,105.80000305175781,107.87999725341797,106.79640197753906,242600
2023-01-05,107.23999786376953,108.74500274658203,106.73999786376953,107.37999725341797,106.30142211914062,220600
2023-01-06,108.41999816894531,109.05000305175781,107.7249984741211,108.72000122070312,107.62796020507812,194000
2023-01-09,109.12999725341797,110.47000122070312,108.94499969482422,109.26000213623047,108.16254425048828,405400
2023-01-10,109.38500213623047,109.91999816894531,108.75,109.7699966430664,108.66741943359375,311000
2023-01-11,110.40499877929688,110.98999786376953,109.7699966430664,109.87000274658203,108.76641845703125,307000
2023-01-12,109.95999908447266,112.43000030517578,109.29499816894531,111.6050033569336,110.4839859008789,311400
2023-01-13,111.2699966430664,112.375,110.80000305175781,112.19999694824219,111.07300567626953,276600
2023-01-17,112.56999969482422,114.16000366210938,112.0,113.78500366210938,112.64208984375,255200
2023-01-18,114.45500183105469,115.94999694824219,114.33499908447266,115.0,113.84488677978516,433800
2023-01-19,114.95500183105469,117.5,114.63999938964844,116.8550033569336,115.6812515258789,342600
2023-01-20,117.51000213623047,121.6050033569336,117.03500366210938,121.55999755859375,120.3389892578125,463400
2023-01-23,121.47000122070312,122.375,120.76000213623047,121.1500015258789,119.93311309814453,431000
2023-01-24,121.01499938964844,123.4000015258789,120.38999938964844,123.05999755859375,121.82392883300781,259800
2023-01-25,122.0250015258789,123.48500061035156,121.5250015258789,122.76000213623047,121.52693939208984,236600
2023-01-26,123.56500244140625,124.44000244140625,123.08000183105469,124.31999969482422,123.0712661743164,260800
2023-01-27,123.81999969482422,125.125,123.55000305175781,124.23500061035156,122.98712158203125,209600
2023-01-30,123.56999969482422,124.1500015258789,122.03500366210938,122.15499877929688,120.92801666259766,216000
2023-01-31,122.31999969482422,124.125,121.5250015258789,124.05000305175781,122.80398559570312,321800
2023-02-01,123.76499938964844,125.23999786376953,123.67500305175781,124.75,123.4969482421875,311600
2023-02-02,125.7249984741211,126.0,122.33499908447266,123.69999694824219,122.45748901367188,358200
2023-02-03,122.72000122070312,126.6449966430664,122.72000122070312,125.49500274658203,124.2344741821289,278000
2023-02-06,124.3949966430664,125.0199966430664,123.83499908447266,124.25,123.0019760131836,167400
2023-02-07,123.91999816894531,126.30000305175781,123.12000274658203,126.06500244140625,124.79874420166016,187400
2023-02-08,125.69499969482422,125.91500091552734,123.93499755859375,124.2699966430664,123.02175903320312,227800
2023-02-09,125.0,125.56500244140625,121.7750015258789,122.33000183105469,121.10125732421875,271000
2023-02-10,121.53500366210938,122.81999969482422,120.83499908447266,121.625,120.40333557128906,293600
2023-02-13,122.05000305175781,123.12999725341797,121.76499938964844,122.38500213623047,121.15570831298828,119400
2023-02-14,121.62000274658203,123.58999633789062,120.70999908447266,123.25,122.01201629638672,174600
2023-02-15,122.95999908447266,125.84500122070312,122.01000213623047,124.90499877929688,123.65039825439453,368800
2023-02-16,123.62999725341797,124.93000030517578,122.40499877929688,123.44999694824219,122.21000671386719,321200
2023-02-17,122.61499786376953,123.48500061035156,121.625,122.94000244140625,121.70513153076172,246600
2023-02-21,121.69499969482422,122.40499877929688,120.33000183105469,121.08499908447266,119.86876678466797,202000
2023-02-22,120.51000213623047,122.42500305175781,120.51000213623047,121.34500122070312,120.12615203857422,519600
2023-02-23,119.58499908447266,123.25,118.6449966430664,121.91000366210938,120.68547821044922,919600
2023-02-24,120.66999816894531,121.62999725341797,120.2300033569336,121.55500030517578,120.33404541015625,590600
2023-02-27,122.73500061035156,122.73500061035156,120.97000122070312,121.90499877929688,120.6805191040039,262200
2023-02-28,121.72000122070312,123.61000061035156,121.62000274658203,122.88999938964844,121.65563201904297,443200
2023-03-01,123.44000244140625,124.6500015258789,122.5,122.79000091552734,121.556640625,391400
2023-03-02,122.0999984741211,123.5,121.38500213623047,123.20999908447266,121.97241973876953,376800
2023-03-03,123.2699966430664,124.41500091552734,122.45500183105469,124.06500244140625,122.81883239746094,219200
2023-03-06,123.70500183105469,124.67500305175781,122.52999877929688,122.7750015258789,121.54179382324219,348800
2023-03-07,123.06999969482422,123.49500274658203,121.68000030517578,122.16500091552734,120.93791198730469,340000
2023-03-08,121.69000244140625,122.9000015258789,121.29499816894531,122.69499969482422,121.46259307861328,282600
2023-03-09,122.88999938964844,122.98999786376953,120.40499877929688,120.56999969482422,119.35894012451172,507200
2023-03-10,119.80999755859375,121.16000366210938,117.98500061035156,119.63500213623047,118.4333267211914,665200
2023-03-13,118.04000091552734,118.55500030517578,115.21499633789062,117.27999877929688,116.10197448730469,640600
2023-03-14,118.79499816894531,120.33999633789062,118.61499786376953,120.13999938964844,118.93325805664062,469200
2023-03-15,117.91000366210938,120.81500244140625,117.63999938964844,120.125,118.91840362548828,639600
2023-03-16,119.87000274658203,123.5250015258789,119.87000274658203,121.94499969482422,120.72012329101562,329200
2023-03-17,121.86499786376953,124.00499725341797,121.22000122070312,123.45500183105469,122.2149658203125,569800
2023-03-20,123.75,125.7699966430664,123.5,125.30000305175781,124.04142761230469,572600
2023-03-21,126.125,129.1649932861328,126.125,127.41000366210938,126.13023376464844,638400
2023-03-22,127.36000061035156,128.85000610351562,126.37000274658203,126.46499633789062,125.1947250366211,506400
2023-03-23,126.5250015258789,128.24000549316406,121.56999969482422,122.33000183105469,121.10125732421875,405800
2023-03-24,121.13500213623047,121.4000015258789,118.04000091552734,121.08499908447266,119.86876678466797,364800
2023-03-27,122.18499755859375,123.91500091552734,121.69499969482422,122.70999908447266,121.4774398803711,312800
2023-03-28,122.51499938964844,124.16500091552734,122.04499816894531,123.18499755859375,121.94766235351562,225600
2023-03-29,124.45500183105469,125.15499877929688,123.9000015258789,125.0,123.74444580078125,241400
2023-03-30,125.0,127.0999984741211,125.0,126.69000244140625,125.41747283935547,303600
2023-03-31,128.75,132.05499267578125,127.9749984741211,128.52499389648438,127.23401641845703,782800
2023-04-03,128.13499450683594,129.42999267578125,127.12000274658203,128.00999450683594,126.72419738769531,474400
2023-04-04,128.2100067138672,128.63499450683594,126.08000183105469,127.31999969482422,126.0411376953125,431600
2023-04-05,126.91999816894531,127.31999969482422,124.69999694824219,125.6050033569336,124.34336853027344,491400
2023-04-06,126.19999694824219,127.16500091552734,124.08999633789062,126.75499725341797,125.4818115234375,301600
2023-04-10,126.4000015258789,127.58000183105469,125.6500015258789,126.48999786376953,125.21946716308594,175400
2023-04-11,126.99500274658203,128.80999755859375,126.55999755859375,127.98999786376953,126.70440673828125,265600
2023-04-12,128.1750030517578,128.5500030517578,125.95999908447266,126.81999969482422,125.54615783691406,266800
2023-04-13,127.83999633789062,128.13999938964844,126.58499908447266,127.70999908447266,126.42721557617188,230200
2023-04-14,126.9749984741211,128.5449981689453,126.44499969482422,128.0,126.71430206298828,214000
2023-04-17,128.19500732421875,129.2100067138672,126.86000061035156,127.5,126.21932983398438,286600
2023-04-18,127.77999877929688,129.2949981689453,127.57499694824219,128.10000610351562,126.81330108642578,373000
2023-04-19,127.81500244140625,129.89500427246094,127.80000305175781,128.4949951171875,127.20433044433594,453600
2023-04-20,128.3300018310547,129.14500427246094,127.55999755859375,127.93499755859375,126.64995574951172,283000
2023-04-21,128.5800018310547,129.5500030517578,127.3499984741211,128.85499572753906,127.56071472167969,265400
2023-04-24,128.66000366210938,130.06500244140625,128.11500549316406,128.82000732421875,127.52608489990234,274800
2023-04-25,127.83000183105469,128.85000610351562,126.6500015258789,126.92500305175781,125.65010070800781,295800
2023-04-26,127.5,128.17999267578125,125.41500091552734,125.91999816894531,124.65518951416016,494400
2023-04-27,131.85499572753906,144.89500427246094,131.2949981689453,143.63499450683594,142.1922607421875,1426600
2023-04-28,143.72500610351562,146.97999572753906,143.63499450683594,146.26499938964844,144.79583740234375,605000
2023-05-01,146.1750030517578,149.51499938964844,145.86000061035156,149.0800018310547,147.5825653076172,472600
2023-05-02,148.27999877929688,149.09500122070312,145.99000549316406,148.88999938964844,147.3944854736328,589800
2023-05-03,148.88999938964844,150.4499969482422,147.89500427246094,148.14500427246094,146.65695190429688,491800
2023-05-04,148.14500427246094,148.61000061035156,144.08999633789062,144.24000549316406,142.7911834716797,403800
2023-05-05,145.8249969482422,148.4949951171875,145.1649932861328,148.1300048828125,146.64210510253906,283000
2023-05-08,148.36000061035156,148.36000061035156,145.09500122070312,146.03500366210938,144.5681610107422,490800
2023-05-09,146.13499450683594,147.2899932861328,144.16000366210938,146.38499450683594,144.9146270751953,323800
2023-05-10,147.3000030517578,147.3000030517578,144.7449951171875,146.5800018310547,145.10768127441406,616200
2023-05-11,146.48500061035156,147.10499572753906,145.50999450683594,146.625,145.15223693847656,301600
2023-05-12,146.47500610351562,147.05999755859375,145.52499389648438,145.94000244140625,144.47410583496094,236600
2023-05-15,145.94000244140625,147.01499938964844,145.4250030517578,145.89999389648438,144.4344940185547,240400
2023-05-16,145.7100067138672,145.7100067138672,143.0850067138672,143.36000061035156,141.92002868652344,294600
2023-05-17,143.60499572753906,144.9949951171875,142.28500366210938,142.52000427246094,141.08847045898438,413000
2023-05-18,142.3000030517578,144.77999877929688,141.93499755859375,144.5,143.04856872558594,426400
2023-05-19,144.73500061035156,145.25,142.7899932861328,143.72999572753906,142.2863006591797,303000
2023-05-22,143.52000427246094,144.80999755859375,141.2899932861328,141.67999267578125,140.25689697265625,321300
2023-05-23,141.5,142.22999572753906,139.0399932861328,139.14999389648438,137.75230407714844,312000
2023-05-24,137.99000549316406,139.5,137.66000366210938,139.1199951171875,137.72259521484375,339200
2023-05-25,139.38999938964844,140.66000366210938,138.75999450683594,139.83999633789062,138.43536376953125,313000
2023-05-26,140.36000061035156,141.14999389648438,137.4600067138672,137.57000732421875,136.18817138671875,363200
2023-05-30,137.77000427246094,139.24000549316406,135.22999572753906,135.3699951171875,134.01026916503906,329900
2023-05-31,135.39999389648438,136.6300048828125,134.33999633789062,135.82000732421875,134.4557647705078,533100
2023-06-01,135.57000732421875,138.2100067138672,135.33999633789062,137.5399932861328,136.15847778320312,359300
2023-06-02,138.6300048828125,142.89999389648438,138.6300048828125,142.19000244140625,140.7617645263672,655700
2023-06-05,140.25999450683594,141.27000427246094,133.39999389648438,133.52000427246094,132.1788787841797,839200
2023-06-06,133.39999389648438,139.52999877929688,133.39999389648438,138.8699951171875,137.47511291503906,559300
2023-06-07,138.60000610351562,140.5800018310547,137.4499969482422,139.50999450683594,138.1086883544922,491100
2023-06-08,139.22999572753906,141.0399932861328,138.66000366210938,140.63999938964844,139.2273406982422,276300
2023-06-09,140.61000061035156,141.00999450683594,139.0399932861328,139.60000610351562,138.1977996826172,250700
2023-06-12,140.1699981689453,141.88999938964844,138.55999755859375,138.7899932861328,137.3959197998047,299900
2023-06-13,139.24000549316406,139.9499969482422,138.0500030517578,139.02000427246094,137.62362670898438,283900
2023-06-14,138.6999969482422,139.3800048828125,137.47000122070312,137.85000610351562,136.46536254882812,261600
2023-06-15,137.47000122070312,138.3300018310547,136.74000549316406,137.6999969482422,136.31686401367188,287200
2023-06-16,138.24000549316406,138.24000549316406,135.69000244140625,136.38999938964844,135.02003479003906,642800
2023-06-20,136.19000244140625,136.47000122070312,134.5,135.38999938964844,134.0300750732422,338900
2023-06-21,134.72000122070312,136.83999633789062,134.4499969482422,134.61000061035156,133.25790405273438,298700
2023-06-22,134.3699951171875,134.61000061035156,132.0800018310547,133.88999938964844,132.54513549804688,725900
2023-06-23,132.35000610351562,133.1999969482422,130.16000366210938,130.6300048828125,129.31790161132812,618700
2023-06-26,130.0,132.2100067138672,129.61000061035156,131.22999572753906,129.91184997558594,292200
2023-06-27,131.42999267578125,133.9499969482422,131.3300018310547,133.4499969482422,132.10955810546875,241100
2023-06-28,133.91000366210938,134.55999755859375,132.27000427246094,132.9600067138672,131.62451171875,243600
2023-06-29,132.9600067138672,136.5399932861328,132.9600067138672,135.89999389648438,134.53494262695312,312100
2023-06-30,136.27000427246094,140.4499969482422,135.88999938964844,139.1699981689453,137.77210998535156,529000
2023-07-03,138.77999877929688,138.77999877929688,136.4499969482422,136.72000122070312,135.34671020507812,168600
2023-07-05,135.60000610351562,136.24000549316406,132.69000244140625,133.3300018310547,131.99078369140625,388000
2023-07-06,132.89999389648438,132.89999389648438,130.35000610351562,131.4499969482422,130.12965393066406,298700
2023-07-07,131.8800048828125,133.6999969482422,131.82000732421875,132.97999572753906,131.64427185058594,328000
2023-07-10,133.02999877929688,135.6199951171875,133.02999877929688,133.85000610351562,132.50555419921875,240500
2023-07-11,133.86000061035156,134.91000366210938,131.89999389648438,132.82000732421875,131.48590087890625,294500
2023-07-12,133.86000061035156,133.99000549316406,132.0800018310547,132.27000427246094,130.94140625,308000
2023-07-13,132.89999389648438,134.5399932861328,132.4199981689453,133.27000427246094,131.93138122558594,270400
2023-07-14,133.4499969482422,134.1999969482422,131.92999267578125,134.05999755859375,132.71343994140625,336500
2023-07-17,133.75999450683594,135.3800048828125,132.69000244140625,132.74000549316406,131.4066925048828,278100
2023-07-18,132.74000549316406,134.9600067138672,132.74000549316406,134.1699981689453,132.82232666015625,269100
2023-07-19,134.42999267578125,134.75999450683594,131.5,132.72000122070312,131.3868865966797,265800
2023-07-20,132.3800048828125,132.8300018310547,131.39999389648438,131.47000122070312,130.1494598388672,195500
2023-07-21,132.4600067138672,133.39999389648438,131.89999389648438,133.25999450683594,131.92147827148438,290900
2023-07-24,132.6999969482422,132.72000122070312,129.8800048828125,130.4499969482422,129.1396942138672,274000
2023-07-25,130.1199951171875,131.17999267578125,129.92999267578125,130.4499969482422,129.1396942138672,283000
2023-07-26,130.4600067138672,132.97000122070312,130.1199951171875,131.5800018310547,130.2583465576172,321000
2023-07-27,127.41000366210938,127.41000366210938,118.43000030517578,118.81999969482422,117.62651824951172,1405200
2023-07-28,118.94999694824219,121.4800033569336,118.20999908447266,118.33000183105469,117.14144134521484,579500
2023-07-31,118.18000030517578,119.33000183105469,115.2699966430664,115.8499984741211,114.68634033203125,747200
2023-08-01,115.55999755859375,118.06999969482422,114.36000061035156,118.0,116.81475067138672,696400
2023-08-02,116.83000183105469,118.44000244140625,116.83000183105469,117.87999725341797,116.69595336914062,609500
2023-08-03,117.87999725341797,120.31999969482422,117.26000213623047,119.93000030517578,118.72535705566406,603300
2023-08-04,120.1500015258789,122.23999786376953,120.0999984741211,120.43000030517578,119.22034454345703,494800
2023-08-07,120.58000183105469,122.2300033569336,120.22000122070312,121.75,120.52708435058594,547000
2023-08-08,120.66999816894531,121.94999694824219,120.51000213623047,121.5199966430664,120.29938507080078,542800
2023-08-09,122.0199966430664,123.52999877929688,121.19999694824219,122.95999908447266,121.72492980957031,469000
2023-08-10,123.2699966430664,124.26000213623047,122.93000030517578,123.51000213623047,122.2694091796875,494400
2023-08-11,123.44000244140625,123.7300033569336,122.0,123.19000244140625,121.95262145996094,412700
2023-08-14,123.55000305175781,124.02999877929688,122.52999877929688,124.0,122.75448608398438,280600
2023-08-15,123.41999816894531,124.11000061035156,122.81999969482422,123.38999938964844,122.15061950683594,342900
2023-08-16,122.81999969482422,123.3499984741211,121.56999969482422,121.75,120.52708435058594,377700
2023-08-17,121.7300033569336,122.18000030517578,120.4800033569336,120.98999786376953,119.77471923828125,412300
2023-08-18,119.91000366210938,121.58999633789062,119.69999694824219,121.3499984741211,120.131103515625,399000
2023-08-21,121.5199966430664,124.11000061035156,121.5199966430664,123.77999877929688,122.53668975830078,367800
2023-08-22,124.12999725341797,125.51000213623047,123.62000274658203,123.97000122070312,122.72479248046875,389000
2023-08-23,124.11000061035156,125.30000305175781,124.06999969482422,124.6500015258789,123.39795684814453,298400
2023-08-24,124.13999938964844,125.0,123.56999969482422,123.70999908447266,122.46739196777344,319100
2023-08-25,123.9800033569336,124.63999938964844,123.30000305175781,123.91999816894531,122.67528533935547,202700
2023-08-28,124.38999938964844,125.94000244140625,124.04000091552734,125.70999908447266,124.44731140136719,241600
2023-08-29,125.69000244140625,127.79000091552734,125.12000274658203,127.69999694824219,126.41731262207031,307900
2023-08-30,127.20999908447266,128.49000549316406,125.83999633789062,126.1500015258789,124.88288879394531,240600
2023-08-31,126.1500015258789,126.1500015258789,124.79000091552734,125.27999877929688,124.0216293334961,402500
2023-09-01,125.97000122070312,126.56999969482422,125.12999725341797,126.12000274658203,124.85318756103516,211000
2023-09-05,125.30000305175781,125.4000015258789,120.94000244140625,121.01000213623047,119.79451751708984,494400
2023-09-06,120.9000015258789,122.13999938964844,119.75,119.91999816894531,118.71546173095703,381100
2023-09-07,119.63999938964844,120.08999633789062,118.66999816894531,119.58999633789062,118.3887710571289,563400
2023-09-08,120.0,120.41999816894531,118.45999908447266,118.62000274658203,117.42852783203125,431300
2023-09-11,118.8499984741211,119.44000244140625,117.87000274658203,118.04000091552734,116.85435485839844,367900
2023-09-12,117.7699966430664,118.75,117.7699966430664,118.05000305175781,116.86425018310547,308400
2023-09-13,117.56999969482422,118.5199966430664,117.56999969482422,118.12999725341797,116.94343566894531,336100
2023-09-14,118.79000091552734,119.87999725341797,118.4000015258789,119.48999786376953,118.28977966308594,263600
2023-09-15,119.5,120.83000183105469,118.69999694824219,119.56999969482422,118.36898040771484,849700
2023-09-18,119.68000030517578,120.0,118.80000305175781,118.94000244140625,117.74531555175781,267800
2023-09-19,118.69000244140625,119.91000366210938,118.4800033569336,119.16000366210938,117.96309661865234,342400
2023-09-20,119.69999694824219,120.9800033569336,118.8499984741211,119.06999969482422,117.8740005493164,284500
2023-09-21,118.16000366210938,118.93000030517578,116.9000015258789,116.95999908447266,115.78519439697266,574900
2023-09-22,116.95999908447266,117.69999694824219,115.16999816894531,115.44000244140625,114.28046417236328,518700
2023-09-25,115.0,115.66999816894531,112.05999755859375,112.44999694824219,111.32048797607422,468700
2023-09-26,111.68000030517578,114.48999786376953,111.22000122070312,114.2300033569336,113.0826187133789,612700
2023-09-27,114.5,116.87999725341797,113.95999908447266,114.9000015258789,113.74589538574219,569400
2023-09-28,114.83000183105469,115.7699966430664,114.23999786376953,114.98999786376953,113.8349838256836,448800
2023-09-29,115.91999816894531,117.87000274658203,115.83999633789062,116.04000091552734,114.87443542480469,536300
2023-10-02,115.83000183105469,116.63999938964844,114.41000366210938,114.7300033569336,113.57759857177734,399100
2023-10-03,114.47000122070312,116.31999969482422,113.25,113.4000015258789,112.26095581054688,548400
2023-10-04,113.97000122070312,114.97000122070312,112.62000274658203,112.9800033569336,111.84517669677734,417100
2023-10-05,113.04000091552734,113.12000274658203,110.88999938964844,111.61000061035156,110.48892974853516,340200
2023-10-06,111.01000213623047,112.97000122070312,110.33000183105469,111.87999725341797,110.75621795654297,293000
2023-10-09,110.55999755859375,111.13999938964844,107.94000244140625,110.83999633789062,109.7266616821289,313300
2023-10-10,111.63999938964844,113.8499984741211,111.63999938964844,112.80000305175781,111.66698455810547,325300
2023-10-11,114.36000061035156,115.30999755859375,112.5199966430664,113.69000244140625,112.54804229736328,345100
2023-10-12,114.18000030517578,114.18000030517578,108.80999755859375,109.83999633789062,108.73670959472656,317000
2023-10-13,109.58999633789062,110.33000183105469,108.83999633789062,110.01000213623047,108.90501403808594,255900
2023-10-16,111.30999755859375,114.01000213623047,111.23999786376953,112.69000244140625,111.55809020996094,405400
2023-10-17,112.37999725341797,115.1500015258789,112.37999725341797,113.77999877929688,112.63713073730469,422600
2023-10-18,113.05999755859375,113.87999725341797,111.7699966430664,111.91999816894531,110.79582214355469,286600
2023-10-19,111.4000015258789,113.41000366210938,110.41999816894531,112.19999694824219,111.07300567626953,373100
2023-10-20,112.18000030517578,112.52999877929688,110.5,110.87999725341797,109.76626586914062,279300
2023-10-23,110.20999908447266,112.2699966430664,109.69000244140625,110.86000061035156,109.74646759033203,300100
2023-10-24,111.16999816894531,112.72000122070312,110.6500015258789,111.44999694824219,110.33053588867188,290000
2023-10-25,109.75,109.75,107.08999633789062,108.43000030517578,107.34087371826172,520200
2023-10-26,112.70999908447266,114.91000366210938,107.37000274658203,108.05999755859375,106.9745864868164,604400
2023-10-27,108.01000213623047,110.55000305175781,106.44999694824219,108.5,107.41017150878906,387300
2023-10-30,109.2699966430664,109.87000274658203,107.37000274658203,108.9800033569336,107.8853530883789,373100
2023-10-31,108.9800033569336,110.08999633789062,108.19000244140625,109.83999633789062,108.73670959472656,269400
2023-11-01,109.83999633789062,110.52999877929688,107.81999969482422,108.91000366210938,107.81605529785156,330500
2023-11-02,110.61000061035156,114.55999755859375,108.0,114.43000030517578,113.28060913085938,396700
2023-11-03,116.0,119.95999908447266,115.9800033569336,118.66999816894531,117.47801971435547,533000
2023-11-06,119.06999969482422,119.38999938964844,117.0999984741211,118.83999633789062,117.64630889892578,295700
2023-11-07,118.68000030517578,118.75,117.23999786376953,117.93000030517578,116.74545288085938,310900
2023-11-08,118.27999877929688,118.87000274658203,116.05000305175781,116.75,115.57730865478516,281700
2023-11-09,116.9800033569336,116.9800033569336,114.51000213623047,116.44999694824219,115.28031921386719,724600
2023-11-10,116.47000122070312,119.05999755859375,115.58000183105469,118.94000244140625,117.74531555175781,225000
2023-11-13,118.7300033569336,119.61000061035156,118.16000366210938,118.2699966430664,117.08203887939453,214400
2023-11-14,121.13999938964844,122.91999816894531,120.54000091552734,122.58000183105469,121.3487548828125,268200
2023-11-15,122.5,124.72000122070312,121.38999938964844,121.76000213623047,120.5369873046875,301200
2023-11-16,121.83999633789062,122.51000213623047,119.6500015258789,119.9800033569336,118.77487182617188,167100
2023-11-17,121.08000183105469,121.51000213623047,119.87999725341797,120.75,119.5371322631836,244300
2023-11-20,121.0999984741211,122.16000366210938,120.2699966430664,121.41000366210938,120.19050598144531,200000
2023-11-21,121.0199966430664,121.26000213623047,119.77999877929688,120.12999725341797,118.92335510253906,235600
2023-11-22,120.93000030517578,121.44000244140625,120.05999755859375,120.3499984741211,119.1411361694336,184000
2023-11-24,120.11000061035156,121.13999938964844,120.11000061035156,120.72000122070312,119.50743103027344,104700
2023-11-27,120.08999633789062,120.08999633789062,118.83000183105469,118.9800033569336,117.784912109375,241800
2023-11-28,118.58999633789062,118.88999938964844,117.69000244140625,117.98999786376953,116.80484008789062,255100
2023-11-29,119.04000091552734,119.04000091552734,115.06999969482422,115.41999816894531,114.26066589355469,410100
2023-11-30,114.91000366210938,115.83999633789062,113.93000030517578,115.7699966430664,114.98771667480469,343700
2023-12-01,115.9800033569336,118.08000183105469,115.9000015258789,117.83000183105469,117.03380584716797,332100
2023-12-04,117.4000015258789,120.66000366210938,117.4000015258789,119.58000183105469,118.77198028564453,432300
2023-12-05,118.83000183105469,119.43000030517578,115.30999755859375,115.55999755859375,114.77913665771484,451600
2023-12-06,115.93000030517578,117.66000366210938,114.80000305175781,115.0,114.2229232788086,271800
2023-12-07,115.47000122070312,117.0999984741211,115.47000122070312,116.69999694824219,115.91143035888672,343500
2023-12-08,116.2699966430664,120.2699966430664,116.2699966430664,119.88999938964844,119.07987976074219,239500
2023-12-11,120.0,123.52999877929688,120.0,123.48999786376953,122.65555572509766,268800
2023-12-12,123.83999633789062,125.41000366210938,123.08000183105469,124.91000366210938,124.06596374511719,359000
2023-12-13,124.72000122070312,129.25,124.72000122070312,128.6999969482422,127.8303451538086,418600
2023-12-14,129.91000366210938,132.47000122070312,129.07000732421875,130.13999938964844,129.2606201171875,392400
2023-12-15,130.1300048828125,130.67999267578125,128.74000549316406,128.9499969482422,128.0786590576172,639900
2023-12-18,128.9600067138672,130.42999267578125,128.32000732421875,129.97000122070312,129.09176635742188,249700
2023-12-19,132.9199981689453,134.89999389648438,132.22000122070312,134.35000610351562,133.44216918945312,286600
2023-12-20,133.5500030517578,134.7899932861328,130.38999938964844,130.47000122070312,129.58839416503906,479300
2023-12-21,131.92999267578125,133.6999969482422,130.89999389648438,132.86000061035156,131.96224975585938,274300
2023-12-22,133.1199951171875,134.91000366210938,132.77999877929688,134.35000610351562,133.44216918945312,229100
2023-12-26,134.39999389648438,135.08999633789062,133.5500030517578,134.6999969482422,133.78981018066406,168100
2023-12-27,134.8699951171875,135.99000549316406,133.58999633789062,135.57000732421875,134.6539306640625,178900
2023-12-28,135.58999633789062,136.36000061035156,135.38999938964844,135.60000610351562,134.68374633789062,174300
2023-12-29,135.1999969482422,136.2899932861328,134.35000610351562,134.92999267578125,134.0182342529297,255000
2024-01-02,133.55999755859375,136.08999633789062,132.8000030517578,133.88999938964844,132.9852752685547,259100
2024-01-03,132.1699981689453,133.39999389648438,129.3300018310547,129.33999633789062,128.4660186767578,307800
2024-01-04,129.19000244140625,129.60000610351562,128.10000610351562,128.27000427246094,127.40325927734375,269000
2024-01-05,125.81999969482422,128.77000427246094,125.81999969482422,127.12999725341797,126.27095794677734,340200
2024-01-08,126.93000030517578,128.63999938964844,126.7300033569336,127.8499984741211,126.98609161376953,275600
2024-01-09,126.4000015258789,126.4000015258789,124.01000213623047,125.12999725341797,124.28447723388672,248600
2024-01-10,124.91999816894531,126.5,123.91000366210938,124.0,123.162109375,185500
2024-01-11,123.4800033569336,124.8499984741211,122.5999984741211,124.19999694824219,123.36075592041016,235000
2024-01-12,124.8499984741211,125.19000244140625,123.06999969482422,124.06999969482422,123.23163604736328,208400
2024-01-16,123.5,124.06999969482422,121.87000274658203,122.41000366210938,121.58285522460938,339600
2024-01-17,120.86000061035156,124.08000183105469,120.58999633789062,123.91000366210938,123.07272338867188,229200
2024-01-18,125.04000091552734,126.12000274658203,123.44000244140625,124.94000244140625,124.09575653076172,315200
2024-01-19,125.63999938964844,126.33000183105469,124.19999694824219,125.16000366210938,124.31427001953125,311700
2024-01-22,125.62999725341797,126.44000244140625,123.73999786376953,124.51000213623047,123.66866302490234,176900
2024-01-23,125.54000091552734,125.5999984741211,123.5,124.0999984741211,123.26143646240234,270500
2024-01-24,125.75,125.98999786376953,121.33000183105469,121.61000061035156,120.78826141357422,267000
2024-01-25,123.12000274658203,124.06999969482422,121.4000015258789,122.30999755859375,121.48352813720703,191800
2024-01-26,122.41000366210938,123.56999969482422,120.94999694824219,121.13999938964844,120.3214340209961,190100
2024-01-29,121.19999694824219,123.02999877929688,120.3499984741211,123.0,122.16886138916016,216100
2024-01-30,122.33000183105469,123.31999969482422,121.75,122.81999969482422,121.99008178710938,303300
2024-01-31,123.11000061035156,123.44999694824219,120.95999908447266,120.97000122070312,120.15258026123047,265600
2024-02-01,121.3499984741211,122.5,120.06999969482422,122.30000305175781,121.47360229492188,225200
2024-02-02,121.68000030517578,122.58000183105469,119.58000183105469,121.86000061035156,121.03656768798828,324100
2024-02-05,120.29000091552734,120.29000091552734,118.41000366210938,118.87000274658203,118.0667724609375,247800
2024-02-06,119.44000244140625,121.62999725341797,118.9000015258789,120.83000183105469,120.01353454589844,235900
2024-02-07,121.73999786376953,122.58999633789062,120.5999984741211,121.9800033569336,121.15576171875,178800
2024-02-08,122.37999725341797,124.4000015258789,122.37999725341797,123.0,122.16886138916016,232700
2024-02-09,123.97000122070312,124.5999984741211,122.8499984741211,123.75,122.9137954711914,334200
2024-02-12,123.80999755859375,124.56999969482422,122.30000305175781,122.41000366210938,121.58285522460938,166800
2024-02-13,119.98999786376953,120.27999877929688,118.0,119.12000274658203,118.3150863647461,250900
2024-02-14,119.70999908447266,121.19999694824219,119.04000091552734,120.72000122070312,119.9042739868164,350500
2024-02-15,120.5,120.75,118.72000122070312,119.95999908447266,119.14940643310547,311000
2024-02-16,118.30999755859375,120.12000274658203,117.70999908447266,118.9800033569336,118.17603302001953,238400
2024-02-20,118.36000061035156,118.91000366210938,116.08999633789062,116.25,115.4644775390625,354100
2024-02-21,116.5999984741211,117.91999816894531,116.18000030517578,117.43000030517578,116.63650512695312,381300
2024-02-22,120.5,125.0,116.58000183105469,119.86000061035156,119.05008697509766,608100
2024-02-23,120.51000213623047,123.23999786376953,119.55999755859375,122.87999725341797,122.04967498779297,565900
2024-02-26,122.2300033569336,124.5,120.77999877929688,120.83999633789062,120.0234603881836,386300
2024-02-27,121.81999969482422,122.87999725341797,120.33999633789062,121.4000015258789,120.57968139648438,257300
2024-02-28,120.66999816894531,122.91000366210938,120.66999816894531,121.86000061035156,121.03656768798828,257500
2024-02-29,122.30999755859375,122.87000274658203,120.93000030517578,121.87000274658203,121.0465087890625,298800
2024-03-01,121.22000122070312,121.22000122070312,118.94000244140625,119.62000274658203,118.81170654296875,318800
2024-03-04,119.62000274658203,119.72000122070312,116.06999969482422,116.44999694824219,115.66312408447266,360300
2024-03-05,116.30000305175781,116.31999969482422,111.7699966430664,112.06999969482422,111.3127212524414,627300
2024-03-06,112.66999816894531,113.48999786376953,111.41999816894531,111.9800033569336,111.22333526611328,626500
2024-03-07,111.94999694824219,113.69999694824219,111.80999755859375,113.1500015258789,112.38542938232422,869700
2024-03-08,113.31999969482422,114.37000274658203,111.37999725341797,112.19999694824219,111.44184112548828,455000
2024-03-11,112.0,113.56999969482422,111.0999984741211,112.91999816894531,112.15697479248047,412100
2024-03-12,112.9000015258789,114.26000213623047,112.61000061035156,113.91000366210938,113.14028930664062,409900
2024-03-13,114.06999969482422,115.16999816894531,112.66999816894531,113.56999969482422,112.8025894165039,420200
2024-03-14,113.77999877929688,116.2699966430664,111.87000274658203,115.7699966430664,114.98771667480469,695300
2024-03-15,115.30999755859375,118.55000305175781,115.30999755859375,117.37000274658203,116.57691192626953,1074300
2024-03-18,117.36000061035156,117.97000122070312,115.08999633789062,115.61000061035156,114.82880401611328,567300
2024-03-19,115.5,117.6500015258789,115.5,117.43000030517578,116.63650512695312,430200
2024-03-20,117.70999908447266,120.69999694824219,117.70999908447266,120.58000183105469,119.76522064208984,421100
2024-03-21,121.2699966430664,121.54000091552734,118.41999816894531,118.5999984741211,117.79859161376953,352600
2024-03-22,118.9800033569336,119.16000366210938,117.26000213623047,117.7699966430664,116.97420501708984,340900
2024-03-25,118.16000366210938,118.7699966430664,117.05999755859375,117.6500015258789,116.85501861572266,367300
2024-03-26,118.91999816894531,121.5199966430664,118.6500015258789,120.7699966430664,119.95392608642578,287000
2024-03-27,121.0,124.44999694824219,121.0,124.27999877929688,123.44021606445312,490300
2024-03-28,124.70999908447266,126.43000030517578,122.4800033569336,123.75,122.9137954711914,570000
2024-04-01,123.68000030517578,125.2300033569336,123.0999984741211,123.91000366210938,123.07272338867188,295800
2024-04-02,122.41999816894531,124.31999969482422,121.4800033569336,123.87000274658203,123.03298950195312,511300
2024-04-03,123.91000366210938,125.30000305175781,123.2699966430664,124.5199966430664,123.67859649658203,516500
2024-04-04,124.95999908447266,125.58000183105469,119.5,119.51000213623047,118.70245361328125,416000
2024-04-05,119.5199966430664,121.79000091552734,119.5199966430664,121.13999938964844,120.3214340209961,324400
2024-04-08,121.2699966430664,121.47000122070312,119.4800033569336,121.37000274658203,120.54988098144531,291800
2024-04-09,122.05000305175781,125.77999877929688,122.05000305175781,124.8499984741211,124.0063705444336,668000
2024-04-10,122.55000305175781,123.58999633789062,121.98999786376953,123.0199966430664,122.18872833251953,381300
2024-04-11,123.44999694824219,125.31999969482422,121.7699966430664,124.38999938964844,123.54947662353516,438000
2024-04-12,122.87999725341797,123.01000213623047,120.43000030517578,120.7300033569336,119.9142074584961,405000
2024-04-15,122.80999755859375,125.45999908447266,121.80000305175781,122.19000244140625,121.36434173583984,459100
2024-04-16,121.52999877929688,124.56999969482422,120.47000122070312,124.0999984741211,123.26143646240234,408700
2024-04-17,124.27999877929688,124.27999877929688,120.94999694824219,121.08000183105469,120.2618408203125,450700
2024-04-18,121.1500015258789,121.76000213623047,117.91999816894531,119.30000305175781,118.49386596679688,507200
2024-04-19,119.77999877929688,120.56999969482422,118.25,118.95999908447266,118.15616607666016,403500
2024-04-22,119.27999877929688,121.44000244140625,118.19000244140625,120.73999786376953,119.92414093017578,417200
2024-04-23,121.66000366210938,123.5999984741211,121.5199966430664,123.5,122.66548919677734,388000
2024-04-24,122.45999908447266,125.04000091552734,121.7699966430664,123.38999938964844,122.55623626708984,687700
2024-04-25,130.02999877929688,133.7899932861328,127.19999694824219,129.22999572753906,128.3567657470703,1216300
2024-04-26,129.52999877929688,130.52999877929688,127.48999786376953,129.44000244140625,128.5653533935547,564100
2024-04-29,130.5500030517578,131.30999755859375,129.6300048828125,130.13999938964844,129.2606201171875,531500
2024-04-30,128.7899932861328,129.64999389648438,127.27999877929688,129.0,128.12832641601562,535100
2024-05-01,128.47999572753906,131.07000732421875,128.22000122070312,129.8300018310547,128.9527130126953,974900
2024-05-02,131.66000366210938,133.2899932861328,128.52000427246094,133.11000061035156,132.21055603027344,644000
2024-05-03,134.17999267578125,135.50999450683594,133.02000427246094,134.02000427246094,133.11441040039062,497900
2024-05-06,135.49000549316406,136.66000366210938,134.4499969482422,135.9600067138672,135.04129028320312,461400
2024-05-07,135.97999572753906,138.85000610351562,135.3699951171875,138.0800018310547,137.14697265625,668700
2024-05-08,137.61000061035156,139.6699981689453,137.25,139.10000610351562,138.16009521484375,451000
2024-05-09,138.82000732421875,139.5500030517578,137.07000732421875,138.39999389648438,137.4647979736328,525900
2024-05-10,138.7899932861328,139.2100067138672,137.7899932861328,138.47999572753906,137.5442657470703,387900
2024-05-13,138.9199981689453,139.25999450683594,133.94000244140625,134.77000427246094,133.85934448242188,643200
2024-05-14,134.94000244140625,135.75999450683594,133.19000244140625,133.89999389648438,132.99520874023438,544900
2024-05-15,134.02000427246094,134.17999267578125,132.11000061035156,133.86000061035156,132.95547485351562,454600
2024-05-16,134.22000122070312,136.3300018310547,133.74000549316406,134.92999267578125,134.0182342529297,380900
2024-05-17,134.9499969482422,134.9499969482422,132.91000366210938,133.6199951171875,132.71710205078125,326800
2024-05-20,133.3300018310547,135.52999877929688,132.27999877929688,135.3699951171875,134.4552764892578,396400
2024-05-21,134.6999969482422,135.60000610351562,134.1699981689453,135.47000122070312,134.55459594726562,281200
2024-05-22,135.0,136.6999969482422,134.52999877929688,135.9499969482422,135.03135681152344,539900
2024-05-23,136.47999572753906,137.47000122070312,134.0800018310547,134.60000610351562,133.69049072265625,741500
2024-05-24,135.2899932861328,135.77000427246094,132.89999389648438,132.99000549316406,132.09136962890625,285800
2024-05-28,132.1300048828125,132.50999450683594,130.41000366210938,130.97999572753906,130.09494018554688,487900
2024-05-29,130.00999450683594,131.10000610351562,130.0,130.10000610351562,129.22088623046875,363400
2024-05-30,130.94000244140625,131.1300048828125,127.81999969482422,128.08999633789062,127.2244644165039,368100
2024-05-31,128.77000427246094,130.3800048828125,126.69999694824219,129.5,128.62493896484375,791600
2024-06-03,129.74000549316406,133.1699981689453,126.87999725341797,133.02000427246094,132.12115478515625,563300
2024-06-04,133.02000427246094,134.94000244140625,131.60000610351562,132.2100067138672,131.316650390625,290200
2024-06-05,132.0399932861328,133.3300018310547,130.5500030517578,132.9199981689453,132.02183532714844,451900
2024-06-06,132.47000122070312,134.33999633789062,131.8699951171875,133.9600067138672,133.0548095703125,399500
2024-06-07,133.4600067138672,135.10000610351562,133.10000610351562,134.49000549316406,133.58123779296875,336900
2024-06-10,133.83999633789062,135.52999877929688,133.5,134.50999450683594,133.60108947753906,414700
2024-06-11,134.0,137.3800048828125,133.33999633789062,136.1300048828125,135.21014404296875,582700
2024-06-12,137.5500030517578,138.58999633789062,136.72999572753906,138.22999572753906,137.2959442138672,474400
2024-06-13,138.52000427246094,140.38999938964844,138.4600067138672,139.32000732421875,138.37860107421875,550300
2024-06-14,138.1699981689453,139.07000732421875,134.38999938964844,136.5399932861328,135.6173553466797,319300
2024-06-17,135.75,139.97000122070312,135.75,139.85000610351562,138.90499877929688,480200
2024-06-18,139.63999938964844,140.0,136.5,136.7899932861328,135.8656768798828,621000
2024-06-20,136.2899932861328,138.4199981689453,135.64999389648438,137.8699951171875,136.93838500976562,875300
2024-06-21,137.36000061035156,138.94000244140625,136.1199951171875,138.91000366210938,137.97137451171875,955400
2024-06-24,139.0,141.13999938964844,138.74000549316406,139.74000549316406,138.79574584960938,621800
2024-06-25,139.58999633789062,139.69000244140625,137.24000549316406,139.3699951171875,138.42823791503906,535400
2024-06-26,139.6199951171875,140.88999938964844,138.5800018310547,140.74000549316406,139.78900146484375,618100
2024-06-27,140.86000061035156,141.57000732421875,139.64999389648438,140.52999877929688,139.58041381835938,822800
2024-06-28,140.52999877929688,140.7899932861328,137.86000061035156,139.60000610351562,138.65670776367188,1023800
2024-07-01,139.8800048828125,139.8800048828125,136.94000244140625,138.55999755859375,137.62371826171875,682600
2024-07-02,138.8699951171875,139.99000549316406,137.50999450683594,138.4600067138672,137.5244140625,561700
2024-07-03,139.08999633789062,140.5500030517578,138.91000366210938,140.0,139.05398559570312,238000
2024-07-05,139.91000366210938,140.10000610351562,138.8800048828125,139.57000732421875,138.6269073486328,268900
2024-07-08,140.38999938964844,140.8000030517578,138.52000427246094,138.6699981689453,137.7329864501953,348100
2024-07-09,138.6699981689453,139.57000732421875,137.7899932861328,138.8000030517578,137.8621063232422,362000
2024-07-10,139.19000244140625,139.25999450683594,137.9499969482422,138.72999572753906,137.79257202148438,194300
2024-07-11,138.8800048828125,140.5,137.92999267578125,139.60000610351562,138.65670776367188,524900
2024-07-12,140.5,143.39999389648438,140.0,142.16000366210938,141.19940185546875,585900
2024-07-15,142.25999450683594,144.91000366210938,141.72000122070312,144.77999877929688,143.80169677734375,728300
2024-07-16,145.6199951171875,146.63999938964844,143.8000030517578,144.22000122070312,143.2454833984375,474000
2024-07-17,143.61000061035156,144.86000061035156,142.8800048828125,143.0399932861328,142.0734405517578,267700
2024-07-18,143.63999938964844,144.05999755859375,139.8000030517578,140.3699951171875,139.42149353027344,224400
2024-07-19,140.0800018310547,140.5,138.75,140.11000061035156,139.1632537841797,445200
2024-07-22,140.8699951171875,141.5800018310547,138.74000549316406,140.74000549316406,139.78900146484375,593400
2024-07-23,141.9499969482422,142.75,141.1699981689453,141.67999267578125,140.72264099121094,486700
2024-07-24,140.0,141.58999633789062,137.00999450683594,137.25,136.32257080078125,730700
2024-07-25,137.7100067138672,145.44000244140625,136.75,137.9600067138672,137.02777099609375,1197200
2024-07-26,140.6999969482422,143.58999633789062,139.1199951171875,142.5800018310547,141.61656188964844,814400
2024-07-29,142.64999389648438,145.5800018310547,142.5800018310547,145.0,144.02020263671875,457000
2024-07-30,145.02000427246094,145.9499969482422,142.75,142.9499969482422,141.9840545654297,290600
2024-07-31,143.85000610351562,145.75,142.72000122070312,143.55999755859375,142.58993530273438,491500
2024-08-01,143.91000366210938,144.8300018310547,139.0,139.9600067138672,139.0142822265625,344700
2024-08-02,137.8800048828125,138.02000427246094,134.61000061035156,135.36000061035156,134.44534301757812,366300
2024-08-05,129.5500030517578,132.22999572753906,128.66000366210938,130.35000610351562,129.46920776367188,335600
2024-08-06,130.5399932861328,134.83999633789062,130.36000061035156,132.63999938964844,131.7437286376953,275400
2024-08-07,133.69000244140625,135.13999938964844,131.8300018310547,132.42999267578125,131.53514099121094,223700
2024-08-08,133.75,136.1300048828125,133.49000549316406,134.86000061035156,133.94873046875,283300
2024-08-09,134.69000244140625,134.72999572753906,132.6300048828125,133.66000366210938,132.7568359375,273300
2024-08-12,136.77000427246094,137.6999969482422,134.6300048828125,136.07000732421875,135.15054321289062,264000
2024-08-13,136.30999755859375,137.92999267578125,136.00999450683594,136.52999877929688,135.60743713378906,232500
2024-08-14,136.8000030517578,137.32000732421875,134.75,135.58999633789062,134.6737823486328,310800
2024-08-15,137.8300018310547,138.94000244140625,137.05999755859375,137.83999633789062,136.90858459472656,330100
2024-08-16,137.05999755859375,138.58999633789062,136.75,136.91000366210938,135.98487854003906,283600
2024-08-19,137.00999450683594,138.14999389648438,136.17999267578125,136.6699981689453,135.74649047851562,471100
2024-08-20,136.88999938964844,137.50999450683594,135.99000549316406,136.36000061035156,135.4385986328125,303400
2024-08-21,136.6199951171875,138.49000549316406,136.33999633789062,137.91000366210938,136.97811889648438,145100
2024-08-22,138.2100067138672,138.6300048828125,136.3300018310547,136.8699951171875,135.9451446533203,286100
2024-08-23,137.47000122070312,138.97999572753906,137.38999938964844,138.24000549316406,137.30587768554688,239000
2024-08-26,139.0399932861328,139.55999755859375,136.32000732421875,136.57000732421875,135.64718627929688,195700
2024-08-27,137.0,138.00999450683594,136.05999755859375,137.5,136.57089233398438,269100
2024-08-28,137.5,138.97000122070312,136.35000610351562,138.92999267578125,137.99122619628906,235900
2024-08-29,139.0,141.75999450683594,138.38999938964844,138.5800018310547,137.64358520507812,311700
2024-08-30,138.83999633789062,139.44000244140625,137.47000122070312,138.97000122070312,138.0309600830078,219600
2024-09-03,138.66000366210938,139.27999877929688,135.3000030517578,135.97999572753906,135.0611572265625,194300
2024-09-04,135.61000061035156,139.57000732421875,135.08999633789062,138.2899932861328,137.3555450439453,384000
2024-09-05,138.32000732421875,138.9600067138672,136.86000061035156,138.55999755859375,137.62371826171875,279100
2024-09-06,139.0,139.66000366210938,136.0399932861328,136.67999267578125,135.7564239501953,223900
2024-09-09,137.91000366210938,141.99000549316406,137.91000366210938,140.1699981689453,139.22283935546875,501300
2024-09-10,140.67999267578125,141.00999450683594,137.9499969482422,140.0,139.05398559570312,268300
2024-09-11,140.1199951171875,140.9199981689453,137.75999450683594,140.25,139.30230712890625,282400
2024-09-12,140.6699981689453,141.25999450683594,139.50999450683594,140.24000549316406,139.29238891601562,240400
2024-09-13,140.52999877929688,142.0,139.88999938964844,140.4499969482422,139.50094604492188,301200
2024-09-16,140.8300018310547,142.0,139.6300048828125,140.55999755859375,139.61021423339844,359000
2024-09-17,141.10000610351562,141.60000610351562,139.0500030517578,139.97000122070312,139.02420043945312,479700
2024-09-18,140.47999572753906,141.41000366210938,138.11000061035156,138.77999877929688,137.8422393798828,398600
2024-09-19,140.5,141.02000427246094,139.30999755859375,140.60000610351562,139.64993286132812,589600
2024-09-20,140.10000610351562,140.49000549316406,136.77999877929688,137.67999267578125,136.74966430664062,1558300
2024-09-23,138.36000061035156,138.3800048828125,135.00999450683594,137.17999267578125,136.25303649902344,455800
2024-09-24,137.47000122070312,138.39999389648438,132.99000549316406,133.25,132.349609375,504000
2024-09-25,133.44000244140625,134.92999267578125,131.52999877929688,131.74000549316406,130.84982299804688,539000
2024-09-26,133.35000610351562,134.83999633789062,132.11000061035156,133.38999938964844,132.48866271972656,412600
2024-09-27,133.58999633789062,134.77000427246094,132.8800048828125,134.02000427246094,133.11441040039062,596700
2024-09-30,134.07000732421875,136.35000610351562,133.47999572753906,135.2100067138672,134.29635620117188,517100
2024-10-01,135.35000610351562,136.14999389648438,133.0800018310547,135.92999267578125,135.01148986816406,515000
2024-10-02,135.6300048828125,136.97000122070312,135.41000366210938,136.42999267578125,135.5081024169922,333500
2024-10-03,135.49000549316406,137.05999755859375,134.39999389648438,136.52000427246094,135.59750366210938,265600
2024-10-04,138.1199951171875,138.4499969482422,136.64999389648438,137.52999877929688,136.60067749023438,262700
2024-10-07,136.97000122070312,137.89999389648438,135.8000030517578,136.57000732421875,135.64718627929688,353600
2024-10-08,136.0,140.4499969482422,135.97000122070312,139.02999877929688,138.09054565429688,535400
2024-10-09,138.6199951171875,140.72999572753906,137.82000732421875,140.6300048828125,139.67974853515625,469400
2024-10-10,140.25,140.8699951171875,139.05999755859375,139.99000549316406,139.0440673828125,528100
2024-10-11,140.11000061035156,141.6699981689453,138.4600067138672,139.07000732421875,138.13027954101562,408000
2024-10-14,139.07000732421875,139.49000549316406,137.6199951171875,138.69000244140625,137.75283813476562,399200
2024-10-15,138.50999450683594,141.05999755859375,138.1300048828125,138.82000732421875,137.88198852539062,300500
2024-10-16,139.1199951171875,140.30999755859375,139.0399932861328,140.11000061035156,139.1632537841797,265500
2024-10-17,140.69000244140625,140.97999572753906,139.49000549316406,140.60000610351562,139.64993286132812,233500
2024-10-18,140.3800048828125,140.88999938964844,137.55999755859375,138.00999450683594,137.0774383544922,318900
2024-10-21,137.4499969482422,138.05999755859375,134.72999572753906,135.49000549316406,134.574462890625,364900
2024-10-22,135.02999877929688,135.44000244140625,132.99000549316406,134.22999572753906,133.32298278808594,379300
2024-10-23,134.07000732421875,135.58999633789062,133.72999572753906,134.1300048828125,133.22366333007812,557500
2024-10-24,130.10000610351562,140.9600067138672,130.10000610351562,140.13999938964844,139.19305419921875,907600
2024-10-25,140.7899932861328,140.82000732421875,139.07000732421875,140.25,139.30230712890625,945300
2024-10-28,142.0,142.99000549316406,140.66000366210938,141.1699981689453,140.21607971191406,569600
2024-10-29,140.39999389648438,144.3000030517578,139.67999267578125,144.16000366210938,143.18588256835938,630700
2024-10-30,143.77000427246094,145.25999450683594,142.69000244140625,143.97999572753906,143.00709533691406,584700
2024-10-31,144.0500030517578,144.35000610351562,140.0399932861328,140.10000610351562,139.1533203125,469600
2024-11-01,140.3000030517578,141.4199981689453,137.25999450683594,138.47999572753906,137.5442657470703,507000
2024-11-04,138.10000610351562,139.17999267578125,136.1300048828125,137.25999450683594,136.33250427246094,264200
2024-11-05,136.63999938964844,137.7899932861328,135.58999633789062,137.16000366210938,136.23318481445312,259400
2024-11-06,141.58999633789062,150.2100067138672,141.58999633789062,147.4499969482422,146.4536590576172,1052900
2024-11-07,146.97999572753906,147.7899932861328,144.61000061035156,146.41000366210938,145.42068481445312,329800
2024-11-08,146.41000366210938,147.6300048828125,144.5800018310547,145.32000732421875,144.33804321289062,443400
2024-11-11,146.30999755859375,146.30999755859375,141.02999877929688,141.8800048828125,140.92129516601562,731500
2024-11-12,141.88999938964844,141.88999938964844,139.0,141.27999877929688,140.32534790039062,565600
2024-11-13,141.27000427246094,142.08999633789062,139.3699951171875,141.5399932861328,140.5835723876953,610600
2024-11-14,141.6999969482422,142.6999969482422,140.22999572753906,140.91000366210938,139.95785522460938,510000
2024-11-15,141.0500030517578,141.14999389648438,137.8000030517578,138.91000366210938,137.97137451171875,468300
2024-11-18,138.9600067138672,139.91000366210938,137.7899932861328,138.85000610351562,137.91177368164062,447000
2024-11-19,138.0,139.88999938964844,137.07000732421875,138.74000549316406,137.80252075195312,332600
2024-11-20,138.05999755859375,140.0399932861328,137.19000244140625,139.97000122070312,139.02420043945312,245100
2024-11-21,139.88999938964844,142.6199951171875,139.27000427246094,142.3800048828125,141.41790771484375,341800
2024-11-22,142.9199981689453,144.22999572753906,140.6300048828125,141.8699951171875,140.91136169433594,299200
2024-11-25,142.7100067138672,143.77999877929688,141.64999389648438,141.8300018310547,140.8716278076172,455600
2024-11-26,141.8300018310547,141.8300018310547,138.8300018310547,139.6999969482422,138.7560272216797,420900
2024-11-27,139.80999755859375,141.6999969482422,139.80999755859375,140.22000122070312,139.2725067138672,290500
2024-11-29,140.72999572753906,142.75999450683594,140.30999755859375,142.11000061035156,141.1497344970703,286600
2024-12-02,141.82000732421875,143.89999389648438,140.83999633789062,142.77999877929688,141.81520080566406,372700
2024-12-03,142.27999877929688,142.66000366210938,138.80999755859375,140.25999450683594,139.31224060058594,400300
2024-12-04,140.3300018310547,143.33999633789062,140.3300018310547,142.25999450683594,141.29872131347656,378700
2024-12-05,142.00999450683594,142.85000610351562,140.4600067138672,140.9600067138672,140.00750732421875,230700
2024-12-06,141.0,141.49000549316406,138.74000549316406,139.17999267578125,138.6417999267578,257600
2024-12-09,139.3000030517578,140.2899932861328,137.39999389648438,137.91000366210938,137.37672424316406,367000
2024-12-10,137.41000366210938,140.22000122070312,136.00999450683594,138.3699951171875,137.83494567871094,290500
2024-12-11,138.8000030517578,140.27999877929688,138.36000061035156,138.6300048828125,138.0939483642578,371600
2024-12-12,138.6199951171875,140.3300018310547,137.1199951171875,137.4600067138672,136.928466796875,301600
2024-12-13,138.00999450683594,138.61000061035156,135.6300048828125,136.0500030517578,135.52391052246094,382200
2024-12-16,135.25999450683594,137.0800018310547,134.63999938964844,134.8000030517578,134.27874755859375,505300
2024-12-17,133.5,134.4499969482422,131.3699951171875,131.75,131.24053955078125,586900
2024-12-18,131.74000549316406,134.52999877929688,129.5399932861328,129.5500030517578,129.04905700683594,618400
2024-12-19,130.75999450683594,134.08999633789062,130.75999450683594,132.75,132.23667907714844,494100
2024-12-20,132.55999755859375,135.0399932861328,131.67999267578125,132.22999572753906,131.71868896484375,890200
2024-12-23,131.64999389648438,132.14999389648438,130.17999267578125,132.08999633789062,131.5792236328125,368100
2024-12-24,131.8800048828125,132.77999877929688,130.82000732421875,131.97999572753906,131.4696502685547,188800
2024-12-26,130.94000244140625,132.7899932861328,130.94000244140625,132.25,131.7386016845703,305100
2024-12-27,131.80999755859375,132.9499969482422,131.3300018310547,132.61000061035156,132.0972137451172,191900
2024-12-30,131.25999450683594,134.55999755859375,131.08999633789062,134.16000366210938,133.64122009277344,491600
2024-12-31,134.74000549316406,135.2899932861328,133.14999389648438,133.5399932861328,133.02362060546875,538100
2025-01-02,134.1199951171875,136.33999633789062,130.91000366210938,131.58999633789062,131.08116149902344,357700
2025-01-03,131.4199981689453,133.4600067138672,130.14999389648438,132.91000366210938,132.39605712890625,231500
2025-01-06,133.19000244140625,134.44000244140625,132.02999877929688,132.82000732421875,132.30641174316406,342200
2025-01-07,132.82000732421875,133.3800048828125,129.6300048828125,130.75999450683594,130.25436401367188,481000
2025-01-08,130.11000061035156,131.2100067138672,128.82000732421875,129.07000732421875,128.57090759277344,323100
2025-01-10,127.33999633789062,128.0500030517578,125.69999694824219,126.86000061035156,126.36945343017578,703300
2025-01-13,126.58000183105469,129.0500030517578,126.05000305175781,128.1999969482422,127.70426940917969,516400
2025-01-14,128.3699951171875,129.75999450683594,127.98999786376953,128.9499969482422,128.4513702392578,305000
2025-01-15,130.49000549316406,131.25,126.70999908447266,126.88999938964844,126.39933776855469,440100
2025-01-16,127.16999816894531,127.26000213623047,124.05000305175781,124.56999969482422,124.08830261230469,1265900
2025-01-17,125.98999786376953,128.00999450683594,124.93000030517578,126.0,125.51277923583984,603000
2025-01-21,126.69999694824219,127.41999816894531,125.43000030517578,126.38999938964844,125.9012680053711,473200
2025-01-22,127.18000030517578,127.8499984741211,124.94999694824219,125.38999938964844,124.90513610839844,448700
2025-01-23,125.0,125.7699966430664,124.11000061035156,125.51000213623047,125.02467346191406,479000
2025-01-24,125.30000305175781,125.5,124.37999725341797,125.0199966430664,124.53656005859375,450800
2025-01-27,124.48999786376953,126.25,124.48999786376953,125.16999816894531,124.68598175048828,425000
2025-01-28,125.18000030517578,126.45999908447266,124.79000091552734,125.88999938964844,125.4031982421875,440200
2025-01-29,125.79000091552734,126.2300033569336,123.98999786376953,124.47000122070312,123.98869323730469,366500
2025-01-30,125.19999694824219,126.5999984741211,124.8499984741211,125.56999969482422,125.08444213867188,417500
2025-01-31,125.7300033569336,125.79000091552734,122.95999908447266,123.58000183105469,123.10213470458984,511600
2025-02-03,121.72000122070312,124.16000366210938,121.23999786376953,123.08999633789062,122.61402893066406,735200
2025-02-04,122.97000122070312,123.9800033569336,122.36000061035156,123.9000015258789,123.4208984375,356200
2025-02-05,124.08999633789062,124.18000030517578,120.61000061035156,120.94000244140625,120.47234344482422,678000
2025-02-06,121.48999786376953,123.47000122070312,121.48999786376953,123.2699966430664,122.79332733154297,616700
2025-02-07,123.0,124.06999969482422,121.72000122070312,122.01000213623047,121.5382080078125,429300
2025-02-10,123.2699966430664,123.8499984741211,121.79000091552734,122.43000030517578,121.95658111572266,524100
2025-02-11,121.94000244140625,122.41999816894531,120.66000366210938,121.76000213623047,121.28917694091797,666600
2025-02-12,121.4000015258789,122.41999816894531,120.7300033569336,120.9000015258789,120.43250274658203,441600
2025-02-13,121.70999908447266,123.19999694824219,121.3499984741211,123.08999633789062,122.61402893066406,536000
2025-02-14,123.83999633789062,124.9800033569336,121.73999786376953,122.11000061035156,121.6378173828125,532400
2025-02-18,122.37000274658203,122.8499984741211,120.94999694824219,121.58000183105469,121.10987091064453,826900
2025-02-19,121.36000061035156,121.91000366210938,118.31999969482422,119.54000091552734,119.0777587890625,1031900
2025-02-20,119.94999694824219,125.87000274658203,118.80000305175781,119.05000305175781,118.58965301513672,989700
2025-02-21,118.36000061035156,120.33000183105469,115.7699966430664,116.91000366210938,116.45793151855469,1199300
2025-02-24,116.8499984741211,117.27999877929688,114.5999984741211,114.80999755859375,114.36604309082031,858900
2025-02-25,114.88999938964844,115.23999786376953,113.4000015258789,114.27999877929688,113.83809661865234,733800
2025-02-26,114.83000183105469,116.44999694824219,114.30999755859375,114.69999694824219,114.2564697265625,637700
2025-02-27,115.05000305175781,117.58000183105469,114.44999694824219,117.2699966430664,116.8165283203125,508100
2025-02-28,117.95999908447266,118.69999694824219,116.20999908447266,118.5,118.04177856445312,542400
2025-03-03,118.55000305175781,119.11000061035156,115.12000274658203,115.16000366210938,114.7146987915039,541300
2025-03-04,114.30999755859375,114.30999755859375,111.5999984741211,112.69999694824219,112.26420593261719,641600
2025-03-05,112.72000122070312,114.69000244140625,112.44000244140625,114.51000213623047,114.06720733642578,687800
2025-03-06,113.58999633789062,114.98999786376953,112.79000091552734,113.19999694824219,112.76226806640625,367400
2025-03-07,112.8499984741211,113.52999877929688,109.4000015258789,112.0,111.56690979003906,830700
2025-03-10,111.48999786376953,111.62999725341797,108.27999877929688,109.55999755859375,109.13634490966797,769900
2025-03-11,109.5,109.69000244140625,107.01000213623047,108.5999984741211,108.18006134033203,835100
2025-03-12,108.6500015258789,109.25,105.18000030517578,106.5,106.08818054199219,658800
2025-03-13,107.5,110.29000091552734,107.27999877929688,107.61000061035156,107.19388580322266,703800
2025-03-14,108.2699966430664,110.66999816894531,107.56999969482422,110.5,110.07271575927734,666900
2025-03-17,110.36000061035156,112.47000122070312,110.0,111.62999725341797,111.1983413696289,561700
2025-03-18,111.54000091552734,112.12000274658203,110.27999877929688,110.38999938964844,109.963134765625,423000
2025-03-19,111.05000305175781,113.05999755859375,110.97000122070312,112.97000122070312,112.53316497802734,632700
2025-03-20,112.02999877929688,113.79000091552734,111.7699966430664,112.01000213623047,111.57687377929688,512300
2025-03-21,110.66000366210938,112.3499984741211,108.0,112.0999984741211,111.6665267944336,925300
2025-03-24,112.62000274658203,114.37000274658203,112.37999725341797,113.7300033569336,113.29022979736328,585100
2025-03-25,114.19999694824219,114.8499984741211,111.81999969482422,113.02999877929688,112.59292602539062,407500
2025-03-26,113.2699966430664,113.69000244140625,112.51000213623047,113.43000030517578,112.99138641357422,461300
2025-03-27,113.45999908447266,113.45999908447266,111.55000305175781,112.4000015258789,111.96537017822266,448100
2025-03-28,112.08999633789062,112.08999633789062,110.08999633789062,111.2300033569336,110.79989624023438,479500
2025-03-31,110.0,111.80999755859375,109.01000213623047,111.06999969482422,110.64051055908203,1060000
2025-04-01,110.94000244140625,111.19000244140625,109.37999725341797,110.72000122070312,110.29186248779297,861100
2025-04-02,111.30000305175781,112.02999877929688,109.61000061035156,111.79000091552734,111.35772705078125,898300
2025-04-03,109.30999755859375,110.54000091552734,106.91000366210938,109.0199966430664,108.59843444824219,828100
2025-04-04,105.86000061035156,106.54000091552734,101.62000274658203,102.66000366210938,102.26303100585938,984300
2025-04-07,99.5,103.9000015258789,97.5,99.66000366210938,99.2746353149414,967400
2025-04-08,102.41999816894531,104.02999877929688,96.80000305175781,98.0,97.62104797363281,977600
2025-04-09,96.66999816894531,106.87000274658203,96.66999816894531,105.9000015258789,105.4905014038086,899700
2025-04-10,104.08999633789062,105.52999877929688,101.5999984741211,102.41000366210938,102.01399993896484,698400
2025-04-11,102.41000366210938,102.73999786376953,99.75,102.51000213623047,102.11360931396484,587000
2025-04-14,103.47000122070312,104.05999755859375,100.98999786376953,101.62000274658203,101.22705078125,514100
2025-04-15,101.94999694824219,103.94000244140625,101.88999938964844,102.62999725341797,102.23313903808594,477000
2025-04-16,102.12999725341797,102.91999816894531,99.6500015258789,100.98999786376953,100.5994873046875,492500
2025-04-17,101.16000366210938,103.23999786376953,100.52999877929688,101.36000061035156,100.96805572509766,617900
2025-04-21,100.61000061035156,101.0999984741211,99.19999694824219,100.0,99.61331176757812,702400
2025-04-22,100.72000122070312,103.16000366210938,100.54000091552734,103.0,102.60171508789062,543800
2025-04-23,105.23999786376953,108.7300033569336,104.56999969482422,105.04000091552734,104.63382720947266,793700
2025-04-24,102.4000015258789,103.72000122070312,87.37999725341797,87.98999786376953,87.6497573852539,4201000
2025-04-25,88.0,88.54000091552734,85.58000183105469,88.3499984741211,88.00836181640625,2226600
2025-04-28,89.0,90.11000061035156,87.95999908447266,89.37000274658203,89.02442169189453,2001600
2025-04-29,89.30000305175781,91.44000244140625,88.69999694824219,91.41999816894531,91.06649017333984,1281100
2025-04-30,90.37999725341797,90.72000122070312,88.47000122070312,90.41000366210938,90.0604019165039,1060800
2025-05-01,90.33000183105469,91.30000305175781,89.43000030517578,90.94999694824219,90.59830474853516,1104200
2025-05-02,92.05999755859375,93.83000183105469,91.62999725341797,93.2300033569336,92.86949920654297,802900
2025-05-05,92.73999786376953,93.12999725341797,89.83999633789062,90.70999908447266,90.35923767089844,1202500
2025-05-06,89.91000366210938,92.20999908447266,89.91000366210938,92.19999694824219,91.84347534179688,1146000
2025-05-07,92.5999984741211,93.45999908447266,91.87999725341797,92.48999786376953,92.13235473632812,1070700
2025-05-08,93.02999877929688,94.41999816894531,92.41000366210938,93.72000122070312,93.35759735107422,978600
2025-05-09,93.62000274658203,95.72000122070312,93.62000274658203,95.04000091552734,94.67249298095703,986900
2025-05-12,98.23999786376953,99.30999755859375,96.94999694824219,98.16000366210938,97.78043365478516,1082200
2025-05-13,97.25,99.0,97.25,98.36000061035156,97.97966003417969,996100
2025-05-14,98.06999969482422,99.37999725341797,98.06999969482422,98.80999755859375,98.42791748046875,879100
2025-05-15,98.11000061035156,98.4800033569336,96.94999694824219,97.83999633789062,97.46166229248047,984200
2025-05-16,97.37999725341797,98.2699966430664,97.20999908447266,98.2699966430664,97.88999938964844,702300
2025-05-19,97.58999633789062,98.37999725341797,97.19999694824219,98.04000091552734,97.66089630126953,733700
2025-05-20,97.81999969482422,97.93000030517578,96.87000274658203,97.30999755859375,96.9337158203125,585900
2025-05-21,96.48999786376953,96.86000061035156,94.12999725341797,94.2699966430664,93.90547180175781,840100
2025-05-22,94.18000030517578,94.87000274658203,92.63999938964844,93.16999816894531,92.80972290039062,1038400
2025-05-23,91.48999786376953,93.45999908447266,91.45999908447266,93.23999786376953,92.87945556640625,563700
2025-05-27,94.2699966430664,95.20999908447266,93.83999633789062,94.54000091552734,94.17443084716797,719500
2025-05-28,94.55000305175781,95.18000030517578,93.88999938964844,94.29000091552734,93.9253921508789,875200
2025-05-29,95.0,95.5,94.2699966430664,95.0199966430664,94.6525650024414,772200
2025-05-30,94.52999877929688,95.70999908447266,94.23999786376953,95.47000122070312,95.100830078125,813900
2025-06-02,95.47000122070312,95.61000061035156,92.12000274658203,92.77999877929688,92.42123413085938,916800
2025-06-03,92.5199966430664,94.9000015258789,92.19000244140625,93.88999938964844,93.52693939208984,819200
2025-06-04,93.47000122070312,96.41999816894531,93.47000122070312,95.9800033569336,95.6088638305664,1037400
2025-06-05,96.25,97.38999938964844,95.47000122070312,96.04000091552734,95.66862487792969,946800
2025-06-06,97.13999938964844,98.16999816894531,96.66000366210938,98.08000183105469,97.70074462890625,586300
2025-06-09,98.30999755859375,99.73999786376953,97.08999633789062,99.58999633789062,99.20489501953125,1500700
2025-06-10,99.98999786376953,103.12999725341797,99.98999786376953,101.83999633789062,101.44619750976562,969300
2025-06-11,101.98999786376953,102.44000244140625,99.91000366210938,100.6500015258789,100.26080322265625,488100
2025-06-12,99.66000366210938,100.43000030517578,98.86000061035156,99.3499984741211,98.96582794189453,637800
2025-06-13,98.37999725341797,98.55000305175781,95.70999908447266,95.83999633789062,95.46939849853516,647700
2025-06-16,96.62999725341797,97.83000183105469,96.30999755859375,97.4000015258789,97.02336883544922,690800
2025-06-17,96.61000061035156,98.8499984741211,96.0999984741211,98.30000305175781,97.91989135742188,540600
2025-06-18,98.5,99.91999816894531,98.5,98.91999816894531,98.53749084472656,552400
2025-06-20,99.66999816894531,99.68000030517578,97.44000244140625,97.9000015258789,97.52143859863281,1000600
2025-06-23,97.98999786376953,99.88999938964844,96.7300033569336,99.83000183105469,99.44397735595703,641000
2025-06-24,100.37999725341797,100.80000305175781,96.97000122070312,100.06999969482422,99.68304443359375,670000
2025-06-25,100.37999725341797,100.52999877929688,99.0,99.70999908447266,99.32443237304688,590500
2025-06-26,100.12999725341797,100.72000122070312,99.55999755859375,100.5999984741211,100.21099090576172,419700
2025-06-27,100.73999786376953,101.47000122070312,100.36000061035156,100.94999694824219,100.55963897705078,1279800
2025-06-30,100.94999694824219,101.47000122070312,100.3499984741211,101.0,100.60945129394531,633600
2025-07-01,100.93000030517578,104.66000366210938,100.9000015258789,104.19999694824219,103.79707336425781,554000
2025-07-02,104.16000366210938,105.0999984741211,103.58000183105469,104.94999694824219,104.54417419433594,465600
2025-07-03,105.54000091552734,105.88999938964844,104.95999908447266,105.30000305175781,104.892822265625,309300
2025-07-07,104.20999908447266,105.16999816894531,102.62000274658203,103.48999786376953,103.0898208618164,458500
2025-07-08,103.33999633789062,104.80999755859375,103.0,104.66000366210938,104.25530242919922,487600
2025-07-09,104.58999633789062,105.54000091552734,103.9800033569336,105.37999725341797,104.9725112915039,542200
2025-07-10,105.70999908447266,107.0999984741211,105.04000091552734,106.80000305175781,106.38702392578125,598300
2025-07-11,106.56999969482422,106.62999725341797,105.22000122070312,105.80000305175781,105.3908920288086,484300
2025-07-14,105.52999877929688,106.95999908447266,105.3499984741211,106.88999938964844,106.47666931152344,455800
2025-07-15,106.88999938964844,107.08000183105469,104.1500015258789,104.19999694824219,103.79707336425781,511600
2025-07-16,104.80000305175781,106.1500015258789,104.26000213623047,105.41000366210938,105.00239562988281,631100
2025-07-17,105.37999725341797,106.91999816894531,105.0199966430664,106.2699966430664,105.85906982421875,850000
2025-07-18,107.37999725341797,107.95999908447266,105.08999633789062,105.55000305175781,105.14185333251953,513400
2025-07-21,105.97000122070312,107.16999816894531,104.83999633789062,105.66000366210938,105.25143432617188,616200
2025-07-22,106.12000274658203,108.2699966430664,106.12000274658203,108.05999755859375,107.64214324951172,665400
2025-07-23,108.36000061035156,110.0,108.12000274658203,109.16000366210938,108.73789978027344,1016900
2025-07-24,113.5,118.45999908447266,111.70999908447266,113.75,113.31014251708984,2165500
2025-07-25,113.93000030517578,114.27999877929688,111.63999938964844,113.52999877929688,113.09099578857422,1117000
2025-07-28,113.58999633789062,113.58999633789062,110.8499984741211,111.25,110.81981658935547,786700
2025-07-29,111.37999725341797,111.52999877929688,109.86000061035156,110.5999984741211,110.17232513427734,611800
2025-07-30,110.91000366210938,111.63999938964844,109.68000030517578,110.0999984741211,109.67425537109375,432700
2025-07-31,109.13999938964844,109.70999908447266,106.95999908447266,107.04000091552734,106.62609100341797,551400
2025-08-01,105.79000091552734,106.7300033569336,104.2699966430664,106.38999938964844,105.97860717773438,556600
2025-08-04,106.86000061035156,107.86000061035156,103.81999969482422,104.51000213623047,104.10588073730469,527900
2025-08-05,104.41000366210938,105.3499984741211,103.38999938964844,103.44000244140625,103.0400161743164,503800
2025-08-06,103.51000213623047,104.36000061035156,102.08999633789062,102.30999755859375,101.91438293457031,401400
2025-08-07,102.93000030517578,103.05999755859375,101.05999755859375,102.16999816894531,101.7749252319336,399300
2025-08-08,101.72000122070312,102.62000274658203,100.44000244140625,100.9000015258789,100.50983428955078,617500
2025-08-11,100.81999969482422,101.2699966430664,99.7699966430664,100.41000366210938,100.02173614501953,501200
2025-08-12,101.02999877929688,102.30000305175781,100.76000213623047,102.1500015258789,101.7550048828125,287000
2025-08-13,102.12999725341797,103.83000183105469,101.41999816894531,103.56999969482422,103.16950988769531,437400
2025-08-14,103.16999816894531,103.79000091552734,102.06999969482422,103.58000183105469,103.17947387695312,361400
2025-08-15,103.18000030517578,103.66000366210938,102.16000366210938,102.58000183105469,102.18334197998047,627700
2025-08-18,102.95999908447266,104.26000213623047,102.31999969482422,103.05000305175781,102.65152740478516,614800
2025-08-19,103.1500015258789,105.0999984741211,103.1500015258789,103.77999877929688,103.37870025634766,366100
2025-08-20,104.04000091552734,104.29000091552734,102.4800033569336,102.51000213623047,102.11360931396484,389900
2025-08-21,102.0999984741211,103.30000305175781,101.73999786376953,102.45999908447266,102.06380462646484,375500
2025-08-22,102.70999908447266,104.87000274658203,102.44999694824219,104.04000091552734,103.6376953125,556000
2025-08-25,104.08000183105469,104.41000366210938,103.19999694824219,103.2300033569336,102.83082580566406,372700
2025-08-26,103.05999755859375,104.22000122070312,102.88999938964844,103.83000183105469,103.42850494384766,726700
2025-08-27,103.69000244140625,106.26000213623047,103.69000244140625,106.19000244140625,105.77938079833984,654200
2025-08-28,106.47000122070312,107.02999877929688,101.8499984741211,102.86000061035156,102.4622573852539,869900
2025-08-29,102.44999694824219,103.83999633789062,102.19999694824219,103.7300033569336,103.32889556884766,506500
2025-09-02,103.08000183105469,103.27999877929688,101.8499984741211,102.06999969482422,101.67530822753906,463100
2025-09-03,101.33000183105469,102.33000183105469,100.79000091552734,101.58999633789062,101.1971664428711,472300
2025-09-04,101.51000213623047,102.05000305175781,100.45999908447266,101.94999694824219,101.55577087402344,415200
2025-09-05,102.0199966430664,103.54000091552734,101.48999786376953,102.37999725341797,101.9841079711914,538000
2025-09-08,102.12999725341797,103.0,99.38999938964844,99.98999786376953,99.60334777832031,619800
2025-09-09,100.05999755859375,100.30999755859375,97.0999984741211,97.69000244140625,97.31224822998047,506200
2025-09-10,97.20999908447266,97.87000274658203,96.04000091552734,96.56999969482422,96.19657897949219,545500
2025-09-11,96.75,98.87999725341797,96.4000015258789,98.81999969482422,98.43787384033203,447000
2025-09-12,98.7699966430664,99.6500015258789,96.25,96.31999969482422,95.94754791259766,480200
2025-09-15,96.86000061035156,97.55000305175781,95.66999816894531,95.9800033569336,95.6088638305664,448000
2025-09-16,96.0,97.5,95.43000030517578,96.06999969482422,95.6985092163086,523900
2025-09-17,96.0999984741211,97.94999694824219,95.4800033569336,96.0999984741211,95.7283935546875,577700
2025-09-18,96.27999877929688,97.37999725341797,96.0,96.38999938964844,96.01727294921875,584000
2025-09-19,96.94999694824219,97.94000244140625,94.86000061035156,95.30000305175781,94.9314956665039,1958800
2025-09-22,95.37999725341797,95.93000030517578,93.04000091552734,95.83000183105469,95.45944213867188,607700
2025-09-23,95.83000183105469,97.20999908447266,95.5,96.77999877929688,96.40576171875,521300
2025-09-24,96.80000305175781,98.20999908447266,96.5,98.01000213623047,97.63101196289062,830000
2025-09-25,97.87000274658203,98.31999969482422,95.43000030517578,96.2300033569336,95.85789489746094,557600
2025-09-26,96.73999786376953,97.45999908447266,96.41999816894531,96.94000244140625,96.56514739990234,508200
2025-09-29,97.25,98.41000366210938,96.48999786376953,98.27999877929688,97.89996337890625,476100
2025-09-30,98.0,98.16999816894531,95.8499984741211,97.01000213623047,96.63488006591797,639400
2025-10-01,96.36000061035156,97.30000305175781,95.9000015258789,96.61000061035156,96.2364273071289,519100
2025-10-02,96.44000244140625,97.02999877929688,95.47000122070312,96.0199966430664,95.6487045288086,470800
2025-10-03,95.94999694824219,97.54000091552734,95.75,95.9800033569336,95.6088638305664,463400
2025-10-06,96.13999938964844,96.13999938964844,92.98999786376953,93.37999725341797,93.01891326904297,635900
2025-10-07,93.20999908447266,94.76000213623047,90.5,91.51000213623047,91.15614318847656,581100
2025-10-08,91.69999694824219,93.2300033569336,91.3499984741211,92.55999755859375,92.20207977294922,621200
2025-10-09,92.52999877929688,92.88999938964844,90.83999633789062,91.0999984741211,90.74772644042969,344800
2025-10-10,91.0999984741211,91.26000213623047,88.94999694824219,90.0199966430664,89.67190551757812,614600
2025-10-13,90.58999633789062,91.05000305175781,87.95999908447266,88.0,87.65971374511719,662800
2025-10-14,87.51000213623047,89.5999984741211,87.12999725341797,88.41999816894531,88.07809448242188,763500
2025-10-15,88.61000061035156,88.61000061035156,86.66000366210938,86.8499984741211,86.51416015625,693700
2025-10-16,86.72000122070312,87.66999816894531,86.19000244140625,86.75,86.41455078125,633000
2025-10-17,86.36000061035156,90.58999633789062,86.11000061035156,90.52999877929688,90.179931640625,889700
2025-10-20,90.83999633789062,95.76000213623047,90.72000122070312,95.68000030517578,95.31002044677734,1290800
2025-10-21,95.12000274658203,97.87000274658203,95.12000274658203,96.61000061035156,96.2364273071289,1272200
2025-10-22,96.33999633789062,98.80000305175781,95.94999694824219,96.22000122070312,95.84793090820312,1272500
2025-10-23,101.48999786376953,108.08999633789062,100.5,103.68000030517578,103.27908325195312,1778500
2025-10-24,103.37999725341797,103.68000030517578,100.48999786376953,101.0,100.60945129394531,973600
2025-10-27,101.44000244140625,103.45999908447266,100.05999755859375,103.11000061035156,102.71128845214844,810800
2025-10-28,102.44000244140625,103.0,99.0199966430664,99.5999984741211,99.21485900878906,910400
2025-10-29,99.16000366210938,102.05999755859375,98.13999938964844,100.63999938964844,100.25083923339844,1128500
2025-10-30,99.97000122070312,102.04000091552734,99.48999786376953,100.4000015258789,100.01177215576172,741500
2025-10-31,99.79000091552734,100.33000183105469,98.47000122070312,99.19999694824219,98.81640625,743200
2025-11-03,98.94999694824219,98.94999694824219,96.87999725341797,98.61000061035156,98.22869110107422,757500
2025-11-04,98.12000274658203,99.72000122070312,97.2300033569336,99.01000213623047,98.62714385986328,545700
2025-11-05,98.83000183105469,99.94000244140625,98.48999786376953,99.0,98.61717987060547,553100
2025-11-06,99.36000061035156,100.83000183105469,95.7699966430664,96.56999969482422,96.19657897949219,574900
2025-11-07,94.93000030517578,97.6500015258789,92.76000213623047,97.43000030517578,97.05325317382812,508300
2025-11-10,97.75,100.58000183105469,97.7300033569336,99.87000274658203,99.48381805419922,702600
2025-11-11,100.0199966430664,101.73999786376953,98.94999694824219,99.43000030517578,99.04551696777344,406600
2025-11-12,99.83999633789062,101.20999908447266,99.29000091552734,99.61000061035156,99.22482299804688,356100
2025-11-13,99.05999755859375,101.62999725341797,98.91999816894531,99.81999969482422,99.43401336669922,426500
2025-11-14,99.29000091552734,99.66999816894531,97.44000244140625,99.29000091552734,98.90605926513672,494700
2025-11-17,99.0999984741211,101.2300033569336,98.05000305175781,99.83999633789062,99.45393371582031,686400
2025-11-18,100.41999816894531,104.91999816894531,99.20999908447266,104.55999755859375,104.15567779541016,834200
2025-11-19,104.47000122070312,104.70999908447266,102.55999755859375,102.72000122070312,102.32279968261719,676800
2025-11-20,103.01000213623047,104.70999908447266,100.9000015258789,104.38999938964844,103.98633575439453,1174600
2025-11-21,104.7699966430664,107.72000122070312,103.61000061035156,106.19000244140625,105.77938079833984,597400
2025-11-24,105.98999786376953,106.25,104.47000122070312,106.19000244140625,105.77938079833984,552700
2025-11-25,106.4800033569336,108.19999694824219,106.44000244140625,107.69000244140625,107.2735824584961,663900
2025-11-26,107.61000061035156,110.5999984741211,107.5199966430664,108.33000183105469,107.91110229492188,845400
2025-11-28,109.12999725341797,109.79000091552734,108.02999877929688,109.08999633789062,108.66815948486328,403000
2025-12-01,108.88999938964844,111.30000305175781,108.3499984741211,110.83000183105469,110.40143585205078,837300
2025-12-02,110.94999694824219,111.70999908447266,109.29000091552734,110.98999786376953,110.5608139038086,1114600
2025-12-03,111.5,113.0,111.04000091552734,111.62000274658203,111.18838500976562,854600
2025-12-04,111.69999694824219,113.36000061035156,110.73999786376953,113.2699966430664,112.83200073242188,825500
2025-12-05,112.9000015258789,114.41000366210938,112.37000274658203,112.48999786376953,112.48999786376953,678700
2025-12-08,112.47000122070312,113.83000183105469,112.23999786376953,113.33000183105469,113.33000183105469,599500
2025-12-09,113.66000366210938,114.86000061035156,112.66000366210938,114.0,114.0,527000
2025-12-10,114.29000091552734,116.80000305175781,113.63999938964844,115.16999816894531,115.16999816894531,829500
2025-12-11,115.31999969482422,117.52999877929688,113.2699966430664,115.72000122070312,115.72000122070312,648500
2025-12-12,116.88999938964844,118.13999938964844,116.1500015258789,116.76000213623047,116.76000213623047,999700
2025-12-15,117.04000091552734,118.16000366210938,115.7300033569336,117.58999633789062,117.58999633789062,613900
2025-12-16,117.93000030517578,118.3499984741211,116.56999969482422,116.88999938964844,116.88999938964844,707000
2025-12-17,116.87000274658203,117.86000061035156,116.5,117.37000274658203,117.37000274658203,612400
2025-12-18,117.16999816894531,117.98999786376953,116.43000030517578,116.56999969482422,116.56999969482422,879200
2025-12-19,116.0999984741211,117.0,114.54000091552734,114.76000213623047,114.76000213623047,1202200
2025-12-22,114.44999694824219,115.83999633789062,114.0,114.61000061035156,114.61000061035156,670000
2025-12-23,114.20999908447266,114.6500015258789,113.31999969482422,113.91999816894531,113.91999816894531,587900
2025-12-24,114.05000305175781,114.97000122070312,113.68000030517578,114.0199966430664,114.0199966430664,330300
2025-12-26,114.12999725341797,115.25,113.77999877929688,114.51000213623047,114.51000213623047,425400
2025-12-29,114.86000061035156,115.5199966430664,114.25,114.51000213623047,114.51000213623047,467300
2025-12-30,114.5,115.47000122070312,114.02999877929688,114.63999938964844,114.63999938964844,425400
2025-12-31,114.5199966430664,115.37000274658203,113.55000305175781,113.77999877929688,113.77999877929688,411200
2026-01-02,113.30999755859375,113.76000213623047,109.5199966430664,111.94999694824219,111.94999694824219,683000
2026-01-05,112.0199966430664,116.0,111.88999938964844,114.44000244140625,114.44000244140625,767100
2026-01-06,114.26000213623047,116.04000091552734,113.0999984741211,113.2699966430664,113.2699966430664,618900
2026-01-07,112.87999725341797,113.54000091552734,108.38999938964844,109.27999877929688,109.27999877929688,1033100
2026-01-08,109.11000061035156,113.30000305175781,108.8499984741211,111.5199966430664,111.5199966430664,1016400
2026-01-09,111.6500015258789,112.0,106.58999633789062,108.23999786376953,108.23999786376953,874300
2026-01-12,108.11000061035156,108.20999908447266,105.19000244140625,106.06999969482422,106.06999969482422,673100
2026-01-13,105.8499984741211,107.04000091552734,105.47000122070312,105.4800033569336,105.4800033569336,573900
2026-01-14,106.19000244140625,110.12000274658203,106.12000274658203,108.08000183105469,108.08000183105469,738300
2026-01-15,108.08000183105469,112.33000183105469,106.76000213623047,107.48999786376953,107.48999786376953,811200
2026-01-16,107.18000030517578,107.18000030517578,104.19999694824219,106.87999725341797,106.87999725341797,1105200
2026-01-20,106.02999877929688,109.30999755859375,103.6500015258789,103.77999877929688,103.77999877929688,662300
2026-01-21,103.98999786376953,104.76000213623047,102.1500015258789,102.5,102.5,822100
2026-01-22,103.08999633789062,103.83999633789062,102.5199966430664,102.87999725341797,102.87999725341797,533800
2026-01-23,102.62999725341797,102.9800033569336,101.69000244140625,102.54000091552734,102.54000091552734,721200
2026-01-26,102.93000030517578,103.25,101.18000030517578,101.47000122070312,101.47000122070312,557100
2026-01-27,101.01000213623047,101.9800033569336,100.13999938964844,100.2300033569336,100.2300033569336,722000
2026-01-28,100.69000244140625,102.6500015258789,98.62000274658203,98.9000015258789,98.9000015258789,758100
2026-01-29,98.8499984741211,99.86000061035156,96.0199966430664,97.93000030517578,97.93000030517578,746600
2026-01-30,97.98999786376953,98.73999786376953,96.12000274658203,98.36000061035156,98.36000061035156,1168500
2026-02-02,98.44999694824219,98.63999938964844,95.41000366210938,95.5199966430664,95.5199966430664,630800
2026-02-03,95.01000213623047,96.27999877929688,93.55000305175781,94.16999816894531,94.16999816894531,872900
2026-02-04,94.63999938964844,97.97000122070312,94.63999938964844,95.4800033569336,95.4800033569336,653500
2026-02-05,95.62999725341797,96.3499984741211,93.4000015258789,93.69000244140625,93.69000244140625,618500
2026-02-06,94.98999786376953,95.30000305175781,92.80000305175781,93.55000305175781,93.55000305175781,1073900
2026-02-09,93.43000030517578,94.58000183105469,92.55000305175781,94.23999786376953,94.23999786376953,859900
2026-02-10,94.38999938964844,97.44000244140625,93.81999969482422,96.58000183105469,96.58000183105469,1055400
2026-02-11,95.93000030517578,96.95999908447266,94.52999877929688,94.77999877929688,94.77999877929688,526600
2026-02-12,94.9800033569336,95.20999908447266,90.61000061035156,90.83999633789062,90.83999633789062,615500
2026-02-13,90.80999755859375,91.22000122070312,89.12999725341797,89.23999786376953,89.23999786376953,729000
2026-02-17,89.25,91.1500015258789,87.54000091552734,87.97000122070312,87.97000122070312,1046200
2026-02-18,88.66000366210938,91.95999908447266,88.29000091552734,90.69000244140625,90.69000244140625,1064100
2026-02-19,90.70999908447266,92.29000091552734,89.9800033569336,92.20999908447266,92.20999908447266,850000
2026-02-20,92.13999938964844,93.73999786376953,90.83000183105469,93.70999908447266,93.70999908447266,1051200
2026-02-23,92.5999984741211,94.04000091552734,91.18000030517578,94.0,94.0,1056500
2026-02-24,93.8499984741211,96.31999969482422,93.55000305175781,96.19000244140625,96.19000244140625,1261100
2026-02-25,95.5999984741211,96.61000061035156,94.79000091552734,96.13999938964844,96.13999938964844,1171600
2026-02-26,94.77999877929688,95.05999755859375,85.83999633789062,90.37000274658203,90.37000274658203,2349500
2026-02-27,89.45999908447266,92.22000122070312,87.06999969482422,91.93000030517578,91.93000030517578,1283300
2026-03-02,91.4000015258789,94.1500015258789,89.4800033569336,93.77999877929688,93.77999877929688,955100
2026-03-03,93.41000366210938,93.5999984741211,89.72000122070312,93.41999816894531,93.41999816894531,832000
2026-03-04,93.41999816894531,94.05000305175781,89.79000091552734,90.75,90.75,1006300
2026-03-05,90.13999938964844,91.3499984741211,89.58999633789062,90.04000091552734,90.04000091552734,1209000
2026-03-06,89.06999969482422,89.06999969482422,82.66999816894531,83.83000183105469,83.83000183105469,2327500
2026-03-09,83.08000183105469,85.63999938964844,80.23999786376953,85.0999984741211,85.0999984741211,2066200
2026-03-10,84.97000122070312,85.4800033569336,83.0,83.62000274658203,83.62000274658203,1198100
2026-03-11,83.69999694824219,86.7699966430664,83.2699966430664,85.9800033569336,85.9800033569336,1100200
2026-03-12,85.19999694824219,86.83000183105469,83.91000366210938,84.08000183105469,84.08000183105469,1096000
2026-03-13,84.31999969482422,86.37999725341797,83.41999816894531,86.36000061035156,86.36000061035156,763200
2026-03-16,86.56999969482422,87.94000244140625,84.95999908447266,86.19999694824219,86.19999694824219,923400
2026-03-17,87.16999816894531,88.33000183105469,85.91000366210938,85.94000244140625,85.94000244140625,570700
2026-03-18,84.95999908447266,86.56999969482422,84.58999633789062,85.80999755859375,85.80999755859375,864700
2026-03-19,86.05000305175781,88.04000091552734,84.87999725341797,87.83000183105469,87.83000183105469,734500
2026-03-20,86.93000030517578,87.30999755859375,83.2300033569336,83.7300033569336,83.7300033569336,1595400
2026-03-23,85.08999633789062,86.08999633789062,84.0999984741211,84.62000274658203,84.62000274658203,1012200
2026-03-24,84.0999984741211,86.5999984741211,83.91000366210938,86.05000305175781,86.05000305175781,1000500
2026-03-25,86.7699966430664,87.55000305175781,85.61000061035156,87.19999694824219,87.19999694824219,968300
2026-03-26,86.97000122070312,89.61000061035156,86.43000030517578,87.56999969482422,87.56999969482422,637300
2026-03-27,87.18000030517578,87.18000030517578,84.5199966430664,84.5199966430664,84.5199966430664,771400
