Date,Open,High,Low,Close,Adj Close,Volume
2015-01-02,69.55999755859375,69.9800033569336,68.18000030517578,69.0,56.64729690551758,281500
2015-01-05,68.41000366210938,68.8499984741211,67.0199966430664,67.06999969482422,55.062828063964844,318300
2015-01-06,67.08999633789062,67.70999908447266,65.55999755859375,65.7300033569336,53.962711334228516,308900
2015-01-07,66.05999755859375,66.52999877929688,65.41999816894531,65.75,53.9791374206543,295300
2015-01-08,66.51000213623047,67.04000091552734,66.05000305175781,66.72000122070312,54.77549362182617,330500
2015-01-09,66.68000030517578,67.18000030517578,66.18000030517578,66.29000091552734,54.422454833984375,266400
2015-01-12,66.51000213623047,66.55999755859375,65.2300033569336,66.25,54.38961410522461,357800
2015-01-13,66.7300033569336,67.68000030517578,65.61000061035156,66.0,54.18437194824219,599400
2015-01-14,65.25,66.0199966430664,65.05000305175781,65.77999877929688,54.003761291503906,265400
2015-01-15,65.97000122070312,66.48999786376953,64.97000122070312,65.08999633789062,53.43729019165039,256500
2015-01-16,64.95999908447266,65.36000061035156,64.29000091552734,65.04000091552734,53.396244049072266,356400
2015-01-20,65.16999816894531,66.62000274658203,64.80000305175781,66.4800033569336,54.57846450805664,471600
2015-01-21,66.44999694824219,67.5,66.37999725341797,67.1500015258789,55.12852096557617,247000
2015-01-22,67.37000274658203,67.91999816894531,66.30999755859375,67.87999725341797,55.727813720703125,508900
2015-01-23,67.77999877929688,67.93000030517578,66.80000305175781,66.88999938964844,54.9150505065918,298400
2015-01-26,66.77999877929688,68.1500015258789,66.05999755859375,68.0999984741211,55.90842819213867,561000
2015-01-27,67.19999694824219,67.69999694824219,66.41999816894531,67.16000366210938,55.136714935302734,374900
2015-01-28,67.73999786376953,68.5199966430664,66.86000061035156,67.08000183105469,55.07103729248047,339200
2015-01-29,67.27999877929688,68.0199966430664,66.18000030517578,67.80000305175781,55.66214370727539,331900
2015-01-30,67.45999908447266,68.19999694824219,67.11000061035156,67.91000366210938,55.7524528503418,355400
2015-02-02,68.12000274658203,69.66000366210938,67.62000274658203,69.5999984741211,57.13988494873047,373100
2015-02-03,69.9000015258789,71.20999908447266,69.62999725341797,71.05000305175781,58.330322265625,339100
2015-02-04,70.61000061035156,71.1500015258789,69.19000244140625,69.56999969482422,57.11526107788086,294400
2015-02-05,69.97000122070312,70.16999816894531,69.12000274658203,69.66999816894531,57.197357177734375,245900
2015-02-06,69.62999725341797,70.62000274658203,69.62999725341797,70.44999694824219,57.83772277832031,376500
2015-02-09,70.33999633789062,71.33999633789062,70.04000091552734,70.81999969482422,58.141483306884766,222200
2015-02-10,71.19999694824219,71.3499984741211,70.01000213623047,71.01000213623047,58.29746627807617,242700
2015-02-11,70.95999908447266,71.27999877929688,70.0199966430664,70.41999816894531,57.81307601928711,234900
2015-02-12,70.66999816894531,71.20999908447266,70.44999694824219,71.16999816894531,58.42881393432617,399800
2015-02-13,71.26000213623047,72.25,70.98999786376953,72.2300033569336,59.29905319213867,273400
2015-02-17,71.80999755859375,72.5,68.52999877929688,69.16999816894531,56.7868766784668,942600
2015-02-18,68.4000015258789,70.54000091552734,68.0199966430664,70.0999984741211,57.55036544799805,516100
2015-02-19,69.97000122070312,70.30000305175781,69.06999969482422,69.44999694824219,57.01674270629883,394600
2015-02-20,69.3499984741211,70.25,68.79000091552734,70.18000030517578,57.616058349609375,365100
2015-02-23,70.12999725341797,70.12999725341797,69.44999694824219,69.94999694824219,57.42721939086914,295600
2015-02-24,69.94999694824219,70.37999725341797,69.5199966430664,69.69999694824219,57.22197723388672,383400
2015-02-25,69.77999877929688,70.31999969482422,69.54000091552734,70.0999984741211,57.55036544799805,229400
2015-02-26,70.19000244140625,70.55999755859375,69.33999633789062,69.62000274658203,57.15630340576172,252600
2015-02-27,69.41999816894531,69.83000183105469,68.9800033569336,69.04000091552734,56.680152893066406,293300
2015-03-02,68.87000274658203,70.51000213623047,68.55999755859375,70.4800033569336,57.86235809326172,396600
2015-03-03,70.44999694824219,71.0,70.22000122070312,70.37000274658203,57.77204513549805,262800
2015-03-04,70.06999969482422,70.31999969482422,68.73999786376953,68.94999694824219,56.606258392333984,222000
2015-03-05,68.94000244140625,69.48999786376953,68.77999877929688,68.8499984741211,56.5241584777832,171000
2015-03-06,68.36000061035156,68.9000015258789,67.62000274658203,67.77999877929688,55.64571762084961,269900
2015-03-09,67.70999908447266,68.2699966430664,67.44000244140625,67.61000061035156,55.50616455078125,373400
2015-03-10,65.63999938964844,66.37000274658203,64.88999938964844,65.37000274658203,53.66717529296875,556200
2015-03-11,65.55000305175781,66.51000213623047,64.9800033569336,66.4800033569336,54.57846450805664,391400
2015-03-12,66.98999786376953,67.38999938964844,66.48999786376953,66.77999877929688,54.82474899291992,247500
2015-03-13,66.5,66.72000122070312,65.05000305175781,65.5,53.773902893066406,202000
2015-03-16,65.91000366210938,66.80999755859375,65.52999877929688,66.62999725341797,54.70158004760742,298600
2015-03-17,66.55999755859375,67.19000244140625,65.9800033569336,66.88999938964844,54.9150505065918,323400
2015-03-18,66.56999969482422,67.9000015258789,65.63999938964844,67.69000244140625,55.57183074951172,503600
2015-03-19,67.44000244140625,67.44000244140625,66.11000061035156,66.5999984741211,54.676971435546875,340000
2015-03-20,66.83000183105469,67.0999984741211,64.93000030517578,65.05999755859375,53.41265869140625,1303800
2015-03-23,65.23999786376953,65.45999908447266,64.27999877929688,64.37999725341797,52.85439682006836,471400
2015-03-24,64.5199966430664,65.8499984741211,64.08000183105469,65.63999938964844,53.888824462890625,468300
2015-03-25,65.97000122070312,66.0199966430664,64.73999786376953,64.75,53.15815734863281,293100
2015-03-26,64.6500015258789,65.08999633789062,64.22000122070312,64.29000091552734,52.78052520751953,379200
2015-03-27,64.13999938964844,64.72000122070312,63.900001525878906,64.41999816894531,53.126888275146484,501400
2015-03-30,64.80000305175781,65.83000183105469,64.80000305175781,65.56999969482422,54.07528305053711,257500
2015-03-31,65.55999755859375,65.56999969482422,64.97000122070312,65.38999938964844,53.92683792114258,635900
2015-04-01,65.33000183105469,65.83999633789062,64.7699966430664,65.16999816894531,53.74541473388672,556700
2015-04-02,65.1500015258789,65.76000213623047,64.93000030517578,64.9800033569336,53.58871078491211,418400
2015-04-06,64.5,66.88999938964844,64.5,66.4000015258789,54.759769439697266,565900
2015-04-07,66.1500015258789,66.5199966430664,64.5199966430664,64.55000305175781,53.23408889770508,497500
2015-04-08,64.33999633789062,64.94999694824219,63.66999816894531,63.970001220703125,52.755760192871094,503800
2015-04-09,63.970001220703125,64.66999816894531,63.970001220703125,64.43000030517578,53.135135650634766,433000
2015-04-10,64.61000061035156,64.87999725341797,64.19000244140625,64.36000061035156,53.0774040222168,278600
2015-04-13,64.06999969482422,64.91000366210938,64.06999969482422,64.5,53.1928596496582,272300
2015-04-14,64.5,65.19000244140625,64.16999816894531,65.19000244140625,53.761898040771484,380400
2015-04-15,65.19000244140625,66.20999908447266,65.18000030517578,65.9800033569336,54.41340637207031,357100
2015-04-16,65.91999816894531,65.94000244140625,64.8499984741211,65.12000274658203,53.70417785644531,379300
2015-04-17,64.63999938964844,64.8499984741211,64.12999725341797,64.51000213623047,53.201114654541016,260100
2015-04-20,64.98999786376953,65.80000305175781,64.7300033569336,65.18000030517578,53.753639221191406,463500
2015-04-21,67.45999908447266,67.52999877929688,65.05000305175781,66.47000122070312,54.81751251220703,984300
2015-04-22,66.23999786376953,66.62000274658203,65.66000366210938,66.33000183105469,54.70206069946289,395400
2015-04-23,66.41999816894531,67.91000366210938,66.3499984741211,67.6500015258789,55.790653228759766,444100
2015-04-24,67.86000061035156,67.88999938964844,66.94999694824219,67.02999877929688,55.279354095458984,305900
2015-04-27,66.91000366210938,67.4800033569336,66.81999969482422,67.37999725341797,55.56798553466797,333500
2015-04-28,67.20999908447266,67.47000122070312,66.77999877929688,67.3499984741211,55.543235778808594,262200
2015-04-29,66.97000122070312,68.73999786376953,66.76000213623047,68.61000061035156,56.58235549926758,615100
2015-04-30,68.30999755859375,68.68000030517578,66.80000305175781,66.86000061035156,55.139137268066406,617000
2015-05-01,67.27999877929688,67.76000213623047,66.5,66.70999908447266,55.01544952392578,512700
2015-05-04,66.61000061035156,67.51000213623047,66.41999816894531,67.01000213623047,55.26284408569336,555400
2015-05-05,66.70999908447266,67.66999816894531,66.05999755859375,66.19999694824219,54.5948371887207,365800
2015-05-06,66.47000122070312,66.66999816894531,65.75,66.66000366210938,54.97422790527344,543700
2015-05-07,66.66000366210938,67.16999816894531,65.81999969482422,66.36000061035156,54.72679138183594,421800
2015-05-08,67.02999877929688,67.20999908447266,66.5,66.5999984741211,54.92471694946289,240200
2015-05-11,66.61000061035156,67.44000244140625,66.25,67.37000274658203,55.55973815917969,593200
2015-05-12,67.16000366210938,68.1500015258789,66.72000122070312,68.06999969482422,56.13701248168945,448300
2015-05-13,68.58000183105469,69.44000244140625,68.08999633789062,69.43000030517578,57.25862503051758,578900
2015-05-14,69.69000244140625,71.1500015258789,69.69000244140625,71.11000061035156,58.64410400390625,656200
2015-05-15,70.94999694824219,70.94999694824219,68.93000030517578,69.27999877929688,57.134910583496094,421600
2015-05-18,69.36000061035156,69.54000091552734,68.87999725341797,69.44000244140625,57.26686096191406,242100
2015-05-19,69.2699966430664,69.45999908447266,68.38999938964844,69.30000305175781,57.151390075683594,281000
2015-05-20,69.25,69.30000305175781,68.4800033569336,69.05999755859375,56.95347595214844,329800
2015-05-21,69.12999725341797,69.5199966430664,68.83000183105469,69.37000274658203,57.20912170410156,473600
2015-05-22,69.22000122070312,69.62000274658203,68.95999908447266,69.33000183105469,57.176151275634766,268100
2015-05-26,69.30999755859375,69.33000183105469,68.58000183105469,68.80000305175781,56.73905944824219,408700
2015-05-27,69.12999725341797,70.0,68.56999969482422,69.83000183105469,57.58848571777344,446400
2015-05-28,69.66000366210938,69.97000122070312,68.2699966430664,68.48999786376953,56.48339080810547,463100
2015-05-29,68.30999755859375,68.69999694824219,67.08000183105469,67.20999908447266,55.42778015136719,478700
2015-06-01,67.66000366210938,67.83999633789062,66.9000015258789,67.55000305175781,55.708187103271484,449600
2015-06-02,67.30999755859375,67.91999816894531,67.0,67.41999816894531,55.60097122192383,313200
2015-06-03,67.87000274658203,68.38999938964844,67.36000061035156,67.94999694824219,56.03805160522461,243500
2015-06-04,67.72000122070312,68.37999725341797,66.5999984741211,66.66000366210938,54.97422790527344,365600
2015-06-05,66.7300033569336,67.45999908447266,66.08000183105469,67.41999816894531,55.60097122192383,288100
2015-06-08,67.29000091552734,67.69000244140625,66.66999816894531,66.9000015258789,55.17213439941406,271000
2015-06-09,67.06999969482422,67.41999816894531,66.5999984741211,66.80000305175781,55.089656829833984,137500
2015-06-10,66.95999908447266,67.58999633789062,66.44999694824219,67.44000244140625,55.61746597290039,213900
2015-06-11,67.73999786376953,67.73999786376953,66.5199966430664,67.20999908447266,55.42778015136719,318600
2015-06-12,66.83999633789062,66.88999938964844,66.02999877929688,66.08000183105469,54.49587631225586,483500
2015-06-15,65.4800033569336,65.54000091552734,64.08999633789062,64.30000305175781,53.02791976928711,927800
2015-06-16,64.0,67.5,62.20000076293945,62.47999954223633,51.52696990966797,1253700
2015-06-17,62.529998779296875,63.70000076293945,62.47999954223633,63.34000015258789,52.2362060546875,676400
2015-06-18,63.2599983215332,63.810001373291016,62.95000076293945,63.40999984741211,52.293949127197266,411400
2015-06-19,63.540000915527344,63.779998779296875,63.0,63.279998779296875,52.18672180175781,777500
2015-06-22,63.720001220703125,63.900001525878906,63.34000015258789,63.86000061035156,52.66504669189453,412400
2015-06-23,63.779998779296875,64.1500015258789,63.68000030517578,63.869998931884766,52.67330551147461,679300
2015-06-24,63.79999923706055,64.01000213623047,63.5,63.59000015258789,52.442386627197266,381000
2015-06-25,63.400001525878906,63.58000183105469,62.22999954223633,62.459999084472656,51.51047897338867,409700
2015-06-26,62.41999816894531,62.7400016784668,62.060001373291016,62.470001220703125,51.75904083251953,1364500
2015-06-29,62.029998779296875,62.380001068115234,60.900001525878906,60.93000030517578,50.48308563232422,529600
2015-06-30,61.7599983215332,61.81999969482422,60.849998474121094,60.88999938964844,50.44994354248047,507300
2015-07-01,61.2400016784668,61.72999954223633,60.68000030517578,60.90999984741211,50.46651840209961,372400
2015-07-02,61.209999084472656,61.439998626708984,60.470001220703125,60.68000030517578,50.27595138549805,297500
2015-07-06,60.0,61.11000061035156,59.869998931884766,60.470001220703125,50.10194396972656,419300
2015-07-07,60.58000183105469,61.470001220703125,60.2599983215332,61.369998931884766,50.84764099121094,545300
2015-07-08,61.02000045776367,61.290000915527344,59.88999938964844,60.0099983215332,49.72083282470703,484700
2015-07-09,60.7599983215332,61.060001373291016,59.849998474121094,59.849998474121094,49.5882682800293,421800
2015-07-10,60.630001068115234,60.630001068115234,59.97999954223633,60.16999816894531,49.8533935546875,412200
2015-07-13,60.70000076293945,60.810001373291016,60.43000030517578,60.4900016784668,50.118526458740234,454900
2015-07-14,60.41999816894531,60.61000061035156,60.29999923706055,60.45000076293945,50.08538818359375,368600
2015-07-15,60.5,60.59000015258789,59.5,59.59000015258789,49.372840881347656,313500
2015-07-16,60.18000030517578,60.58000183105469,59.58000183105469,59.599998474121094,49.38112258911133,324200
2015-07-17,59.7599983215332,59.83000183105469,58.95000076293945,59.029998779296875,48.90885925292969,655000
2015-07-20,59.2400016784668,59.779998779296875,59.130001068115234,59.27000045776367,49.10771560668945,334900
2015-07-21,59.290000915527344,59.54999923706055,58.779998779296875,58.90999984741211,48.809425354003906,241000
2015-07-22,58.77000045776367,59.119998931884766,58.36000061035156,58.79999923706055,48.71828842163086,344500
2015-07-23,58.79999923706055,59.25,58.529998779296875,58.79999923706055,48.71828842163086,630000
2015-07-24,58.79999923706055,58.849998474121094,57.68000030517578,57.720001220703125,47.82346725463867,306100
2015-07-27,56.84000015258789,59.310001373291016,56.099998474121094,58.869998931884766,48.77628707885742,857700
2015-07-28,58.779998779296875,59.5,57.900001525878906,59.2400016784668,49.08285140991211,632400
2015-07-29,58.90999984741211,59.9900016784668,58.689998626708984,59.779998779296875,49.53025817871094,353000
2015-07-30,59.459999084472656,60.970001220703125,59.40999984741211,60.81999969482422,50.391944885253906,475000
2015-07-31,60.97999954223633,61.130001068115234,60.439998626708984,60.54999923706055,50.16823959350586,313500
2015-08-03,60.38999938964844,60.630001068115234,59.52000045776367,60.060001373291016,49.76226043701172,277200
2015-08-04,60.45000076293945,61.060001373291016,59.97999954223633,60.36000061035156,50.01081466674805,341800
2015-08-05,60.540000915527344,61.63999938964844,60.540000915527344,61.5,50.955360412597656,618000
2015-08-06,61.4900016784668,61.790000915527344,60.689998626708984,61.029998779296875,50.56594467163086,445200
2015-08-07,60.70000076293945,61.59000015258789,60.70000076293945,61.59000015258789,51.02992248535156,376000
2015-08-10,62.15999984741211,62.939998626708984,61.5,62.779998779296875,52.01588821411133,415200
2015-08-11,62.099998474121094,62.2599983215332,61.84000015258789,61.880001068115234,51.27019500732422,447100
2015-08-12,61.439998626708984,62.040000915527344,61.189998626708984,61.849998474121094,51.245361328125,336300
2015-08-13,61.91999816894531,61.91999816894531,61.06999969482422,61.529998779296875,50.98020935058594,370900
2015-08-14,61.380001068115234,62.189998626708984,61.380001068115234,62.04999923706055,51.411033630371094,327900
2015-08-17,61.68000030517578,62.54999923706055,61.36000061035156,62.34000015258789,51.651336669921875,337100
2015-08-18,62.209999084472656,62.25,60.970001220703125,61.2599983215332,50.75651550292969,485000
2015-08-19,61.40999984741211,61.40999984741211,59.959999084472656,60.209999084472656,49.88652420043945,348200
2015-08-20,59.689998626708984,60.369998931884766,58.209999084472656,58.2400016784668,48.254310607910156,374000
2015-08-21,57.58000183105469,59.58000183105469,56.59000015258789,56.59000015258789,46.887203216552734,399300
2015-08-24,54.0099983215332,56.599998474121094,51.7400016784668,55.13999938964844,45.68582534790039,1030000
2015-08-25,57.13999938964844,57.13999938964844,54.65999984741211,54.70000076293945,45.32128143310547,469500
2015-08-26,55.77000045776367,56.47999954223633,54.959999084472656,56.400001525878906,46.72979736328125,514400
2015-08-27,57.2400016784668,58.54999923706055,56.540000915527344,58.40999984741211,48.395164489746094,600900
2015-08-28,58.2599983215332,58.939998626708984,58.119998931884766,58.43000030517578,48.41172790527344,343000
2015-08-31,58.189998626708984,59.220001220703125,57.91999816894531,58.650001525878906,48.59400939941406,469500
2015-09-01,57.310001373291016,58.459999084472656,56.86000061035156,56.900001525878906,47.14406967163086,617100
2015-09-02,57.369998931884766,57.650001525878906,56.310001373291016,57.16999816894531,47.36777114868164,449700
2015-09-03,57.16999816894531,58.220001220703125,57.04999923706055,57.95000076293945,48.014041900634766,482600
2015-09-04,57.34000015258789,57.61000061035156,57.119998931884766,57.130001068115234,47.334632873535156,463800
2015-09-08,58.15999984741211,58.849998474121094,57.060001373291016,58.65999984741211,48.6022834777832,314500
2015-09-09,58.90999984741211,59.25,58.15999984741211,58.2400016784668,48.254310607910156,289400
2015-09-10,58.33000183105469,58.95000076293945,57.36000061035156,58.15999984741211,48.188018798828125,354700
2015-09-11,57.91999816894531,58.38999938964844,57.400001525878906,58.380001068115234,48.370304107666016,255400
2015-09-14,58.29999923706055,58.29999923706055,56.9900016784668,57.40999984741211,47.56660461425781,927200
2015-09-15,57.7400016784668,58.029998779296875,57.2599983215332,57.90999984741211,47.98088455200195,550000
2015-09-16,58.06999969482422,58.849998474121094,57.9900016784668,58.689998626708984,48.627159118652344,399600
2015-09-17,58.41999816894531,58.5099983215332,57.220001220703125,57.650001525878906,47.765480041503906,1159800
2015-09-18,56.650001525878906,57.09000015258789,55.7599983215332,56.119998931884766,46.4977912902832,2270700
2015-09-21,56.43000030517578,57.040000915527344,56.040000915527344,56.41999816894531,46.74635696411133,416400
2015-09-22,55.619998931884766,56.0099983215332,55.060001373291016,55.310001373291016,45.826663970947266,337000
2015-09-23,55.56999969482422,55.650001525878906,54.150001525878906,54.2599983215332,44.95671081542969,322600
2015-09-24,53.68000030517578,54.119998931884766,53.02000045776367,53.689998626708984,44.484439849853516,471700
2015-09-25,53.689998626708984,54.029998779296875,53.18000030517578,53.400001525878906,44.244178771972656,388600
2015-09-28,52.86000061035156,52.88999938964844,52.04999923706055,52.09000015258789,43.39442825317383,344700
2015-09-29,52.09000015258789,52.849998474121094,52.0,52.41999816894531,43.669349670410156,421300
2015-09-30,52.83000183105469,53.2400016784668,52.2400016784668,52.43000030517578,43.677677154541016,545500
2015-10-01,52.52000045776367,53.0099983215332,50.95000076293945,51.869998931884766,43.211151123046875,833900
2015-10-02,51.11000061035156,53.93000030517578,50.95000076293945,53.90999984741211,44.91062545776367,475900
2015-10-05,54.310001373291016,56.97999954223633,54.130001068115234,56.7599983215332,47.28485107421875,610200
2015-10-06,56.88999938964844,57.63999938964844,54.83000183105469,57.119998931884766,47.58476257324219,378900
2015-10-07,57.380001068115234,58.5099983215332,56.88999938964844,57.58000183105469,47.967960357666016,492300
2015-10-08,56.83000183105469,59.66999816894531,56.5099983215332,59.16999816894531,49.29254913330078,571700
2015-10-09,59.209999084472656,59.54999923706055,58.459999084472656,59.459999084472656,49.53413391113281,498300
2015-10-12,59.720001220703125,59.720001220703125,58.59000015258789,58.63999938964844,48.85102081298828,405000
2015-10-13,58.189998626708984,58.810001373291016,56.68000030517578,57.5099983215332,47.9096565246582,406200
2015-10-14,57.02000045776367,57.189998626708984,55.9900016784668,56.130001068115234,46.7600212097168,656800
2015-10-15,56.11000061035156,56.86000061035156,54.58000183105469,55.40999984741211,46.16020965576172,618000
2015-10-16,55.31999969482422,55.41999816894531,53.93000030517578,54.40999984741211,45.32714080810547,821200
2015-10-19,53.939998626708984,54.439998626708984,53.81999969482422,54.290000915527344,45.22718811035156,471000
2015-10-20,54.189998626708984,55.13999938964844,53.709999084472656,54.970001220703125,45.793663024902344,478000
2015-10-21,55.189998626708984,55.20000076293945,54.43000030517578,54.540000915527344,45.43544387817383,433300
2015-10-22,54.84000015258789,57.15999984741211,54.84000015258789,56.7599983215332,47.28485107421875,385000
2015-10-23,57.40999984741211,58.22999954223633,57.18000030517578,58.13999938964844,48.43447494506836,421400
2015-10-26,57.93000030517578,58.31999969482422,57.720001220703125,57.9900016784668,48.309532165527344,435000
2015-10-27,57.25,57.689998626708984,56.47999954223633,56.779998779296875,47.301517486572266,371900
2015-10-28,57.099998474121094,58.81999969482422,56.900001525878906,58.810001373291016,48.992645263671875,524200
2015-10-29,58.66999816894531,59.08000183105469,58.20000076293945,58.709999084472656,48.909332275390625,518300
2015-10-30,60.75,62.95000076293945,59.790000915527344,59.810001373291016,49.82570266723633,1010700
2015-11-02,59.38999938964844,60.83000183105469,58.2400016784668,60.189998626708984,50.142276763916016,631900
2015-11-03,59.849998474121094,61.040000915527344,59.66999816894531,60.630001068115234,50.508827209472656,412700
2015-11-04,60.959999084472656,61.11000061035156,60.22999954223633,60.470001220703125,50.37553024291992,375000
2015-11-05,60.2599983215332,61.220001220703125,59.529998779296875,60.709999084472656,50.575462341308594,450500
2015-11-06,60.5099983215332,60.93000030517578,60.0,60.91999816894531,50.75040817260742,197600
2015-11-09,60.709999084472656,60.720001220703125,59.16999816894531,59.59000015258789,49.642425537109375,419800
2015-11-10,59.22999954223633,60.209999084472656,59.11000061035156,60.18000030517578,50.133941650390625,321100
2015-11-11,59.0,59.0,55.959999084472656,56.0,46.65172576904297,1118600
2015-11-12,55.599998474121094,56.630001068115234,54.560001373291016,54.619998931884766,45.5020866394043,388900
2015-11-13,54.529998779296875,55.689998626708984,54.27000045776367,54.5099983215332,45.41046905517578,479100
2015-11-16,54.290000915527344,55.08000183105469,54.0099983215332,55.0099983215332,45.82700729370117,463500
2015-11-17,55.08000183105469,55.34000015258789,53.779998779296875,54.029998779296875,45.01058578491211,628500
2015-11-18,54.15999984741211,54.97999954223633,53.66999816894531,54.91999816894531,45.752017974853516,686300
2015-11-19,54.869998931884766,55.599998474121094,54.38999938964844,55.5099983215332,46.2435188293457,372500
2015-11-20,55.75,56.33000183105469,55.630001068115234,56.27000045776367,46.87665557861328,342000
2015-11-23,56.060001373291016,56.849998474121094,55.529998779296875,55.66999816894531,46.3768310546875,239800
2015-11-24,55.529998779296875,56.630001068115234,55.27000045776367,56.209999084472656,46.82666015625,299900
2015-11-25,56.380001068115234,56.869998931884766,56.290000915527344,56.310001373291016,46.909969329833984,229500
2015-11-27,56.36000061035156,56.720001220703125,55.810001373291016,56.40999984741211,46.9932746887207,87200
2015-11-30,56.529998779296875,57.20000076293945,56.25,56.45000076293945,47.026611328125,332300
2015-12-01,56.349998474121094,56.88999938964844,55.95000076293945,56.38999938964844,46.97662353515625,246700
2015-12-02,56.18000030517578,56.849998474121094,55.91999816894531,56.04999923706055,46.69338607788086,350100
2015-12-03,56.20000076293945,56.720001220703125,55.099998474121094,55.54999923706055,46.27684020996094,591600
2015-12-04,55.38999938964844,56.06999969482422,55.06999969482422,55.4900016784668,46.22685623168945,335000
2015-12-07,55.16999816894531,55.400001525878906,54.040000915527344,54.689998626708984,45.56041717529297,438900
2015-12-08,53.900001525878906,54.15999984741211,53.11000061035156,53.5,44.56905746459961,579000
2015-12-09,53.439998626708984,54.560001373291016,53.099998474121094,54.099998474121094,45.06889343261719,665000
2015-12-10,53.9900016784668,54.77000045776367,53.630001068115234,54.220001220703125,45.16887283325195,395200
2015-12-11,53.72999954223633,54.18000030517578,53.31999969482422,53.52000045776367,44.585723876953125,472100
2015-12-14,53.4900016784668,54.18000030517578,52.66999816894531,53.790000915527344,44.810646057128906,615500
2015-12-15,53.290000915527344,53.9900016784668,51.650001525878906,51.90999984741211,43.24448776245117,643100
2015-12-16,52.02000045776367,52.349998474121094,51.130001068115234,51.84000015258789,43.18617630004883,539200
2015-12-17,51.959999084472656,51.959999084472656,50.369998931884766,50.400001525878906,41.98655319213867,600700
2015-12-18,50.02000045776367,50.52000045776367,49.709999084472656,50.33000183105469,41.92824172973633,1291100
2015-12-21,50.290000915527344,51.150001525878906,50.290000915527344,50.869998931884766,42.37810134887695,334900
2015-12-22,51.04999923706055,52.08000183105469,50.779998779296875,51.790000915527344,43.14451599121094,312100
2015-12-23,52.189998626708984,53.529998779296875,51.790000915527344,52.90999984741211,44.077552795410156,354100
2015-12-24,52.68000030517578,53.47999954223633,52.63999938964844,52.75,43.94426727294922,101800
2015-12-28,52.380001068115234,52.75,51.7599983215332,51.9900016784668,43.31112289428711,270300
2015-12-29,51.9900016784668,52.59000015258789,51.66999816894531,52.540000915527344,44.040382385253906,322300
2015-12-30,52.290000915527344,52.869998931884766,51.439998626708984,52.400001525878906,43.923030853271484,196900
2015-12-31,52.09000015258789,52.779998779296875,51.88999938964844,51.88999938964844,43.49553298950195,224000
2016-01-04,51.029998779296875,52.15999984741211,50.97999954223633,51.939998626708984,43.537452697753906,566300
2016-01-05,51.52000045776367,52.02000045776367,51.150001525878906,51.77000045776367,43.394954681396484,524800
2016-01-06,51.029998779296875,51.4900016784668,50.84000015258789,51.22999954223633,42.94230651855469,459000
2016-01-07,50.470001220703125,50.7599983215332,49.900001525878906,50.029998779296875,41.93643569946289,393700
2016-01-08,50.20000076293945,51.459999084472656,49.29999923706055,49.380001068115234,41.39159393310547,488000
2016-01-11,49.529998779296875,49.779998779296875,48.88999938964844,49.540000915527344,41.525699615478516,460100
2016-01-12,49.84000015258789,50.40999984741211,48.91999816894531,49.97999954223633,41.894527435302734,609500
2016-01-13,50.18000030517578,50.849998474121094,48.41999816894531,48.4900016784668,40.64557647705078,468300
2016-01-14,48.529998779296875,49.47999954223633,47.41999816894531,49.310001373291016,41.332908630371094,614900
2016-01-15,47.970001220703125,52.34000015258789,47.7400016784668,48.16999816894531,40.37733840942383,574200
2016-01-19,48.459999084472656,48.779998779296875,46.91999816894531,47.369998931884766,39.70676040649414,574600
2016-01-20,46.52000045776367,47.630001068115234,45.540000915527344,46.97999954223633,39.37984848022461,465300
2016-01-21,46.38999938964844,46.38999938964844,46.38999938964844,46.38999938964844,38.885292053222656,745400
2016-01-22,47.099998474121094,47.439998626708984,45.7599983215332,46.970001220703125,39.3714599609375,660300
2016-01-25,46.869998931884766,49.20000076293945,46.869998931884766,47.630001068115234,39.92469787597656,1509900
2016-01-26,48.09000015258789,51.189998626708984,47.5,50.7599983215332,42.548336029052734,1104500
2016-01-27,50.529998779296875,52.20000076293945,49.880001068115234,50.59000015258789,42.40584945678711,834100
2016-01-28,51.11000061035156,52.15999984741211,50.790000915527344,51.72999954223633,43.361419677734375,1107300
2016-01-29,51.7599983215332,53.36000061035156,51.7599983215332,53.2400016784668,44.627132415771484,3687600
2016-02-01,52.849998474121094,53.029998779296875,51.369998931884766,52.36000061035156,43.88949203491211,580300
2016-02-02,51.709999084472656,52.619998931884766,51.22999954223633,51.529998779296875,43.19377899169922,476900
2016-02-03,52.119998931884766,53.099998474121094,51.060001373291016,52.630001068115234,44.115821838378906,1067200
2016-02-04,52.369998931884766,54.619998931884766,52.369998931884766,54.029998779296875,45.28934097290039,1540300
2016-02-05,53.7400016784668,54.59000015258789,53.43000030517578,54.060001373291016,45.314483642578125,477800
2016-02-08,53.720001220703125,55.63999938964844,53.220001220703125,55.400001525878906,46.437713623046875,1004100
2016-02-09,54.650001525878906,56.79999923706055,54.650001525878906,56.189998626708984,47.09990692138672,899000
2016-02-10,56.56999969482422,56.970001220703125,55.709999084472656,55.72999954223633,46.714324951171875,839500
2016-02-11,54.91999816894531,56.29999923706055,53.9900016784668,54.52000045776367,45.700077056884766,844700
2016-02-12,55.0,56.400001525878906,54.560001373291016,55.779998779296875,46.75624084472656,545100
2016-02-16,56.810001373291016,57.310001373291016,55.849998474121094,57.02000045776367,47.7956428527832,457100
2016-02-17,57.599998474121094,58.72999954223633,57.4900016784668,58.13999938964844,48.734432220458984,609300
2016-02-18,58.33000183105469,58.619998931884766,55.790000915527344,58.58000183105469,49.10326385498047,537900
2016-02-19,57.959999084472656,58.54999923706055,57.75,58.279998779296875,48.8517951965332,619600
2016-02-22,59.11000061035156,59.2400016784668,57.720001220703125,58.189998626708984,48.776363372802734,666800
2016-02-23,57.43000030517578,58.08000183105469,54.56999969482422,54.7599983215332,45.901241302490234,1277900
2016-02-24,53.91999816894531,54.90999984741211,53.20000076293945,54.86000061035156,45.98506546020508,580900
2016-02-25,54.95000076293945,55.31999969482422,53.58000183105469,54.849998474121094,45.976688385009766,623700
2016-02-26,55.36000061035156,55.470001220703125,53.65999984741211,54.31999969482422,45.53243637084961,928700
2016-02-29,54.5,55.68000030517578,54.08000183105469,54.56999969482422,45.741981506347656,786200
2016-03-01,54.75,56.209999084472656,53.959999084472656,55.849998474121094,46.814918518066406,701300
2016-03-02,55.83000183105469,56.83000183105469,55.72999954223633,56.77000045776367,47.586082458496094,466300
2016-03-03,56.52000045776367,57.459999084472656,56.5099983215332,56.93000030517578,47.72019577026367,430300
2016-03-04,57.0099983215332,57.45000076293945,55.86000061035156,56.970001220703125,47.753719329833984,456100
2016-03-07,56.68000030517578,57.97999954223633,56.459999084472656,57.88999938964844,48.52489471435547,612900
2016-03-08,57.29999923706055,57.97999954223633,57.04999923706055,57.369998931884766,48.08901596069336,504900
2016-03-09,57.779998779296875,57.779998779296875,57.11000061035156,57.47999954223633,48.18122482299805,327400
2016-03-10,57.70000076293945,57.77000045776367,56.970001220703125,57.459999084472656,48.164459228515625,376200
2016-03-11,57.880001068115234,58.63999938964844,57.720001220703125,58.290000915527344,48.86018753051758,545800
2016-03-14,57.91999816894531,58.220001220703125,57.20000076293945,57.220001220703125,47.963279724121094,416500
2016-03-15,56.68000030517578,56.77000045776367,55.90999984741211,56.650001525878906,47.48548889160156,492900
2016-03-16,56.779998779296875,58.36000061035156,56.459999084472656,58.11000061035156,48.709293365478516,399700
2016-03-17,58.27000045776367,60.2400016784668,57.97999954223633,59.5,49.874427795410156,420200
2016-03-18,59.2400016784668,59.9900016784668,59.2400016784668,59.630001068115234,49.9834098815918,676400
2016-03-21,59.400001525878906,59.77000045776367,58.86000061035156,59.439998626708984,49.82415771484375,255600
2016-03-22,59.18000030517578,60.220001220703125,58.20000076293945,59.34000015258789,49.740325927734375,658300
2016-03-23,59.16999816894531,59.25,57.810001373291016,57.869998931884766,48.50811767578125,334600
2016-03-24,57.31999969482422,58.040000915527344,56.81999969482422,57.90999984741211,48.54166793823242,422000
2016-03-28,57.93000030517578,58.060001373291016,56.849998474121094,57.060001373291016,47.82917022705078,399500
2016-03-29,56.4900016784668,58.099998474121094,56.31999969482422,58.040000915527344,48.92500686645508,377600
2016-03-30,58.5,58.689998626708984,57.91999816894531,58.20000076293945,49.05988311767578,253100
2016-03-31,58.060001373291016,58.79999923706055,58.0099983215332,58.56999969482422,49.37177658081055,536500
2016-04-01,58.209999084472656,58.779998779296875,57.66999816894531,58.61000061035156,49.405479431152344,326100
2016-04-04,59.720001220703125,60.150001525878906,58.900001525878906,59.189998626708984,49.89440155029297,585300
2016-04-05,58.68000030517578,58.81999969482422,57.59000015258789,57.900001525878906,48.8069953918457,407600
2016-04-06,57.68000030517578,58.0099983215332,56.61000061035156,57.650001525878906,48.596256256103516,430900
2016-04-07,57.310001373291016,57.720001220703125,56.45000076293945,56.939998626708984,47.99775314331055,348800
2016-04-08,57.45000076293945,58.61000061035156,57.040000915527344,58.18000030517578,49.04302215576172,405200
2016-04-11,58.560001373291016,59.459999084472656,57.619998931884766,58.849998474121094,49.6077995300293,393600
2016-04-12,58.9900016784668,59.77000045776367,58.790000915527344,59.18000030517578,49.88597106933594,268400
2016-04-13,59.27000045776367,60.189998626708984,59.13999938964844,59.970001220703125,50.55189895629883,659700
2016-04-14,59.95000076293945,59.95000076293945,59.290000915527344,59.5099983215332,50.16413497924805,301700
2016-04-15,59.59000015258789,60.08000183105469,59.38999938964844,59.959999084472656,50.5434684753418,537800
2016-04-18,59.52000045776367,60.29999923706055,58.880001068115234,60.189998626708984,50.73735809326172,654000
2016-04-19,61.5,64.79000091552734,60.61000061035156,62.08000183105469,52.33052062988281,1447300
2016-04-20,62.83000183105469,63.04999923706055,61.90999984741211,61.97999954223633,52.24623489379883,736300
2016-04-21,62.40999984741211,63.18000030517578,62.06999969482422,62.36000061035156,52.566558837890625,900900
2016-04-22,62.36000061035156,63.20000076293945,62.36000061035156,62.91999816894531,53.03862380981445,495000
2016-04-25,62.849998474121094,63.029998779296875,61.779998779296875,61.79999923706055,52.094512939453125,866900
2016-04-26,61.56999969482422,63.20000076293945,61.47999954223633,63.189998626708984,53.26622009277344,552700
2016-04-27,63.0,64.11000061035156,62.79999923706055,63.97999954223633,53.932159423828125,513100
2016-04-28,63.869998931884766,64.01000213623047,63.060001373291016,63.13999938964844,53.22406005859375,493200
2016-04-29,63.15999984741211,63.97999954223633,62.290000915527344,62.66999816894531,52.827880859375,1419200
2016-05-02,62.63999938964844,62.959999084472656,61.7599983215332,62.650001525878906,52.81101608276367,545900
2016-05-03,62.40999984741211,62.72999954223633,61.470001220703125,62.279998779296875,52.49912643432617,514400
2016-05-04,61.970001220703125,62.459999084472656,60.380001068115234,60.56999969482422,51.05768585205078,844400
2016-05-05,60.849998474121094,61.459999084472656,60.2599983215332,60.380001068115234,50.897518157958984,488200
2016-05-06,60.15999984741211,60.630001068115234,59.689998626708984,60.439998626708984,50.94807815551758,507400
2016-05-09,60.34000015258789,60.459999084472656,59.61000061035156,59.790000915527344,50.400169372558594,442200
2016-05-10,60.2400016784668,61.20000076293945,59.56999969482422,61.18000030517578,51.57188415527344,347100
2016-05-11,61.0,61.29999923706055,60.099998474121094,61.0099983215332,51.428565979003906,563700
2016-05-12,61.31999969482422,62.25,61.18000030517578,61.349998474121094,51.71517562866211,513200
2016-05-13,60.959999084472656,61.41999816894531,59.9900016784668,60.209999084472656,50.75423049926758,377300
2016-05-16,60.5099983215332,61.220001220703125,59.970001220703125,60.220001220703125,50.762638092041016,433600
2016-05-17,60.060001373291016,61.04999923706055,59.7599983215332,60.06999969482422,50.636199951171875,429600
2016-05-18,59.65999984741211,59.9900016784668,58.790000915527344,58.9900016784668,49.72581481933594,395400
2016-05-19,58.47999954223633,59.16999816894531,57.72999954223633,58.209999084472656,49.068294525146484,386800
2016-05-20,58.529998779296875,59.470001220703125,58.529998779296875,59.0099983215332,49.742671966552734,288700
2016-05-23,58.790000915527344,59.56999969482422,58.61000061035156,59.310001373291016,49.995567321777344,312700
2016-05-24,59.63999938964844,60.099998474121094,59.5099983215332,59.9900016784668,50.56877136230469,297400
2016-05-25,60.15999984741211,61.400001525878906,60.15999984741211,60.97999954223633,51.40328598022461,283300
2016-05-26,61.220001220703125,61.72999954223633,60.189998626708984,60.36000061035156,50.880653381347656,339100
2016-05-27,60.29999923706055,60.68000030517578,60.130001068115234,60.220001220703125,50.762638092041016,245500
2016-05-31,60.279998779296875,60.97999954223633,59.9900016784668,60.18000030517578,50.728919982910156,356700
2016-06-01,60.16999816894531,60.63999938964844,59.540000915527344,60.40999984741211,50.92280578613281,374600
2016-06-02,60.25,61.040000915527344,60.11000061035156,60.880001068115234,51.31900405883789,310900
2016-06-03,60.93000030517578,60.9900016784668,59.9900016784668,60.20000076293945,50.745784759521484,447100
2016-06-06,60.41999816894531,61.84000015258789,60.29999923706055,61.68000030517578,51.99335479736328,745900
2016-06-07,61.849998474121094,62.25,61.720001220703125,61.7400016784668,52.0439338684082,268900
2016-06-08,61.91999816894531,62.5099983215332,61.58000183105469,61.63999938964844,51.95963668823242,367100
2016-06-09,61.06999969482422,61.59000015258789,60.779998779296875,61.119998931884766,51.52130126953125,268100
2016-06-10,60.34000015258789,61.189998626708984,60.029998779296875,60.43000030517578,50.93967056274414,282000
2016-06-13,60.029998779296875,60.91999816894531,59.599998474121094,59.90999984741211,50.50133514404297,661800
2016-06-14,59.709999084472656,60.529998779296875,59.40999984741211,59.779998779296875,50.391754150390625,378900
2016-06-15,60.029998779296875,60.33000183105469,59.619998931884766,59.68000030517578,50.30744171142578,363400
2016-06-16,59.18000030517578,59.91999816894531,58.810001373291016,59.63999938964844,50.273738861083984,485100
2016-06-17,59.630001068115234,60.47999954223633,59.560001373291016,60.0,50.57719039916992,703700
2016-06-20,60.689998626708984,61.2599983215332,60.41999816894531,60.45000076293945,50.956520080566406,363500
2016-06-21,60.31999969482422,60.459999084472656,59.310001373291016,59.65999984741211,50.29059600830078,740100
2016-06-22,59.939998626708984,60.380001068115234,59.720001220703125,59.7400016784668,50.358036041259766,388700
2016-06-23,60.27000045776367,61.060001373291016,60.27000045776367,60.7599983215332,51.217838287353516,519800
2016-06-24,58.599998474121094,59.36000061035156,57.310001373291016,57.7599983215332,48.68897247314453,1618400
2016-06-27,57.220001220703125,57.65999984741211,56.02000045776367,56.470001220703125,47.60157012939453,635300
2016-06-28,56.47999954223633,59.09000015258789,56.47999954223633,56.97999954223633,48.30521011352539,532100
2016-06-29,57.72999954223633,58.29999923706055,57.5099983215332,57.959999084472656,49.13600540161133,589500
2016-06-30,58.0,59.119998931884766,57.91999816894531,59.08000183105469,50.08549880981445,575400
2016-07-01,58.970001220703125,59.65999984741211,58.84000015258789,58.959999084472656,49.9837760925293,332300
2016-07-05,58.529998779296875,59.16999816894531,57.459999084472656,58.0,49.169921875,365300
2016-07-06,57.7599983215332,58.029998779296875,57.400001525878906,57.9900016784668,49.16144943237305,502000
2016-07-07,58.20000076293945,59.11000061035156,58.150001525878906,58.43000030517578,49.53445816040039,298500
2016-07-08,59.029998779296875,59.880001068115234,59.029998779296875,59.560001373291016,50.492408752441406,384800
2016-07-11,59.619998931884766,60.13999938964844,59.5,59.68000030517578,50.59415054321289,410700
2016-07-12,60.119998931884766,60.61000061035156,59.66999816894531,60.36000061035156,51.17061996459961,418700
2016-07-13,60.5,60.86000061035156,60.2599983215332,60.709999084472656,51.46733474731445,300900
2016-07-14,61.0,61.75,60.9900016784668,61.5,52.13706588745117,406500
2016-07-15,61.31999969482422,61.77000045776367,61.22999954223633,61.40999984741211,52.060768127441406,302500
2016-07-18,61.220001220703125,61.41999816894531,60.75,60.939998626708984,51.66232681274414,218900
2016-07-19,60.689998626708984,61.349998474121094,60.54999923706055,61.279998779296875,51.95056915283203,306700
2016-07-20,60.70000076293945,61.13999938964844,60.189998626708984,60.58000183105469,51.35714340209961,650000
2016-07-21,60.59000015258789,60.709999084472656,59.91999816894531,60.619998931884766,51.39104461669922,752400
2016-07-22,60.45000076293945,61.75,60.08000183105469,61.54999923706055,52.1794548034668,948200
2016-07-25,61.15999984741211,63.209999084472656,60.689998626708984,62.540000915527344,53.018741607666016,1169500
2016-07-26,62.540000915527344,64.2300033569336,62.470001220703125,62.720001220703125,53.17132568359375,705300
2016-07-27,62.970001220703125,63.29999923706055,61.86000061035156,61.970001220703125,52.53550720214844,515700
2016-07-28,62.029998779296875,62.06999969482422,61.27000045776367,61.72999954223633,52.332061767578125,454600
2016-07-29,61.77000045776367,62.5099983215332,61.209999084472656,62.060001373291016,52.61180877685547,744500
2016-08-01,61.970001220703125,62.20000076293945,61.2599983215332,61.529998779296875,52.16250228881836,427000
2016-08-02,61.61000061035156,61.79999923706055,60.349998474121094,60.45000076293945,51.246925354003906,431600
2016-08-03,60.5,61.59000015258789,60.41999816894531,61.59000015258789,52.2133674621582,581300
2016-08-04,61.459999084472656,62.5,61.459999084472656,62.099998474121094,52.64573287963867,423200
2016-08-05,62.33000183105469,63.08000183105469,62.33000183105469,62.779998779296875,53.22220230102539,422100
2016-08-08,62.9900016784668,63.88999938964844,62.4900016784668,63.81999969482422,54.10386276245117,467900
2016-08-09,63.66999816894531,64.25,63.439998626708984,64.22000122070312,54.44297409057617,503000
2016-08-10,64.44000244140625,64.66000366210938,64.20999908447266,64.41999816894531,54.612518310546875,378400
2016-08-11,64.77999877929688,64.98999786376953,64.16999816894531,64.68000030517578,54.832942962646484,462400
2016-08-12,64.41000366210938,64.44999694824219,63.869998931884766,64.20999908447266,54.43449020385742,242200
2016-08-15,64.2699966430664,65.33000183105469,64.2699966430664,65.0,55.10422134399414,346600
2016-08-16,64.91999816894531,65.19000244140625,64.72000122070312,64.83000183105469,54.96010208129883,164600
2016-08-17,64.9000015258789,64.97000122070312,64.48999786376953,64.80000305175781,54.934669494628906,268000
2016-08-18,64.69000244140625,65.0,64.58999633789062,64.91000366210938,55.027915954589844,217100
2016-08-19,64.69000244140625,65.0199966430664,64.30999755859375,64.93000030517578,55.044883728027344,267900
2016-08-22,64.63999938964844,64.87999725341797,64.06999969482422,64.6500015258789,54.80751419067383,251200
2016-08-23,64.76000213623047,65.23999786376953,64.66000366210938,64.9000015258789,55.01943588256836,249400
2016-08-24,64.7300033569336,65.0,64.06999969482422,64.16000366210938,54.39210891723633,319800
2016-08-25,63.939998626708984,64.66999816894531,63.63999938964844,64.23999786376953,54.45991134643555,242800
2016-08-26,64.18000030517578,64.94999694824219,63.68000030517578,63.79999923706055,54.086910247802734,314000
2016-08-29,63.849998474121094,64.41999816894531,63.70000076293945,64.2300033569336,54.451454162597656,123000
2016-08-30,64.36000061035156,64.5199966430664,63.959999084472656,64.20999908447266,54.43449020385742,88800
2016-08-31,64.19000244140625,64.29000091552734,63.4900016784668,63.560001373291016,53.88344955444336,233100
2016-09-01,63.689998626708984,63.75,62.939998626708984,63.56999969482422,53.89191436767578,238500
2016-09-02,63.9900016784668,64.5199966430664,63.959999084472656,64.22000122070312,54.44297409057617,203000
2016-09-06,64.11000061035156,64.4800033569336,63.790000915527344,63.91999816894531,54.18864440917969,184700
2016-09-07,63.72999954223633,64.2699966430664,63.65999984741211,64.16000366210938,54.39210891723633,215100
2016-09-08,63.95000076293945,64.27999877929688,63.54999923706055,63.720001220703125,54.019100189208984,190200
2016-09-09,63.18000030517578,63.5,61.720001220703125,61.75,52.34901428222656,263800
2016-09-12,61.2400016784668,62.45000076293945,61.09000015258789,62.0,52.560943603515625,412600
2016-09-13,61.459999084472656,61.900001525878906,60.31999969482422,60.45000076293945,51.246925354003906,341200
2016-09-14,60.5099983215332,60.52000045776367,59.70000076293945,60.09000015258789,50.94172668457031,507500
2016-09-15,60.13999938964844,61.150001525878906,60.13999938964844,60.869998931884766,51.60298156738281,256100
2016-09-16,60.290000915527344,61.0,60.130001068115234,60.7400016784668,51.49277114868164,490700
2016-09-19,60.939998626708984,61.560001373291016,60.84000015258789,61.130001068115234,51.823402404785156,341500
2016-09-20,61.52000045776367,61.689998626708984,60.779998779296875,60.790000915527344,51.53517150878906,245400
2016-09-21,61.099998474121094,61.81999969482422,60.849998474121094,61.790000915527344,52.38291931152344,618200
2016-09-22,62.310001373291016,62.56999969482422,61.79999923706055,62.08000183105469,52.62876892089844,497500
2016-09-23,61.689998626708984,62.31999969482422,61.689998626708984,61.79999923706055,52.39140319824219,299100
2016-09-26,61.66999816894531,62.150001525878906,60.0099983215332,61.52000045776367,52.15402603149414,290400
2016-09-27,61.5,62.08000183105469,61.36000061035156,61.95000076293945,52.51856231689453,200100
2016-09-28,61.560001373291016,62.97999954223633,61.560001373291016,62.939998626708984,53.6348991394043,316300
2016-09-29,62.970001220703125,63.27000045776367,61.93000030517578,62.18000030517578,52.987247467041016,215200
2016-09-30,61.95000076293945,62.880001068115234,59.27000045776367,62.619998931884766,53.36219787597656,298500
2016-10-03,62.33000183105469,63.310001373291016,62.2400016784668,62.88999938964844,53.592281341552734,364400
2016-10-04,63.060001373291016,63.56999969482422,62.15999984741211,62.41999816894531,53.1917610168457,245900
2016-10-05,62.7400016784668,63.400001525878906,62.22999954223633,63.08000183105469,53.75419616699219,299200
2016-10-06,63.029998779296875,64.08999633789062,62.900001525878906,63.93000030517578,54.4785270690918,276100
2016-10-07,63.869998931884766,63.959999084472656,62.91999816894531,63.15999984741211,53.82236862182617,230900
2016-10-10,63.2400016784668,63.88999938964844,62.7400016784668,62.880001068115234,53.58376693725586,214200
2016-10-11,62.72999954223633,62.7400016784668,61.400001525878906,61.79999923706055,52.66343307495117,304300
2016-10-12,62.02000045776367,62.63999938964844,61.83000183105469,62.38999938964844,53.16620635986328,192600
2016-10-13,61.779998779296875,62.08000183105469,61.52000045776367,61.939998626708984,52.78273010253906,206800
2016-10-14,62.34000015258789,62.959999084472656,61.790000915527344,61.81999969482422,52.680484771728516,258100
2016-10-17,61.63999938964844,61.939998626708984,61.220001220703125,61.470001220703125,52.3822135925293,253300
2016-10-18,62.18000030517578,62.18000030517578,61.040000915527344,61.209999084472656,52.16065979003906,247900
2016-10-19,61.52000045776367,62.650001525878906,61.52000045776367,62.15999984741211,52.9702033996582,251600
2016-10-20,61.77000045776367,63.349998474121094,61.77000045776367,62.97999954223633,53.66896057128906,532000
2016-10-21,64.0,67.44000244140625,63.29999923706055,66.69000244140625,56.83047866821289,1524700
2016-10-24,65.76000213623047,66.61000061035156,64.26000213623047,64.97000122070312,55.36478042602539,982300
2016-10-25,65.12999725341797,65.18000030517578,64.47000122070312,64.73999786376953,55.16878890991211,592200
2016-10-26,64.55999755859375,66.20999908447266,64.4000015258789,65.69000244140625,55.97832489013672,541300
2016-10-27,65.80000305175781,65.87999725341797,64.83999633789062,65.45999908447266,55.7823371887207,372200
2016-10-28,65.37999725341797,66.02999877929688,65.04000091552734,65.5,55.81642150878906,334300
2016-10-31,65.75,66.54000091552734,65.52999877929688,65.83000183105469,56.09763717651367,878000
2016-11-01,65.88999938964844,66.05999755859375,64.38999938964844,64.75,55.17729949951172,460800
2016-11-02,64.72000122070312,64.87999725341797,63.4900016784668,63.54999923706055,54.154701232910156,386100
2016-11-03,63.790000915527344,64.52999877929688,63.63999938964844,64.0,54.53818130493164,263000
2016-11-04,64.23999786376953,65.56999969482422,64.19000244140625,64.62000274658203,55.06653594970703,287000
2016-11-07,65.48999786376953,66.55000305175781,65.44999694824219,66.33000183105469,56.523704528808594,318700
2016-11-08,66.01000213623047,66.94999694824219,65.75,66.5,56.668575286865234,350100
2016-11-09,65.94999694824219,70.81999969482422,65.94999694824219,70.0999984741211,59.73634719848633,833400
2016-11-10,70.5999984741211,75.98999786376953,70.37999725341797,74.80000305175781,63.741519927978516,1700000
2016-11-11,74.2699966430664,75.7300033569336,73.81999969482422,74.76000213623047,63.7074089050293,1218400
2016-11-14,75.30999755859375,78.08000183105469,74.01000213623047,78.05000305175781,66.5110092163086,746400
2016-11-15,76.52999877929688,76.9000015258789,75.5999984741211,75.86000061035156,64.644775390625,714900
2016-11-16,75.18000030517578,75.91000366210938,74.12999725341797,75.7699966430664,64.56807708740234,532100
2016-11-17,75.58000183105469,75.8499984741211,75.0999984741211,75.77999877929688,64.57662200927734,315000
2016-11-18,75.66000366210938,75.69000244140625,75.04000091552734,75.30999755859375,64.17610931396484,332400
2016-11-21,74.80000305175781,75.94000244140625,71.62000274658203,75.0999984741211,63.99711990356445,543000
2016-11-22,74.76000213623047,75.79000091552734,74.58999633789062,75.66999816894531,64.48287200927734,424500
2016-11-23,75.95999908447266,77.11000061035156,75.5999984741211,76.80999755859375,65.454345703125,340900
2016-11-25,76.77999877929688,77.26000213623047,76.5199966430664,77.18000030517578,65.76963806152344,124100
2016-11-28,76.87000274658203,77.54000091552734,76.45999908447266,77.04000091552734,65.65033721923828,315600
2016-11-29,77.18000030517578,78.0999984741211,75.63999938964844,77.23999786376953,65.82075500488281,385400
2016-11-30,77.83999633789062,79.77999877929688,77.77999877929688,78.51000213623047,66.90302276611328,856400
2016-12-01,79.0,80.56999969482422,77.36000061035156,80.0199966430664,68.18976593017578,604000
2016-12-02,80.0199966430664,80.12999725341797,77.80000305175781,78.01000213623047,66.47692108154297,396600
2016-12-05,78.3499984741211,78.83999633789062,77.94000244140625,78.63999938964844,67.01377868652344,309400
2016-12-06,78.69000244140625,78.88999938964844,75.80000305175781,78.77999877929688,67.13309478759766,242900
2016-12-07,78.9800033569336,80.41000366210938,78.55999755859375,80.36000061035156,68.4794921875,368900
2016-12-08,79.11000061035156,80.04000091552734,78.77999877929688,79.30999755859375,67.58473205566406,343600
2016-12-09,79.4000015258789,79.94000244140625,78.87999725341797,79.83000183105469,68.0278549194336,299600
2016-12-12,79.83999633789062,80.37999725341797,79.13999938964844,79.43000030517578,67.68698120117188,199700
2016-12-13,79.73999786376953,80.3499984741211,78.51000213623047,79.44999694824219,67.70401763916016,313200
2016-12-14,79.29000091552734,79.94999694824219,78.38999938964844,78.5199966430664,66.91151428222656,318400
2016-12-15,78.93000030517578,79.58999633789062,78.13999938964844,79.04000091552734,67.35466003417969,245700
2016-12-16,78.91000366210938,79.47000122070312,78.44000244140625,78.54000091552734,66.9285659790039,1333500
2016-12-19,78.30000305175781,79.58000183105469,78.19000244140625,79.5,67.74664306640625,247700
2016-12-20,79.97000122070312,80.52999877929688,79.13999938964844,80.01000213623047,68.1812515258789,403400
2016-12-21,79.80000305175781,79.80000305175781,78.25,78.31999969482422,66.74110412597656,261100
2016-12-22,78.30000305175781,78.52999877929688,77.55999755859375,78.1500015258789,66.59622955322266,396100
2016-12-23,78.04000091552734,78.43000030517578,77.69000244140625,78.16999816894531,66.61328125,222800
2016-12-27,78.30000305175781,79.0,78.27999877929688,78.81999969482422,67.16716766357422,130700
2016-12-28,78.63999938964844,78.63999938964844,76.41000366210938,76.61000061035156,65.5750503540039,370100
2016-12-29,76.76000213623047,77.63999938964844,76.30000305175781,76.79000091552734,65.72915649414062,235200
2016-12-30,76.72000122070312,77.5,76.47000122070312,76.66999816894531,65.62645721435547,249100
2017-01-03,77.33999633789062,78.44999694824219,76.73999786376953,77.91000366210938,66.68783569335938,383500
2017-01-04,78.2300033569336,79.20999908447266,78.1500015258789,78.61000061035156,67.2870101928711,424100
2017-01-05,78.69999694824219,79.12000274658203,77.37000274658203,77.8499984741211,66.63648986816406,449100
2017-01-06,77.56999969482422,78.79000091552734,77.41000366210938,78.29000091552734,67.01309204101562,301900
2017-01-09,78.5199966430664,78.55999755859375,77.77999877929688,78.0,66.76486206054688,331200
2017-01-10,78.31999969482422,79.70999908447266,78.05000305175781,79.37000274658203,67.93753814697266,350400
2017-01-11,79.2699966430664,80.93000030517578,75.86000061035156,80.38999938964844,68.81060791015625,613400
2017-01-12,80.19000244140625,80.19000244140625,78.52999877929688,79.94000244140625,68.42542266845703,238800
2017-01-13,80.26000213623047,81.33000183105469,77.68000030517578,81.12000274658203,69.43547821044922,290200
2017-01-17,80.66999816894531,81.0999984741211,80.1500015258789,80.44000244140625,68.85342407226562,300500
2017-01-18,80.33999633789062,81.05999755859375,80.33999633789062,80.62999725341797,69.01604461669922,254100
2017-01-19,80.91000366210938,81.48999786376953,79.9800033569336,80.55999755859375,68.95613098144531,343400
2017-01-20,80.7699966430664,81.11000061035156,80.1500015258789,80.6500015258789,69.0331802368164,204400
2017-01-23,80.4800033569336,80.9000015258789,80.19999694824219,80.66999816894531,69.05028533935547,333000
2017-01-24,80.79000091552734,83.47000122070312,80.43000030517578,83.25,71.25867462158203,415700
2017-01-25,83.5,85.12999725341797,83.08999633789062,84.83999633789062,72.61965942382812,590000
2017-01-26,84.69999694824219,84.9800033569336,83.79000091552734,83.98999786376953,71.89205169677734,284000
2017-01-27,83.68000030517578,84.55000305175781,83.55999755859375,83.76000213623047,71.69520568847656,274900
2017-01-30,83.41999816894531,84.06999969482422,82.68000030517578,83.91999816894531,71.83216094970703,371800
2017-01-31,83.73999786376953,84.36000061035156,82.83000183105469,83.37000274658203,71.36138153076172,1190400
2017-02-01,83.75,84.08000183105469,82.0999984741211,82.91000366210938,70.96764373779297,400100
2017-02-02,82.80999755859375,83.08000183105469,81.48999786376953,81.83000183105469,70.04319763183594,407900
2017-02-03,82.33999633789062,83.3499984741211,81.75,83.1500015258789,71.17306518554688,463000
2017-02-06,82.91999816894531,83.41000366210938,82.0199966430664,82.80999755859375,70.88203430175781,282400
2017-02-07,82.7699966430664,83.80000305175781,82.69999694824219,83.16999816894531,71.19017791748047,330600
2017-02-08,82.91000366210938,82.91999816894531,81.62000274658203,81.79000091552734,70.00894927978516,541600
2017-02-09,82.2699966430664,82.94000244140625,81.63999938964844,82.8499984741211,70.91626739501953,430600
2017-02-10,83.0999984741211,83.58999633789062,82.33000183105469,83.33999633789062,71.33568572998047,503400
2017-02-13,83.5,84.5999984741211,83.33999633789062,83.69999694824219,71.64385986328125,509200
2017-02-14,83.69999694824219,84.37000274658203,81.38999938964844,83.87000274658203,71.78937530517578,394200
2017-02-15,84.5,86.0999984741211,83.91999816894531,85.7300033569336,73.38143920898438,591300
2017-02-16,85.2300033569336,85.9800033569336,85.08000183105469,85.58000183105469,73.2530517578125,290300
2017-02-17,84.97000122070312,85.44000244140625,84.58000183105469,85.43000030517578,73.12466430664062,314500
2017-02-21,85.37999725341797,85.7699966430664,84.5,85.45999908447266,73.15033721923828,239700
2017-02-22,85.12000274658203,85.98999786376953,84.8499984741211,85.30000305175781,73.01337432861328,275100
2017-02-23,85.68000030517578,85.68000030517578,83.4000015258789,83.76000213623047,71.69520568847656,354900
2017-02-24,82.86000061035156,84.26000213623047,82.41999816894531,84.19000244140625,72.06327056884766,260300
2017-02-27,84.19000244140625,85.41000366210938,83.48999786376953,85.38999938964844,73.09042358398438,327000
2017-02-28,85.4000015258789,85.4000015258789,84.1500015258789,84.20999908447266,72.08038330078125,395400
2017-03-01,85.33000183105469,87.7300033569336,82.51000213623047,87.54000091552734,74.93073272705078,546500
2017-03-02,87.54000091552734,87.68000030517578,85.3499984741211,85.4800033569336,73.16746520996094,316300
2017-03-03,85.7300033569336,87.69000244140625,85.7300033569336,87.16000366210938,74.60547637939453,693000
2017-03-06,86.44999694824219,87.12999725341797,86.12999725341797,86.7699966430664,74.27165222167969,312600
2017-03-07,86.61000061035156,86.94000244140625,86.16000366210938,86.43000030517578,73.9805908203125,314200
2017-03-08,86.68000030517578,87.4800033569336,86.05000305175781,86.1500015258789,73.74093627929688,309000
2017-03-09,85.79000091552734,86.25,84.69000244140625,85.06999969482422,72.8165054321289,264800
2017-03-10,85.76000213623047,86.43000030517578,85.12000274658203,86.36000061035156,73.92070007324219,193100
2017-03-13,86.33000183105469,87.18000030517578,86.33000183105469,87.04000091552734,74.50275421142578,174900
2017-03-14,86.37999725341797,86.54000091552734,85.44000244140625,86.27999877929688,73.85222625732422,233400
2017-03-15,86.37999725341797,88.41999816894531,86.37999725341797,88.1500015258789,75.45287322998047,215100
2017-03-16,88.4000015258789,88.4000015258789,87.44999694824219,87.83000183105469,75.17894744873047,173400
2017-03-17,88.01000213623047,88.7300033569336,87.51000213623047,88.47000122070312,75.72679138183594,395200
2017-03-20,88.55000305175781,88.62000274658203,87.5,87.87000274658203,75.21317291259766,190100
2017-03-21,88.19999694824219,88.72000122070312,85.62000274658203,85.88999938964844,73.51837921142578,322900
2017-03-22,85.70999908447266,86.19999694824219,84.93000030517578,85.45999908447266,73.15033721923828,339600
2017-03-23,85.22000122070312,86.27999877929688,84.80000305175781,85.47000122070312,73.1589126586914,590200
2017-03-24,85.62000274658203,86.66000366210938,85.0999984741211,85.55999755859375,73.23594665527344,344500
2017-03-27,84.13999938964844,85.01000213623047,82.77999877929688,84.97000122070312,72.73091125488281,410600
2017-03-28,84.72000122070312,86.62999725341797,84.55999755859375,85.87999725341797,73.50983428955078,343500
2017-03-29,85.08999633789062,86.05999755859375,84.4000015258789,85.87000274658203,73.80203247070312,228800
2017-03-30,85.63999938964844,86.88999938964844,85.55999755859375,86.81999969482422,74.6185531616211,253400
2017-03-31,86.62999725341797,87.29000091552734,86.30999755859375,86.86000061035156,74.65291595458984,239400
2017-04-03,86.86000061035156,87.1500015258789,85.58000183105469,85.97000122070312,73.88799285888672,409300
2017-04-04,85.91000366210938,86.83999633789062,85.9000015258789,86.5199966430664,74.3607177734375,351900
2017-04-05,87.11000061035156,87.55000305175781,84.93000030517578,85.12999725341797,73.1660385131836,354000
2017-04-06,85.27999877929688,86.73999786376953,85.27999877929688,85.83999633789062,73.7762451171875,268500
2017-04-07,85.5999984741211,87.30999755859375,85.5999984741211,86.47000122070312,74.31770324707031,485500
2017-04-10,86.66999816894531,87.61000061035156,86.38999938964844,86.47000122070312,74.31770324707031,185200
2017-04-11,86.41999816894531,87.30000305175781,85.87000274658203,87.06999969482422,74.83342742919922,282100
2017-04-12,86.87999725341797,86.87999725341797,83.04000091552734,83.16000366210938,71.47291564941406,395800
2017-04-13,83.19999694824219,83.38999938964844,81.8499984741211,81.9000015258789,70.3899917602539,406000
2017-04-17,82.25,83.73999786376953,82.02999877929688,83.0,71.33539581298828,699600
2017-04-18,87.0,87.22000122070312,84.08999633789062,86.77999877929688,74.58416748046875,945300
2017-04-19,87.5,88.04000091552734,86.6500015258789,86.97000122070312,74.7474594116211,483200
2017-04-20,87.38999938964844,88.75,86.79000091552734,87.94999694824219,75.58973693847656,350800
2017-04-21,88.47000122070312,88.62999725341797,87.0,87.5199966430664,75.22013854980469,339100
2017-04-24,88.5,89.6500015258789,88.19999694824219,88.69000244140625,76.22576904296875,444500
2017-04-25,89.06999969482422,90.66000366210938,89.05000305175781,90.0199966430664,77.36882781982422,342700
2017-04-26,89.9800033569336,91.0999984741211,89.91000366210938,90.29000091552734,77.60086822509766,286500
2017-04-27,90.31999969482422,90.68000030517578,89.41000366210938,89.58000183105469,76.99065399169922,256300
2017-04-28,90.56999969482422,90.58000183105469,88.73999786376953,89.02999877929688,76.51795196533203,625200
2017-05-01,89.25,89.94000244140625,88.43000030517578,89.7300033569336,77.11958312988281,355300
2017-05-02,89.81999969482422,90.62999725341797,89.5999984741211,90.19000244140625,77.51496124267578,313700
2017-05-03,89.88999938964844,90.37000274658203,89.22000122070312,90.11000061035156,77.44618225097656,232400
2017-05-04,90.1500015258789,90.55000305175781,88.6500015258789,89.31999969482422,76.7671890258789,295500
2017-05-05,89.5199966430664,90.3499984741211,89.11000061035156,90.30999755859375,77.61805725097656,220800
2017-05-08,89.9800033569336,90.44000244140625,89.55000305175781,89.87000274658203,77.23992156982422,245900
2017-05-09,90.12000274658203,90.51000213623047,89.48999786376953,89.8499984741211,77.22270965576172,171500
2017-05-10,89.93000030517578,91.29000091552734,89.51000213623047,90.76000213623047,78.00480651855469,290200
2017-05-11,90.45999908447266,90.5999984741211,89.1500015258789,90.43000030517578,77.72119140625,160500
2017-05-12,90.11000061035156,90.11000061035156,88.80999755859375,88.93000030517578,76.43201446533203,165200
2017-05-15,89.30999755859375,90.08000183105469,89.16999816894531,89.26000213623047,76.71562957763672,152400
2017-05-16,89.62999725341797,89.62999725341797,88.4000015258789,88.93000030517578,76.43201446533203,217400
2017-05-17,87.38999938964844,88.12999725341797,85.70999908447266,86.4800033569336,74.32630920410156,433500
2017-05-18,86.0199966430664,87.75,85.54000091552734,87.04000091552734,74.80764770507812,237500
2017-05-19,87.58999633789062,89.41999816894531,87.58999633789062,89.1500015258789,76.62107849121094,280700
2017-05-22,89.62000274658203,89.63999938964844,88.48999786376953,89.5199966430664,76.93907928466797,225200
2017-05-23,89.81999969482422,89.91999816894531,88.18000030517578,88.86000061035156,76.37184143066406,174000
2017-05-24,88.86000061035156,89.3499984741211,88.2699966430664,88.73999786376953,76.2686996459961,242000
2017-05-25,88.94000244140625,89.81999969482422,88.44999694824219,88.86000061035156,76.37184143066406,246700
2017-05-26,88.52999877929688,88.77999877929688,88.02999877929688,88.44000244140625,76.01087951660156,245200
2017-05-30,88.52999877929688,89.4800033569336,88.37999725341797,89.19999694824219,76.66407775878906,282600
2017-05-31,89.47000122070312,89.83000183105469,87.94000244140625,89.37999725341797,76.81878662109375,362100
2017-06-01,89.9800033569336,91.9800033569336,89.48999786376953,91.77999877929688,78.88147735595703,416100
2017-06-02,91.80999755859375,92.70999908447266,91.37999725341797,91.97000122070312,79.04478454589844,218800
2017-06-05,91.66999816894531,92.69000244140625,91.44000244140625,91.94999694824219,79.02757263183594,277000
2017-06-06,91.41999816894531,91.9800033569336,90.80000305175781,91.27999877929688,78.45175170898438,150600
2017-06-07,91.51000213623047,91.55000305175781,90.4800033569336,90.81999969482422,78.05641174316406,245100
2017-06-08,90.19000244140625,93.1500015258789,89.54000091552734,92.63999938964844,79.62060546875,292500
2017-06-09,93.05999755859375,95.91999816894531,92.63999938964844,95.38999938964844,81.98414611816406,609700
2017-06-12,95.41000366210938,95.83999633789062,93.69999694824219,95.04000091552734,81.68331909179688,329400
2017-06-13,95.19999694824219,95.81999969482422,94.56999969482422,95.5199966430664,82.09587860107422,399600
2017-06-14,95.80000305175781,95.88999938964844,94.62000274658203,94.97000122070312,81.62315368652344,381100
2017-06-15,93.68000030517578,95.05000305175781,93.68000030517578,95.0199966430664,81.66614532470703,237300
2017-06-16,95.16000366210938,96.69999694824219,93.76000213623047,96.51000213623047,82.94673919677734,612100
2017-06-19,96.86000061035156,97.97000122070312,96.5199966430664,97.36000061035156,83.67730712890625,398800
2017-06-20,97.01000213623047,97.29000091552734,96.19000244140625,96.36000061035156,82.81781005859375,353900
2017-06-21,96.47000122070312,96.47000122070312,92.95999908447266,93.18000030517578,80.08472442626953,500500
2017-06-22,93.12000274658203,93.12000274658203,92.02999877929688,92.66999816894531,79.6463851928711,421900
2017-06-23,92.0999984741211,92.80000305175781,92.0,92.27999877929688,79.31120300292969,1299700
2017-06-26,92.55000305175781,92.80999755859375,91.38999938964844,91.77999877929688,78.88147735595703,542700
2017-06-27,91.72000122070312,91.72000122070312,90.91000366210938,91.27999877929688,78.45175170898438,375900
2017-06-28,91.62999725341797,92.63999938964844,91.5,92.2699966430664,79.60785675048828,447700
2017-06-29,92.5199966430664,92.91999816894531,91.0999984741211,91.73999786376953,79.1506118774414,257700
2017-06-30,91.98999786376953,92.8499984741211,91.77999877929688,92.08999633789062,79.45256042480469,653600
2017-07-03,92.58999633789062,93.23999786376953,92.0999984741211,92.44000244140625,79.75455474853516,494400
2017-07-05,92.05999755859375,92.63999938964844,91.55000305175781,92.43000030517578,79.74588775634766,506400
2017-07-06,92.19999694824219,92.81999969482422,91.44000244140625,91.95999908447266,79.34041595458984,681500
2017-07-07,92.08999633789062,92.63999938964844,91.69999694824219,92.41000366210938,79.72866821289062,489800
2017-07-10,92.33000183105469,93.55000305175781,92.05000305175781,92.94000244140625,80.1859359741211,574600
2017-07-11,93.1500015258789,93.6500015258789,92.16000366210938,93.58999633789062,80.7467041015625,766900
2017-07-12,94.33999633789062,94.97000122070312,93.52999877929688,93.61000061035156,80.76400756835938,311400
2017-07-13,93.73999786376953,93.73999786376953,92.22000122070312,92.87999725341797,80.13414764404297,408100
2017-07-14,93.19000244140625,93.94999694824219,92.70999908447266,93.3499984741211,80.53965759277344,703500
2017-07-17,93.51000213623047,93.98999786376953,93.01000213623047,93.51000213623047,80.67769622802734,574600
2017-07-18,93.45999908447266,93.66999816894531,92.76000213623047,92.97000122070312,80.2118148803711,452400
2017-07-19,93.01000213623047,94.23999786376953,92.6500015258789,94.20999908447266,81.2816162109375,748300
2017-07-20,94.1500015258789,94.30999755859375,93.3499984741211,93.38999938964844,80.57417297363281,293400
2017-07-21,93.0199966430664,93.44999694824219,92.37999725341797,93.36000061035156,80.54829406738281,238800
2017-07-24,93.29000091552734,93.5999984741211,92.72000122070312,93.47000122070312,80.64320373535156,395700
2017-07-25,84.5,91.55000305175781,84.5,87.3499984741211,75.36302947998047,1849300
2017-07-26,87.62999725341797,87.62999725341797,86.33999633789062,86.55999755859375,74.68141174316406,685800
2017-07-27,86.66000366210938,87.5999984741211,86.66000366210938,87.54000091552734,75.5269775390625,493300
2017-07-28,87.33999633789062,87.5,86.2300033569336,86.77999877929688,74.87125396728516,537900
2017-07-31,87.12000274658203,87.4800033569336,86.63999938964844,87.26000213623047,75.2853775024414,497300
2017-08-01,87.4000015258789,88.0199966430664,86.4000015258789,86.77999877929688,74.87125396728516,523100
2017-08-02,86.69999694824219,87.68000030517578,86.38999938964844,87.55999755859375,75.5442123413086,344100
2017-08-03,87.29000091552734,87.30999755859375,86.37999725341797,86.98999786376953,75.05243682861328,272600
2017-08-04,88.44000244140625,88.77999877929688,87.44000244140625,87.91000366210938,75.84618377685547,505300
2017-08-07,87.98999786376953,88.68000030517578,87.62999725341797,88.52999877929688,76.38109588623047,453700
2017-08-08,88.45999908447266,88.94999694824219,87.91999816894531,88.19999694824219,76.09640502929688,393100
2017-08-09,88.0199966430664,88.25,86.80000305175781,87.08999633789062,75.13872528076172,335500
2017-08-10,86.83999633789062,86.86000061035156,85.27999877929688,85.33999633789062,73.62886047363281,288400
2017-08-11,85.6500015258789,86.4800033569336,85.37999725341797,86.06999969482422,74.2586898803711,396200
2017-08-14,86.52999877929688,87.44000244140625,85.6500015258789,87.26000213623047,75.2853775024414,233300
2017-08-15,87.19999694824219,87.52999877929688,86.73999786376953,87.0199966430664,75.07832336425781,390800
2017-08-16,87.19999694824219,88.19000244140625,87.05999755859375,87.7699966430664,75.72538757324219,291600
2017-08-17,87.1500015258789,88.18000030517578,84.98999786376953,85.02999877929688,73.36138916015625,443000
2017-08-18,84.73999786376953,86.08000183105469,84.41000366210938,85.55999755859375,73.81869506835938,323000
2017-08-21,85.4000015258789,85.45999908447266,84.9800033569336,85.16000366210938,73.47355651855469,510700
2017-08-22,85.63999938964844,86.62000274658203,85.30999755859375,86.52999877929688,74.65557098388672,216100
2017-08-23,85.94999694824219,86.80000305175781,85.56999969482422,85.7699966430664,73.99986267089844,224200
2017-08-24,85.9800033569336,85.9800033569336,85.08999633789062,85.36000061035156,73.64613342285156,257700
2017-08-25,85.87000274658203,85.87000274658203,85.19999694824219,85.68000030517578,73.92220306396484,291300
2017-08-28,86.04000091552734,86.27999877929688,85.22000122070312,85.69999694824219,73.93944549560547,204400
2017-08-29,85.1500015258789,85.68000030517578,84.87999725341797,85.66000366210938,73.90496063232422,300300
2017-08-30,85.61000061035156,86.6500015258789,85.55000305175781,86.54000091552734,74.66419219970703,293100
2017-08-31,87.0199966430664,87.5,86.30000305175781,86.83999633789062,74.92302703857422,310500
2017-09-01,87.08999633789062,87.48999786376953,87.0,87.13999938964844,75.18184661865234,137500
2017-09-05,87.02999877929688,87.20999908447266,85.87999725341797,86.13999938964844,74.3190689086914,225800
2017-09-06,86.29000091552734,86.51000213623047,85.7699966430664,85.97000122070312,74.17240905761719,195800
2017-09-07,85.97000122070312,86.08999633789062,85.0,85.9800033569336,74.18104553222656,203100
2017-09-08,85.68000030517578,87.54000091552734,85.38999938964844,87.45999908447266,75.45794677734375,219200
2017-09-11,87.91999816894531,88.95999908447266,87.80000305175781,88.80000305175781,76.61405181884766,416800
2017-09-12,89.0,89.72000122070312,88.91999816894531,89.3499984741211,77.08858489990234,331100
2017-09-13,88.91000366210938,90.12999725341797,88.86000061035156,89.66999816894531,77.3646469116211,254600
2017-09-14,89.48999786376953,90.41000366210938,89.4000015258789,89.94999694824219,77.60623931884766,233900
2017-09-15,89.94000244140625,90.94999694824219,89.87999725341797,90.66999816894531,78.2274169921875,454900
2017-09-18,90.7300033569336,91.5999984741211,90.7300033569336,91.41999816894531,78.87451171875,320900
2017-09-19,91.41000366210938,92.19000244140625,90.98999786376953,91.7699966430664,79.17647552490234,289800
2017-09-20,91.68000030517578,93.4800033569336,91.45999908447266,93.37000274658203,80.55690002441406,430800
2017-09-21,93.05000305175781,93.26000213623047,92.41000366210938,92.5,79.80630493164062,199700
2017-09-22,92.48999786376953,92.93000030517578,92.1500015258789,92.83999633789062,80.09962463378906,192500
2017-09-25,92.66999816894531,93.13999938964844,92.16000366210938,93.06999969482422,80.298095703125,336700
2017-09-26,93.30999755859375,93.36000061035156,91.2300033569336,91.31999969482422,78.78825378417969,370700
2017-09-27,91.56999969482422,92.33000183105469,90.73999786376953,91.93000030517578,79.31450653076172,493000
2017-09-28,91.56999969482422,92.0199966430664,91.2300033569336,91.80000305175781,79.50506591796875,231800
2017-09-29,91.77999877929688,92.19999694824219,91.5999984741211,91.68000030517578,79.40113830566406,283700
2017-10-02,91.5999984741211,93.02999877929688,91.54000091552734,92.9800033569336,80.52700805664062,278600
2017-10-03,92.97000122070312,94.11000061035156,92.54000091552734,94.0,81.41040802001953,440600
2017-10-04,93.80999755859375,94.31999969482422,93.76000213623047,94.11000061035156,81.50566101074219,441500
2017-10-05,94.29000091552734,94.66999816894531,93.87999725341797,94.13999938964844,81.53166961669922,269900
2017-10-06,94.05999755859375,94.80000305175781,93.87000274658203,94.12000274658203,81.51433563232422,398900
2017-10-09,94.12000274658203,95.0,93.68000030517578,93.98999786376953,81.40174102783203,222400
2017-10-10,94.30999755859375,94.62999725341797,93.3499984741211,93.83999633789062,81.27182006835938,154000
2017-10-11,93.83000183105469,94.26000213623047,93.77999877929688,93.97000122070312,81.38443756103516,241300
2017-10-12,94.05000305175781,94.62000274658203,93.8499984741211,94.18000030517578,81.56629943847656,262000
2017-10-13,94.81999969482422,95.26000213623047,94.30999755859375,94.43000030517578,81.78282165527344,183400
2017-10-16,94.69000244140625,95.22000122070312,94.41000366210938,94.87000274658203,82.16388702392578,189200
2017-10-17,94.86000061035156,94.93000030517578,94.30000305175781,94.44000244140625,81.79147338867188,155700
2017-10-18,95.19999694824219,95.6500015258789,94.73999786376953,94.98999786376953,82.26783752441406,204700
2017-10-19,94.66999816894531,94.94999694824219,94.04000091552734,94.72000122070312,82.03397369384766,374300
2017-10-20,95.31999969482422,96.23999786376953,95.31999969482422,95.9000015258789,83.05592346191406,390500
2017-10-23,95.8499984741211,97.7699966430664,95.58000183105469,97.20999908447266,84.19049072265625,363300
2017-10-24,97.83000183105469,99.58999633789062,97.72000122070312,98.38999938964844,85.21246337890625,423000
2017-10-25,97.94000244140625,97.94000244140625,95.98999786376953,97.26000213623047,84.23377990722656,400100
2017-10-26,97.52999877929688,99.02999877929688,96.9800033569336,98.68000030517578,85.46361541748047,523000
2017-10-27,96.20999908447266,96.87000274658203,90.54000091552734,92.3499984741211,79.98139953613281,785400
2017-10-30,92.26000213623047,93.22000122070312,90.51000213623047,90.55000305175781,78.42247009277344,714200
2017-10-31,91.61000061035156,92.30999755859375,90.48999786376953,91.66999816894531,79.3924789428711,518100
2017-11-01,92.51000213623047,93.41000366210938,90.98999786376953,91.02999877929688,78.83817291259766,399400
2017-11-02,91.30000305175781,91.9000015258789,90.54000091552734,91.3499984741211,79.11532592773438,267700
2017-11-03,91.45999908447266,91.97000122070312,89.77999877929688,89.81999969482422,77.79022216796875,536500
2017-11-06,89.44999694824219,89.69999694824219,87.4800033569336,89.48999786376953,77.50443267822266,582200
2017-11-07,89.58999633789062,90.0,87.80000305175781,88.25,76.43051147460938,240200
2017-11-08,88.31999969482422,88.83999633789062,86.97000122070312,87.22000122070312,75.53844451904297,313300
2017-11-09,86.55000305175781,86.93000030517578,85.66000366210938,86.5,74.91490936279297,431600
2017-11-10,86.25,87.05000305175781,85.94999694824219,86.70999908447266,75.09676361083984,327500
2017-11-13,86.33000183105469,86.80999755859375,86.05000305175781,86.33999633789062,74.77632904052734,402400
2017-11-14,85.95999908447266,86.68000030517578,85.55000305175781,86.37999725341797,74.81095123291016,307400
2017-11-15,85.88999938964844,86.44000244140625,85.23999786376953,85.87999725341797,74.37792205810547,384100
2017-11-16,86.29000091552734,88.37999725341797,86.29000091552734,87.95999908447266,76.17935180664062,498400
2017-11-17,87.86000061035156,89.1500015258789,87.63999938964844,88.47000122070312,76.62104797363281,380900
2017-11-20,88.61000061035156,89.08000183105469,88.2699966430664,88.88999938964844,76.98480987548828,180300
2017-11-21,89.04000091552734,89.19999694824219,88.01000213623047,88.08999633789062,76.29195404052734,339700
2017-11-22,88.19999694824219,88.27999877929688,86.69000244140625,87.69999694824219,75.95417022705078,339600
2017-11-24,87.97000122070312,88.19000244140625,87.22000122070312,87.61000061035156,75.8762435913086,88600
2017-11-27,87.62000274658203,88.2699966430664,87.37999725341797,88.19000244140625,76.37855529785156,388800
2017-11-28,88.4000015258789,90.0,88.4000015258789,89.79000091552734,77.76426696777344,295100
2017-11-29,89.81999969482422,90.58999633789062,89.12999725341797,89.66000366210938,77.65167236328125,262200
2017-11-30,89.94999694824219,91.80000305175781,89.94999694824219,91.13999938964844,78.9334487915039,396800
2017-12-01,91.19000244140625,91.4000015258789,87.97000122070312,90.41000366210938,78.30120849609375,269600
2017-12-04,91.5999984741211,93.51000213623047,90.58999633789062,90.83000183105469,78.66497802734375,568000
2017-12-05,91.02999877929688,91.02999877929688,89.80000305175781,90.44000244140625,78.32720947265625,426000
2017-12-06,90.02999877929688,91.52999877929688,90.0,90.93000030517578,78.75157165527344,264700
2017-12-07,90.61000061035156,91.44999694824219,90.41999816894531,91.0999984741211,78.89878845214844,300500
2017-12-08,91.37999725341797,92.76000213623047,90.94999694824219,92.38999938964844,80.01603698730469,415400
2017-12-11,92.08999633789062,92.44999694824219,91.02999877929688,92.29000091552734,79.92941284179688,387300
2017-12-12,92.0,92.36000061035156,90.69999694824219,90.88999938964844,78.71693420410156,296300
2017-12-13,90.70999908447266,92.61000061035156,90.37999725341797,91.44000244140625,79.19324493408203,429800
2017-12-14,91.70999908447266,92.06999969482422,89.48999786376953,89.81999969482422,77.79022216796875,507100
2017-12-15,90.4000015258789,91.91000366210938,90.05999755859375,90.37000274658203,78.2665786743164,827100
2017-12-18,91.11000061035156,91.77999877929688,90.51000213623047,90.91000366210938,78.73426055908203,376100
2017-12-19,91.06999969482422,91.66999816894531,90.73999786376953,90.87999725341797,78.70828247070312,302200
2017-12-20,90.98999786376953,91.44000244140625,90.58999633789062,90.95999908447266,78.7775650024414,663200
2017-12-21,91.22000122070312,91.52999877929688,90.62000274658203,91.08000183105469,78.8814926147461,568200
2017-12-22,91.08999633789062,91.0999984741211,90.04000091552734,90.54000091552734,78.41382598876953,329600
2017-12-26,90.45999908447266,92.0,90.45999908447266,91.44999694824219,79.20195007324219,302500
2017-12-27,91.45999908447266,92.30999755859375,91.33000183105469,91.9000015258789,79.59165954589844,212600
2017-12-28,91.80000305175781,92.0,91.12000274658203,91.86000061035156,79.89607238769531,263700
2017-12-29,92.04000091552734,92.26000213623047,91.45999908447266,91.58000183105469,79.65254211425781,316400
2018-01-02,91.7699966430664,92.66000366210938,91.66000366210938,92.16000366210938,80.15702819824219,563000
2018-01-03,92.44999694824219,92.7300033569336,91.72000122070312,92.38999938964844,80.3570556640625,360200
2018-01-04,94.5199966430664,95.55999755859375,93.75,94.3499984741211,82.06177520751953,455100
2018-01-05,94.36000061035156,95.05999755859375,93.80000305175781,94.98999786376953,82.6184310913086,303600
2018-01-08,94.97000122070312,96.73999786376953,94.87999725341797,96.36000061035156,83.80999755859375,571800
2018-01-09,96.55000305175781,96.94000244140625,95.83000183105469,96.30999755859375,83.76651000976562,307800
2018-01-10,96.29000091552734,96.48999786376953,95.06999969482422,95.72000122070312,83.25334930419922,303400
2018-01-11,96.05000305175781,97.54000091552734,95.26000213623047,97.47000122070312,84.77543640136719,501500
2018-01-12,97.7300033569336,98.58000183105469,97.2300033569336,97.87000274658203,85.12333679199219,496900
2018-01-16,99.83999633789062,100.68000030517578,98.55999755859375,99.02999877929688,86.13224029541016,659800
2018-01-17,99.4000015258789,99.58000183105469,98.44999694824219,98.54000091552734,85.70604705810547,428000
2018-01-18,98.5199966430664,99.48999786376953,98.47000122070312,98.91999816894531,86.03656768798828,289900
2018-01-19,99.45999908447266,100.1500015258789,99.26000213623047,100.01000213623047,86.98461151123047,373700
2018-01-22,99.62000274658203,100.23999786376953,98.86000061035156,100.12999725341797,87.08901977539062,249600
2018-01-23,100.0999984741211,100.62000274658203,99.5999984741211,99.80999755859375,86.8106460571289,437100
2018-01-24,100.36000061035156,101.33999633789062,99.45999908447266,100.08999633789062,87.05420684814453,523300
2018-01-25,100.05000305175781,100.11000061035156,98.44999694824219,99.81999969482422,86.81937408447266,489900
2018-01-26,100.02999877929688,100.29000091552734,99.01000213623047,99.56999969482422,86.6019058227539,394800
2018-01-29,99.2300033569336,100.30000305175781,99.0999984741211,99.22000122070312,86.2975082397461,237900
2018-01-30,98.5,99.19999694824219,97.55999755859375,98.66999816894531,85.81913757324219,339600
2018-01-31,99.0999984741211,99.25,97.3499984741211,97.56999969482422,84.8624038696289,730900
2018-02-01,97.66999816894531,99.05000305175781,97.04000091552734,97.86000061035156,85.11463165283203,268400
2018-02-02,97.12000274658203,97.16000366210938,94.61000061035156,95.05999755859375,82.67930603027344,387200
2018-02-05,93.87000274658203,94.54000091552734,89.8499984741211,90.48999786376953,78.70450592041016,476600
2018-02-06,89.0999984741211,91.4800033569336,87.37999725341797,90.6500015258789,78.84366607666016,809200
2018-02-07,90.22000122070312,91.5999984741211,89.88999938964844,90.0,78.2783432006836,400600
2018-02-08,90.05000305175781,90.05000305175781,86.41000366210938,86.44000244140625,75.18197631835938,410200
2018-02-09,87.30999755859375,87.9000015258789,83.7699966430664,86.81999969482422,75.51245880126953,702100
2018-02-12,86.76000213623047,89.05000305175781,86.76000213623047,88.58000183105469,77.04325866699219,569000
2018-02-13,88.23999786376953,89.19999694824219,87.0999984741211,89.08000183105469,77.4781494140625,451400
2018-02-14,86.87999725341797,91.0999984741211,85.27999877929688,90.51000213623047,78.7219009399414,1182100
2018-02-15,91.61000061035156,93.5,91.61000061035156,93.41000366210938,81.24420928955078,698700
2018-02-16,93.30000305175781,94.05000305175781,91.16000366210938,91.23999786376953,79.35682678222656,498200
2018-02-20,90.62000274658203,91.94000244140625,89.87999725341797,90.20999908447266,78.46097564697266,531200
2018-02-21,90.52999877929688,92.0999984741211,90.2699966430664,90.69999694824219,78.88716888427734,564600
2018-02-22,91.2300033569336,92.7300033569336,91.19999694824219,91.44999694824219,79.53948211669922,396500
2018-02-23,92.19999694824219,92.19999694824219,90.30999755859375,91.56999969482422,79.64383697509766,275500
2018-02-26,91.75,91.7699966430664,90.20999908447266,91.30000305175781,79.40900421142578,364400
2018-02-27,91.26000213623047,91.52999877929688,89.5,89.52999877929688,77.8695297241211,361500
2018-02-28,89.77999877929688,90.29000091552734,87.48999786376953,87.54000091552734,76.13873291015625,539400
2018-03-01,87.75,88.26000213623047,85.55999755859375,86.31999969482422,75.07760620117188,436100
2018-03-02,85.5999984741211,86.87000274658203,85.01000213623047,86.7300033569336,75.4342269897461,347900
2018-03-05,86.36000061035156,88.41999816894531,86.2699966430664,88.05000305175781,76.58229064941406,307600
2018-03-06,88.56999969482422,89.68000030517578,87.93000030517578,89.45999908447266,77.80865478515625,434900
2018-03-07,88.3499984741211,90.08999633789062,88.3499984741211,89.8499984741211,78.14784240722656,375400
2018-03-08,90.16000366210938,91.73999786376953,89.44999694824219,91.31999969482422,79.42638397216797,639500
2018-03-09,91.70999908447266,93.75,91.12000274658203,93.12999725341797,81.00066375732422,342100
2018-03-12,93.41999816894531,93.91999816894531,92.5199966430664,93.06999969482422,80.948486328125,371200
2018-03-13,95.0,95.5199966430664,93.48999786376953,93.77999877929688,81.56603240966797,901900
2018-03-14,93.91000366210938,95.36000061035156,87.08000183105469,92.38999938964844,80.3570556640625,303500
2018-03-15,92.68000030517578,93.83999633789062,91.7300033569336,92.20999908447266,80.20050048828125,319000
2018-03-16,92.20999908447266,93.62999725341797,92.0,93.30999755859375,81.15721893310547,488400
2018-03-19,92.80000305175781,93.7699966430664,91.98999786376953,93.52999877929688,81.34858703613281,383900
2018-03-20,93.52999877929688,95.19999694824219,92.95999908447266,93.23999786376953,81.0963363647461,306100
2018-03-21,93.12000274658203,94.7300033569336,93.06999969482422,94.22000122070312,81.94869995117188,186900
2018-03-22,93.19999694824219,94.16999816894531,90.5999984741211,90.77999877929688,78.95675659179688,288400
2018-03-23,90.76000213623047,90.76000213623047,88.79000091552734,88.91000366210938,77.33028411865234,235400
2018-03-26,90.30000305175781,91.31999969482422,89.31999969482422,91.26000213623047,79.37422943115234,215900
2018-03-27,91.44000244140625,92.31999969482422,88.83999633789062,89.44000244140625,77.791259765625,256900
2018-03-28,89.37000274658203,90.45999908447266,88.12000274658203,88.79000091552734,77.56411743164062,217800
2018-03-29,89.38999938964844,90.48999786376953,89.33000183105469,89.94999694824219,78.57745361328125,376200
2018-04-02,89.80000305175781,90.08999633789062,86.86000061035156,87.69999694824219,76.61195373535156,372200
2018-04-03,87.91999816894531,89.62000274658203,87.9000015258789,89.27999877929688,77.9921875,438300
2018-04-04,87.8499984741211,90.0,87.55000305175781,89.83999633789062,78.48135375976562,494700
2018-04-05,90.19000244140625,91.62000274658203,90.0,91.12000274658203,79.59953308105469,322600
2018-04-06,90.44000244140625,90.83000183105469,87.19000244140625,88.05999755859375,76.9264144897461,354300
2018-04-09,88.45999908447266,89.16999816894531,87.83999633789062,87.91999816894531,76.80410766601562,336400
2018-04-10,89.3499984741211,90.95999908447266,89.1500015258789,90.33000183105469,78.90943145751953,303400
2018-04-11,89.94000244140625,90.36000061035156,89.16999816894531,89.66000366210938,78.32412719726562,269100
2018-04-12,90.58999633789062,91.55000305175781,90.04000091552734,90.7300033569336,79.25885772705078,316500
2018-04-13,91.13999938964844,91.55000305175781,89.81999969482422,90.30999755859375,78.8919448852539,511700
2018-04-16,91.06999969482422,91.80999755859375,90.63999938964844,91.48999786376953,79.92273712158203,412700
2018-04-17,92.4000015258789,93.18000030517578,91.72000122070312,92.77999877929688,81.0496597290039,333200
2018-04-18,93.0,93.9000015258789,92.5999984741211,92.98999786376953,81.2331314086914,247400
2018-04-19,92.94000244140625,93.23999786376953,92.01000213623047,92.95999908447266,81.20692443847656,375000
2018-04-20,92.95999908447266,93.16000366210938,91.69000244140625,92.62000274658203,80.90990447998047,482000
2018-04-23,91.69999694824219,93.06999969482422,86.7699966430664,86.83999633789062,75.86066436767578,914000
2018-04-24,86.87000274658203,89.43000030517578,83.30000305175781,85.54000091552734,74.72501373291016,1106600
2018-04-25,85.55000305175781,85.9800033569336,83.58000183105469,85.05000305175781,74.2969970703125,776500
2018-04-26,85.1500015258789,85.61000061035156,83.37000274658203,84.77999877929688,74.06110382080078,663800
2018-04-27,84.44999694824219,84.54000091552734,83.4000015258789,84.20999908447266,73.5632095336914,356800
2018-04-30,84.3499984741211,84.62000274658203,82.83999633789062,82.87000274658203,72.39261627197266,416100
2018-05-01,83.0,83.87000274658203,81.94000244140625,83.68000030517578,73.1001968383789,364200
2018-05-02,83.3499984741211,85.31999969482422,83.3499984741211,83.55999755859375,72.99535369873047,449600
2018-05-03,83.44000244140625,85.97000122070312,81.4800033569336,83.91000366210938,73.3011245727539,356000
2018-05-04,83.41999816894531,85.73999786376953,83.12000274658203,85.29000091552734,74.50665283203125,172500
2018-05-07,84.58000183105469,86.55999755859375,84.58000183105469,85.8499984741211,74.99585723876953,461500
2018-05-08,85.97000122070312,86.66000366210938,85.77999877929688,86.06999969482422,75.18803405761719,437800
2018-05-09,86.69999694824219,86.88999938964844,85.7699966430664,86.30999755859375,75.39768981933594,327500
2018-05-10,86.41000366210938,87.33999633789062,86.3499984741211,86.81999969482422,75.84320831298828,221600
2018-05-11,87.0199966430664,88.2300033569336,86.80999755859375,87.79000091552734,76.6905746459961,474500
2018-05-14,88.18000030517578,88.80000305175781,87.79000091552734,87.97000122070312,76.84781646728516,598700
2018-05-15,87.44000244140625,88.25,87.0199966430664,88.19000244140625,77.04000091552734,223800
2018-05-16,88.0999984741211,89.05000305175781,87.86000061035156,88.19999694824219,77.04873657226562,244500
2018-05-17,89.0,89.19999694824219,88.5,88.80999755859375,77.58159637451172,271700
2018-05-18,88.63999938964844,89.54000091552734,88.63999938964844,89.25,77.96595001220703,255200
2018-05-21,89.75,91.2699966430664,89.68000030517578,91.0999984741211,79.58206176757812,259700
2018-05-22,91.41000366210938,91.61000061035156,89.58999633789062,89.73999786376953,78.39401245117188,301900
2018-05-23,89.20999908447266,89.56999969482422,88.5,89.23999786376953,77.95723724365234,201400
2018-05-24,89.25,89.66999816894531,88.66000366210938,89.26000213623047,77.97471618652344,165900
2018-05-25,88.77999877929688,89.19000244140625,87.75,88.1500015258789,77.00505828857422,133500
2018-05-29,87.51000213623047,88.22000122070312,86.44999694824219,87.30999755859375,76.271240234375,428300
2018-05-30,87.4800033569336,90.81999969482422,87.47000122070312,90.7300033569336,79.25885772705078,585600
2018-05-31,90.41000366210938,91.12999725341797,89.29000091552734,89.5999984741211,78.27172088623047,582100
2018-06-01,90.3499984741211,91.93000030517578,90.27999877929688,90.69000244140625,79.22389221191406,481100
2018-06-04,90.93000030517578,91.83000183105469,90.48999786376953,90.81999969482422,79.33747100830078,577100
2018-06-05,90.70999908447266,91.72000122070312,90.70999908447266,91.5199966430664,79.94896697998047,371500
2018-06-06,91.66999816894531,92.48999786376953,91.18000030517578,92.12999725341797,80.4818344116211,452700
2018-06-07,92.36000061035156,93.37999725341797,92.30999755859375,93.0,81.24185180664062,342100
2018-06-08,92.87999725341797,93.5199966430664,92.87999725341797,93.4000015258789,81.59129333496094,537900
2018-06-11,93.37000274658203,94.38999938964844,92.83000183105469,92.94000244140625,81.18944549560547,369500
2018-06-12,92.98999786376953,93.62000274658203,92.44000244140625,93.56999969482422,81.73979187011719,267100
2018-06-13,93.62000274658203,93.62000274658203,92.66000366210938,92.70999908447266,80.98851776123047,320700
2018-06-14,93.05000305175781,93.61000061035156,92.98999786376953,93.30000305175781,81.50392150878906,239000
2018-06-15,92.73999786376953,93.43000030517578,92.27999877929688,93.37000274658203,81.5650634765625,551100
2018-06-18,92.41999816894531,93.33999633789062,92.41999816894531,93.18000030517578,81.39909362792969,265100
2018-06-19,92.26000213623047,92.76000213623047,90.26000213623047,90.94999694824219,79.45101928710938,326000
2018-06-20,91.72000122070312,92.25,90.0,90.94999694824219,79.45101928710938,206200
2018-06-21,90.62999725341797,90.66999816894531,88.61000061035156,89.01000213623047,77.7563247680664,375600
2018-06-22,89.70999908447266,90.13999938964844,88.45999908447266,88.61000061035156,77.40689086914062,474100
2018-06-25,88.16999816894531,89.44000244140625,86.7300033569336,87.23999786376953,76.21011352539062,384800
2018-06-26,87.0999984741211,87.73999786376953,86.83000183105469,87.16000366210938,76.1402359008789,396300
2018-06-27,87.25,89.1500015258789,86.6500015258789,86.9000015258789,75.9130859375,481700
2018-06-28,86.58999633789062,87.27999877929688,85.66000366210938,86.70999908447266,76.08857727050781,351000
2018-06-29,86.95999908447266,88.6500015258789,86.95999908447266,87.76000213623047,77.00997924804688,434300
2018-07-02,86.83000183105469,88.04000091552734,86.2699966430664,87.23999786376953,76.55368041992188,242700
2018-07-03,87.62999725341797,87.8499984741211,86.77999877929688,86.94000244140625,76.2904052734375,167800
2018-07-05,87.66999816894531,87.69000244140625,86.55000305175781,87.44999694824219,76.73796081542969,346000
2018-07-06,87.66999816894531,88.16000366210938,86.77999877929688,87.75,77.00118255615234,224400
2018-07-09,88.08999633789062,89.73999786376953,88.08999633789062,89.61000061035156,78.63336944580078,188500
2018-07-10,89.94999694824219,90.75,89.30999755859375,90.13999938964844,79.09841918945312,202200
2018-07-11,89.31999969482422,89.73999786376953,88.56999969482422,89.08999633789062,78.17704010009766,239000
2018-07-12,89.29000091552734,89.7300033569336,88.69999694824219,89.6500015258789,78.66845703125,195400
2018-07-13,89.5,91.62999725341797,89.5,90.52999877929688,79.44066619873047,297100
2018-07-16,90.58000183105469,90.58000183105469,89.08000183105469,89.26000213623047,78.32624053955078,222800
2018-07-17,89.26000213623047,90.25,89.18000030517578,89.66000366210938,78.6772232055664,259000
2018-07-18,89.63999938964844,90.86000061035156,89.63999938964844,90.63999938964844,79.53718566894531,263400
2018-07-19,90.83999633789062,91.87999725341797,90.13999938964844,91.66000366210938,80.4322509765625,320200
2018-07-20,91.4000015258789,92.95999908447266,91.33000183105469,92.27999877929688,80.9762954711914,466700
2018-07-23,91.3499984741211,92.0,88.25,89.51000213623047,78.54560089111328,769100
2018-07-24,90.7300033569336,92.22000122070312,90.36000061035156,90.83999633789062,79.71269226074219,371700
2018-07-25,90.94000244140625,92.30000305175781,90.56999969482422,92.08999633789062,80.8095703125,413300
2018-07-26,91.91999816894531,93.66000366210938,91.91999816894531,92.98999786376953,81.5993423461914,263900
2018-07-27,93.0,93.30000305175781,91.44000244140625,92.31999969482422,81.01138305664062,282600
2018-07-30,92.43000030517578,93.73999786376953,91.7300033569336,91.75,80.51123046875,244300
2018-07-31,91.5,94.31999969482422,90.88999938964844,93.94000244140625,82.43295288085938,600700
2018-08-01,93.44999694824219,94.4800033569336,91.72000122070312,91.9800033569336,80.71302795410156,380400
2018-08-02,91.37000274658203,93.47000122070312,91.33000183105469,92.58000183105469,81.23954010009766,284100
2018-08-03,92.68000030517578,93.76000213623047,92.47000122070312,93.33000183105469,81.89766693115234,257600
2018-08-06,90.80000305175781,94.30000305175781,90.80000305175781,93.87999725341797,82.38029479980469,368200
2018-08-07,90.80000305175781,95.83000183105469,90.80000305175781,94.19999694824219,82.66110229492188,345600
2018-08-08,94.4000015258789,94.4000015258789,92.83999633789062,93.4000015258789,81.95912170410156,285300
2018-08-09,93.22000122070312,94.16000366210938,92.47000122070312,92.87000274658203,81.49403381347656,244300
2018-08-10,92.3499984741211,92.56999969482422,91.30000305175781,91.86000061035156,80.60772705078125,250500
2018-08-13,91.9800033569336,92.48999786376953,90.86000061035156,91.12999725341797,79.9671630859375,213800
2018-08-14,91.44999694824219,92.51000213623047,91.41000366210938,91.54000091552734,80.32695770263672,186000
2018-08-15,90.88999938964844,91.36000061035156,89.68000030517578,91.27999877929688,80.09880065917969,329800
2018-08-16,91.7300033569336,92.55000305175781,91.4800033569336,92.13999938964844,80.85346221923828,298200
2018-08-17,92.12000274658203,93.91999816894531,92.12000274658203,93.44999694824219,82.00298309326172,275600
2018-08-20,93.55999755859375,94.29000091552734,93.5,93.79000091552734,82.30135345458984,223900
2018-08-21,93.9800033569336,94.5199966430664,93.75,94.08999633789062,82.56458282470703,256000
2018-08-22,93.7300033569336,93.7300033569336,92.41999816894531,92.97000122070312,81.58177947998047,317100
2018-08-23,92.87999725341797,92.9000015258789,91.76000213623047,92.16999816894531,80.87979125976562,272300
2018-08-24,92.5999984741211,92.70999908447266,91.94000244140625,92.4800033569336,81.15180969238281,164000
2018-08-27,92.83000183105469,94.31999969482422,92.83000183105469,93.87000274658203,82.37153625488281,192000
2018-08-28,94.01000213623047,94.68000030517578,92.69999694824219,93.55999755859375,82.0995101928711,309500
2018-08-29,94.08000183105469,95.38999938964844,93.5199966430664,94.73999786376953,83.13496398925781,323300
2018-08-30,94.75,94.86000061035156,93.69000244140625,93.94000244140625,82.43295288085938,250900
2018-08-31,93.76000213623047,94.4800033569336,93.44999694824219,94.16000366210938,82.62602233886719,266900
2018-09-04,94.04000091552734,94.43000030517578,92.87000274658203,93.5999984741211,82.13461303710938,241400
2018-09-05,93.37000274658203,94.06999969482422,92.36000061035156,93.23999786376953,81.81868743896484,1162900
2018-09-06,93.19000244140625,93.86000061035156,92.37000274658203,92.55000305175781,81.2132339477539,767100
2018-09-07,92.2300033569336,92.4000015258789,90.72000122070312,91.44999694824219,80.24795532226562,878100
2018-09-10,91.58000183105469,93.02999877929688,91.25,92.29000091552734,80.98504638671875,1357200
2018-09-11,92.02999877929688,92.27999877929688,91.4000015258789,92.08999633789062,80.8095703125,670100
2018-09-12,92.23999786376953,93.68000030517578,91.75,93.0999984741211,81.69585418701172,851300
2018-09-13,93.76000213623047,95.18000030517578,93.69999694824219,94.52999877929688,82.95069122314453,481600
2018-09-14,94.37000274658203,95.77999877929688,94.37000274658203,95.31999969482422,83.6439208984375,500300
2018-09-17,95.30999755859375,95.93000030517578,94.45999908447266,94.86000061035156,83.24026489257812,852100
2018-09-18,94.87000274658203,95.47000122070312,93.80999755859375,95.2699966430664,83.60002899169922,716200
2018-09-19,95.54000091552734,96.68000030517578,95.54000091552734,96.11000061035156,84.3371353149414,255700
2018-09-20,96.72000122070312,97.2300033569336,96.29000091552734,97.0,85.11812591552734,330800
2018-09-21,97.30000305175781,97.93000030517578,97.22000122070312,97.62999725341797,85.67094421386719,998500
2018-09-24,97.04000091552734,97.41000366210938,94.94999694824219,96.13999938964844,84.36348724365234,541600
2018-09-25,96.47000122070312,96.66999816894531,94.97000122070312,95.13999938964844,83.4859619140625,459500
2018-09-26,95.0,95.47000122070312,94.05999755859375,94.23999786376953,82.69620513916016,303700
2018-09-27,94.0,94.79000091552734,93.48999786376953,93.94999694824219,82.7843246459961,261900
2018-09-28,93.66999816894531,94.4000015258789,93.23999786376953,93.44000244140625,82.33494567871094,438200
2018-10-01,94.0999984741211,94.88999938964844,93.38999938964844,93.83000183105469,82.67858123779297,335400
2018-10-02,93.9800033569336,94.44999694824219,93.55000305175781,94.18000030517578,82.98697662353516,636000
2018-10-03,94.73999786376953,95.55999755859375,93.97000122070312,94.62000274658203,83.37469482421875,739900
2018-10-04,94.31999969482422,94.9000015258789,93.16999816894531,93.66000366210938,82.52881622314453,169500
2018-10-05,93.68000030517578,93.9000015258789,90.83000183105469,91.62000274658203,80.73124694824219,380100
2018-10-08,90.9800033569336,91.51000213623047,89.95999908447266,90.76000213623047,79.97344207763672,261700
2018-10-09,90.7699966430664,91.0999984741211,89.81999969482422,89.91000366210938,79.2244644165039,394700
2018-10-10,89.66000366210938,89.79000091552734,85.77999877929688,85.88999938964844,75.6822280883789,665400
2018-10-11,85.77999877929688,86.38999938964844,83.2300033569336,83.41000366210938,73.49697875976562,679000
2018-10-12,84.83999633789062,85.62999725341797,82.30999755859375,83.62000274658203,73.68203735351562,462000
2018-10-15,83.47000122070312,85.30999755859375,83.20999908447266,84.54000091552734,74.49268341064453,409800
2018-10-16,85.1500015258789,87.0,84.41999816894531,86.91999816894531,76.58983612060547,396400
2018-10-17,86.63999938964844,87.38999938964844,85.4800033569336,86.98999786376953,76.65151977539062,456500
2018-10-18,86.33999633789062,86.47000122070312,83.5199966430664,83.94000244140625,73.9639663696289,519600
2018-10-19,84.05000305175781,84.36000061035156,82.31999969482422,82.76000213623047,72.92423248291016,391700
2018-10-22,83.20999908447266,83.80000305175781,82.48999786376953,83.18000030517578,73.29430389404297,262600
2018-10-23,81.5,82.88999938964844,80.27999877929688,81.88999938964844,72.15763854980469,397900
2018-10-24,81.9800033569336,83.08000183105469,77.56999969482422,77.80999755859375,68.56253051757812,767300
2018-10-25,80.52999877929688,81.22000122070312,75.69000244140625,76.16999816894531,67.11743927001953,1257700
2018-10-26,77.0199966430664,77.91999816894531,75.06999969482422,76.8499984741211,67.71662902832031,654600
2018-10-29,77.69000244140625,79.87000274658203,76.63999938964844,77.16999816894531,67.99856567382812,704500
2018-10-30,77.0999984741211,79.75,77.08000183105469,79.62999725341797,70.16619873046875,556500
2018-10-31,80.68000030517578,81.62000274658203,80.16999816894531,80.91000366210938,71.2940902709961,1305500
2018-11-01,81.0,83.27999877929688,80.79000091552734,83.08000183105469,73.20618438720703,370700
2018-11-02,83.80000305175781,84.44999694824219,83.05999755859375,84.0999984741211,74.10494995117188,486500
2018-11-05,84.11000061035156,84.87999725341797,83.29000091552734,84.04000091552734,74.05210876464844,510900
2018-11-06,83.98999786376953,85.43000030517578,83.80000305175781,85.37000274658203,75.22403717041016,333600
2018-11-07,86.0,87.5999984741211,84.88999938964844,87.26000213623047,76.88941955566406,423200
2018-11-08,86.95999908447266,87.79000091552734,86.26000213623047,86.51000213623047,76.2285385131836,278300
2018-11-09,85.61000061035156,86.0,83.30000305175781,84.75,74.6777114868164,594300
2018-11-12,84.8499984741211,84.8499984741211,83.1500015258789,83.25,73.3559799194336,513700
2018-11-13,83.55999755859375,87.97000122070312,82.87999725341797,83.2699966430664,73.37360382080078,306800
2018-11-14,83.95999908447266,84.80999755859375,82.4800033569336,82.66000366210938,72.83611297607422,487500
2018-11-15,82.01000213623047,84.11000061035156,81.25,83.93000030517578,73.95516967773438,425600
2018-11-16,83.30000305175781,84.45999908447266,81.0,84.08999633789062,74.0961685180664,218700
2018-11-19,83.80999755859375,84.0999984741211,82.36000061035156,82.62999725341797,72.8096694946289,497100
2018-11-20,81.33999633789062,82.9000015258789,80.9000015258789,81.7300033569336,72.01661682128906,350100
2018-11-21,82.19000244140625,83.38999938964844,81.7300033569336,82.55999755859375,72.74799346923828,176100
2018-11-23,81.72000122070312,82.83000183105469,81.6500015258789,81.94000244140625,72.2016830444336,96500
2018-11-26,82.62999725341797,83.86000061035156,82.36000061035156,83.83999633789062,73.8758773803711,230500
2018-11-27,83.4000015258789,83.41999816894531,81.91000366210938,82.52999877929688,72.7215576171875,204800
2018-11-28,82.95999908447266,84.91999816894531,81.98999786376953,84.81999969482422,74.7394027709961,151700
2018-11-29,84.4000015258789,85.01000213623047,83.41000366210938,84.4000015258789,74.36930847167969,191500
2018-11-30,84.51000213623047,86.23999786376953,84.19999694824219,85.94999694824219,75.73509979248047,455900
2018-12-03,86.0,88.80999755859375,85.5,86.5,76.2197494506836,288600
2018-12-04,86.62000274658203,86.62000274658203,82.2300033569336,82.41000366210938,72.6158218383789,321700
2018-12-06,81.0999984741211,82.87000274658203,79.45999908447266,82.70999908447266,72.88016510009766,332800
2018-12-07,82.33000183105469,83.58999633789062,79.87000274658203,79.97000122070312,70.4658203125,305900
2018-12-10,79.9800033569336,80.83000183105469,78.13999938964844,79.58000183105469,70.12216186523438,202700
2018-12-11,81.08000183105469,81.83000183105469,80.31999969482422,80.47000122070312,70.90638732910156,417500
2018-12-12,81.79000091552734,82.97000122070312,81.37999725341797,81.72000122070312,72.00784301757812,300900
2018-12-13,81.79000091552734,82.58999633789062,80.93000030517578,81.02999877929688,71.39981079101562,204100
2018-12-14,79.72000122070312,81.80999755859375,79.5199966430664,80.20999908447266,70.6772689819336,304800
2018-12-17,80.19999694824219,81.55999755859375,78.52999877929688,79.05999755859375,69.66395568847656,376800
2018-12-18,79.94000244140625,80.98999786376953,79.30999755859375,79.95999908447266,70.45699310302734,317600
2018-12-19,79.83999633789062,80.66999816894531,76.38999938964844,77.02999877929688,67.87523651123047,349600
2018-12-20,76.58000183105469,77.41999816894531,74.83999633789062,76.1500015258789,67.09981536865234,288900
2018-12-21,76.48999786376953,77.75,75.62000274658203,75.77999877929688,66.7738037109375,570100
2018-12-24,75.22000122070312,75.58000183105469,72.83000183105469,72.87999725341797,64.21841430664062,127000
2018-12-26,73.48999786376953,76.66000366210938,72.2699966430664,76.63999938964844,67.53157043457031,160200
2018-12-27,75.2699966430664,77.91000366210938,75.02999877929688,77.8499984741211,68.59774780273438,242900
2018-12-28,77.95999908447266,78.33000183105469,76.79000091552734,77.33000183105469,68.55343627929688,175200
2018-12-31,77.97000122070312,78.91000366210938,76.79000091552734,78.8499984741211,69.90092468261719,237300
2019-01-02,77.44999694824219,78.81999969482422,76.8499984741211,78.29000091552734,69.40449523925781,312500
2019-01-03,77.94999694824219,79.55000305175781,75.5,76.0199966430664,67.39212799072266,269200
2019-01-04,77.4000015258789,79.05000305175781,77.27999877929688,78.79000091552734,69.84772491455078,211000
2019-01-07,78.44000244140625,80.43000030517578,77.91000366210938,79.1500015258789,70.1668930053711,352000
2019-01-08,80.0199966430664,80.97000122070312,79.80000305175781,80.79000091552734,71.62074279785156,237700
2019-01-09,81.3499984741211,82.33999633789062,80.69000244140625,81.87999725341797,72.58704376220703,262200
2019-01-10,81.4800033569336,82.72000122070312,80.77999877929688,82.69000244140625,73.30510711669922,156300
2019-01-11,82.19999694824219,82.72000122070312,81.6500015258789,82.44000244140625,73.08348846435547,373500
2019-01-14,81.79000091552734,82.05000305175781,81.08000183105469,81.16000366210938,71.94876098632812,270900
2019-01-15,81.30999755859375,81.77999877929688,80.08000183105469,80.62999725341797,71.47891235351562,256800
2019-01-16,80.69999694824219,81.55000305175781,80.69999694824219,80.86000061035156,71.68280792236328,235300
2019-01-17,80.19999694824219,82.9000015258789,80.05999755859375,82.37999725341797,73.03028106689453,264200
2019-01-18,83.08999633789062,84.45999908447266,82.63999938964844,84.22000122070312,74.66144561767578,274300
2019-01-22,83.5199966430664,83.98999786376953,81.80000305175781,82.37000274658203,73.02143859863281,236600
2019-01-23,82.51000213623047,83.48999786376953,80.7699966430664,81.77999877929688,72.4983901977539,190800
2019-01-24,81.87999725341797,83.43000030517578,81.58000183105469,82.41999816894531,73.06573486328125,138800
2019-01-25,83.81999969482422,85.6500015258789,83.19999694824219,85.18000030517578,75.51248931884766,262800
2019-01-28,84.29000091552734,84.66000366210938,83.27999877929688,84.19000244140625,74.63485717773438,265200
2019-01-29,84.80000305175781,86.94000244140625,84.68000030517578,86.18000030517578,76.39898681640625,327600
2019-01-30,87.0199966430664,87.70999908447266,85.5999984741211,87.26000213623047,77.35643005371094,269900
2019-01-31,86.98999786376953,87.52999877929688,85.66999816894531,86.44000244140625,76.62950897216797,452500
2019-02-01,86.44000244140625,87.2300033569336,85.5999984741211,86.7699966430664,76.92203521728516,306700
2019-02-04,86.81999969482422,88.16000366210938,86.6500015258789,87.93000030517578,77.95039367675781,252900
2019-02-05,87.91000366210938,88.58000183105469,86.61000061035156,88.2300033569336,78.21635437011719,276300
2019-02-06,88.19999694824219,88.62999725341797,87.91000366210938,88.05999755859375,78.06563568115234,199000
2019-02-07,87.58000183105469,87.87000274658203,86.37999725341797,87.44999694824219,77.52487182617188,376800
2019-02-08,87.01000213623047,88.16999816894531,86.23999786376953,87.22000122070312,77.32096099853516,234100
2019-02-11,87.4000015258789,88.08000183105469,86.66000366210938,87.54000091552734,77.60465240478516,293600
2019-02-12,88.26000213623047,90.25,88.26000213623047,90.0,79.78546905517578,295200
2019-02-13,90.20999908447266,91.20999908447266,89.80999755859375,90.22000122070312,79.98048400878906,339500
2019-02-14,88.38999938964844,88.55000305175781,85.19000244140625,87.30000305175781,77.39189910888672,1114200
2019-02-15,87.3499984741211,90.44999694824219,85.9000015258789,88.44000244140625,78.40250396728516,490300
2019-02-19,87.9000015258789,89.55999755859375,87.77999877929688,88.5,78.45569610595703,383600
2019-02-20,88.7699966430664,89.1500015258789,88.16000366210938,89.0,78.89895629882812,267500
2019-02-21,88.51000213623047,89.08000183105469,86.91000366210938,87.54000091552734,77.60465240478516,542200
2019-02-22,87.9800033569336,88.69000244140625,87.38999938964844,88.05999755859375,78.06563568115234,310500
2019-02-25,88.56999969482422,89.25,87.70999908447266,88.61000061035156,78.55322265625,561200
2019-02-26,88.2699966430664,88.61000061035156,86.73999786376953,86.77999877929688,76.9308853149414,371100
2019-02-27,86.79000091552734,87.5199966430664,86.19000244140625,87.20999908447266,77.31208038330078,217000
2019-02-28,87.08999633789062,87.08999633789062,86.08999633789062,86.41999816894531,76.61177062988281,276400
2019-03-01,87.37000274658203,87.37000274658203,86.06999969482422,86.69000244140625,76.85111999511719,354600
2019-03-04,87.01000213623047,87.91999816894531,86.41999816894531,87.31999969482422,77.40960693359375,387500
2019-03-05,87.4800033569336,87.8499984741211,87.05999755859375,87.29000091552734,77.38301849365234,215500
2019-03-06,87.30000305175781,87.62000274658203,86.47000122070312,86.58000183105469,76.75363159179688,224500
2019-03-07,86.55000305175781,86.5999984741211,84.91000366210938,85.31999969482422,75.63661193847656,237800
2019-03-08,84.13999938964844,84.81999969482422,84.13999938964844,84.37999725341797,74.80329895019531,243100
2019-03-11,84.48999786376953,85.44000244140625,84.47000122070312,85.41000366210938,75.71640014648438,223700
2019-03-12,85.41000366210938,85.69000244140625,84.61000061035156,85.19999694824219,75.53024291992188,222800
2019-03-13,85.62999725341797,85.94999694824219,84.72000122070312,85.16999816894531,75.50363159179688,415200
2019-03-14,84.97000122070312,85.08000183105469,83.72000122070312,84.3499984741211,74.77669525146484,400200
2019-03-15,84.38999938964844,85.75,83.9800033569336,84.44999694824219,74.8653335571289,718800
2019-03-18,84.58000183105469,85.73999786376953,84.04000091552734,85.70999908447266,75.98234558105469,224700
2019-03-19,86.19999694824219,86.54000091552734,85.41000366210938,85.72000122070312,75.9912109375,266500
2019-03-20,85.52999877929688,86.25,83.94999694824219,84.37000274658203,74.79444122314453,284100
2019-03-21,84.01000213623047,85.72000122070312,84.01000213623047,85.01000213623047,75.36180114746094,245500
2019-03-22,84.5999984741211,84.62999725341797,81.44999694824219,81.51000213623047,72.25902557373047,306700
2019-03-25,81.61000061035156,82.08000183105469,81.12000274658203,81.56999969482422,72.3122329711914,217200
2019-03-26,82.33000183105469,83.19000244140625,81.9000015258789,82.5999984741211,73.22531127929688,241900
2019-03-27,82.8499984741211,83.4000015258789,82.27999877929688,83.12999725341797,73.6951675415039,262600
2019-03-28,82.91999816894531,84.20999908447266,82.81999969482422,83.44999694824219,74.39946746826172,284500
2019-03-29,84.19000244140625,84.41000366210938,83.43000030517578,83.87000274658203,74.77392578125,291100
2019-04-01,84.75,86.37999725341797,84.75,86.04000091552734,76.70858001708984,447400
2019-04-02,86.20999908447266,87.16000366210938,85.2699966430664,86.77999877929688,77.3683090209961,362000
2019-04-03,87.58999633789062,88.87999725341797,87.26000213623047,88.0,78.45602416992188,514200
2019-04-04,88.18000030517578,88.98999786376953,87.91000366210938,88.66000366210938,79.04444885253906,355700
2019-04-05,89.04000091552734,89.87000274658203,88.93000030517578,89.61000061035156,79.89140319824219,315900
2019-04-08,89.22000122070312,89.79000091552734,88.43000030517578,89.69999694824219,79.97166442871094,403100
2019-04-09,89.37000274658203,90.23999786376953,88.61000061035156,89.19000244140625,79.5169448852539,431800
2019-04-10,89.5,89.79000091552734,88.55999755859375,88.7699966430664,79.14248657226562,278100
2019-04-11,89.0,90.1500015258789,88.56999969482422,89.81999969482422,80.07860565185547,340900
2019-04-12,90.69000244140625,91.2300033569336,89.94000244140625,90.23999786376953,80.45308685302734,252800
2019-04-15,90.36000061035156,90.72000122070312,88.91000366210938,88.98999786376953,79.3386459350586,329600
2019-04-16,88.91999816894531,89.88999938964844,88.91999816894531,89.83000183105469,80.0875473022461,305400
2019-04-17,90.33000183105469,90.5999984741211,89.18000030517578,89.69999694824219,79.97166442871094,269500
2019-04-18,90.06999969482422,91.69000244140625,89.80000305175781,91.51000213623047,81.58535766601562,489000
2019-04-22,87.27999877929688,89.37999725341797,85.8499984741211,87.26000213623047,77.79627990722656,980200
2019-04-23,87.3499984741211,87.93000030517578,86.0,87.26000213623047,77.79627990722656,467900
2019-04-24,87.55999755859375,88.80000305175781,86.94999694824219,88.4000015258789,78.81265258789062,381800
2019-04-25,88.01000213623047,88.05999755859375,86.25,86.73999786376953,77.33265686035156,281800
2019-04-26,86.73999786376953,87.55000305175781,86.44000244140625,87.44999694824219,77.9656753540039,250700
2019-04-29,87.81999969482422,88.62000274658203,87.7300033569336,87.97000122070312,78.42927551269531,209400
2019-04-30,88.1500015258789,88.2699966430664,86.55000305175781,87.2699966430664,77.80516052246094,307600
2019-05-01,87.66000366210938,87.79000091552734,86.05000305175781,86.12000274658203,76.77991485595703,229000
2019-05-02,85.9800033569336,86.55000305175781,85.04000091552734,86.52999877929688,77.14544677734375,255600
2019-05-03,87.1500015258789,88.36000061035156,87.1500015258789,88.22000122070312,78.65216064453125,200500
2019-05-06,86.30999755859375,87.43000030517578,85.80999755859375,86.93000030517578,77.50206756591797,264100
2019-05-07,85.62000274658203,85.70999908447266,84.33999633789062,84.93000030517578,75.71896362304688,175200
2019-05-08,84.83999633789062,85.30000305175781,83.8499984741211,83.97000122070312,74.86310577392578,207000
2019-05-09,83.08999633789062,84.25,82.70999908447266,83.93000030517578,74.82740783691406,254000
2019-05-10,83.41000366210938,83.80999755859375,81.91000366210938,83.55999755859375,74.49755096435547,317500
2019-05-13,82.66999816894531,83.73999786376953,80.56999969482422,80.88999938964844,72.11711883544922,376400
2019-05-14,81.30000305175781,81.83999633789062,80.75,81.01000213623047,72.22412109375,473700
2019-05-15,80.37000274658203,81.69000244140625,80.20999908447266,81.19000244140625,72.38463592529297,245400
2019-05-16,81.5999984741211,82.33000183105469,80.94000244140625,81.36000061035156,72.53616333007812,326300
2019-05-17,80.44000244140625,81.12000274658203,79.5999984741211,79.6500015258789,71.0116195678711,231300
2019-05-20,79.22000122070312,80.08999633789062,78.87999725341797,79.4800033569336,70.86003875732422,280900
2019-05-21,80.12000274658203,80.97000122070312,80.01000213623047,80.58000183105469,71.84076690673828,201700
2019-05-22,80.16999816894531,80.5199966430664,79.26000213623047,79.29000091552734,70.69065856933594,206100
2019-05-23,78.43000030517578,78.75,77.01000213623047,77.5,69.09477233886719,414200
2019-05-24,78.05999755859375,78.6500015258789,77.30000305175781,77.41000366210938,69.0145492553711,213000
2019-05-28,77.44000244140625,77.9000015258789,76.61000061035156,76.69000244140625,68.3726577758789,273800
2019-05-29,76.13999938964844,77.7699966430664,76.13999938964844,77.38999938964844,68.99671173095703,247800
2019-05-30,77.6500015258789,78.44999694824219,77.0,77.55999755859375,69.14826965332031,248700
2019-05-31,76.55000305175781,76.80000305175781,75.8499984741211,75.94000244140625,67.70397186279297,273400
2019-06-03,75.6500015258789,77.62000274658203,75.6500015258789,76.94999694824219,68.60444641113281,331700
2019-06-04,77.88999938964844,80.19999694824219,77.81999969482422,80.08999633789062,71.40388488769531,239800
2019-06-05,80.20999908447266,80.9800033569336,78.98999786376953,80.91999816894531,72.14387512207031,327000
2019-06-06,81.0,81.18000030517578,78.87999725341797,79.48999786376953,70.86898040771484,304600
2019-06-07,80.0,80.76000213623047,79.72000122070312,79.87999725341797,71.21666717529297,182300
2019-06-10,80.44999694824219,80.91000366210938,80.1500015258789,80.19000244140625,71.49303436279297,221800
2019-06-11,81.04000091552734,81.91000366210938,80.1500015258789,80.51000213623047,71.7783432006836,156500
2019-06-12,80.0,81.95999908447266,77.9800033569336,78.23999786376953,69.7545394897461,440900
2019-06-13,78.38999938964844,78.88999938964844,76.70999908447266,77.4800033569336,69.07696533203125,654300
2019-06-14,77.44000244140625,77.91999816894531,76.16000366210938,77.62999725341797,69.21068572998047,329300
2019-06-17,77.30000305175781,77.98999786376953,75.56999969482422,75.73999786376953,67.52566528320312,380600
2019-06-18,76.30000305175781,79.20999908447266,76.30000305175781,78.94000244140625,70.37861633300781,496000
2019-06-19,79.0,79.70999908447266,78.58000183105469,79.37999725341797,70.7708740234375,352700
2019-06-20,80.55999755859375,81.5199966430664,79.98999786376953,81.3499984741211,72.52723693847656,383200
2019-06-21,81.05999755859375,81.05999755859375,79.52999877929688,79.55999755859375,70.93135833740234,880400
2019-06-24,79.7699966430664,80.87999725341797,79.27999877929688,79.61000061035156,70.9759292602539,288800
2019-06-25,80.12000274658203,80.81999969482422,79.66999816894531,80.16000366210938,71.46630096435547,265000
2019-06-26,80.33999633789062,80.52999877929688,79.93000030517578,80.12999725341797,71.43954467773438,319200
2019-06-27,78.52999877929688,80.41000366210938,78.3499984741211,80.33000183105469,72.04042053222656,342500
2019-06-28,80.5,82.56999969482422,80.0,82.31999969482422,73.82506561279297,623000
2019-07-01,83.75,83.9000015258789,81.98999786376953,82.30999755859375,73.81607818603516,355100
2019-07-02,82.0199966430664,82.20999908447266,81.25,81.70999908447266,73.27799224853516,395500
2019-07-03,81.94000244140625,82.86000061035156,81.80000305175781,82.76000213623047,74.21965789794922,169600
2019-07-05,82.23999786376953,82.23999786376953,81.04000091552734,82.02999877929688,73.56499481201172,165500
2019-07-08,81.45999908447266,82.01000213623047,80.31999969482422,80.55999755859375,72.2466812133789,264100
2019-07-09,80.0,80.4000015258789,79.5,80.30999755859375,72.02246856689453,294600
2019-07-10,80.6500015258789,80.80000305175781,79.4800033569336,79.97000122070312,71.71756744384766,268000
2019-07-11,79.83999633789062,80.75,79.47000122070312,80.69000244140625,72.36327362060547,374200
2019-07-12,82.66999816894531,84.37000274658203,82.0199966430664,83.54000091552734,74.9191665649414,629100
2019-07-15,83.54000091552734,84.01000213623047,82.81999969482422,83.75,75.10747528076172,565400
2019-07-16,83.75,85.25,83.0,85.0,76.2284927368164,644500
2019-07-17,84.88999938964844,86.12000274658203,84.12999725341797,84.93000030517578,76.16571807861328,704900
2019-07-18,84.5999984741211,84.73999786376953,83.47000122070312,83.87000274658203,75.21510314941406,522000
2019-07-19,84.55000305175781,85.31999969482422,83.77999877929688,84.79000091552734,76.0401840209961,567500
2019-07-22,85.0199966430664,85.70999908447266,84.8499984741211,85.16000366210938,76.37198638916016,443300
2019-07-23,85.0,88.75,83.12000274658203,88.58999633789062,79.4480209350586,1545300
2019-07-24,88.51000213623047,90.0,87.51000213623047,89.87000274658203,80.59593963623047,561700
2019-07-25,88.7699966430664,89.25,87.13999938964844,87.56999969482422,78.53328704833984,669800
2019-07-26,88.0,88.0,86.41999816894531,86.83000183105469,77.86964416503906,340900
2019-07-29,86.77999877929688,86.77999877929688,85.37000274658203,85.73999786376953,76.89212036132812,406100
2019-07-30,84.91000366210938,85.8499984741211,84.91000366210938,85.68000030517578,76.83832550048828,478300
2019-07-31,85.6500015258789,86.22000122070312,83.6500015258789,84.5199966430664,75.79803466796875,622900
2019-08-01,84.33999633789062,85.80000305175781,82.51000213623047,82.69999694824219,74.16582489013672,436100
2019-08-02,82.58000183105469,83.19999694824219,81.33000183105469,82.51000213623047,73.99543762207031,383000
2019-08-05,81.05999755859375,81.7300033569336,79.95999908447266,80.98999786376953,72.63229370117188,538300
2019-08-06,81.66000366210938,83.05999755859375,81.66000366210938,82.9000015258789,74.34519958496094,368100
2019-08-07,81.81999969482422,83.94000244140625,80.88999938964844,83.66000366210938,75.02677154541016,470600
2019-08-08,84.16999816894531,85.45999908447266,83.83999633789062,84.91000366210938,76.14779663085938,437800
2019-08-09,84.5,84.5,82.91000366210938,82.93000030517578,74.37210845947266,290400
2019-08-12,82.48999786376953,83.26000213623047,81.76000213623047,82.44999694824219,73.94163513183594,243400
2019-08-13,82.0,85.31999969482422,81.97000122070312,83.54000091552734,74.9191665649414,206900
2019-08-14,81.88999938964844,82.23999786376953,80.19000244140625,80.80000305175781,72.46192169189453,213500
2019-08-15,81.16999816894531,81.27999877929688,80.20999908447266,80.79000091552734,72.45293426513672,189000
2019-08-16,81.37000274658203,82.62999725341797,81.27999877929688,82.31999969482422,73.82506561279297,145600
2019-08-19,83.62999725341797,84.0199966430664,82.43000030517578,82.86000061035156,74.309326171875,368300
2019-08-20,82.58000183105469,82.81999969482422,81.9000015258789,82.08000183105469,73.60983276367188,216700
2019-08-21,82.91999816894531,83.22000122070312,82.44000244140625,82.6500015258789,74.12100219726562,155500
2019-08-22,82.91999816894531,83.31999969482422,82.30999755859375,82.9000015258789,74.34519958496094,138600
2019-08-23,82.62999725341797,83.08999633789062,80.76000213623047,81.06999969482422,72.70405578613281,320400
2019-08-26,82.04000091552734,82.04000091552734,79.55000305175781,80.08999633789062,71.82516479492188,362300
2019-08-27,80.87999725341797,80.9000015258789,79.33999633789062,79.61000061035156,71.39469909667969,407600
2019-08-28,79.43000030517578,80.54000091552734,78.87999725341797,79.77999877929688,71.54718017578125,406000
2019-08-29,80.91000366210938,81.69000244140625,80.54000091552734,81.4800033569336,73.07171630859375,259900
2019-08-30,82.36000061035156,82.9000015258789,81.4000015258789,82.55999755859375,74.04029083251953,489300
2019-09-03,81.80999755859375,81.94000244140625,79.0999984741211,80.75,72.41706848144531,285700
2019-09-04,81.58000183105469,81.76000213623047,80.76000213623047,81.41000366210938,73.00897216796875,265700
2019-09-05,82.27999877929688,85.06999969482422,82.27999877929688,84.2300033569336,75.53795623779297,334600
2019-09-06,84.63999938964844,85.2300033569336,83.88999938964844,84.80000305175781,76.04914093017578,278500
2019-09-09,84.87000274658203,85.77999877929688,84.41999816894531,85.69000244140625,76.84728240966797,366500
2019-09-10,85.37000274658203,87.54000091552734,85.1500015258789,87.44000244140625,78.41668701171875,354300
2019-09-11,87.7699966430664,88.33999633789062,86.12000274658203,88.11000061035156,79.017578125,302500
2019-09-12,88.06999969482422,88.80000305175781,87.25,88.5,79.3673095703125,273400
2019-09-13,89.11000061035156,90.08999633789062,88.31999969482422,89.33999633789062,80.12060546875,342700
2019-09-16,88.86000061035156,89.25,88.25,89.16000366210938,79.9592056274414,226800
2019-09-17,88.51000213623047,89.55000305175781,88.0,89.41000366210938,80.18340301513672,314700
2019-09-18,87.12000274658203,89.0999984741211,85.20999908447266,88.73999786376953,79.58253479003906,599700
2019-09-19,88.87000274658203,89.18000030517578,87.91999816894531,88.2300033569336,79.12520599365234,311600
2019-09-20,88.30999755859375,88.63999938964844,86.16000366210938,86.36000061035156,77.44815826416016,798300
2019-09-23,85.69000244140625,87.41000366210938,85.58999633789062,87.05000305175781,78.06695556640625,180000
2019-09-24,87.12000274658203,87.70999908447266,85.0999984741211,85.48999786376953,76.66793823242188,229700
2019-09-25,85.45999908447266,86.87000274658203,85.38999938964844,86.63999938964844,77.69926452636719,308200
2019-09-26,86.44999694824219,86.83000183105469,85.61000061035156,86.0999984741211,77.2149887084961,211500
2019-09-27,86.22000122070312,86.56999969482422,85.41000366210938,86.01000213623047,77.55763244628906,300600
2019-09-30,86.0199966430664,86.87999725341797,85.91000366210938,86.76000213623047,78.23394012451172,230700
2019-10-01,87.44999694824219,88.13999938964844,84.58999633789062,85.01000213623047,76.65591430664062,232600
2019-10-02,84.13999938964844,84.13999938964844,81.52999877929688,82.80999755859375,74.67212677001953,364200
2019-10-03,82.52999877929688,83.22000122070312,81.41999816894531,83.1500015258789,74.97869873046875,236100
2019-10-04,83.19999694824219,83.88999938964844,82.86000061035156,83.79000091552734,75.55581665039062,151400
2019-10-07,83.33000183105469,83.55000305175781,82.37000274658203,83.38999938964844,75.19510650634766,447000
2019-10-08,80.94999694824219,81.44000244140625,79.31999969482422,80.5999984741211,72.67928314208984,585900
2019-10-09,80.23999786376953,81.58000183105469,79.88999938964844,81.08999633789062,73.12113952636719,317600
2019-10-10,81.36000061035156,82.94000244140625,81.23999786376953,82.04000091552734,73.97779083251953,189600
2019-10-11,83.13999938964844,86.0,82.8499984741211,84.44000244140625,76.14192199707031,258500
2019-10-14,84.08999633789062,84.7300033569336,83.8499984741211,84.55000305175781,76.24113464355469,194500
2019-10-15,84.79000091552734,86.19000244140625,84.33000183105469,85.52999877929688,77.12479400634766,200200
2019-10-16,85.56999969482422,86.5,84.95999908447266,85.88999938964844,77.44942474365234,367400
2019-10-17,86.52999877929688,87.97000122070312,86.52999877929688,87.77999877929688,79.1536865234375,348300
2019-10-18,87.80000305175781,88.11000061035156,87.22000122070312,87.52999877929688,78.92826080322266,305500
2019-10-21,87.51000213623047,88.72000122070312,86.7300033569336,87.06999969482422,78.51348114013672,268700
2019-10-22,87.19000244140625,88.47000122070312,86.1500015258789,88.2300033569336,79.55950164794922,383600
2019-10-23,89.02999877929688,90.48999786376953,87.88999938964844,90.44999694824219,81.56132507324219,333400
2019-10-24,90.55000305175781,90.72000122070312,89.04000091552734,89.3499984741211,80.56939697265625,264000
2019-10-25,89.41000366210938,92.12000274658203,88.97000122070312,91.87999725341797,82.85079193115234,356100
2019-10-28,91.86000061035156,93.06999969482422,91.41999816894531,91.88999938964844,82.85979461669922,497700
2019-10-29,91.55000305175781,94.38999938964844,91.30000305175781,94.31999969482422,85.05099487304688,525100
2019-10-30,89.62000274658203,91.98999786376953,88.29000091552734,89.72000122070312,80.9030532836914,713100
2019-10-31,88.97000122070312,89.80000305175781,86.86000061035156,89.56999969482422,80.76777648925781,795900
2019-11-01,90.33999633789062,91.87999725341797,90.08000183105469,91.45999908447266,82.4720687866211,453900
2019-11-04,92.08999633789062,94.45999908447266,92.08999633789062,94.02999877929688,84.78949737548828,532700
2019-11-05,93.86000061035156,94.54000091552734,92.6500015258789,92.86000061035156,83.73448944091797,310400
2019-11-06,92.9800033569336,92.9800033569336,91.79000091552734,92.29000091552734,83.2204818725586,258300
2019-11-07,92.63999938964844,93.54000091552734,91.80000305175781,92.0199966430664,82.9770278930664,305100
2019-11-08,92.0,92.06999969482422,91.20999908447266,92.02999877929688,82.98605346679688,290800
2019-11-11,91.4800033569336,92.30999755859375,91.05999755859375,91.45999908447266,82.4720687866211,162600
2019-11-12,91.43000030517578,92.12000274658203,91.18000030517578,92.08000183105469,83.03113555908203,279400
2019-11-13,91.55000305175781,91.7300033569336,90.61000061035156,90.80000305175781,81.8769302368164,156600
2019-11-14,90.48999786376953,91.2300033569336,90.48999786376953,90.91999816894531,81.9851303100586,139800
2019-11-15,91.37999725341797,91.8499984741211,90.91999816894531,91.7699966430664,82.75159454345703,235000
2019-11-18,91.23999786376953,91.7300033569336,90.93000030517578,91.69999694824219,82.68846130371094,331000
2019-11-19,92.19999694824219,92.26000213623047,91.13999938964844,91.4000015258789,82.41797637939453,165000
2019-11-20,90.91000366210938,91.6500015258789,89.55000305175781,90.58000183105469,81.67853546142578,362200
2019-11-21,91.0,91.45999908447266,90.55999755859375,91.01000213623047,82.0662841796875,197600
2019-11-22,91.30999755859375,92.45999908447266,90.70999908447266,92.41000366210938,83.32870483398438,239700
2019-11-25,92.98999786376953,93.83999633789062,92.31999969482422,93.18000030517578,84.02304077148438,288200
2019-11-26,93.0199966430664,93.76000213623047,92.3499984741211,92.93000030517578,83.79759216308594,251900
2019-11-27,93.05999755859375,93.94999694824219,92.56999969482422,93.45999908447266,84.27552032470703,202600
2019-11-29,93.31999969482422,93.55999755859375,92.04000091552734,92.26000213623047,83.19343566894531,92500
2019-12-02,92.6500015258789,93.33999633789062,91.54000091552734,91.58999633789062,82.58927917480469,136200
2019-12-03,90.56999969482422,91.19999694824219,89.73999786376953,90.30000305175781,81.42605590820312,302400
2019-12-04,91.13999938964844,92.11000061035156,90.48999786376953,90.87999725341797,81.94905853271484,219600
2019-12-05,91.3499984741211,92.0999984741211,91.0,91.8499984741211,82.82373046875,215200
2019-12-06,93.01000213623047,93.47000122070312,92.37999725341797,92.44000244140625,83.35576629638672,244200
2019-12-09,92.70999908447266,92.77999877929688,91.66000366210938,92.23999786376953,83.17538452148438,257200
2019-12-10,91.9800033569336,93.30999755859375,91.83999633789062,92.95999908447266,83.82465362548828,247000
2019-12-11,92.87000274658203,94.8499984741211,92.30999755859375,94.61000061035156,85.31251525878906,231700
2019-12-12,94.55999755859375,96.31999969482422,93.80000305175781,95.95999908447266,86.52983856201172,237200
2019-12-13,95.77999877929688,96.55000305175781,93.80000305175781,94.25,84.98787689208984,272100
2019-12-16,95.08000183105469,96.79000091552734,94.62999725341797,95.91000366210938,86.48474884033203,434600
2019-12-17,96.30000305175781,96.66000366210938,95.43000030517578,96.0999984741211,86.65608215332031,266700
2019-12-18,96.3499984741211,96.7300033569336,95.2699966430664,96.61000061035156,87.11597442626953,230600
2019-12-19,96.80000305175781,97.0999984741211,96.1500015258789,96.7699966430664,87.26024627685547,259000
2019-12-20,96.9000015258789,97.94000244140625,96.19000244140625,97.80000305175781,88.18901824951172,1271200
2019-12-23,98.13999938964844,98.31999969482422,95.93000030517578,97.16000366210938,87.61190795898438,266800
2019-12-24,97.36000061035156,97.80999755859375,96.75,97.16000366210938,87.61190795898438,107600
2019-12-26,96.94999694824219,97.80000305175781,96.94999694824219,97.73999786376953,88.13490295410156,138400
2019-12-27,97.91000366210938,98.08999633789062,97.37000274658203,97.5199966430664,87.9365463256836,130200
2019-12-30,97.20999908447266,97.5199966430664,96.18000030517578,97.1500015258789,88.04527282714844,148700
2019-12-31,97.02999877929688,97.75,96.6500015258789,96.7300033569336,87.66465759277344,205200
2020-01-02,97.52999877929688,98.16000366210938,96.1500015258789,98.16000366210938,88.96062469482422,386500
2020-01-03,96.7300033569336,97.37000274658203,96.06999969482422,97.2300033569336,88.1177978515625,228900
2020-01-06,96.33000183105469,97.2300033569336,96.23999786376953,97.06999969482422,87.97277069091797,239900
2020-01-07,97.05999755859375,97.44999694824219,95.94000244140625,97.01000213623047,87.91840362548828,199400
2020-01-08,96.83999633789062,98.02999877929688,96.83999633789062,97.33000183105469,88.20840454101562,225300
2020-01-09,97.55999755859375,97.91000366210938,97.20999908447266,97.76000213623047,88.5981216430664,215700
2020-01-10,97.80000305175781,97.91999816894531,96.36000061035156,96.58000183105469,87.52871704101562,215100
2020-01-13,96.55000305175781,97.01000213623047,96.20999908447266,96.7300033569336,87.66465759277344,362500
2020-01-14,96.98999786376953,97.18000030517578,96.0199966430664,96.37000274658203,87.33839416503906,215200
2020-01-15,96.04000091552734,96.62000274658203,95.19000244140625,95.83999633789062,86.85804748535156,383100
2020-01-16,96.44000244140625,97.45999908447266,96.23999786376953,97.45999908447266,88.32623291015625,200600
2020-01-17,97.44999694824219,97.79000091552734,96.6500015258789,96.83000183105469,87.7552719116211,156500
2020-01-21,96.36000061035156,96.36000061035156,95.18000030517578,95.38999938964844,86.4502182006836,229500
2020-01-22,95.7300033569336,96.13999938964844,94.3499984741211,94.52999877929688,85.67083740234375,208500
2020-01-23,94.36000061035156,95.25,93.33000183105469,94.79000091552734,85.90645599365234,277000
2020-01-24,94.98999786376953,94.98999786376953,92.93000030517578,93.04000091552734,84.32047271728516,268300
2020-01-27,91.2699966430664,92.41999816894531,90.80999755859375,91.2699966430664,82.71634674072266,366300
2020-01-28,91.7300033569336,93.6500015258789,91.37000274658203,93.12999725341797,84.40201568603516,257300
2020-01-29,93.48999786376953,94.0,92.93000030517578,92.9800033569336,84.26609802246094,160100
2020-01-30,92.33000183105469,93.13999938964844,91.7300033569336,92.93000030517578,84.22077178955078,320000
2020-01-31,92.47000122070312,92.47000122070312,88.94000244140625,89.18000030517578,80.82221984863281,566000
2020-02-03,89.87000274658203,92.0,89.43000030517578,91.08000183105469,82.54415893554688,307000
2020-02-04,92.66999816894531,94.06999969482422,92.58000183105469,93.55000305175781,84.78266906738281,251200
2020-02-05,94.77999877929688,95.2300033569336,94.0999984741211,94.63999938964844,85.7705078125,239600
2020-02-06,95.27999877929688,95.27999877929688,93.13999938964844,93.37999725341797,84.62859344482422,246700
2020-02-07,92.69000244140625,93.02999877929688,91.80000305175781,92.23999786376953,83.5954360961914,250700
2020-02-10,91.87000274658203,92.58000183105469,91.41999816894531,92.52999877929688,83.8582534790039,316100
2020-02-11,93.06999969482422,94.37000274658203,93.06999969482422,93.80999755859375,85.018310546875,332900
2020-02-12,94.62999725341797,95.18000030517578,93.55000305175781,94.69999694824219,85.82489776611328,481100
2020-02-13,97.58999633789062,98.19000244140625,92.94999694824219,93.08000183105469,84.3567123413086,740600
2020-02-14,93.41000366210938,94.70999908447266,92.33999633789062,92.58000183105469,83.90357208251953,323600
2020-02-18,91.87000274658203,92.4000015258789,90.5199966430664,91.30999755859375,82.75260162353516,317300
2020-02-19,91.87000274658203,92.08999633789062,88.8499984741211,89.62999725341797,81.23003387451172,684800
2020-02-20,89.56999969482422,90.72000122070312,89.23999786376953,89.75,81.33879852294922,323700
2020-02-21,89.4000015258789,89.61000061035156,87.9000015258789,88.13999938964844,79.87969970703125,339100
2020-02-24,85.05000305175781,87.13999938964844,84.51000213623047,85.56999969482422,77.550537109375,484400
2020-02-25,85.98999786376953,86.31999969482422,83.16000366210938,83.26000213623047,75.4570083618164,425900
2020-02-26,83.9800033569336,85.45999908447266,82.94999694824219,83.04000091552734,75.25764465332031,464600
2020-02-27,81.16000366210938,85.1500015258789,80.01000213623047,82.18000030517578,74.47822570800781,645100
2020-02-28,79.80999755859375,82.08999633789062,79.31999969482422,81.88999938964844,74.21542358398438,665200
2020-03-02,82.62999725341797,85.33999633789062,81.76000213623047,85.11000061035156,77.13365173339844,498900
2020-03-03,84.97000122070312,87.04000091552734,83.05000305175781,84.5999984741211,76.67142486572266,630800
2020-03-04,86.68000030517578,86.68000030517578,84.69000244140625,86.30999755859375,78.22118377685547,402000
2020-03-05,84.20999908447266,84.98999786376953,81.9800033569336,82.62999725341797,74.88606262207031,318400
2020-03-06,79.91999816894531,82.4000015258789,79.30999755859375,81.44999694824219,73.81666564941406,292900
2020-03-09,76.2300033569336,78.9800033569336,70.01000213623047,72.08000183105469,65.32479858398438,724400
2020-03-10,74.30999755859375,77.0,72.6500015258789,76.81999969482422,69.62055969238281,656700
2020-03-11,74.30000305175781,75.44999694824219,71.41000366210938,71.9000015258789,65.16166687011719,385200
2020-03-12,66.83000183105469,70.95999908447266,64.18000030517578,68.83999633789062,62.38844299316406,691900
2020-03-13,72.75,76.73999786376953,71.31999969482422,76.16999816894531,69.03148651123047,842400
2020-03-16,73.41999816894531,77.97000122070312,68.52999877929688,69.08999633789062,62.615013122558594,820800
2020-03-17,70.36000061035156,74.86000061035156,68.44999694824219,73.0999984741211,66.24919891357422,679200
2020-03-18,67.0,71.80000305175781,65.4000015258789,70.41999816894531,63.82036209106445,824000
2020-03-19,69.61000061035156,72.98999786376953,66.95999908447266,68.05999755859375,61.681541442871094,679500
2020-03-20,68.16999816894531,69.1500015258789,64.23999786376953,64.79000091552734,58.71800231933594,836700
2020-03-23,64.66000366210938,65.83000183105469,59.29999923706055,59.9900016784668,54.36784744262695,796500
2020-03-24,62.95000076293945,65.4000015258789,61.5099983215332,64.61000061035156,58.554874420166016,736000
2020-03-25,65.08000183105469,72.0,63.9900016784668,68.5999984741211,62.170936584472656,673800
2020-03-26,69.45999908447266,73.33999633789062,68.23999786376953,73.01000213623047,66.16764831542969,391800
2020-03-27,70.5999984741211,71.81999969482422,68.66000366210938,69.2699966430664,62.77814483642578,376600
2020-03-30,68.97000122070312,70.66000366210938,68.12999725341797,69.88999938964844,63.79127502441406,412900
2020-03-31,69.76000213623047,69.95999908447266,67.41999816894531,69.0,62.97895431518555,569500
2020-04-01,66.43000030517578,66.43000030517578,62.970001220703125,64.2300033569336,58.62519454956055,479900
2020-04-02,63.91999816894531,67.51000213623047,63.369998931884766,66.41000366210938,60.61496353149414,484100
2020-04-03,66.43000030517578,67.77999877929688,64.2699966430664,66.31999969482422,60.532806396484375,349000
2020-04-06,68.8499984741211,72.3499984741211,68.70999908447266,72.04000091552734,65.75367736816406,403700
2020-04-07,74.44000244140625,77.0199966430664,72.62999725341797,72.73999786376953,66.39258575439453,470400
2020-04-08,73.91999816894531,78.12000274658203,73.0,77.72000122070312,70.93801879882812,489600
2020-04-09,79.22000122070312,80.69999694824219,76.69999694824219,78.0999984741211,71.28486633300781,328700
2020-04-13,77.38999938964844,77.38999938964844,74.20999908447266,74.76000213623047,68.23633575439453,339200
2020-04-14,76.23999786376953,77.31999969482422,75.23999786376953,76.58999633789062,69.9066390991211,287900
2020-04-15,73.81999969482422,74.68000030517578,72.73999786376953,73.08000183105469,66.70292663574219,282700
2020-04-16,73.08999633789062,75.02999877929688,72.2300033569336,74.87999725341797,68.3458480834961,281200
2020-04-17,77.0999984741211,78.25,75.19000244140625,75.73999786376953,69.13079071044922,326800
2020-04-20,74.12000274658203,74.94000244140625,72.7699966430664,73.80000305175781,67.3600845336914,373900
2020-04-21,72.02999877929688,73.2300033569336,71.30000305175781,72.66000366210938,66.319580078125,211900
2020-04-22,74.08999633789062,74.58999633789062,73.0,73.91000366210938,67.46048736572266,192000
2020-04-23,74.7300033569336,76.37000274658203,74.31999969482422,74.56999969482422,68.06288146972656,254600
2020-04-24,75.25,76.72000122070312,73.70999908447266,76.02999877929688,69.39551544189453,443400
2020-04-27,77.43000030517578,81.62000274658203,74.81999969482422,80.7300033569336,73.68537902832031,603500
2020-04-28,82.19999694824219,83.1500015258789,79.4800033569336,80.98999786376953,73.92266082763672,470000
2020-04-29,82.63999938964844,83.91000366210938,82.04000091552734,83.2699966430664,76.00371551513672,333000
2020-04-30,82.37000274658203,82.37000274658203,80.47000122070312,80.51000213623047,73.48456573486328,681600
2020-05-01,79.19999694824219,79.19999694824219,76.48999786376953,76.88999938964844,70.18045043945312,303200
2020-05-04,75.86000061035156,76.93000030517578,75.19000244140625,76.45999908447266,69.78797912597656,323600
2020-05-05,77.58999633789062,78.38999938964844,77.0999984741211,77.30000305175781,70.5546875,252700
2020-05-06,77.98999786376953,77.98999786376953,75.66999816894531,75.69000244140625,69.08516693115234,256300
2020-05-07,76.86000061035156,78.19999694824219,75.4800033569336,76.61000061035156,69.92489624023438,368900
2020-05-08,78.16000366210938,78.88999938964844,76.61000061035156,78.69000244140625,71.82337951660156,198100
2020-05-11,77.69000244140625,78.45999908447266,76.08000183105469,77.62999725341797,70.85588836669922,460300
2020-05-12,78.08000183105469,78.08000183105469,74.54000091552734,74.63999938964844,68.12680053710938,285900
2020-05-13,74.0999984741211,74.94000244140625,69.72000122070312,70.91999816894531,64.73141479492188,462400
2020-05-14,69.2300033569336,72.26000213623047,68.12000274658203,72.12999725341797,65.8358154296875,346800
2020-05-15,71.80000305175781,74.05999755859375,70.72000122070312,73.08999633789062,66.7120361328125,938500
2020-05-18,75.43000030517578,79.44000244140625,74.8499984741211,78.52999877929688,71.6773452758789,411300
2020-05-19,78.2699966430664,79.41999816894531,77.70999908447266,78.08000183105469,71.26663970947266,342400
2020-05-20,79.47000122070312,80.58000183105469,78.88999938964844,79.45999908447266,72.52619171142578,232900
2020-05-21,78.62000274658203,80.05000305175781,78.62000274658203,79.3499984741211,72.42578887939453,322400
2020-05-22,79.62999725341797,79.87000274658203,77.93000030517578,79.69000244140625,72.73612976074219,302400
2020-05-26,82.16999816894531,84.27999877929688,81.0,83.81999969482422,76.5057144165039,323800
2020-05-27,85.0,86.5999984741211,84.75,85.88999938964844,78.39509582519531,278400
2020-05-28,86.87000274658203,86.87000274658203,82.69000244140625,83.27999877929688,76.0128402709961,228500
2020-05-29,82.80999755859375,84.63999938964844,81.02999877929688,82.16999816894531,74.99970245361328,250800
2020-06-01,82.5999984741211,83.5,81.86000061035156,82.7699966430664,75.54734802246094,213000
2020-06-02,83.83000183105469,84.43000030517578,83.0999984741211,83.44999694824219,76.16802215576172,168100
2020-06-03,83.94999694824219,86.16999816894531,83.94999694824219,85.68000030517578,78.20343780517578,199300
2020-06-04,85.0999984741211,86.19999694824219,84.20999908447266,86.1500015258789,78.63240051269531,311900
2020-06-05,88.66999816894531,90.22000122070312,87.66999816894531,89.58999633789062,81.7722396850586,271100
2020-06-08,88.5,92.5,88.23999786376953,91.72000122070312,83.71636962890625,392100
2020-06-09,90.37000274658203,91.9000015258789,89.68000030517578,90.66999816894531,82.75796508789062,383600
2020-06-10,90.63999938964844,90.63999938964844,87.38999938964844,87.44000244140625,79.8098373413086,362100
2020-06-11,83.97000122070312,84.62999725341797,80.05000305175781,80.13999938964844,73.14685821533203,420600
2020-06-12,83.29000091552734,84.12999725341797,79.13999938964844,81.79000091552734,74.65287017822266,441600
2020-06-15,79.08000183105469,83.0,78.95999908447266,82.36000061035156,75.17313385009766,297400
2020-06-16,85.86000061035156,85.97000122070312,83.0,83.80000305175781,76.48748016357422,279600
2020-06-17,84.01000213623047,84.72000122070312,82.73999786376953,84.51000213623047,77.13552856445312,395400
2020-06-18,84.70999908447266,84.86000061035156,83.33999633789062,83.61000061035156,76.31404876708984,400400
2020-06-19,85.33999633789062,85.33999633789062,82.19000244140625,83.51000213623047,76.2227783203125,793700
2020-06-22,83.16999816894531,83.16999816894531,81.33000183105469,82.69000244140625,75.47433471679688,266600
2020-06-23,84.05999755859375,84.05999755859375,81.83999633789062,82.20999908447266,75.03622436523438,263900
2020-06-24,81.8499984741211,81.8499984741211,79.56999969482422,80.27999877929688,73.2746353149414,212400
2020-06-25,79.4000015258789,80.86000061035156,79.08000183105469,80.70999908447266,73.6671142578125,240000
2020-06-26,80.05999755859375,81.69000244140625,79.66999816894531,81.05000305175781,73.97745513916016,1028400
2020-06-29,81.30000305175781,82.95999908447266,81.08000183105469,82.8499984741211,76.080322265625,210800
2020-06-30,82.80999755859375,84.80999755859375,82.0199966430664,84.23999786376953,77.35675048828125,311700
2020-07-01,84.55999755859375,84.55999755859375,82.30000305175781,82.51000213623047,75.76811981201172,215100
2020-07-02,84.0199966430664,85.16999816894531,83.29000091552734,83.9800033569336,77.11798858642578,172800
2020-07-06,85.41999816894531,85.93000030517578,84.25,85.29000091552734,78.32095336914062,251400
2020-07-07,84.41999816894531,85.33000183105469,83.9800033569336,84.41999816894531,77.52204132080078,213900
2020-07-08,84.9000015258789,85.69000244140625,84.05000305175781,85.55999755859375,78.56889343261719,400100
2020-07-09,85.63999938964844,85.75,83.54000091552734,83.81999969482422,76.9710693359375,195900
2020-07-10,84.04000091552734,84.66999816894531,83.58999633789062,84.31999969482422,77.43021392822266,234100
2020-07-13,85.04000091552734,86.79000091552734,84.72000122070312,86.27999877929688,79.23004913330078,302100
2020-07-14,86.30999755859375,88.36000061035156,85.38999938964844,88.19999694824219,80.99315643310547,380500
2020-07-15,89.77999877929688,90.25,88.05000305175781,89.83999633789062,82.49917602539062,267700
2020-07-16,89.81999969482422,91.01000213623047,88.81999969482422,89.54000091552734,82.22368621826172,268600
2020-07-17,90.08999633789062,90.94999694824219,89.23999786376953,89.3499984741211,82.04920959472656,329900
2020-07-20,88.62000274658203,89.12999725341797,87.36000061035156,88.08000183105469,80.88299560546875,172300
2020-07-21,88.9000015258789,89.91999816894531,88.4000015258789,89.5999984741211,82.27879333496094,221700
2020-07-22,89.44999694824219,90.37999725341797,89.44999694824219,90.18000030517578,82.81138610839844,296700
2020-07-23,90.23999786376953,92.2300033569336,89.77999877929688,90.98999786376953,83.55520629882812,442600
2020-07-24,91.62000274658203,92.37999725341797,90.4800033569336,91.52999877929688,84.05109405517578,342900
2020-07-27,93.98999786376953,96.08999633789062,91.08999633789062,93.73999786376953,86.08050537109375,727800
2020-07-28,93.51000213623047,94.2300033569336,90.37000274658203,90.41000366210938,83.02261352539062,602000
2020-07-29,90.37000274658203,92.62000274658203,90.37000274658203,91.70999908447266,84.21638488769531,1069400
2020-07-30,90.29000091552734,90.95999908447266,89.13999938964844,90.95999908447266,83.52766418457031,328900
2020-07-31,90.95999908447266,91.83999633789062,88.37999725341797,90.38999938964844,83.00422668457031,572000
2020-08-03,91.1500015258789,92.73999786376953,90.31999969482422,91.95999908447266,84.44596099853516,342800
2020-08-04,91.6500015258789,92.45999908447266,91.26000213623047,92.27999877929688,84.73979949951172,242700
2020-08-05,92.5,93.97000122070312,92.48999786376953,93.55999755859375,85.91522216796875,174600
2020-08-06,93.93000030517578,93.93000030517578,93.13999938964844,93.4800033569336,85.84175872802734,213700
2020-08-07,93.43000030517578,95.27999877929688,93.02999877929688,95.23999786376953,87.45794677734375,222800
2020-08-10,95.5,97.3499984741211,92.33999633789062,96.81999969482422,88.90884399414062,513900
2020-08-11,97.79000091552734,98.94000244140625,92.9000015258789,98.05999755859375,90.0475082397461,415600
2020-08-12,98.88999938964844,98.88999938964844,97.51000213623047,98.12999725341797,90.1117935180664,274300
2020-08-13,97.80000305175781,97.97000122070312,96.83999633789062,97.38999938964844,89.43224334716797,197500
2020-08-14,96.16999816894531,98.05999755859375,96.04000091552734,97.44000244140625,89.47817993164062,197500
2020-08-17,97.58000183105469,98.25,96.98999786376953,97.69999694824219,89.7169189453125,135000
2020-08-18,97.4000015258789,97.79000091552734,96.58999633789062,96.66999816894531,88.77108764648438,167200
2020-08-19,97.01000213623047,97.38999938964844,95.86000061035156,96.18000030517578,88.32112121582031,206000
2020-08-20,95.0199966430664,95.98999786376953,94.6500015258789,95.58999633789062,87.77932739257812,182400
2020-08-21,95.44999694824219,96.30000305175781,95.33999633789062,96.19999694824219,88.33949279785156,176200
2020-08-24,97.1500015258789,97.91000366210938,96.61000061035156,97.16000366210938,89.2210693359375,254100
2020-08-25,97.48999786376953,97.56999969482422,96.08999633789062,96.72000122070312,88.81702423095703,192200
2020-08-26,96.76000213623047,97.79000091552734,95.97000122070312,97.26000213623047,89.3128890991211,272300
2020-08-27,97.77999877929688,98.0,97.04000091552734,97.27999877929688,89.33126068115234,142000
2020-08-28,97.77999877929688,98.23999786376953,96.94999694824219,98.19999694824219,90.17607116699219,152100
2020-08-31,97.62000274658203,99.0,96.69000244140625,96.70999908447266,88.80782318115234,196200
2020-09-01,97.08000183105469,98.05999755859375,96.37000274658203,97.58000183105469,89.60674285888672,365200
2020-09-02,97.86000061035156,98.97000122070312,97.5999984741211,98.44999694824219,90.40564727783203,411500
2020-09-03,98.62000274658203,98.63999938964844,93.70999908447266,94.45999908447266,86.7416763305664,329600
2020-09-04,95.62999725341797,96.2300033569336,94.47000122070312,94.69999694824219,86.96208190917969,331300
2020-09-08,93.94000244140625,93.94000244140625,92.0999984741211,92.4800033569336,84.92347717285156,268700
2020-09-09,93.11000061035156,94.56999969482422,93.0199966430664,94.12000274658203,86.42945098876953,279700
2020-09-10,94.18000030517578,94.18000030517578,91.69999694824219,91.97000122070312,84.45513916015625,216100
2020-09-11,92.3499984741211,92.95999908447266,91.58999633789062,92.72000122070312,85.14384460449219,313300
2020-09-14,93.33999633789062,94.08999633789062,92.87999725341797,93.88999938964844,86.21824645996094,371600
2020-09-15,94.37999725341797,94.75,93.0999984741211,93.58999633789062,85.94274139404297,227000
2020-09-16,94.48999786376953,94.48999786376953,92.47000122070312,92.81999969482422,85.2356948852539,335700
2020-09-17,91.97000122070312,93.93000030517578,90.68000030517578,93.38999938964844,85.75911712646484,337100
2020-09-18,94.18000030517578,94.18000030517578,91.22000122070312,91.72000122070312,84.2255630493164,561700
2020-09-21,90.0,90.0,87.7699966430664,88.69999694824219,81.45232391357422,353300
2020-09-22,88.81999969482422,91.69000244140625,87.94999694824219,88.80999755859375,81.5533218383789,343200
2020-09-23,88.8499984741211,89.86000061035156,87.45999908447266,87.63999938964844,80.47893524169922,369000
2020-09-24,87.41999816894531,89.87000274658203,86.87999725341797,88.75,81.49824523925781,241600
2020-09-25,88.05000305175781,89.44000244140625,87.80999755859375,88.93000030517578,81.66354370117188,185000
2020-09-28,90.23999786376953,92.0999984741211,90.08000183105469,91.41999816894531,83.95006561279297,311900
2020-09-29,90.86000061035156,91.72000122070312,90.47000122070312,91.27999877929688,84.273193359375,266400
2020-09-30,91.83000183105469,93.0199966430664,91.37999725341797,92.04000091552734,84.97486877441406,473700
2020-10-01,92.12000274658203,93.0999984741211,90.26000213623047,90.94999694824219,83.96853637695312,319400
2020-10-02,89.33000183105469,92.88999938964844,89.33000183105469,91.87999725341797,84.82714080810547,265100
2020-10-05,92.94000244140625,95.13999938964844,92.91999816894531,94.9000015258789,87.6153335571289,222800
2020-10-06,95.38999938964844,97.0199966430664,94.61000061035156,94.81999969482422,87.54147338867188,350700
2020-10-07,96.19999694824219,97.48999786376953,91.38999938964844,95.62999725341797,88.2892837524414,183800
2020-10-08,96.70999908447266,96.81999969482422,93.91000366210938,96.27999877929688,88.88939666748047,149300
2020-10-09,96.9800033569336,97.05999755859375,95.55999755859375,95.9800033569336,88.61244201660156,167800
2020-10-12,97.41000366210938,98.97000122070312,96.76000213623047,97.94999694824219,90.43121337890625,287600
2020-10-13,96.66000366210938,98.36000061035156,96.66000366210938,98.01000213623047,90.48661804199219,259500
2020-10-14,98.19000244140625,100.4000015258789,98.19000244140625,98.62999725341797,91.05899810791016,224300
2020-10-15,97.48999786376953,100.7300033569336,97.12000274658203,100.41000366210938,92.702392578125,234100
2020-10-16,100.0199966430664,101.51000213623047,100.0199966430664,100.87999725341797,93.13629913330078,198400
2020-10-19,102.69999694824219,102.69999694824219,100.44000244140625,100.77999877929688,93.04399871826172,262200
2020-10-20,101.83999633789062,102.77999877929688,101.47000122070312,101.9800033569336,94.15186309814453,227400
2020-10-21,102.63999938964844,103.62000274658203,101.44000244140625,101.66000366210938,93.85645294189453,324600
2020-10-22,102.1500015258789,104.06999969482422,102.0,103.87000274658203,95.89678955078125,232800
2020-10-23,104.8499984741211,106.19999694824219,104.19999694824219,105.54000091552734,97.4385757446289,362100
2020-10-26,104.02999877929688,104.02999877929688,102.02999877929688,102.72000122070312,94.8350601196289,389900
2020-10-27,99.6500015258789,102.2699966430664,98.98999786376953,101.58999633789062,93.79179382324219,468400
2020-10-28,100.73999786376953,101.7300033569336,99.51000213623047,100.0,92.3238296508789,474700
2020-10-29,100.30000305175781,101.66000366210938,98.54000091552734,101.31999969482422,93.54252624511719,350600
2020-10-30,100.86000061035156,101.9000015258789,100.43000030517578,101.81999969482422,94.00415802001953,465600
2020-11-02,103.25,105.3499984741211,102.66000366210938,104.93000030517578,96.87541961669922,335100
2020-11-03,105.9800033569336,108.30000305175781,105.48999786376953,107.8499984741211,99.5712661743164,275800
2020-11-04,105.37000274658203,106.30000305175781,102.72000122070312,102.79000091552734,94.8996810913086,341900
2020-11-05,103.98999786376953,107.0,103.8499984741211,105.77999877929688,97.66017150878906,268000
2020-11-06,106.45999908447266,106.52999877929688,104.91000366210938,105.06999969482422,97.00467681884766,172600
2020-11-09,110.26000213623047,111.93000030517578,108.13999938964844,108.23999786376953,99.93133544921875,326400
2020-11-10,108.98999786376953,112.06999969482422,108.20999908447266,111.16999816894531,102.6364517211914,279800
2020-11-11,111.63999938964844,112.38999938964844,109.66000366210938,112.31999969482422,103.6981430053711,252800
2020-11-12,111.87999725341797,112.33999633789062,110.6500015258789,111.2300033569336,102.69181823730469,481400
2020-11-13,111.9000015258789,114.83000183105469,111.9000015258789,114.52999877929688,105.73851776123047,305100
2020-11-16,115.1500015258789,118.44000244140625,115.0199966430664,117.79000091552734,108.74827575683594,334900
2020-11-17,116.73999786376953,116.77999877929688,114.36000061035156,116.16000366210938,107.24337768554688,223400
2020-11-18,116.7699966430664,117.43000030517578,114.5,114.58999633789062,105.79389190673828,196000
2020-11-19,114.0,114.7300033569336,113.43000030517578,114.62999725341797,105.83084106445312,185700
2020-11-20,114.91999816894531,114.94000244140625,112.87000274658203,113.29000091552734,104.59369659423828,287400
2020-11-23,114.36000061035156,115.0,113.56999969482422,114.02999877929688,105.2768783569336,149600
2020-11-24,115.5999984741211,116.41000366210938,114.36000061035156,115.62999725341797,106.7540512084961,246700
2020-11-25,115.37000274658203,115.37000274658203,113.48999786376953,114.19000244140625,105.42459106445312,187300
2020-11-27,114.70999908447266,115.2300033569336,112.87000274658203,115.01000213623047,106.18165588378906,69400
2020-11-30,115.19999694824219,115.73999786376953,113.38999938964844,115.0,106.17241668701172,204500
2020-12-01,116.41000366210938,116.55000305175781,115.05000305175781,116.0,107.09567260742188,210600
2020-12-02,115.44000244140625,116.43000030517578,114.7300033569336,114.94999694824219,106.1262435913086,165800
2020-12-03,114.80000305175781,115.76000213623047,113.93000030517578,114.2300033569336,105.4615478515625,177000
2020-12-04,115.22000122070312,117.91999816894531,114.77999877929688,117.91999816894531,108.8682861328125,187900
2020-12-07,117.79000091552734,118.4800033569336,117.3499984741211,118.26000213623047,109.18217468261719,235100
2020-12-08,118.27999877929688,119.62999725341797,118.0,119.51000213623047,110.33624267578125,181800
2020-12-09,119.98999786376953,121.13999938964844,118.25,120.08999633789062,110.87169647216797,282800
2020-12-10,119.7699966430664,120.43000030517578,118.56999969482422,119.5,110.32699584960938,501500
2020-12-11,118.9000015258789,120.76000213623047,118.36000061035156,120.70999908447266,111.4441146850586,294300
2020-12-14,122.37999725341797,122.51000213623047,118.27999877929688,118.27999877929688,109.20065307617188,174000
2020-12-15,119.5199966430664,121.1500015258789,118.61000061035156,120.16000366210938,110.93633270263672,169300
2020-12-16,120.5999984741211,120.5999984741211,118.4800033569336,118.98999786376953,109.85614013671875,180600
2020-12-17,119.48999786376953,119.83999633789062,118.44999694824219,119.16000366210938,110.01309204101562,193100
2020-12-18,119.54000091552734,120.13999938964844,117.6500015258789,118.72000122070312,109.60687255859375,565700
2020-12-21,117.30999755859375,119.0999984741211,116.0199966430664,118.81999969482422,109.69920349121094,301700
2020-12-22,118.87999725341797,119.41000366210938,118.05999755859375,118.38999938964844,109.30220794677734,106300
2020-12-23,119.2300033569336,119.44000244140625,118.05999755859375,118.8499984741211,109.72689056396484,152200
2020-12-24,119.62000274658203,119.62000274658203,117.75,118.80999755859375,109.68994903564453,72200
2020-12-28,119.06999969482422,119.51000213623047,117.38999938964844,117.94999694824219,108.89598083496094,178300
2020-12-29,118.08999633789062,118.6500015258789,114.63999938964844,116.0,107.09567260742188,179500
2020-12-30,115.87999725341797,117.43000030517578,115.87999725341797,116.5999984741211,108.1249771118164,127800
2020-12-31,116.8499984741211,117.4800033569336,115.66000366210938,116.25,107.80042266845703,195200
2021-01-04,116.69000244140625,116.87999725341797,112.68000030517578,113.7300033569336,105.46358489990234,234300
2021-01-05,113.7300033569336,115.7300033569336,113.7300033569336,115.05000305175781,106.68765258789062,207100
2021-01-06,116.76000213623047,121.5199966430664,116.76000213623047,120.66000366210938,111.88987731933594,386800
2021-01-07,121.08999633789062,123.01000213623047,119.9800033569336,122.52999877929688,113.62397766113281,236100
2021-01-08,122.5199966430664,123.0,119.3499984741211,121.5,112.66883087158203,183500
2021-01-11,120.73999786376953,122.19999694824219,120.41000366210938,121.94999694824219,113.08613586425781,179700
2021-01-12,122.44999694824219,123.41999816894531,121.16000366210938,121.80000305175781,112.94703674316406,132600
2021-01-13,121.66000366210938,121.66000366210938,118.69999694824219,118.80000305175781,110.16508483886719,172400
2021-01-14,118.93000030517578,120.05999755859375,118.08999633789062,118.47000122070312,109.85906982421875,168800
2021-01-15,117.58999633789062,121.13999938964844,114.80999755859375,118.25,109.65506744384766,404800
2021-01-19,119.54000091552734,121.19000244140625,119.2699966430664,119.98999786376953,111.2685775756836,366800
2021-01-20,119.75,122.4800033569336,119.31999969482422,122.13999938964844,113.2623062133789,276600
2021-01-21,122.44999694824219,122.44999694824219,120.48999786376953,120.9800033569336,112.18663787841797,174500
2021-01-22,120.69000244140625,123.73999786376953,119.87999725341797,123.4000015258789,114.43073272705078,299800
2021-01-25,122.81999969482422,125.23999786376953,121.0199966430664,121.47000122070312,112.64099884033203,319500
2021-01-26,121.94000244140625,121.94000244140625,118.08999633789062,119.1500015258789,110.4896469116211,246500
2021-01-27,117.20999908447266,119.19999694824219,114.62999725341797,117.47000122070312,108.93175506591797,316300
2021-01-28,118.98999786376953,119.52999877929688,117.0,117.22000122070312,108.69992065429688,274700
2021-01-29,116.91000366210938,117.22000122070312,113.91000366210938,114.5,106.1776123046875,618600
2021-02-01,116.70999908447266,117.06999969482422,113.72000122070312,115.77999877929688,107.36457824707031,215800
2021-02-02,116.41000366210938,117.47000122070312,115.1500015258789,116.83999633789062,108.3475570678711,220500
2021-02-03,116.94000244140625,116.94000244140625,115.18000030517578,115.8499984741211,107.42950439453125,140700
2021-02-04,116.12000274658203,117.08999633789062,114.06999969482422,114.33000183105469,106.01998901367188,354900
2021-02-05,114.98999786376953,115.86000061035156,113.86000061035156,115.20999908447266,106.83599853515625,419700
2021-02-08,117.51000213623047,117.51000213623047,115.52999877929688,116.18000030517578,107.73551940917969,377300
2021-02-09,116.2699966430664,116.44999694824219,114.38999938964844,115.51000213623047,107.11420440673828,283700
2021-02-10,115.9800033569336,117.2300033569336,115.75,116.69000244140625,108.20844268798828,201100
2021-02-11,117.12000274658203,117.54000091552734,114.5,116.36000061035156,107.90242767333984,354700
2021-02-12,114.37999725341797,116.01000213623047,110.5199966430664,115.75,107.33678436279297,461000
2021-02-16,117.02999877929688,117.72000122070312,114.79000091552734,116.56999969482422,108.09715270996094,262100
2021-02-17,116.0199966430664,116.80000305175781,114.12000274658203,114.2699966430664,105.96432495117188,256100
2021-02-18,114.33000183105469,114.91000366210938,112.44000244140625,113.20999908447266,104.98140716552734,219500
2021-02-19,114.30000305175781,116.13999938964844,114.30000305175781,115.41000366210938,107.02149200439453,200100
2021-02-22,114.80999755859375,117.4000015258789,114.66999816894531,116.12999725341797,107.68913269042969,255400
2021-02-23,115.8499984741211,117.44999694824219,115.25,117.06999969482422,108.56083679199219,202400
2021-02-24,116.66999816894531,119.58999633789062,116.1500015258789,119.12999725341797,110.47108459472656,179400
2021-02-25,118.66999816894531,119.5,117.23999786376953,117.62999725341797,109.08011627197266,131600
2021-02-26,117.75,119.88999938964844,116.94999694824219,118.11000061035156,109.5252456665039,344500
2021-03-01,119.88999938964844,121.62999725341797,119.88999938964844,120.36000061035156,111.6116714477539,203800
2021-03-02,120.11000061035156,120.12000274658203,118.58999633789062,119.4800033569336,110.79566955566406,153200
2021-03-03,119.83000183105469,121.23999786376953,118.7300033569336,119.52999877929688,110.84201049804688,148500
2021-03-04,119.94999694824219,119.94999694824219,113.91999816894531,115.19999694824219,106.82674407958984,261500
2021-03-05,116.08000183105469,119.94000244140625,114.48999786376953,119.68000030517578,110.98110961914062,240000
2021-03-08,120.56999969482422,123.0999984741211,119.12999725341797,121.83000183105469,112.974853515625,220900
2021-03-09,122.69000244140625,122.72000122070312,119.36000061035156,119.44999694824219,110.7678451538086,195300
2021-03-10,120.97000122070312,121.98999786376953,119.48999786376953,121.3499984741211,112.52973937988281,194400
2021-03-11,121.87999725341797,123.25,120.91000366210938,122.37999725341797,113.48486328125,207700
2021-03-12,122.66999816894531,123.83999633789062,121.98999786376953,123.54000091552734,114.560546875,174300
2021-03-15,123.62000274658203,126.81999969482422,122.62999725341797,126.63999938964844,117.43524169921875,297200
2021-03-16,126.20999908447266,126.5199966430664,123.01000213623047,124.7300033569336,115.66405487060547,251400
2021-03-17,123.7699966430664,126.29000091552734,122.80000305175781,125.95999908447266,116.80463409423828,231700
2021-03-18,126.08999633789062,129.0399932861328,125.43000030517578,125.56999969482422,116.4429931640625,171900
2021-03-19,125.02999877929688,126.0,123.58999633789062,124.0,114.98712158203125,505500
2021-03-22,124.4800033569336,124.4800033569336,121.95999908447266,123.69000244140625,114.69963836669922,144800
2021-03-23,122.79000091552734,123.7300033569336,120.5199966430664,120.76000213623047,111.98261260986328,172100
2021-03-24,121.69000244140625,123.73999786376953,120.5199966430664,121.76000213623047,112.90992736816406,181000
2021-03-25,121.12000274658203,123.68000030517578,118.62999725341797,122.98999786376953,114.050537109375,169900
2021-03-26,123.63999938964844,125.31999969482422,122.75,124.58000183105469,115.52497100830078,175800
2021-03-29,124.55999755859375,125.98999786376953,120.06999969482422,123.72000122070312,114.72747039794922,168300
2021-03-30,123.58000183105469,124.94999694824219,122.93000030517578,124.16999816894531,115.62137603759766,174100
2021-03-31,124.19999694824219,125.69000244140625,122.48999786376953,122.94000244140625,114.47606658935547,283300
2021-04-01,123.37999725341797,123.75,122.30999755859375,123.70999908447266,115.19303131103516,201200
2021-04-05,124.25,125.0,123.19000244140625,124.45999908447266,115.89141845703125,170900
2021-04-06,124.80999755859375,125.18000030517578,123.6500015258789,123.88999938964844,115.36064147949219,251100
2021-04-07,124.01000213623047,124.01000213623047,121.18000030517578,121.5999984741211,113.22831726074219,152800
2021-04-08,121.5999984741211,121.61000061035156,119.62000274658203,120.43000030517578,112.13885498046875,233700
2021-04-09,120.66999816894531,122.4000015258789,120.4000015258789,122.13999938964844,113.73113250732422,155100
2021-04-12,122.51000213623047,122.6500015258789,121.29000091552734,122.55999755859375,114.12223052978516,172600
2021-04-13,122.5,123.47000122070312,119.68000030517578,120.2300033569336,111.95264434814453,139900
2021-04-14,120.77999877929688,123.2300033569336,120.58000183105469,122.58000183105469,114.1408462524414,186400
2021-04-15,122.77999877929688,123.2300033569336,121.80999755859375,123.05999755859375,114.58780670166016,179500
2021-04-16,123.7699966430664,125.06999969482422,123.01000213623047,123.76000213623047,115.23959350585938,258000
2021-04-19,123.91000366210938,125.37999725341797,123.16999816894531,125.29000091552734,116.66427612304688,249100
2021-04-20,125.2300033569336,126.33000183105469,123.77999877929688,124.52999877929688,115.95658874511719,241700
2021-04-21,124.7300033569336,127.25,124.7300033569336,125.9800033569336,117.30677795410156,225200
2021-04-22,126.18000030517578,126.8499984741211,124.94000244140625,125.19000244140625,116.5711669921875,134500
2021-04-23,125.19000244140625,127.44999694824219,125.13999938964844,126.4800033569336,117.77234649658203,203900
2021-04-26,127.37000274658203,128.99000549316406,126.30999755859375,126.8499984741211,118.11687469482422,288200
2021-04-27,126.8499984741211,130.14999389648438,125.58999633789062,129.63999938964844,120.71479797363281,447700
2021-04-28,131.99000549316406,131.99000549316406,129.50999450683594,130.27000427246094,121.30142211914062,392200
2021-04-29,130.60000610351562,132.72999572753906,130.3699951171875,132.14999389648438,123.05199432373047,316500
2021-04-30,131.69000244140625,132.13999938964844,127.56999969482422,128.0500030517578,119.2342758178711,460300
2021-05-03,128.77000427246094,130.75,127.68000030517578,129.52999877929688,120.61235046386719,210400
2021-05-04,128.8300018310547,132.14999389648438,128.8300018310547,131.82000732421875,122.74470520019531,237600
2021-05-05,132.22999572753906,132.77000427246094,130.77999877929688,131.97000122070312,122.88436889648438,178600
2021-05-06,132.77999877929688,133.6199951171875,131.5500030517578,133.61000061035156,124.41144561767578,154700
2021-05-07,132.82000732421875,135.02999877929688,131.97000122070312,133.89999389648438,124.68150329589844,212000
2021-05-10,134.75,136.0399932861328,134.07000732421875,134.89999389648438,125.61266326904297,183600
2021-05-11,132.86000061035156,133.9499969482422,131.35000610351562,132.1199951171875,123.02405548095703,184000
2021-05-12,131.27999877929688,132.42999267578125,126.98999786376953,127.1500015258789,118.39620971679688,207900
2021-05-13,127.1500015258789,131.92999267578125,127.13999938964844,131.4499969482422,122.4001693725586,253700
2021-05-14,132.41000366210938,133.74000549316406,131.42999267578125,132.2899932861328,123.1823501586914,157000
2021-05-17,132.25999450683594,132.47999572753906,130.3300018310547,131.13999938964844,122.11154174804688,138100
2021-05-18,130.94000244140625,131.41000366210938,128.36000061035156,128.3699951171875,119.5322265625,171800
2021-05-19,127.4000015258789,128.3699951171875,125.5199966430664,128.3699951171875,119.5322265625,220700
2021-05-20,128.22999572753906,128.7100067138672,127.7300033569336,127.91999816894531,119.1131820678711,152000
2021-05-21,128.8300018310547,129.07000732421875,127.43000030517578,128.16000366210938,119.3366928100586,143000
2021-05-24,129.27000427246094,129.27000427246094,127.83000183105469,128.6199951171875,119.76500701904297,142200
2021-05-25,128.49000549316406,129.91000366210938,127.19999694824219,127.25,118.48932647705078,163400
2021-05-26,127.22000122070312,128.3000030517578,126.55000305175781,128.3000030517578,119.46704864501953,155800
2021-05-27,128.8000030517578,129.52999877929688,128.36000061035156,129.05999755859375,120.17471313476562,273100
2021-05-28,129.30999755859375,129.75999450683594,128.36000061035156,128.5800018310547,119.7277603149414,163500
2021-06-01,129.75999450683594,131.4600067138672,128.0800018310547,130.94000244140625,121.92529296875,211300
2021-06-02,130.97999572753906,132.1300048828125,129.10000610351562,129.30999755859375,120.40750122070312,137100
2021-06-03,129.33999633789062,130.25,127.4000015258789,129.9199981689453,120.97550201416016,142900
2021-06-04,130.25,131.41000366210938,129.7100067138672,130.77000427246094,121.76701354980469,90900
2021-06-07,130.7100067138672,131.85000610351562,128.63999938964844,128.8699951171875,119.99779510498047,116400
2021-06-08,128.6300048828125,130.49000549316406,127.4000015258789,130.3699951171875,121.39452362060547,147700
2021-06-09,130.0399932861328,130.25999450683594,128.39999389648438,128.88999938964844,120.01641082763672,91900
2021-06-10,129.4499969482422,129.91000366210938,128.41000366210938,128.52999877929688,119.68120574951172,128900
2021-06-11,129.16000366210938,129.5800018310547,128.02999877929688,128.88999938964844,120.01641082763672,119100
2021-06-14,128.7100067138672,128.7100067138672,126.0,126.61000061035156,117.8934097290039,224600
2021-06-15,126.44999694824219,128.22000122070312,126.2699966430664,127.98999786376953,119.17838287353516,162200
2021-06-16,127.4000015258789,127.66000366210938,125.69999694824219,125.88999938964844,117.22295379638672,133700
2021-06-17,126.11000061035156,126.11000061035156,121.66000366210938,123.47000122070312,114.96955108642578,186100
2021-06-18,122.33000183105469,125.18000030517578,121.80000305175781,123.63999938964844,115.12788391113281,646000
2021-06-21,124.66000366210938,127.9000015258789,123.68000030517578,127.69000244140625,118.8990478515625,319000
2021-06-22,129.17999267578125,129.49000549316406,127.16000366210938,128.80999755859375,119.94192504882812,328700
2021-06-23,129.05999755859375,130.6699981689453,128.42999267578125,129.94000244140625,120.994140625,234000
2021-06-24,130.6999969482422,132.3699951171875,130.0500030517578,131.99000549316406,122.90300750732422,282100
2021-06-25,132.0,133.07000732421875,131.41000366210938,132.16000366210938,123.06130981445312,1045300
2021-06-28,132.16000366210938,133.00999450683594,130.61000061035156,131.99000549316406,122.90300750732422,218500
2021-06-29,131.97999572753906,132.5500030517578,131.0800018310547,132.0800018310547,123.46385955810547,327600
2021-06-30,131.57000732421875,132.07000732421875,130.0500030517578,131.7100067138672,123.11800384521484,402800
2021-07-01,132.36000061035156,133.11000061035156,131.8800048828125,132.27000427246094,123.64148712158203,392200
2021-07-02,132.36000061035156,134.7100067138672,131.86000061035156,134.52000427246094,125.74466705322266,288700
2021-07-06,134.33999633789062,134.33999633789062,132.6199951171875,133.39999389648438,124.69776153564453,458200
2021-07-07,132.91000366210938,134.99000549316406,132.6300048828125,134.52999877929688,125.7540512084961,175400
2021-07-08,132.64999389648438,133.94000244140625,131.1199951171875,132.83999633789062,124.17427062988281,229500
2021-07-09,134.11000061035156,135.39999389648438,133.94000244140625,134.6999969482422,125.9129409790039,178600
2021-07-12,134.0399932861328,135.80999755859375,133.4199981689453,135.75,126.89445495605469,181100
2021-07-13,135.67999267578125,135.85000610351562,134.3300018310547,134.80999755859375,126.01580047607422,151700
2021-07-14,135.2899932861328,135.9600067138672,133.42999267578125,134.66000366210938,125.87554931640625,162800
2021-07-15,133.8699951171875,135.77000427246094,133.4499969482422,135.13999938964844,126.3242416381836,142200
2021-07-16,135.99000549316406,135.99000549316406,134.0,134.2899932861328,125.52970123291016,189800
2021-07-19,132.32000732421875,134.25,129.94000244140625,131.25,122.68798828125,239200
2021-07-20,131.91000366210938,135.75,131.91000366210938,135.05999755859375,126.24949645996094,266100
2021-07-21,135.58999633789062,137.19000244140625,134.66000366210938,135.72999572753906,126.87576293945312,180500
2021-07-22,135.97999572753906,136.17999267578125,133.6300048828125,134.6199951171875,125.83817291259766,139200
2021-07-23,135.33999633789062,136.00999450683594,133.99000549316406,135.91000366210938,127.04401397705078,188600
2021-07-26,136.25999450683594,137.64999389648438,134.33999633789062,137.24000549316406,128.28729248046875,297900
2021-07-27,135.91000366210938,136.14999389648438,132.50999450683594,135.80999755859375,126.95050048828125,410600
2021-07-28,136.8300018310547,137.22000122070312,135.0,136.72999572753906,127.81050109863281,254800
2021-07-29,137.80999755859375,139.60000610351562,136.99000549316406,138.50999450683594,129.4744110107422,225500
2021-07-30,137.8300018310547,140.0,137.5500030517578,139.42999267578125,130.33438110351562,529500
2021-08-02,140.25,141.1199951171875,137.3000030517578,137.42999267578125,128.46485900878906,284900
2021-08-03,138.22999572753906,139.61000061035156,136.24000549316406,139.58999633789062,130.48394775390625,218000
2021-08-04,139.05999755859375,139.94000244140625,137.0800018310547,137.19000244140625,128.24046325683594,132000
2021-08-05,138.41000366210938,138.97000122070312,137.42999267578125,138.80999755859375,129.75486755371094,169700
2021-08-06,139.33999633789062,140.1300048828125,138.3800048828125,139.50999450683594,130.40919494628906,209400
2021-08-09,143.25999450683594,143.25999450683594,138.25999450683594,139.75,130.63348388671875,175700
2021-08-10,140.27999877929688,143.0800018310547,139.8000030517578,141.9499969482422,132.6900177001953,233900
2021-08-11,142.6199951171875,143.16000366210938,141.6999969482422,142.60000610351562,133.29759216308594,174600
2021-08-12,143.0399932861328,143.27000427246094,141.99000549316406,142.5500030517578,133.25088500976562,148000
2021-08-13,142.49000549316406,143.3000030517578,141.75,141.85000610351562,132.59652709960938,171000
2021-08-16,141.6300048828125,142.2100067138672,140.6300048828125,141.58999633789062,132.353515625,152200
2021-08-17,140.80999755859375,140.86000061035156,138.4600067138672,140.10000610351562,130.96072387695312,134400
2021-08-18,139.41000366210938,140.22999572753906,137.69000244140625,137.75999450683594,128.77333068847656,121100
2021-08-19,136.17999267578125,137.5,135.60000610351562,136.57000732421875,127.66098022460938,155600
2021-08-20,136.52999877929688,137.4499969482422,136.10000610351562,136.35000610351562,127.4552993774414,193700
2021-08-23,136.11000061035156,137.5800018310547,136.11000061035156,136.8300018310547,127.90399169921875,193400
2021-08-24,137.27000427246094,138.5800018310547,136.97999572753906,138.3300018310547,129.30613708496094,165300
2021-08-25,138.14999389648438,139.97999572753906,137.7100067138672,138.75,129.69874572753906,161000
2021-08-26,139.00999450683594,139.19000244140625,137.7899932861328,138.19000244140625,129.17529296875,119700
2021-08-27,138.7899932861328,140.83999633789062,138.66000366210938,140.36000061035156,131.2037353515625,197400
2021-08-30,140.6199951171875,141.69000244140625,140.1999969482422,141.4600067138672,132.23194885253906,118900
2021-08-31,141.4600067138672,141.6300048828125,139.22000122070312,139.61000061035156,130.50262451171875,152300
2021-09-01,140.19000244140625,140.19000244140625,136.24000549316406,137.1300048828125,128.18441772460938,246300
2021-09-02,137.77999877929688,138.4199981689453,136.72999572753906,137.8000030517578,128.81076049804688,144000
2021-09-03,137.42999267578125,138.0,136.1999969482422,136.3800048828125,127.48339080810547,83300
2021-09-07,135.89999389648438,135.89999389648438,133.47999572753906,134.05999755859375,125.31465911865234,185900
2021-09-08,133.89999389648438,136.17999267578125,133.66000366210938,135.6699981689453,126.81964874267578,264600
2021-09-09,135.38999938964844,136.5399932861328,133.55999755859375,134.2100067138672,125.45491027832031,145500
2021-09-10,135.0500030517578,135.69000244140625,133.3300018310547,133.3300018310547,124.63232421875,169600
2021-09-13,134.47999572753906,134.47999572753906,132.1999969482422,134.1199951171875,125.37078094482422,159100
2021-09-14,134.69000244140625,134.88999938964844,130.85000610351562,131.3800048828125,122.80955505371094,287300
2021-09-15,131.55999755859375,134.50999450683594,131.22999572753906,134.4499969482422,125.67926788330078,269400
2021-09-16,134.99000549316406,135.36000061035156,132.57000732421875,133.42999267578125,124.72579193115234,184700
2021-09-17,133.8300018310547,133.8300018310547,131.5800018310547,132.5,123.85643768310547,626000
2021-09-20,130.1999969482422,131.3300018310547,128.72000122070312,131.16000366210938,122.60387420654297,261900
2021-09-21,131.64999389648438,131.83999633789062,129.80999755859375,130.52000427246094,122.005615234375,181900
2021-09-22,131.27000427246094,133.02000427246094,131.27000427246094,132.02000427246094,123.40776062011719,185100
2021-09-23,132.72999572753906,134.3699951171875,131.74000549316406,133.6199951171875,124.90340423583984,304500
2021-09-24,133.3300018310547,133.97999572753906,133.02999877929688,133.14999389648438,124.46406555175781,158200
2021-09-27,133.02999877929688,134.88999938964844,133.02999877929688,133.6300048828125,124.9127197265625,166900
2021-09-28,133.4199981689453,133.75,130.6999969482422,131.72000122070312,123.12735748291016,198600
2021-09-29,131.8000030517578,132.85000610351562,130.16000366210938,132.13999938964844,124.00007629394531,170900
2021-09-30,132.80999755859375,133.77000427246094,128.5399932861328,128.7899932861328,120.85639953613281,414300
2021-10-01,129.05999755859375,131.17999267578125,127.9000015258789,130.63999938964844,122.59245300292969,289600
2021-10-04,130.52999877929688,132.8800048828125,129.77999877929688,132.24000549316406,124.09388732910156,234100
2021-10-05,132.86000061035156,134.80999755859375,131.75999450683594,134.24000549316406,125.97069549560547,229400
2021-10-06,133.36000061035156,134.58999633789062,130.9499969482422,134.4199981689453,126.13963317871094,212400
2021-10-07,135.17999267578125,136.9199981689453,135.17999267578125,136.00999450683594,127.63166046142578,141000
2021-10-08,136.24000549316406,136.5800018310547,134.6300048828125,135.72999572753906,127.3689193725586,155900
2021-10-11,135.4199981689453,135.97999572753906,133.22000122070312,133.3000030517578,125.08861541748047,128100
2021-10-12,133.36000061035156,134.30999755859375,131.6699981689453,131.8300018310547,123.70918273925781,146400
2021-10-13,132.11000061035156,133.22999572753906,131.10000610351562,132.47000122070312,124.3097152709961,149500
2021-10-14,133.33999633789062,136.7100067138672,133.05999755859375,136.39999389648438,127.99763488769531,135900
2021-10-15,137.35000610351562,139.22999572753906,135.49000549316406,138.80999755859375,130.25918579101562,175800
2021-10-18,138.5,139.94000244140625,137.39999389648438,139.5500030517578,130.95359802246094,190900
2021-10-19,139.1999969482422,140.44000244140625,138.9499969482422,140.11000061035156,131.47909545898438,114600
2021-10-20,140.8000030517578,144.9199981689453,140.00999450683594,144.57000732421875,135.6643524169922,295900
2021-10-21,143.94000244140625,145.7100067138672,143.0800018310547,145.69000244140625,136.71539306640625,164000
2021-10-22,146.4499969482422,147.02999877929688,144.32000732421875,144.50999450683594,135.60804748535156,145900
2021-10-25,144.07000732421875,146.2899932861328,143.41000366210938,145.61000061035156,136.64027404785156,214300
2021-10-26,146.02999877929688,147.0800018310547,144.7100067138672,145.5399932861328,136.5745849609375,227600
2021-10-27,145.30999755859375,146.35000610351562,143.8800048828125,143.94000244140625,135.0731658935547,303800
2021-10-28,143.55999755859375,143.57000732421875,138.47000122070312,140.39999389648438,131.75123596191406,304400
2021-10-29,141.02999877929688,143.22999572753906,140.1199951171875,142.39999389648438,133.6280059814453,354600
2021-11-01,142.82000732421875,144.3800048828125,140.94000244140625,142.91000366210938,134.10662841796875,234300
2021-11-02,142.92999267578125,144.86000061035156,141.74000549316406,144.0399932861328,135.16700744628906,202500
2021-11-03,143.74000549316406,144.00999450683594,139.9600067138672,141.42999267578125,132.71780395507812,200700
2021-11-04,141.8699951171875,143.92999267578125,141.27000427246094,142.2899932861328,133.52479553222656,156300
2021-11-05,143.6999969482422,144.3699951171875,142.64999389648438,143.30999755859375,134.4819793701172,150300
2021-11-08,143.82000732421875,144.44000244140625,142.69000244140625,144.0,135.1294708251953,176900
2021-11-09,144.02999877929688,144.7100067138672,142.4600067138672,144.00999450683594,135.1388397216797,124000
2021-11-10,143.72999572753906,144.60000610351562,142.92999267578125,143.38999938964844,134.55706787109375,93100
2021-11-11,143.85000610351562,143.85000610351562,142.27999877929688,142.8300018310547,134.0315399169922,84300
2021-11-12,143.1300048828125,144.5,142.22999572753906,144.27000427246094,135.3828887939453,82300
2021-11-15,145.1699981689453,145.82000732421875,143.6999969482422,145.7100067138672,136.734130859375,115900
2021-11-16,145.85000610351562,146.8800048828125,144.77000427246094,145.39999389648438,136.4432373046875,152000
2021-11-17,145.38999938964844,145.80999755859375,143.6999969482422,145.60000610351562,136.63092041015625,118700
2021-11-18,145.6300048828125,146.6300048828125,144.5399932861328,144.6699981689453,135.75819396972656,153000
2021-11-19,144.85000610351562,147.42999267578125,144.85000610351562,146.0399932861328,137.0437774658203,207600
2021-11-22,146.8300018310547,148.5399932861328,145.24000549316406,145.61000061035156,136.64027404785156,227300
2021-11-23,145.85000610351562,146.5,144.27999877929688,145.72000122070312,136.74351501464844,143600
2021-11-24,145.08999633789062,146.1999969482422,144.4600067138672,145.33999633789062,136.38693237304688,85600
2021-11-26,141.5,141.8699951171875,140.0,140.2100067138672,131.57296752929688,103100
2021-11-29,141.63999938964844,141.63999938964844,138.3300018310547,139.86000061035156,131.24449157714844,115300
2021-11-30,138.63999938964844,138.63999938964844,134.1999969482422,134.9600067138672,126.64632415771484,218100
2021-12-01,137.1199951171875,139.99000549316406,131.97000122070312,132.14999389648438,124.00945281982422,313100
2021-12-02,132.8699951171875,136.64999389648438,131.92999267578125,135.6199951171875,127.26567077636719,157600
2021-12-03,135.27999877929688,139.8800048828125,133.11000061035156,134.63999938964844,126.34603881835938,125200
2021-12-06,136.52999877929688,139.89999389648438,135.47000122070312,136.0399932861328,127.65979766845703,218400
2021-12-07,137.2100067138672,138.05999755859375,135.60000610351562,136.00999450683594,127.63166046142578,191900
2021-12-08,136.42999267578125,138.00999450683594,135.50999450683594,136.5500030517578,128.1383819580078,124200
2021-12-09,135.5800018310547,137.3000030517578,134.8800048828125,135.91000366210938,127.5378189086914,159500
2021-12-10,136.63999938964844,138.11000061035156,135.2100067138672,135.97999572753906,127.60350799560547,119500
2021-12-13,135.32000732421875,136.02999877929688,133.35000610351562,133.60000610351562,125.37012481689453,239600
2021-12-14,132.7100067138672,134.2899932861328,132.1300048828125,132.74000549316406,124.5630874633789,271200
2021-12-15,133.27999877929688,134.42999267578125,131.9199981689453,134.08999633789062,125.82991027832031,274600
2021-12-16,134.25999450683594,135.57000732421875,133.17999267578125,134.7100067138672,126.41175842285156,344600
2021-12-17,133.80999755859375,137.8800048828125,133.60000610351562,135.17999267578125,126.85279846191406,1156800
2021-12-20,133.75999450683594,134.0399932861328,129.6199951171875,131.41000366210938,123.3150405883789,403400
2021-12-21,132.7100067138672,135.7899932861328,131.69000244140625,135.25,126.91848754882812,179100
2021-12-22,135.3699951171875,136.19000244140625,134.3800048828125,135.7899932861328,127.42520904541016,128100
2021-12-23,136.5800018310547,138.0,136.5800018310547,137.55999755859375,129.086181640625,122400
2021-12-27,137.8300018310547,139.6300048828125,136.99000549316406,139.5399932861328,130.9442138671875,122200
2021-12-28,139.25999450683594,140.7899932861328,139.25999450683594,140.25999450683594,131.61985778808594,97600
2021-12-29,139.9499969482422,141.8000030517578,139.9499969482422,140.94000244140625,132.2579803466797,146500
2021-12-30,140.77000427246094,141.32000732421875,139.02999877929688,139.17999267578125,131.12738037109375,147900
2021-12-31,139.16000366210938,140.5500030517578,139.0399932861328,139.47000122070312,131.4005889892578,123700
2022-01-03,139.14999389648438,140.3699951171875,136.89999389648438,139.0800018310547,131.03318786621094,205800
2022-01-04,139.6199951171875,141.8699951171875,138.60000610351562,139.72000122070312,131.63613891601562,240300
2022-01-05,140.22999572753906,142.05999755859375,138.61000061035156,138.80999755859375,130.77883911132812,141200
2022-01-06,141.5399932861328,142.49000549316406,139.63999938964844,139.77999877929688,131.69268798828125,230500
2022-01-07,139.55999755859375,141.75999450683594,138.6699981689453,139.77999877929688,131.69268798828125,173300
2022-01-10,138.77000427246094,139.42999267578125,137.10000610351562,138.19000244140625,130.19468688964844,185100
2022-01-11,138.35000610351562,138.4199981689453,135.42999267578125,138.02999877929688,130.04396057128906,130500
2022-01-12,138.47999572753906,139.41000366210938,137.07000732421875,137.61000061035156,129.64822387695312,141000
2022-01-13,137.66000366210938,138.91000366210938,136.47000122070312,137.13999938964844,129.2054443359375,216200
2022-01-14,136.19000244140625,136.5399932861328,134.36000061035156,135.60000610351562,127.7545166015625,201400
2022-01-18,135.02000427246094,135.02000427246094,133.3800048828125,133.83999633789062,126.09635162353516,173800
2022-01-19,134.47000122070312,134.47000122070312,132.1999969482422,132.3699951171875,124.71138763427734,139000
2022-01-20,132.66000366210938,133.0399932861328,129.13999938964844,129.4499969482422,121.9603500366211,156100
2022-01-21,129.38999938964844,131.2899932861328,128.32000732421875,128.8800048828125,121.4233169555664,184100
2022-01-24,127.75,132.75999450683594,127.05000305175781,132.55999755859375,124.89039611816406,285400
2022-01-25,130.99000549316406,131.42999267578125,127.22000122070312,129.8699951171875,122.35604858398438,253500
2022-01-26,130.47999572753906,132.2899932861328,126.1500015258789,127.33000183105469,119.96302032470703,327900
2022-01-27,128.32000732421875,129.47000122070312,123.83999633789062,124.83000183105469,117.60765838623047,276400
2022-01-28,124.94999694824219,126.12999725341797,122.5999984741211,125.88999938964844,118.60633087158203,328600
2022-01-31,125.0,128.4199981689453,123.7699966430664,127.83999633789062,120.44349670410156,494000
2022-02-01,127.83999633789062,129.44000244140625,126.88999938964844,129.0800018310547,121.61176300048828,172700
2022-02-02,128.9199981689453,129.25999450683594,127.37000274658203,128.41000366210938,120.98052215576172,160600
2022-02-03,127.93000030517578,129.86000061035156,127.33000183105469,127.83999633789062,120.44349670410156,287400
2022-02-04,127.23999786376953,128.1999969482422,125.05000305175781,126.6500015258789,119.32234191894531,131100
2022-02-07,126.86000061035156,128.85000610351562,125.7300033569336,126.7300033569336,119.3977279663086,163400
2022-02-08,126.87000274658203,129.86000061035156,126.29000091552734,129.6300048828125,122.12995910644531,219400
2022-02-09,130.5399932861328,131.52000427246094,129.39999389648438,130.19000244140625,122.65753173828125,294600
2022-02-10,130.1199951171875,130.1199951171875,126.4000015258789,126.88999938964844,119.54847717285156,320500
2022-02-11,128.07000732421875,128.35000610351562,125.05000305175781,125.95999908447266,118.67225646972656,248000
2022-02-14,126.45999908447266,127.51000213623047,125.30000305175781,126.76000213623047,119.42597198486328,297900
2022-02-15,128.19000244140625,129.25,126.9000015258789,127.43000030517578,120.05720520019531,252400
2022-02-16,126.87000274658203,128.66000366210938,126.26000213623047,128.02999877929688,120.62251281738281,201400
2022-02-17,127.01000213623047,127.80999755859375,126.26000213623047,126.87000274658203,119.52963256835938,204600
2022-02-18,126.80999755859375,129.50999450683594,126.80999755859375,127.37999725341797,120.01009368896484,339800
2022-02-22,127.47000122070312,128.5800018310547,126.62000274658203,127.27999877929688,119.91590118408203,298700
2022-02-23,127.8499984741211,128.1199951171875,125.29000091552734,125.52999877929688,118.26714324951172,233400
2022-02-24,123.5999984741211,126.44999694824219,122.58000183105469,126.13999938964844,118.84185791015625,318000
2022-02-25,126.41999816894531,128.0399932861328,125.7699966430664,127.47000122070312,120.09492492675781,332800
2022-02-28,126.19000244140625,127.81999969482422,125.55000305175781,127.45999908447266,120.08548736572266,385400
2022-03-01,127.81999969482422,128.5,124.08999633789062,125.47000122070312,118.21063995361328,279700
2022-03-02,126.54000091552734,129.39999389648438,125.91999816894531,128.3800048828125,120.9522476196289,284500
2022-03-03,129.16000366210938,131.1199951171875,128.72999572753906,130.1300048828125,122.60102844238281,295800
2022-03-04,129.0500030517578,129.5,127.20999908447266,128.4199981689453,120.98995208740234,264100
2022-03-07,128.6699981689453,129.72999572753906,125.44000244140625,126.0,118.7099609375,453600
2022-03-08,126.76000213623047,130.77999877929688,126.30000305175781,126.5,119.18103790283203,687300
2022-03-09,128.35000610351562,129.33999633789062,126.44000244140625,126.98999786376953,119.64266967773438,415500
2022-03-10,125.79000091552734,126.27999877929688,124.7699966430664,125.9000015258789,118.61575317382812,211300
2022-03-11,126.4800033569336,127.80000305175781,125.5,125.69000244140625,118.41790008544922,253400
2022-03-14,126.69999694824219,127.87000274658203,125.94999694824219,127.25,119.88764190673828,286300
2022-03-15,127.38999938964844,129.64999389648438,127.38999938964844,129.33999633789062,121.8567123413086,226900
2022-03-16,129.8300018310547,132.2100067138672,129.02999877929688,131.75999450683594,124.13668823242188,364800
2022-03-17,131.85000610351562,132.75,130.9199981689453,132.50999450683594,124.84329223632812,184900
2022-03-18,132.7100067138672,134.88999938964844,131.0,134.17999267578125,126.41668701171875,517700
2022-03-21,134.63999938964844,135.10000610351562,133.4600067138672,134.25,126.48263549804688,254200
2022-03-22,134.41000366210938,135.3300018310547,133.8800048828125,135.11000061035156,127.29290008544922,339000
2022-03-23,135.33999633789062,135.52999877929688,133.30999755859375,133.3699951171875,125.65352630615234,289300
2022-03-24,134.1199951171875,135.05999755859375,133.11000061035156,133.4600067138672,125.73836517333984,268800
2022-03-25,133.47000122070312,134.72000122070312,132.83999633789062,134.72000122070312,126.92546081542969,221600
2022-03-28,134.52000427246094,135.39999389648438,133.5399932861328,134.91000366210938,127.10443878173828,200400
2022-03-29,135.75,139.83999633789062,135.4199981689453,139.4600067138672,131.39120483398438,447400
2022-03-30,138.97000122070312,139.5500030517578,137.1699981689453,138.5399932861328,131.0506591796875,279700
2022-03-31,138.44000244140625,139.66000366210938,136.77000427246094,137.80999755859375,130.36012268066406,281000
2022-04-01,138.1999969482422,139.16000366210938,136.97000122070312,137.44000244140625,130.0101318359375,379200
2022-04-04,137.44000244140625,137.77999877929688,135.5,135.77000427246094,128.430419921875,409200
2022-04-05,135.07000732421875,135.88999938964844,131.5500030517578,131.57000732421875,124.45748138427734,593300
2022-04-06,131.02000427246094,131.66000366210938,128.7100067138672,131.07000732421875,123.9844741821289,357900
2022-04-07,130.4600067138672,131.2899932861328,129.08999633789062,130.47999572753906,123.42636108398438,244400
2022-04-08,130.74000549316406,132.05999755859375,129.7100067138672,129.88999938964844,122.8682632446289,200400
2022-04-11,129.5500030517578,130.47000122070312,127.12999725341797,127.26000213623047,120.38044738769531,238000
2022-04-12,127.30999755859375,129.17999267578125,126.80000305175781,127.58000183105469,120.68315124511719,296000
2022-04-13,127.38999938964844,129.67999267578125,127.38999938964844,129.52999877929688,122.52772521972656,182300
2022-04-14,128.99000549316406,130.3300018310547,128.7899932861328,129.47000122070312,122.4709701538086,204200
2022-04-18,129.00999450683594,130.58999633789062,128.69000244140625,129.3699951171875,122.3763656616211,310500
2022-04-19,129.32000732421875,132.61000061035156,129.32000732421875,132.61000061035156,125.44123077392578,201800
2022-04-20,133.47999572753906,135.42999267578125,132.97000122070312,133.25,126.0466537475586,275300
2022-04-21,134.67999267578125,134.89999389648438,132.75,133.16000366210938,125.96149444580078,233600
2022-04-22,132.25999450683594,132.97999572753906,129.5399932861328,130.05999755859375,123.0290756225586,204700
2022-04-25,129.72999572753906,130.1199951171875,126.61000061035156,129.92999267578125,122.90608978271484,246600
2022-04-26,128.80999755859375,129.72000122070312,126.83999633789062,126.93000030517578,120.06828308105469,225100
2022-04-27,127.38999938964844,129.33999633789062,126.83000183105469,128.35000610351562,121.41152954101562,284400
2022-04-28,136.16000366210938,137.5399932861328,133.14999389648438,135.85000610351562,128.50608825683594,546900
2022-04-29,134.94000244140625,138.1300048828125,134.47999572753906,134.72999572753906,127.44664001464844,564400
2022-05-02,135.25,135.9199981689453,131.1999969482422,133.10000610351562,125.90475463867188,364900
2022-05-03,133.14999389648438,135.89999389648438,132.4199981689453,135.17999267578125,127.87230682373047,261100
2022-05-04,135.17999267578125,139.63999938964844,134.85000610351562,139.3699951171875,131.83578491210938,216100
2022-05-05,139.0800018310547,139.17999267578125,134.7899932861328,135.75,128.4114990234375,192500
2022-05-06,135.22000122070312,136.13999938964844,132.38999938964844,136.1199951171875,128.76145935058594,300800
2022-05-09,135.66000366210938,138.77999877929688,135.66000366210938,136.67999267578125,129.2911834716797,405200
2022-05-10,138.32000732421875,138.32000732421875,132.02000427246094,134.0800018310547,126.8317642211914,306300
2022-05-11,133.75999450683594,136.02999877929688,132.9499969482422,133.8699951171875,126.63311004638672,388700
2022-05-12,134.2100067138672,134.9199981689453,129.77999877929688,133.1999969482422,125.99932861328125,532800
2022-05-13,133.8000030517578,134.97999572753906,131.4499969482422,133.25,126.0466537475586,450100
2022-05-16,133.13999938964844,134.4199981689453,130.63999938964844,133.8300018310547,126.59527587890625,218200
2022-05-17,135.36000061035156,136.3699951171875,133.88999938964844,135.67999267578125,128.34527587890625,272100
2022-05-18,135.1300048828125,136.11000061035156,131.85000610351562,132.1300048828125,124.98716735839844,286900
2022-05-19,131.25999450683594,133.66000366210938,129.85000610351562,132.05999755859375,124.92096710205078,223300
2022-05-20,132.97000122070312,133.1300048828125,128.10000610351562,130.75999450683594,123.69120788574219,252000
2022-05-23,131.82000732421875,132.5500030517578,130.24000549316406,130.64999389648438,123.58719635009766,302600
2022-05-24,129.5500030517578,131.3800048828125,127.44999694824219,129.92999267578125,122.90608978271484,220000
2022-05-25,129.13999938964844,131.2899932861328,128.49000549316406,130.6199951171875,123.55879211425781,213500
2022-05-26,131.1199951171875,134.1199951171875,130.69000244140625,133.44000244140625,126.22637176513672,164700
2022-05-27,133.97000122070312,135.91000366210938,133.97000122070312,135.91000366210938,128.5628204345703,165100
2022-05-31,135.14999389648438,136.63999938964844,134.02000427246094,135.82000732421875,128.4777069091797,275600
2022-06-01,136.4600067138672,136.83999633789062,133.8800048828125,135.75999450683594,128.42092895507812,161700
2022-06-02,136.61000061035156,138.6699981689453,135.72000122070312,138.55999755859375,131.06956481933594,173100
2022-06-03,138.0399932861328,138.94000244140625,136.94000244140625,137.6300048828125,130.1898193359375,161700
2022-06-06,138.22000122070312,139.58999633789062,137.63999938964844,139.27999877929688,131.75067138671875,174600
2022-06-07,138.27000427246094,140.44000244140625,137.44000244140625,140.3300018310547,132.74388122558594,168000
2022-06-08,139.80999755859375,139.80999755859375,138.07000732421875,138.39999389648438,130.91819763183594,162900
2022-06-09,138.7100067138672,140.6999969482422,137.83999633789062,138.55999755859375,131.06956481933594,326800
2022-06-10,136.57000732421875,136.60000610351562,134.1300048828125,134.6699981689453,127.38985443115234,244900
2022-06-13,132.30999755859375,132.58999633789062,129.17999267578125,129.72000122070312,122.70745849609375,286800
2022-06-14,129.6199951171875,130.97000122070312,126.37000274658203,127.81999969482422,120.91018676757812,341300
2022-06-15,128.7100067138672,129.0800018310547,126.37999725341797,127.69000244140625,120.78720092773438,278500
2022-06-16,125.86000061035156,126.06999969482422,121.83999633789062,124.0,117.29667663574219,523400
2022-06-17,124.87000274658203,124.91000366210938,121.94000244140625,122.31999969482422,115.7074966430664,656700
2022-06-21,123.38999938964844,124.30999755859375,121.01000213623047,123.94999694824219,117.24937438964844,342500
2022-06-22,122.56999969482422,124.83000183105469,121.9800033569336,124.29000091552734,117.57101440429688,289100
2022-06-23,123.76000213623047,124.9000015258789,120.3499984741211,121.7699966430664,115.18721771240234,307700
2022-06-24,123.0199966430664,125.80000305175781,122.48999786376953,125.77999877929688,118.98045349121094,497600
2022-06-27,126.3499984741211,127.69000244140625,125.06999969482422,127.55999755859375,120.66423034667969,204800
2022-06-28,127.55999755859375,128.89999389648438,124.6500015258789,124.9800033569336,118.22370147705078,458700
2022-06-29,124.6500015258789,124.6500015258789,122.12000274658203,122.7699966430664,116.65586853027344,247000
2022-06-30,121.8499984741211,123.79000091552734,121.33000183105469,123.36000061035156,117.21649932861328,315100
2022-07-01,123.2300033569336,125.02999877929688,121.80000305175781,124.23999786376953,118.05266571044922,187300
2022-07-05,122.08999633789062,122.41000366210938,118.94999694824219,121.7300033569336,115.66767883300781,489300
2022-07-06,121.87000274658203,123.02999877929688,120.54000091552734,122.11000061035156,116.02873992919922,320100
2022-07-07,123.20999908447266,125.19999694824219,123.20999908447266,125.0,118.77481079101562,259700
2022-07-08,124.9000015258789,125.04000091552734,123.30000305175781,123.45999908447266,117.31150817871094,147000
2022-07-11,122.22000122070312,123.81999969482422,122.22000122070312,122.83999633789062,116.7223892211914,173900
2022-07-12,122.83999633789062,124.69000244140625,121.86000061035156,122.18000030517578,116.0952377319336,207000
2022-07-13,121.0,123.43000030517578,119.91999816894531,121.08000183105469,115.05004119873047,172000
2022-07-14,119.88999938964844,119.93000030517578,118.16999816894531,119.5999984741211,113.64374542236328,369000
2022-07-15,121.13999938964844,123.73999786376953,119.9800033569336,122.6500015258789,116.54186248779297,584600
2022-07-18,122.66000366210938,123.68000030517578,121.7699966430664,122.12000274658203,116.03823852539062,210100
2022-07-19,123.4800033569336,126.88999938964844,123.37000274658203,126.48999786376953,120.19059753417969,191600
2022-07-20,126.41000366210938,127.7300033569336,125.30000305175781,127.30000305175781,120.96028900146484,184700
2022-07-21,127.51000213623047,128.63999938964844,124.05999755859375,128.5500030517578,122.14803314208984,270400
2022-07-22,129.30999755859375,129.49000549316406,126.87999725341797,127.66000366210938,121.3023452758789,220100
2022-07-25,128.22000122070312,129.49000549316406,127.13999938964844,129.13999938964844,122.7086410522461,298900
2022-07-26,129.35000610351562,130.4600067138672,126.95999908447266,130.2100067138672,123.7253646850586,240800
2022-07-27,130.25,134.47000122070312,129.80999755859375,133.7100067138672,127.05106353759766,353200
2022-07-28,134.5500030517578,137.61000061035156,133.61000061035156,136.5800018310547,129.77813720703125,382300
2022-07-29,138.10000610351562,142.0,133.44000244140625,141.44000244140625,134.3960723876953,449100
2022-08-01,140.27000427246094,141.94000244140625,139.80999755859375,140.72000122070312,133.7119140625,269900
2022-08-02,140.50999450683594,140.67999267578125,138.4199981689453,138.72999572753906,131.82101440429688,187000
2022-08-03,139.08999633789062,140.25,137.74000549316406,139.57000732421875,132.6192169189453,146700
2022-08-04,139.60000610351562,141.64999389648438,138.89999389648438,141.35000610351562,134.31057739257812,285700
2022-08-05,140.1999969482422,142.6199951171875,140.1999969482422,142.61000061035156,135.5078125,209700
2022-08-08,142.75,143.6999969482422,141.55999755859375,141.89999389648438,134.83314514160156,195800
2022-08-09,142.3000030517578,142.69000244140625,138.92999267578125,141.52999877929688,134.48159790039062,243400
2022-08-10,143.92999267578125,145.07000732421875,143.5,144.0,136.82858276367188,246400
2022-08-11,144.86000061035156,146.17999267578125,143.47000122070312,144.83999633789062,137.6267852783203,187000
2022-08-12,145.35000610351562,147.3000030517578,143.67999267578125,147.3000030517578,139.96424865722656,125500
2022-08-15,146.82000732421875,148.4199981689453,145.9499969482422,148.07000732421875,140.69589233398438,180200
2022-08-16,147.5500030517578,148.5,147.0,147.99000549316406,140.619873046875,194800
2022-08-17,147.0500030517578,147.83999633789062,146.22000122070312,147.35000610351562,140.0117645263672,174400
2022-08-18,147.6999969482422,148.27999877929688,147.13999938964844,147.77999877929688,140.42031860351562,95900
2022-08-19,147.02999877929688,147.94000244140625,146.22999572753906,147.1999969482422,139.86920166015625,153500
2022-08-22,146.17999267578125,146.17999267578125,143.6699981689453,143.99000549316406,136.81912231445312,153100
2022-08-23,144.30999755859375,145.5399932861328,143.50999450683594,143.6199951171875,136.46749877929688,172300
2022-08-24,143.52000427246094,144.33999633789062,142.94000244140625,143.7100067138672,136.55303955078125,159300
2022-08-25,144.35000610351562,145.7100067138672,143.97000122070312,145.5,138.25390625,170500
2022-08-26,145.6999969482422,145.6999969482422,140.77999877929688,140.89999389648438,133.88294982910156,165500
2022-08-29,140.61000061035156,140.7100067138672,138.75999450683594,139.9499969482422,132.9802703857422,121700
2022-08-30,139.77000427246094,142.24000549316406,137.55999755859375,137.92999267578125,131.0608367919922,251600
2022-08-31,138.25,139.2100067138672,136.14999389648438,136.69000244140625,129.8826446533203,158600
2022-09-01,135.97999572753906,137.47999572753906,135.25999450683594,137.14999389648438,130.31971740722656,226300
2022-09-02,137.72000122070312,138.75999450683594,135.08999633789062,135.50999450683594,128.76138305664062,242300
2022-09-06,135.0800018310547,136.27999877929688,133.99000549316406,135.72999572753906,128.97044372558594,158200
2022-09-07,135.57000732421875,138.88999938964844,134.85000610351562,138.11000061035156,131.23190307617188,203900
2022-09-08,136.92999267578125,138.6699981689453,135.82000732421875,138.57000732421875,131.6690216064453,147600
2022-09-09,139.25999450683594,140.63999938964844,139.08999633789062,139.77000427246094,132.80923461914062,188500
2022-09-12,141.39999389648438,141.69000244140625,140.39999389648438,141.4600067138672,134.41510009765625,192800
2022-09-13,139.0500030517578,140.8699951171875,139.0399932861328,139.5800018310547,132.6287078857422,249400
2022-09-14,139.6699981689453,140.30999755859375,137.75,139.5399932861328,132.59066772460938,317800
2022-09-15,139.0800018310547,140.3699951171875,136.42999267578125,136.83999633789062,130.02517700195312,267400
2022-09-16,135.6999969482422,135.94000244140625,132.75999450683594,134.02999877929688,127.3551025390625,454400
2022-09-19,133.89999389648438,137.6199951171875,133.60000610351562,137.3300018310547,130.49078369140625,316200
2022-09-20,137.32000732421875,137.32000732421875,134.41000366210938,135.8699951171875,129.1034698486328,163500
2022-09-21,137.00999450683594,138.13999938964844,134.57000732421875,134.6199951171875,127.91572570800781,201200
2022-09-22,133.85000610351562,134.42999267578125,129.77999877929688,129.86000061035156,123.39279174804688,271400
2022-09-23,128.6300048828125,129.27000427246094,126.16999816894531,127.55000305175781,121.19782257080078,388900
2022-09-26,127.22000122070312,129.38999938964844,126.20999908447266,126.7300033569336,120.41866302490234,292900
2022-09-27,127.72000122070312,128.08999633789062,124.66000366210938,125.69999694824219,119.43995666503906,467600
2022-09-28,126.73999786376953,128.9199981689453,125.56999969482422,127.9000015258789,121.5303955078125,294000
2022-09-29,126.41999816894531,127.19999694824219,124.94999694824219,127.13999938964844,121.33951568603516,245500
2022-09-30,127.22000122070312,127.94000244140625,125.4800033569336,125.72000122070312,119.98428344726562,301100
2022-10-03,127.22000122070312,128.58999633789062,125.94000244140625,127.27999877929688,121.47313690185547,354000
2022-10-04,128.8000030517578,130.32000732421875,128.0800018310547,130.17999267578125,124.2408218383789,366700
2022-10-05,129.60000610351562,131.64999389648438,129.24000549316406,130.10000610351562,124.16449737548828,300400
2022-10-06,129.49000549316406,130.14999389648438,126.9800033569336,127.20999908447266,121.40632629394531,341900
2022-10-07,126.23999786376953,126.23999786376953,122.9800033569336,124.04000091552734,118.38093566894531,240100
2022-10-10,124.29000091552734,124.75,120.48999786376953,122.44000244140625,116.85396575927734,356500
2022-10-11,121.93000030517578,124.31999969482422,121.66999816894531,123.37000274658203,117.74152374267578,268100
2022-10-12,123.80000305175781,124.30999755859375,122.37000274658203,122.44000244140625,116.85396575927734,187900
2022-10-13,120.16999816894531,125.5,120.01000213623047,124.68000030517578,118.99174499511719,270600
2022-10-14,126.2699966430664,126.29000091552734,122.16000366210938,122.5,116.91121673583984,346300
2022-10-17,124.19000244140625,126.72000122070312,124.12999725341797,126.37000274658203,120.60464477539062,303200
2022-10-18,128.5,129.99000549316406,127.33999633789062,129.80999755859375,123.88770294189453,347000
2022-10-19,130.0500030517578,130.58999633789062,127.9800033569336,130.00999450683594,124.07857513427734,325200
2022-10-20,130.44000244140625,130.69000244140625,126.44000244140625,126.66999816894531,120.89095306396484,254100
2022-10-21,127.01000213623047,131.75,126.77999877929688,131.3300018310547,125.33834075927734,405700
2022-10-24,132.2100067138672,133.85000610351562,131.77000427246094,132.99000549316406,126.9226303100586,362400
2022-10-25,132.88999938964844,137.0800018310547,132.5,136.99000549316406,130.74012756347656,369900
2022-10-26,137.47999572753906,139.57000732421875,136.3800048828125,138.32000732421875,132.0094757080078,481400
2022-10-27,139.22000122070312,143.10000610351562,138.47000122070312,139.91000366210938,133.52691650390625,615000
2022-10-28,141.4600067138672,142.61000061035156,140.10000610351562,140.77000427246094,134.34767150878906,415500
2022-10-31,140.74000549316406,142.61000061035156,139.44000244140625,142.0,135.5215606689453,635400
2022-11-01,143.36000061035156,143.6300048828125,141.3000030517578,142.89999389648438,136.3804931640625,408700
2022-11-02,141.89999389648438,143.22000122070312,138.67999267578125,138.77000427246094,132.43893432617188,348900
2022-11-03,137.6699981689453,141.52000427246094,136.0,140.8300018310547,134.4049530029297,261900
2022-11-04,142.50999450683594,144.0,140.32000732421875,142.58999633789062,136.08465576171875,220200
2022-11-07,142.77000427246094,143.97999572753906,141.13999938964844,143.50999450683594,136.96267700195312,242900
2022-11-08,143.91000366210938,146.14999389648438,143.22999572753906,145.50999450683594,138.8714141845703,245500
2022-11-09,144.14999389648438,145.99000549316406,143.02000427246094,144.13999938964844,137.5639190673828,247300
2022-11-10,148.0,148.0,144.13999938964844,145.8000030517578,139.14822387695312,487900
2022-11-11,145.6999969482422,146.69000244140625,144.4499969482422,145.44000244140625,138.8046112060547,252200
2022-11-14,145.5399932861328,148.38999938964844,143.80999755859375,145.91000366210938,139.253173828125,361800
2022-11-15,146.5500030517578,150.00999450683594,146.3699951171875,148.4199981689453,141.64865112304688,311300
2022-11-16,148.39999389648438,149.3300018310547,146.97999572753906,148.41000366210938,141.63912963867188,255000
2022-11-17,146.74000549316406,147.8300018310547,143.22999572753906,145.8300018310547,139.17681884765625,274300
2022-11-18,147.67999267578125,148.6699981689453,146.24000549316406,147.72999572753906,140.9901580810547,291800
2022-11-21,147.8699951171875,149.32000732421875,147.6999969482422,149.0,142.2022247314453,172800
2022-11-22,149.89999389648438,149.9499969482422,147.3800048828125,149.63999938964844,142.81300354003906,324400
2022-11-23,149.69000244140625,150.67999267578125,148.07000732421875,148.2899932861328,141.52459716796875,826800
2022-11-25,149.00999450683594,149.7899932861328,148.35000610351562,148.9499969482422,142.1544952392578,93700
2022-11-28,147.8300018310547,148.32000732421875,145.1300048828125,145.5399932861328,138.90005493164062,186700
2022-11-29,145.05999755859375,146.24000549316406,144.38999938964844,144.7899932861328,138.1842803955078,177100
2022-11-30,145.17999267578125,148.08999633789062,142.83999633789062,147.8800048828125,141.13333129882812,379300
2022-12-01,149.11000061035156,149.99000549316406,146.86000061035156,148.1699981689453,141.41004943847656,251800
2022-12-02,147.27999877929688,149.10000610351562,146.3800048828125,148.22999572753906,141.46731567382812,230300
2022-12-05,147.47999572753906,147.57000732421875,145.8699951171875,146.58999633789062,139.90216064453125,163400
2022-12-06,146.60000610351562,146.8300018310547,142.08999633789062,143.82000732421875,137.258544921875,291600
2022-12-07,143.82000732421875,146.91000366210938,143.82000732421875,146.6300048828125,139.94036865234375,326600
2022-12-08,147.42999267578125,148.44000244140625,146.11000061035156,147.82000732421875,141.07606506347656,249500
2022-12-09,147.75999450683594,148.5,145.52999877929688,145.75999450683594,139.11001586914062,199100
2022-12-12,146.3699951171875,147.88999938964844,144.72000122070312,147.6699981689453,140.93284606933594,163100
2022-12-13,150.14999389648438,150.33999633789062,147.27999877929688,147.72999572753906,140.9901580810547,228900
2022-12-14,148.4199981689453,149.47999572753906,145.64999389648438,146.14999389648438,139.48220825195312,221600
2022-12-15,144.80999755859375,144.80999755859375,141.7100067138672,143.05999755859375,136.533203125,367600
2022-12-16,141.6699981689453,143.50999450683594,141.00999450683594,142.08999633789062,135.6074676513672,920100
2022-12-19,141.83999633789062,143.4199981689453,139.9199981689453,140.5,134.0899658203125,209300
2022-12-20,140.1300048828125,142.97999572753906,139.94000244140625,140.5,134.0899658203125,236300
2022-12-21,141.39999389648438,144.3000030517578,141.1999969482422,144.13999938964844,137.5639190673828,292400
2022-12-22,142.97999572753906,144.9499969482422,141.72999572753906,143.9499969482422,137.38259887695312,362100
2022-12-23,143.9499969482422,145.50999450683594,143.36000061035156,145.0500030517578,138.43240356445312,224800
2022-12-27,145.94000244140625,148.2100067138672,145.69000244140625,146.5500030517578,139.86398315429688,458300
2022-12-28,146.74000549316406,147.47999572753906,142.47000122070312,142.66000366210938,136.15145874023438,691400
2022-12-29,142.88999938964844,145.91000366210938,141.97999572753906,145.47000122070312,139.4589080810547,282300
2022-12-30,144.52000427246094,145.07000732421875,143.52000427246094,144.49000549316406,138.5194091796875,214900
2023-01-03,144.94000244140625,146.67999267578125,143.75999450683594,146.17999267578125,140.13955688476562,268700
2023-01-04,147.27000427246094,149.02000427246094,146.61000061035156,148.86000061035156,142.70880126953125,370900
2023-01-05,148.6199951171875,149.22000122070312,147.75,148.35000610351562,142.2198944091797,226200
2023-01-06,149.85000610351562,154.8000030517578,149.85000610351562,153.64999389648438,147.30088806152344,382000
2023-01-09,153.64999389648438,156.60000610351562,153.3800048828125,154.27000427246094,147.89529418945312,401000
2023-01-10,154.14999389648438,155.7100067138672,153.3000030517578,155.24000549316406,148.8251953125,494000
2023-01-11,155.77999877929688,157.75,155.5399932861328,157.17999267578125,150.68499755859375,204100
2023-01-12,157.97999572753906,158.92999267578125,156.47999572753906,157.17999267578125,150.68499755859375,232800
2023-01-13,156.74000549316406,158.7899932861328,152.19000244140625,158.07000732421875,151.53823852539062,218800
2023-01-17,158.22000122070312,159.39999389648438,157.33999633789062,159.0,152.42979431152344,256000
2023-01-18,159.36000061035156,159.7899932861328,155.6199951171875,156.58999633789062,150.11936950683594,387700
2023-01-19,156.4600067138672,156.52000427246094,154.0399932861328,154.3000030517578,147.92401123046875,431500
2023-01-20,154.82000732421875,156.9600067138672,153.77000427246094,156.72999572753906,150.25360107421875,298500
2023-01-23,157.0,158.1699981689453,156.24000549316406,157.9499969482422,151.42318725585938,365000
2023-01-24,158.67999267578125,159.9600067138672,157.0,158.25,151.71080017089844,434500
2023-01-25,157.41000366210938,158.49000549316406,156.0,157.92999267578125,151.4040069580078,966500
2023-01-26,158.22999572753906,160.77999877929688,157.5,160.7100067138672,154.06915283203125,334100
2023-01-27,160.1300048828125,163.9600067138672,160.08999633789062,163.10000610351562,156.3603973388672,391200
2023-01-30,163.1999969482422,163.5,161.92999267578125,162.7899932861328,156.0631866455078,343800
2023-01-31,162.7899932861328,167.30999755859375,162.39999389648438,166.8699951171875,159.97459411621094,585700
2023-02-01,166.60000610351562,170.75,165.89999389648438,169.57000732421875,162.56304931640625,337100
2023-02-02,169.77000427246094,172.83999633789062,169.16000366210938,172.14999389648438,165.0364227294922,333600
2023-02-03,171.50999450683594,174.6199951171875,171.1699981689453,174.5,167.28932189941406,627000
2023-02-06,172.8000030517578,174.0,171.52999877929688,172.5,165.3719482421875,347100
2023-02-07,171.8000030517578,173.92999267578125,171.02000427246094,173.6999969482422,166.52239990234375,437900
2023-02-08,172.72000122070312,173.5399932861328,172.13999938964844,172.32000732421875,165.19940185546875,330800
2023-02-09,173.66000366210938,174.27000427246094,171.69000244140625,171.97999572753906,164.8734588623047,194700
2023-02-10,171.97999572753906,172.6300048828125,171.0500030517578,172.33999633789062,165.2185821533203,186200
2023-02-13,172.0500030517578,174.1999969482422,172.0500030517578,173.89999389648438,166.71412658691406,288100
2023-02-14,173.97000122070312,174.64999389648438,172.52999877929688,174.30999755859375,167.10714721679688,250400
2023-02-15,173.30999755859375,176.19000244140625,173.30999755859375,175.97000122070312,168.69857788085938,256700
2023-02-16,173.9199981689453,176.0,173.07000732421875,174.3800048828125,167.17425537109375,441500
2023-02-17,174.25999450683594,176.52000427246094,173.4199981689453,176.2899932861328,169.00535583496094,601700
2023-02-21,168.7100067138672,173.0,163.11000061035156,163.33999633789062,156.5904541015625,918400
2023-02-22,164.55999755859375,165.5500030517578,162.02999877929688,164.0500030517578,157.27113342285156,743000
2023-02-23,164.92999267578125,166.7899932861328,163.3000030517578,166.30999755859375,159.43772888183594,914900
2023-02-24,165.0,166.22999572753906,162.6999969482422,165.91000366210938,159.05429077148438,307700
2023-02-27,167.0800018310547,170.75,166.99000549316406,168.02000427246094,161.07708740234375,596500
2023-02-28,168.50999450683594,169.8699951171875,167.4499969482422,167.92999267578125,160.99078369140625,417700
2023-03-01,167.00999450683594,170.0,166.8000030517578,169.1999969482422,162.2083282470703,285600
2023-03-02,168.75999450683594,171.89999389648438,168.02000427246094,171.89999389648438,164.7967529296875,318800
2023-03-03,172.6199951171875,174.1199951171875,171.07000732421875,173.44000244140625,166.27310180664062,276200
2023-03-06,173.00999450683594,174.1199951171875,169.75,170.74000549316406,163.6846923828125,425400
2023-03-07,170.50999450683594,171.16000366210938,169.77000427246094,170.33999633789062,163.30120849609375,408300
2023-03-08,170.0,172.0399932861328,170.0,171.72999572753906,164.63377380371094,209100
2023-03-09,172.10000610351562,173.88999938964844,171.0800018310547,171.3300018310547,164.2502899169922,397200
2023-03-10,170.94000244140625,170.94000244140625,166.24000549316406,166.52999877929688,159.64865112304688,436800
2023-03-13,164.47999572753906,167.32000732421875,164.10000610351562,165.47000122070312,158.63243103027344,193800
2023-03-14,168.02999877929688,170.1699981689453,166.97999572753906,169.39999389648438,162.40005493164062,293400
2023-03-15,165.77000427246094,166.32000732421875,160.74000549316406,163.02000427246094,156.28369140625,370100
2023-03-16,161.25999450683594,163.57000732421875,160.82000732421875,162.7899932861328,156.0631866455078,664100
2023-03-17,162.08999633789062,162.08999633789062,159.41000366210938,160.58999633789062,153.9541015625,1155800
2023-03-20,161.5399932861328,164.61000061035156,161.5399932861328,163.9199981689453,157.146484375,369600
2023-03-21,165.99000549316406,167.1999969482422,165.0,167.0800018310547,160.1759490966797,300700
2023-03-22,166.6699981689453,167.02999877929688,162.80999755859375,163.05999755859375,156.32203674316406,428400
2023-03-23,163.25999450683594,165.52000427246094,162.0399932861328,163.72000122070312,156.9547576904297,412100
2023-03-24,162.11000061035156,162.6300048828125,158.74000549316406,160.77000427246094,154.12669372558594,537800
2023-03-27,161.86000061035156,163.6300048828125,160.67999267578125,162.27999877929688,155.57424926757812,351700
2023-03-28,162.66000366210938,165.10000610351562,162.5,164.8699951171875,158.05723571777344,291600
2023-03-29,165.2100067138672,167.00999450683594,164.55999755859375,166.8699951171875,159.97459411621094,257400
2023-03-30,167.5800018310547,168.44000244140625,166.86000061035156,167.7899932861328,161.4759063720703,254700
2023-03-31,168.6699981689453,169.63999938964844,167.8000030517578,169.10000610351562,162.7366180419922,285000
2023-04-03,168.7100067138672,170.6300048828125,167.55999755859375,169.1300048828125,162.76548767089844,297100
2023-04-04,168.69000244140625,168.69000244140625,161.6199951171875,162.5800018310547,156.46194458007812,408600
2023-04-05,161.38999938964844,161.8699951171875,157.17999267578125,158.86000061035156,152.88194274902344,465100
2023-04-06,158.6300048828125,158.6300048828125,153.58999633789062,154.17999267578125,148.37806701660156,733600
2023-04-10,153.3800048828125,159.67999267578125,152.36000061035156,159.5500030517578,153.5459747314453,630900
2023-04-11,160.3699951171875,161.39999389648438,159.47000122070312,160.3800048828125,154.34474182128906,240000
2023-04-12,161.35000610351562,161.67999267578125,159.91000366210938,160.2100067138672,154.18113708496094,371800
2023-04-13,159.72999572753906,159.97999572753906,156.4499969482422,159.5399932861328,153.53636169433594,329400
2023-04-14,159.0800018310547,161.74000549316406,158.3800048828125,159.0,153.0166473388672,243300
2023-04-17,159.42999267578125,160.61000061035156,159.42999267578125,160.1699981689453,154.14263916015625,225500
2023-04-18,161.0,161.72000122070312,159.6199951171875,161.0800018310547,155.01840209960938,181200
2023-04-19,161.00999450683594,161.00999450683594,158.9499969482422,160.3300018310547,154.29660034179688,170500
2023-04-20,159.69000244140625,160.5800018310547,158.83999633789062,159.7899932861328,153.77696228027344,226600
2023-04-21,160.07000732421875,160.2899932861328,157.86000061035156,160.0399932861328,154.01751708984375,325900
2023-04-24,159.97999572753906,161.72000122070312,159.52000427246094,160.72999572753906,154.68154907226562,332200
2023-04-25,160.22000122070312,160.58999633789062,158.38999938964844,158.38999938964844,152.4296112060547,507800
2023-04-26,157.52000427246094,159.3699951171875,155.22000122070312,156.0500030517578,150.17771911621094,1160100
2023-04-27,159.11000061035156,164.3699951171875,156.8000030517578,163.80999755859375,157.64566040039062,805700
2023-04-28,164.61000061035156,169.5500030517578,162.0800018310547,167.8000030517578,161.48553466796875,835300
2023-05-01,167.52999877929688,171.5800018310547,167.52999877929688,170.6199951171875,164.19940185546875,453900
2023-05-02,170.52999877929688,171.3699951171875,167.19000244140625,170.17999267578125,163.7759552001953,391800
2023-05-03,170.67999267578125,173.22000122070312,169.8800048828125,169.9600067138672,163.56427001953125,330800
2023-05-04,170.0500030517578,170.0500030517578,166.0,166.6699981689453,160.39805603027344,327500
2023-05-05,168.8300018310547,171.1300048828125,167.2899932861328,170.4600067138672,164.0454559326172,299200
2023-05-08,170.6300048828125,171.82000732421875,168.9199981689453,169.5,163.12155151367188,194800
2023-05-09,168.94000244140625,170.02999877929688,168.3300018310547,169.22000122070312,162.85208129882812,214900
2023-05-10,170.08999633789062,170.25999450683594,165.1999969482422,168.08999633789062,161.76463317871094,254800
2023-05-11,167.57000732421875,167.57000732421875,165.9600067138672,167.02999877929688,160.7445068359375,196200
2023-05-12,167.8800048828125,168.8300018310547,166.55999755859375,168.3300018310547,161.99557495117188,241300
2023-05-15,168.3300018310547,169.82000732421875,167.4499969482422,169.72999572753906,163.34291076660156,230800
2023-05-16,168.82000732421875,169.36000061035156,166.58999633789062,167.44000244140625,161.13905334472656,331800
2023-05-17,168.3300018310547,169.47999572753906,167.4499969482422,169.1199951171875,162.75584411621094,227300
2023-05-18,168.89999389648438,171.17999267578125,168.17999267578125,170.39999389648438,163.98768615722656,231700
2023-05-19,171.85000610351562,172.61000061035156,169.74000549316406,170.1999969482422,163.79519653320312,240600
2023-05-22,170.69000244140625,171.94000244140625,169.17999267578125,171.27999877929688,164.83457946777344,212100
2023-05-23,170.88999938964844,171.99000549316406,168.88999938964844,169.77000427246094,163.38140869140625,446900
2023-05-24,169.5,169.5500030517578,167.5800018310547,168.5500030517578,162.20730590820312,944300
2023-05-25,169.19000244140625,172.1300048828125,168.22999572753906,170.99000549316406,164.55548095703125,343100
2023-05-26,171.3300018310547,174.3300018310547,170.67999267578125,173.63999938964844,167.10574340820312,236000
2023-05-30,174.7899932861328,176.5500030517578,174.0800018310547,175.33999633789062,168.74179077148438,456000
2023-05-31,174.4199981689453,175.36000061035156,169.5,169.66000366210938,163.27552795410156,446500
2023-06-01,170.1300048828125,175.47000122070312,169.85000610351562,175.25,168.65518188476562,446000
2023-06-02,176.8800048828125,182.2899932861328,176.77999877929688,181.8000030517578,174.95867919921875,582900
2023-06-05,181.19000244140625,181.22000122070312,177.00999450683594,180.67999267578125,173.88082885742188,284800
2023-06-06,180.38999938964844,184.55999755859375,179.41000366210938,183.66000366210938,176.7487030029297,237000
2023-06-07,183.82000732421875,189.5399932861328,182.97999572753906,189.13999938964844,182.02247619628906,308000
2023-06-08,188.47000122070312,191.75,188.1999969482422,190.61000061035156,183.43714904785156,372500
2023-06-09,190.0800018310547,190.77000427246094,188.0399932861328,190.52000427246094,183.3505401611328,231200
2023-06-12,190.1699981689453,192.4199981689453,189.13999938964844,192.0399932861328,184.8133544921875,261800
2023-06-13,192.32000732421875,196.49000549316406,192.32000732421875,195.25999450683594,187.91217041015625,338500
2023-06-14,195.39999389648438,195.4499969482422,192.9199981689453,194.55999755859375,187.23851013183594,396300
2023-06-15,193.16000366210938,196.8000030517578,193.16000366210938,196.08999633789062,188.71095275878906,335000
2023-06-16,196.47999572753906,197.25999450683594,194.69000244140625,195.92999267578125,188.55697631835938,666000
2023-06-20,195.0,195.6999969482422,193.13999938964844,194.4499969482422,187.13267517089844,268600
2023-06-21,193.16000366210938,196.27999877929688,192.8000030517578,195.07000732421875,187.72930908203125,334700
2023-06-22,195.1300048828125,195.1300048828125,192.3000030517578,192.8800048828125,185.6217498779297,352700
2023-06-23,191.7100067138672,192.8000030517578,188.80999755859375,189.58999633789062,182.4555206298828,663900
2023-06-26,189.9199981689453,193.08999633789062,189.8300018310547,191.83999633789062,184.62088012695312,444900
2023-06-27,192.25,194.72999572753906,191.8000030517578,194.08999633789062,186.78622436523438,287400
2023-06-28,196.57000732421875,197.22999572753906,193.97999572753906,194.30999755859375,186.9979248046875,488600
2023-06-29,193.60000610351562,197.69000244140625,192.6999969482422,197.33999633789062,190.54148864746094,393800
2023-06-30,199.0,199.72000122070312,197.38999938964844,198.6300048828125,191.7870635986328,370500
2023-07-03,197.50999450683594,198.97000122070312,196.5,198.97000122070312,192.11532592773438,121900
2023-07-05,197.1999969482422,197.5,194.55999755859375,194.88999938964844,188.17588806152344,340200
2023-07-06,193.5500030517578,194.8000030517578,189.16000366210938,193.2899932861328,186.63101196289062,284600
2023-07-07,193.4499969482422,195.86000061035156,191.44000244140625,193.44000244140625,186.77586364746094,261700
2023-07-10,194.0,197.33999633789062,193.9499969482422,197.02000427246094,190.23252868652344,186900
2023-07-11,197.1300048828125,198.3300018310547,196.39999389648438,198.0800018310547,191.25601196289062,270800
2023-07-12,200.47999572753906,200.7899932861328,198.0500030517578,199.05999755859375,192.2021942138672,290100
2023-07-13,199.02999877929688,200.4600067138672,198.08999633789062,199.82000732421875,192.93606567382812,158000
2023-07-14,199.74000549316406,200.82000732421875,198.2100067138672,199.82000732421875,192.93606567382812,328500
2023-07-17,198.88999938964844,203.47000122070312,198.83999633789062,202.6699981689453,195.68788146972656,255200
2023-07-18,201.88999938964844,208.5399932861328,201.88999938964844,207.75,200.59286499023438,468900
2023-07-19,208.24000549316406,209.42999267578125,205.4199981689453,209.00999450683594,201.80946350097656,461800
2023-07-20,210.0,210.86000061035156,207.6699981689453,210.0399932861328,202.80392456054688,330000
2023-07-21,209.1699981689453,210.47999572753906,206.75999450683594,207.85000610351562,200.68942260742188,428700
2023-07-24,208.0399932861328,210.05999755859375,206.8699951171875,206.94000244140625,199.81076049804688,394500
2023-07-25,205.85000610351562,207.5500030517578,205.1999969482422,205.41000366210938,198.3334503173828,345500
2023-07-26,205.16000366210938,206.0,202.08999633789062,203.9600067138672,196.93344116210938,379100
2023-07-27,209.0,209.0,190.17999267578125,197.75999450683594,190.94703674316406,781200
2023-07-28,199.77999877929688,199.77999877929688,196.42999267578125,199.1300048828125,192.2698211669922,456600
2023-07-31,199.33999633789062,201.07000732421875,197.5,200.7100067138672,193.79539489746094,365900
2023-08-01,199.8300018310547,201.6699981689453,199.52000427246094,200.13999938964844,193.24501037597656,244000
2023-08-02,198.4600067138672,200.08999633789062,197.27999877929688,197.72999572753906,190.9180450439453,232400
2023-08-03,196.49000549316406,197.13999938964844,194.58999633789062,194.8699951171875,188.1565399169922,501300
2023-08-04,195.63999938964844,195.63999938964844,190.64999389648438,191.30999755859375,184.71922302246094,322800
2023-08-07,192.0500030517578,197.11000061035156,191.77999877929688,196.99000549316406,190.20355224609375,306100
2023-08-08,194.75999450683594,195.9499969482422,191.89999389648438,194.7899932861328,188.079345703125,200600
2023-08-09,194.0800018310547,194.99000549316406,191.91000366210938,192.2899932861328,185.66546630859375,287200
2023-08-10,192.49000549316406,193.80999755859375,189.22000122070312,189.92999267578125,183.3867645263672,195900
2023-08-11,189.8000030517578,190.9499969482422,189.00999450683594,189.27999877929688,182.7591552734375,155700
2023-08-14,188.30999755859375,191.3300018310547,186.5800018310547,190.74000549316406,184.16888427734375,243900
2023-08-15,189.66000366210938,190.66000366210938,187.77000427246094,189.02000427246094,182.5081329345703,270700
2023-08-16,189.00999450683594,190.6199951171875,187.25,187.50999450683594,181.05010986328125,319900
2023-08-17,187.8800048828125,188.8800048828125,184.2899932861328,184.52999877929688,178.17282104492188,216900
2023-08-18,184.08999633789062,185.61000061035156,182.77000427246094,183.9600067138672,177.6224365234375,266500
2023-08-21,184.0,185.8000030517578,182.50999450683594,185.74000549316406,179.3411102294922,206500
2023-08-22,186.9499969482422,187.0399932861328,184.5800018310547,185.39999389648438,179.0128173828125,238300
2023-08-23,185.52999877929688,188.5500030517578,185.02000427246094,188.00999450683594,181.53292846679688,174700
2023-08-24,187.3699951171875,189.52000427246094,185.5500030517578,185.6199951171875,179.22525024414062,114100
2023-08-25,186.7899932861328,187.8300018310547,184.7899932861328,186.44000244140625,180.0170135498047,124000
2023-08-28,187.8000030517578,189.02999877929688,186.4499969482422,188.22000122070312,181.73568725585938,234700
2023-08-29,188.22000122070312,191.0399932861328,187.1999969482422,191.00999450683594,184.42958068847656,148100
2023-08-30,191.00999450683594,193.19000244140625,191.0,192.58999633789062,185.95510864257812,281200
2023-08-31,193.49000549316406,195.42999267578125,192.2899932861328,192.4600067138672,185.82960510253906,302200
2023-09-01,193.30999755859375,195.3300018310547,192.6999969482422,194.1999969482422,187.50967407226562,168800
2023-09-05,193.0,193.00999450683594,184.17999267578125,186.14999389648438,179.7369842529297,317200
2023-09-06,186.82000732421875,190.64999389648438,185.17999267578125,186.1699981689453,179.75631713867188,277400
2023-09-07,185.5,187.10000610351562,179.08999633789062,180.72000122070312,174.4940643310547,517000
2023-09-08,180.5,181.47000122070312,179.10000610351562,180.32000732421875,174.1078338623047,273500
2023-09-11,180.9499969482422,182.4499969482422,179.66000366210938,181.1300048828125,174.8899383544922,236300
2023-09-12,180.2899932861328,183.0399932861328,179.97000122070312,182.47000122070312,176.18377685546875,238800
2023-09-13,182.57000732421875,182.97999572753906,178.25999450683594,178.94000244140625,172.77536010742188,454700
2023-09-14,180.74000549316406,182.00999450683594,180.16000366210938,181.02999877929688,174.79336547851562,427900
2023-09-15,180.94000244140625,181.5500030517578,179.3800048828125,181.1999969482422,174.95751953125,699800
2023-09-18,181.92999267578125,183.0399932861328,180.83999633789062,181.02999877929688,174.79336547851562,321900
2023-09-19,180.8000030517578,181.69000244140625,178.74000549316406,180.52000427246094,174.30096435546875,320000
2023-09-20,181.6300048828125,183.72999572753906,179.72999572753906,179.77000427246094,173.5767822265625,213400
2023-09-21,178.89999389648438,179.0,176.6300048828125,176.66000366210938,170.57391357421875,171400
2023-09-22,176.6699981689453,178.25,176.5800018310547,176.8000030517578,170.7091064453125,180700
2023-09-25,176.2899932861328,180.02999877929688,176.2899932861328,179.74000549316406,173.54782104492188,225300
2023-09-26,178.64999389648438,179.52999877929688,177.86000061035156,178.00999450683594,171.87742614746094,245600
2023-09-27,176.3699951171875,180.60000610351562,176.3699951171875,180.32000732421875,174.1078338623047,380400
2023-09-28,179.92999267578125,185.19000244140625,179.6699981689453,184.2100067138672,178.4973602294922,338600
2023-09-29,185.77999877929688,186.25999450683594,180.92999267578125,181.7899932861328,176.15237426757812,372300
2023-10-02,181.89999389648438,182.30999755859375,178.05999755859375,178.88999938964844,173.34234619140625,181900
2023-10-03,177.6699981689453,179.8699951171875,177.64999389648438,179.64999389648438,174.07876586914062,327000
2023-10-04,179.49000549316406,181.32000732421875,178.69000244140625,180.77000427246094,175.16403198242188,242300
2023-10-05,181.00999450683594,182.30999755859375,179.08999633789062,180.6300048828125,175.02838134765625,228200
2023-10-06,180.30999755859375,185.5399932861328,180.25999450683594,184.33999633789062,178.62332153320312,210900
2023-10-09,182.94000244140625,185.38999938964844,180.72000122070312,184.72000122070312,178.99154663085938,201500
2023-10-10,185.6999969482422,187.72000122070312,184.8800048828125,185.47000122070312,179.71827697753906,182200
2023-10-11,186.0,187.97000122070312,185.74000549316406,187.69000244140625,181.86944580078125,153100
2023-10-12,188.52999877929688,188.52999877929688,183.89999389648438,184.5500030517578,178.82684326171875,244700
2023-10-13,185.08999633789062,185.08999633789062,182.25,183.30999755859375,177.62525939941406,231800
2023-10-16,184.77999877929688,186.9499969482422,182.8000030517578,185.33999633789062,179.59228515625,504400
2023-10-17,185.27999877929688,190.32000732421875,184.5800018310547,188.25,182.41207885742188,284900
2023-10-18,186.25,186.25,175.3300018310547,175.88999938964844,170.43536376953125,459300
2023-10-19,175.7899932861328,178.33999633789062,173.7100067138672,174.27999877929688,168.87530517578125,285300
2023-10-20,174.22999572753906,175.50999450683594,171.05999755859375,171.8000030517578,166.4722137451172,358400
2023-10-23,171.7899932861328,173.49000549316406,170.7100067138672,171.0800018310547,165.77455139160156,237100
2023-10-24,173.07000732421875,173.2100067138672,166.3699951171875,168.0,162.7900390625,556300
2023-10-25,167.60000610351562,168.50999450683594,164.0,164.47999572753906,159.37921142578125,908300
2023-10-26,165.4199981689453,169.50999450683594,164.6300048828125,168.1199951171875,162.9063262939453,681200
2023-10-27,175.99000549316406,176.77000427246094,168.8000030517578,172.6699981689453,167.3152313232422,802500
2023-10-30,172.92999267578125,175.89999389648438,171.39999389648438,174.5800018310547,169.166015625,383700
2023-10-31,176.27999877929688,177.5,173.4600067138672,174.8000030517578,169.37916564941406,576000
2023-11-01,174.91000366210938,176.50999450683594,172.88999938964844,176.25999450683594,170.79388427734375,326400
2023-11-02,178.52000427246094,180.9499969482422,178.47000122070312,180.5,174.90240478515625,220600
2023-11-03,182.5500030517578,186.14999389648438,182.5500030517578,183.94000244140625,178.23573303222656,260700
2023-11-06,184.24000549316406,184.86000061035156,182.02000427246094,182.89999389648438,177.22796630859375,240000
2023-11-07,182.22999572753906,182.22999572753906,179.66000366210938,180.36000061035156,174.76673889160156,264100
2023-11-08,181.19000244140625,183.49000549316406,180.64999389648438,182.64999389648438,176.9857177734375,318600
2023-11-09,184.22999572753906,185.0,183.22999572753906,184.05999755859375,178.3520050048828,230600
2023-11-10,184.5500030517578,187.6699981689453,184.00999450683594,187.33999633789062,181.5302734375,242400
2023-11-13,187.30999755859375,189.3300018310547,185.9499969482422,189.0500030517578,183.18727111816406,242700
2023-11-14,191.89999389648438,195.7100067138672,190.9199981689453,194.9499969482422,188.904296875,458600
2023-11-15,195.80999755859375,198.0,194.91000366210938,195.66000366210938,189.59226989746094,374300
2023-11-16,195.3699951171875,197.38999938964844,194.00999450683594,194.64999389648438,188.61358642578125,261700
2023-11-17,195.72000122070312,196.35000610351562,190.1999969482422,195.19000244140625,189.1368408203125,227500
2023-11-20,194.74000549316406,196.5,193.92999267578125,195.07000732421875,189.0205841064453,228400
2023-11-21,194.82000732421875,196.74000549316406,194.30999755859375,195.6699981689453,189.60195922851562,186000
2023-11-22,196.5,197.00999450683594,194.1300048828125,194.36000061035156,188.33258056640625,158500
2023-11-24,193.7100067138672,196.17999267578125,192.75,195.83999633789062,189.76669311523438,79200
2023-11-27,194.64999389648438,197.6999969482422,194.30999755859375,196.9600067138672,190.85195922851562,228100
2023-11-28,196.9499969482422,197.2899932861328,193.7899932861328,193.97000122070312,187.95468139648438,177700
2023-11-29,195.80999755859375,197.0500030517578,194.5800018310547,195.7899932861328,189.71823120117188,207100
2023-11-30,196.64999389648438,198.1699981689453,195.13999938964844,198.05999755859375,191.9178466796875,235400
2023-12-01,198.32000732421875,202.13999938964844,198.1300048828125,201.77000427246094,195.51278686523438,183600
2023-12-04,200.19000244140625,204.47999572753906,200.19000244140625,204.25999450683594,197.92556762695312,223700
2023-12-05,203.0,204.39999389648438,201.80999755859375,203.07000732421875,196.77247619628906,190900
2023-12-06,203.72999572753906,206.42999267578125,202.60000610351562,202.85000610351562,196.55929565429688,237000
2023-12-07,203.16000366210938,204.77000427246094,202.47000122070312,204.75,198.400390625,151400
2023-12-08,204.57000732421875,207.4499969482422,204.41000366210938,206.8000030517578,200.38682556152344,685000
2023-12-11,206.8800048828125,208.7899932861328,205.66000366210938,208.25999450683594,201.80152893066406,207200
2023-12-12,208.72999572753906,208.75999450683594,206.3300018310547,206.60000610351562,200.19302368164062,322600
2023-12-13,206.4499969482422,209.80999755859375,204.6199951171875,209.3699951171875,202.87710571289062,369100
2023-12-14,210.8300018310547,217.72000122070312,210.0500030517578,216.47999572753906,209.7666015625,672300
2023-12-15,217.4600067138672,218.3699951171875,215.49000549316406,216.4499969482422,209.737548828125,757000
2023-12-18,216.39999389648438,218.08999633789062,213.8300018310547,217.91000366210938,211.1522674560547,513900
2023-12-19,219.3000030517578,219.99000549316406,214.9600067138672,216.0,209.30149841308594,429200
2023-12-20,215.77999877929688,218.47000122070312,214.27000427246094,214.38999938964844,207.741455078125,247900
2023-12-21,216.64999389648438,216.9600067138672,214.6699981689453,216.55999755859375,209.84413146972656,135400
2023-12-22,217.72000122070312,219.36000061035156,215.6999969482422,218.36000061035156,211.5883026123047,128300
2023-12-26,218.6999969482422,221.00999450683594,218.58999633789062,219.83999633789062,213.0224151611328,159800
2023-12-27,219.8000030517578,221.13999938964844,219.66000366210938,220.4600067138672,213.62318420410156,131600
2023-12-28,219.75,219.8699951171875,218.4499969482422,219.11000061035156,213.00103759765625,128500
2023-12-29,218.94000244140625,220.02999877929688,217.22000122070312,217.4600067138672,211.39703369140625,178400
2024-01-02,215.88999938964844,217.08999633789062,212.42999267578125,213.72000122070312,207.7613067626953,268400
2024-01-03,211.5399932861328,212.6300048828125,209.38999938964844,209.64999389648438,203.80479431152344,318700
2024-01-04,209.92999267578125,213.0800018310547,209.92999267578125,212.19000244140625,206.2739715576172,289700
2024-01-05,211.52999877929688,213.55999755859375,210.30999755859375,211.22999572753906,205.34071350097656,314600
2024-01-08,210.14999389648438,212.4199981689453,208.72999572753906,212.2100067138672,206.29342651367188,245900
2024-01-09,209.5,210.89999389648438,208.39999389648438,210.32000732421875,204.4561309814453,210500
2024-01-10,210.5,211.35000610351562,208.22000122070312,209.19000244140625,203.3576202392578,215300
2024-01-11,209.60000610351562,210.77000427246094,207.27999877929688,210.41000366210938,204.54359436035156,197300
2024-01-12,211.32000732421875,213.9499969482422,211.11000061035156,212.4499969482422,206.5267333984375,203000
2024-01-16,211.1999969482422,212.75999450683594,208.50999450683594,212.6300048828125,206.70167541503906,180400
2024-01-17,210.80999755859375,212.38999938964844,210.13999938964844,210.49000549316406,204.62135314941406,165400
2024-01-18,211.72999572753906,215.60000610351562,211.72999572753906,215.47999572753906,209.4722137451172,210900
2024-01-19,216.39999389648438,220.82000732421875,214.77999877929688,220.72000122070312,214.56614685058594,350600
2024-01-22,221.39999389648438,223.60000610351562,221.39999389648438,223.27999877929688,217.05474853515625,252200
2024-01-23,225.0,225.0,220.6199951171875,222.67999267578125,216.47149658203125,213100
2024-01-24,223.1199951171875,225.5,219.05999755859375,219.99000549316406,213.8565216064453,185900
2024-01-25,222.47999572753906,223.9499969482422,221.4499969482422,222.8800048828125,216.66590881347656,274500
2024-01-26,223.74000549316406,225.8000030517578,222.47000122070312,224.0500030517578,217.80331420898438,278700
2024-01-29,224.35000610351562,225.9499969482422,222.1199951171875,225.74000549316406,219.4461669921875,199200
2024-01-30,225.33999633789062,227.6199951171875,223.36000061035156,227.00999450683594,220.68077087402344,191600
2024-01-31,227.1300048828125,228.17999267578125,221.92999267578125,222.22000122070312,216.0243377685547,783600
2024-02-01,224.0,227.0399932861328,222.0,225.8000030517578,219.5045166015625,297700
2024-02-02,225.22999572753906,228.08999633789062,222.25,226.5,220.18499755859375,235400
2024-02-05,224.30999755859375,224.30999755859375,221.5800018310547,222.6199951171875,216.41317749023438,237600
2024-02-06,222.27999877929688,224.32000732421875,222.27999877929688,223.77000427246094,217.53109741210938,232900
2024-02-07,225.1699981689453,228.3800048828125,224.5800018310547,226.83999633789062,220.51551818847656,311600
2024-02-08,227.72000122070312,230.5500030517578,226.97000122070312,230.10000610351562,223.68463134765625,221200
2024-02-09,230.5,232.63999938964844,229.5399932861328,231.6199951171875,225.16224670410156,308100
2024-02-12,231.0800018310547,234.2100067138672,230.60000610351562,231.69000244140625,225.2303009033203,249900
2024-02-13,227.0399932861328,230.32000732421875,225.25999450683594,227.25,220.91407775878906,364600
2024-02-14,228.5,232.33999633789062,228.5,231.5500030517578,225.0941925048828,401100
2024-02-15,239.36000061035156,251.08999633789062,238.5,249.8000030517578,242.83535766601562,742500
2024-02-16,249.1999969482422,252.97999572753906,246.4600067138672,249.89999389648438,242.9325714111328,454600
2024-02-20,248.77000427246094,249.89999389648438,243.9600067138672,246.99000549316406,240.10369873046875,380500
2024-02-21,247.5,247.5,243.7100067138672,246.47000122070312,239.59817504882812,196200
2024-02-22,248.0,250.0,246.4600067138672,248.52999877929688,241.60076904296875,378200
2024-02-23,249.00999450683594,250.5,247.07000732421875,250.02999877929688,243.05894470214844,208600
2024-02-26,248.77999877929688,253.47999572753906,248.72999572753906,253.22999572753906,246.16973876953125,215800
2024-02-27,253.5399932861328,253.7899932861328,250.6300048828125,253.5399932861328,246.4710693359375,210500
2024-02-28,253.27000427246094,256.7200012207031,253.27000427246094,256.57000732421875,249.4166259765625,252800
2024-02-29,258.1099853515625,259.0400085449219,255.6699981689453,256.6000061035156,249.44578552246094,268400
2024-03-01,256.5799865722656,257.8599853515625,252.5800018310547,254.19000244140625,247.10296630859375,233400
2024-03-04,255.82000732421875,257.1099853515625,254.92999267578125,255.3000030517578,248.18202209472656,180600
2024-03-05,254.72000122070312,254.72000122070312,251.4199981689453,252.8800048828125,245.82949829101562,236600
2024-03-06,254.4199981689453,256.5199890136719,253.52000427246094,254.33999633789062,247.24879455566406,175200
2024-03-07,256.1300048828125,256.92999267578125,253.1300048828125,255.14999389648438,248.03619384765625,197000
2024-03-08,255.94000244140625,258.8399963378906,252.9199981689453,254.42999267578125,247.3362579345703,162000
2024-03-11,254.3800048828125,254.3800048828125,250.88999938964844,252.77999877929688,245.73226928710938,173500
2024-03-12,252.2899932861328,254.19000244140625,251.5800018310547,252.52999877929688,245.48924255371094,179000
2024-03-13,253.1699981689453,253.1699981689453,247.91000366210938,248.77000427246094,241.8341064453125,630900
2024-03-14,249.25999450683594,250.02000427246094,245.4600067138672,246.77999877929688,239.8995819091797,579800
2024-03-15,246.9499969482422,250.52999877929688,246.9499969482422,248.41000366210938,241.484130859375,897200
2024-03-18,248.0,251.5,248.0,248.92999267578125,241.98960876464844,249200
2024-03-19,248.52999877929688,252.52999877929688,248.5,252.05999755859375,245.0323486328125,194500
2024-03-20,252.10000610351562,256.0,250.72000122070312,255.99000549316406,248.85281372070312,201500
2024-03-21,256.989990234375,261.1300048828125,256.5199890136719,257.04998779296875,249.88320922851562,256300
2024-03-22,257.7799987792969,258.1099853515625,255.10000610351562,258.0400085449219,250.8456268310547,323400
2024-03-25,257.7799987792969,258.989990234375,255.86000061035156,256.04998779296875,248.91110229492188,262100
2024-03-26,256.07000732421875,257.6300048828125,253.00999450683594,253.00999450683594,245.9558868408203,283300
2024-03-27,253.22999572753906,258.6199951171875,252.6699981689453,258.3699951171875,251.8732147216797,384400
2024-03-28,258.2799987792969,258.54998779296875,255.22000122070312,255.44000244140625,249.01690673828125,247900
2024-04-01,255.60000610351562,255.60000610351562,251.75,252.63999938964844,246.28732299804688,181700
2024-04-02,252.9499969482422,252.9499969482422,247.5,249.2100067138672,242.94357299804688,285700
2024-04-03,247.9499969482422,252.8300018310547,247.9499969482422,250.0500030517578,243.76243591308594,238800
2024-04-04,252.69000244140625,253.41000366210938,246.64999389648438,246.92999267578125,240.72088623046875,141800
2024-04-05,247.88999938964844,250.9199981689453,247.0399932861328,247.97000122070312,241.7347412109375,256900
2024-04-08,248.88999938964844,250.1699981689453,245.6999969482422,246.5399932861328,240.3406982421875,205500
2024-04-09,246.47000122070312,248.85000610351562,242.6300048828125,244.75,238.595703125,206100
2024-04-10,241.19000244140625,243.6999969482422,238.85000610351562,241.5800018310547,235.5054168701172,155500
2024-04-11,242.05999755859375,243.91000366210938,240.9600067138672,242.55999755859375,236.4607696533203,157200
2024-04-12,240.5800018310547,241.1199951171875,236.8300018310547,238.60000610351562,232.60035705566406,217900
2024-04-15,241.0500030517578,243.0399932861328,238.8699951171875,238.8800048828125,232.87332153320312,198200
2024-04-16,238.00999450683594,242.1699981689453,237.6999969482422,239.50999450683594,233.4874725341797,270800
2024-04-17,240.30999755859375,240.30999755859375,235.66000366210938,236.61000061035156,230.66038513183594,238600
2024-04-18,237.91000366210938,241.25,236.30999755859375,238.92999267578125,232.9220428466797,291100
2024-04-19,238.8300018310547,240.83999633789062,236.9600067138672,238.36000061035156,232.36639404296875,214600
2024-04-22,238.66000366210938,239.24000549316406,234.82000732421875,235.16000366210938,229.24685668945312,262900
2024-04-23,236.61000061035156,240.83999633789062,235.77999877929688,239.77000427246094,233.74093627929688,175100
2024-04-24,239.3699951171875,242.64999389648438,236.49000549316406,237.61000061035156,231.63525390625,309100
2024-04-25,233.14999389648438,233.6999969482422,222.02999877929688,227.92999267578125,222.19863891601562,746800
2024-04-26,227.02999877929688,230.0,225.61000061035156,229.94000244140625,224.15811157226562,482700
2024-04-29,230.41000366210938,231.89999389648438,223.49000549316406,225.1300048828125,219.4690704345703,414000
2024-04-30,224.30999755859375,224.92999267578125,218.63999938964844,219.52999877929688,214.00985717773438,426500
2024-05-01,219.42999267578125,222.60000610351562,217.49000549316406,219.3300018310547,213.81491088867188,403900
2024-05-02,221.49000549316406,222.61000061035156,218.25999450683594,222.55999755859375,216.9636993408203,237900
2024-05-03,223.94000244140625,225.27999877929688,221.6300048828125,222.92999267578125,217.32435607910156,199200
2024-05-06,225.0,227.25,224.49000549316406,227.25,221.53575134277344,198200
2024-05-07,226.5500030517578,231.3300018310547,226.5399932861328,228.75999450683594,223.00778198242188,389600
2024-05-08,228.22000122070312,229.5500030517578,226.7899932861328,229.4600067138672,223.69017028808594,180500
2024-05-09,230.16000366210938,231.75999450683594,229.9600067138672,231.14999389648438,225.3376922607422,119000
2024-05-10,231.14999389648438,238.4499969482422,231.14999389648438,238.07000732421875,232.08367919921875,736700
2024-05-13,238.1999969482422,238.47000122070312,231.4199981689453,231.66000366210938,225.83485412597656,275800
2024-05-14,232.47999572753906,233.1699981689453,228.6300048828125,230.66000366210938,224.86001586914062,245500
2024-05-15,232.75,232.75,228.5800018310547,228.99000549316406,223.2320098876953,238600
2024-05-16,228.22000122070312,229.1199951171875,225.50999450683594,228.25999450683594,222.52035522460938,271200
2024-05-17,228.3699951171875,228.50999450683594,225.0500030517578,226.97000122070312,221.26280212402344,282300
2024-05-20,226.9199981689453,228.75999450683594,226.0399932861328,227.75999450683594,222.03292846679688,163600
2024-05-21,227.07000732421875,227.07000732421875,224.30999755859375,225.02999877929688,219.37158203125,241200
2024-05-22,225.16000366210938,229.0,225.16000366210938,227.1199951171875,221.40899658203125,293100
2024-05-23,220.0,222.02999877929688,202.0,205.57000732421875,200.40090942382812,1046500
2024-05-24,206.00999450683594,206.00999450683594,201.4600067138672,202.47000122070312,197.3788299560547,600200
2024-05-28,202.5,204.25999450683594,198.75,199.3699951171875,194.35679626464844,534200
2024-05-29,199.05999755859375,199.35000610351562,195.02000427246094,196.49000549316406,191.54922485351562,452000
2024-05-30,196.69000244140625,199.05999755859375,196.5399932861328,196.9499969482422,191.9976348876953,669600
2024-05-31,197.32000732421875,199.8800048828125,194.97999572753906,196.36000061035156,191.4224853515625,673300
2024-06-03,197.47000122070312,198.57000732421875,191.1300048828125,192.14999389648438,187.31832885742188,366900
2024-06-04,192.0500030517578,193.4600067138672,189.61000061035156,189.97999572753906,185.2029266357422,398500
2024-06-05,191.22000122070312,192.66000366210938,188.92999267578125,190.1300048828125,185.34915161132812,480500
2024-06-06,189.36000061035156,191.35000610351562,189.17999267578125,189.3000030517578,184.54000854492188,303200
2024-06-07,188.27999877929688,189.77999877929688,187.1999969482422,187.38999938964844,182.67803955078125,265400
2024-06-10,186.44000244140625,189.1699981689453,184.97999572753906,188.88999938964844,184.1403045654297,411300
2024-06-11,187.27999877929688,187.74000549316406,185.05999755859375,185.07000732421875,180.4163818359375,774300
2024-06-12,188.64999389648438,192.39999389648438,186.63999938964844,189.5800018310547,184.81295776367188,854700
2024-06-13,188.47000122070312,188.5500030517578,184.19000244140625,186.82000732421875,182.1223907470703,364000
2024-06-14,185.07000732421875,185.07000732421875,173.00999450683594,182.24000549316406,177.65753173828125,1003700
2024-06-17,181.69000244140625,185.69000244140625,181.25,184.4600067138672,179.82171630859375,399400
2024-06-18,184.66000366210938,186.5800018310547,182.97999572753906,184.94000244140625,180.28964233398438,331300
2024-06-20,183.92999267578125,187.19000244140625,182.4600067138672,186.47999572753906,181.79092407226562,436500
2024-06-21,187.27000427246094,188.4499969482422,184.69000244140625,187.91000366210938,183.18495178222656,1075000
2024-06-24,188.0800018310547,191.57000732421875,186.85000610351562,188.63999938964844,183.89659118652344,295400
2024-06-25,187.16000366210938,187.60000610351562,183.8800048828125,185.17999267578125,180.52359008789062,246000
2024-06-26,184.25,187.08999633789062,182.25999450683594,186.83999633789062,182.14186096191406,217900
2024-06-27,186.72999572753906,187.7899932861328,185.22000122070312,187.11000061035156,182.40509033203125,448800
2024-06-28,187.3699951171875,190.36000061035156,186.67999267578125,188.63999938964844,184.59706115722656,1239700
2024-07-01,188.63999938964844,189.14999389648438,184.1199951171875,184.49000549316406,180.5360107421875,262500
2024-07-02,184.49000549316406,186.44000244140625,184.49000549316406,185.38999938964844,181.41671752929688,271300
2024-07-03,186.6699981689453,187.5500030517578,184.60000610351562,185.6699981689453,181.69070434570312,138400
2024-07-05,185.10000610351562,185.10000610351562,182.6199951171875,184.72000122070312,180.76109313964844,222200
2024-07-08,185.33999633789062,186.80999755859375,185.2100067138672,186.25,182.25828552246094,332800
2024-07-09,185.6699981689453,186.60000610351562,184.91000366210938,186.1300048828125,182.14085388183594,283800
2024-07-10,185.8300018310547,188.36000061035156,185.0399932861328,188.17999267578125,184.1469268798828,277700
2024-07-11,189.38999938964844,195.63999938964844,189.38999938964844,194.16000366210938,189.99874877929688,324700
2024-07-12,195.58999633789062,199.97999572753906,193.55999755859375,196.92999267578125,192.7093963623047,384300
2024-07-15,198.00999450683594,203.0500030517578,197.6999969482422,200.39999389648438,196.10504150390625,395700
2024-07-16,201.97000122070312,210.72999572753906,201.97000122070312,210.1300048828125,205.6265106201172,369900
2024-07-17,208.0399932861328,211.0,206.47000122070312,208.99000549316406,204.5109405517578,425400
2024-07-18,206.77999877929688,212.58999633789062,204.6300048828125,205.49000549316406,201.0859375,329300
2024-07-19,205.0,205.67999267578125,199.5500030517578,201.92999267578125,197.60220336914062,347500
2024-07-22,203.16000366210938,205.52000427246094,200.0399932861328,205.16000366210938,200.7630157470703,249000
2024-07-23,205.1300048828125,207.91000366210938,203.5399932861328,207.25,202.80821228027344,316000
2024-07-24,205.0,205.63999938964844,196.97000122070312,197.41000366210938,193.17910766601562,380300
2024-07-25,198.57000732421875,209.27000427246094,198.05999755859375,206.5,202.0742950439453,415300
2024-07-26,209.1999969482422,212.38999938964844,208.69000244140625,210.36000061035156,205.8515625,267900
2024-07-29,208.80999755859375,211.16000366210938,207.69000244140625,208.0399932861328,203.58128356933594,233800
2024-07-30,209.94000244140625,212.5500030517578,208.13999938964844,211.47999572753906,206.9475555419922,406500
2024-07-31,211.10000610351562,214.92999267578125,202.6300048828125,205.41000366210938,201.00767517089844,1261600
2024-08-01,206.72999572753906,208.72999572753906,196.30999755859375,198.7899932861328,194.52952575683594,581900
2024-08-02,194.97000122070312,196.24000549316406,190.75,195.83999633789062,191.64276123046875,344100
2024-08-05,190.7899932861328,193.80999755859375,186.92999267578125,190.75,186.66184997558594,298500
2024-08-06,191.0,194.32000732421875,189.3699951171875,190.72999572753906,186.6422882080078,304900
2024-08-07,192.44000244140625,196.33999633789062,186.24000549316406,187.02000427246094,183.0117950439453,389900
2024-08-08,189.94000244140625,190.8800048828125,187.82000732421875,189.0800018310547,185.02764892578125,178100
2024-08-09,188.77999877929688,190.50999450683594,186.6300048828125,189.64999389648438,185.58541870117188,212500
2024-08-12,189.64999389648438,189.64999389648438,187.36000061035156,187.80999755859375,183.78485107421875,222200
2024-08-13,188.24000549316406,190.80999755859375,186.6300048828125,190.58999633789062,186.50527954101562,137800
2024-08-14,190.75,191.22999572753906,187.99000549316406,189.16000366210938,185.1059112548828,174200
2024-08-15,192.72999572753906,195.5,191.27000427246094,192.27999877929688,188.1590576171875,198000
2024-08-16,192.67999267578125,194.14999389648438,191.6699981689453,193.4600067138672,189.3137664794922,242700
2024-08-19,193.9199981689453,195.8699951171875,193.50999450683594,194.8699951171875,190.69354248046875,154300
2024-08-20,194.14999389648438,195.39999389648438,191.82000732421875,192.75999450683594,188.62875366210938,136700
2024-08-21,193.1300048828125,196.67999267578125,193.1199951171875,196.32000732421875,192.11245727539062,135600
2024-08-22,195.89999389648438,197.24000549316406,194.58999633789062,195.41000366210938,191.22198486328125,84300
2024-08-23,196.47999572753906,200.80999755859375,195.64999389648438,197.97999572753906,193.7368927001953,135000
2024-08-26,199.52000427246094,201.16000366210938,197.83999633789062,198.0500030517578,193.80540466308594,159300
2024-08-27,196.6199951171875,197.52000427246094,194.49000549316406,195.50999450683594,191.31983947753906,148100
2024-08-28,195.36000061035156,197.1999969482422,193.55999755859375,194.39999389648438,190.2335968017578,175600
2024-08-29,196.17999267578125,196.83999633789062,193.2899932861328,193.32000732421875,189.17678833007812,204500
2024-08-30,194.3300018310547,195.47999572753906,190.55999755859375,193.61000061035156,189.4605712890625,462500
2024-09-03,192.0800018310547,193.25999450683594,185.38999938964844,186.77000427246094,182.76715087890625,293500
2024-09-04,183.0,183.0,174.02000427246094,175.88999938964844,172.12033081054688,578500
2024-09-05,175.44000244140625,175.49000549316406,172.16000366210938,174.4600067138672,170.72097778320312,372300
2024-09-06,174.9600067138672,177.0399932861328,171.91000366210938,175.05999755859375,171.30812072753906,361500
2024-09-09,176.61000061035156,178.38999938964844,173.92999267578125,174.4499969482422,170.71119689941406,372200
2024-09-10,174.42999267578125,174.60000610351562,172.00999450683594,173.3000030517578,169.58584594726562,366900
2024-09-11,173.50999450683594,176.60000610351562,169.50999450683594,175.97999572753906,172.20838928222656,284900
2024-09-12,177.13999938964844,177.97999572753906,174.47000122070312,176.5800018310547,172.79554748535156,215700
2024-09-13,177.60000610351562,180.5,177.10000610351562,178.7899932861328,174.95816040039062,345000
2024-09-16,179.9199981689453,184.74000549316406,179.74000549316406,184.32000732421875,180.3696746826172,391000
2024-09-17,185.0800018310547,187.16000366210938,183.38999938964844,184.52000427246094,180.5653533935547,190200
2024-09-18,184.8000030517578,187.11000061035156,182.02999877929688,182.57000732421875,178.6571807861328,186600
2024-09-19,186.92999267578125,188.19000244140625,185.0,187.8300018310547,183.80442810058594,218200
2024-09-20,187.52999877929688,187.66000366210938,183.3300018310547,185.4499969482422,181.47543334960938,767600
2024-09-23,186.52000427246094,187.7899932861328,185.11000061035156,187.27999877929688,183.26622009277344,217500
2024-09-24,188.5,190.2899932861328,188.33999633789062,189.7899932861328,185.72239685058594,222400
2024-09-25,190.0,190.57000732421875,187.4600067138672,187.47999572753906,183.46192932128906,236000
2024-09-26,190.22000122070312,194.3300018310547,189.8300018310547,193.60000610351562,189.4507598876953,195700
2024-09-27,195.0,197.74000549316406,192.39999389648438,193.38999938964844,189.24526977539062,211300
2024-09-30,192.72999572753906,192.72999572753906,189.89999389648438,192.02000427246094,188.59703063964844,206600
2024-10-01,192.02000427246094,193.39999389648438,187.50999450683594,189.69000244140625,186.30856323242188,208900
2024-10-02,189.85000610351562,193.00999450683594,189.25,192.0800018310547,188.6559600830078,206500
2024-10-03,190.13999938964844,190.75999450683594,187.1699981689453,189.5399932861328,186.16123962402344,191600
2024-10-04,192.7100067138672,192.7100067138672,188.50999450683594,191.5,188.0863037109375,261200
2024-10-07,190.14999389648438,191.7899932861328,189.14999389648438,191.0399932861328,187.63450622558594,225400
2024-10-08,190.17999267578125,190.35000610351562,187.5500030517578,189.47999572753906,186.10231018066406,254300
2024-10-09,189.89999389648438,193.1300048828125,189.5399932861328,191.4199981689453,188.0077362060547,185600
2024-10-10,189.5399932861328,190.7100067138672,188.86000061035156,189.94000244140625,186.55410766601562,167300
2024-10-11,187.8699951171875,194.63999938964844,187.8699951171875,194.3300018310547,190.86585998535156,177300
2024-10-14,194.3300018310547,195.1199951171875,192.9499969482422,193.57000732421875,190.11940002441406,192800
2024-10-15,192.33999633789062,195.41000366210938,191.89999389648438,192.1999969482422,188.77381896972656,338600
2024-10-16,193.3000030517578,196.39999389648438,192.44000244140625,194.7100067138672,191.2390899658203,204600
2024-10-17,195.5,198.49000549316406,194.32000732421875,198.22000122070312,194.6865234375,248900
2024-10-18,200.57000732421875,203.38999938964844,199.16000366210938,203.10000610351562,199.4795379638672,391400
2024-10-21,202.3000030517578,203.8300018310547,198.3300018310547,200.00999450683594,196.44459533691406,327900
2024-10-22,198.63999938964844,198.63999938964844,194.42999267578125,195.77000427246094,192.2801971435547,201800
2024-10-23,195.64999389648438,196.57000732421875,192.02999877929688,193.75999450683594,190.3060302734375,246900
2024-10-24,194.25,194.72999572753906,191.99000549316406,193.69000244140625,190.2372589111328,150400
2024-10-25,195.58999633789062,196.60000610351562,193.25,193.7100067138672,190.25692749023438,167700
2024-10-28,195.6699981689453,197.57000732421875,194.47999572753906,195.83999633789062,192.3489532470703,250400
2024-10-29,194.7899932861328,197.6999969482422,193.30999755859375,197.0800018310547,193.5668487548828,211600
2024-10-30,196.1999969482422,201.49000549316406,196.1999969482422,197.25999450683594,193.74363708496094,481400
2024-10-31,198.8800048828125,208.3699951171875,191.52000427246094,192.55999755859375,189.12741088867188,624200
2024-11-01,192.75999450683594,202.27999877929688,192.75999450683594,201.75,198.15357971191406,356700
2024-11-04,200.5800018310547,201.69000244140625,198.0500030517578,198.8000030517578,195.25616455078125,347600
2024-11-05,197.27000427246094,204.1699981689453,197.27000427246094,203.7899932861328,200.1572265625,258300
2024-11-06,216.8699951171875,222.16000366210938,214.02999877929688,218.39999389648438,214.50677490234375,769000
2024-11-07,219.05999755859375,220.27999877929688,215.38999938964844,217.08999633789062,213.2201385498047,284600
2024-11-08,216.22999572753906,217.92999267578125,212.85000610351562,213.64999389648438,209.84144592285156,231800
2024-11-11,215.8300018310547,218.5500030517578,214.83999633789062,218.27999877929688,214.38893127441406,247200
2024-11-12,216.17999267578125,217.0399932861328,214.00999450683594,214.5399932861328,210.71559143066406,159600
2024-11-13,214.52000427246094,216.55999755859375,210.22999572753906,210.52999877929688,206.77708435058594,232500
2024-11-14,210.16000366210938,213.35000610351562,206.2100067138672,207.50999450683594,203.81089782714844,273200
2024-11-15,206.89999389648438,208.8300018310547,205.47999572753906,206.10000610351562,202.42605590820312,175000
2024-11-18,205.89999389648438,208.14999389648438,203.61000061035156,207.07000732421875,203.3787384033203,248900
2024-11-19,204.39999389648438,205.72000122070312,202.88999938964844,203.77000427246094,200.13758850097656,262200
2024-11-20,202.8800048828125,203.8300018310547,201.05999755859375,203.19000244140625,199.5679168701172,210700
2024-11-21,204.5,209.60000610351562,202.35000610351562,208.50999450683594,204.79307556152344,307800
2024-11-22,209.25,213.99000549316406,207.3800048828125,213.52000427246094,209.71376037597656,418600
2024-11-25,215.41000366210938,222.52000427246094,215.41000366210938,219.94000244140625,216.01934814453125,385300
2024-11-26,219.5399932861328,219.5399932861328,215.5800018310547,216.13999938964844,212.2870635986328,203800
2024-11-27,217.8000030517578,218.97999572753906,214.6199951171875,216.6199951171875,212.75851440429688,152100
2024-11-29,218.52999877929688,219.86000061035156,217.02000427246094,218.47999572753906,214.58535766601562,108100
2024-12-02,219.3000030517578,219.3000030517578,215.82000732421875,217.5399932861328,213.662109375,126400
2024-12-03,218.30999755859375,218.30999755859375,212.92999267578125,213.83999633789062,210.028076171875,159900
2024-12-04,213.97999572753906,216.88999938964844,213.3000030517578,216.0800018310547,212.22816467285156,236200
2024-12-05,215.50999450683594,217.83999633789062,211.5,212.0,208.22085571289062,343600
2024-12-06,212.5800018310547,213.13999938964844,208.02000427246094,209.9199981689453,206.17796325683594,249000
2024-12-09,212.3300018310547,214.0,207.6699981689453,208.07000732421875,204.36093139648438,363700
2024-12-10,207.38999938964844,210.58999633789062,203.77999877929688,209.0,205.2743377685547,365900
2024-12-11,209.9600067138672,212.22000122070312,208.24000549316406,209.0800018310547,205.35292053222656,413100
2024-12-12,210.44000244140625,211.77999877929688,207.0800018310547,207.6300048828125,203.92877197265625,228600
2024-12-13,206.14999389648438,206.14999389648438,201.5,203.8000030517578,200.16705322265625,207700
2024-12-16,203.47999572753906,208.24000549316406,201.24000549316406,202.41000366210938,198.8018341064453,327800
2024-12-17,201.38999938964844,204.5,198.69000244140625,199.14999389648438,195.5999298095703,287900
2024-12-18,199.44000244140625,200.44000244140625,190.52999877929688,191.5800018310547,188.16488647460938,288300
2024-12-19,191.97000122070312,194.8800048828125,189.22000122070312,189.88999938964844,186.5050048828125,358200
2024-12-20,189.77000427246094,193.83999633789062,188.75999450683594,189.75,186.3675079345703,1242800
2024-12-23,189.89999389648438,191.0,188.75999450683594,189.55999755859375,186.18089294433594,336600
2024-12-24,189.07000732421875,191.25999450683594,188.0,190.0,186.613037109375,203300
2024-12-26,189.94000244140625,191.91000366210938,188.8800048828125,190.88999938964844,187.48716735839844,275000
2024-12-27,189.4199981689453,191.83999633789062,188.49000549316406,189.86000061035156,186.4755401611328,176400
2024-12-30,188.9600067138672,189.60000610351562,185.3800048828125,188.24000549316406,184.88442993164062,210800
2024-12-31,189.07000732421875,190.22000122070312,186.72999572753906,187.47000122070312,184.8647003173828,186400
2025-01-02,188.5399932861328,190.91000366210938,184.52999877929688,184.7899932861328,182.22193908691406,165000
2025-01-03,185.1999969482422,187.75,183.94000244140625,186.14999389648438,183.5630340576172,297900
2025-01-06,186.64999389648438,188.89999389648438,185.1699981689453,185.3800048828125,182.80374145507812,195000
2025-01-07,186.80999755859375,188.35000610351562,185.02999877929688,185.49000549316406,182.9122314453125,260000
2025-01-08,184.35000610351562,186.1999969482422,182.52999877929688,185.4499969482422,182.87277221679688,348400
2025-01-10,182.52999877929688,183.33999633789062,180.41000366210938,180.50999450683594,178.0014190673828,244500
2025-01-13,179.75999450683594,186.86000061035156,176.82000732421875,186.4499969482422,183.85888671875,366600
2025-01-14,186.6999969482422,191.19000244140625,186.6999969482422,191.1300048828125,188.47384643554688,204300
2025-01-15,195.55999755859375,197.77999877929688,191.8300018310547,192.10000610351562,189.4303436279297,189500
2025-01-16,191.91000366210938,196.27999877929688,191.61000061035156,194.13999938964844,191.44198608398438,250400
2025-01-17,195.19000244140625,196.5399932861328,193.19000244140625,194.32000732421875,191.61949157714844,455800
2025-01-21,196.47999572753906,201.42999267578125,196.47999572753906,199.38999938964844,196.61903381347656,230100
2025-01-22,198.77000427246094,199.9199981689453,197.39999389648438,198.6199951171875,195.8597412109375,189400
2025-01-23,198.94000244140625,200.25,197.5,198.6199951171875,195.8597412109375,233500
2025-01-24,197.38999938964844,198.1999969482422,196.08999633789062,197.27000427246094,194.5284881591797,200100
2025-01-27,196.4600067138672,199.3800048828125,195.19000244140625,197.0800018310547,194.3411407470703,193700
2025-01-28,196.63999938964844,197.58999633789062,194.17999267578125,196.14999389648438,193.42405700683594,147900
2025-01-29,195.32000732421875,197.3300018310547,194.7100067138672,195.4499969482422,192.73379516601562,142800
2025-01-30,197.27000427246094,201.6300048828125,197.27000427246094,200.3000030517578,197.5164031982422,190700
2025-01-31,199.55999755859375,201.13999938964844,197.27000427246094,198.77999877929688,196.01751708984375,477500
2025-02-03,194.49000549316406,195.55999755859375,188.97999572753906,192.4600067138672,189.7853546142578,399700
2025-02-04,192.0,194.5,192.0,193.3800048828125,190.6925811767578,234100
2025-02-05,193.47000122070312,193.47000122070312,189.0,192.11000061035156,189.44021606445312,228400
2025-02-06,193.47999572753906,194.6300048828125,191.6300048828125,193.24000549316406,190.55450439453125,235800
2025-02-07,193.2100067138672,194.25,190.33999633789062,191.25,188.59214782714844,198200
2025-02-10,194.64999389648438,194.64999389648438,191.97000122070312,193.0,190.31784057617188,256100
2025-02-11,192.5,195.27999877929688,192.22999572753906,193.5,190.8109130859375,184200
2025-02-12,190.3800048828125,194.42999267578125,189.19000244140625,194.0,191.303955078125,331600
2025-02-13,217.8699951171875,220.36000061035156,208.58999633789062,213.80999755859375,210.83863830566406,881500
2025-02-14,215.50999450683594,216.6199951171875,212.32000732421875,213.82000732421875,210.8485107421875,595300
2025-02-18,214.89999389648438,217.8000030517578,212.74000549316406,216.80999755859375,213.7969512939453,357300
2025-02-19,216.80999755859375,217.22999572753906,213.5,215.89999389648438,212.89959716796875,317800
2025-02-20,213.72999572753906,215.05999755859375,211.0399932861328,211.63999938964844,208.69879150390625,203400
2025-02-21,212.8000030517578,212.89999389648438,206.25999450683594,207.27000427246094,204.3895263671875,301100
2025-02-24,208.0500030517578,209.3699951171875,204.57000732421875,207.47000122070312,204.58676147460938,228900
2025-02-25,207.08999633789062,209.5,206.17999267578125,207.8000030517578,204.91217041015625,164300
2025-02-26,208.14999389648438,209.82000732421875,206.3800048828125,207.77000427246094,204.88258361816406,195900
2025-02-27,207.7100067138672,209.08999633789062,205.10000610351562,205.27999877929688,202.4272003173828,186600
2025-02-28,204.94000244140625,206.8800048828125,202.02000427246094,206.69000244140625,203.81761169433594,457400
2025-03-03,207.6199951171875,209.0399932861328,199.50999450683594,200.30999755859375,197.52627563476562,373400
2025-03-04,196.7100067138672,200.10000610351562,193.3300018310547,193.61000061035156,190.91937255859375,312800
2025-03-05,193.97000122070312,197.88999938964844,191.86000061035156,195.82000732421875,193.09866333007812,397300
2025-03-06,197.89999389648438,197.9199981689453,192.27999877929688,195.97000122070312,193.24658203125,338200
2025-03-07,194.8699951171875,201.94000244140625,194.25,201.6699981689453,198.86734008789062,339400
2025-03-10,200.25,204.63999938964844,196.0,197.61000061035156,194.86378479003906,302300
2025-03-11,197.91000366210938,200.88999938964844,194.22000122070312,197.52000427246094,194.7750244140625,353800
2025-03-12,199.38999938964844,200.6300048828125,190.39999389648438,190.47000122070312,187.82298278808594,486500
2025-03-13,190.22000122070312,191.74000549316406,184.42999267578125,184.94000244140625,182.36985778808594,544500
2025-03-14,187.39999389648438,190.7100067138672,185.00999450683594,190.5,187.8525848388672,363200
2025-03-17,189.27000427246094,191.97000122070312,188.7899932861328,190.97999572753906,188.32591247558594,387400
2025-03-18,190.41000366210938,191.77000427246094,189.41000366210938,190.60000610351562,187.95120239257812,391800
2025-03-19,190.5800018310547,195.8699951171875,190.5800018310547,194.3800048828125,191.6786651611328,393500
2025-03-20,192.77000427246094,195.30999755859375,191.5,194.07000732421875,191.3730010986328,429900
2025-03-21,192.0,193.72999572753906,190.60000610351562,192.02000427246094,189.35147094726562,1036900
2025-03-24,194.55999755859375,198.30999755859375,194.02999877929688,197.5399932861328,194.79473876953125,297600
2025-03-25,198.2100067138672,199.4499969482422,194.08999633789062,196.35000610351562,193.62130737304688,334500
2025-03-26,197.16000366210938,199.83999633789062,196.60000610351562,197.25999450683594,194.51864624023438,319000
2025-03-27,195.3300018310547,196.5,192.2100067138672,194.86000061035156,192.15200805664062,257300
2025-03-28,193.91000366210938,195.7100067138672,189.22000122070312,190.2899932861328,187.64549255371094,278200
2025-03-31,187.5,190.89999389648438,186.0,189.16000366210938,187.26931762695312,250200
2025-04-01,188.13999938964844,192.27999877929688,187.3699951171875,192.22000122070312,190.29872131347656,350200
2025-04-02,189.8000030517578,195.17999267578125,188.39999389648438,194.77999877929688,192.83311462402344,211500
2025-04-03,185.35000610351562,186.11000061035156,179.25,179.42999267578125,177.6365509033203,403300
2025-04-04,170.1300048828125,175.3699951171875,168.2899932861328,172.02000427246094,170.30062866210938,459600
2025-04-07,167.97000122070312,176.05999755859375,161.11000061035156,168.72000122070312,167.03359985351562,492500
2025-04-08,172.89999389648438,178.44000244140625,164.74000549316406,167.17999267578125,165.5089874267578,381700
2025-04-09,165.5399932861328,186.4199981689453,162.83999633789062,184.60000610351562,182.75489807128906,499100
2025-04-10,179.92999267578125,181.27999877929688,171.91000366210938,176.9199981689453,175.15164184570312,305700
2025-04-11,177.1699981689453,182.17999267578125,174.75,181.1300048828125,179.31956481933594,226700
2025-04-14,182.66000366210938,185.24000549316406,177.33999633789062,179.9499969482422,178.15135192871094,217900
2025-04-15,180.57000732421875,183.55999755859375,178.97000122070312,180.10000610351562,178.29986572265625,157600
2025-04-16,180.00999450683594,180.91000366210938,175.74000549316406,177.2899932861328,175.5179443359375,260300
2025-04-17,177.83999633789062,180.3800048828125,176.50999450683594,177.3800048828125,175.6070556640625,236400
2025-04-21,176.7899932861328,176.7899932861328,169.69000244140625,172.25999450683594,170.53822326660156,332600
2025-04-22,174.7899932861328,178.5399932861328,173.25999450683594,177.0,175.23085021972656,363700
2025-04-23,181.83999633789062,185.9199981689453,179.49000549316406,181.0,179.1908721923828,288000
2025-04-24,182.91000366210938,187.7100067138672,181.64999389648438,186.33999633789062,184.47747802734375,215600
2025-04-25,184.86000061035156,187.02999877929688,184.72999572753906,185.75999450683594,183.9032745361328,238400
2025-04-28,186.22999572753906,188.72999572753906,182.63999938964844,184.2100067138672,182.36878967285156,382100
2025-04-29,182.58999633789062,185.42999267578125,182.16000366210938,184.0,182.16087341308594,574600
2025-04-30,170.02000427246094,179.35000610351562,170.00999450683594,176.1999969482422,174.43882751464844,888900
2025-05-01,175.91000366210938,180.88999938964844,175.88999938964844,177.63999938964844,175.8644561767578,536400
2025-05-02,181.1199951171875,184.27000427246094,179.91000366210938,183.5,181.66587829589844,415200
2025-05-05,182.4499969482422,185.02999877929688,181.50999450683594,182.77000427246094,180.94317626953125,285800
2025-05-06,181.35000610351562,182.9600067138672,179.7100067138672,180.47000122070312,178.66616821289062,303400
2025-05-07,181.16000366210938,183.47999572753906,180.1699981689453,181.47999572753906,179.6660614013672,380400
2025-05-08,183.75999450683594,189.13999938964844,181.89999389648438,187.2100067138672,185.33880615234375,361300
2025-05-09,187.2100067138672,189.8000030517578,185.3699951171875,185.8800048828125,184.0220947265625,287700
2025-05-12,194.39999389648438,198.5399932861328,193.6300048828125,194.88999938964844,192.94203186035156,383500
2025-05-13,195.75999450683594,197.5500030517578,194.9199981689453,195.57000732421875,193.615234375,214500
2025-05-14,195.55999755859375,196.88999938964844,194.5800018310547,195.75999450683594,193.80332946777344,393200
2025-05-15,195.75,198.38999938964844,195.6999969482422,197.9199981689453,195.94174194335938,504500
2025-05-16,197.52999877929688,203.16000366210938,197.1300048828125,203.00999450683594,200.98086547851562,634800
2025-05-19,200.0,202.3000030517578,199.5800018310547,201.4499969482422,199.43646240234375,381100
2025-05-20,201.9199981689453,203.47000122070312,200.16000366210938,201.07000732421875,199.06027221679688,265800
2025-05-21,199.0,199.4600067138672,194.3699951171875,194.3699951171875,192.42721557617188,269800
2025-05-22,194.05999755859375,197.42999267578125,192.22000122070312,194.41000366210938,192.46682739257812,205500
2025-05-23,190.82000732421875,192.75,190.82000732421875,191.52000427246094,189.60572814941406,268000
2025-05-27,194.3300018310547,196.82000732421875,192.6199951171875,196.27000427246094,194.30824279785156,350100
2025-05-28,196.07000732421875,196.72000122070312,192.2100067138672,192.44000244140625,190.5165252685547,217800
2025-05-29,193.8000030517578,195.58999633789062,192.64999389648438,195.3300018310547,193.3776397705078,303100
2025-05-30,194.35000610351562,195.9199981689453,193.0800018310547,193.58999633789062,191.655029296875,552700
2025-06-02,192.77000427246094,192.77000427246094,188.64999389648438,190.75999450683594,188.8533172607422,303900
2025-06-03,191.02999877929688,194.8300018310547,191.02999877929688,194.57000732421875,192.62525939941406,304500
2025-06-04,194.75999450683594,196.22000122070312,194.2899932861328,195.3699951171875,193.417236328125,214300
2025-06-05,196.24000549316406,199.91000366210938,194.8800048828125,198.72999572753906,196.74365234375,462000
2025-06-06,200.64999389648438,202.16000366210938,199.72000122070312,201.44000244140625,199.4265594482422,312900
2025-06-09,202.66000366210938,205.0,200.94000244140625,202.99000549316406,200.9610595703125,299500
2025-06-10,203.7899932861328,205.1999969482422,201.24000549316406,204.0500030517578,202.01046752929688,291700
2025-06-11,205.27999877929688,205.27999877929688,202.89999389648438,203.64999389648438,201.61447143554688,442300
2025-06-12,202.5,205.6300048828125,201.3300018310547,204.3699951171875,202.3272705078125,410300
2025-06-13,202.2899932861328,204.25999450683594,200.57000732421875,201.27000427246094,199.25827026367188,448000
2025-06-16,202.07000732421875,206.25,202.07000732421875,204.42999267578125,202.3866729736328,384300
2025-06-17,203.08999633789062,203.9499969482422,199.32000732421875,200.25,198.2484588623047,298100
2025-06-18,200.3000030517578,203.0399932861328,199.55999755859375,201.0800018310547,199.07015991210938,287700
2025-06-20,202.61000061035156,202.66000366210938,199.1300048828125,201.1999969482422,199.18896484375,707500
2025-06-23,200.08999633789062,207.1199951171875,199.3000030517578,206.72999572753906,204.66368103027344,260800
2025-06-24,206.88999938964844,209.16000366210938,205.75999450683594,206.1199951171875,204.0597686767578,291900
2025-06-25,206.67999267578125,208.33999633789062,204.4199981689453,206.80999755859375,204.74288940429688,530100
2025-06-26,206.82000732421875,211.66000366210938,206.82000732421875,211.3800048828125,209.26722717285156,313000
2025-06-27,211.44000244140625,214.3699951171875,208.0399932861328,209.27000427246094,207.17831420898438,1389900
2025-06-30,209.14999389648438,209.14999389648438,206.02999877929688,207.32000732421875,205.9860382080078,343100
2025-07-01,206.75,214.57000732421875,205.36000061035156,210.22000122070312,208.86737060546875,504600
2025-07-02,210.13999938964844,214.47000122070312,209.61000061035156,213.85000610351562,212.47401428222656,488000
2025-07-03,213.85000610351562,217.3800048828125,213.85000610351562,216.27999877929688,214.88836669921875,257400
2025-07-07,214.25999450683594,219.72999572753906,213.72000122070312,217.72000122070312,216.31912231445312,599900
2025-07-08,216.5500030517578,221.0,216.5500030517578,219.3300018310547,217.9187469482422,540900
2025-07-09,219.85000610351562,220.6199951171875,217.10000610351562,220.47999572753906,219.06134033203125,284900
2025-07-10,221.67999267578125,225.25,221.11000061035156,223.47000122070312,222.0321044921875,330700
2025-07-11,222.2899932861328,223.30999755859375,219.6699981689453,222.77999877929688,221.3465576171875,259800
2025-07-14,222.77999877929688,223.44000244140625,220.11000061035156,222.82000732421875,221.38629150390625,253300
2025-07-15,223.6699981689453,224.75,219.3800048828125,219.52000427246094,218.10752868652344,219500
2025-07-16,219.88999938964844,220.72000122070312,214.05999755859375,218.82000732421875,217.4120330810547,324700
2025-07-17,220.0,223.58999633789062,219.9499969482422,222.77999877929688,221.3465576171875,292400
2025-07-18,224.60000610351562,224.60000610351562,220.6199951171875,221.97999572753906,220.55169677734375,203700
2025-07-21,221.7100067138672,223.5800018310547,218.10000610351562,218.22000122070312,216.81590270996094,512900
2025-07-22,218.22000122070312,223.75,218.19000244140625,223.30999755859375,221.87313842773438,337300
2025-07-23,224.5399932861328,226.8000030517578,221.75,225.58999633789062,224.1384735107422,222500
2025-07-24,225.25,226.17999267578125,223.5,223.88999938964844,222.44940185546875,195300
2025-07-25,225.0,227.8000030517578,223.0800018310547,227.72000122070312,226.2547607421875,246200
2025-07-28,228.36000061035156,228.64999389648438,225.97999572753906,226.9499969482422,225.48971557617188,402200
2025-07-29,227.35000610351562,227.35000610351562,223.4600067138672,224.0800018310547,222.63818359375,235500
2025-07-30,224.42999267578125,224.42999267578125,219.77999877929688,223.3300018310547,221.8930206298828,439700
2025-07-31,230.0,244.3000030517578,228.7899932861328,243.5,241.9332275390625,1040200
2025-08-01,238.63999938964844,241.58999633789062,232.0,241.13999938964844,239.58840942382812,518000
2025-08-04,243.6300048828125,245.25,240.8000030517578,243.83999633789062,242.2710418701172,425600
2025-08-05,245.60000610351562,246.8300018310547,241.6999969482422,245.5800018310547,243.99984741210938,463400
2025-08-06,245.27999877929688,245.67999267578125,239.25999450683594,241.92999267578125,240.37332153320312,365300
2025-08-07,243.0,243.9499969482422,239.4600067138672,241.30999755859375,239.75730895996094,233800
2025-08-08,242.91000366210938,243.25,238.6199951171875,239.47000122070312,237.9291534423828,270300
2025-08-11,239.47000122070312,239.55999755859375,236.16000366210938,238.2100067138672,236.67727661132812,419300
2025-08-12,240.36000061035156,243.08999633789062,238.7100067138672,242.11000061035156,240.55218505859375,192400
2025-08-13,243.27999877929688,245.60000610351562,240.99000549316406,245.4499969482422,243.8706817626953,366500
2025-08-14,244.7899932861328,244.7899932861328,242.38999938964844,243.61000061035156,242.0425262451172,237800
2025-08-15,243.94000244140625,243.94000244140625,237.00999450683594,237.27000427246094,235.74331665039062,290800
2025-08-18,238.22000122070312,238.63999938964844,233.44000244140625,238.10000610351562,236.56797790527344,277600
2025-08-19,238.07000732421875,241.25999450683594,237.64999389648438,240.75,239.200927734375,188200
2025-08-20,240.74000549316406,241.72000122070312,236.52000427246094,238.6999969482422,237.16412353515625,223100
2025-08-21,238.2899932861328,239.64999389648438,237.57000732421875,238.1199951171875,236.5878448486328,248800
2025-08-22,239.8000030517578,246.1300048828125,239.0,245.25,243.67198181152344,187700
2025-08-25,244.88999938964844,247.22000122070312,244.88999938964844,245.8300018310547,244.2482452392578,300900
2025-08-26,245.66000366210938,248.55999755859375,245.4199981689453,246.2899932861328,244.70526123046875,258100
2025-08-27,244.52000427246094,249.19000244140625,244.52000427246094,247.75999450683594,246.1658172607422,241900
2025-08-28,247.67999267578125,247.67999267578125,244.75,245.5399932861328,243.96009826660156,214200
2025-08-29,246.82000732421875,247.3699951171875,240.3300018310547,242.6300048828125,241.06883239746094,263200
2025-09-02,239.6999969482422,242.97000122070312,238.35000610351562,241.9600067138672,240.40313720703125,266900
2025-09-03,243.16000366210938,243.35000610351562,238.97999572753906,240.85000610351562,239.30029296875,236000
2025-09-04,240.66000366210938,244.1199951171875,238.6699981689453,243.97999572753906,242.41014099121094,313700
2025-09-05,244.1199951171875,246.52999877929688,240.77999877929688,244.32000732421875,242.74795532226562,215000
2025-09-08,245.16000366210938,246.19000244140625,241.57000732421875,243.24000549316406,241.67491149902344,335400
2025-09-09,242.1300048828125,242.66000366210938,238.39999389648438,238.9199981689453,237.3826904296875,247400
2025-09-10,239.49000549316406,242.22000122070312,237.77999877929688,242.16000366210938,240.6018524169922,284500
2025-09-11,241.41000366210938,246.5,241.41000366210938,242.83999633789062,241.27748107910156,334600
2025-09-12,242.07000732421875,245.75,238.9199981689453,239.1300048828125,237.5913543701172,214900
2025-09-15,240.1300048828125,240.4600067138672,235.47999572753906,236.39999389648438,234.87890625,299300
2025-09-16,237.22999572753906,237.24000549316406,232.50999450683594,233.97999572753906,232.4744873046875,261400
2025-09-17,234.1699981689453,239.3800048828125,232.13999938964844,234.27999877929688,232.77255249023438,343500
2025-09-18,236.25999450683594,240.80999755859375,234.80999755859375,239.75999450683594,238.21728515625,417400
2025-09-19,240.47000122070312,241.02999877929688,234.77999877929688,238.2899932861328,236.7567596435547,916300
2025-09-22,238.39999389648438,239.33999633789062,235.38999938964844,238.6199951171875,237.08462524414062,410000
2025-09-23,239.42999267578125,241.3000030517578,235.89999389648438,236.2899932861328,234.76962280273438,177800
2025-09-24,236.1699981689453,237.32000732421875,233.13999938964844,233.66000366210938,232.1565399169922,329400
2025-09-25,232.17999267578125,237.02000427246094,231.13999938964844,236.30999755859375,234.7895050048828,339800
2025-09-26,237.1199951171875,239.4199981689453,235.3800048828125,236.72000122070312,235.19686889648438,219100
2025-09-29,237.83999633789062,237.86000061035156,233.8000030517578,234.47000122070312,232.96133422851562,290200
2025-09-30,232.74000549316406,236.60000610351562,232.74000549316406,235.8300018310547,235.06448364257812,167900
2025-10-01,233.94000244140625,235.3800048828125,231.4199981689453,231.97000122070312,231.21701049804688,421600
2025-10-02,231.52999877929688,233.35000610351562,229.99000549316406,231.66000366210938,230.90802001953125,267300
2025-10-03,234.0,241.77999877929688,233.07000732421875,236.38999938964844,235.62266540527344,404500
2025-10-06,235.85000610351562,238.4199981689453,234.97000122070312,236.3800048828125,235.61270141601562,288100
2025-10-07,237.13999938964844,238.63999938964844,232.8000030517578,236.4199981689453,235.65255737304688,234400
2025-10-08,236.72999572753906,242.10000610351562,236.25,241.9499969482422,241.16461181640625,351600
2025-10-09,242.25,242.25,234.52999877929688,235.0800018310547,234.31690979003906,318800
2025-10-10,235.6300048828125,237.5,227.5399932861328,227.92999267578125,227.1901092529297,358200
2025-10-13,230.4600067138672,233.94000244140625,229.30999755859375,232.9199981689453,232.16392517089844,133700
2025-10-14,231.1699981689453,238.52000427246094,231.1699981689453,236.8000030517578,236.0313262939453,146900
2025-10-15,239.14999389648438,241.38999938964844,236.47000122070312,238.49000549316406,237.71585083007812,203400
2025-10-16,240.6699981689453,240.8699951171875,236.27000427246094,238.30999755859375,237.5364227294922,265200
2025-10-17,237.32000732421875,240.8000030517578,234.38999938964844,235.02000427246094,234.25711059570312,230300
2025-10-20,237.19000244140625,239.7899932861328,235.97999572753906,239.4199981689453,238.642822265625,318500
2025-10-21,238.58999633789062,245.0800018310547,238.3699951171875,242.9499969482422,242.16136169433594,407100
2025-10-22,242.9499969482422,244.52999877929688,238.52000427246094,238.92999267578125,238.15440368652344,227800
2025-10-23,239.36000061035156,243.32000732421875,238.30999755859375,242.2100067138672,241.4237823486328,381400
2025-10-24,243.22999572753906,243.4499969482422,240.0,241.80999755859375,241.0250701904297,315100
2025-10-27,243.07000732421875,245.61000061035156,240.50999450683594,242.07000732421875,241.2842254638672,301900
2025-10-28,241.64999389648438,242.6699981689453,238.55999755859375,240.63999938964844,239.85887145996094,309700
2025-10-29,240.0,241.82000732421875,233.4600067138672,234.50999450683594,233.74876403808594,550800
2025-10-30,230.0,238.80999755859375,220.02999877929688,236.10000610351562,235.33360290527344,628700
2025-10-31,237.85000610351562,237.85000610351562,231.5399932861328,234.4499969482422,233.68894958496094,587100
2025-11-03,231.32000732421875,233.1999969482422,227.38999938964844,231.82000732421875,231.0675048828125,417500
2025-11-04,229.13999938964844,231.82000732421875,222.67999267578125,225.07000732421875,224.33941650390625,589900
2025-11-05,225.0500030517578,230.58999633789062,225.0500030517578,228.3699951171875,227.62869262695312,406900
2025-11-06,227.7899932861328,231.85000610351562,226.30999755859375,227.0,226.2631378173828,262900
2025-11-07,226.83999633789062,228.1199951171875,224.47000122070312,226.88999938964844,226.15350341796875,304400
2025-11-10,228.49000549316406,230.13999938964844,226.66000366210938,227.4199981689453,226.68177795410156,240600
2025-11-11,227.7100067138672,231.0,226.0800018310547,230.38999938964844,229.6421356201172,455500
2025-11-12,231.5800018310547,237.6199951171875,231.5800018310547,236.2100067138672,235.44325256347656,473100
2025-11-13,234.17999267578125,235.6999969482422,226.85000610351562,227.13999938964844,226.40269470214844,285600
2025-11-14,227.14999389648438,227.82000732421875,224.85000610351562,225.99000549316406,225.2564239501953,203800
2025-11-17,224.5399932861328,227.27000427246094,220.39999389648438,220.85000610351562,220.13311767578125,288700
2025-11-18,219.35000610351562,221.82000732421875,216.22000122070312,220.63999938964844,219.9237823486328,278300
2025-11-19,220.63999938964844,223.27000427246094,220.47000122070312,221.82000732421875,221.09996032714844,285300
2025-11-20,225.16000366210938,227.27999877929688,220.27999877929688,226.0500030517578,225.31622314453125,1308000
2025-11-21,226.27999877929688,230.60000610351562,223.49000549316406,229.0,228.25665283203125,407800
2025-11-24,229.13999938964844,233.3800048828125,227.97999572753906,232.0,231.24691772460938,550200
2025-11-25,233.57000732421875,237.8699951171875,231.8800048828125,237.74000549316406,236.96829223632812,374900
2025-11-26,237.74000549316406,242.1699981689453,237.41000366210938,238.83999633789062,238.06471252441406,441600
2025-11-28,238.25,241.2100067138672,237.92999267578125,239.42999267578125,238.6527862548828,126100
2025-12-01,237.69000244140625,238.88999938964844,235.8000030517578,236.80999755859375,236.04129028320312,235500
2025-12-02,238.0,240.6199951171875,234.0500030517578,237.44000244140625,236.66925048828125,154600
2025-12-03,237.92999267578125,241.36000061035156,234.82000732421875,240.9600067138672,240.17784118652344,242100
2025-12-04,239.94000244140625,244.5800018310547,238.63999938964844,244.0500030517578,243.25779724121094,312200
2025-12-05,242.50999450683594,246.75999450683594,242.3800048828125,245.41000366210938,244.61338806152344,426600
2025-12-08,244.32000732421875,247.4199981689453,240.27999877929688,241.77000427246094,240.98519897460938,253800
2025-12-09,240.75999450683594,243.07000732421875,238.02999877929688,238.30999755859375,237.5364227294922,261400
2025-12-10,237.9499969482422,247.82000732421875,237.9499969482422,247.16000366210938,246.3577117919922,332700
2025-12-11,247.9499969482422,251.5500030517578,246.0800018310547,250.8800048828125,250.0656280517578,354800
2025-12-12,251.27000427246094,252.0,242.74000549316406,243.75,242.95877075195312,318300
2025-12-15,245.42999267578125,245.42999267578125,240.1699981689453,244.24000549316406,243.4471893310547,382700
2025-12-16,242.82000732421875,245.41000366210938,241.08999633789062,243.4600067138672,242.6697235107422,381600
2025-12-17,242.50999450683594,245.0,241.0399932861328,242.13999938964844,241.35398864746094,278300
2025-12-18,242.57000732421875,245.1199951171875,240.4199981689453,243.69000244140625,242.8989715576172,268300
2025-12-19,243.16000366210938,245.0800018310547,241.67999267578125,243.4499969482422,242.6597442626953,633300
2025-12-22,243.08999633789062,246.42999267578125,242.88999938964844,244.47000122070312,243.6764373779297,175500
2025-12-23,244.36000061035156,246.27999877929688,243.22999572753906,245.38999938964844,244.59344482421875,139600
2025-12-24,246.1999969482422,246.3699951171875,244.0800018310547,245.14999389648438,244.35421752929688,101900
2025-12-26,245.5800018310547,246.5,244.2100067138672,246.47000122070312,245.66993713378906,92800
2025-12-29,245.9199981689453,247.11000061035156,243.88999938964844,245.35000610351562,244.5535888671875,147600
2025-12-30,244.83999633789062,246.5399932861328,242.9499969482422,243.3699951171875,242.5800018310547,179400
2025-12-31,243.02000427246094,244.47999572753906,238.83999633789062,239.63999938964844,239.63999938964844,305700
2026-01-02,239.6300048828125,246.63999938964844,239.6300048828125,243.75999450683594,243.75999450683594,258300
2026-01-05,242.75999450683594,251.88999938964844,242.75999450683594,247.0,247.0,269000
2026-01-06,245.27999877929688,251.97000122070312,243.92999267578125,251.7100067138672,251.7100067138672,165300
2026-01-07,251.92999267578125,251.92999267578125,243.5,245.5500030517578,245.5500030517578,291100
2026-01-08,244.9499969482422,251.8300018310547,244.9499969482422,251.0,251.0,259400
2026-01-09,251.22999572753906,255.05999755859375,250.3699951171875,252.33999633789062,252.33999633789062,305900
2026-01-12,250.77000427246094,252.6999969482422,246.52000427246094,251.49000549316406,251.49000549316406,199200
2026-01-13,251.49000549316406,255.0,251.00999450683594,251.13999938964844,251.13999938964844,189600
2026-01-14,251.91000366210938,258.8699951171875,251.91000366210938,255.82000732421875,255.82000732421875,345000
2026-01-15,257.9200134277344,264.8699951171875,257.9200134277344,263.55999755859375,263.55999755859375,351300
2026-01-16,263.55999755859375,264.1400146484375,261.3900146484375,263.7200012207031,263.7200012207031,322600
2026-01-20,256.3599853515625,260.9200134277344,252.57000732421875,253.00999450683594,253.00999450683594,487000
2026-01-21,256.5899963378906,262.3599853515625,254.9600067138672,259.19000244140625,259.19000244140625,426600
2026-01-22,260.1400146484375,264.0,259.5199890136719,261.1600036621094,261.1600036621094,292300
2026-01-23,260.0,260.2099914550781,257.3299865722656,258.6400146484375,258.6400146484375,140100
2026-01-26,258.6400146484375,259.5,256.29998779296875,257.6400146484375,257.6400146484375,172600
2026-01-27,256.8500061035156,259.9100036621094,255.30999755859375,256.7699890136719,256.7699890136719,189600
2026-01-28,255.14999389648438,259.2200012207031,253.07000732421875,256.8699951171875,256.8699951171875,221300
2026-01-29,258.5199890136719,268.1300048828125,255.85000610351562,267.7699890136719,267.7699890136719,527000
2026-01-30,265.6000061035156,267.30999755859375,262.6600036621094,265.3500061035156,265.3500061035156,526400
2026-02-02,262.3500061035156,268.92999267578125,260.2099914550781,267.6199951171875,267.6199951171875,335200
2026-02-03,268.0,272.6499938964844,266.19000244140625,271.2200012207031,271.2200012207031,355900
2026-02-04,273.54998779296875,288.2799987792969,272.57000732421875,285.82000732421875,285.82000732421875,907100
2026-02-05,281.8399963378906,289.29998779296875,280.4599914550781,284.6600036621094,284.6600036621094,537700
2026-02-06,289.260009765625,301.1400146484375,289.260009765625,298.8800048828125,298.8800048828125,860300
2026-02-09,299.0299987792969,300.5400085449219,293.6700134277344,297.6000061035156,297.6000061035156,738900
2026-02-10,297.4100036621094,298.3999938964844,293.239990234375,294.0799865722656,294.0799865722656,495200
2026-02-11,296.54998779296875,298.44000244140625,289.7300109863281,290.5,290.5,772500
2026-02-12,280.6499938964844,310.0,271.0,296.1400146484375,296.1400146484375,1272100
2026-02-13,296.1600036621094,299.5799865722656,292.5799865722656,293.67999267578125,293.67999267578125,569400
2026-02-17,289.94000244140625,293.5199890136719,286.5799865722656,287.2699890136719,287.2699890136719,343000
2026-02-18,288.29998779296875,292.8800048828125,286.760009765625,289.0400085449219,289.0400085449219,288600
2026-02-19,288.44000244140625,290.6000061035156,286.7900085449219,288.1199951171875,288.1199951171875,252500
2026-02-20,287.6199951171875,291.9100036621094,285.4100036621094,286.1300048828125,286.1300048828125,187000
2026-02-23,286.75,287.5,279.29998779296875,281.1700134277344,281.1700134277344,224100
2026-02-24,283.3299865722656,288.0,280.0,284.9800109863281,284.9800109863281,226100
2026-02-25,287.55999755859375,288.0,279.8699951171875,287.4200134277344,287.4200134277344,335800
2026-02-26,295.3299865722656,295.3299865722656,280.0,285.1600036621094,285.1600036621094,297400
2026-02-27,283.57000732421875,288.20001220703125,279.3500061035156,287.04998779296875,287.04998779296875,329700
2026-03-02,282.54998779296875,288.9599914550781,276.8699951171875,287.0899963378906,287.0899963378906,263700
2026-03-03,279.6700134277344,281.5299987792969,275.510009765625,280.0799865722656,280.0799865722656,213000
2026-03-04,282.5899963378906,283.9700012207031,278.3599853515625,282.6199951171875,282.6199951171875,244200
2026-03-05,280.5199890136719,282.45001220703125,273.3699951171875,274.95001220703125,274.95001220703125,468000
2026-03-06,268.3500061035156,269.7099914550781,261.79998779296875,262.1199951171875,262.1199951171875,314000
2026-03-09,259.70001220703125,268.489990234375,255.25,266.79998779296875,266.79998779296875,334800
2026-03-10,267.25,270.1300048828125,264.989990234375,265.6700134277344,265.6700134277344,179300
2026-03-11,264.57000732421875,272.94000244140625,261.1000061035156,266.7099914550781,266.7099914550781,175800
2026-03-12,262.92999267578125,264.1199951171875,260.0,260.5,260.5,216000
2026-03-13,260.6700134277344,264.7200012207031,256.1700134277344,258.45001220703125,258.45001220703125,181600
2026-03-16,261.9100036621094,267.4700012207031,259.1499938964844,259.2699890136719,259.2699890136719,172100
2026-03-17,261.55999755859375,264.30999755859375,256.489990234375,260.7799987792969,260.7799987792969,270300
2026-03-18,259.9200134277344,264.739990234375,257.67999267578125,258.2300109863281,258.2300109863281,363900
2026-03-19,254.83999633789062,259.3699951171875,253.16000366210938,256.7699890136719,256.7699890136719,384200
2026-03-20,256.0799865722656,258.94000244140625,248.25999450683594,249.72000122070312,249.72000122070312,768500
2026-03-23,256.4800109863281,260.19000244140625,252.2899932861328,252.6999969482422,252.6999969482422,428900
2026-03-24,250.19000244140625,257.30999755859375,249.55999755859375,254.6999969482422,254.6999969482422,269100
2026-03-25,258.25,260.17999267578125,253.50999450683594,256.55999755859375,256.55999755859375,226100
2026-03-26,252.9600067138672,256.8999938964844,249.9600067138672,251.4600067138672,251.4600067138672,316200
2026-03-27,251.55999755859375,252.35000610351562,246.39999389648438,248.0,248.0,311800
