Date,Open,High,Low,Close,Adj Close,Volume
2015-01-02,52.15999984741211,52.43000030517578,49.59000015258789,49.77000045776367,37.55046081542969,381800
2015-01-05,49.439998626708984,49.880001068115234,48.060001373291016,48.689998626708984,36.73561096191406,266000
2015-01-06,48.68000030517578,49.220001220703125,46.63999938964844,47.18000030517578,35.59634780883789,279000
2015-01-07,47.709999084472656,47.849998474121094,46.95000076293945,47.58000183105469,35.898136138916016,261000
2015-01-08,48.02000045776367,48.959999084472656,47.380001068115234,47.790000915527344,36.05656814575195,286100
2015-01-09,47.70000076293945,48.22999954223633,47.0099983215332,47.08000183105469,35.52089309692383,309200
2015-01-12,47.0099983215332,47.849998474121094,46.36000061035156,47.040000915527344,35.49071502685547,277400
2015-01-13,47.4900016784668,49.41999816894531,47.4900016784668,48.5,36.592262268066406,203200
2015-01-14,47.61000061035156,48.4900016784668,46.54999923706055,47.11000061035156,35.543540954589844,238300
2015-01-15,47.29999923706055,47.33000183105469,45.970001220703125,46.849998474121094,35.34736633300781,225600
2015-01-16,46.709999084472656,47.83000183105469,46.459999084472656,47.15999984741211,35.58126449584961,237500
2015-01-20,47.36000061035156,48.61000061035156,47.06999969482422,48.54999923706055,36.62998962402344,326500
2015-01-21,48.27000045776367,49.90999984741211,47.79999923706055,49.86000061035156,37.618350982666016,433700
2015-01-22,50.22999954223633,52.63999938964844,49.2400016784668,52.119998931884766,39.32346725463867,918300
2015-01-23,52.25,52.68000030517578,51.560001373291016,52.220001220703125,39.398921966552734,546300
2015-01-26,52.25,52.63999938964844,51.150001525878906,52.349998474121094,39.49700164794922,307500
2015-01-27,51.91999816894531,53.27000045776367,51.45000076293945,52.9900016784668,39.979862213134766,308600
2015-01-28,53.15999984741211,53.29999923706055,50.619998931884766,50.970001220703125,38.455810546875,470300
2015-01-29,51.11000061035156,51.31999969482422,49.93000030517578,51.220001220703125,38.644439697265625,277600
2015-01-30,50.869998931884766,51.650001525878906,49.54999923706055,49.900001525878906,37.648536682128906,394500
2015-02-02,49.81999969482422,50.380001068115234,48.119998931884766,49.93000030517578,37.67116165161133,360600
2015-02-03,50.369998931884766,52.02000045776367,49.97999954223633,51.38999938964844,38.77269744873047,313700
2015-02-04,51.11000061035156,52.88999938964844,51.11000061035156,52.16999816894531,39.3611946105957,144100
2015-02-05,52.15999984741211,52.15999984741211,50.810001373291016,50.90999984741211,38.41056442260742,120200
2015-02-06,50.810001373291016,52.59000015258789,50.709999084472656,51.9900016784668,39.22540283203125,187900
2015-02-09,51.650001525878906,52.65999984741211,51.0,51.970001220703125,39.210304260253906,147800
2015-02-10,52.209999084472656,52.619998931884766,50.810001373291016,52.150001525878906,39.34611129760742,236400
2015-02-11,51.9900016784668,52.459999084472656,50.779998779296875,52.310001373291016,39.611148834228516,206400
2015-02-12,52.959999084472656,53.68000030517578,52.2599983215332,53.599998474121094,40.587982177734375,408100
2015-02-13,53.560001373291016,53.93000030517578,52.95000076293945,53.619998931884766,40.603126525878906,169600
2015-02-17,53.400001525878906,54.2599983215332,52.72999954223633,53.65999984741211,40.63340759277344,129700
2015-02-18,53.540000915527344,54.900001525878906,53.189998626708984,54.689998626708984,41.413368225097656,342700
2015-02-19,54.439998626708984,55.02000045776367,53.459999084472656,53.4900016784668,40.50468063354492,224300
2015-02-20,53.4900016784668,54.58000183105469,52.5099983215332,54.209999084472656,41.04990005493164,242300
2015-02-23,53.939998626708984,55.0099983215332,53.56999969482422,54.560001373291016,41.3149299621582,183400
2015-02-24,54.68000030517578,54.849998474121094,53.869998931884766,54.349998474121094,41.155914306640625,200700
2015-02-25,54.209999084472656,54.59000015258789,53.77000045776367,54.27000045776367,41.095333099365234,281700
2015-02-26,59.45000076293945,59.45000076293945,53.90999984741211,55.02000045776367,41.663265228271484,1184600
2015-02-27,55.099998474121094,56.0,54.04999923706055,54.529998779296875,41.292213439941406,448400
2015-03-02,54.33000183105469,55.029998779296875,53.5099983215332,54.79999923706055,41.496665954589844,305400
2015-03-03,54.88999938964844,55.880001068115234,54.439998626708984,55.5,42.026729583740234,395100
2015-03-04,55.209999084472656,55.630001068115234,54.66999816894531,55.20000076293945,41.79957962036133,266200
2015-03-05,55.43000030517578,56.189998626708984,54.83000183105469,55.97999954223633,42.39020919799805,294500
2015-03-06,55.79999923706055,57.650001525878906,55.79999923706055,56.41999816894531,42.7234001159668,383100
2015-03-09,56.54999923706055,56.810001373291016,56.06999969482422,56.52000045776367,42.79912185668945,284400
2015-03-10,55.63999938964844,56.5,55.0,55.150001525878906,41.761695861816406,229700
2015-03-11,55.36000061035156,55.36000061035156,54.529998779296875,54.95000076293945,41.610252380371094,187300
2015-03-12,55.41999816894531,57.08000183105469,54.83000183105469,56.34000015258789,42.66282272338867,576000
2015-03-13,56.130001068115234,57.099998474121094,55.290000915527344,56.81999969482422,43.02628707885742,291000
2015-03-16,57.09000015258789,58.06999969482422,56.52000045776367,57.97999954223633,43.904693603515625,527900
2015-03-17,57.77000045776367,58.189998626708984,56.93000030517578,57.900001525878906,43.8441047668457,217000
2015-03-18,57.900001525878906,58.0,57.18000030517578,57.63999938964844,43.647216796875,238300
2015-03-19,57.4900016784668,58.0,56.88999938964844,57.31999969482422,43.40491485595703,193100
2015-03-20,57.7599983215332,58.0,57.09000015258789,57.16999816894531,43.291324615478516,413500
2015-03-23,57.06999969482422,57.5,56.470001220703125,56.790000915527344,43.00356674194336,333900
2015-03-24,56.790000915527344,57.189998626708984,56.349998474121094,56.7599983215332,42.98085403442383,129000
2015-03-25,56.63999938964844,56.869998931884766,55.79999923706055,56.2599983215332,42.602230072021484,326000
2015-03-26,55.97999954223633,56.459999084472656,55.45000076293945,55.70000076293945,42.17817306518555,157400
2015-03-27,55.689998626708984,57.060001373291016,55.689998626708984,57.0,43.16259765625,138500
2015-03-30,57.38999938964844,58.45000076293945,57.209999084472656,58.040000915527344,43.95011901855469,165500
2015-03-31,57.68000030517578,58.189998626708984,57.029998779296875,57.220001220703125,43.32918167114258,262300
2015-04-01,57.029998779296875,57.79999923706055,56.7599983215332,57.720001220703125,43.707794189453125,165000
2015-04-02,57.84000015258789,58.720001220703125,57.61000061035156,57.77000045776367,43.74566650390625,228400
2015-04-06,58.470001220703125,59.529998779296875,58.40999984741211,58.5,44.29844665527344,228100
2015-04-07,58.65999984741211,58.959999084472656,57.849998474121094,57.900001525878906,43.8441047668457,217300
2015-04-08,57.88999938964844,58.68000030517578,57.88999938964844,58.27000045776367,44.12428665161133,247500
2015-04-09,58.2400016784668,58.650001525878906,57.5099983215332,58.279998779296875,44.131858825683594,172400
2015-04-10,58.66999816894531,59.119998931884766,58.20000076293945,58.380001068115234,44.20759201049805,149800
2015-04-13,58.54999923706055,58.86000061035156,57.939998626708984,58.0099983215332,43.92739486694336,141500
2015-04-14,58.209999084472656,58.25,57.33000183105469,58.02000045776367,43.93497848510742,196900
2015-04-15,58.34000015258789,58.849998474121094,57.810001373291016,58.810001373291016,44.533199310302734,187200
2015-04-16,58.58000183105469,59.02000045776367,58.220001220703125,58.689998626708984,44.442325592041016,172600
2015-04-17,58.22999954223633,58.22999954223633,56.40999984741211,57.0099983215332,43.1701774597168,322000
2015-04-20,57.209999084472656,58.54999923706055,57.209999084472656,57.869998931884766,43.82138442993164,283700
2015-04-21,57.939998626708984,58.52000045776367,57.2400016784668,57.33000183105469,43.41249084472656,143200
2015-04-22,57.36000061035156,58.09000015258789,56.5,57.9900016784668,43.912254333496094,183100
2015-04-23,57.9900016784668,58.970001220703125,57.9900016784668,58.630001068115234,44.39689254760742,237000
2015-04-24,58.47999954223633,59.189998626708984,58.119998931884766,58.83000183105469,44.54833221435547,180300
2015-04-27,59.0,60.209999084472656,58.849998474121094,59.59000015258789,45.12382507324219,280000
2015-04-28,59.43000030517578,59.650001525878906,58.63999938964844,59.16999816894531,44.8057975769043,187700
2015-04-29,58.91999816894531,59.43000030517578,58.369998931884766,58.59000015258789,44.366600036621094,166100
2015-04-30,58.34000015258789,58.88999938964844,57.79999923706055,58.459999084472656,44.26816177368164,337400
2015-05-01,58.619998931884766,58.77000045776367,57.77000045776367,58.2599983215332,44.11672592163086,207100
2015-05-04,58.34000015258789,59.29999923706055,58.0,59.0,44.677066802978516,253400
2015-05-05,58.959999084472656,59.43000030517578,57.2400016784668,58.52000045776367,44.3135986328125,283000
2015-05-06,58.81999969482422,59.029998779296875,57.029998779296875,57.38999938964844,43.457908630371094,320700
2015-05-07,56.619998931884766,58.619998931884766,55.779998779296875,56.72999954223633,42.9581413269043,282400
2015-05-08,57.66999816894531,58.08000183105469,56.060001373291016,56.20000076293945,42.55679702758789,293600
2015-05-11,56.150001525878906,57.06999969482422,55.34000015258789,55.5099983215332,42.0343017578125,197100
2015-05-12,55.45000076293945,55.45000076293945,53.86000061035156,54.95000076293945,41.610252380371094,343300
2015-05-13,54.939998626708984,55.349998474121094,54.13999938964844,54.290000915527344,41.25310516357422,171700
2015-05-14,54.43000030517578,54.65999984741211,53.900001525878906,54.459999084472656,41.382293701171875,136400
2015-05-15,54.439998626708984,54.9900016784668,53.81999969482422,54.720001220703125,41.57986068725586,150200
2015-05-18,54.83000183105469,56.0099983215332,54.720001220703125,55.81999969482422,42.415706634521484,152600
2015-05-19,55.93000030517578,56.13999938964844,55.060001373291016,55.18000030517578,41.92939376831055,114100
2015-05-20,55.369998931884766,56.369998931884766,55.220001220703125,56.2400016784668,42.73485565185547,132000
2015-05-21,56.349998474121094,57.34000015258789,56.15999984741211,57.310001373291016,43.547908782958984,180000
2015-05-22,57.13999938964844,57.7400016784668,56.810001373291016,57.36000061035156,43.58591079711914,228500
2015-05-26,57.119998931884766,57.869998931884766,56.52000045776367,57.400001525878906,43.61629104614258,201500
2015-05-27,57.43000030517578,58.16999816894531,56.91999816894531,57.970001220703125,44.04942321777344,229500
2015-05-28,57.599998474121094,57.970001220703125,57.15999984741211,57.95000076293945,44.03422164916992,153500
2015-05-29,57.95000076293945,58.209999084472656,56.790000915527344,56.88999938964844,43.228759765625,387800
2015-06-01,57.400001525878906,58.869998931884766,56.88999938964844,58.13999938964844,44.17860412597656,463800
2015-06-02,57.93000030517578,58.209999084472656,57.630001068115234,57.77000045776367,43.8974494934082,234700
2015-06-03,57.900001525878906,58.63999938964844,57.779998779296875,58.09000015258789,44.140602111816406,230800
2015-06-04,57.939998626708984,58.2400016784668,56.869998931884766,57.31999969482422,43.555511474609375,151700
2015-06-05,57.36000061035156,57.970001220703125,56.47999954223633,57.689998626708984,43.8366584777832,129800
2015-06-08,57.529998779296875,58.630001068115234,56.369998931884766,56.66999816894531,43.061588287353516,181000
2015-06-09,56.47999954223633,57.16999816894531,55.16999816894531,56.209999084472656,42.712059020996094,198400
2015-06-10,56.439998626708984,57.0099983215332,56.11000061035156,56.439998626708984,42.8868408203125,132500
2015-06-11,56.779998779296875,57.2400016784668,56.18000030517578,56.86000061035156,43.20597457885742,142000
2015-06-12,56.75,56.9900016784668,56.470001220703125,56.7599983215332,43.129981994628906,124200
2015-06-15,56.20000076293945,57.060001373291016,56.09000015258789,56.38999938964844,42.84883499145508,139200
2015-06-16,56.22999954223633,57.060001373291016,55.91999816894531,56.70000076293945,43.08439636230469,166700
2015-06-17,56.93000030517578,57.41999816894531,56.560001373291016,56.81999969482422,43.175567626953125,135000
2015-06-18,56.970001220703125,58.09000015258789,56.970001220703125,57.27000045776367,43.51750183105469,182500
2015-06-19,57.25,57.45000076293945,56.31999969482422,56.95000076293945,43.274356842041016,237100
2015-06-22,57.220001220703125,57.869998931884766,57.0099983215332,57.09000015258789,43.3807373046875,260400
2015-06-23,56.869998931884766,57.439998626708984,56.68000030517578,57.2400016784668,43.494712829589844,260900
2015-06-24,57.2599983215332,57.400001525878906,56.459999084472656,57.220001220703125,43.479522705078125,266800
2015-06-25,57.38999938964844,57.849998474121094,57.0,57.72999954223633,43.8670539855957,315600
2015-06-26,57.91999816894531,58.599998474121094,57.36000061035156,57.93000030517578,44.019020080566406,446300
2015-06-29,57.61000061035156,57.939998626708984,56.060001373291016,56.150001525878906,42.66646957397461,253100
2015-06-30,56.45000076293945,56.529998779296875,55.290000915527344,56.0,42.552494049072266,270800
2015-07-01,56.5,57.0,55.779998779296875,55.97999954223633,42.53728485107422,171400
2015-07-02,56.130001068115234,56.65999984741211,55.20000076293945,55.599998474121094,42.248531341552734,108900
2015-07-06,55.369998931884766,55.880001068115234,54.72999954223633,55.119998931884766,41.883792877197266,128000
2015-07-07,55.369998931884766,55.369998931884766,53.369998931884766,53.65999984741211,40.77439498901367,507800
2015-07-08,53.08000183105469,53.59000015258789,51.68000030517578,52.0,39.51301956176758,284500
2015-07-09,52.70000076293945,53.20000076293945,51.36000061035156,51.790000915527344,39.35345458984375,393000
2015-07-10,52.56999969482422,53.439998626708984,51.93000030517578,53.29999923706055,40.50084686279297,633600
2015-07-13,53.540000915527344,54.709999084472656,53.52000045776367,54.2599983215332,41.23031234741211,231100
2015-07-14,54.45000076293945,54.66999816894531,53.5,54.41999816894531,41.351898193359375,368100
2015-07-15,54.560001373291016,56.099998474121094,53.83000183105469,55.77000045776367,42.377708435058594,1447300
2015-07-16,56.40999984741211,57.540000915527344,56.060001373291016,57.20000076293945,43.46431350708008,580300
2015-07-17,57.400001525878906,57.59000015258789,56.52000045776367,57.400001525878906,43.61629104614258,259300
2015-07-20,57.470001220703125,59.06999969482422,56.68000030517578,58.75,44.64212417602539,563600
2015-07-21,58.75,60.310001373291016,57.97999954223633,58.5099983215332,44.459739685058594,385600
2015-07-22,58.25,59.77000045776367,58.13999938964844,59.54999923706055,45.250003814697266,440200
2015-07-23,59.83000183105469,60.279998779296875,58.2599983215332,58.5099983215332,44.459739685058594,271000
2015-07-24,58.33000183105469,59.290000915527344,57.130001068115234,57.18000030517578,43.44913864135742,141500
2015-07-27,56.97999954223633,57.04999923706055,55.65999984741211,56.29999923706055,42.78044509887695,176700
2015-07-28,56.66999816894531,56.66999816894531,55.79999923706055,56.18000030517578,42.68927001953125,254200
2015-07-29,56.2400016784668,56.2400016784668,54.709999084472656,55.849998474121094,42.43850326538086,214800
2015-07-30,55.54999923706055,56.59000015258789,54.849998474121094,56.5,42.93241882324219,177600
2015-07-31,56.349998474121094,57.369998931884766,56.0099983215332,57.36000061035156,43.58591079711914,244300
2015-08-03,57.630001068115234,57.869998931884766,56.470001220703125,57.43000030517578,43.63909149169922,221900
2015-08-04,57.619998931884766,57.83000183105469,55.880001068115234,55.959999084472656,42.52210235595703,248700
2015-08-05,56.630001068115234,56.630001068115234,53.849998474121094,53.939998626708984,40.98716354370117,277600
2015-08-06,58.0,59.290000915527344,48.560001373291016,51.95000076293945,39.47502136230469,1164000
2015-08-07,51.93000030517578,54.93000030517578,51.36000061035156,54.060001373291016,41.078346252441406,483100
2015-08-10,54.689998626708984,57.31999969482422,54.279998779296875,55.06999969482422,41.84580993652344,369300
2015-08-11,54.68000030517578,55.34000015258789,53.79999923706055,54.09000015258789,41.101139068603516,151200
2015-08-12,53.79999923706055,54.52000045776367,52.93000030517578,53.560001373291016,40.84187698364258,353700
2015-08-13,53.529998779296875,53.959999084472656,52.7599983215332,53.279998779296875,40.62836456298828,258200
2015-08-14,53.02000045776367,53.66999816894531,52.349998474121094,52.869998931884766,40.315711975097656,377200
2015-08-17,52.56999969482422,53.650001525878906,52.56999969482422,53.439998626708984,40.75037384033203,397700
2015-08-18,53.59000015258789,54.369998931884766,52.54999923706055,53.04999923706055,40.452980041503906,251600
2015-08-19,52.689998626708984,53.06999969482422,51.40999984741211,52.43000030517578,39.980201721191406,259600
2015-08-20,51.849998474121094,52.900001525878906,49.06999969482422,49.08000183105469,37.42567825317383,427800
2015-08-21,47.86000061035156,48.9900016784668,47.22999954223633,47.40999984741211,36.1522216796875,768100
2015-08-24,45.52000045776367,47.22999954223633,44.04999923706055,44.630001068115234,34.032352447509766,980700
2015-08-25,45.900001525878906,46.220001220703125,43.91999816894531,43.95000076293945,33.513832092285156,358500
2015-08-26,44.7599983215332,45.84000015258789,43.20000076293945,45.15999984741211,34.43650436401367,526200
2015-08-27,45.75,46.7400016784668,44.43000030517578,45.40999984741211,34.627140045166016,494800
2015-08-28,45.119998931884766,46.70000076293945,45.119998931884766,46.59000015258789,35.526939392089844,354500
2015-08-31,46.439998626708984,47.310001373291016,45.95000076293945,46.47999954223633,35.443050384521484,308200
2015-09-01,45.439998626708984,46.15999984741211,43.88999938964844,44.20000076293945,33.70446014404297,332400
2015-09-02,44.689998626708984,45.349998474121094,43.47999954223633,44.09000015258789,33.620582580566406,302900
2015-09-03,44.18000030517578,44.70000076293945,43.58000183105469,44.099998474121094,33.62820053100586,391900
2015-09-04,43.400001525878906,44.790000915527344,43.36000061035156,43.95000076293945,33.513832092285156,274400
2015-09-08,44.43000030517578,44.900001525878906,43.18000030517578,43.91999816894531,33.49094772338867,549900
2015-09-09,44.279998779296875,44.4900016784668,43.33000183105469,43.77000045776367,33.37656784057617,475000
2015-09-10,43.88999938964844,43.9900016784668,42.63999938964844,43.13999938964844,32.89617156982422,646800
2015-09-11,42.869998931884766,43.29999923706055,42.0099983215332,42.75,32.5987663269043,247300
2015-09-14,42.75,43.11000061035156,42.209999084472656,42.869998931884766,32.690284729003906,269300
2015-09-15,43.09000015258789,44.220001220703125,42.720001220703125,43.939998626708984,33.506202697753906,421300
2015-09-16,44.060001373291016,45.0099983215332,44.02000045776367,44.970001220703125,34.291622161865234,330900
2015-09-17,45.08000183105469,47.08000183105469,45.08000183105469,46.5,35.458316802978516,421000
2015-09-18,46.0,48.599998474121094,45.959999084472656,47.720001220703125,36.38862609863281,555500
2015-09-21,48.15999984741211,48.58000183105469,46.95000076293945,47.150001525878906,35.95396041870117,234600
2015-09-22,46.720001220703125,47.36000061035156,46.04999923706055,46.56999969482422,35.511695861816406,204000
2015-09-23,46.59000015258789,46.95000076293945,45.5,45.689998626708984,34.84064865112305,174800
2015-09-24,45.15999984741211,45.77000045776367,44.630001068115234,45.689998626708984,34.84064865112305,303500
2015-09-25,46.279998779296875,46.279998779296875,44.38999938964844,44.52000045776367,33.94847106933594,364500
2015-09-28,44.599998474121094,47.380001068115234,43.45000076293945,43.5099983215332,33.17830276489258,1104100
2015-09-29,44.81999969482422,47.36000061035156,44.02000045776367,46.9900016784668,35.83197021484375,1354000
2015-09-30,47.61000061035156,48.18000030517578,46.40999984741211,47.349998474121094,36.10647201538086,964600
2015-10-01,47.5,48.15999984741211,45.7599983215332,46.529998779296875,35.48119354248047,641500
2015-10-02,45.79999923706055,47.220001220703125,45.02000045776367,47.06999969482422,35.8929557800293,498700
2015-10-05,47.380001068115234,48.81999969482422,47.220001220703125,48.619998931884766,37.07490921020508,377700
2015-10-06,48.470001220703125,49.36000061035156,48.310001373291016,48.560001373291016,37.029151916503906,285000
2015-10-07,48.560001373291016,52.5099983215332,48.02000045776367,52.439998626708984,39.987831115722656,858100
2015-10-08,52.599998474121094,52.599998474121094,49.84000015258789,51.61000061035156,39.35491180419922,513800
2015-10-09,51.810001373291016,52.56999969482422,50.779998779296875,52.56999969482422,40.08696365356445,399800
2015-10-12,52.63999938964844,53.220001220703125,51.18000030517578,51.369998931884766,39.17192459106445,705100
2015-10-13,51.310001373291016,52.439998626708984,50.689998626708984,50.81999969482422,38.75250244140625,500400
2015-10-14,50.70000076293945,51.63999938964844,49.88999938964844,50.08000183105469,38.1882209777832,343400
2015-10-15,50.599998474121094,51.810001373291016,50.099998474121094,51.7400016784668,39.45405197143555,487800
2015-10-16,51.810001373291016,52.900001525878906,50.68000030517578,52.880001068115234,40.32335662841797,411400
2015-10-19,52.540000915527344,53.29999923706055,51.2599983215332,52.15999984741211,39.77431106567383,311200
2015-10-20,52.06999969482422,52.47999954223633,51.47999954223633,52.15999984741211,39.77431106567383,237100
2015-10-21,52.279998779296875,52.75,50.68000030517578,50.709999084472656,38.66861343383789,224500
2015-10-22,50.939998626708984,52.11000061035156,50.59000015258789,51.79999923706055,39.49980163574219,225600
2015-10-23,52.560001373291016,53.02000045776367,51.689998626708984,52.95000076293945,40.37672805786133,228900
2015-10-26,53.060001373291016,53.65999984741211,51.869998931884766,52.18000030517578,39.789573669433594,154600
2015-10-27,52.029998779296875,52.119998931884766,50.369998931884766,51.400001525878906,39.19477844238281,314300
2015-10-28,51.77000045776367,53.59000015258789,51.2400016784668,53.59000015258789,40.86476135253906,358200
2015-10-29,53.380001068115234,53.95000076293945,52.529998779296875,53.02000045776367,40.43010711669922,304700
2015-10-30,52.90999984741211,53.54999923706055,51.38999938964844,53.22999954223633,40.59024429321289,278800
2015-11-02,53.40999984741211,54.20000076293945,51.2599983215332,53.93000030517578,41.1240234375,385000
2015-11-03,55.310001373291016,56.380001068115234,53.41999816894531,56.20000076293945,42.85499572753906,511200
2015-11-04,56.119998931884766,56.95000076293945,52.68000030517578,54.45000076293945,41.66138458251953,422200
2015-11-05,55.0,55.0,53.15999984741211,54.709999084472656,41.86030960083008,333000
2015-11-06,54.83000183105469,57.029998779296875,53.400001525878906,56.72999954223633,43.405887603759766,481200
2015-11-09,56.380001068115234,56.380001068115234,53.939998626708984,55.16999816894531,42.2122802734375,239400
2015-11-10,53.9900016784668,55.5099983215332,53.5099983215332,55.4900016784668,42.45713806152344,256600
2015-11-11,55.86000061035156,58.220001220703125,55.849998474121094,57.0,43.61246871948242,474800
2015-11-12,57.0,58.0099983215332,56.58000183105469,57.34000015258789,43.87262725830078,498700
2015-11-13,57.060001373291016,58.29999923706055,56.5,57.90999984741211,44.30873489379883,558400
2015-11-16,57.58000183105469,59.11000061035156,57.0,58.630001068115234,44.85963821411133,450000
2015-11-17,58.88999938964844,60.52000045776367,58.380001068115234,58.7599983215332,44.9591064453125,985400
2015-11-18,59.34000015258789,60.11000061035156,58.81999969482422,59.900001525878906,45.831363677978516,619900
2015-11-19,59.599998474121094,59.9900016784668,58.68000030517578,59.61000061035156,45.609466552734375,314500
2015-11-20,60.09000015258789,60.560001373291016,59.5,60.290000915527344,46.12975311279297,581500
2015-11-23,60.02000045776367,60.63999938964844,59.099998474121094,59.380001068115234,45.43347930908203,437900
2015-11-24,58.540000915527344,59.349998474121094,57.0,58.90999984741211,45.07387924194336,308900
2015-11-25,59.099998474121094,59.83000183105469,58.36000061035156,58.77000045776367,44.96675109863281,463700
2015-11-27,58.790000915527344,59.70000076293945,58.33000183105469,59.16999816894531,45.272823333740234,186400
2015-11-30,59.220001220703125,59.65999984741211,58.220001220703125,58.59000015258789,44.829044342041016,418000
2015-12-01,58.79999923706055,59.529998779296875,58.439998626708984,58.72999954223633,44.9361572265625,391300
2015-12-02,58.68000030517578,59.38999938964844,56.849998474121094,57.130001068115234,43.71193313598633,290600
2015-12-03,57.5,57.5,55.380001068115234,56.08000183105469,42.9085578918457,490800
2015-12-04,56.209999084472656,59.04999923706055,56.0,58.90999984741211,45.07387924194336,232800
2015-12-07,58.66999816894531,61.790000915527344,57.43000030517578,58.2400016784668,44.56124496459961,145000
2015-12-08,57.599998474121094,58.0,56.369998931884766,56.380001068115234,43.13808822631836,259000
2015-12-09,56.369998931884766,56.40999984741211,53.209999084472656,54.16999816894531,41.44715118408203,772700
2015-12-10,54.18000030517578,57.5,53.02000045776367,57.220001220703125,43.78080749511719,516500
2015-12-11,56.189998626708984,56.93000030517578,55.150001525878906,55.83000183105469,42.71727752685547,444200
2015-12-14,56.0099983215332,56.849998474121094,54.08000183105469,54.2400016784668,41.500709533691406,317600
2015-12-15,54.709999084472656,55.40999984741211,53.880001068115234,54.029998779296875,41.34003448486328,446600
2015-12-16,54.619998931884766,57.84000015258789,53.41999816894531,57.68000030517578,44.13276290893555,356600
2015-12-17,58.33000183105469,58.9900016784668,56.970001220703125,57.34000015258789,43.87262725830078,336500
2015-12-18,57.0099983215332,57.68000030517578,55.4900016784668,56.060001373291016,42.893253326416016,438100
2015-12-21,56.58000183105469,58.189998626708984,55.86000061035156,56.61000061035156,43.31407165527344,181100
2015-12-22,57.220001220703125,57.709999084472656,55.68000030517578,56.02000045776367,42.86264419555664,243400
2015-12-23,56.66999816894531,58.52000045776367,56.470001220703125,58.5,44.76017761230469,559000
2015-12-24,59.08000183105469,60.2400016784668,58.65999984741211,60.0,45.90785598754883,207200
2015-12-28,59.849998474121094,59.970001220703125,57.369998931884766,58.4900016784668,44.75251770019531,212300
2015-12-29,58.9900016784668,60.33000183105469,58.56999969482422,59.31999969482422,45.38758087158203,274000
2015-12-30,59.099998474121094,59.91999816894531,57.75,57.93000030517578,44.324039459228516,184900
2015-12-31,57.779998779296875,59.220001220703125,56.689998626708984,58.70000076293945,44.9131965637207,560100
2016-01-04,57.4900016784668,58.459999084472656,54.63999938964844,54.810001373291016,41.936824798583984,396100
2016-01-05,54.90999984741211,55.83000183105469,52.65999984741211,55.63999938964844,42.5718994140625,749300
2016-01-06,54.70000076293945,56.970001220703125,54.70000076293945,56.900001525878906,43.53595733642578,634200
2016-01-07,55.5,55.5,51.81999969482422,52.84000015258789,40.429534912109375,1554800
2016-01-08,52.5,53.849998474121094,50.86000061035156,50.869998931884766,38.92221450805664,1119700
2016-01-11,50.79999923706055,51.18000030517578,48.66999816894531,50.36000061035156,38.53199768066406,802500
2016-01-12,50.70000076293945,52.0099983215332,47.029998779296875,50.470001220703125,38.61617660522461,671600
2016-01-13,50.54999923706055,50.72999954223633,47.7400016784668,48.459999084472656,37.0782470703125,653200
2016-01-14,48.81999969482422,52.84000015258789,47.09000015258789,49.08000183105469,37.552635192871094,560500
2016-01-15,47.63999938964844,48.70000076293945,46.61000061035156,48.290000915527344,36.948184967041016,526700
2016-01-19,48.959999084472656,49.150001525878906,46.59000015258789,47.65999984741211,36.466148376464844,548000
2016-01-20,46.81999969482422,48.439998626708984,44.90999984741211,47.72999954223633,36.519718170166016,816000
2016-01-21,47.970001220703125,49.15999984741211,46.650001525878906,48.060001373291016,36.772212982177734,461800
2016-01-22,49.099998474121094,50.83000183105469,48.2400016784668,49.650001525878906,37.98875045776367,606900
2016-01-25,49.16999816894531,49.16999816894531,47.2599983215332,47.369998931884766,36.24425506591797,264600
2016-01-26,48.0,49.15999984741211,47.33000183105469,49.13999938964844,37.598548889160156,595700
2016-01-27,48.90999984741211,50.29999923706055,46.599998474121094,46.88999938964844,35.876991271972656,1770400
2016-01-28,47.81999969482422,47.93000030517578,43.209999084472656,43.400001525878906,33.20669174194336,2054900
2016-01-29,43.84000015258789,45.75,43.630001068115234,45.209999084472656,34.591575622558594,1706300
2016-02-01,44.86000061035156,45.16999816894531,43.369998931884766,44.72999954223633,34.224308013916016,949300
2016-02-02,44.06999969482422,44.2400016784668,41.04999923706055,42.189998626708984,32.2808837890625,1069600
2016-02-03,42.66999816894531,44.130001068115234,41.41999816894531,43.79999923706055,33.51273727416992,1277500
2016-02-04,44.380001068115234,45.279998779296875,42.150001525878906,42.220001220703125,32.303836822509766,910000
2016-02-05,42.650001525878906,43.41999816894531,39.83000183105469,39.90999984741211,30.536375045776367,829100
2016-02-08,39.290000915527344,39.959999084472656,36.7400016784668,37.459999084472656,28.66181182861328,915500
2016-02-09,36.63999938964844,37.84000015258789,34.81999969482422,36.2599983215332,27.7436580657959,1073000
2016-02-10,36.41999816894531,37.709999084472656,35.380001068115234,36.27000045776367,27.93621826171875,580800
2016-02-11,35.4900016784668,37.650001525878906,34.650001525878906,35.54999923706055,27.38164520263672,572200
2016-02-12,35.79999923706055,36.33000183105469,35.02000045776367,35.97999954223633,27.712839126586914,469700
2016-02-16,36.83000183105469,37.68000030517578,36.36000061035156,37.41999816894531,28.821977615356445,412900
2016-02-17,37.79999923706055,39.4900016784668,37.72999954223633,39.08000183105469,30.100570678710938,710500
2016-02-18,39.02000045776367,39.040000915527344,37.27000045776367,37.900001525878906,29.191679000854492,580500
2016-02-19,37.720001220703125,38.59000015258789,37.2599983215332,38.56999969482422,29.70773696899414,533800
2016-02-22,38.7599983215332,41.150001525878906,38.7599983215332,41.0,31.57939910888672,708500
2016-02-23,40.810001373291016,41.79999923706055,40.04999923706055,40.9900016784668,31.571697235107422,660300
2016-02-24,40.220001220703125,41.0099983215332,38.33000183105469,40.869998931884766,31.47926902770996,806700
2016-02-25,43.2400016784668,44.029998779296875,41.810001373291016,42.5099983215332,32.7424430847168,880800
2016-02-26,42.5099983215332,44.220001220703125,42.2400016784668,43.779998779296875,33.720638275146484,930800
2016-02-29,43.70000076293945,45.38999938964844,43.04999923706055,44.68000030517578,34.41383361816406,885300
2016-03-01,45.0099983215332,46.220001220703125,44.7599983215332,45.83000183105469,35.299598693847656,790300
2016-03-02,45.93000030517578,46.36000061035156,44.959999084472656,46.209999084472656,35.5922966003418,581700
2016-03-03,46.5099983215332,48.81999969482422,46.41999816894531,48.45000076293945,37.317604064941406,734200
2016-03-04,48.47999954223633,49.08000183105469,46.459999084472656,47.59000015258789,36.655208587646484,1455500
2016-03-07,47.27000045776367,48.189998626708984,46.7599983215332,48.18000030517578,37.10965347290039,657100
2016-03-08,48.0099983215332,48.33000183105469,45.959999084472656,46.119998931884766,35.522979736328125,578900
2016-03-09,46.5099983215332,47.7400016784668,46.5,47.720001220703125,36.755348205566406,569100
2016-03-10,48.02000045776367,48.40999984741211,46.7400016784668,47.36000061035156,36.47805404663086,387700
2016-03-11,47.869998931884766,48.709999084472656,47.869998931884766,48.38999938964844,37.27139663696289,371200
2016-03-14,48.06999969482422,48.33000183105469,47.369998931884766,47.70000076293945,36.73994064331055,382700
2016-03-15,47.47999954223633,47.4900016784668,46.02000045776367,46.31999969482422,35.6770133972168,374500
2016-03-16,46.400001525878906,47.310001373291016,46.099998474121094,47.060001373291016,36.24698257446289,409200
2016-03-17,47.150001525878906,48.40999984741211,46.65999984741211,47.7400016784668,36.7707405090332,415700
2016-03-18,47.9900016784668,49.189998626708984,47.84000015258789,48.16999816894531,37.10193634033203,911300
2016-03-21,48.119998931884766,48.119998931884766,46.18000030517578,46.2599983215332,35.630794525146484,383600
2016-03-22,45.77000045776367,46.189998626708984,44.40999984741211,45.0,34.66031265258789,981600
2016-03-23,44.91999816894531,45.310001373291016,43.43000030517578,43.45000076293945,33.46644592285156,741200
2016-03-24,43.119998931884766,43.439998626708984,41.90999984741211,42.560001373291016,32.78096008300781,498600
2016-03-28,42.439998626708984,43.70000076293945,42.029998779296875,43.66999816894531,33.635902404785156,477500
2016-03-29,43.65999984741211,45.13999938964844,43.18000030517578,44.9900016784668,34.652626037597656,782600
2016-03-30,45.290000915527344,45.290000915527344,43.68000030517578,43.72999954223633,33.68212890625,471100
2016-03-31,43.91999816894531,44.619998931884766,43.02000045776367,44.27000045776367,34.0980339050293,635100
2016-04-01,43.7400016784668,46.72999954223633,43.7400016784668,45.83000183105469,35.299598693847656,569900
2016-04-04,45.939998626708984,46.41999816894531,45.18000030517578,45.38999938964844,34.9607048034668,503500
2016-04-05,45.08000183105469,45.47999954223633,44.349998474121094,45.02000045776367,34.675724029541016,430100
2016-04-06,45.189998626708984,46.13999938964844,44.65999984741211,46.06999969482422,35.48445510864258,378700
2016-04-07,45.7400016784668,46.20000076293945,45.459999084472656,45.959999084472656,35.39973831176758,583700
2016-04-08,46.459999084472656,46.5099983215332,45.34000015258789,45.61000061035156,35.13015365600586,297800
2016-04-11,46.0099983215332,46.59000015258789,45.529998779296875,45.869998931884766,35.33041000366211,368500
2016-04-12,45.66999816894531,46.220001220703125,44.7599983215332,46.189998626708984,35.57687759399414,471200
2016-04-13,46.540000915527344,47.7599983215332,45.9900016784668,47.560001373291016,36.63209915161133,332700
2016-04-14,47.599998474121094,47.95000076293945,47.0099983215332,47.52000045776367,36.60128402709961,371400
2016-04-15,47.369998931884766,47.689998626708984,46.91999816894531,47.22999954223633,36.37792205810547,299000
2016-04-18,47.45000076293945,49.18000030517578,47.02000045776367,49.06999969482422,37.79515075683594,582100
2016-04-19,49.040000915527344,50.9900016784668,49.040000915527344,50.310001373291016,38.7502326965332,738700
2016-04-20,49.47999954223633,50.77000045776367,49.209999084472656,50.060001373291016,38.55767059326172,478600
2016-04-21,50.0099983215332,50.369998931884766,48.5099983215332,50.0099983215332,38.5191650390625,335000
2016-04-22,50.11000061035156,50.900001525878906,49.79999923706055,50.849998474121094,39.166168212890625,444400
2016-04-25,50.81999969482422,51.27000045776367,49.959999084472656,50.41999816894531,38.83495330810547,289200
2016-04-26,50.41999816894531,51.540000915527344,50.2599983215332,51.41999816894531,39.60517120361328,460300
2016-04-27,51.52000045776367,51.9900016784668,50.470001220703125,51.36000061035156,39.55897521972656,414400
2016-04-28,50.84000015258789,51.79999923706055,49.68000030517578,51.5,39.66679000854492,349700
2016-04-29,51.060001373291016,51.90999984741211,50.0099983215332,51.33000183105469,39.53587341308594,533700
2016-05-02,51.400001525878906,52.95000076293945,51.099998474121094,52.529998779296875,40.460147857666016,772100
2016-05-03,51.06999969482422,54.790000915527344,50.970001220703125,54.06999969482422,41.64628601074219,1503800
2016-05-04,53.9900016784668,54.279998779296875,51.59000015258789,51.91999816894531,39.990299224853516,644200
2016-05-05,52.310001373291016,52.90999984741211,51.650001525878906,51.869998931884766,39.951778411865234,298200
2016-05-06,51.43000030517578,53.400001525878906,51.130001068115234,53.34000015258789,41.084022521972656,423100
2016-05-09,53.33000183105469,53.790000915527344,52.31999969482422,53.220001220703125,40.99160385131836,335000
2016-05-10,53.130001068115234,53.7599983215332,50.810001373291016,53.599998474121094,41.28428268432617,203300
2016-05-11,53.2599983215332,53.2599983215332,52.529998779296875,52.79999923706055,40.85102462768555,293200
2016-05-12,53.130001068115234,53.2599983215332,50.13999938964844,50.7599983215332,39.272674560546875,527700
2016-05-13,50.43000030517578,50.79999923706055,48.90999984741211,49.31999969482422,38.15856170654297,569900
2016-05-16,49.61000061035156,51.81999969482422,49.130001068115234,51.20000076293945,39.61310577392578,560000
2016-05-17,50.86000061035156,51.900001525878906,49.22999954223633,49.38999938964844,38.21271514892578,355200
2016-05-18,49.099998474121094,49.599998474121094,48.130001068115234,48.400001525878906,37.44676971435547,454300
2016-05-19,48.08000183105469,48.66999816894531,47.630001068115234,48.22999954223633,37.31523513793945,263200
2016-05-20,48.54999923706055,50.459999084472656,48.540000915527344,49.790000915527344,38.52219772338867,339000
2016-05-23,49.599998474121094,50.900001525878906,49.599998474121094,50.22999954223633,38.86262512207031,401500
2016-05-24,50.54999923706055,51.54999923706055,50.349998474121094,51.45000076293945,39.8065299987793,397900
2016-05-25,51.439998626708984,52.45000076293945,51.33000183105469,51.779998779296875,40.06184768676758,430300
2016-05-26,52.060001373291016,52.63999938964844,51.720001220703125,52.31999969482422,40.479644775390625,284100
2016-05-27,52.2599983215332,53.36000061035156,52.2599983215332,53.099998474121094,41.0831184387207,194900
2016-05-31,53.16999816894531,53.709999084472656,52.18000030517578,53.220001220703125,41.17597579956055,303400
2016-06-01,52.84000015258789,53.40999984741211,52.58000183105469,52.880001068115234,40.912899017333984,432100
2016-06-02,52.560001373291016,53.04999923706055,52.209999084472656,52.880001068115234,40.912899017333984,226400
2016-06-03,52.84000015258789,52.84000015258789,51.599998474121094,52.5,40.618900299072266,252900
2016-06-06,52.47999954223633,53.130001068115234,52.33000183105469,53.0,41.0057487487793,218700
2016-06-07,52.91999816894531,53.369998931884766,52.45000076293945,52.459999084472656,40.587955474853516,212800
2016-06-08,52.2400016784668,53.56999969482422,51.959999084472656,53.349998474121094,41.276546478271484,242400
2016-06-09,53.130001068115234,53.130001068115234,52.41999816894531,52.86000061035156,40.897430419921875,191700
2016-06-10,52.130001068115234,52.2599983215332,50.689998626708984,51.45000076293945,39.8065299987793,284000
2016-06-13,51.20000076293945,51.63999938964844,50.40999984741211,50.58000183105469,39.1334114074707,198500
2016-06-14,50.47999954223633,51.06999969482422,49.970001220703125,50.79999923706055,39.30363082885742,499900
2016-06-15,50.95000076293945,52.54999923706055,50.470001220703125,51.150001525878906,39.574424743652344,646300
2016-06-16,50.84000015258789,50.9900016784668,49.06999969482422,49.93000030517578,38.630516052246094,397200
2016-06-17,50.06999969482422,50.099998474121094,48.16999816894531,48.40999984741211,37.454498291015625,556800
2016-06-20,49.189998626708984,50.25,48.959999084472656,49.439998626708984,38.251399993896484,686000
2016-06-21,49.310001373291016,49.310001373291016,47.52000045776367,47.7400016784668,36.936126708984375,415800
2016-06-22,47.7599983215332,48.45000076293945,47.130001068115234,47.689998626708984,36.897438049316406,311300
2016-06-23,48.43000030517578,49.61000061035156,47.7400016784668,49.599998474121094,38.37519454956055,268500
2016-06-24,47.119998931884766,47.869998931884766,46.54999923706055,47.18000030517578,36.502864837646484,727500
2016-06-27,46.5099983215332,47.02000045776367,45.220001220703125,45.290000915527344,35.04057312011719,498300
2016-06-28,45.709999084472656,46.63999938964844,44.75,45.369998931884766,35.10247802734375,427000
2016-06-29,46.130001068115234,48.709999084472656,45.72999954223633,48.290000915527344,37.36166000366211,928900
2016-06-30,48.470001220703125,48.599998474121094,46.93000030517578,47.58000183105469,36.81233596801758,685500
2016-07-01,47.65999984741211,47.939998626708984,46.9900016784668,47.65999984741211,36.874229431152344,587500
2016-07-05,47.5,47.5,46.2400016784668,46.630001068115234,36.07734298706055,320300
2016-07-06,46.34000015258789,47.18000030517578,45.70000076293945,46.849998474121094,36.24753952026367,323400
2016-07-07,46.959999084472656,48.779998779296875,46.959999084472656,48.7599983215332,37.72528839111328,432300
2016-07-08,49.36000061035156,51.63999938964844,48.5099983215332,51.099998474121094,39.53573226928711,720800
2016-07-11,51.5,52.38999938964844,51.099998474121094,52.34000015258789,40.4951171875,545000
2016-07-12,52.709999084472656,53.56999969482422,52.349998474121094,52.869998931884766,40.90515899658203,307000
2016-07-13,52.9900016784668,53.290000915527344,52.400001525878906,53.0099983215332,41.013484954833984,465400
2016-07-14,53.18000030517578,54.5099983215332,52.9900016784668,54.25,41.97286605834961,647000
2016-07-15,54.4900016784668,54.4900016784668,52.9900016784668,53.5,41.39259338378906,447200
2016-07-18,54.16999816894531,54.16999816894531,53.33000183105469,53.5,41.39259338378906,552800
2016-07-19,53.20000076293945,53.939998626708984,52.90999984741211,53.70000076293945,41.54734420776367,455500
2016-07-20,53.83000183105469,56.0,53.08000183105469,55.09000015258789,42.622764587402344,680300
2016-07-21,54.95000076293945,55.540000915527344,54.13999938964844,54.369998931884766,42.06570816040039,525000
2016-07-22,54.25,55.0099983215332,54.25,54.5,42.166297912597656,444300
2016-07-25,54.41999816894531,54.689998626708984,53.83000183105469,54.13999938964844,41.88775634765625,641100
2016-07-26,54.11000061035156,54.20000076293945,51.959999084472656,52.11000061035156,40.31715774536133,662600
2016-07-27,52.16999816894531,52.95000076293945,51.369998931884766,52.09000015258789,40.301692962646484,463400
2016-07-28,51.83000183105469,52.45000076293945,51.060001373291016,51.61000061035156,39.93031692504883,290400
2016-07-29,51.47999954223633,51.619998931884766,50.540000915527344,50.54999923706055,39.11020278930664,276200
2016-08-01,50.45000076293945,51.15999984741211,50.029998779296875,50.279998779296875,38.90130615234375,337900
2016-08-02,50.31999969482422,50.599998474121094,49.060001373291016,49.31999969482422,38.15856170654297,415200
2016-08-03,49.209999084472656,51.25,48.93000030517578,50.56999969482422,39.12567138671875,555200
2016-08-04,50.7599983215332,51.61000061035156,50.0099983215332,51.52000045776367,39.860679626464844,337900
2016-08-05,52.0,52.36000061035156,51.52000045776367,52.36000061035156,40.510581970214844,377100
2016-08-08,52.59000015258789,53.41999816894531,52.02000045776367,52.11000061035156,40.31715774536133,563700
2016-08-09,51.83000183105469,51.869998931884766,49.15999984741211,50.61000061035156,39.15663146972656,857600
2016-08-10,50.58000183105469,50.61000061035156,49.880001068115234,50.52000045776367,39.27323532104492,354100
2016-08-11,50.7400016784668,52.59000015258789,50.27000045776367,52.470001220703125,40.789119720458984,582100
2016-08-12,52.5,53.220001220703125,49.36000061035156,52.86000061035156,41.09229278564453,382500
2016-08-15,52.66999816894531,55.060001373291016,52.58000183105469,54.5,42.36721420288086,520400
2016-08-16,54.27000045776367,54.36000061035156,53.650001525878906,54.04999923706055,42.01736831665039,279800
2016-08-17,54.06999969482422,54.25,53.290000915527344,53.900001525878906,41.90077590942383,291200
2016-08-18,54.04999923706055,54.15999984741211,53.0,53.709999084472656,41.75306701660156,537500
2016-08-19,53.61000061035156,53.93000030517578,53.22999954223633,53.529998779296875,41.61314392089844,171000
2016-08-22,53.61000061035156,53.90999984741211,52.97999954223633,53.77000045776367,41.79969787597656,212100
2016-08-23,54.08000183105469,54.40999984741211,53.72999954223633,53.779998779296875,41.80748748779297,276000
2016-08-24,53.68000030517578,54.16999816894531,52.630001068115234,52.810001373291016,41.053428649902344,307000
2016-08-25,52.58000183105469,53.720001220703125,52.27000045776367,52.7400016784668,40.999019622802734,197600
2016-08-26,52.7599983215332,53.209999084472656,49.0099983215332,51.5099983215332,40.0428352355957,360100
2016-08-29,51.66999816894531,52.38999938964844,51.279998779296875,51.400001525878906,39.95732879638672,190800
2016-08-30,51.40999984741211,52.380001068115234,51.150001525878906,52.18000030517578,40.563690185546875,324300
2016-08-31,52.29999923706055,52.79999923706055,51.529998779296875,52.720001220703125,40.983455657958984,223100
2016-09-01,52.689998626708984,53.25,51.599998474121094,52.720001220703125,40.983455657958984,472500
2016-09-02,53.08000183105469,54.279998779296875,52.939998626708984,54.220001220703125,42.149539947509766,474000
2016-09-06,54.52000045776367,54.83000183105469,53.58000183105469,54.560001373291016,42.413841247558594,881100
2016-09-07,54.630001068115234,54.88999938964844,54.150001525878906,54.27000045776367,42.18839645385742,483700
2016-09-08,54.099998474121094,54.099998474121094,53.40999984741211,53.790000915527344,41.81526565551758,288300
2016-09-09,53.27000045776367,53.650001525878906,52.310001373291016,52.7400016784668,40.999019622802734,473400
2016-09-12,52.41999816894531,53.959999084472656,52.369998931884766,53.83000183105469,41.84636688232422,290000
2016-09-13,53.150001525878906,53.709999084472656,52.61000061035156,53.2599983215332,41.40324783325195,346800
2016-09-14,53.27000045776367,53.599998474121094,51.88999938964844,53.2400016784668,41.38771057128906,282900
2016-09-15,53.2400016784668,53.900001525878906,53.060001373291016,53.63999938964844,41.69865798950195,419100
2016-09-16,53.61000061035156,53.88999938964844,53.0,53.52000045776367,41.605377197265625,442700
2016-09-19,53.65999984741211,54.400001525878906,53.209999084472656,54.380001068115234,42.2739143371582,301000
2016-09-20,52.81999969482422,52.91999816894531,50.060001373291016,52.029998779296875,40.44707107543945,2190600
2016-09-21,51.54999923706055,52.77000045776367,50.310001373291016,52.54999923706055,40.851318359375,1271100
2016-09-22,52.84000015258789,53.220001220703125,51.9900016784668,52.66999816894531,40.94459915161133,404300
2016-09-23,52.45000076293945,54.0,52.43000030517578,53.75,41.7841682434082,457500
2016-09-26,53.849998474121094,54.369998931884766,53.38999938964844,53.72999954223633,41.76862335205078,496800
2016-09-27,53.75,54.0,53.279998779296875,53.5,41.58981704711914,282500
2016-09-28,55.029998779296875,55.45000076293945,54.599998474121094,55.119998931884766,42.84918212890625,664200
2016-09-29,54.90999984741211,55.599998474121094,54.75,55.45000076293945,43.10573196411133,721700
2016-09-30,55.810001373291016,58.13999938964844,55.41999816894531,57.709999084472656,44.86260223388672,1206300
2016-10-03,57.689998626708984,58.63999938964844,57.29999923706055,58.5,45.47672653198242,915600
2016-10-04,58.68000030517578,59.0,57.220001220703125,58.08000183105469,45.15023422241211,487900
2016-10-05,58.150001525878906,58.65999984741211,57.939998626708984,58.400001525878906,45.398990631103516,335800
2016-10-06,58.099998474121094,58.849998474121094,57.790000915527344,58.54999923706055,45.51559066772461,385400
2016-10-07,58.810001373291016,58.810001373291016,57.90999984741211,58.2400016784668,45.27460861206055,329400
2016-10-10,58.45000076293945,59.18000030517578,57.7400016784668,57.790000915527344,44.92479705810547,324400
2016-10-11,57.45000076293945,57.45000076293945,55.939998626708984,56.66999816894531,44.054115295410156,435600
2016-10-12,56.4900016784668,56.70000076293945,55.65999984741211,55.81999969482422,43.393348693847656,736800
2016-10-13,55.36000061035156,55.65999984741211,54.0099983215332,54.189998626708984,42.12621307373047,1124500
2016-10-14,54.220001220703125,54.90999984741211,52.959999084472656,53.130001068115234,41.30220413208008,1124600
2016-10-17,52.939998626708984,53.09000015258789,52.0099983215332,52.13999938964844,40.5325813293457,461800
2016-10-18,52.70000076293945,52.70000076293945,51.900001525878906,51.900001525878906,40.34601593017578,524100
2016-10-19,52.18000030517578,53.09000015258789,51.86000061035156,52.91999816894531,41.138938903808594,824500
2016-10-20,53.0,53.47999954223633,51.7400016784668,52.04999923706055,40.46262741088867,579000
2016-10-21,51.70000076293945,52.77000045776367,51.5099983215332,51.97999954223633,40.408203125,477000
2016-10-24,52.400001525878906,52.900001525878906,51.900001525878906,52.0,40.42376708984375,224100
2016-10-25,52.0,52.20000076293945,50.95000076293945,50.95000076293945,39.607521057128906,343300
2016-10-26,50.650001525878906,50.70000076293945,49.5,50.5,39.257686614990234,804700
2016-10-27,50.70000076293945,50.70000076293945,47.83000183105469,48.400001525878906,37.62519836425781,975000
2016-10-28,48.29999923706055,49.45000076293945,48.0,48.70000076293945,37.8583984375,674500
2016-10-31,49.099998474121094,49.599998474121094,48.70000076293945,48.79999923706055,37.93614196777344,539200
2016-11-01,48.75,48.75,47.70000076293945,48.349998474121094,37.58632278442383,775700
2016-11-02,48.099998474121094,48.54999923706055,47.599998474121094,47.70000076293945,37.26599884033203,455200
2016-11-03,47.849998474121094,48.45000076293945,47.0,47.20000076293945,36.8753776550293,518900
2016-11-04,47.5,48.650001525878906,47.0,47.349998474121094,36.99256134033203,532800
2016-11-07,48.400001525878906,49.54999923706055,48.04999923706055,48.599998474121094,37.96913146972656,879000
2016-11-08,51.29999923706055,51.79999923706055,48.95000076293945,49.5,38.67226028442383,1183700
2016-11-09,49.400001525878906,51.099998474121094,48.150001525878906,51.0,39.844146728515625,1568600
2016-11-10,51.45000076293945,55.79999923706055,50.79999923706055,55.04999923706055,43.00823211669922,1523200
2016-11-11,55.099998474121094,59.04999923706055,55.0,58.650001525878906,45.820777893066406,1573700
2016-11-14,59.150001525878906,60.70000076293945,58.650001525878906,60.5,47.266109466552734,1306500
2016-11-15,60.75,61.0,58.849998474121094,59.20000076293945,46.25048065185547,516700
2016-11-16,59.20000076293945,59.349998474121094,57.68000030517578,59.29999923706055,46.32859802246094,481700
2016-11-17,59.70000076293945,59.70000076293945,58.349998474121094,58.95000076293945,46.05515670776367,511700
2016-11-18,58.75,59.47999954223633,58.599998474121094,59.0,46.09420394897461,446100
2016-11-21,58.95000076293945,59.45000076293945,57.599998474121094,57.95000076293945,45.27390670776367,452700
2016-11-22,58.150001525878906,59.599998474121094,56.310001373291016,57.95000076293945,45.27390670776367,753900
2016-11-23,57.900001525878906,59.099998474121094,57.79999923706055,58.70000076293945,45.859840393066406,341800
2016-11-25,59.0,59.849998474121094,59.0,59.70000076293945,46.6411018371582,227000
2016-11-28,59.54999923706055,60.0,58.72999954223633,58.79999923706055,45.9379768371582,526100
2016-11-29,58.70000076293945,59.5,58.04999923706055,59.29999923706055,46.32859802246094,489700
2016-11-30,59.54999923706055,60.650001525878906,59.099998474121094,59.650001525878906,46.60204315185547,741900
2016-12-01,59.79999923706055,59.900001525878906,58.900001525878906,59.47999954223633,46.46921920776367,406200
2016-12-02,59.70000076293945,59.880001068115234,58.779998779296875,59.20000076293945,46.25048065185547,422300
2016-12-05,59.70000076293945,60.099998474121094,58.619998931884766,59.45000076293945,46.44578552246094,866700
2016-12-06,59.599998474121094,62.849998474121094,59.400001525878906,62.70000076293945,48.984867095947266,898900
2016-12-07,62.5,64.5999984741211,62.099998474121094,63.5,49.609867095947266,1352700
2016-12-08,63.70000076293945,65.4000015258789,62.95000076293945,65.3499984741211,51.05520248413086,807600
2016-12-09,65.30000305175781,67.19999694824219,64.80000305175781,64.9000015258789,50.70363998413086,719100
2016-12-12,64.44999694824219,64.44999694824219,61.75,62.25,48.63330078125,389700
2016-12-13,62.75,63.29999923706055,61.5,63.099998474121094,49.29736328125,472500
2016-12-14,63.20000076293945,64.4000015258789,62.29999923706055,63.70000076293945,49.76613998413086,709600
2016-12-15,63.849998474121094,64.4000015258789,62.5,62.5,48.82861328125,432500
2016-12-16,62.75,63.0,61.650001525878906,61.95000076293945,48.39891815185547,502500
2016-12-19,62.0,62.54999923706055,61.650001525878906,62.099998474121094,48.516117095947266,372300
2016-12-20,62.349998474121094,63.599998474121094,61.75,63.400001525878906,49.5317497253418,286300
2016-12-21,63.04999923706055,63.45000076293945,62.599998474121094,63.25,49.41457748413086,220300
2016-12-22,63.04999923706055,63.5,62.400001525878906,62.599998474121094,48.906742095947266,150800
2016-12-23,62.650001525878906,63.400001525878906,62.20000076293945,62.900001525878906,49.1411247253418,277200
2016-12-27,62.79999923706055,64.4000015258789,62.75,63.849998474121094,49.88331604003906,234700
2016-12-28,63.95000076293945,63.95000076293945,62.650001525878906,63.29999923706055,49.45363998413086,354700
2016-12-29,63.29999923706055,63.880001068115234,63.20000076293945,63.75,49.80518341064453,331800
2016-12-30,64.0,64.0,62.45000076293945,63.29999923706055,49.45363998413086,259200
2017-01-03,64.19999694824219,64.19999694824219,61.70000076293945,62.849998474121094,49.10205841064453,418000
2017-01-04,63.099998474121094,64.9000015258789,62.95000076293945,64.80000305175781,50.625518798828125,494300
2017-01-05,64.0999984741211,64.25,62.0,62.099998474121094,48.516117095947266,692200
2017-01-06,62.45000076293945,62.650001525878906,60.650001525878906,61.0,47.65673828125,689700
2017-01-09,60.849998474121094,61.400001525878906,60.20000076293945,60.400001525878906,47.187984466552734,290700
2017-01-10,60.400001525878906,60.75,59.900001525878906,60.45000076293945,47.227046966552734,519500
2017-01-11,60.400001525878906,65.05000305175781,59.95000076293945,65.0,50.78177261352539,1465600
2017-01-12,64.55000305175781,65.4000015258789,63.95000076293945,64.8499984741211,50.66457748413086,735100
2017-01-13,65.1500015258789,65.30000305175781,62.849998474121094,63.54999923706055,49.64893341064453,2667300
2017-01-17,63.099998474121094,63.400001525878906,60.20000076293945,61.25,47.85204315185547,2131600
2017-01-18,61.349998474121094,63.380001068115234,60.650001525878906,62.650001525878906,48.94580841064453,1065100
2017-01-19,62.70000076293945,63.04999923706055,62.0,62.95000076293945,49.180179595947266,1000500
2017-01-20,63.0,63.20000076293945,61.400001525878906,62.599998474121094,48.906742095947266,499900
2017-01-23,62.5,63.349998474121094,61.599998474121094,61.75,48.24268341064453,407900
2017-01-24,61.849998474121094,62.75,61.400001525878906,62.150001525878906,48.55518341064453,775700
2017-01-25,62.400001525878906,64.8499984741211,62.400001525878906,63.5,49.609867095947266,1054600
2017-01-26,63.25,64.5999984741211,63.04999923706055,63.20000076293945,49.37550735473633,479500
2017-01-27,63.349998474121094,64.55000305175781,63.0,63.650001525878906,49.727073669433594,737600
2017-01-30,63.29999923706055,64.75,62.599998474121094,64.55000305175781,50.43020248413086,651700
2017-01-31,64.4000015258789,65.6500015258789,64.0,65.4000015258789,51.09427261352539,608700
2017-02-01,65.80000305175781,68.0,65.80000305175781,67.4000015258789,52.65678024291992,1174500
2017-02-02,67.19999694824219,67.4000015258789,65.94999694824219,66.0,51.563026428222656,512700
2017-02-03,66.3499984741211,66.8499984741211,65.75,66.05000305175781,51.60209655761719,359300
2017-02-06,65.75,66.4000015258789,65.0,65.55000305175781,51.21146774291992,380600
2017-02-07,65.75,65.75,64.75,65.05000305175781,50.82082748413086,368100
2017-02-08,64.69999694824219,65.94999694824219,64.0999984741211,64.5999984741211,50.703086853027344,398500
2017-02-09,64.9000015258789,66.8499984741211,64.8499984741211,66.25,51.998146057128906,378700
2017-02-10,66.30000305175781,67.80000305175781,65.9000015258789,67.55000305175781,53.01848602294922,416800
2017-02-13,67.8499984741211,68.30000305175781,67.30000305175781,68.0999984741211,53.45018005371094,462600
2017-02-14,68.0,68.3499984741211,67.6500015258789,68.1500015258789,53.48941421508789,539100
2017-02-15,67.9000015258789,68.75,66.51000213623047,68.5,53.76412582397461,392200
2017-02-16,68.5,68.55000305175781,67.6500015258789,68.05000305175781,53.41093826293945,419100
2017-02-17,68.0,68.05000305175781,67.3499984741211,67.80000305175781,53.21470260620117,372200
2017-02-21,68.05000305175781,69.0999984741211,67.0999984741211,67.3499984741211,52.86150360107422,469700
2017-02-22,66.94999694824219,69.55000305175781,66.8499984741211,68.5,53.76412582397461,723500
2017-02-23,68.9000015258789,69.5999984741211,68.22000122070312,69.5,54.54899597167969,732300
2017-02-24,69.05000305175781,69.80000305175781,68.9000015258789,69.75,54.7452278137207,491800
2017-02-27,69.6500015258789,70.3499984741211,69.0,70.19999694824219,55.098411560058594,1198500
2017-02-28,69.19999694824219,70.05000305175781,67.4000015258789,68.94999694824219,54.1173095703125,936300
2017-03-01,69.94999694824219,73.80000305175781,69.3499984741211,73.1500015258789,57.413818359375,1362400
2017-03-02,73.4000015258789,73.4000015258789,70.6500015258789,70.80000305175781,55.569332122802734,403000
2017-03-03,70.69999694824219,72.44999694824219,70.25,72.30000305175781,56.746665954589844,400300
2017-03-06,72.0,73.69999694824219,70.30000305175781,73.0999984741211,57.374568939208984,891500
2017-03-07,73.0,73.9000015258789,72.05000305175781,73.05000305175781,57.335330963134766,568800
2017-03-08,73.3499984741211,73.8499984741211,71.80000305175781,71.80000305175781,56.35420608520508,291000
2017-03-09,72.05000305175781,72.30000305175781,70.6500015258789,71.0,55.726322174072266,658000
2017-03-10,71.4000015258789,72.0999984741211,69.25,70.0,54.941429138183594,492900
2017-03-13,69.8499984741211,70.94999694824219,69.6500015258789,69.75,54.7452278137207,345200
2017-03-14,69.1500015258789,70.27999877929688,68.6500015258789,70.1500015258789,55.059173583984375,393100
2017-03-15,70.0,70.5,69.0,69.30000305175781,54.39202880859375,435400
2017-03-16,69.44999694824219,69.80000305175781,68.4000015258789,68.80000305175781,53.99958419799805,367600
2017-03-17,68.55000305175781,68.69999694824219,67.6500015258789,68.25,53.56789016723633,737800
2017-03-20,68.05000305175781,68.75,67.5999984741211,68.1500015258789,53.48941421508789,409200
2017-03-21,68.55000305175781,69.4000015258789,66.80000305175781,66.8499984741211,52.46905517578125,352900
2017-03-22,66.69999694824219,68.4000015258789,66.69999694824219,68.4000015258789,53.685630798339844,434700
2017-03-23,68.1500015258789,69.94999694824219,67.94999694824219,69.69999694824219,54.705970764160156,483700
2017-03-24,69.80000305175781,71.05000305175781,69.3499984741211,69.80000305175781,54.78445816040039,455500
2017-03-27,69.1500015258789,69.75,68.30000305175781,69.1500015258789,54.274295806884766,363000
2017-03-28,69.0,69.1500015258789,68.55000305175781,68.5999984741211,53.84259796142578,392000
2017-03-29,68.44999694824219,68.5999984741211,67.66000366210938,68.5,53.76412582397461,751700
2017-03-30,68.5999984741211,70.94999694824219,68.5999984741211,70.3499984741211,55.21613311767578,477100
2017-03-31,70.25,71.1500015258789,69.5,70.1500015258789,55.059173583984375,666000
2017-04-03,70.1500015258789,70.19999694824219,68.3499984741211,69.30000305175781,54.39202880859375,359000
2017-04-04,69.0999984741211,69.80000305175781,68.5999984741211,69.1500015258789,54.274295806884766,225700
2017-04-05,69.44999694824219,69.6500015258789,68.05000305175781,68.1500015258789,53.48941421508789,311200
2017-04-06,68.0999984741211,69.5,67.55000305175781,69.30000305175781,54.39202880859375,448100
2017-04-07,68.80000305175781,69.25,68.33000183105469,68.80000305175781,53.99958419799805,341600
2017-04-10,68.9000015258789,69.5999984741211,68.05000305175781,68.19999694824219,53.528648376464844,275000
2017-04-11,67.80000305175781,68.72000122070312,67.44999694824219,68.0,53.37168502807617,314300
2017-04-12,67.8499984741211,68.4000015258789,66.9000015258789,67.05000305175781,52.62605285644531,434100
2017-04-13,66.8499984741211,66.9000015258789,65.41000366210938,66.0,51.80192947387695,418600
2017-04-17,66.19999694824219,66.75,65.6500015258789,66.44999694824219,52.15512466430664,254800
2017-04-18,66.19999694824219,67.0999984741211,65.75,66.9000015258789,52.50831604003906,201700
2017-04-19,67.44999694824219,69.75,67.44999694824219,69.3499984741211,54.43125915527344,772400
2017-04-20,69.9000015258789,70.30000305175781,68.55000305175781,68.80000305175781,53.99958419799805,461700
2017-04-21,68.9000015258789,69.4000015258789,68.0999984741211,69.0999984741211,54.23504638671875,537800
2017-04-24,70.05000305175781,70.0999984741211,67.94999694824219,68.5999984741211,53.84259796142578,643900
2017-04-25,69.1500015258789,69.77999877929688,68.80000305175781,68.9000015258789,54.078067779541016,664300
2017-04-26,68.94999694824219,70.30000305175781,68.69999694824219,69.9000015258789,54.86296081542969,587000
2017-04-27,70.05000305175781,70.30000305175781,69.0,70.0,54.941429138183594,302400
2017-04-28,70.0,70.0,68.94999694824219,69.0,54.156558990478516,755900
2017-05-01,69.05000305175781,69.80000305175781,66.5,67.0,52.58681106567383,908400
2017-05-02,67.1500015258789,67.62999725341797,64.69999694824219,64.75,50.82082748413086,1283800
2017-05-03,64.3499984741211,64.6500015258789,62.33000183105469,63.95000076293945,50.192928314208984,1030300
2017-05-04,63.79999923706055,63.79999923706055,62.29999923706055,62.29999923706055,48.897884368896484,467200
2017-05-05,62.400001525878906,63.54999923706055,62.099998474121094,63.25,49.643524169921875,486100
2017-05-08,63.25,64.0999984741211,60.47999954223633,61.20000076293945,48.034515380859375,1436900
2017-05-09,63.25,64.05000305175781,61.0,63.400001525878906,49.7612419128418,1760600
2017-05-10,63.099998474121094,63.150001525878906,61.099998474121094,61.5,48.49946975708008,993600
2017-05-11,61.099998474121094,61.70000076293945,59.900001525878906,61.5,48.49946975708008,940000
2017-05-12,61.400001525878906,61.70000076293945,58.95000076293945,59.099998474121094,46.60680389404297,1296400
2017-05-15,58.95000076293945,59.22999954223633,58.099998474121094,58.349998474121094,46.01534652709961,887300
2017-05-16,58.349998474121094,58.70000076293945,55.95000076293945,57.29999923706055,45.187313079833984,1665000
2017-05-17,56.75,57.22999954223633,56.04999923706055,56.45000076293945,44.51700210571289,1236200
2017-05-18,56.599998474121094,59.150001525878906,56.529998779296875,56.900001525878906,44.871856689453125,1115400
2017-05-19,56.900001525878906,57.900001525878906,56.400001525878906,57.599998474121094,45.42388916015625,1163900
2017-05-22,58.0,58.779998779296875,56.70000076293945,57.54999923706055,45.38445281982422,786900
2017-05-23,57.5,58.70000076293945,56.880001068115234,57.900001525878906,45.66047286987305,579800
2017-05-24,57.900001525878906,59.20000076293945,57.849998474121094,58.79999923706055,46.370235443115234,643700
2017-05-25,59.04999923706055,59.349998474121094,57.400001525878906,57.5,45.345035552978516,1221800
2017-05-26,57.70000076293945,59.20000076293945,57.150001525878906,59.150001525878906,46.64624786376953,1190800
2017-05-30,58.900001525878906,59.29999923706055,58.70000076293945,59.099998474121094,46.60680389404297,1174400
2017-05-31,59.04999923706055,59.25,56.5,57.20000076293945,45.108455657958984,1035700
2017-06-01,57.45000076293945,59.099998474121094,56.75,58.04999923706055,45.77876663208008,1092700
2017-06-02,57.79999923706055,58.900001525878906,57.400001525878906,58.70000076293945,46.2913703918457,656500
2017-06-05,58.400001525878906,59.029998779296875,58.04999923706055,58.099998474121094,45.818206787109375,755900
2017-06-06,57.75,58.29999923706055,57.400001525878906,57.79999923706055,45.58161163330078,817400
2017-06-07,58.0,60.400001525878906,58.0,60.150001525878906,47.43484878540039,1084100
2017-06-08,60.29999923706055,60.650001525878906,59.650001525878906,59.95000076293945,47.277130126953125,778700
2017-06-09,60.04999923706055,61.849998474121094,59.849998474121094,61.75,48.696624755859375,833200
2017-06-12,62.20000076293945,63.150001525878906,61.029998779296875,62.400001525878906,49.20921325683594,879700
2017-06-13,62.5,63.29999923706055,62.04999923706055,62.900001525878906,49.603515625,808800
2017-06-14,62.54999923706055,63.400001525878906,62.04999923706055,62.150001525878906,49.012062072753906,769700
2017-06-15,61.900001525878906,64.0,60.95000076293945,62.79999923706055,49.524662017822266,1240500
2017-06-16,62.349998474121094,62.97999954223633,61.54999923706055,62.5,49.2880744934082,664700
2017-06-19,62.79999923706055,62.849998474121094,61.54999923706055,62.20000076293945,49.051490783691406,509100
2017-06-20,61.70000076293945,62.20000076293945,58.849998474121094,58.849998474121094,46.40964889526367,793200
2017-06-21,59.04999923706055,59.04999923706055,57.5,58.099998474121094,45.818206787109375,842100
2017-06-22,58.0,58.650001525878906,57.45000076293945,57.54999923706055,45.38445281982422,844000
2017-06-23,57.599998474121094,58.45000076293945,57.45000076293945,57.900001525878906,45.66047286987305,1344700
2017-06-26,58.099998474121094,60.099998474121094,57.08000183105469,59.54999923706055,46.961673736572266,1197300
2017-06-27,59.650001525878906,60.099998474121094,59.099998474121094,59.20000076293945,46.685672760009766,503800
2017-06-28,59.29999923706055,60.599998474121094,59.20000076293945,60.400001525878906,47.63199996948242,581300
2017-06-29,60.599998474121094,61.25,60.20000076293945,60.849998474121094,47.98686599731445,649000
2017-06-30,61.099998474121094,61.099998474121094,59.099998474121094,59.79999923706055,47.15883255004883,595500
2017-07-03,59.849998474121094,61.04999923706055,59.849998474121094,60.599998474121094,47.789710998535156,144200
2017-07-05,60.54999923706055,61.04999923706055,59.54999923706055,59.599998474121094,47.00111770629883,395600
2017-07-06,59.349998474121094,59.400001525878906,58.45000076293945,58.75,46.3307991027832,561300
2017-07-07,58.849998474121094,59.599998474121094,58.29999923706055,59.45000076293945,46.88282012939453,387400
2017-07-10,59.45000076293945,60.099998474121094,58.75,59.45000076293945,46.88282012939453,348700
2017-07-11,59.5,60.900001525878906,59.04999923706055,60.5,47.71086120605469,293800
2017-07-12,60.900001525878906,61.75,60.45000076293945,60.54999923706055,47.75029373168945,438600
2017-07-13,60.650001525878906,61.95000076293945,60.099998474121094,61.75,48.696624755859375,714300
2017-07-14,62.099998474121094,64.05000305175781,61.029998779296875,63.150001525878906,49.800662994384766,1204900
2017-07-17,63.150001525878906,63.75,62.20000076293945,63.349998474121094,49.95840072631836,583300
2017-07-18,63.099998474121094,63.25,62.150001525878906,62.79999923706055,49.524662017822266,433400
2017-07-19,63.04999923706055,64.1500015258789,62.93000030517578,63.099998474121094,49.76123809814453,453500
2017-07-20,63.099998474121094,65.30000305175781,63.099998474121094,64.6500015258789,50.983577728271484,699200
2017-07-21,65.05000305175781,65.3499984741211,64.3499984741211,64.55000305175781,50.90471649169922,662700
2017-07-24,64.6500015258789,66.1500015258789,64.47000122070312,66.05000305175781,52.087646484375,635100
2017-07-25,66.5999984741211,67.30000305175781,65.94999694824219,66.0,52.04821014404297,753200
2017-07-26,66.30000305175781,66.8499984741211,65.6500015258789,66.25,52.245365142822266,556500
2017-07-27,66.3499984741211,67.44999694824219,65.80000305175781,66.25,52.245365142822266,630000
2017-07-28,66.1500015258789,67.4000015258789,66.05000305175781,67.25,53.033973693847656,486200
2017-07-31,67.1500015258789,67.1500015258789,65.3499984741211,65.4000015258789,51.57503890991211,619700
2017-08-01,65.55000305175781,67.25,64.69999694824219,66.80000305175781,52.67909240722656,694000
2017-08-02,66.5999984741211,66.5999984741211,63.599998474121094,65.25,51.456748962402344,941400
2017-08-03,64.0,64.5,61.75,61.900001525878906,48.81489944458008,1625500
2017-08-04,62.0,62.5,61.45000076293945,61.599998474121094,48.578330993652344,513400
2017-08-07,61.349998474121094,62.779998779296875,61.150001525878906,62.349998474121094,49.16978073120117,453500
2017-08-08,63.75,65.5,62.0,63.20000076293945,49.840110778808594,978900
2017-08-09,63.099998474121094,64.55000305175781,62.0099983215332,64.19999694824219,50.870182037353516,964100
2017-08-10,64.0,64.5,61.79999923706055,63.650001525878906,50.43439483642578,712900
2017-08-11,63.5,64.30000305175781,63.20000076293945,64.1500015258789,50.83057403564453,609500
2017-08-14,64.30000305175781,64.98999786376953,63.150001525878906,63.20000076293945,50.07781982421875,625800
2017-08-15,63.25,63.599998474121094,62.54999923706055,62.95000076293945,49.87972640991211,492400
2017-08-16,61.75,62.150001525878906,61.400001525878906,61.849998474121094,49.008113861083984,1429500
2017-08-17,61.54999923706055,62.0,60.650001525878906,60.70000076293945,48.096893310546875,1547500
2017-08-18,60.400001525878906,60.75,59.75,60.0,47.542236328125,973600
2017-08-21,60.150001525878906,60.45000076293945,59.400001525878906,60.29999923706055,47.77994918823242,727500
2017-08-22,60.400001525878906,61.349998474121094,60.349998474121094,60.75,48.13651657104492,578600
2017-08-23,60.400001525878906,60.849998474121094,59.95000076293945,60.849998474121094,48.21574783325195,438900
2017-08-24,60.95000076293945,62.099998474121094,60.650001525878906,61.29999923706055,48.57231140136719,435600
2017-08-25,61.54999923706055,62.150001525878906,60.79999923706055,60.849998474121094,48.21574783325195,295500
2017-08-28,61.0,61.40999984741211,60.54999923706055,60.599998474121094,48.01763916015625,185200
2017-08-29,60.25,60.900001525878906,60.029998779296875,60.349998474121094,47.81955337524414,450900
2017-08-30,60.29999923706055,63.45000076293945,59.900001525878906,62.70000076293945,49.6816291809082,1384400
2017-08-31,62.70000076293945,62.900001525878906,60.0,60.20000076293945,47.70069885253906,1418600
2017-09-01,60.400001525878906,62.33000183105469,60.400001525878906,61.5,48.73078155517578,513100
2017-09-05,61.75,61.75,60.0,60.70000076293945,48.096893310546875,342100
2017-09-06,60.95000076293945,61.349998474121094,60.70000076293945,60.900001525878906,48.255367279052734,460100
2017-09-07,61.0,61.150001525878906,59.0,59.150001525878906,46.86872100830078,706800
2017-09-08,59.150001525878906,59.150001525878906,58.650001525878906,59.099998474121094,46.82909393310547,435400
2017-09-11,59.54999923706055,60.0,58.650001525878906,58.75,46.55177307128906,515000
2017-09-12,59.0,59.5,58.349998474121094,58.79999923706055,46.591392517089844,568900
2017-09-13,58.75,59.20000076293945,58.349998474121094,59.0,46.74986267089844,705300
2017-09-14,58.75,59.279998779296875,56.650001525878906,57.04999923706055,45.204742431640625,1154000
2017-09-15,57.20000076293945,58.099998474121094,56.95000076293945,57.79999923706055,45.79901123046875,1040000
2017-09-18,57.650001525878906,60.04999923706055,57.650001525878906,59.95000076293945,47.50261688232422,842300
2017-09-19,60.29999923706055,60.29999923706055,59.400001525878906,60.0,47.542236328125,394300
2017-09-20,59.95000076293945,60.650001525878906,59.310001373291016,59.75,47.34413146972656,465200
2017-09-21,59.45000076293945,59.70000076293945,59.0,59.25,46.94795608520508,415400
2017-09-22,59.29999923706055,59.849998474121094,58.95000076293945,59.5,47.14604187011719,678100
2017-09-25,59.29999923706055,60.5,59.25,60.5,47.93841552734375,649600
2017-09-26,60.5,61.349998474121094,60.04999923706055,61.150001525878906,48.45344543457031,516700
2017-09-27,61.5,62.0,60.349998474121094,61.54999923706055,48.770408630371094,615200
2017-09-28,61.75,62.5,60.95000076293945,62.20000076293945,49.28544235229492,1613700
2017-09-29,61.95000076293945,64.44999694824219,61.5,62.29999923706055,49.364681243896484,894100
2017-10-02,62.29999923706055,62.599998474121094,60.25,60.95000076293945,48.294979095458984,924700
2017-10-03,60.79999923706055,61.79999923706055,60.349998474121094,61.70000076293945,48.889259338378906,884300
2017-10-04,61.900001525878906,64.3499984741211,61.900001525878906,63.099998474121094,49.998565673828125,736100
2017-10-05,63.349998474121094,64.0999984741211,62.900001525878906,63.04999923706055,49.95895004272461,605900
2017-10-06,63.0,63.20000076293945,62.5,62.70000076293945,49.6816291809082,386900
2017-10-09,62.650001525878906,63.45000076293945,61.75,61.849998474121094,49.008113861083984,629600
2017-10-10,62.25,62.400001525878906,61.599998474121094,61.95000076293945,49.087345123291016,351300
2017-10-11,61.849998474121094,61.95000076293945,61.349998474121094,61.650001525878906,48.849639892578125,400200
2017-10-12,61.349998474121094,61.349998474121094,59.70000076293945,59.79999923706055,47.383758544921875,945200
2017-10-13,60.04999923706055,61.0,58.70000076293945,60.5,47.93841552734375,625900
2017-10-16,60.75,61.04999923706055,60.20000076293945,60.75,48.13651657104492,694200
2017-10-17,60.75,61.75,59.150001525878906,59.25,46.94795608520508,564600
2017-10-18,59.75,60.22999954223633,59.400001525878906,59.599998474121094,47.22528839111328,456400
2017-10-19,59.20000076293945,60.349998474121094,58.099998474121094,60.099998474121094,47.62146759033203,1092400
2017-10-20,60.5,61.849998474121094,60.45000076293945,61.25,48.53269577026367,652400
2017-10-23,61.79999923706055,61.79999923706055,59.79999923706055,60.29999923706055,47.77994918823242,677800
2017-10-24,60.650001525878906,61.400001525878906,59.5099983215332,61.20000076293945,48.493072509765625,798700
2017-10-25,61.400001525878906,62.779998779296875,60.75,62.25,49.32506561279297,793500
2017-10-26,62.849998474121094,64.6500015258789,62.20000076293945,63.95000076293945,50.672096252441406,867500
2017-10-27,64.0999984741211,64.0999984741211,61.349998474121094,63.400001525878906,50.23628234863281,552000
2017-10-30,63.75,63.75,62.29999923706055,62.79999923706055,49.76087188720703,469600
2017-10-31,63.5,64.23999786376953,62.900001525878906,63.79999923706055,50.553226470947266,633100
2017-11-01,63.79999923706055,64.25,63.04999923706055,64.19999694824219,50.870182037353516,722300
2017-11-02,64.1500015258789,64.30000305175781,63.25,63.650001525878906,50.43439483642578,978700
2017-11-03,63.79999923706055,63.79999923706055,61.900001525878906,63.04999923706055,49.95895004272461,1108900
2017-11-06,64.69999694824219,66.19999694824219,61.45000076293945,65.30000305175781,51.741798400878906,2032600
2017-11-07,65.75,67.19999694824219,64.94000244140625,65.25,51.70218276977539,1536500
2017-11-08,65.25,66.30000305175781,63.79999923706055,64.80000305175781,51.345611572265625,926300
2017-11-09,64.80000305175781,66.5,64.62999725341797,66.19999694824219,52.45492935180664,1131700
2017-11-10,66.19999694824219,67.25,65.22000122070312,65.6500015258789,52.01912307739258,783900
2017-11-13,65.75,65.75,63.650001525878906,64.55000305175781,51.14751434326172,628500
2017-11-14,64.5,65.4000015258789,63.599998474121094,64.4000015258789,51.02867126464844,635500
2017-11-15,64.1500015258789,64.9000015258789,63.45000076293945,63.849998474121094,50.59285354614258,615200
2017-11-16,63.79999923706055,65.5,63.70000076293945,65.25,51.94624328613281,688800
2017-11-17,65.1500015258789,66.30000305175781,64.94999694824219,65.94999694824219,52.50352478027344,766900
2017-11-20,66.0,66.6500015258789,65.6500015258789,66.44999694824219,52.901588439941406,985000
2017-11-21,66.9000015258789,66.98999786376953,66.0999984741211,66.55000305175781,52.98118591308594,462600
2017-11-22,66.8499984741211,67.05000305175781,66.4000015258789,66.75,53.14039993286133,455900
2017-11-24,66.80000305175781,67.5999984741211,66.5,66.80000305175781,53.18021774291992,194900
2017-11-27,66.44999694824219,67.44999694824219,65.9000015258789,66.0999984741211,52.62294006347656,498300
2017-11-28,66.5,66.75,64.44999694824219,66.5,52.941375732421875,638000
2017-11-29,66.94999694824219,68.05000305175781,66.25,67.5,53.737491607666016,676500
2017-11-30,67.8499984741211,68.25,64.01000213623047,67.9000015258789,54.055946350097656,536500
2017-12-01,67.8499984741211,68.4000015258789,66.94999694824219,68.0,54.13555908203125,664300
2017-12-04,68.80000305175781,71.25,68.18000030517578,70.75,56.324859619140625,1226800
2017-12-05,70.9000015258789,71.9000015258789,69.6500015258789,70.1500015258789,55.84718322753906,919300
2017-12-06,70.30000305175781,71.4000015258789,69.58999633789062,71.19999694824219,56.683109283447266,633200
2017-12-07,71.3499984741211,72.05000305175781,69.75,71.9000015258789,57.240379333496094,833900
2017-12-08,72.55000305175781,72.70999908447266,70.8499984741211,72.25,57.519020080566406,531800
2017-12-11,72.55000305175781,72.5999984741211,71.5,71.8499984741211,57.20057678222656,590000
2017-12-12,72.5,72.55000305175781,71.80000305175781,72.1500015258789,57.439414978027344,634600
2017-12-13,72.30000305175781,73.0999984741211,72.0,72.44999694824219,57.67823791503906,860700
2017-12-14,72.9000015258789,74.87999725341797,72.5999984741211,74.55000305175781,59.35007858276367,936900
2017-12-15,75.0999984741211,75.5999984741211,74.25,75.30000305175781,59.94715881347656,841700
2017-12-18,75.94999694824219,76.55000305175781,75.5,76.3499984741211,60.783084869384766,597300
2017-12-19,76.0,77.94999694824219,75.0,77.8499984741211,61.97722625732422,1032800
2017-12-20,78.0999984741211,79.9000015258789,78.05000305175781,79.80000305175781,63.52967834472656,1052700
2017-12-21,79.6500015258789,80.05000305175781,78.69999694824219,79.5,63.29084777832031,902200
2017-12-22,79.0999984741211,79.4000015258789,77.5999984741211,78.75,62.69376754760742,755400
2017-12-26,78.8499984741211,79.94000244140625,78.0,79.75,63.48985290527344,550900
2017-12-27,79.94999694824219,80.44999694824219,78.9000015258789,79.0999984741211,62.972389221191406,313100
2017-12-28,78.9000015258789,79.44999694824219,78.22000122070312,78.5999984741211,62.5743408203125,361900
2017-12-29,78.69999694824219,79.05000305175781,77.70999908447266,78.19999694824219,62.255897521972656,487600
2018-01-02,78.19999694824219,78.58000183105469,76.45999908447266,77.0,61.300567626953125,585200
2018-01-03,77.0,77.30000305175781,75.3499984741211,75.5999984741211,60.185977935791016,1149800
2018-01-04,76.30000305175781,76.80000305175781,74.0999984741211,74.19999694824219,59.07144546508789,631600
2018-01-05,74.19999694824219,74.44999694824219,73.0,73.44999694824219,58.4743537902832,1020800
2018-01-08,73.5,75.25,73.37000274658203,75.19999694824219,59.86756134033203,572100
2018-01-09,75.30000305175781,76.8499984741211,75.30000305175781,76.0,60.504459381103516,627900
2018-01-10,75.80000305175781,78.44999694824219,75.75,78.4000015258789,62.41509246826172,727400
2018-01-11,78.44999694824219,80.1500015258789,78.3499984741211,80.0,63.688880920410156,626600
2018-01-12,79.75,80.3499984741211,79.19999694824219,79.44999694824219,63.25102615356445,542800
2018-01-16,80.19999694824219,80.94999694824219,78.9000015258789,79.69999694824219,63.45004653930664,556500
2018-01-17,79.75,80.3499984741211,78.9800033569336,79.80000305175781,63.52967834472656,556600
2018-01-18,79.8499984741211,81.05000305175781,79.5999984741211,80.8499984741211,64.3656005859375,379100
2018-01-19,80.75,82.05000305175781,80.1500015258789,81.75,65.08209228515625,569400
2018-01-22,81.75,81.88999938964844,80.94999694824219,81.0,64.48499298095703,332600
2018-01-23,81.05000305175781,82.94999694824219,78.8499984741211,79.4000015258789,63.21121597290039,587400
2018-01-24,79.25,80.19999694824219,78.5999984741211,78.6500015258789,62.6141471862793,342400
2018-01-25,78.80000305175781,79.25,78.19999694824219,78.55000305175781,62.534515380859375,570400
2018-01-26,79.0999984741211,79.3499984741211,78.44999694824219,79.19999694824219,63.05201721191406,367900
2018-01-29,79.25,79.5999984741211,78.6500015258789,78.8499984741211,62.773345947265625,304400
2018-01-30,78.55000305175781,78.9000015258789,77.80000305175781,77.80000305175781,61.93743896484375,762300
2018-01-31,78.1500015258789,78.8499984741211,74.69999694824219,75.0999984741211,59.78794479370117,646800
2018-02-01,75.0999984741211,76.75,73.51000213623047,76.19999694824219,60.663665771484375,491900
2018-02-02,76.19999694824219,76.19999694824219,74.0,74.5999984741211,59.389869689941406,523700
2018-02-05,74.0,74.9000015258789,72.91000366210938,73.05000305175781,58.15592956542969,524000
2018-02-06,72.0,73.6500015258789,71.0999984741211,73.1500015258789,58.23552703857422,889500
2018-02-07,73.25,73.25,71.75,71.94999694824219,57.280181884765625,830300
2018-02-08,71.8499984741211,74.19999694824219,71.3499984741211,71.3499984741211,56.802520751953125,504500
2018-02-09,72.0,73.4000015258789,69.4000015258789,71.05000305175781,56.56369400024414,758100
2018-02-12,71.1500015258789,73.94999694824219,71.05000305175781,73.30000305175781,58.35493469238281,579200
2018-02-13,73.1500015258789,75.0,72.94999694824219,74.5,59.310272216796875,324200
2018-02-14,74.44999694824219,75.19999694824219,74.05000305175781,74.19999694824219,59.07144546508789,467400
2018-02-15,74.0999984741211,74.25,72.5,74.0999984741211,59.2914924621582,546200
2018-02-16,73.9000015258789,74.5,73.1500015258789,73.25,58.611351013183594,635200
2018-02-20,72.94999694824219,74.6500015258789,72.44999694824219,74.0,59.211456298828125,601500
2018-02-21,74.19999694824219,75.75,73.30000305175781,74.5999984741211,59.691558837890625,446800
2018-02-22,74.75,74.8499984741211,72.3499984741211,72.69999694824219,58.1712532043457,601200
2018-02-23,72.9000015258789,74.0999984741211,72.55000305175781,73.19999694824219,58.571327209472656,334400
2018-02-26,73.6500015258789,74.5999984741211,72.77999877929688,73.75,59.01142883300781,461500
2018-02-27,79.94999694824219,80.44999694824219,70.9000015258789,73.55000305175781,58.851402282714844,1299600
2018-02-28,74.0,74.0,70.19999694824219,71.44999694824219,57.171077728271484,1633100
2018-03-01,71.3499984741211,71.69999694824219,69.0,69.5,55.610774993896484,1243600
2018-03-02,68.9000015258789,72.80000305175781,68.1500015258789,72.6500015258789,58.13125991821289,1021300
2018-03-05,72.30000305175781,72.55000305175781,70.75,70.9000015258789,56.73099899291992,571500
2018-03-06,70.55000305175781,74.25,70.0999984741211,71.4000015258789,57.13106155395508,554800
2018-03-07,70.69999694824219,71.1500015258789,69.94999694824219,70.30000305175781,56.25090026855469,509900
2018-03-08,70.55000305175781,71.77999877929688,70.0,70.30000305175781,56.25090026855469,332400
2018-03-09,70.5,71.9000015258789,70.5,71.6500015258789,57.331111907958984,387500
2018-03-12,71.55000305175781,73.55000305175781,71.1500015258789,71.55000305175781,57.25108337402344,490200
2018-03-13,72.9000015258789,72.9000015258789,70.0,70.3499984741211,56.29090881347656,452800
2018-03-14,70.4000015258789,71.05000305175781,70.05000305175781,70.19999694824219,56.17087173461914,202700
2018-03-15,70.44999694824219,70.55000305175781,69.94999694824219,70.05000305175781,56.05084991455078,275300
2018-03-16,70.05000305175781,71.3499984741211,69.94999694824219,70.05000305175781,56.05084991455078,1132300
2018-03-19,69.75,70.19999694824219,69.0999984741211,69.5,55.610774993896484,593800
2018-03-20,69.44999694824219,69.47000122070312,68.12999725341797,68.25,54.61057662963867,754100
2018-03-21,68.44999694824219,68.5,67.05999755859375,67.6500015258789,54.130489349365234,519400
2018-03-22,67.30000305175781,67.8499984741211,66.19999694824219,66.4000015258789,53.13029479980469,673900
2018-03-23,66.44999694824219,66.75,64.93000030517578,64.94999694824219,51.97006607055664,420900
2018-03-26,65.80000305175781,65.80000305175781,64.0999984741211,65.5999984741211,52.49016571044922,756600
2018-03-27,65.9000015258789,67.6500015258789,65.69999694824219,66.94999694824219,53.570377349853516,728900
2018-03-28,66.80000305175781,67.80000305175781,65.55000305175781,65.9000015258789,52.7302131652832,535600
2018-03-29,66.3499984741211,67.5999984741211,65.75,66.5,53.210296630859375,376000
2018-04-02,66.1500015258789,67.97000122070312,63.650001525878906,64.05000305175781,51.249935150146484,601200
2018-04-03,64.1500015258789,66.5,63.45000076293945,64.3499984741211,51.48997116088867,425700
2018-04-04,63.5,65.25,62.900001525878906,64.8499984741211,51.890052795410156,328400
2018-04-05,65.0,66.08000183105469,64.0,64.69999694824219,51.7700309753418,399900
2018-04-06,64.3499984741211,65.3499984741211,64.01000213623047,65.25,52.210113525390625,463200
2018-04-09,65.5,66.94999694824219,64.0999984741211,64.30000305175781,51.449974060058594,388600
2018-04-10,64.94999694824219,64.94999694824219,63.900001525878906,64.1500015258789,51.32994079589844,1163800
2018-04-11,63.79999923706055,64.5,63.5,63.95000076293945,51.16991424560547,859500
2018-04-12,63.95000076293945,64.80000305175781,62.849998474121094,62.95000076293945,50.3697509765625,437600
2018-04-13,63.0,63.529998779296875,62.04999923706055,62.349998474121094,49.8896598815918,447400
2018-04-16,62.70000076293945,65.94999694824219,62.400001525878906,65.5999984741211,52.49016571044922,1339300
2018-04-17,65.69999694824219,65.93000030517578,64.55000305175781,64.6500015258789,51.730018615722656,416000
2018-04-18,64.8499984741211,65.27999877929688,64.5999984741211,64.80000305175781,51.85004806518555,280900
2018-04-19,64.8499984741211,67.94999694824219,64.8499984741211,67.05000305175781,53.65038299560547,721600
2018-04-20,66.8499984741211,67.3499984741211,63.25,64.44999694824219,51.56998825073242,993000
2018-04-23,64.4000015258789,65.44999694824219,63.97999954223633,64.30000305175781,51.449974060058594,374100
2018-04-24,64.55000305175781,65.0,63.95000076293945,64.44999694824219,51.56998825073242,247600
2018-04-25,64.5999984741211,66.9000015258789,64.5999984741211,66.5,53.210296630859375,529900
2018-04-26,66.4000015258789,66.4000015258789,64.37999725341797,64.80000305175781,51.85004806518555,407600
2018-04-27,64.9000015258789,64.9000015258789,62.5,62.75,50.2097282409668,452900
2018-04-30,63.04999923706055,63.400001525878906,61.79999923706055,62.25,49.809654235839844,416100
2018-05-01,62.75,63.5,62.150001525878906,63.150001525878906,50.52977752685547,455400
2018-05-02,62.849998474121094,64.8499984741211,62.400001525878906,62.400001525878906,49.929656982421875,371300
2018-05-03,62.04999923706055,62.099998474121094,60.29999923706055,61.20000076293945,48.969486236572266,703700
2018-05-04,61.0,62.79999923706055,61.0,62.150001525878906,49.72962951660156,762400
2018-05-07,62.349998474121094,63.68000030517578,62.099998474121094,63.650001525878906,50.92986297607422,407600
2018-05-08,63.45000076293945,64.5999984741211,62.20000076293945,62.349998474121094,49.8896598815918,541900
2018-05-09,61.0,67.05000305175781,61.0,63.900001525878906,51.12989044189453,947600
2018-05-10,63.400001525878906,63.54999923706055,62.25,63.54999923706055,51.150028228759766,627200
2018-05-11,63.900001525878906,65.43000030517578,63.400001525878906,65.0999984741211,52.397586822509766,518500
2018-05-14,65.05000305175781,66.69999694824219,64.43000030517578,66.44999694824219,53.484161376953125,981200
2018-05-15,66.3499984741211,67.4000015258789,66.1500015258789,67.19999694824219,54.087833404541016,402000
2018-05-16,67.44999694824219,68.8499984741211,66.30000305175781,68.19999694824219,54.8927001953125,851100
2018-05-17,68.4000015258789,69.6500015258789,67.75,68.19999694824219,54.8927001953125,882200
2018-05-18,68.44999694824219,70.0,68.3499984741211,69.12999725341797,55.6412467956543,848300
2018-05-21,69.0999984741211,69.75,68.3499984741211,69.6500015258789,56.05978012084961,586200
2018-05-22,69.1500015258789,70.4000015258789,69.0,69.4000015258789,55.85856246948242,344200
2018-05-23,69.4000015258789,69.4000015258789,66.94000244140625,67.0999984741211,54.0073356628418,1099100
2018-05-24,67.0999984741211,67.55000305175781,66.44999694824219,67.3499984741211,54.20856857299805,469600
2018-05-25,66.94999694824219,67.3499984741211,66.75,67.0,53.926849365234375,334700
2018-05-29,66.9000015258789,67.0,65.6500015258789,66.0,53.121986389160156,351900
2018-05-30,66.1500015258789,67.0,66.1500015258789,66.6500015258789,53.6451530456543,308000
2018-05-31,66.75,67.05000305175781,66.0,66.30000305175781,53.36343765258789,457400
2018-06-01,66.6500015258789,67.05000305175781,65.75,66.8499984741211,53.806114196777344,465400
2018-06-04,66.69999694824219,67.05000305175781,66.33000183105469,66.9000015258789,53.84636306762695,326900
2018-06-05,66.75,67.5,65.9000015258789,66.05000305175781,53.16222381591797,484400
2018-06-06,66.30000305175781,68.3499984741211,65.19999694824219,67.5,54.32929229736328,725400
2018-06-07,67.6500015258789,69.12999725341797,67.4000015258789,68.80000305175781,55.37563705444336,531900
2018-06-08,68.55000305175781,70.75,68.55000305175781,70.5999984741211,56.82441711425781,846000
2018-06-11,70.69999694824219,74.0999984741211,70.69999694824219,72.80000305175781,58.59513854980469,1249100
2018-06-12,73.1500015258789,73.30000305175781,71.1500015258789,72.55000305175781,58.393924713134766,527700
2018-06-13,73.1500015258789,74.4000015258789,72.5,73.3499984741211,59.03782653808594,770400
2018-06-14,73.6500015258789,74.9000015258789,73.55000305175781,74.1500015258789,59.68173599243164,659600
2018-06-15,74.0,76.05000305175781,73.75,74.44999694824219,59.923221588134766,565200
2018-06-18,74.19999694824219,75.8499984741211,73.75,75.3499984741211,60.647605895996094,521700
2018-06-19,74.94999694824219,76.5,74.30999755859375,76.3499984741211,61.45247268676758,402000
2018-06-20,76.44999694824219,78.3499984741211,76.27999877929688,77.8499984741211,62.65979766845703,694600
2018-06-21,78.0999984741211,78.3499984741211,74.94999694824219,75.19999694824219,60.52685546875,1050700
2018-06-22,75.75,76.6500015258789,74.44999694824219,75.69999694824219,60.929298400878906,1157100
2018-06-25,76.25,77.25,74.44999694824219,74.75,60.164676666259766,925700
2018-06-26,75.19999694824219,76.05000305175781,73.80000305175781,75.80000305175781,61.00978088378906,954900
2018-06-27,76.1500015258789,76.30000305175781,75.1500015258789,75.25,60.567100524902344,332100
2018-06-28,75.44999694824219,75.44999694824219,73.8499984741211,74.6500015258789,60.08416748046875,496000
2018-06-29,75.30000305175781,75.30000305175781,73.1500015258789,73.4000015258789,59.07807540893555,504700
2018-07-02,73.19999694824219,73.69999694824219,71.69999694824219,73.1500015258789,58.87688064575195,708400
2018-07-03,73.30000305175781,74.80000305175781,72.8499984741211,73.0,58.756141662597656,444000
2018-07-05,73.44999694824219,74.9000015258789,73.44999694824219,74.5,59.963436126708984,615700
2018-07-06,74.44999694824219,76.0,74.44999694824219,75.55000305175781,60.808563232421875,368800
2018-07-09,75.94999694824219,77.52999877929688,74.80000305175781,77.44999694824219,62.33783721923828,680300
2018-07-10,77.75,79.0,76.72000122070312,78.0999984741211,62.861026763916016,954300
2018-07-11,78.0,89.75,77.19999694824219,81.0,65.19514465332031,4314600
2018-07-12,81.19999694824219,84.0999984741211,80.12999725341797,84.0,67.60978698730469,1298400
2018-07-13,84.05000305175781,84.0999984741211,82.05000305175781,82.5,66.40247344970703,1244000
2018-07-16,82.75,82.87000274658203,77.68000030517578,78.69999694824219,63.34393310546875,1320700
2018-07-17,79.30000305175781,79.80000305175781,77.3499984741211,77.5,62.378089904785156,745100
2018-07-18,78.4000015258789,79.0,76.0999984741211,76.8499984741211,61.85491180419922,679400
2018-07-19,76.94999694824219,77.22000122070312,75.55000305175781,75.8499984741211,61.05002212524414,396000
2018-07-20,75.5,77.05000305175781,75.05000305175781,76.8499984741211,61.85491180419922,614900
2018-07-23,77.19999694824219,77.9000015258789,75.80000305175781,77.6500015258789,62.49882888793945,380900
2018-07-24,77.5999984741211,77.80000305175781,75.30000305175781,75.44999694824219,60.72806930541992,537200
2018-07-25,77.1500015258789,78.0999984741211,75.80000305175781,77.44999694824219,62.33783721923828,819000
2018-07-26,77.30000305175781,79.19999694824219,76.91000366210938,77.1500015258789,62.096378326416016,697700
2018-07-27,77.44999694824219,77.44999694824219,73.5999984741211,74.02999877929688,59.585174560546875,575000
2018-07-30,73.69999694824219,75.05000305175781,73.20999908447266,73.94999694824219,59.520755767822266,341500
2018-07-31,74.3499984741211,75.05000305175781,73.4000015258789,74.44999694824219,59.923221588134766,393500
2018-08-01,74.6500015258789,74.8499984741211,73.0999984741211,73.44999694824219,59.11831283569336,396300
2018-08-02,73.19999694824219,73.6500015258789,72.1500015258789,73.05000305175781,58.79636764526367,678200
2018-08-03,73.44999694824219,74.19999694824219,72.5,73.44999694824219,59.11831283569336,330200
2018-08-06,73.80000305175781,74.94999694824219,73.44999694824219,74.5,59.963436126708984,869000
2018-08-07,75.19999694824219,76.8499984741211,74.44999694824219,76.0,61.1707763671875,814300
2018-08-08,78.55000305175781,79.0999984741211,75.0,76.8499984741211,61.85491180419922,1036000
2018-08-09,77.05000305175781,77.12999725341797,75.5,76.75,62.07735061645508,581000
2018-08-10,76.1500015258789,77.0999984741211,75.0,76.4000015258789,61.79423904418945,309000
2018-08-13,76.8499984741211,77.4000015258789,76.0,76.44999694824219,61.834693908691406,296300
2018-08-14,76.44999694824219,77.25,76.05000305175781,76.30000305175781,61.71337127685547,374500
2018-08-15,76.25,77.9000015258789,76.0,77.0999984741211,62.36043167114258,500100
2018-08-16,77.55000305175781,78.55000305175781,77.44999694824219,78.5,63.49278259277344,420700
2018-08-17,78.5,78.94999694824219,78.08000183105469,78.3499984741211,63.371456146240234,424900
2018-08-20,78.0,79.94999694824219,78.0,79.1500015258789,64.01850891113281,395400
2018-08-21,78.0,81.9000015258789,75.61000061035156,81.4000015258789,65.83838653564453,795800
2018-08-22,81.44999694824219,82.94999694824219,81.30000305175781,81.4000015258789,65.83838653564453,465500
2018-08-23,81.25,81.5,80.25,80.69999694824219,65.27218627929688,476900
2018-08-24,80.9000015258789,82.44999694824219,80.69999694824219,82.25,66.52586364746094,321300
2018-08-27,82.0999984741211,83.4800033569336,82.0999984741211,82.30000305175781,66.5663070678711,450400
2018-08-28,82.69999694824219,82.8499984741211,80.6500015258789,80.94999694824219,65.47439575195312,329000
2018-08-29,80.8499984741211,81.44999694824219,79.94999694824219,80.6500015258789,65.23175048828125,228000
2018-08-30,80.5,81.5,79.8499984741211,81.30000305175781,65.75748443603516,241900
2018-08-31,81.19999694824219,82.08000183105469,80.25,82.0,66.32369232177734,222800
2018-09-04,81.55000305175781,82.44999694824219,80.69999694824219,81.1500015258789,65.63615417480469,198000
2018-09-05,81.05000305175781,83.0,80.55000305175781,81.44999694824219,65.87881469726562,391700
2018-09-06,81.55000305175781,81.58000183105469,79.3499984741211,79.44999694824219,64.26116943359375,466100
2018-09-07,79.44999694824219,80.05000305175781,78.94999694824219,79.30000305175781,64.13985443115234,321100
2018-09-10,79.55000305175781,79.87999725341797,78.05000305175781,78.75,63.69499206542969,345700
2018-09-11,78.5,80.5999984741211,78.19999694824219,80.25,64.9082260131836,401900
2018-09-12,80.30000305175781,81.25,79.5999984741211,80.9000015258789,65.43395233154297,282500
2018-09-13,81.3499984741211,82.30000305175781,81.0999984741211,81.19999694824219,65.67659759521484,289400
2018-09-14,81.44999694824219,82.0,80.55000305175781,80.6500015258789,65.23175048828125,237200
2018-09-17,80.80000305175781,81.18000030517578,79.55000305175781,80.0,64.70601654052734,255800
2018-09-18,80.0999984741211,80.8499984741211,79.80000305175781,80.25,64.9082260131836,251400
2018-09-19,80.0,81.05000305175781,79.75,80.25,64.9082260131836,213400
2018-09-20,80.69999694824219,82.7300033569336,80.44999694824219,82.55000305175781,66.76853942871094,512300
2018-09-21,82.5,83.44999694824219,81.80000305175781,82.4000015258789,66.64720916748047,636000
2018-09-24,82.4000015258789,83.30000305175781,81.4000015258789,82.44999694824219,66.6876449584961,452700
2018-09-25,82.75,83.75,81.69999694824219,82.9000015258789,67.05159759521484,1151900
2018-09-26,82.9000015258789,83.05000305175781,81.0999984741211,81.25,65.7170639038086,595200
2018-09-27,81.55000305175781,81.8499984741211,80.44999694824219,80.69999694824219,65.27218627929688,294300
2018-09-28,80.6500015258789,81.8499984741211,80.0,81.4000015258789,65.83838653564453,461800
2018-10-01,81.72000122070312,82.30000305175781,79.16999816894531,79.94000244140625,64.6574935913086,360700
2018-10-02,80.06999969482422,81.52999877929688,79.61000061035156,80.98999786376953,65.50675964355469,432500
2018-10-03,81.56999969482422,82.37999725341797,80.66999816894531,82.0,66.32369232177734,426100
2018-10-04,81.86000061035156,81.98999786376953,80.72000122070312,81.5199966430664,65.9354019165039,362000
2018-10-05,81.56999969482422,82.1500015258789,79.18000030517578,79.44999694824219,64.26116943359375,455500
2018-10-08,79.44000244140625,80.81999969482422,78.31999969482422,80.51000213623047,65.1185302734375,432900
2018-10-09,80.38999938964844,81.31999969482422,79.69000244140625,79.73999786376953,64.49573516845703,408800
2018-10-10,79.81999969482422,80.55999755859375,76.80999755859375,76.93000030517578,62.22292709350586,467600
2018-10-11,76.80000305175781,76.9000015258789,73.87000274658203,73.91999816894531,59.78834533691406,642200
2018-10-12,75.13999938964844,75.5,73.33999633789062,74.06999969482422,59.90969467163086,532900
2018-10-15,74.11000061035156,76.18000030517578,73.83000183105469,75.38999938964844,60.97731399536133,478500
2018-10-16,75.9000015258789,77.77999877929688,74.08999633789062,77.62999725341797,62.78908920288086,318900
2018-10-17,77.55999755859375,77.95999908447266,76.91999816894531,77.47000122070312,62.659698486328125,486300
2018-10-18,77.5,78.37000274658203,76.23999786376953,77.58999633789062,62.75673294067383,290100
2018-10-19,77.62000274658203,78.87999725341797,77.25,78.37000274658203,63.387630462646484,260100
2018-10-22,78.62999725341797,79.69999694824219,78.36000061035156,79.38999938964844,64.21263885498047,462500
2018-10-23,78.19999694824219,78.4800033569336,76.44999694824219,77.91000366210938,63.01557159423828,560900
2018-10-24,77.75,78.68000030517578,72.83000183105469,72.83999633789062,58.91482162475586,972900
2018-10-25,73.2300033569336,73.87999725341797,71.98999786376953,73.44000244140625,59.400142669677734,664800
2018-10-26,72.56999969482422,73.16000366210938,70.08999633789062,72.16999816894531,58.3729133605957,584600
2018-10-29,72.6500015258789,74.91000366210938,71.69999694824219,72.51000213623047,58.64790725708008,365800
2018-10-30,72.63999938964844,74.81999969482422,71.9800033569336,73.5199966430664,59.46482849121094,498800
2018-10-31,74.5999984741211,75.37999725341797,73.37999725341797,74.88999938964844,60.57292556762695,493200
2018-11-01,75.25,77.91000366210938,74.55000305175781,77.83999633789062,62.95895004272461,880100
2018-11-02,78.41999816894531,79.4000015258789,76.51000213623047,78.19999694824219,63.25012969970703,438200
2018-11-05,78.0999984741211,79.81999969482422,78.0999984741211,78.29000091552734,63.32292175292969,464600
2018-11-06,78.4000015258789,80.7699966430664,77.80000305175781,80.66000366210938,65.2398681640625,631500
2018-11-07,81.12999725341797,83.47000122070312,79.81999969482422,83.20999908447266,67.30232238769531,896200
2018-11-08,82.88999938964844,84.97000122070312,80.56999969482422,81.4000015258789,65.83838653564453,1198000
2018-11-09,81.41999816894531,82.37999725341797,80.37000274658203,81.01000213623047,65.52294921875,866200
2018-11-12,80.91000366210938,81.54000091552734,77.93000030517578,80.43000030517578,65.05382537841797,555700
2018-11-13,81.41999816894531,81.97000122070312,79.58000183105469,80.4800033569336,65.09427642822266,879600
2018-11-14,81.0,82.37999725341797,80.22000122070312,80.33999633789062,64.98101806640625,694900
2018-11-15,79.5999984741211,80.66999816894531,77.66999816894531,80.6500015258789,65.53765869140625,560900
2018-11-16,79.9800033569336,80.87999725341797,78.62000274658203,78.98999786376953,64.18870544433594,889500
2018-11-19,78.7300033569336,78.98999786376953,73.41000366210938,73.62000274658203,59.82496643066406,893000
2018-11-20,72.7300033569336,73.19999694824219,70.51000213623047,71.2699966430664,57.91529846191406,1064700
2018-11-21,71.55999755859375,75.1500015258789,71.55999755859375,74.69999694824219,60.70258712768555,499600
2018-11-23,74.2699966430664,75.66000366210938,74.11000061035156,74.7699966430664,60.75946044921875,466800
2018-11-26,75.69000244140625,77.88999938964844,75.69000244140625,77.56999969482422,63.03477478027344,513900
2018-11-27,77.44000244140625,79.66999816894531,77.44000244140625,79.31999969482422,64.45687866210938,524200
2018-11-28,79.5999984741211,80.29000091552734,78.3499984741211,79.41999816894531,64.53813934326172,539600
2018-11-29,78.94000244140625,81.44000244140625,78.30000305175781,80.91000366210938,65.74896240234375,440400
2018-11-30,80.45999908447266,82.88999938964844,80.45999908447266,82.63999938964844,67.15478515625,940600
2018-12-03,85.08000183105469,88.44999694824219,83.80000305175781,88.31999969482422,71.77045440673828,2333500
2018-12-04,89.19000244140625,89.66000366210938,84.5,85.30000305175781,69.31633758544922,1046900
2018-12-06,83.43000030517578,86.63999938964844,82.29000091552734,86.48999786376953,70.28336334228516,758500
2018-12-07,86.44000244140625,88.44999694824219,84.4000015258789,85.30000305175781,69.31633758544922,579300
2018-12-10,85.30000305175781,86.45999908447266,83.91999816894531,84.4000015258789,68.58496856689453,720800
2018-12-11,87.19999694824219,89.25,86.36000061035156,87.54000091552734,71.1366195678711,557000
2018-12-12,88.41000366210938,89.55999755859375,87.75,87.80000305175781,71.347900390625,511700
2018-12-13,87.73999786376953,88.56999969482422,84.72000122070312,85.72000122070312,69.65763854980469,1127900
2018-12-14,84.81999969482422,86.77999877929688,84.48999786376953,85.0,69.07255554199219,492200
2018-12-17,84.98999786376953,85.3499984741211,83.5999984741211,84.02999877929688,68.28431701660156,749200
2018-12-18,85.29000091552734,85.91000366210938,83.7300033569336,84.08000183105469,68.32493591308594,778800
2018-12-19,84.19999694824219,85.80000305175781,83.20999908447266,84.0,68.25991821289062,795000
2018-12-20,83.26000213623047,83.72000122070312,77.16999816894531,77.4800033569336,62.96167755126953,1495500
2018-12-21,77.19999694824219,78.95999908447266,73.30000305175781,73.62000274658203,59.82496643066406,1637400
2018-12-24,73.22000122070312,73.62000274658203,71.56999969482422,71.80999755859375,58.35410690307617,363500
2018-12-26,72.19999694824219,75.7300033569336,71.91000366210938,75.69999694824219,61.51519012451172,588800
2018-12-27,74.41000366210938,75.83999633789062,70.52999877929688,75.81999969482422,61.61270523071289,768500
2018-12-28,75.45999908447266,77.91000366210938,75.30999755859375,76.4000015258789,62.084022521972656,635300
2018-12-31,76.6500015258789,78.80999755859375,75.48999786376953,78.63999938964844,63.90428924560547,563600
2019-01-02,76.93000030517578,80.41999816894531,76.5999984741211,79.91000366210938,64.93631744384766,496100
2019-01-03,79.4800033569336,80.94999694824219,77.68000030517578,78.80000305175781,64.0343246459961,367000
2019-01-04,79.91000366210938,81.43000030517578,78.80000305175781,79.94999694824219,64.96881103515625,1695700
2019-01-07,80.08999633789062,81.55000305175781,79.54000091552734,80.41000366210938,65.34265899658203,660400
2019-01-08,81.44999694824219,83.58000183105469,81.44999694824219,83.08000183105469,67.5123291015625,1136600
2019-01-09,83.19999694824219,83.7300033569336,81.97000122070312,82.9000015258789,67.36605834960938,486200
2019-01-10,82.55999755859375,85.11000061035156,81.83999633789062,84.1500015258789,68.38182830810547,483500
2019-01-11,83.31999969482422,84.55000305175781,83.0,84.19000244140625,68.41432189941406,494000
2019-01-14,83.86000061035156,84.98999786376953,83.01000213623047,83.2699966430664,67.66671752929688,635200
2019-01-15,83.62999725341797,84.1500015258789,82.6500015258789,82.77999877929688,67.26853942871094,335700
2019-01-16,82.61000061035156,84.0,82.2699966430664,82.75,67.2441635131836,397100
2019-01-17,82.18000030517578,83.5,82.01000213623047,83.01000213623047,67.45545196533203,260600
2019-01-18,83.25,84.31999969482422,82.91999816894531,83.44999694824219,67.81300354003906,404700
2019-01-22,82.70999908447266,83.6500015258789,79.79000091552734,80.72000122070312,65.59456634521484,476200
2019-01-23,81.1500015258789,82.19000244140625,80.62000274658203,81.7300033569336,66.415283203125,290000
2019-01-24,81.9800033569336,83.22000122070312,81.4800033569336,83.11000061035156,67.53672790527344,222000
2019-01-25,83.94999694824219,84.41000366210938,83.2699966430664,83.62000274658203,67.95114135742188,487500
2019-01-28,83.2699966430664,84.4800033569336,82.7300033569336,83.51000213623047,67.86176300048828,241800
2019-01-29,83.76000213623047,84.30000305175781,83.33000183105469,83.37999725341797,67.756103515625,252800
2019-01-30,83.66999816894531,84.0999984741211,80.30000305175781,83.91000366210938,68.18678283691406,529300
2019-01-31,83.6500015258789,84.5,82.62999725341797,83.47000122070312,67.82926940917969,505600
2019-02-01,83.7300033569336,84.88999938964844,82.87000274658203,84.06999969482422,68.31681060791016,330600
2019-02-04,84.13999938964844,84.8499984741211,82.98999786376953,83.3499984741211,67.73174285888672,248800
2019-02-05,83.25,84.97000122070312,83.25,84.23999786376953,68.45494842529297,340400
2019-02-06,84.4000015258789,84.66999816894531,84.01000213623047,84.51000213623047,68.67437744140625,264200
2019-02-07,84.01000213623047,84.01000213623047,82.05999755859375,83.44000244140625,68.1678695678711,250300
2019-02-08,83.08999633789062,84.20999908447266,82.73999786376953,83.98999786376953,68.61717224121094,326600
2019-02-11,84.0999984741211,85.98999786376953,83.08999633789062,85.47000122070312,69.8263168334961,498200
2019-02-12,86.04000091552734,87.04000091552734,85.12999725341797,86.12000274658203,70.35733795166016,324800
2019-02-13,86.54000091552734,87.0999984741211,86.19999694824219,86.87999725341797,70.97822570800781,556600
2019-02-14,86.58999633789062,88.12000274658203,86.19999694824219,87.3499984741211,71.36221313476562,579700
2019-02-15,87.3499984741211,89.0199966430664,86.33000183105469,89.01000213623047,72.71837615966797,454700
2019-02-19,89.01000213623047,89.87999725341797,88.44000244140625,88.88999938964844,72.62032318115234,379900
2019-02-20,88.83000183105469,90.8499984741211,88.12999725341797,90.80000305175781,74.18074035644531,620900
2019-02-21,91.0,91.9800033569336,90.27999877929688,90.83999633789062,74.21340942382812,351500
2019-02-22,91.12999725341797,91.81999969482422,90.7699966430664,91.80000305175781,74.99771118164062,361300
2019-02-25,92.55000305175781,93.0,90.6500015258789,90.86000061035156,74.22977447509766,714000
2019-02-26,91.0,95.1500015258789,91.0,94.83999633789062,77.48126983642578,1114000
2019-02-27,94.69999694824219,96.75,94.44999694824219,95.48999786376953,78.0123062133789,645100
2019-02-28,95.44000244140625,98.25,95.44000244140625,97.7300033569336,79.84233856201172,815500
2019-03-01,98.36000061035156,102.69999694824219,97.94999694824219,101.55000305175781,82.9631576538086,1766800
2019-03-04,102.01000213623047,102.4000015258789,99.45999908447266,100.7300033569336,82.2932357788086,648200
2019-03-05,100.76000213623047,103.75,99.93000030517578,102.5,83.73927307128906,882300
2019-03-06,103.1500015258789,104.02999877929688,102.56999969482422,103.20999908447266,84.31930541992188,493800
2019-03-07,103.25,103.58000183105469,101.9000015258789,102.0999984741211,83.41246795654297,563900
2019-03-08,101.41999816894531,103.56999969482422,101.18000030517578,102.98999786376953,84.13957977294922,591800
2019-03-11,103.37000274658203,104.1500015258789,102.2699966430664,104.0,84.9647216796875,487500
2019-03-12,103.94999694824219,105.97000122070312,103.7699966430664,105.3499984741211,86.067626953125,592600
2019-03-13,106.0,107.62999725341797,105.33000183105469,106.68000030517578,87.15418243408203,597700
2019-03-14,106.52999877929688,107.76000213623047,106.5,107.2699966430664,87.63619995117188,364600
2019-03-15,107.2699966430664,108.31999969482422,106.44000244140625,106.58999633789062,87.08067321777344,559100
2019-03-18,106.88999938964844,107.29000091552734,105.83999633789062,106.62000274658203,87.10518646240234,672600
2019-03-19,107.30000305175781,107.33999633789062,105.37999725341797,105.6500015258789,86.31271362304688,493000
2019-03-20,105.23999786376953,107.72000122070312,104.66999816894531,105.54000091552734,86.22286987304688,757000
2019-03-21,105.52999877929688,109.55000305175781,104.31999969482422,108.6500015258789,88.76362609863281,709500
2019-03-22,108.25,108.48999786376953,104.68000030517578,105.19999694824219,85.9450912475586,546800
2019-03-25,105.19000244140625,106.37999725341797,103.91000366210938,105.75,86.39442443847656,661000
2019-03-26,106.05999755859375,108.12999725341797,106.0,107.76000213623047,88.03651428222656,468200
2019-03-27,108.30999755859375,109.79000091552734,107.05000305175781,109.27999877929688,89.27830505371094,542600
2019-03-28,109.51000213623047,111.33999633789062,109.06999969482422,110.48999786376953,90.26686096191406,625600
2019-03-29,111.30000305175781,111.30000305175781,108.23999786376953,108.37000274658203,88.53488159179688,557200
2019-04-01,109.01000213623047,109.54000091552734,107.69000244140625,109.16999816894531,89.18844604492188,332200
2019-04-02,109.16999816894531,109.6500015258789,107.87999725341797,108.66999816894531,88.77996826171875,410700
2019-04-03,109.16999816894531,110.5,108.18000030517578,110.2699966430664,90.08712005615234,461200
2019-04-04,110.56999969482422,112.2300033569336,109.68000030517578,112.19000244140625,91.65570068359375,433700
2019-04-05,112.19999694824219,113.68000030517578,111.66999816894531,112.7300033569336,92.09686279296875,584800
2019-04-08,112.5,113.05999755859375,110.81999969482422,111.77999877929688,91.32074737548828,577500
2019-04-09,111.63999938964844,112.62000274658203,111.30000305175781,112.12999725341797,91.60667419433594,611600
2019-04-10,112.1500015258789,115.81999969482422,112.1500015258789,115.0,93.95137023925781,745400
2019-04-11,115.3499984741211,115.76000213623047,114.58999633789062,115.20999908447266,94.12293243408203,434700
2019-04-12,115.61000061035156,116.1500015258789,114.1500015258789,115.80999755859375,94.61312103271484,416200
2019-04-15,115.93000030517578,117.0,115.05000305175781,116.83000183105469,95.4464111328125,281800
2019-04-16,117.0,118.37999725341797,116.56999969482422,117.95999908447266,96.36961364746094,606900
2019-04-17,118.4000015258789,119.93000030517578,117.61000061035156,117.83999633789062,96.27157592773438,313400
2019-04-18,117.77999877929688,118.11000061035156,115.26000213623047,115.30000305175781,94.19647979736328,427400
2019-04-22,115.25,115.93000030517578,113.61000061035156,113.80000305175781,92.97102355957031,544300
2019-04-23,113.70999908447266,115.88999938964844,113.08000183105469,115.44999694824219,94.31898498535156,345400
2019-04-24,115.19000244140625,117.23999786376953,114.7300033569336,115.69999694824219,94.52323913574219,364800
2019-04-25,115.77999877929688,117.1500015258789,114.30000305175781,116.43000030517578,95.1196517944336,286200
2019-04-26,116.45999908447266,117.16000366210938,115.9000015258789,116.8499984741211,95.46276092529297,246300
2019-04-29,117.47000122070312,117.9800033569336,116.58000183105469,117.6500015258789,96.11634063720703,332300
2019-04-30,117.12999725341797,118.08000183105469,115.91000366210938,117.05000305175781,95.62616729736328,331700
2019-05-01,117.80999755859375,118.69999694824219,115.25,115.33000183105469,94.22097778320312,472800
2019-05-02,115.51000213623047,116.77999877929688,109.66000366210938,111.19000244140625,90.83873748779297,867500
2019-05-03,111.5,112.30000305175781,110.33000183105469,111.0999984741211,90.76520538330078,489200
2019-05-06,109.31999969482422,113.87000274658203,109.01000213623047,112.98999786376953,92.30927276611328,910800
2019-05-07,112.58999633789062,114.0,109.30999755859375,110.08000183105469,89.9319076538086,605200
2019-05-08,110.11000061035156,113.0,108.02999877929688,108.33000183105469,88.502197265625,675300
2019-05-09,107.25,110.58000183105469,105.87999725341797,110.41000366210938,90.57775115966797,460800
2019-05-10,109.91999816894531,111.87999725341797,108.16999816894531,111.6500015258789,91.5949935913086,359400
2019-05-13,109.62999725341797,110.22000122070312,104.80999755859375,106.30000305175781,87.20602416992188,512600
2019-05-14,106.30999755859375,107.11000061035156,104.8499984741211,105.01000213623047,86.147705078125,578300
2019-05-15,103.80000305175781,106.0999984741211,102.98999786376953,105.12000274658203,86.23796081542969,719400
2019-05-16,105.27999877929688,108.6500015258789,105.27999877929688,107.7300033569336,88.37914276123047,359200
2019-05-17,106.75,107.55000305175781,105.5,106.44999694824219,87.32906341552734,323000
2019-05-20,105.76000213623047,105.9000015258789,104.38999938964844,105.20999908447266,86.31178283691406,242800
2019-05-21,105.69999694824219,106.38999938964844,104.58000183105469,105.8499984741211,86.83683776855469,377300
2019-05-22,105.38999938964844,106.0999984741211,103.88999938964844,103.93000030517578,85.26171875,230500
2019-05-23,102.66000366210938,104.0999984741211,101.13999938964844,103.25,84.70384216308594,630200
2019-05-24,103.70999908447266,105.06999969482422,103.30999755859375,104.30999755859375,85.57344818115234,388400
2019-05-28,104.58000183105469,106.62999725341797,104.58000183105469,105.08999633789062,86.21334838867188,320900
2019-05-29,104.01000213623047,106.2300033569336,103.51000213623047,104.79000091552734,85.96723937988281,364100
2019-05-30,104.77999877929688,106.80999755859375,104.41000366210938,104.80000305175781,85.97540283203125,245700
2019-05-31,102.7699966430664,103.80000305175781,100.06999969482422,100.1500015258789,82.16068267822266,653800
2019-06-03,99.5999984741211,101.58000183105469,98.76000213623047,99.22000122070312,81.39773559570312,568800
2019-06-04,101.62000274658203,101.62000274658203,99.47000122070312,101.29000091552734,83.09590911865234,623300
2019-06-05,101.30000305175781,102.08999633789062,99.79000091552734,100.44999694824219,82.40679168701172,308600
2019-06-06,100.1500015258789,100.73999786376953,98.05999755859375,99.11000061035156,81.30750274658203,364800
2019-06-07,99.30000305175781,100.54000091552734,98.06999969482422,98.47000122070312,80.78244018554688,412000
2019-06-10,98.48999786376953,99.22000122070312,97.33000183105469,99.18000030517578,81.36492919921875,404200
2019-06-11,99.54000091552734,100.37999725341797,97.91000366210938,98.30999755859375,80.65118408203125,298600
2019-06-12,97.9800033569336,99.5999984741211,97.30999755859375,99.12999725341797,81.32388305664062,376900
2019-06-13,99.6500015258789,101.41000366210938,98.66000366210938,101.08000183105469,82.92364501953125,444600
2019-06-14,100.94000244140625,100.94000244140625,98.9800033569336,99.27999877929688,81.44696044921875,223300
2019-06-17,99.25,100.94000244140625,97.91000366210938,100.44999694824219,82.40679168701172,487400
2019-06-18,101.87999725341797,104.56999969482422,99.62000274658203,101.88999938964844,83.588134765625,383800
2019-06-19,101.83000183105469,102.12999725341797,99.3499984741211,100.04000091552734,82.07044219970703,348500
2019-06-20,100.56999969482422,103.63999938964844,100.30999755859375,103.45999908447266,84.87610626220703,637600
2019-06-21,103.12000274658203,103.12000274658203,100.83999633789062,101.72000122070312,83.44868469238281,513400
2019-06-24,101.62000274658203,101.94999694824219,99.30000305175781,99.83999633789062,81.9063720703125,331800
2019-06-25,99.25,99.7699966430664,97.66000366210938,98.5199966430664,80.82347869873047,418000
2019-06-26,98.9000015258789,99.66999816894531,97.56999969482422,98.81999969482422,81.06957244873047,497800
2019-06-27,99.61000061035156,100.20999908447266,98.13999938964844,100.16000366210938,82.16889953613281,359300
2019-06-28,100.75,102.2300033569336,99.8499984741211,101.0,82.8580093383789,5431500
2019-07-01,102.79000091552734,104.38999938964844,102.0199966430664,104.29000091552734,85.55705261230469,466100
2019-07-02,104.05999755859375,106.51000213623047,104.05999755859375,105.19999694824219,86.30359649658203,496900
2019-07-03,105.80000305175781,110.56999969482422,105.25,110.41999816894531,90.58595275878906,364500
2019-07-05,107.33999633789062,110.75,107.33999633789062,110.0999984741211,90.32342529296875,407900
2019-07-08,109.88999938964844,110.16999816894531,106.25,107.19999694824219,87.94434356689453,586000
2019-07-09,106.8499984741211,107.76000213623047,105.88999938964844,106.62000274658203,87.4685287475586,279200
2019-07-10,106.80000305175781,109.68000030517578,106.80000305175781,109.5,89.83121490478516,474300
2019-07-11,109.95999908447266,110.44000244140625,108.44999694824219,109.3499984741211,89.70814514160156,385800
2019-07-12,109.31999969482422,110.66999816894531,109.22000122070312,109.26000213623047,89.63431549072266,463100
2019-07-15,109.3499984741211,110.5,105.52999877929688,106.19000244140625,87.11576080322266,377500
2019-07-16,105.9800033569336,108.16999816894531,105.9800033569336,106.94000244140625,87.73104858398438,449300
2019-07-17,106.6500015258789,106.94000244140625,101.5,103.9000015258789,85.2370834350586,486900
2019-07-18,104.16000366210938,105.08000183105469,103.0999984741211,104.44999694824219,85.68828582763672,217200
2019-07-19,104.80000305175781,105.95999908447266,103.94999694824219,103.94999694824219,85.27810668945312,294800
2019-07-22,104.0,105.25,101.93000030517578,103.05000305175781,84.5397720336914,583600
2019-07-23,103.62000274658203,104.4800033569336,99.36000061035156,99.5199966430664,81.64385986328125,459700
2019-07-24,98.93000030517578,102.79000091552734,97.80000305175781,102.56999969482422,84.14599609375,421800
2019-07-25,102.29000091552734,103.55000305175781,102.29000091552734,103.05000305175781,84.5397720336914,274600
2019-07-26,102.86000061035156,103.70999908447266,101.12999725341797,101.55000305175781,83.3092269897461,308300
2019-07-29,101.5999984741211,103.29000091552734,101.0199966430664,102.80000305175781,84.33467864990234,333600
2019-07-30,102.66999816894531,103.81999969482422,100.5199966430664,103.6500015258789,85.031982421875,376600
2019-07-31,103.41000366210938,104.05999755859375,101.5199966430664,101.7699966430664,83.48968505859375,514300
2019-08-01,101.91000366210938,104.73999786376953,101.22000122070312,101.48999786376953,83.2599868774414,368000
2019-08-02,100.83000183105469,100.83000183105469,98.04000091552734,98.7699966430664,81.02857208251953,363700
2019-08-05,96.8499984741211,97.20999908447266,95.11000061035156,97.05000305175781,79.61753845214844,680600
2019-08-06,97.95999908447266,98.5,96.19999694824219,98.0999984741211,80.47892761230469,639000
2019-08-07,94.9000015258789,95.80000305175781,90.87000274658203,95.19000244140625,78.09162139892578,1530800
2019-08-08,96.0,98.5999984741211,94.87000274658203,97.79000091552734,80.60565948486328,762900
2019-08-09,97.08000183105469,98.08000183105469,95.77999877929688,97.5199966430664,80.38310241699219,451700
2019-08-12,96.72000122070312,98.79000091552734,96.1500015258789,97.95999908447266,80.74578857421875,531900
2019-08-13,97.62999725341797,101.88999938964844,97.55000305175781,99.2699966430664,81.82556915283203,545700
2019-08-14,97.87000274658203,98.2699966430664,91.55000305175781,92.08000183105469,75.89905548095703,923100
2019-08-15,91.69999694824219,92.20999908447266,89.77999877929688,91.23999786376953,75.20665740966797,1867700
2019-08-16,92.11000061035156,94.8499984741211,91.72000122070312,94.0199966430664,77.49811553955078,448900
2019-08-19,95.29000091552734,97.06999969482422,94.98999786376953,95.9000015258789,79.04779052734375,409600
2019-08-20,95.98999786376953,96.58999633789062,94.02999877929688,94.1500015258789,77.60531616210938,305900
2019-08-21,95.08000183105469,95.3499984741211,93.80999755859375,94.94999694824219,78.26470947265625,348000
2019-08-22,95.04000091552734,97.30000305175781,94.41000366210938,96.9000015258789,79.87203979492188,522700
2019-08-23,95.80999755859375,98.2699966430664,93.2699966430664,93.88999938964844,77.3909912109375,547800
2019-08-26,94.98999786376953,96.06999969482422,91.06999969482422,93.05000305175781,76.6986083984375,528900
2019-08-27,93.80000305175781,94.62000274658203,92.19000244140625,92.19999694824219,75.99797058105469,760300
2019-08-28,92.0,93.83999633789062,91.69999694824219,93.5999984741211,77.15194702148438,415700
2019-08-29,94.3499984741211,95.62999725341797,93.91000366210938,94.01000213623047,77.48991394042969,306500
2019-08-30,95.38999938964844,99.0199966430664,95.38999938964844,98.88999938964844,81.51235961914062,601500
2019-09-03,97.70999908447266,98.02999877929688,94.97000122070312,95.26000213623047,78.5202407836914,425400
2019-09-04,95.75,98.16000366210938,95.5,97.77999877929688,80.597412109375,303700
2019-09-05,99.19999694824219,99.55000305175781,97.48999786376953,99.04000091552734,81.63599395751953,343600
2019-09-06,99.52999877929688,100.83999633789062,99.01000213623047,100.55999755859375,82.88887786865234,392700
2019-09-09,100.5999984741211,101.0999984741211,99.73999786376953,100.31999969482422,82.69104766845703,368700
2019-09-10,99.91999816894531,106.08999633789062,99.91000366210938,105.66000366210938,87.0926742553711,696500
2019-09-11,105.58999633789062,108.98999786376953,104.91000366210938,108.54000091552734,89.4665756225586,839000
2019-09-12,108.3499984741211,109.26000213623047,104.75,105.69999694824219,87.12567138671875,620400
2019-09-13,105.68000030517578,106.58999633789062,102.0999984741211,102.16999816894531,84.2159423828125,368100
2019-09-16,101.1500015258789,107.26000213623047,99.33999633789062,107.01000213623047,88.20545196533203,513700
2019-09-17,106.23999786376953,106.87000274658203,103.0,103.52999877929688,85.33697509765625,580500
2019-09-18,103.73999786376953,104.01000213623047,102.05999755859375,103.2300033569336,85.08970642089844,378400
2019-09-19,103.55999755859375,103.56999969482422,100.91000366210938,101.91000366210938,84.00167083740234,540000
2019-09-20,104.4000015258789,105.97000122070312,102.56999969482422,103.18000030517578,85.04846954345703,783900
2019-09-23,103.0,109.22000122070312,103.0,108.69999694824219,89.59845733642578,707200
2019-09-24,108.7300033569336,108.7300033569336,101.79000091552734,102.0199966430664,84.09232330322266,757800
2019-09-25,101.62999725341797,103.26000213623047,99.55999755859375,102.30999755859375,84.33136749267578,454700
2019-09-26,102.16000366210938,102.70999908447266,99.81999969482422,101.80999755859375,83.91922760009766,232200
2019-09-27,102.16999816894531,103.19999694824219,99.45999908447266,99.69000244140625,82.17178344726562,261300
2019-09-30,99.79000091552734,102.87000274658203,99.58999633789062,102.30999755859375,84.33136749267578,277000
2019-10-01,102.4800033569336,104.48999786376953,101.58999633789062,101.81999969482422,83.92748260498047,217200
2019-10-02,101.0,101.58999633789062,97.44000244140625,98.80999755859375,81.44641876220703,310500
2019-10-03,98.54000091552734,99.30000305175781,95.20999908447266,99.0,81.60301208496094,382900
2019-10-04,99.19999694824219,100.66999816894531,97.56999969482422,98.98999786376953,81.59477233886719,269800
2019-10-07,99.08000183105469,99.3499984741211,97.05999755859375,98.69999694824219,81.35572052001953,224300
2019-10-08,97.5,97.76000213623047,94.80000305175781,94.80000305175781,78.14108276367188,424000
2019-10-09,95.94000244140625,96.88999938964844,94.37999725341797,94.70999908447266,78.06688690185547,251300
2019-10-10,94.87000274658203,96.02999877929688,94.31999969482422,95.31999969482422,78.5697021484375,212400
2019-10-11,96.41000366210938,99.81999969482422,95.5999984741211,98.83000183105469,81.46289825439453,231700
2019-10-14,98.47000122070312,98.47000122070312,96.36000061035156,97.80000305175781,80.61390686035156,136100
2019-10-15,97.80999755859375,98.41000366210938,95.41000366210938,97.31999969482422,80.2182388305664,306400
2019-10-16,97.30000305175781,99.37000274658203,97.30000305175781,98.69000244140625,81.34749603271484,295400
2019-10-17,99.33000183105469,99.33000183105469,97.66000366210938,98.8499984741211,81.47938537597656,419600
2019-10-18,98.8499984741211,98.93000030517578,95.5,97.05000305175781,79.99568939208984,592900
2019-10-21,97.66999816894531,100.20999908447266,97.66999816894531,100.02999877929688,82.4520263671875,362200
2019-10-22,100.41000366210938,103.19999694824219,100.01000213623047,102.91000366210938,84.82594299316406,297000
2019-10-23,102.41000366210938,103.63999938964844,101.7699966430664,103.5,85.312255859375,517500
2019-10-24,104.08000183105469,104.94999694824219,99.12999725341797,102.25,84.28189086914062,675200
2019-10-25,101.9000015258789,104.44999694824219,101.9000015258789,103.29000091552734,85.13914489746094,268100
2019-10-28,103.81999969482422,105.56999969482422,103.29000091552734,103.66999816894531,85.45240020751953,282100
2019-10-29,103.30999755859375,104.47000122070312,102.55999755859375,102.98999786376953,84.89186096191406,366400
2019-10-30,103.29000091552734,103.29000091552734,96.81999969482422,97.97000122070312,80.7540283203125,491400
2019-10-31,97.98999786376953,98.62000274658203,95.11000061035156,97.29000091552734,80.19352722167969,389300
2019-11-01,98.22000122070312,98.80999755859375,97.29000091552734,97.69999694824219,80.53145599365234,228900
2019-11-04,98.86000061035156,101.9800033569336,94.72000122070312,96.55000305175781,79.58356475830078,377900
2019-11-05,96.9000015258789,99.29000091552734,96.55000305175781,97.0199966430664,79.97093963623047,357200
2019-11-06,90.11000061035156,100.0999984741211,89.55000305175781,99.02999877929688,81.62773895263672,741600
2019-11-07,99.58000183105469,102.02999877929688,97.79000091552734,101.91000366210938,84.38511657714844,484900
2019-11-08,101.44999694824219,106.06999969482422,99.91999816894531,105.94999694824219,87.73037719726562,746900
2019-11-11,105.9800033569336,108.58000183105469,105.37000274658203,108.30000305175781,89.67626190185547,824600
2019-11-12,108.0,108.98999786376953,106.05999755859375,106.27999877929688,88.00363159179688,849400
2019-11-13,104.91999816894531,106.91000366210938,102.08000183105469,102.44999694824219,84.83223724365234,535000
2019-11-14,101.70999908447266,104.69999694824219,100.69999694824219,101.7699966430664,84.26917266845703,409300
2019-11-15,102.77999877929688,103.05000305175781,100.41000366210938,101.02999877929688,83.65640258789062,441600
2019-11-18,100.83000183105469,102.88999938964844,99.41999816894531,102.7699966430664,85.09721374511719,588600
2019-11-19,102.63999938964844,103.80999755859375,100.20999908447266,103.56999969482422,85.75965118408203,403100
2019-11-20,103.44999694824219,105.05000305175781,101.29000091552734,101.68000030517578,84.19464874267578,648600
2019-11-21,102.30999755859375,103.61000061035156,98.9000015258789,100.80000305175781,83.46599578857422,554000
2019-11-22,101.62000274658203,105.16999816894531,100.69999694824219,104.8499984741211,86.81953430175781,409300
2019-11-25,105.04000091552734,110.48999786376953,104.83000183105469,108.98999786376953,90.24760437011719,903300
2019-11-26,108.91000366210938,108.91000366210938,106.31999969482422,108.45999908447266,89.8087387084961,415300
2019-11-27,108.56999969482422,109.48999786376953,104.83999633789062,107.83999633789062,89.29535675048828,370000
2019-11-29,107.80999755859375,108.66000366210938,107.12000274658203,107.70999908447266,89.18770599365234,159200
2019-12-02,107.73999786376953,107.76000213623047,104.62999725341797,104.73999786376953,86.72844696044922,275500
2019-12-03,103.12999725341797,105.26000213623047,101.31999969482422,104.81999969482422,86.7947006225586,441300
2019-12-04,105.63999938964844,107.2300033569336,104.73999786376953,106.91000366210938,88.52527618408203,343300
2019-12-05,107.20999908447266,107.88999938964844,106.27999877929688,107.55999755859375,89.06350708007812,309700
2019-12-06,108.1500015258789,109.37000274658203,107.33999633789062,108.9800033569336,90.23933410644531,242600
2019-12-09,108.80999755859375,110.58999633789062,108.51000213623047,108.98999786376953,90.24760437011719,418000
2019-12-10,109.06999969482422,109.43000030517578,105.76000213623047,105.83000183105469,87.63098907470703,347100
2019-12-11,106.76000213623047,108.3499984741211,106.29000091552734,106.93000030517578,88.54183959960938,335100
2019-12-12,106.58999633789062,109.0,105.8499984741211,108.20999908447266,89.60173034667969,481400
2019-12-13,107.98999786376953,109.72000122070312,106.8499984741211,107.69000244140625,89.17115020751953,432600
2019-12-16,108.68000030517578,109.4000015258789,105.36000061035156,105.87999725341797,87.67240142822266,368600
2019-12-17,106.44999694824219,109.88999938964844,105.80000305175781,109.81999969482422,90.93486785888672,395500
2019-12-18,109.58000183105469,114.91999816894531,109.58000183105469,114.30999755859375,94.6527328491211,824300
2019-12-19,113.83999633789062,117.55999755859375,113.83999633789062,117.52999877929688,97.31901550292969,955700
2019-12-20,117.01000213623047,118.33000183105469,115.80000305175781,117.30000305175781,97.1285629272461,551100
2019-12-23,117.47000122070312,118.3499984741211,115.91999816894531,117.26000213623047,97.09544372558594,353100
2019-12-24,117.62999725341797,117.62999725341797,115.62999725341797,116.91000366210938,96.80561828613281,80800
2019-12-26,116.91000366210938,118.7699966430664,116.47000122070312,118.75,98.3292236328125,218000
2019-12-27,118.55999755859375,118.55999755859375,116.62999725341797,118.19999694824219,97.8738021850586,492100
2019-12-30,118.38999938964844,118.69999694824219,116.63999938964844,116.98999786376953,96.87187194824219,361300
2019-12-31,116.45999908447266,117.69000244140625,115.66999816894531,117.25,97.0871810913086,300700
2020-01-02,118.05000305175781,118.05000305175781,114.52999877929688,115.0199966430664,95.24066162109375,355500
2020-01-03,112.9800033569336,116.62999725341797,112.69999694824219,116.51000213623047,96.47443389892578,1060100
2020-01-06,115.44000244140625,116.5,113.87000274658203,116.16999816894531,96.1928939819336,390300
2020-01-07,118.38999938964844,124.1500015258789,117.68000030517578,123.47000122070312,102.23756408691406,902200
2020-01-08,123.22000122070312,126.30999755859375,122.83000183105469,125.51000213623047,103.92675018310547,844500
2020-01-09,125.45999908447266,126.54000091552734,123.05999755859375,123.16999816894531,101.98914337158203,599800
2020-01-10,123.5,123.5,119.44000244140625,121.22000122070312,100.37445831298828,408700
2020-01-13,121.31999969482422,122.3499984741211,119.8499984741211,121.91999816894531,100.95408630371094,387800
2020-01-14,121.9000015258789,126.27999877929688,120.06999969482422,124.44999694824219,103.04903411865234,556900
2020-01-15,124.43000030517578,130.66000366210938,124.2699966430664,129.0800018310547,106.88282012939453,742200
2020-01-16,129.72999572753906,131.05999755859375,126.93000030517578,129.97999572753906,107.62806701660156,758100
2020-01-17,130.5399932861328,133.25,129.52000427246094,131.1199951171875,108.57201385498047,674400
2020-01-21,131.39999389648438,131.66000366210938,128.74000549316406,129.83999633789062,107.51213836669922,533500
2020-01-22,130.14999389648438,130.74000549316406,127.91000366210938,128.13999938964844,106.1044692993164,340600
2020-01-23,127.54000091552734,128.99000549316406,125.58000183105469,128.64999389648438,106.52677917480469,486100
2020-01-24,128.44000244140625,129.02000427246094,123.5199966430664,124.91000366210938,103.42991638183594,519200
2020-01-27,122.77999877929688,123.98999786376953,121.62000274658203,122.58000183105469,101.50059509277344,988500
2020-01-28,123.69000244140625,125.0,122.44000244140625,123.0,101.84835815429688,294100
2020-01-29,122.81999969482422,123.88999938964844,122.19999694824219,123.30000305175781,102.0967788696289,399100
2020-01-30,121.5199966430664,123.0,119.31999969482422,121.97000122070312,100.99549102783203,628800
2020-01-31,122.08999633789062,123.33999633789062,120.63999938964844,121.1500015258789,100.3165283203125,599600
2020-02-03,120.87999725341797,124.88999938964844,120.66000366210938,124.25,102.8834228515625,422700
2020-02-04,126.11000061035156,126.33000183105469,122.05000305175781,122.62999725341797,101.54200744628906,412300
2020-02-05,124.12000274658203,126.29000091552734,122.37999725341797,125.08999633789062,103.57896423339844,404500
2020-02-06,126.0,127.2699966430664,124.98999786376953,126.04000091552734,104.36558532714844,473600
2020-02-07,125.5199966430664,125.5199966430664,122.0199966430664,122.20999908447266,101.1942138671875,373500
2020-02-10,121.66999816894531,124.25,121.5199966430664,123.5999984741211,102.34520721435547,307400
2020-02-11,124.62999725341797,126.68000030517578,123.93000030517578,124.77999877929688,103.3222885131836,255100
2020-02-12,126.08999633789062,126.08999633789062,123.69000244140625,125.0999984741211,103.58724975585938,368400
2020-02-13,124.08000183105469,126.38999938964844,123.73999786376953,125.72000122070312,104.5687255859375,272100
2020-02-14,126.4800033569336,126.87000274658203,125.12000274658203,126.0199966430664,104.81824493408203,271600
2020-02-18,125.7300033569336,128.39999389648438,125.30999755859375,128.0,106.46514129638672,689400
2020-02-19,128.30999755859375,130.1199951171875,127.9000015258789,128.3800048828125,106.78121185302734,356200
2020-02-20,128.58999633789062,128.58999633789062,123.4800033569336,124.2699966430664,103.36267852783203,590300
2020-02-21,123.69999694824219,124.76000213623047,120.44999694824219,121.05000305175781,100.6844253540039,439500
2020-02-24,118.98999786376953,118.98999786376953,116.0,116.69999694824219,97.06626892089844,457000
2020-02-25,117.5,118.55999755859375,112.55999755859375,113.9000015258789,94.73733520507812,781300
2020-02-26,115.11000061035156,121.66999816894531,105.2699966430664,107.0199966430664,89.01484680175781,1706300
2020-02-27,105.76000213623047,113.37000274658203,103.37000274658203,111.87000274658203,93.04888153076172,1356500
2020-02-28,108.87999725341797,118.30999755859375,108.54000091552734,114.9800033569336,95.63563537597656,1110500
2020-03-02,115.4000015258789,116.66999816894531,107.62999725341797,115.37999725341797,95.96833801269531,1152400
2020-03-03,115.11000061035156,119.19000244140625,108.54000091552734,109.08999633789062,90.73656463623047,733000
2020-03-04,110.80000305175781,112.18000030517578,107.58000183105469,109.69000244140625,91.23562622070312,714900
2020-03-05,107.51000213623047,108.51000213623047,102.0,102.31999969482422,85.10557556152344,749600
2020-03-06,102.0,104.66999816894531,95.72000122070312,97.8499984741211,81.38758850097656,1633300
2020-03-09,92.98999786376953,96.93000030517578,83.01000213623047,84.19999694824219,70.03409576416016,1362900
2020-03-10,86.68000030517578,91.18000030517578,85.0199966430664,90.4000015258789,75.19099426269531,1246900
2020-03-11,87.9000015258789,88.80999755859375,80.0,82.16999816894531,68.34563446044922,1169400
2020-03-12,75.56999969482422,77.0,68.23999786376953,68.23999786376953,56.759220123291016,1283500
2020-03-13,73.31999969482422,80.05999755859375,69.41999816894531,76.80000305175781,63.87907791137695,1607700
2020-03-16,67.31999969482422,73.87000274658203,60.75,62.77000045776367,52.209510803222656,1342500
2020-03-17,64.08999633789062,70.63999938964844,59.209999084472656,64.80999755859375,53.90629577636719,1210700
2020-03-18,59.939998626708984,62.13999938964844,50.08000183105469,54.93000030517578,45.688514709472656,1279100
2020-03-19,55.95000076293945,66.94000244140625,53.56999969482422,61.86000061035156,51.45261001586914,1335000
2020-03-20,62.529998779296875,64.02999877929688,48.029998779296875,50.04999923706055,41.629539489746094,1786200
2020-03-23,49.81999969482422,51.40999984741211,43.369998931884766,46.2599983215332,38.477169036865234,1944400
2020-03-24,49.810001373291016,56.83000183105469,48.650001525878906,56.290000915527344,46.819705963134766,1529300
2020-03-25,57.290000915527344,71.5,56.56999969482422,63.54999923706055,52.858280181884766,1324300
2020-03-26,64.33000183105469,69.56999969482422,62.400001525878906,67.56999969482422,56.20193862915039,835000
2020-03-27,62.72999954223633,64.62000274658203,61.029998779296875,62.52000045776367,52.00157165527344,712200
2020-03-30,61.439998626708984,61.900001525878906,57.709999084472656,59.900001525878906,49.822364807128906,735900
2020-03-31,59.68000030517578,64.91000366210938,57.0099983215332,57.72999954223633,48.01743698120117,658400
2020-04-01,54.72999954223633,55.150001525878906,51.65999984741211,53.619998931884766,44.59892272949219,673800
2020-04-02,53.16999816894531,57.599998474121094,52.81999969482422,55.599998474121094,46.24579620361328,457900
2020-04-03,55.5,55.93000030517578,49.0,50.75,42.21175765991211,587300
2020-04-06,54.08000183105469,59.58000183105469,54.06999969482422,58.43000030517578,48.59967803955078,984300
2020-04-07,62.970001220703125,64.95999908447266,58.5099983215332,59.209999084472656,49.24843978881836,679100
2020-04-08,60.88999938964844,65.80000305175781,60.0,64.5,53.648441314697266,648100
2020-04-09,68.1500015258789,69.68000030517578,61.08000183105469,62.79999923706055,52.23445129394531,903800
2020-04-13,62.93000030517578,63.0,57.13999938964844,58.56999969482422,48.71612548828125,721700
2020-04-14,59.77000045776367,65.33000183105469,59.0,63.59000015258789,52.89154815673828,799600
2020-04-15,60.41999816894531,60.970001220703125,57.58000183105469,59.84000015258789,49.77245330810547,556800
2020-04-16,59.540000915527344,59.540000915527344,55.689998626708984,59.13999938964844,49.190216064453125,503500
2020-04-17,61.29999923706055,66.20999908447266,60.38999938964844,66.20999908447266,55.070762634277344,643200
2020-04-20,65.37999725341797,65.37999725341797,61.11000061035156,61.75,51.36111068725586,658000
2020-04-21,59.939998626708984,60.34000015258789,57.56999969482422,58.79999923706055,48.90742111206055,470800
2020-04-22,60.119998931884766,60.56999969482422,56.29999923706055,56.79999923706055,47.2439079284668,469300
2020-04-23,57.52000045776367,60.310001373291016,57.04999923706055,58.75,48.86583709716797,671100
2020-04-24,59.58000183105469,60.130001068115234,57.95000076293945,59.31999969482422,49.339935302734375,934600
2020-04-27,60.290000915527344,64.5199966430664,60.2599983215332,64.48999786376953,53.6401252746582,502100
2020-04-28,67.30000305175781,70.08999633789062,65.19000244140625,67.62000274658203,56.243534088134766,632700
2020-04-29,70.0,78.45999908447266,69.79000091552734,76.23999786376953,63.41329574584961,1921500
2020-04-30,74.5199966430664,74.52999877929688,69.25,70.04000091552734,58.25638961791992,807300
2020-05-01,67.7699966430664,68.0,63.439998626708984,66.5999984741211,55.39514923095703,658900
2020-05-04,65.05999755859375,66.58999633789062,63.18000030517578,64.44999694824219,53.60685729980469,640900
2020-05-05,65.5199966430664,66.20999908447266,62.810001373291016,65.26000213623047,54.28059387207031,825200
2020-05-06,72.66999816894531,73.51000213623047,66.38999938964844,72.0,59.88664627075195,1317800
2020-05-07,74.72000122070312,76.20999908447266,72.63999938964844,72.76000213623047,60.518775939941406,908300
2020-05-08,75.11000061035156,79.37999725341797,74.5,78.33999633789062,65.15998077392578,976200
2020-05-11,77.2699966430664,77.88999938964844,73.79000091552734,77.55000305175781,64.50289154052734,855300
2020-05-12,78.2699966430664,78.7300033569336,74.6500015258789,74.97000122070312,62.356971740722656,508700
2020-05-13,74.1500015258789,75.0,66.75,68.77999877929688,57.2083740234375,719200
2020-05-14,66.2699966430664,72.93000030517578,63.119998931884766,72.33999633789062,60.66334915161133,877900
2020-05-15,71.5,74.75,69.80000305175781,72.87999725341797,61.11617660522461,433300
2020-05-18,77.0,79.5,76.02999877929688,78.56999969482422,65.88774108886719,454000
2020-05-19,77.62000274658203,80.33000183105469,75.3499984741211,77.5,64.9904556274414,668200
2020-05-20,79.44000244140625,81.0999984741211,78.0,80.04000091552734,67.12045288085938,365800
2020-05-21,79.98999786376953,81.0,77.4000015258789,78.18000030517578,65.56071472167969,273600
2020-05-22,78.33999633789062,80.11000061035156,77.02999877929688,79.94999694824219,67.04500579833984,362400
2020-05-26,82.81999969482422,85.73999786376953,82.48999786376953,83.9000015258789,70.35740661621094,430400
2020-05-27,87.55000305175781,88.1500015258789,84.51000213623047,85.23999786376953,71.48110961914062,561800
2020-05-28,85.23999786376953,86.41999816894531,80.25,82.0999984741211,68.84796142578125,392400
2020-05-29,81.0,83.95999908447266,80.22000122070312,83.30999755859375,69.8626480102539,404600
2020-06-01,83.7699966430664,86.29000091552734,82.77999877929688,85.94000244140625,72.0681381225586,430400
2020-06-02,86.63999938964844,87.41999816894531,85.04000091552734,87.2699966430664,73.18345642089844,382600
2020-06-03,88.98999786376953,93.33000183105469,88.51000213623047,92.8499984741211,77.86276245117188,545700
2020-06-04,90.72000122070312,94.5,90.68000030517578,94.01000213623047,78.83552551269531,647600
2020-06-05,97.30000305175781,102.6500015258789,96.98999786376953,99.93000030517578,83.79996490478516,827600
2020-06-08,102.97000122070312,103.12999725341797,100.0199966430664,100.88999938964844,84.6050033569336,438500
2020-06-09,98.06999969482422,99.58000183105469,93.22000122070312,93.66999816894531,78.55040740966797,615800
2020-06-10,93.16000366210938,95.29000091552734,91.04000091552734,91.5199966430664,76.74742126464844,696800
2020-06-11,86.12999725341797,86.91999816894531,82.61000061035156,84.25,70.65090942382812,733500
2020-06-12,89.5,89.73999786376953,81.94000244140625,83.30000305175781,69.854248046875,740700
2020-06-15,80.38999938964844,88.31999969482422,79.01000213623047,87.18000030517578,73.10797882080078,535600
2020-06-16,91.66999816894531,92.30000305175781,86.48999786376953,88.06999969482422,73.85432434082031,363800
2020-06-17,88.12000274658203,89.4000015258789,84.87000274658203,86.61000061035156,72.62995910644531,384400
2020-06-18,85.97000122070312,88.47000122070312,85.01000213623047,88.37000274658203,74.10589599609375,366400
2020-06-19,89.61000061035156,91.08999633789062,84.81999969482422,86.26000213623047,72.33647155761719,591400
2020-06-22,86.8499984741211,87.37999725341797,85.01000213623047,87.37000274658203,73.2673110961914,387100
2020-06-23,89.58999633789062,89.7300033569336,87.5199966430664,87.75,73.58599090576172,297700
2020-06-24,86.0199966430664,86.37000274658203,81.30999755859375,84.27999877929688,70.67607116699219,428600
2020-06-25,83.13999938964844,85.2300033569336,81.9000015258789,83.63999938964844,70.13939666748047,537300
2020-06-26,82.66000366210938,82.9800033569336,78.86000061035156,79.56999969482422,66.72633361816406,619800
2020-06-29,79.58000183105469,84.1500015258789,77.63999938964844,83.69000244140625,70.18131256103516,472000
2020-06-30,83.69000244140625,84.51000213623047,82.01000213623047,83.69000244140625,70.18131256103516,384200
2020-07-01,83.8499984741211,86.73999786376953,82.62000274658203,83.22000122070312,69.78717803955078,374300
2020-07-02,85.58000183105469,87.56999969482422,84.0999984741211,84.30999755859375,70.70121765136719,409000
2020-07-06,85.75,87.4000015258789,85.33999633789062,85.9000015258789,72.03459930419922,374200
2020-07-07,85.16999816894531,85.2699966430664,82.63999938964844,83.08000183105469,69.66976928710938,231600
2020-07-08,83.08000183105469,84.62000274658203,81.66999816894531,81.87999725341797,68.6634750366211,376900
2020-07-09,81.66999816894531,81.66999816894531,75.0999984741211,76.04000091552734,63.76611328125,730600
2020-07-10,76.04000091552734,80.2699966430664,76.04000091552734,79.79000091552734,66.91082763671875,389300
2020-07-13,80.44000244140625,83.45999908447266,79.2699966430664,79.41999816894531,66.60053253173828,380800
2020-07-14,79.23999786376953,82.20999908447266,77.83999633789062,81.0,67.92552185058594,281300
2020-07-15,83.0199966430664,86.7300033569336,83.0199966430664,86.05999755859375,72.16876983642578,365000
2020-07-16,84.95999908447266,86.5,84.4000015258789,85.63999938964844,71.8165512084961,253600
2020-07-17,85.91999816894531,86.0,84.0,84.58999633789062,70.93605041503906,207800
2020-07-20,84.1500015258789,84.41999816894531,80.87999725341797,81.44999694824219,68.30286407470703,221200
2020-07-21,82.70999908447266,85.5,82.62000274658203,82.87000274658203,69.4936752319336,322500
2020-07-22,82.44999694824219,85.22000122070312,81.79000091552734,84.22000122070312,70.6257553100586,298900
2020-07-23,84.81999969482422,85.55000305175781,83.29000091552734,84.83000183105469,71.13729858398438,205300
2020-07-24,84.44000244140625,85.16999816894531,84.12000274658203,85.0,71.27984619140625,201000
2020-07-27,85.48999786376953,85.48999786376953,82.1500015258789,84.19000244140625,70.60060119628906,342100
2020-07-28,84.27999877929688,86.11000061035156,84.27999877929688,84.5,70.86056518554688,198200
2020-07-29,85.2699966430664,88.69999694824219,85.02999877929688,88.26000213623047,74.01364135742188,338500
2020-07-30,86.79000091552734,90.05000305175781,86.11000061035156,89.30000305175781,74.88577270507812,265400
2020-07-31,88.80999755859375,89.08999633789062,85.06999969482422,87.6500015258789,73.50212097167969,311900
2020-08-03,88.7699966430664,89.91000366210938,87.52999877929688,88.70999908447266,74.3910140991211,231200
2020-08-04,89.54000091552734,91.19999694824219,88.83999633789062,89.51000213623047,75.06187438964844,438400
2020-08-05,95.16999816894531,95.9800033569336,85.52999877929688,86.43000030517578,72.47904205322266,915600
2020-08-06,86.5199966430664,91.83000183105469,86.11000061035156,89.27999877929688,75.35726928710938,628800
2020-08-07,88.37999725341797,89.70999908447266,87.86000061035156,88.13999938964844,74.3950424194336,381100
2020-08-10,88.48999786376953,89.87000274658203,87.58000183105469,89.26000213623047,75.34038543701172,216100
2020-08-11,90.37000274658203,94.81999969482422,90.37000274658203,92.4800033569336,78.05824279785156,412100
2020-08-12,93.37999725341797,94.26000213623047,89.22000122070312,89.83999633789062,75.8299331665039,298400
2020-08-13,89.6500015258789,91.30000305175781,88.91999816894531,90.56999969482422,76.44609832763672,257700
2020-08-14,89.87000274658203,92.72000122070312,89.81999969482422,91.9000015258789,77.56869506835938,210600
2020-08-17,92.30999755859375,92.9800033569336,89.54000091552734,91.41999816894531,77.16353607177734,223600
2020-08-18,91.72000122070312,91.72000122070312,89.7300033569336,90.08000183105469,76.03247833251953,129100
2020-08-19,89.8499984741211,93.91000366210938,89.8499984741211,91.88999938964844,77.56025695800781,312300
2020-08-20,90.87000274658203,92.33999633789062,90.05000305175781,90.31999969482422,76.2350845336914,372000
2020-08-21,90.0,90.76000213623047,89.4800033569336,89.97000122070312,75.93966674804688,262000
2020-08-24,90.3499984741211,95.0,89.7699966430664,94.76000213623047,79.9826889038086,462500
2020-08-25,95.0,95.19000244140625,92.77999877929688,93.94000244140625,79.29055786132812,305500
2020-08-26,93.95999908447266,95.02999877929688,93.2300033569336,93.25,78.70816802978516,296400
2020-08-27,93.26000213623047,96.16999816894531,93.26000213623047,95.38999938964844,80.51443481445312,406500
2020-08-28,95.7300033569336,98.95999908447266,95.36000061035156,98.81999969482422,83.40955352783203,395500
2020-08-31,98.37999725341797,98.69999694824219,96.01000213623047,96.01000213623047,81.03775024414062,577900
2020-09-01,95.18000030517578,97.3499984741211,92.18000030517578,93.94999694824219,79.29900360107422,391400
2020-09-02,95.58999633789062,98.1500015258789,93.8499984741211,97.13999938964844,81.99153137207031,459400
2020-09-03,97.30000305175781,99.36000061035156,94.80999755859375,95.23999786376953,80.3878402709961,416000
2020-09-04,96.80000305175781,97.66999816894531,92.56999969482422,95.62999725341797,80.71699523925781,422100
2020-09-08,94.7300033569336,97.4000015258789,93.5,94.31999969482422,79.61132049560547,364000
2020-09-09,95.02999877929688,98.08000183105469,93.33000183105469,97.16999816894531,82.01685333251953,282100
2020-09-10,96.93000030517578,100.12000274658203,95.69000244140625,95.73999786376953,80.80986022949219,302300
2020-09-11,97.87000274658203,99.5,95.45999908447266,96.98999786376953,81.86491394042969,376800
2020-09-14,97.68000030517578,100.0,97.27999877929688,99.3499984741211,83.85690307617188,330800
2020-09-15,99.8499984741211,100.0,98.1500015258789,98.72000122070312,83.32516479492188,244900
2020-09-16,99.8499984741211,103.69000244140625,98.69999694824219,101.41999816894531,85.6041030883789,484900
2020-09-17,99.04000091552734,102.52999877929688,98.73999786376953,102.02999877929688,86.11895751953125,374400
2020-09-18,101.63999938964844,102.5999984741211,99.0,100.38999938964844,84.73472595214844,440400
2020-09-21,98.0199966430664,98.0199966430664,94.66999816894531,95.12999725341797,80.29500579833984,430500
2020-09-22,96.30000305175781,98.63999938964844,95.02999877929688,95.81999969482422,80.87738800048828,345800
2020-09-23,95.83999633789062,98.5999984741211,91.95999908447266,92.19000244140625,77.8134536743164,385500
2020-09-24,91.87000274658203,95.87000274658203,90.98999786376953,94.0199966430664,79.35807037353516,366200
2020-09-25,93.37999725341797,95.29000091552734,92.88999938964844,93.4000015258789,78.83477020263672,297000
2020-09-28,95.29000091552734,96.33999633789062,94.4000015258789,94.54000091552734,79.79700469970703,324600
2020-09-29,94.47000122070312,95.9800033569336,90.41999816894531,91.4000015258789,77.14665222167969,303100
2020-09-30,91.44000244140625,93.30000305175781,88.94000244140625,89.93000030517578,75.90589141845703,344800
2020-10-01,90.69000244140625,91.26000213623047,89.27999877929688,89.52999877929688,75.56826782226562,324500
2020-10-02,87.5999984741211,91.19999694824219,87.20999908447266,89.95999908447266,75.93122863769531,406300
2020-10-05,91.33000183105469,92.58000183105469,89.70999908447266,90.52999877929688,76.41232299804688,408400
2020-10-06,91.13999938964844,92.05000305175781,88.87000274658203,89.36000061035156,75.4247817993164,297300
2020-10-07,90.23999786376953,92.37000274658203,90.23999786376953,91.66000366210938,77.3661117553711,419100
2020-10-08,92.58999633789062,94.31999969482422,92.31999969482422,94.20999908447266,79.5184555053711,253600
2020-10-09,94.87999725341797,95.68000030517578,91.68000030517578,92.16000366210938,77.78813934326172,237200
2020-10-12,92.63999938964844,93.73999786376953,91.44000244140625,91.97000122070312,77.6277847290039,270500
2020-10-13,92.08000183105469,92.08000183105469,88.87999725341797,90.2699966430664,76.19288635253906,404900
2020-10-14,90.23999786376953,91.83000183105469,87.80000305175781,87.94999694824219,74.23467254638672,418500
2020-10-15,87.5,89.98999786376953,86.18000030517578,88.29000091552734,74.52163696289062,402400
2020-10-16,87.9800033569336,88.66999816894531,87.55000305175781,88.02999877929688,74.30220794677734,285000
2020-10-19,89.33000183105469,89.33000183105469,86.5999984741211,87.04000091552734,73.46659088134766,330500
2020-10-20,88.29000091552734,88.80999755859375,86.30999755859375,86.77999877929688,73.24711608886719,332600
2020-10-21,86.48999786376953,88.33999633789062,84.79000091552734,87.63999938964844,73.97300720214844,468300
2020-10-22,88.68000030517578,92.0999984741211,88.68000030517578,91.08000183105469,76.87655639648438,363600
2020-10-23,91.5199966430664,92.0,90.01000213623047,90.4000015258789,76.30261993408203,260700
2020-10-26,88.91999816894531,88.91999816894531,85.01000213623047,86.66000366210938,73.14582824707031,436000
2020-10-27,86.70999908447266,86.76000213623047,83.23999786376953,84.79000091552734,71.56745147705078,313500
2020-10-28,83.27999877929688,83.69000244140625,80.41999816894531,81.0199966430664,68.38536834716797,282600
2020-10-29,80.98999786376953,83.25,80.44999694824219,82.45999908447266,69.600830078125,213500
2020-10-30,81.79000091552734,82.95999908447266,80.81999969482422,82.4000015258789,69.55015563964844,262200
2020-11-02,82.55000305175781,83.41999816894531,80.75,83.19999694824219,70.22540283203125,452100
2020-11-03,85.16999816894531,88.19000244140625,84.5999984741211,87.69999694824219,74.02363586425781,569000
2020-11-04,88.31999969482422,88.4800033569336,81.51000213623047,81.87999725341797,69.11125183105469,814900
2020-11-05,82.91000366210938,88.12999725341797,82.33999633789062,85.69000244140625,72.82518005371094,926000
2020-11-06,86.68000030517578,90.58999633789062,86.16000366210938,86.44000244140625,73.46255493164062,674900
2020-11-09,91.98999786376953,94.9800033569336,89.33999633789062,90.37999725341797,76.81106567382812,864000
2020-11-10,91.06999969482422,95.94000244140625,90.51000213623047,94.79000091552734,80.5589599609375,685400
2020-11-11,95.16999816894531,98.08999633789062,93.7300033569336,95.5999984741211,81.24734497070312,619600
2020-11-12,95.27999877929688,95.98999786376953,93.02999877929688,95.3499984741211,81.03489685058594,342300
2020-11-13,96.37000274658203,100.0,96.37000274658203,99.91999816894531,84.91878509521484,532400
2020-11-16,101.22000122070312,105.27999877929688,101.04000091552734,104.58000183105469,88.87918853759766,789300
2020-11-17,103.80999755859375,106.37999725341797,103.0,104.38999938964844,88.71769714355469,482100
2020-11-18,104.37999725341797,106.20999908447266,103.61000061035156,103.91000366210938,88.30977630615234,439200
2020-11-19,103.98999786376953,106.48999786376953,102.18000030517578,103.52999877929688,87.98682403564453,449500
2020-11-20,103.38999938964844,105.12000274658203,102.7300033569336,104.56999969482422,88.87067413330078,352300
2020-11-23,106.0199966430664,107.83999633789062,105.29000091552734,107.3499984741211,91.23332214355469,271300
2020-11-24,108.80999755859375,111.37999725341797,108.12000274658203,109.79000091552734,93.30701446533203,574800
2020-11-25,108.94999694824219,110.0,107.44999694824219,109.3499984741211,92.93306732177734,295100
2020-11-27,109.11000061035156,110.4800033569336,106.08000183105469,107.0,90.93585968017578,205600
2020-11-30,106.08000183105469,107.55000305175781,104.79000091552734,105.25,89.44857788085938,354600
2020-12-01,107.80999755859375,109.12000274658203,106.1500015258789,109.0,92.63558959960938,371900
2020-12-02,108.83999633789062,110.37000274658203,108.48999786376953,109.6500015258789,93.18800354003906,313200
2020-12-03,110.62999725341797,111.66000366210938,108.94999694824219,109.63999938964844,93.17951202392578,298000
2020-12-04,110.44999694824219,111.12000274658203,109.19000244140625,110.80000305175781,94.16535186767578,314700
2020-12-07,110.5,111.5,108.80999755859375,111.37000274658203,94.6497802734375,249100
2020-12-08,110.95999908447266,112.87999725341797,109.45999908447266,109.62000274658203,93.16252136230469,315500
2020-12-09,110.52999877929688,111.11000061035156,107.5,108.06999969482422,91.84522247314453,524800
2020-12-10,106.45999908447266,108.41999816894531,105.5999984741211,108.05000305175781,91.8282241821289,269400
2020-12-11,106.63999938964844,106.63999938964844,104.58999633789062,104.68000030517578,88.96417999267578,325900
2020-12-14,106.01000213623047,107.0,102.87000274658203,103.44000244140625,87.91033935546875,397600
2020-12-15,104.44999694824219,105.88999938964844,103.23999786376953,105.69000244140625,89.82254791259766,305300
2020-12-16,106.13999938964844,107.33000183105469,104.5199966430664,104.69999694824219,88.98116302490234,342200
2020-12-17,105.91000366210938,105.91999816894531,102.08999633789062,103.41999816894531,87.8933334350586,385300
2020-12-18,103.13999938964844,103.47000122070312,100.19999694824219,101.80999755859375,86.52506256103516,648600
2020-12-21,100.5,101.63999938964844,97.37000274658203,99.91999816894531,84.91878509521484,627600
2020-12-22,99.86000061035156,100.93000030517578,98.66000366210938,99.62999725341797,84.67232513427734,336700
2020-12-23,99.94999694824219,104.44000244140625,99.94999694824219,104.19000244140625,88.54773712158203,369900
2020-12-24,104.62000274658203,105.56999969482422,103.94000244140625,105.02999877929688,89.26161193847656,129000
2020-12-28,105.58999633789062,109.04000091552734,104.77999877929688,108.54000091552734,92.2446517944336,352700
2020-12-29,108.54000091552734,108.93000030517578,105.80999755859375,107.33999633789062,91.22481536865234,312200
2020-12-30,106.98999786376953,109.87999725341797,106.58999633789062,108.93000030517578,92.57611083984375,206400
2020-12-31,109.20999908447266,110.72000122070312,108.77999877929688,109.19000244140625,92.79707336425781,180400
2021-01-04,109.83000183105469,110.58000183105469,106.94999694824219,107.83000183105469,91.64126586914062,285500
2021-01-05,107.30999755859375,110.5,107.30999755859375,108.94999694824219,92.5931167602539,324500
2021-01-06,109.23999786376953,116.98999786376953,109.23999786376953,116.31999969482422,98.85662841796875,680100
2021-01-07,117.0,117.2300033569336,113.20999908447266,113.80999755859375,96.72344970703125,379300
2021-01-08,114.22000122070312,114.2699966430664,111.29000091552734,113.30999755859375,96.29851531982422,312700
2021-01-11,112.0,115.66999816894531,112.0,115.0999984741211,97.81978607177734,213300
2021-01-12,115.4000015258789,116.19999694824219,114.05000305175781,114.61000061035156,97.40336608886719,252500
2021-01-13,114.43000030517578,114.70999908447266,109.0999984741211,110.80999755859375,94.17386627197266,310700
2021-01-14,111.6500015258789,114.2699966430664,109.37000274658203,111.04000091552734,94.36932373046875,329700
2021-01-15,109.91000366210938,112.5,106.66999816894531,111.3499984741211,94.63279724121094,405100
2021-01-19,112.08000183105469,112.55000305175781,109.0999984741211,112.01000213623047,95.19371032714844,314800
2021-01-20,113.66999816894531,114.73999786376953,110.0,110.2699966430664,93.71491241455078,328800
2021-01-21,110.44000244140625,112.5999984741211,108.05999755859375,109.37000274658203,92.9500503540039,266900
2021-01-22,107.66999816894531,108.86000061035156,107.30999755859375,108.0,91.78572845458984,366400
2021-01-25,108.0,110.41000366210938,107.1500015258789,110.33999633789062,93.77440643310547,702500
2021-01-26,110.62999725341797,115.66000366210938,110.58000183105469,113.83999633789062,96.74894714355469,849300
2021-01-27,112.20999908447266,115.55999755859375,108.5199966430664,109.43000030517578,93.00103759765625,907600
2021-01-28,111.69999694824219,118.3499984741211,111.69999694824219,117.12999725341797,99.54501342773438,737300
2021-01-29,117.5199966430664,119.47000122070312,112.41000366210938,113.66999816894531,96.60447692871094,487500
2021-02-01,114.79000091552734,120.41999816894531,113.87000274658203,120.29000091552734,102.2306137084961,514900
2021-02-02,121.41000366210938,122.22000122070312,117.55999755859375,120.0,101.98414611816406,468500
2021-02-03,120.0,123.29000091552734,119.1500015258789,123.22000122070312,104.7207260131836,447800
2021-02-04,123.91999816894531,128.82000732421875,123.75,128.6199951171875,109.31000518798828,477700
2021-02-05,129.99000549316406,131.0,125.04000091552734,125.5,106.65840148925781,949000
2021-02-08,125.9000015258789,126.2300033569336,122.2699966430664,122.37000274658203,103.99833679199219,422400
2021-02-09,122.01000213623047,126.5,121.18000030517578,126.20999908447266,107.26181030273438,330000
2021-02-10,126.4800033569336,127.52999877929688,124.05999755859375,125.45999908447266,106.62442016601562,270000
2021-02-11,124.69000244140625,126.83999633789062,124.01000213623047,126.69000244140625,108.27386474609375,242000
2021-02-12,125.87000274658203,129.77000427246094,125.87000274658203,129.0500030517578,110.29080200195312,300300
2021-02-16,129.02000427246094,129.61000061035156,126.98999786376953,127.36000061035156,108.84648132324219,332400
2021-02-17,127.0,127.68000030517578,125.05000305175781,125.16999816894531,106.97481536865234,382100
2021-02-18,124.02999877929688,126.02999877929688,123.88999938964844,124.58999633789062,106.4791488647461,258700
2021-02-19,124.95999908447266,126.88999938964844,124.4800033569336,124.62000274658203,106.5047607421875,451100
2021-02-22,125.19000244140625,130.67999267578125,124.51000213623047,128.5,109.82075500488281,617000
2021-02-23,129.89999389648438,141.89999389648438,129.89999389648438,140.3300018310547,119.93111419677734,1141100
2021-02-24,143.47000122070312,145.8000030517578,137.6999969482422,138.9499969482422,118.75171661376953,1007700
2021-02-25,139.55999755859375,140.07000732421875,130.60000610351562,131.02000427246094,111.97444915771484,586200
2021-02-26,131.39999389648438,140.6999969482422,131.27000427246094,137.5500030517578,117.55520629882812,659200
2021-03-01,139.5399932861328,144.66000366210938,138.75,144.2100067138672,123.2470703125,508700
2021-03-02,143.0399932861328,143.99000549316406,140.4199981689453,140.9499969482422,120.46100616455078,483300
2021-03-03,141.88999938964844,147.55999755859375,141.88999938964844,146.13999938964844,124.89653778076172,588900
2021-03-04,145.0,149.19000244140625,142.52000427246094,144.52000427246094,123.51201629638672,670000
2021-03-05,145.82000732421875,151.0,144.0800018310547,150.41000366210938,128.5458526611328,749300
2021-03-08,152.5,153.67999267578125,149.0500030517578,151.52999877929688,129.5030059814453,669000
2021-03-09,151.5800018310547,153.30999755859375,149.2100067138672,150.1199951171875,128.2979736328125,710000
2021-03-10,152.22000122070312,156.16000366210938,150.5800018310547,151.83999633789062,129.76795959472656,356300
2021-03-11,151.63999938964844,154.8300018310547,149.1699981689453,154.2899932861328,131.86181640625,237700
2021-03-12,155.1699981689453,157.33999633789062,152.6300048828125,155.55999755859375,132.94720458984375,524200
2021-03-15,155.39999389648438,157.92999267578125,154.47999572753906,157.47000122070312,134.57955932617188,379600
2021-03-16,158.32000732421875,160.14999389648438,156.8699951171875,158.60000610351562,135.5453338623047,666500
2021-03-17,158.3000030517578,160.47000122070312,154.67999267578125,160.3699951171875,137.05796813964844,483100
2021-03-18,161.0800018310547,163.6199951171875,155.0,156.24000549316406,133.5283966064453,513300
2021-03-19,155.3699951171875,156.5,151.5,153.99000549316406,131.6054229736328,818300
2021-03-22,155.14999389648438,156.75999450683594,152.0,154.83999633789062,132.33189392089844,428800
2021-03-23,152.88999938964844,154.88999938964844,147.52999877929688,149.27999877929688,127.58011627197266,522000
2021-03-24,150.5,150.9600067138672,141.0500030517578,141.41000366210938,120.85414123535156,680700
2021-03-25,135.82000732421875,146.27999877929688,135.11000061035156,146.0,124.7768783569336,721200
2021-03-26,146.47999572753906,146.47999572753906,136.02999877929688,141.85000610351562,121.23014068603516,736600
2021-03-29,141.85000610351562,144.1199951171875,137.7100067138672,138.94000244140625,118.74317932128906,484400
2021-03-30,140.42999267578125,142.6199951171875,139.38999938964844,142.11000061035156,121.45236206054688,329100
2021-03-31,141.8800048828125,143.19000244140625,139.00999450683594,140.42999267578125,120.01656341552734,282400
2021-04-01,140.5800018310547,146.88999938964844,140.3300018310547,142.6999969482422,121.95659637451172,502300
2021-04-05,143.0,143.99000549316406,140.80999755859375,141.41000366210938,120.85414123535156,783500
2021-04-06,142.0,143.5,141.3300018310547,143.07000732421875,122.27283477783203,984400
2021-04-07,144.82000732421875,147.75999450683594,144.1999969482422,145.7100067138672,124.5290756225586,391600
2021-04-08,146.17999267578125,148.33999633789062,143.25,147.75999450683594,126.281005859375,351100
2021-04-09,147.07000732421875,151.13999938964844,146.66000366210938,150.5399932861328,128.6569366455078,379800
2021-04-12,151.7899932861328,153.75,150.0399932861328,151.5,129.47740173339844,416600
2021-04-13,151.7100067138672,152.27999877929688,147.49000549316406,148.14999389648438,126.6143798828125,467700
2021-04-14,148.1699981689453,150.75,147.6999969482422,148.99000549316406,127.33224487304688,272200
2021-04-15,149.9499969482422,153.0,149.0800018310547,151.3800048828125,129.37484741210938,313100
2021-04-16,151.8699951171875,154.66000366210938,151.02000427246094,153.55999755859375,131.23793029785156,511400
2021-04-19,154.55999755859375,154.66000366210938,151.77000427246094,153.27999877929688,130.99864196777344,238400
2021-04-20,152.4600067138672,153.99000549316406,148.97999572753906,150.67999267578125,128.77658081054688,299000
2021-04-21,149.72000122070312,155.0500030517578,149.72000122070312,154.00999450683594,131.62252807617188,279800
2021-04-22,154.27000427246094,155.0,152.35000610351562,154.32000732421875,131.887451171875,308300
2021-04-23,155.0,156.25,153.60000610351562,153.75,131.40032958984375,257400
2021-04-26,154.9199981689453,155.69000244140625,153.10000610351562,153.97000122070312,131.58834838867188,332300
2021-04-27,153.1199951171875,154.8300018310547,150.99000549316406,151.77999877929688,129.71670532226562,398900
2021-04-28,151.41000366210938,151.88999938964844,148.5800018310547,150.55999755859375,128.6740264892578,244400
2021-04-29,152.4499969482422,154.63999938964844,148.66000366210938,151.17999267578125,129.2039031982422,586900
2021-04-30,150.3699951171875,150.92999267578125,147.17999267578125,147.41000366210938,125.98194122314453,359500
2021-05-03,148.66000366210938,149.8699951171875,146.22000122070312,148.3800048828125,126.81092834472656,798000
2021-05-04,149.52000427246094,152.27999877929688,142.60000610351562,149.13999938964844,127.46043395996094,776400
2021-05-05,150.39999389648438,152.9499969482422,147.02999877929688,149.1999969482422,127.51177215576172,678900
2021-05-06,149.99000549316406,151.27000427246094,146.4600067138672,149.27000427246094,127.571533203125,252200
2021-05-07,148.1999969482422,149.42999267578125,146.44000244140625,147.50999450683594,126.06736755371094,376600
2021-05-10,148.0,153.22000122070312,147.91000366210938,148.0500030517578,126.52892303466797,634300
2021-05-11,147.30999755859375,148.94000244140625,144.8699951171875,148.60000610351562,126.99894714355469,454100
2021-05-12,148.0500030517578,149.4499969482422,146.32000732421875,146.83999633789062,125.49479675292969,368100
2021-05-13,145.8300018310547,150.1999969482422,145.5,147.7899932861328,126.91169738769531,275700
2021-05-14,148.58999633789062,151.4199981689453,148.0,150.89999389648438,129.58236694335938,284900
2021-05-17,151.10000610351562,152.5,148.63999938964844,149.27000427246094,128.18258666992188,300700
2021-05-18,149.0500030517578,150.52000427246094,148.3000030517578,148.3000030517578,127.34966278076172,307900
2021-05-19,146.94000244140625,148.0,144.2100067138672,147.6999969482422,126.83440399169922,324500
2021-05-20,147.97999572753906,149.57000732421875,147.3000030517578,148.63999938964844,127.64160919189453,272300
2021-05-21,149.2899932861328,150.16000366210938,147.05999755859375,147.27000427246094,126.46513366699219,346400
2021-05-24,147.83999633789062,153.13999938964844,147.33999633789062,152.7899932861328,131.2053680419922,361700
2021-05-25,153.49000549316406,155.99000549316406,151.27999877929688,151.77000427246094,130.32945251464844,398900
2021-05-26,151.32000732421875,153.22999572753906,150.69000244140625,151.02000427246094,129.68539428710938,211700
2021-05-27,151.6999969482422,155.0800018310547,150.8699951171875,154.0500030517578,132.287353515625,348100
2021-05-28,153.8300018310547,154.0800018310547,150.6699981689453,151.91000366210938,130.4496612548828,233800
2021-06-01,152.9499969482422,153.32000732421875,150.0500030517578,150.6699981689453,129.38485717773438,305200
2021-06-02,151.30999755859375,151.30999755859375,148.49000549316406,150.5800018310547,129.30755615234375,408800
2021-06-03,149.8000030517578,149.9600067138672,145.63999938964844,148.66000366210938,127.65879821777344,225200
2021-06-04,148.6699981689453,149.2899932861328,146.57000732421875,148.14999389648438,127.22087097167969,280500
2021-06-07,148.25,149.75999450683594,145.7899932861328,145.99000549316406,125.36601257324219,317200
2021-06-08,145.60000610351562,145.61000061035156,142.4199981689453,143.94000244140625,123.60559844970703,416000
2021-06-09,143.63999938964844,147.85000610351562,142.82000732421875,146.88999938964844,126.13884735107422,403100
2021-06-10,148.22999572753906,149.9499969482422,145.4499969482422,145.52999877929688,124.97096252441406,217800
2021-06-11,145.52999877929688,147.75999450683594,145.33999633789062,146.8300018310547,126.08731079101562,410600
2021-06-14,146.86000061035156,147.85000610351562,144.60000610351562,147.0800018310547,126.30200958251953,319300
2021-06-15,147.88999938964844,149.19000244140625,145.38999938964844,147.8000030517578,126.9202880859375,438500
2021-06-16,147.60000610351562,147.60000610351562,142.0399932861328,145.0500030517578,124.55876922607422,452100
2021-06-17,145.72999572753906,147.38999938964844,142.6699981689453,143.8000030517578,123.48535919189453,302500
2021-06-18,141.94000244140625,143.38999938964844,140.41000366210938,142.5,122.36898803710938,508600
2021-06-21,142.99000549316406,145.92999267578125,142.9600067138672,145.50999450683594,124.95377349853516,332100
2021-06-22,144.85000610351562,146.17999267578125,143.25999450683594,145.22000122070312,124.70474243164062,272200
2021-06-23,146.05999755859375,147.80999755859375,145.4199981689453,146.60000610351562,125.88981628417969,332900
2021-06-24,147.3000030517578,148.17999267578125,146.67999267578125,147.0,126.23328399658203,358900
2021-06-25,146.8000030517578,156.25,146.8000030517578,155.10000610351562,133.1890411376953,1294900
2021-06-28,155.0,156.3300018310547,148.10000610351562,149.72000122070312,128.56906127929688,523400
2021-06-29,148.33999633789062,149.33999633789062,143.27999877929688,144.0399932861328,123.69143676757812,426100
2021-06-30,144.10000610351562,148.44000244140625,143.25999450683594,147.8800048828125,126.98896026611328,302600
2021-07-01,148.8300018310547,152.66000366210938,148.6999969482422,151.39999389648438,130.01171875,348000
2021-07-02,152.32000732421875,152.6999969482422,150.58999633789062,151.5,130.0976104736328,173900
2021-07-06,150.61000061035156,150.75,146.0500030517578,147.89999389648438,127.00614929199219,259100
2021-07-07,147.89999389648438,148.9499969482422,143.7100067138672,145.00999450683594,124.52442932128906,254800
2021-07-08,143.3300018310547,145.25,139.47999572753906,143.5,123.22773742675781,198300
2021-07-09,144.86000061035156,147.7899932861328,144.47000122070312,147.10000610351562,126.3192138671875,176100
2021-07-12,146.0500030517578,148.1999969482422,144.1300048828125,147.75,126.87733459472656,217000
2021-07-13,147.32000732421875,147.66000366210938,144.25,145.9499969482422,125.33161926269531,201300
2021-07-14,146.9199981689453,147.83999633789062,144.72000122070312,144.85000610351562,124.38703918457031,163100
2021-07-15,144.25,146.44000244140625,142.33999633789062,143.8000030517578,123.48535919189453,275600
2021-07-16,143.92999267578125,145.0,141.67999267578125,142.11000061035156,122.03411102294922,267700
2021-07-19,139.2100067138672,140.99000549316406,135.8699951171875,136.72000122070312,117.40555572509766,481000
2021-07-20,137.1699981689453,142.75,136.8300018310547,141.38999938964844,121.41583251953125,303400
2021-07-21,141.9600067138672,146.4199981689453,141.9600067138672,144.5,124.08645629882812,256800
2021-07-22,143.7899932861328,143.7899932861328,140.41000366210938,143.14999389648438,122.92716979980469,154000
2021-07-23,144.24000549316406,144.9600067138672,142.00999450683594,144.57000732421875,124.14659118652344,142800
2021-07-26,144.69000244140625,147.8699951171875,144.67999267578125,145.91000366210938,125.29727935791016,140600
2021-07-27,144.86000061035156,146.83999633789062,143.77000427246094,145.4499969482422,124.90225219726562,172500
2021-07-28,145.6300048828125,148.1999969482422,142.27000427246094,147.19000244140625,126.39646911621094,226500
2021-07-29,147.8699951171875,150.57000732421875,147.00999450683594,148.25,127.30672454833984,364300
2021-07-30,147.1999969482422,149.6999969482422,146.6199951171875,147.07000732421875,126.29341125488281,201200
2021-08-02,148.25,151.3000030517578,147.10000610351562,147.25999450683594,126.45658874511719,272900
2021-08-03,147.35000610351562,148.1999969482422,143.69000244140625,147.57000732421875,126.72277069091797,292100
2021-08-04,143.77999877929688,147.9499969482422,143.0500030517578,146.66000366210938,125.94133758544922,316600
2021-08-05,148.17999267578125,152.9199981689453,147.22000122070312,152.38999938964844,130.8618927001953,211200
2021-08-06,153.47000122070312,155.83999633789062,152.1999969482422,152.86000061035156,131.2654571533203,324900
2021-08-09,152.74000549316406,152.74000549316406,147.85000610351562,149.97000122070312,128.7837371826172,280100
2021-08-10,149.5399932861328,152.19000244140625,149.19000244140625,149.99000549316406,128.80088806152344,333100
2021-08-11,149.69000244140625,151.44000244140625,148.50999450683594,149.92999267578125,128.74937438964844,352900
2021-08-12,150.36000061035156,150.36000061035156,146.69000244140625,147.4199981689453,127.18777465820312,224900
2021-08-13,148.07000732421875,149.11000061035156,144.83999633789062,145.72000122070312,125.72111511230469,277900
2021-08-16,145.10000610351562,147.11000061035156,142.85000610351562,144.42999267578125,124.60813903808594,241400
2021-08-17,143.4600067138672,145.27000427246094,142.5,144.3800048828125,124.56501007080078,192700
2021-08-18,144.47000122070312,147.86000061035156,144.27000427246094,145.36000061035156,125.41053771972656,155100
2021-08-19,143.58999633789062,144.08999633789062,139.33999633789062,140.44000244140625,121.16572570800781,229900
2021-08-20,139.77000427246094,142.9199981689453,138.8000030517578,142.7899932861328,123.19320678710938,229200
2021-08-23,144.5500030517578,145.88999938964844,143.3800048828125,145.05999755859375,125.15168762207031,180300
2021-08-24,147.8000030517578,149.0500030517578,145.33999633789062,147.63999938964844,127.3775863647461,284100
2021-08-25,147.3699951171875,148.61000061035156,146.50999450683594,147.3699951171875,127.14462280273438,235700
2021-08-26,147.02000427246094,147.36000061035156,143.3000030517578,146.0,125.96266174316406,403500
2021-08-27,146.24000549316406,149.2100067138672,144.80999755859375,148.63999938964844,128.24034118652344,251000
2021-08-30,149.0,149.57000732421875,147.13999938964844,148.0500030517578,127.73136138916016,181100
2021-08-31,147.52000427246094,150.13999938964844,147.52000427246094,149.75,129.19798278808594,242600
2021-09-01,149.77999877929688,151.7100067138672,148.75,148.99000549316406,128.5423126220703,173200
2021-09-02,149.02999877929688,152.5,149.02999877929688,150.91000366210938,130.19879150390625,248400
2021-09-03,150.42999267578125,150.42999267578125,146.14999389648438,148.38999938964844,128.02467346191406,261900
2021-09-07,147.32000732421875,148.49000549316406,144.69000244140625,144.77999877929688,124.91010284423828,260000
2021-09-08,144.3800048828125,146.05999755859375,144.02000427246094,145.0500030517578,125.1430435180664,218400
2021-09-09,144.49000549316406,145.22000122070312,143.1699981689453,143.9600067138672,124.20262908935547,235400
2021-09-10,144.17999267578125,144.38999938964844,141.5,141.63999938964844,122.2010498046875,248700
2021-09-13,142.6999969482422,146.27999877929688,141.64999389648438,145.9199981689453,125.8936538696289,277000
2021-09-14,146.4600067138672,147.25999450683594,142.25,143.42999267578125,123.74539184570312,272100
2021-09-15,143.41000366210938,149.63999938964844,143.25999450683594,148.83999633789062,128.4129180908203,285100
2021-09-16,148.75999450683594,151.75999450683594,148.27999877929688,150.6300048828125,129.95726013183594,536700
2021-09-17,150.27000427246094,151.7899932861328,147.3800048828125,148.41000366210938,128.0419464111328,574300
2021-09-20,145.3699951171875,146.49000549316406,143.17999267578125,145.7899932861328,125.78150177001953,246100
2021-09-21,147.52000427246094,148.88999938964844,146.32000732421875,146.83999633789062,126.68738555908203,234400
2021-09-22,148.0,153.4199981689453,148.0,152.17999267578125,131.2945098876953,275000
2021-09-23,151.94000244140625,155.07000732421875,151.94000244140625,153.50999450683594,132.44195556640625,229700
2021-09-24,153.14999389648438,159.74000549316406,152.50999450683594,158.3000030517578,136.57456970214844,387100
2021-09-27,158.33999633789062,162.52000427246094,158.33999633789062,159.49000549316406,137.60128784179688,317200
2021-09-28,158.89999389648438,160.82000732421875,155.6199951171875,156.3800048828125,134.91810607910156,227900
2021-09-29,157.0800018310547,157.42999267578125,153.49000549316406,154.60000610351562,133.38238525390625,201400
2021-09-30,154.9499969482422,154.9499969482422,151.74000549316406,151.9600067138672,131.10472106933594,322200
2021-10-01,152.82000732421875,155.30999755859375,150.8800048828125,154.0399932861328,132.8992462158203,171400
2021-10-04,153.66000366210938,157.4499969482422,152.6699981689453,153.60000610351562,132.51963806152344,265100
2021-10-05,153.25,154.60000610351562,152.2100067138672,153.6300048828125,132.5455322265625,263700
2021-10-06,151.0,153.05999755859375,149.2899932861328,152.74000549316406,131.7776641845703,180600
2021-10-07,153.85000610351562,155.94000244140625,153.5800018310547,153.82000732421875,132.70945739746094,187900
2021-10-08,155.00999450683594,156.49000549316406,152.49000549316406,153.4499969482422,132.3902130126953,178000
2021-10-11,153.1999969482422,154.85000610351562,152.4600067138672,153.0399932861328,132.0364532470703,141900
2021-10-12,152.77999877929688,153.67999267578125,147.13999938964844,147.91000366210938,127.61054992675781,279900
2021-10-13,147.39999389648438,150.63999938964844,146.91000366210938,148.4499969482422,128.07640075683594,193200
2021-10-14,149.91000366210938,152.3000030517578,148.47000122070312,151.5,130.70787048339844,156400
2021-10-15,152.42999267578125,153.82000732421875,150.60000610351562,150.60000610351562,129.9313507080078,236000
2021-10-18,149.89999389648438,150.25,147.25999450683594,147.77999877929688,127.49837493896484,168800
2021-10-19,149.10000610351562,152.14999389648438,148.85000610351562,151.61000061035156,130.802734375,172500
2021-10-20,150.91000366210938,154.9199981689453,150.2899932861328,153.4199981689453,132.3643035888672,214500
2021-10-21,153.1699981689453,153.89999389648438,148.47000122070312,150.35000610351562,129.71566772460938,239500
2021-10-22,150.35000610351562,152.35000610351562,149.44000244140625,151.61000061035156,130.802734375,138300
2021-10-25,152.0500030517578,153.89999389648438,150.75999450683594,151.77000427246094,130.9407958984375,202100
2021-10-26,152.1199951171875,154.22999572753906,148.89999389648438,150.2899932861328,129.6639404296875,219800
2021-10-27,150.00999450683594,150.00999450683594,145.00999450683594,145.0800018310547,125.16893768310547,378000
2021-10-28,145.3800048828125,150.7100067138672,145.25999450683594,149.91000366210938,129.33602905273438,284200
2021-10-29,149.1300048828125,154.85000610351562,148.42999267578125,149.92999267578125,129.35330200195312,403800
2021-11-01,150.8800048828125,155.99000549316406,150.02999877929688,154.2899932861328,133.11489868164062,602500
2021-11-02,152.55999755859375,162.10000610351562,150.86000061035156,160.58999633789062,138.55027770996094,559800
2021-11-03,162.24000549316406,164.50999450683594,158.22000122070312,163.77000427246094,141.2938995361328,397000
2021-11-04,163.9499969482422,164.47999572753906,160.22999572753906,162.5,140.19821166992188,318000
2021-11-05,164.0,167.7899932861328,162.91000366210938,167.58999633789062,144.58963012695312,352200
2021-11-08,168.72999572753906,169.5,165.74000549316406,169.3300018310547,146.09080505371094,557800
2021-11-09,169.08999633789062,170.50999450683594,167.39999389648438,169.6300048828125,146.34963989257812,358300
2021-11-10,168.22999572753906,170.52000427246094,167.69000244140625,168.6300048828125,146.08973693847656,350600
2021-11-11,168.60000610351562,170.6699981689453,167.19000244140625,170.0,147.276611328125,522400
2021-11-12,170.14999389648438,171.16000366210938,167.42999267578125,168.1699981689453,145.69122314453125,417900
2021-11-15,169.0,171.08999633789062,167.7100067138672,170.5,147.70977783203125,685500
2021-11-16,170.5,170.5,166.77000427246094,168.42999267578125,145.91648864746094,300400
2021-11-17,167.0399932861328,168.49000549316406,166.27000427246094,167.8000030517578,145.37066650390625,271100
2021-11-18,168.00999450683594,168.00999450683594,164.3000030517578,164.85000610351562,142.81500244140625,232100
2021-11-19,163.50999450683594,165.02999877929688,162.3300018310547,163.4199981689453,141.5761260986328,322500
2021-11-22,164.74000549316406,166.50999450683594,162.72000122070312,164.5399932861328,142.54641723632812,298500
2021-11-23,165.0500030517578,165.8300018310547,162.3699951171875,162.5500030517578,140.82241821289062,302500
2021-11-24,161.24000549316406,162.50999450683594,160.19000244140625,160.3699951171875,138.93380737304688,213500
2021-11-26,156.69000244140625,156.9600067138672,154.36000061035156,155.92999267578125,135.08729553222656,184500
2021-11-29,157.88999938964844,157.88999938964844,153.63999938964844,155.6999969482422,134.88804626464844,278200
2021-11-30,153.77999877929688,153.94000244140625,146.74000549316406,149.5,129.5167999267578,608500
2021-12-01,152.33999633789062,154.4499969482422,146.00999450683594,146.00999450683594,126.49330139160156,379000
2021-12-02,146.5500030517578,156.14999389648438,145.17999267578125,154.3800048828125,133.74453735351562,716500
2021-12-03,155.0399932861328,156.92999267578125,152.0500030517578,153.9600067138672,133.38064575195312,285400
2021-12-06,154.17999267578125,157.10000610351562,152.00999450683594,152.4199981689453,132.04647827148438,477800
2021-12-07,153.89999389648438,156.8800048828125,153.89999389648438,155.00999450683594,134.29026794433594,328500
2021-12-08,156.07000732421875,157.3800048828125,153.97999572753906,154.97999572753906,134.26429748535156,236100
2021-12-09,155.8300018310547,155.99000549316406,153.6300048828125,154.0,133.4153289794922,261300
2021-12-10,154.16000366210938,155.0800018310547,152.47000122070312,153.97000122070312,133.3892822265625,159000
2021-12-13,152.7100067138672,153.77000427246094,147.94000244140625,150.39999389648438,130.2964630126953,320400
2021-12-14,149.16000366210938,150.99000549316406,146.00999450683594,146.47000122070312,126.89180755615234,294100
2021-12-15,145.85000610351562,146.63999938964844,140.8300018310547,145.3000030517578,125.87824249267578,484200
2021-12-16,146.8300018310547,148.38999938964844,143.5500030517578,145.19000244140625,125.78289794921875,322600
2021-12-17,145.11000061035156,147.72999572753906,142.94000244140625,146.82000732421875,127.19501495361328,440200
2021-12-20,144.13999938964844,144.5500030517578,139.69000244140625,143.47999572753906,124.30146789550781,314700
2021-12-21,144.74000549316406,148.25,144.16000366210938,147.92999267578125,128.15663146972656,331500
2021-12-22,148.0,149.55999755859375,146.86000061035156,148.69000244140625,128.8150177001953,395900
2021-12-23,149.0,153.1300048828125,148.74000549316406,152.77999877929688,132.3583526611328,438100
2021-12-27,151.9199981689453,153.8800048828125,150.30999755859375,152.99000549316406,132.540283203125,356100
2021-12-28,152.77000427246094,156.00999450683594,152.25999450683594,152.58999633789062,132.19375610351562,421000
2021-12-29,152.57000732421875,152.9600067138672,147.77000427246094,148.00999450683594,128.22593688964844,360500
2021-12-30,148.74000549316406,153.47999572753906,148.74000549316406,152.0,131.6826171875,394400
2021-12-31,152.0,153.72000122070312,149.49000549316406,150.97999572753906,130.79893493652344,283700
2022-01-03,151.44000244140625,156.35000610351562,151.44000244140625,153.41000366210938,132.90414428710938,268400
2022-01-04,154.8699951171875,156.3800048828125,151.64999389648438,151.97000122070312,131.6566162109375,338900
2022-01-05,152.6300048828125,154.63999938964844,148.88999938964844,149.13999938964844,129.20489501953125,343000
2022-01-06,150.4499969482422,152.24000549316406,148.10000610351562,150.8000030517578,130.64303588867188,337000
2022-01-07,150.85000610351562,155.8699951171875,150.85000610351562,155.3300018310547,134.56748962402344,281100
2022-01-10,155.6199951171875,156.22999572753906,152.1999969482422,154.27000427246094,133.64918518066406,309700
2022-01-11,154.0399932861328,155.14999389648438,152.60000610351562,154.74000549316406,134.05638122558594,259700
2022-01-12,155.52999877929688,164.63999938964844,155.52999877929688,164.1999969482422,142.25189208984375,495300
2022-01-13,164.19000244140625,171.61000061035156,163.69000244140625,169.92999267578125,147.21597290039062,1332300
2022-01-14,168.88999938964844,170.77000427246094,168.07000732421875,170.0,147.276611328125,1248700
2022-01-18,169.0,169.9499969482422,162.66000366210938,165.19000244140625,143.1095733642578,425100
2022-01-19,166.38999938964844,168.42999267578125,161.19000244140625,163.33999633789062,141.50685119628906,321100
2022-01-20,162.8300018310547,164.6699981689453,155.5,155.8000030517578,134.97470092773438,425200
2022-01-21,154.8000030517578,159.42999267578125,152.57000732421875,158.4199981689453,137.24449157714844,513300
2022-01-24,156.3800048828125,159.92999267578125,153.05999755859375,159.52999877929688,138.2061004638672,484200
2022-01-25,157.42999267578125,160.3699951171875,153.6199951171875,159.4199981689453,138.1107940673828,372600
2022-01-26,160.8699951171875,163.52999877929688,156.32000732421875,158.39999389648438,137.22714233398438,353300
2022-01-27,159.8300018310547,162.0399932861328,153.89999389648438,154.6699981689453,133.99574279785156,448600
2022-01-28,155.5500030517578,162.7899932861328,153.58999633789062,162.4199981689453,140.70980834960938,297900
2022-01-31,161.9499969482422,166.4600067138672,161.6999969482422,165.3800048828125,143.274169921875,412300
2022-02-01,165.3800048828125,170.0,164.88999938964844,169.25999450683594,146.635498046875,507300
2022-02-02,168.55999755859375,174.86000061035156,167.25,172.61000061035156,149.5377655029297,409100
2022-02-03,170.27000427246094,172.17999267578125,169.27999877929688,169.86000061035156,147.1553192138672,368500
2022-02-04,169.27000427246094,171.4499969482422,166.16000366210938,169.27000427246094,146.6442108154297,348400
2022-02-07,173.0500030517578,174.4600067138672,169.1999969482422,172.33999633789062,149.30381774902344,363800
2022-02-08,173.10000610351562,176.33999633789062,171.91000366210938,175.49000549316406,152.0327911376953,268900
2022-02-09,176.86000061035156,181.5800018310547,176.72999572753906,180.8000030517578,156.63304138183594,472800
2022-02-10,179.0,185.5500030517578,178.02000427246094,181.16000366210938,157.73004150390625,293600
2022-02-11,180.22000122070312,183.85000610351562,178.5800018310547,178.89999389648438,155.7623291015625,265800
2022-02-14,179.3800048828125,181.47000122070312,175.60000610351562,176.8000030517578,153.93392944335938,340300
2022-02-15,178.11000061035156,183.05999755859375,178.11000061035156,182.3699951171875,158.7835693359375,293900
2022-02-16,180.6199951171875,183.0800018310547,178.33999633789062,181.4600067138672,157.9912567138672,359600
2022-02-17,179.2899932861328,181.27999877929688,178.32000732421875,179.0500030517578,155.8929443359375,257500
2022-02-18,178.6999969482422,182.0,174.16000366210938,175.1699981689453,152.5147705078125,497700
2022-02-22,174.10000610351562,179.50999450683594,172.5399932861328,176.6999969482422,153.8468780517578,431700
2022-02-23,180.80999755859375,180.80999755859375,169.2100067138672,169.52000427246094,147.59548950195312,560600
2022-02-24,166.27000427246094,172.27000427246094,165.35000610351562,171.08999633789062,148.96243286132812,336700
2022-02-25,171.5,178.6699981689453,170.67999267578125,178.5399932861328,155.44888305664062,274300
2022-02-28,175.8000030517578,186.02000427246094,174.92999267578125,185.0500030517578,161.116943359375,498300
2022-03-01,185.61000061035156,188.89999389648438,182.89999389648438,183.92999267578125,160.14178466796875,500400
2022-03-02,184.94000244140625,190.92999267578125,184.61000061035156,189.67999267578125,165.1481170654297,389900
2022-03-03,188.35000610351562,190.94000244140625,184.7100067138672,186.00999450683594,161.95277404785156,312000
2022-03-04,184.0,185.5,180.57000732421875,183.19000244140625,159.49752807617188,510600
2022-03-07,182.6699981689453,184.30999755859375,177.5,178.97000122070312,155.8232879638672,403900
2022-03-08,179.1300048828125,187.8300018310547,178.86000061035156,184.72999572753906,160.8383026123047,396600
2022-03-09,186.50999450683594,189.41000366210938,183.91000366210938,184.0500030517578,160.24627685546875,532200
2022-03-10,182.30999755859375,185.42999267578125,178.0,180.72999572753906,157.35568237304688,709700
2022-03-11,181.22000122070312,184.3000030517578,176.5,177.42999267578125,154.48245239257812,673300
2022-03-14,178.5,181.4600067138672,175.0800018310547,175.94000244140625,153.18515014648438,422100
2022-03-15,176.17999267578125,180.39999389648438,176.17999267578125,179.75,156.50241088867188,466500
2022-03-16,180.4600067138672,188.44000244140625,179.5800018310547,187.72000122070312,163.44161987304688,498500
2022-03-17,186.32000732421875,189.6199951171875,184.9600067138672,188.6199951171875,164.22523498535156,304000
2022-03-18,185.4199981689453,189.88999938964844,184.57000732421875,188.86000061035156,164.43418884277344,687100
2022-03-21,190.0,191.0,185.57000732421875,187.05999755859375,162.86700439453125,357800
2022-03-22,187.6300048828125,189.8800048828125,186.8800048828125,187.52999877929688,163.2761993408203,248500
2022-03-23,186.57000732421875,190.58999633789062,185.05999755859375,185.3699951171875,161.3955841064453,251000
2022-03-24,184.64999389648438,190.22999572753906,183.9600067138672,189.50999450683594,165.00009155273438,155300
2022-03-25,189.83999633789062,192.83999633789062,187.9600067138672,189.8000030517578,165.25262451171875,246500
2022-03-28,189.97000122070312,190.9600067138672,184.94000244140625,187.02000427246094,162.83218383789062,204900
2022-03-29,188.0,189.0,185.02000427246094,187.02999877929688,162.8408966064453,389600
2022-03-30,187.52999877929688,190.05999755859375,186.92999267578125,188.50999450683594,164.1294403076172,409400
2022-03-31,188.42999267578125,191.16000366210938,187.64999389648438,188.47999572753906,164.1033477783203,225300
2022-04-01,190.47000122070312,191.0800018310547,185.27000427246094,187.02000427246094,162.83218383789062,261500
2022-04-04,186.88999938964844,186.88999938964844,182.2899932861328,186.27000427246094,162.17916870117188,541400
2022-04-05,186.25999450683594,188.3300018310547,183.25,184.5,160.63807678222656,379700
2022-04-06,183.14999389648438,184.5,179.9600067138672,180.86000061035156,157.46884155273438,458200
2022-04-07,180.52999877929688,181.42999267578125,173.1999969482422,174.7899932861328,152.1838836669922,519000
2022-04-08,175.4199981689453,176.27999877929688,172.42999267578125,173.0,150.6254119873047,426500
2022-04-11,171.67999267578125,175.3000030517578,170.64999389648438,171.58999633789062,149.39779663085938,360800
2022-04-12,173.52000427246094,175.39999389648438,171.75,172.0,149.75474548339844,398200
2022-04-13,172.0,174.6300048828125,171.72000122070312,172.9199981689453,150.55577087402344,260000
2022-04-14,172.72999572753906,172.99000549316406,169.0,170.02000427246094,148.03079223632812,396400
2022-04-18,170.08999633789062,173.32000732421875,169.64999389648438,170.5800018310547,148.51840209960938,245600
2022-04-19,169.4199981689453,172.9499969482422,168.6199951171875,171.72000122070312,149.51095581054688,432500
2022-04-20,171.4499969482422,172.80999755859375,168.02000427246094,171.8699951171875,149.64154052734375,396800
2022-04-21,173.77000427246094,175.47999572753906,169.30999755859375,170.0399932861328,148.0482177734375,235000
2022-04-22,169.97999572753906,170.85000610351562,166.39999389648438,169.00999450683594,147.15145874023438,367900
2022-04-25,167.30999755859375,168.97999572753906,163.47000122070312,166.11000061035156,144.62649536132812,273500
2022-04-26,164.52000427246094,165.60000610351562,162.33999633789062,162.33999633789062,141.34408569335938,201000
2022-04-27,161.85000610351562,163.77999877929688,159.55999755859375,161.3300018310547,140.46478271484375,297800
2022-04-28,163.1999969482422,163.6300048828125,159.50999450683594,162.17999267578125,141.20481872558594,215300
2022-04-29,161.02000427246094,162.42999267578125,157.7899932861328,158.4199981689453,137.9310760498047,206700
2022-05-02,158.1999969482422,163.35000610351562,158.1999969482422,162.8699951171875,141.80555725097656,350900
2022-05-03,162.0399932861328,164.13999938964844,160.0399932861328,162.1699981689453,141.1960906982422,287300
2022-05-04,162.0800018310547,166.58999633789062,160.92999267578125,166.3800048828125,144.86163330078125,183400
2022-05-05,165.85000610351562,167.47000122070312,161.77999877929688,163.25999450683594,142.14511108398438,215800
2022-05-06,163.05999755859375,163.05999755859375,156.25,158.41000366210938,137.92239379882812,280900
2022-05-09,156.25,159.19000244140625,151.00999450683594,152.39999389648438,132.6896514892578,461400
2022-05-10,163.99000549316406,163.99000549316406,156.49000549316406,160.14999389648438,139.4373321533203,502900
2022-05-11,161.4199981689453,169.75999450683594,160.00999450683594,161.82000732421875,140.89132690429688,408900
2022-05-12,161.8300018310547,167.6999969482422,160.11000061035156,167.41000366210938,146.5735626220703,513400
2022-05-13,167.66000366210938,172.8000030517578,167.10000610351562,172.1199951171875,150.69737243652344,384300
2022-05-16,171.72000122070312,173.32000732421875,169.50999450683594,171.75,150.37339782714844,244300
2022-05-17,174.14999389648438,179.57000732421875,173.08999633789062,178.47999572753906,156.2657470703125,355200
2022-05-18,176.39999389648438,179.4600067138672,171.00999450683594,172.86000061035156,151.3452606201172,393000
2022-05-19,172.41000366210938,177.10000610351562,171.63999938964844,174.77999877929688,153.0262908935547,284100
2022-05-20,175.9199981689453,177.72999572753906,172.88999938964844,174.0,152.34339904785156,462600
2022-05-23,176.07000732421875,177.27999877929688,173.67999267578125,175.36000061035156,153.53408813476562,283100
2022-05-24,173.49000549316406,173.49000549316406,159.8699951171875,160.42999267578125,140.4623260498047,853700
2022-05-25,160.75,167.89999389648438,160.75,165.86000061035156,145.21649169921875,643100
2022-05-26,166.75,171.5,166.75,171.2100067138672,149.900634765625,418800
2022-05-27,172.11000061035156,176.6999969482422,171.89999389648438,176.6999969482422,154.70729064941406,230100
2022-05-31,176.0,177.00999450683594,174.4499969482422,175.22000122070312,153.4115447998047,277000
2022-06-01,175.5,177.3000030517578,173.27999877929688,175.41000366210938,153.577880859375,273000
2022-06-02,174.57000732421875,176.39999389648438,173.02000427246094,176.0800018310547,154.1644744873047,447300
2022-06-03,175.88999938964844,177.0,174.57000732421875,175.80999755859375,153.92808532714844,340100
2022-06-06,176.27999877929688,176.77000427246094,173.82000732421875,175.0,153.21890258789062,277200
2022-06-07,173.38999938964844,176.8800048828125,171.69000244140625,176.49000549316406,154.52342224121094,200200
2022-06-08,175.1300048828125,177.07000732421875,172.2899932861328,172.66000366210938,151.170166015625,166400
2022-06-09,172.9600067138672,173.89999389648438,170.88999938964844,171.57000732421875,150.21583557128906,156100
2022-06-10,168.9600067138672,170.11000061035156,166.17999267578125,167.27999877929688,146.45977783203125,247700
2022-06-13,163.27000427246094,163.4600067138672,158.1300048828125,160.25,140.30474853515625,312800
2022-06-14,161.61000061035156,165.92999267578125,159.0,165.19000244140625,144.6298828125,314900
2022-06-15,165.19000244140625,168.97000122070312,165.0,166.7899932861328,146.03077697753906,276800
2022-06-16,163.0399932861328,163.0399932861328,157.9600067138672,159.6999969482422,139.8231964111328,386300
2022-06-17,161.0800018310547,162.97999572753906,158.83999633789062,160.35000610351562,140.39231872558594,399400
2022-06-21,162.0,163.97000122070312,160.0,160.10000610351562,140.17340087890625,417600
2022-06-22,158.05999755859375,161.67999267578125,157.05999755859375,159.85000610351562,139.95452880859375,335600
2022-06-23,159.85000610351562,161.94000244140625,158.94000244140625,160.42999267578125,140.4623260498047,351100
2022-06-24,161.99000549316406,166.41000366210938,161.99000549316406,164.35000610351562,143.89443969726562,420200
2022-06-27,165.4600067138672,167.86000061035156,163.9600067138672,166.97999572753906,146.19711303710938,279900
2022-06-28,168.19000244140625,170.97999572753906,166.25,166.32000732421875,145.61924743652344,392800
2022-06-29,166.6199951171875,167.08999633789062,162.02000427246094,164.33999633789062,143.88568115234375,245600
2022-06-30,163.22000122070312,166.72999572753906,161.38999938964844,162.8800048828125,142.6073760986328,390500
2022-07-01,161.58999633789062,169.74000549316406,161.58999633789062,168.52999877929688,147.55418395996094,375500
2022-07-05,165.36000061035156,165.36000061035156,160.6999969482422,164.5800018310547,144.09580993652344,394000
2022-07-06,165.0,165.75999450683594,159.99000549316406,163.27000427246094,142.94886779785156,282000
2022-07-07,164.9499969482422,168.9600067138672,164.9499969482422,167.72999572753906,146.85374450683594,400000
2022-07-08,167.91000366210938,169.05999755859375,165.35000610351562,166.97999572753906,146.19711303710938,246800
2022-07-11,166.6199951171875,168.5500030517578,164.80999755859375,166.00999450683594,145.34780883789062,245900
2022-07-12,165.05999755859375,170.24000549316406,165.05999755859375,167.91000366210938,147.01133728027344,260500
2022-07-13,167.1999969482422,168.8800048828125,164.7100067138672,167.4600067138672,146.6173553466797,289100
2022-07-14,164.91000366210938,166.25999450683594,163.47999572753906,163.8699951171875,143.4741668701172,277500
2022-07-15,165.89999389648438,170.1699981689453,165.89999389648438,169.91000366210938,148.76242065429688,248300
2022-07-18,170.3000030517578,172.25999450683594,169.99000549316406,170.42999267578125,149.2176971435547,260600
2022-07-19,172.16000366210938,178.60000610351562,172.16000366210938,175.77999877929688,153.90184020996094,368200
2022-07-20,176.8699951171875,181.3000030517578,174.82000732421875,180.49000549316406,158.0255889892578,307400
2022-07-21,180.0800018310547,182.89999389648438,179.35000610351562,182.88999938964844,160.12689208984375,237900
2022-07-22,183.02000427246094,184.8300018310547,181.08999633789062,182.66000366210938,159.92550659179688,222900
2022-07-25,183.16000366210938,185.14999389648438,182.55999755859375,184.27000427246094,161.3351287841797,196000
2022-07-26,182.74000549316406,184.38999938964844,181.85000610351562,182.1300048828125,159.4614715576172,139500
2022-07-27,181.82000732421875,186.2100067138672,181.50999450683594,185.25999450683594,162.201904296875,199800
2022-07-28,186.6300048828125,193.92999267578125,185.2899932861328,192.77999877929688,168.7859649658203,329700
2022-07-29,192.8000030517578,193.0500030517578,187.5,188.3699951171875,164.92481994628906,391700
2022-08-01,188.3699951171875,189.49000549316406,185.52000427246094,188.5500030517578,165.08242797851562,270600
2022-08-02,188.5,188.75,186.1999969482422,187.47999572753906,164.14556884765625,193700
2022-08-03,188.3800048828125,191.82000732421875,188.0,190.44000244140625,166.73719787597656,422200
2022-08-04,192.0,197.22000122070312,189.5399932861328,195.22999572753906,170.9309844970703,362200
2022-08-05,192.99000549316406,195.05999755859375,191.6199951171875,194.02999877929688,169.88038635253906,347300
2022-08-08,194.67999267578125,196.47000122070312,194.00999450683594,195.83999633789062,171.46510314941406,263900
2022-08-09,195.2100067138672,196.97999572753906,193.50999450683594,196.25,171.82406616210938,271200
2022-08-10,196.25,199.97999572753906,196.22000122070312,198.0,174.1549072265625,211300
2022-08-11,199.22999572753906,204.6199951171875,198.0399932861328,201.99000549316406,177.66444396972656,419100
2022-08-12,201.99000549316406,203.1999969482422,201.16000366210938,201.80999755859375,177.50607299804688,311100
2022-08-15,201.0,201.0,196.30999755859375,199.25999450683594,175.26316833496094,504100
2022-08-16,200.0,203.74000549316406,199.07000732421875,202.16000366210938,177.8139190673828,306800
2022-08-17,200.25,201.9199981689453,199.0,200.3800048828125,176.24830627441406,286000
2022-08-18,201.1999969482422,201.42999267578125,198.88999938964844,200.33999633789062,176.21310424804688,206300
2022-08-19,198.0500030517578,199.85000610351562,197.22000122070312,197.97999572753906,174.13731384277344,212300
2022-08-22,196.47000122070312,197.25999450683594,193.75,194.07000732421875,170.69822692871094,228600
2022-08-23,193.94000244140625,194.8800048828125,193.36000061035156,193.5800018310547,170.2672119140625,257100
2022-08-24,192.3000030517578,194.0,191.00999450683594,192.42999267578125,169.25570678710938,208000
2022-08-25,193.72999572753906,196.16000366210938,193.16000366210938,194.91000366210938,171.4370574951172,179100
2022-08-26,194.83999633789062,194.92999267578125,191.7899932861328,191.85000610351562,168.74557495117188,196400
2022-08-29,190.10000610351562,195.0,188.1300048828125,193.22999572753906,169.95936584472656,335400
2022-08-30,193.8800048828125,194.39999389648438,189.1300048828125,190.3300018310547,167.40858459472656,265300
2022-08-31,190.1199951171875,192.9600067138672,189.27000427246094,191.32000732421875,168.2793731689453,230800
2022-09-01,190.9499969482422,191.33999633789062,188.10000610351562,190.86000061035156,167.87477111816406,223400
2022-09-02,192.83999633789062,194.39999389648438,190.33999633789062,191.30999755859375,168.27059936523438,192400
2022-09-06,194.24000549316406,194.8000030517578,186.61000061035156,188.3699951171875,165.6846466064453,266600
2022-09-07,188.72000122070312,189.5500030517578,187.11000061035156,188.13999938964844,165.48233032226562,194400
2022-09-08,187.72000122070312,191.00999450683594,187.24000549316406,190.1699981689453,167.26788330078125,253900
2022-09-09,191.08999633789062,196.75999450683594,191.0800018310547,195.3699951171875,171.84164428710938,258500
2022-09-12,196.66000366210938,200.1300048828125,196.58999633789062,198.4600067138672,174.55950927734375,288400
2022-09-13,195.35000610351562,197.52000427246094,192.69000244140625,193.1999969482422,169.9329833984375,266400
2022-09-14,194.32000732421875,194.57000732421875,187.27999877929688,191.22000122070312,168.19143676757812,284800
2022-09-15,190.4499969482422,194.1300048828125,190.4499969482422,192.52000427246094,169.33486938476562,233200
2022-09-16,189.55999755859375,191.36000061035156,187.72999572753906,190.86000061035156,167.87477111816406,703000
2022-09-19,189.66000366210938,192.22999572753906,188.6300048828125,191.9600067138672,168.84231567382812,223900
2022-09-20,191.7100067138672,192.89999389648438,189.94000244140625,191.2899932861328,168.25299072265625,291800
2022-09-21,191.0,193.24000549316406,187.86000061035156,187.86000061035156,165.236083984375,218000
2022-09-22,187.7100067138672,188.8800048828125,179.02999877929688,179.50999450683594,157.89166259765625,426300
2022-09-23,177.2100067138672,177.44000244140625,171.8300018310547,175.8800048828125,154.69883728027344,276900
2022-09-26,174.63999938964844,175.80999755859375,169.94000244140625,170.0399932861328,149.56211853027344,358700
2022-09-27,172.16000366210938,172.86000061035156,167.33999633789062,168.47999572753906,148.1899871826172,220300
2022-09-28,169.13999938964844,171.97000122070312,168.38999938964844,170.44000244140625,149.9139404296875,259300
2022-09-29,169.2899932861328,169.2899932861328,164.36000061035156,166.72999572753906,146.65074157714844,181800
2022-09-30,166.47999572753906,169.3800048828125,165.89999389648438,166.85000610351562,146.75628662109375,324400
2022-10-03,167.8300018310547,173.25,166.6699981689453,172.74000549316406,151.93695068359375,454800
2022-10-04,174.0800018310547,178.75999450683594,173.88999938964844,178.67999267578125,157.16160583496094,373300
2022-10-05,176.97000122070312,180.08999633789062,175.6199951171875,178.3800048828125,156.8977508544922,297000
2022-10-06,178.32000732421875,179.69000244140625,175.89999389648438,176.1999969482422,154.9803009033203,294700
2022-10-07,174.35000610351562,175.3300018310547,171.75,173.38999938964844,152.50869750976562,406000
2022-10-10,174.05999755859375,175.5,172.17999267578125,172.3300018310547,151.57635498046875,373200
2022-10-11,171.00999450683594,174.67999267578125,169.50999450683594,171.08999633789062,150.48568725585938,339600
2022-10-12,170.72999572753906,171.80999755859375,168.7899932861328,168.83999633789062,148.5066375732422,338300
2022-10-13,168.19000244140625,176.0,166.02000427246094,175.39999389648438,154.27659606933594,419500
2022-10-14,176.7899932861328,178.1999969482422,171.83999633789062,172.1999969482422,151.4619903564453,308100
2022-10-17,174.4600067138672,177.88999938964844,173.97999572753906,177.4199981689453,156.05335998535156,375700
2022-10-18,180.69000244140625,185.2899932861328,179.1300048828125,184.94000244140625,162.667724609375,495800
2022-10-19,184.97000122070312,187.75999450683594,180.72000122070312,182.9600067138672,160.92617797851562,325300
2022-10-20,182.41000366210938,185.02999877929688,180.57000732421875,181.83999633789062,159.9410400390625,315700
2022-10-21,183.1199951171875,184.74000549316406,181.6300048828125,184.17999267578125,161.9992218017578,212400
2022-10-24,185.05999755859375,186.44000244140625,183.2899932861328,185.9499969482422,163.55609130859375,281000
2022-10-25,186.3000030517578,191.5500030517578,186.3000030517578,191.17999267578125,168.15626525878906,408800
2022-10-26,191.1699981689453,192.86000061035156,184.74000549316406,185.52000427246094,163.1778564453125,481900
2022-10-27,186.19000244140625,187.0500030517578,178.44000244140625,178.5,157.00328063964844,556400
2022-10-28,179.05999755859375,182.2899932861328,177.52000427246094,180.97999572753906,159.1846160888672,598400
2022-10-31,180.42999267578125,180.9199981689453,168.91000366210938,171.3000030517578,150.67041015625,956600
2022-11-01,174.52000427246094,179.38999938964844,173.47000122070312,176.36000061035156,155.1210174560547,427700
2022-11-02,174.2100067138672,175.0,169.38999938964844,170.80999755859375,150.23941040039062,563400
2022-11-03,168.5399932861328,168.77999877929688,163.10000610351562,164.41000366210938,144.6101531982422,576200
2022-11-04,166.86000061035156,166.86000061035156,152.2899932861328,155.5,136.77317810058594,1094100
2022-11-07,157.3699951171875,158.60000610351562,152.57000732421875,155.0,136.33340454101562,885500
2022-11-08,160.0,168.5800018310547,158.3000030517578,167.4499969482422,147.28404235839844,862800
2022-11-09,163.5,163.85000610351562,157.13999938964844,158.94000244140625,139.7989044189453,579400
2022-11-10,163.64999389648438,164.36000061035156,161.32000732421875,162.69000244140625,143.9121856689453,313900
2022-11-11,162.83999633789062,169.3300018310547,162.55999755859375,168.22999572753906,148.81275939941406,614300
2022-11-14,168.47000122070312,171.52999877929688,167.30999755859375,168.24000549316406,148.8216094970703,461600
2022-11-15,171.55999755859375,174.08999633789062,169.8300018310547,170.5800018310547,150.89149475097656,447200
2022-11-16,169.92999267578125,171.39999389648438,167.22999572753906,169.07000732421875,149.55581665039062,549900
2022-11-17,166.86000061035156,172.75999450683594,166.86000061035156,170.47999572753906,150.8030548095703,398700
2022-11-18,172.97000122070312,173.33999633789062,169.6999969482422,170.9499969482422,151.21881103515625,267200
2022-11-21,171.63999938964844,172.6199951171875,169.42999267578125,169.52000427246094,149.953857421875,353600
2022-11-22,169.7100067138672,173.38999938964844,169.52999877929688,173.0399932861328,153.06756591796875,299100
2022-11-23,172.77999877929688,175.1999969482422,172.77999877929688,174.13999938964844,154.04063415527344,181500
2022-11-25,173.0800018310547,176.75,173.0800018310547,175.14999389648438,154.93405151367188,112500
2022-11-28,173.22999572753906,175.19000244140625,173.1699981689453,174.6300048828125,154.47406005859375,363100
2022-11-29,185.32000732421875,188.92999267578125,185.05999755859375,187.61000061035156,165.95590209960938,2253600
2022-11-30,186.24000549316406,191.4199981689453,183.50999450683594,189.55999755859375,167.68084716796875,7328100
2022-12-01,189.0,189.0,182.22000122070312,184.1999969482422,162.93951416015625,887600
2022-12-02,182.8300018310547,184.5,182.0500030517578,183.27999877929688,162.1256561279297,383100
2022-12-05,181.63999938964844,182.9499969482422,179.89999389648438,181.3800048828125,160.44496154785156,495900
2022-12-06,181.10000610351562,185.1300048828125,178.24000549316406,179.72000122070312,158.9765625,571800
2022-12-07,178.3699951171875,182.3000030517578,177.72000122070312,181.8800048828125,160.88726806640625,416800
2022-12-08,181.4199981689453,184.27999877929688,180.77999877929688,181.91000366210938,160.91380310058594,407000
2022-12-09,180.32000732421875,184.35000610351562,180.32000732421875,181.97000122070312,160.9668731689453,360700
2022-12-12,181.97000122070312,184.5,180.33999633789062,184.3000030517578,163.02792358398438,339200
2022-12-13,189.5800018310547,190.7100067138672,179.6300048828125,180.16000366210938,159.36581420898438,456600
2022-12-14,178.6699981689453,182.6999969482422,178.0500030517578,181.5399932861328,160.58651733398438,414700
2022-12-15,179.0,179.5500030517578,174.27000427246094,174.58999633789062,154.43865966796875,322400
2022-12-16,173.2899932861328,178.22000122070312,172.85000610351562,177.77999877929688,157.260498046875,1141100
2022-12-19,176.61000061035156,176.8800048828125,167.6199951171875,169.99000549316406,150.36965942382812,394800
2022-12-20,169.92999267578125,173.14999389648438,168.6199951171875,172.10000610351562,152.23606872558594,379300
2022-12-21,172.74000549316406,176.0500030517578,171.67999267578125,175.8699951171875,155.57093811035156,395300
2022-12-22,173.63999938964844,174.36000061035156,171.61000061035156,173.6699981689453,153.62484741210938,354800
2022-12-23,173.69000244140625,176.47999572753906,173.69000244140625,175.9600067138672,155.65057373046875,214100
2022-12-27,175.9600067138672,176.85000610351562,174.05999755859375,176.75,156.34939575195312,257100
2022-12-28,177.00999450683594,177.9499969482422,173.32000732421875,173.3300018310547,153.32411193847656,194300
2022-12-29,174.0,177.99000549316406,172.55999755859375,176.5399932861328,156.16360473632812,159000
2022-12-30,175.2100067138672,175.24000549316406,171.9600067138672,175.02999877929688,154.82789611816406,194200
2023-01-03,176.22000122070312,177.85000610351562,174.17999267578125,174.24000549316406,154.1291046142578,269000
2023-01-04,175.24000549316406,179.24000549316406,174.5399932861328,179.02000427246094,158.35739135742188,264200
2023-01-05,178.6199951171875,180.67999267578125,176.42999267578125,179.75999450683594,159.011962890625,177000
2023-01-06,182.0399932861328,184.82000732421875,179.66000366210938,183.99000549316406,162.7537384033203,191000
2023-01-09,183.7100067138672,184.86000061035156,182.0500030517578,182.77999877929688,161.6833953857422,209000
2023-01-10,182.5,184.9600067138672,182.07000732421875,183.97000122070312,162.73605346679688,212700
2023-01-11,185.0,186.27999877929688,183.30999755859375,185.1699981689453,163.79751586914062,249400
2023-01-12,185.22000122070312,185.60000610351562,182.0500030517578,183.1199951171875,161.98414611816406,225200
2023-01-13,182.14999389648438,185.02999877929688,181.1999969482422,184.08999633789062,162.84219360351562,137000
2023-01-17,184.75,186.02999877929688,182.49000549316406,183.42999267578125,162.25836181640625,187000
2023-01-18,183.38999938964844,185.47999572753906,181.74000549316406,183.57000732421875,162.38221740722656,236000
2023-01-19,181.49000549316406,183.3800048828125,180.4199981689453,182.25999450683594,161.223388671875,172600
2023-01-20,182.38999938964844,186.00999450683594,181.5800018310547,185.91000366210938,164.45211791992188,203000
2023-01-23,185.50999450683594,187.5500030517578,184.6300048828125,187.39999389648438,165.77012634277344,251500
2023-01-24,187.44000244140625,188.91000366210938,185.9199981689453,186.77000427246094,165.21287536621094,228400
2023-01-25,186.7899932861328,195.27000427246094,186.52999877929688,191.9600067138672,169.80381774902344,413700
2023-01-26,192.8300018310547,196.27000427246094,192.8300018310547,196.24000549316406,173.58982849121094,261900
2023-01-27,199.83999633789062,204.75999450683594,197.6699981689453,204.35000610351562,180.76377868652344,438200
2023-01-30,203.0500030517578,203.80999755859375,197.00999450683594,201.47999572753906,178.2250213623047,399100
2023-01-31,201.69000244140625,204.88999938964844,198.42999267578125,204.77000427246094,181.1352996826172,475200
2023-02-01,203.74000549316406,211.44000244140625,202.52999877929688,210.8699951171875,186.5312042236328,329200
2023-02-02,211.9199981689453,217.75999450683594,210.3300018310547,212.75,188.1942138671875,395100
2023-02-03,211.08999633789062,214.49000549316406,208.02000427246094,209.3800048828125,185.2132110595703,458400
2023-02-06,208.39999389648438,210.36000061035156,206.72999572753906,207.61000061035156,183.6475067138672,246400
2023-02-07,206.6199951171875,207.7899932861328,195.4499969482422,202.00999450683594,178.69383239746094,514400
2023-02-08,202.00999450683594,204.0800018310547,200.3699951171875,201.11000061035156,177.89772033691406,300200
2023-02-09,202.3300018310547,202.3300018310547,196.2100067138672,197.99000549316406,176.32144165039062,251900
2023-02-10,196.00999450683594,197.50999450683594,194.38999938964844,195.75,174.3266143798828,247300
2023-02-13,196.0,198.14999389648438,194.0,197.44000244140625,175.83164978027344,257100
2023-02-14,196.47000122070312,198.44000244140625,195.02000427246094,197.8800048828125,176.22348022460938,191700
2023-02-15,198.13999938964844,202.25999450683594,197.14999389648438,202.1699981689453,180.04396057128906,261700
2023-02-16,198.32000732421875,201.33999633789062,198.00999450683594,199.52999877929688,177.69287109375,177300
2023-02-17,199.77999877929688,200.8300018310547,196.9499969482422,200.16000366210938,178.25393676757812,337400
2023-02-21,198.22999572753906,198.82000732421875,194.22999572753906,194.77000427246094,173.45384216308594,212100
2023-02-22,194.05999755859375,196.69000244140625,193.32000732421875,195.94000244140625,174.49578857421875,245900
2023-02-23,195.80999755859375,198.1699981689453,194.5500030517578,196.8300018310547,175.28839111328125,151200
2023-02-24,194.1699981689453,195.14999389648438,190.00999450683594,191.36000061035156,170.41705322265625,441000
2023-02-27,191.47000122070312,192.86000061035156,186.3300018310547,192.3000030517578,171.254150390625,867800
2023-02-28,184.74000549316406,189.0,180.02000427246094,185.89999389648438,165.55459594726562,898100
2023-03-01,185.0,186.67999267578125,180.9600067138672,186.22000122070312,165.83958435058594,494200
2023-03-02,184.94000244140625,185.08999633789062,181.08999633789062,183.7899932861328,163.67550659179688,374000
2023-03-03,184.4199981689453,185.19000244140625,181.1300048828125,182.9600067138672,162.93638610839844,462800
2023-03-06,183.44000244140625,185.52999877929688,178.88999938964844,179.38999938964844,159.75706481933594,541600
2023-03-07,179.60000610351562,181.1699981689453,174.3699951171875,174.52000427246094,155.42005920410156,545300
2023-03-08,174.58999633789062,175.85000610351562,170.44000244140625,171.8000030517578,152.99774169921875,644600
2023-03-09,171.27000427246094,172.10000610351562,162.02000427246094,162.50999450683594,144.72442626953125,652500
2023-03-10,161.89999389648438,168.1199951171875,158.58999633789062,165.6999969482422,147.56533813476562,904000
2023-03-13,165.1999969482422,171.0800018310547,164.1999969482422,166.25,148.0551300048828,787200
2023-03-14,169.2100067138672,173.22000122070312,164.1199951171875,165.52999877929688,147.41392517089844,543700
2023-03-15,162.11000061035156,164.49000549316406,159.02000427246094,160.4499969482422,142.88990783691406,429200
2023-03-16,158.47999572753906,166.55999755859375,158.27999877929688,164.0800018310547,146.12265014648438,443300
2023-03-17,162.86000061035156,164.80999755859375,158.07000732421875,159.1999969482422,141.77671813964844,644100
2023-03-20,160.08999633789062,163.5399932861328,159.25,160.7899932861328,143.19271850585938,330200
2023-03-21,163.4499969482422,164.9600067138672,160.2100067138672,163.25,145.38345336914062,270600
2023-03-22,164.4600067138672,165.30999755859375,161.22000122070312,161.4600067138672,143.7893829345703,308800
2023-03-23,162.77999877929688,164.14999389648438,159.08999633789062,160.72999572753906,143.13926696777344,373400
2023-03-24,159.58999633789062,160.75,157.41000366210938,160.27000427246094,142.72959899902344,381600
2023-03-27,161.77000427246094,169.10000610351562,160.6300048828125,168.2899932861328,149.8718719482422,758700
2023-03-28,166.75,169.3300018310547,165.1699981689453,166.0399932861328,147.8681182861328,443400
2023-03-29,167.57000732421875,171.32000732421875,167.57000732421875,170.49000549316406,151.83111572265625,387800
2023-03-30,172.6999969482422,172.6999969482422,168.52000427246094,170.08999633789062,151.47486877441406,195900
2023-03-31,171.00999450683594,172.8699951171875,170.6999969482422,172.66000366210938,153.7636260986328,198500
2023-04-03,173.0500030517578,174.17999267578125,171.36000061035156,172.82000732421875,153.90611267089844,178100
2023-04-04,173.6300048828125,173.6300048828125,168.19000244140625,170.52999877929688,151.86672973632812,225900
2023-04-05,169.91000366210938,173.1699981689453,169.4199981689453,172.75,153.84375,280700
2023-04-06,171.83999633789062,174.64999389648438,171.83999633789062,172.9600067138672,154.03079223632812,198800
2023-04-10,172.0,177.64999389648438,171.94000244140625,176.1199951171875,156.8449249267578,198000
2023-04-11,176.75,178.2899932861328,175.9600067138672,177.4499969482422,158.02938842773438,237500
2023-04-12,179.72000122070312,179.8699951171875,174.77000427246094,174.97000122070312,155.82080078125,144700
2023-04-13,176.66000366210938,178.61000061035156,176.2899932861328,177.17999267578125,157.7888946533203,149500
2023-04-14,177.22999572753906,179.00999450683594,176.60000610351562,178.52999877929688,158.9912109375,160100
2023-04-17,179.44000244140625,179.58999633789062,176.1300048828125,177.9499969482422,158.4746856689453,229800
2023-04-18,178.50999450683594,179.50999450683594,175.6300048828125,175.8000030517578,156.5599822998047,208400
2023-04-19,175.11000061035156,177.82000732421875,172.47000122070312,176.35000610351562,157.0498046875,287400
2023-04-20,175.1199951171875,177.49000549316406,175.00999450683594,175.63999938964844,156.41749572753906,252600
2023-04-21,175.63999938964844,175.66000366210938,172.19000244140625,172.7100067138672,153.80816650390625,220300
2023-04-24,172.83999633789062,176.0399932861328,172.61000061035156,174.0500030517578,155.00149536132812,203600
2023-04-25,172.30999755859375,173.8699951171875,169.6199951171875,170.44000244140625,151.7865753173828,216600
2023-04-26,170.1999969482422,171.72999572753906,168.6199951171875,169.38999938964844,150.85150146484375,188700
2023-04-27,169.86000061035156,172.83999633789062,168.89999389648438,172.77000427246094,153.86158752441406,171900
2023-04-28,172.6199951171875,175.89999389648438,172.6199951171875,173.4499969482422,154.4671630859375,252600
2023-05-01,174.11000061035156,176.02000427246094,172.39999389648438,173.57000732421875,154.5740203857422,181900
2023-05-02,172.0,172.02999877929688,163.33999633789062,167.52000427246094,149.1861572265625,353300
2023-05-03,168.74000549316406,170.6199951171875,165.0,165.1999969482422,147.12005615234375,254800
2023-05-04,163.47999572753906,163.47999572753906,156.38999938964844,156.58999633789062,139.45236206054688,246300
2023-05-05,158.50999450683594,165.6300048828125,158.02999877929688,164.25999450683594,146.28292846679688,291600
2023-05-08,165.67999267578125,169.38999938964844,165.36000061035156,166.00999450683594,147.84141540527344,353600
2023-05-09,166.02000427246094,171.08999633789062,163.92999267578125,164.1999969482422,146.22952270507812,416400
2023-05-10,164.36000061035156,167.32000732421875,157.60000610351562,160.00999450683594,142.49807739257812,438800
2023-05-11,158.47000122070312,159.30999755859375,155.38999938964844,157.17999267578125,141.1688232421875,421300
2023-05-12,158.08999633789062,160.1300048828125,156.57000732421875,159.7899932861328,143.51296997070312,320800
2023-05-15,160.2100067138672,162.2899932861328,160.1999969482422,161.4499969482422,145.0038604736328,278400
2023-05-16,160.8000030517578,160.8000030517578,157.52999877929688,159.1699981689453,142.95611572265625,320900
2023-05-17,160.50999450683594,164.39999389648438,159.7899932861328,163.27999877929688,146.64749145507812,250300
2023-05-18,163.22000122070312,164.8300018310547,160.3000030517578,163.1199951171875,146.50372314453125,240800
2023-05-19,164.0,164.0,159.16000366210938,160.3000030517578,143.97100830078125,313100
2023-05-22,161.05999755859375,161.99000549316406,160.02999877929688,160.6300048828125,144.26736450195312,197700
2023-05-23,160.00999450683594,161.63999938964844,158.85000610351562,158.89999389648438,142.71360778808594,283000
2023-05-24,158.24000549316406,159.5399932861328,155.11000061035156,155.57000732421875,139.72283935546875,318000
2023-05-25,154.83999633789062,155.86000061035156,150.99000549316406,151.80999755859375,136.34584045410156,368300
2023-05-26,152.27000427246094,153.24000549316406,151.61000061035156,152.52000427246094,136.98353576660156,334300
2023-05-30,152.89999389648438,153.88999938964844,152.00999450683594,152.61000061035156,137.0643310546875,378600
2023-05-31,151.75,152.74000549316406,148.0,150.9199981689453,135.54649353027344,483700
2023-06-01,150.89999389648438,153.63999938964844,149.57000732421875,152.27000427246094,136.7589874267578,300900
2023-06-02,154.00999450683594,158.44000244140625,154.00999450683594,157.6699981689453,141.60888671875,264500
2023-06-05,156.77000427246094,157.97999572753906,155.94000244140625,156.77000427246094,140.80059814453125,272300
2023-06-06,155.8800048828125,161.4199981689453,155.3000030517578,161.25999450683594,144.83322143554688,296300
2023-06-07,162.22999572753906,167.6699981689453,162.10000610351562,166.61000061035156,149.63824462890625,342000
2023-06-08,166.74000549316406,169.08999633789062,164.27000427246094,168.3300018310547,151.1830291748047,301800
2023-06-09,168.49000549316406,169.07000732421875,165.1300048828125,165.50999450683594,148.6502685546875,208800
2023-06-12,165.50999450683594,168.0800018310547,164.75,167.6199951171875,150.54534912109375,223800
2023-06-13,167.58999633789062,170.42999267578125,167.58999633789062,168.3000030517578,151.15606689453125,265900
2023-06-14,168.6999969482422,171.22000122070312,165.22999572753906,166.05999755859375,149.14425659179688,273100
2023-06-15,165.86000061035156,167.19000244140625,164.39999389648438,166.89999389648438,149.89869689941406,286900
2023-06-16,167.00999450683594,168.0,163.97000122070312,165.02999877929688,148.21917724609375,752100
2023-06-20,164.16000366210938,164.16000366210938,160.6300048828125,162.47999572753906,145.92892456054688,348200
2023-06-21,162.0,164.77000427246094,160.97999572753906,162.6300048828125,146.0636444091797,341200
2023-06-22,162.6699981689453,162.6699981689453,159.0,159.85000610351562,143.56687927246094,249300
2023-06-23,158.8300018310547,160.47000122070312,157.64999389648438,158.1699981689453,142.0579833984375,527300
2023-06-26,158.75,165.5500030517578,158.19000244140625,164.49000549316406,147.7342071533203,298500
2023-06-27,164.22000122070312,168.64999389648438,163.27000427246094,167.88999938964844,150.78785705566406,198500
2023-06-28,167.16000366210938,167.16000366210938,162.69000244140625,166.0,149.0903778076172,226900
2023-06-29,165.7899932861328,169.30999755859375,165.4199981689453,169.1699981689453,151.9374542236328,210200
2023-06-30,169.8000030517578,169.89999389648438,166.02000427246094,166.5500030517578,149.58433532714844,250400
2023-07-03,167.3000030517578,168.5399932861328,165.02000427246094,167.1199951171875,150.09628295898438,228200
2023-07-05,165.47000122070312,167.4600067138672,163.02999877929688,167.1699981689453,150.14120483398438,250300
2023-07-06,165.0800018310547,167.69000244140625,164.4600067138672,167.52000427246094,150.45555114746094,195100
2023-07-07,167.8699951171875,171.67999267578125,167.8699951171875,170.3300018310547,152.9792938232422,342200
2023-07-10,170.33999633789062,174.49000549316406,170.27999877929688,172.4600067138672,154.89234924316406,283200
2023-07-11,174.05999755859375,176.17999267578125,173.27000427246094,175.08999633789062,157.2544403076172,306400
2023-07-12,178.0,178.0,175.8800048828125,176.9600067138672,158.93394470214844,168300
2023-07-13,178.0399932861328,180.32000732421875,176.1699981689453,178.47999572753906,160.2991180419922,217700
2023-07-14,178.50999450683594,179.94000244140625,174.3800048828125,175.0,157.17359924316406,207600
2023-07-17,175.47000122070312,177.72000122070312,174.0399932861328,175.9199981689453,157.9998779296875,170800
2023-07-18,176.49000549316406,183.7899932861328,176.49000549316406,183.0500030517578,164.40359497070312,300500
2023-07-19,183.8699951171875,185.6199951171875,181.44000244140625,182.0399932861328,163.49647521972656,245800
2023-07-20,182.5,183.9600067138672,181.17999267578125,183.4499969482422,164.76283264160156,211800
2023-07-21,183.64999389648438,183.64999389648438,180.16000366210938,180.3300018310547,161.9606475830078,198900
2023-07-24,180.60000610351562,182.33999633789062,180.02999877929688,180.67999267578125,162.27500915527344,164000
2023-07-25,179.82000732421875,183.69000244140625,179.8000030517578,181.0399932861328,162.5983428955078,191700
2023-07-26,181.33999633789062,183.41000366210938,180.9199981689453,181.77999877929688,163.26295471191406,220800
2023-07-27,183.0,184.27999877929688,180.0,180.27999877929688,161.91574096679688,211900
2023-07-28,181.94000244140625,184.1300048828125,181.94000244140625,182.41000366210938,163.82876586914062,162600
2023-07-31,182.52999877929688,187.32000732421875,182.52999877929688,186.72000122070312,167.69973754882812,239200
2023-08-01,185.99000549316406,186.6300048828125,181.83999633789062,182.19000244140625,163.63116455078125,245200
2023-08-02,181.1699981689453,182.3000030517578,179.2899932861328,179.91000366210938,161.58343505859375,246800
2023-08-03,179.25,179.27000427246094,175.24000549316406,175.5399932861328,157.65858459472656,302700
2023-08-04,175.27000427246094,182.17999267578125,175.27000427246094,181.72999572753906,163.21803283691406,318800
2023-08-07,183.13999938964844,186.8800048828125,181.0399932861328,184.1300048828125,165.37356567382812,650300
2023-08-08,177.0,182.86000061035156,174.42999267578125,176.72999572753906,158.7273712158203,558700
2023-08-09,175.13999938964844,175.13999938964844,165.0399932861328,165.19000244140625,149.50491333007812,559800
2023-08-10,165.19000244140625,167.64999389648438,164.35000610351562,165.42999267578125,149.72213745117188,249900
2023-08-11,164.25999450683594,165.88999938964844,163.52999877929688,164.75,149.10671997070312,330800
2023-08-14,163.58999633789062,163.58999633789062,159.5,162.08999633789062,146.69924926757812,412200
2023-08-15,160.16000366210938,162.5399932861328,159.1699981689453,161.83999633789062,146.4730224609375,286200
2023-08-16,160.99000549316406,162.4600067138672,156.41000366210938,156.55999755859375,141.69436645507812,274000
2023-08-17,156.3800048828125,158.22000122070312,155.36000061035156,157.72999572753906,142.7532501220703,268400
2023-08-18,156.4600067138672,159.24000549316406,156.35000610351562,157.61000061035156,142.6446533203125,244900
2023-08-21,157.55999755859375,161.57000732421875,157.22000122070312,161.0,145.71275329589844,247300
2023-08-22,160.75,161.89999389648438,155.75,156.82000732421875,141.92967224121094,284500
2023-08-23,157.1300048828125,158.0800018310547,156.35000610351562,156.72000122070312,141.83914184570312,240400
2023-08-24,155.8000030517578,159.86000061035156,155.8000030517578,158.30999755859375,143.2781982421875,321400
2023-08-25,159.1300048828125,160.19000244140625,156.97999572753906,157.0800018310547,142.1649932861328,210900
2023-08-28,157.3000030517578,161.22000122070312,157.3000030517578,160.05999755859375,144.8620147705078,190800
2023-08-29,160.5500030517578,165.16000366210938,159.58999633789062,164.6199951171875,148.98904418945312,238200
2023-08-30,165.10000610351562,167.0399932861328,163.66000366210938,165.99000549316406,150.22898864746094,314500
2023-08-31,166.02999877929688,166.63999938964844,162.47999572753906,162.8000030517578,147.3418426513672,203400
2023-09-01,161.47999572753906,162.25999450683594,140.82000732421875,141.5,128.0643310546875,1800700
2023-09-05,142.9600067138672,144.4499969482422,140.0,140.22999572753906,126.9149169921875,947300
2023-09-06,139.24000549316406,142.67999267578125,138.9499969482422,140.9499969482422,127.56654357910156,785600
2023-09-07,139.39999389648438,140.52999877929688,133.32000732421875,133.64999389648438,120.95970153808594,1131200
2023-09-08,134.66000366210938,134.92999267578125,133.08999633789062,133.92999267578125,121.21309661865234,679800
2023-09-11,134.72000122070312,144.8699951171875,134.72000122070312,142.97999572753906,129.40379333496094,1394600
2023-09-12,142.97999572753906,148.02000427246094,141.97999572753906,147.25,133.2683563232422,956100
2023-09-13,147.94000244140625,150.27000427246094,145.1999969482422,149.61000061035156,135.4042510986328,783600
2023-09-14,151.1699981689453,166.9199981689453,151.1699981689453,157.85000610351562,142.86187744140625,1401700
2023-09-15,157.32000732421875,159.47999572753906,151.7899932861328,152.0399932861328,137.60353088378906,1729100
2023-09-18,152.35000610351562,153.0,148.42999267578125,150.07000732421875,135.82058715820312,584800
2023-09-19,149.77000427246094,152.0800018310547,147.4600067138672,150.97999572753906,136.6441650390625,506500
2023-09-20,151.14999389648438,152.13999938964844,141.8800048828125,141.9600067138672,128.48065185546875,1006200
2023-09-21,141.49000549316406,145.9600067138672,139.3300018310547,143.6999969482422,130.05543518066406,594200
2023-09-22,143.77000427246094,143.89999389648438,138.75,139.72000122070312,126.45335388183594,408300
2023-09-25,138.9199981689453,139.7899932861328,136.27999877929688,136.9600067138672,123.95541381835938,344900
2023-09-26,135.75,139.08999633789062,135.72000122070312,137.1999969482422,124.17261505126953,338800
2023-09-27,137.8699951171875,140.58999633789062,137.74000549316406,139.80999755859375,126.53480529785156,354400
2023-09-28,139.99000549316406,142.0,139.22999572753906,140.63999938964844,127.28598022460938,307700
2023-09-29,141.6199951171875,144.33999633789062,141.5,143.3699951171875,129.75674438476562,382500
2023-10-02,143.32000732421875,143.38999938964844,139.88999938964844,140.7100067138672,127.34937286376953,258800
2023-10-03,139.44000244140625,139.88999938964844,135.14999389648438,135.63999938964844,122.76073455810547,324900
2023-10-04,135.7899932861328,137.6300048828125,132.6699981689453,135.22000122070312,122.38060760498047,273800
2023-10-05,135.00999450683594,135.58999633789062,133.0800018310547,133.75,121.05021667480469,203500
2023-10-06,132.9600067138672,136.75999450683594,132.3000030517578,136.02000427246094,123.10466766357422,265000
2023-10-09,136.11000061035156,139.72999572753906,133.9499969482422,138.47999572753906,125.3310775756836,239900
2023-10-10,139.16000366210938,143.32000732421875,139.05999755859375,142.74000549316406,129.18661499023438,280300
2023-10-11,142.64999389648438,144.80999755859375,141.7899932861328,142.72999572753906,129.17755126953125,214900
2023-10-12,142.74000549316406,143.14999389648438,138.86000061035156,139.47000122070312,126.22706604003906,251000
2023-10-13,139.77999877929688,141.27999877929688,139.4199981689453,140.50999450683594,127.16834259033203,195300
2023-10-16,141.97999572753906,146.1300048828125,141.32000732421875,145.1300048828125,131.34963989257812,246600
2023-10-17,144.30999755859375,149.0,144.25,147.1699981689453,133.1959686279297,282800
2023-10-18,145.89999389648438,146.5500030517578,143.17999267578125,143.27000427246094,129.666259765625,191800
2023-10-19,143.50999450683594,145.19000244140625,142.1300048828125,142.86000061035156,129.29518127441406,206100
2023-10-20,142.88999938964844,143.0800018310547,140.3800048828125,140.47000122070312,127.13213348388672,228300
2023-10-23,139.39999389648438,141.77999877929688,138.02000427246094,139.1699981689453,125.95556640625,238100
2023-10-24,140.27999877929688,142.4600067138672,139.80999755859375,140.7899932861328,127.42172241210938,238000
2023-10-25,139.63999938964844,140.9199981689453,137.3699951171875,137.75999450683594,124.67945098876953,266200
2023-10-26,137.30999755859375,138.6199951171875,133.55999755859375,136.4499969482422,123.49383544921875,267200
2023-10-27,136.9600067138672,139.6300048828125,135.24000549316406,135.5,122.63402557373047,210700
2023-10-30,136.83999633789062,138.91000366210938,136.1300048828125,137.94000244140625,124.84237670898438,138800
2023-10-31,138.22999572753906,141.1199951171875,138.22999572753906,140.0800018310547,126.7791748046875,223000
2023-11-01,139.67999267578125,141.0,137.67999267578125,140.44000244140625,127.10498046875,332100
2023-11-02,142.88999938964844,151.2899932861328,142.88999938964844,150.97000122070312,136.63516235351562,429700
2023-11-03,154.7899932861328,158.9499969482422,154.7899932861328,156.83999633789062,141.94778442382812,288100
2023-11-06,156.4499969482422,156.77000427246094,152.97000122070312,153.8000030517578,139.19642639160156,431700
2023-11-07,154.32000732421875,154.38999938964844,150.57000732421875,151.4600067138672,137.07859802246094,443400
2023-11-08,146.92999267578125,153.1999969482422,141.05999755859375,147.39999389648438,133.40411376953125,635000
2023-11-09,146.6300048828125,147.39999389648438,142.5399932861328,144.24000549316406,131.75083923339844,350800
2023-11-10,144.72999572753906,146.55999755859375,143.10000610351562,146.33999633789062,133.6689910888672,243500
2023-11-13,145.85000610351562,146.42999267578125,140.9199981689453,143.7100067138672,131.2667236328125,424100
2023-11-14,148.75999450683594,150.47999572753906,148.0,148.97000122070312,136.0712890625,476000
2023-11-15,149.13999938964844,151.75999450683594,148.74000549316406,149.47999572753906,136.53712463378906,309400
2023-11-16,149.2899932861328,150.44000244140625,145.4199981689453,147.3300018310547,134.5732879638672,372700
2023-11-17,149.52000427246094,151.1199951171875,148.61000061035156,149.88999938964844,136.91163635253906,355800
2023-11-20,149.88999938964844,152.72999572753906,148.0,151.1699981689453,138.08079528808594,271000
2023-11-21,150.63999938964844,151.0500030517578,149.5500030517578,149.63999938964844,136.68325805664062,194700
2023-11-22,150.38999938964844,151.88999938964844,148.3000030517578,149.44000244140625,136.50059509277344,193800
2023-11-24,149.2899932861328,150.49000549316406,148.91000366210938,149.8800048828125,136.90249633789062,73100
2023-11-27,148.35000610351562,149.97999572753906,146.05999755859375,146.1300048828125,133.47718811035156,382900
2023-11-28,145.3699951171875,145.61000061035156,141.63999938964844,142.91000366210938,130.53599548339844,380300
2023-11-29,144.25,145.47000122070312,142.24000549316406,144.66000366210938,132.13446044921875,313900
2023-11-30,144.8800048828125,145.5,141.77000427246094,141.92999267578125,129.64083862304688,256700
2023-12-01,142.0,149.2100067138672,141.4499969482422,149.1199951171875,136.20828247070312,361800
2023-12-04,148.3000030517578,151.30999755859375,147.67999267578125,148.86000061035156,135.97080993652344,231600
2023-12-05,147.80999755859375,148.39999389648438,141.3800048828125,142.2899932861328,129.96969604492188,308600
2023-12-06,144.08999633789062,145.6999969482422,141.55999755859375,141.7899932861328,129.51295471191406,233300
2023-12-07,142.72000122070312,144.77999877929688,141.86000061035156,142.38999938964844,130.06100463867188,247500
2023-12-08,141.8300018310547,149.08999633789062,141.55999755859375,148.6300048828125,135.7607421875,391700
2023-12-11,147.50999450683594,147.50999450683594,144.27000427246094,146.38999938964844,133.7146759033203,242600
2023-12-12,146.52000427246094,146.52000427246094,143.0,143.92999267578125,131.46766662597656,298200
2023-12-13,143.30999755859375,152.10000610351562,142.25,151.44000244140625,138.32740783691406,477400
2023-12-14,153.6999969482422,162.05999755859375,153.6999969482422,157.8800048828125,144.2098388671875,815600
2023-12-15,156.88999938964844,157.14999389648438,151.52000427246094,154.6300048828125,141.2412109375,1401300
2023-12-18,155.88999938964844,159.4499969482422,155.2100067138672,156.5,142.94927978515625,375500
2023-12-19,157.25,159.8699951171875,157.25,159.5399932861328,145.72605895996094,266500
2023-12-20,159.5399932861328,160.02999877929688,155.41000366210938,155.72000122070312,142.23681640625,247800
2023-12-21,157.10000610351562,160.0800018310547,155.22000122070312,159.3699951171875,145.57078552246094,188600
2023-12-22,160.17999267578125,160.72999572753906,155.39999389648438,156.97999572753906,143.38771057128906,205800
2023-12-26,156.33999633789062,159.14999389648438,155.0,158.30999755859375,144.6025848388672,186900
2023-12-27,158.7100067138672,159.5500030517578,156.52000427246094,157.27999877929688,143.6617431640625,182700
2023-12-28,156.74000549316406,160.25999450683594,156.74000549316406,158.8699951171875,145.1140899658203,130300
2023-12-29,158.30999755859375,159.77000427246094,154.82000732421875,156.75,143.17764282226562,205700
2024-01-02,156.1199951171875,161.89999389648438,154.97999572753906,160.22000122070312,146.3472137451172,280600
2024-01-03,157.52999877929688,159.1300048828125,155.8000030517578,156.72999572753906,143.15936279296875,196600
2024-01-04,157.39999389648438,158.9499969482422,155.75,158.50999450683594,144.7852325439453,237600
2024-01-05,157.8000030517578,162.22999572753906,157.5399932861328,160.1199951171875,146.255859375,363100
2024-01-08,160.83999633789062,172.7100067138672,159.83999633789062,172.1199951171875,157.21681213378906,450100
2024-01-09,170.6699981689453,172.55999755859375,169.88999938964844,172.2899932861328,157.37208557128906,325900
2024-01-10,172.32000732421875,172.69000244140625,169.13999938964844,170.75,155.9654541015625,298500
2024-01-11,171.33999633789062,172.22000122070312,168.36000061035156,172.0399932861328,157.14373779296875,241600
2024-01-12,172.7899932861328,174.05999755859375,170.82000732421875,171.82000732421875,156.94281005859375,339400
2024-01-16,170.82000732421875,171.77999877929688,168.5399932861328,169.3800048828125,154.7140655517578,380100
2024-01-17,166.47000122070312,170.4600067138672,165.58999633789062,167.57000732421875,153.060791015625,310500
2024-01-18,168.97000122070312,169.0,166.72000122070312,167.39999389648438,152.90550231933594,233000
2024-01-19,168.42999267578125,172.8300018310547,166.5800018310547,172.52999877929688,157.59130859375,158400
2024-01-22,173.89999389648438,177.7899932861328,173.89999389648438,176.41000366210938,161.1353759765625,237100
2024-01-23,178.75999450683594,180.0,173.5,173.57000732421875,158.54127502441406,254500
2024-01-24,176.6999969482422,176.6999969482422,171.3000030517578,172.0,157.107177734375,252500
2024-01-25,174.9199981689453,177.5500030517578,174.49000549316406,176.72999572753906,161.4276580810547,211600
2024-01-26,178.32000732421875,180.8000030517578,177.58999633789062,180.6300048828125,164.98997497558594,231000
2024-01-29,179.39999389648438,181.38999938964844,178.75,179.9600067138672,164.37799072265625,191900
2024-01-30,179.3300018310547,180.52000427246094,178.52999877929688,180.1699981689453,164.56979370117188,174600
2024-01-31,180.22999572753906,183.67999267578125,177.64999389648438,177.7100067138672,162.32278442382812,286400
2024-02-01,179.02000427246094,181.00999450683594,172.86000061035156,178.5,163.04440307617188,213300
2024-02-02,177.42999267578125,178.44000244140625,175.4600067138672,176.72999572753906,161.4276580810547,194800
2024-02-05,174.66000366210938,174.6699981689453,170.91000366210938,171.57000732421875,156.7144317626953,224300
2024-02-06,171.0800018310547,173.9499969482422,171.0800018310547,172.9199981689453,157.94752502441406,165000
2024-02-07,173.25999450683594,173.25999450683594,155.22999572753906,159.30999755859375,145.5159912109375,761600
2024-02-08,158.1300048828125,161.17999267578125,154.1699981689453,160.8800048828125,148.525634765625,567400
2024-02-09,161.3000030517578,166.82000732421875,161.27000427246094,162.72000122070312,150.22433471679688,513700
2024-02-12,163.8000030517578,169.4499969482422,163.74000549316406,168.97000122070312,155.99440002441406,433400
2024-02-13,162.92999267578125,166.9199981689453,160.63999938964844,164.33999633789062,151.71995544433594,414900
2024-02-14,167.0399932861328,170.02999877929688,164.52999877929688,169.88999938964844,156.84375,405400
2024-02-15,170.0500030517578,174.10000610351562,170.0500030517578,173.8699951171875,160.51809692382812,335000
2024-02-16,172.27000427246094,174.86000061035156,171.66000366210938,173.77000427246094,160.42578125,405900
2024-02-20,171.8800048828125,172.83999633789062,168.36000061035156,170.13999938964844,157.0745391845703,464500
2024-02-21,169.10000610351562,170.8000030517578,166.58999633789062,170.19000244140625,157.12071228027344,322500
2024-02-22,170.19000244140625,171.39999389648438,168.99000549316406,170.27000427246094,157.19456481933594,260600
2024-02-23,169.55999755859375,170.0500030517578,162.77999877929688,163.69000244140625,151.11984252929688,601200
2024-02-26,162.94000244140625,164.4600067138672,160.47999572753906,160.55999755859375,148.23020935058594,485300
2024-02-27,161.72000122070312,164.5,161.0399932861328,162.39999389648438,149.9289093017578,489400
2024-02-28,160.0,165.77999877929688,159.5399932861328,164.80999755859375,152.1538543701172,472400
2024-02-29,165.6300048828125,173.6199951171875,165.6300048828125,166.1699981689453,153.40939331054688,399200
2024-03-01,166.8699951171875,167.16000366210938,162.63999938964844,163.69000244140625,151.11984252929688,268100
2024-03-04,163.6699981689453,163.99000549316406,155.7899932861328,156.10000610351562,144.11273193359375,589200
2024-03-05,155.5,160.69000244140625,154.82000732421875,157.30999755859375,145.2298126220703,365000
2024-03-06,161.99000549316406,166.25,160.1300048828125,160.64999389648438,148.31332397460938,620300
2024-03-07,161.5,163.4499969482422,161.27000427246094,162.4499969482422,149.97508239746094,514300
2024-03-08,162.86000061035156,165.33999633789062,161.86000061035156,163.5,150.94447326660156,363200
2024-03-11,162.1699981689453,167.22999572753906,162.1699981689453,165.8300018310547,153.0955047607422,403700
2024-03-12,166.11000061035156,166.5399932861328,164.44000244140625,165.3699951171875,152.6708221435547,311300
2024-03-13,165.35000610351562,169.89999389648438,165.35000610351562,169.35000610351562,156.34524536132812,416500
2024-03-14,168.9499969482422,168.9499969482422,163.9199981689453,166.52000427246094,153.73252868652344,333400
2024-03-15,166.27999877929688,168.66000366210938,163.07000732421875,163.4600067138672,150.9075164794922,2642200
2024-03-18,162.0,162.47999572753906,157.75,159.4499969482422,147.2054443359375,502100
2024-03-19,159.16000366210938,165.16000366210938,159.16000366210938,164.0500030517578,151.45220947265625,373800
2024-03-20,164.00999450683594,167.4199981689453,161.9499969482422,166.82000732421875,154.00949096679688,327600
2024-03-21,168.0,168.6300048828125,164.6699981689453,167.50999450683594,154.64649963378906,299300
2024-03-22,167.5,167.6199951171875,163.22999572753906,164.75999450683594,152.10768127441406,299600
2024-03-25,166.02999877929688,168.5399932861328,166.02999877929688,167.16000366210938,154.32337951660156,202000
2024-03-26,168.38999938964844,169.36000061035156,167.24000549316406,168.74000549316406,155.7820587158203,198500
2024-03-27,170.0,172.22999572753906,169.72999572753906,171.88999938964844,158.69015502929688,221100
2024-03-28,171.88999938964844,173.33999633789062,171.39999389648438,172.2899932861328,159.05941772460938,166400
2024-04-01,172.99000549316406,172.99000549316406,167.91000366210938,170.1300048828125,157.0653076171875,230900
2024-04-02,169.19000244140625,170.92999267578125,166.9499969482422,167.97999572753906,155.08041381835938,207500
2024-04-03,168.39999389648438,170.35000610351562,166.60000610351562,169.8800048828125,156.83450317382812,198300
2024-04-04,171.33999633789062,173.27999877929688,168.0500030517578,168.25999450683594,155.3389129638672,159600
2024-04-05,167.8800048828125,169.32000732421875,166.8000030517578,167.4600067138672,154.600341796875,196900
2024-04-08,167.88999938964844,169.50999450683594,165.49000549316406,165.8300018310547,153.0955047607422,196200
2024-04-09,165.8699951171875,169.27000427246094,164.75999450683594,169.07000732421875,156.08673095703125,204600
2024-04-10,166.1999969482422,166.1999969482422,160.7899932861328,162.9499969482422,150.43666076660156,268400
2024-04-11,162.9499969482422,164.91000366210938,161.9499969482422,163.16000366210938,150.6305694580078,230500
2024-04-12,162.19000244140625,162.75,159.4600067138672,159.77999877929688,147.5100860595703,255200
2024-04-15,160.5,162.7899932861328,159.19000244140625,159.8699951171875,147.5931854248047,269100
2024-04-16,159.6300048828125,160.22999572753906,156.88999938964844,159.0500030517578,146.83616638183594,197500
2024-04-17,160.52999877929688,161.39999389648438,158.5,158.8699951171875,146.6699981689453,210400
2024-04-18,159.99000549316406,163.97000122070312,159.67999267578125,161.9600067138672,149.522705078125,216300
2024-04-19,162.27000427246094,165.50999450683594,160.0,165.25,152.56005859375,188200
2024-04-22,166.0,166.0,160.72999572753906,161.00999450683594,148.64564514160156,348100
2024-04-23,160.63999938964844,164.4499969482422,160.63999938964844,163.11000061035156,150.58441162109375,265200
2024-04-24,162.9600067138672,164.55999755859375,162.82000732421875,164.11000061035156,151.50758361816406,210800
2024-04-25,161.72000122070312,162.66000366210938,160.22000122070312,160.97999572753906,148.61793518066406,181700
2024-04-26,160.8000030517578,162.0,158.4199981689453,158.9199981689453,146.7161407470703,250900
2024-04-29,160.0,165.6999969482422,159.99000549316406,164.75,152.09844970703125,225300
2024-04-30,163.50999450683594,163.50999450683594,158.97999572753906,160.05999755859375,147.76858520507812,226000
2024-05-01,160.38999938964844,163.91000366210938,160.00999450683594,161.64999389648438,149.23651123046875,316900
2024-05-02,164.4600067138672,164.57000732421875,161.9600067138672,164.3000030517578,151.68299865722656,294800
2024-05-03,166.72999572753906,168.36000061035156,165.47999572753906,166.55999755859375,153.76947021484375,272400
2024-05-06,168.52000427246094,169.5500030517578,167.94000244140625,168.25999450683594,155.3389129638672,183300
2024-05-07,168.27000427246094,169.64999389648438,166.30999755859375,166.38999938964844,153.61253356933594,275000
2024-05-08,166.3800048828125,169.75999450683594,163.82000732421875,168.11000061035156,155.20040893554688,356100
2024-05-09,171.60000610351562,179.9199981689453,166.61000061035156,177.94000244140625,165.94378662109375,587300
2024-05-10,178.0,178.0,171.33999633789062,172.3000030517578,160.68402099609375,341600
2024-05-13,177.3800048828125,178.0,173.77999877929688,174.2100067138672,162.4652557373047,355000
2024-05-14,176.6699981689453,185.4199981689453,176.6699981689453,179.69000244140625,167.5758056640625,408600
2024-05-15,181.50999450683594,181.58999633789062,172.82000732421875,173.9600067138672,162.23211669921875,358700
2024-05-16,173.8699951171875,174.0,170.33999633789062,170.5399932861328,159.0426483154297,344100
2024-05-17,170.5399932861328,172.9600067138672,169.1199951171875,169.55999755859375,158.12872314453125,250900
2024-05-20,169.55999755859375,170.25,166.25,167.2100067138672,155.9371795654297,260400
2024-05-21,166.0,167.5800018310547,161.89999389648438,162.17999267578125,151.2462615966797,445600
2024-05-22,160.77999877929688,165.0800018310547,160.5,161.4199981689453,150.53750610351562,333100
2024-05-23,161.58999633789062,161.60000610351562,157.33999633789062,157.6300048828125,147.00302124023438,279600
2024-05-24,159.1300048828125,159.9499969482422,155.9499969482422,158.25,147.58123779296875,346500
2024-05-28,158.55999755859375,159.8699951171875,156.88999938964844,157.72000122070312,147.08694458007812,227000
2024-05-29,156.05999755859375,157.33999633789062,154.57000732421875,156.5500030517578,145.99583435058594,271600
2024-05-30,157.25,163.6699981689453,156.72000122070312,163.4600067138672,152.4399871826172,326000
2024-05-31,163.47999572753906,165.82000732421875,162.9499969482422,165.69000244140625,154.51962280273438,437200
2024-06-03,166.74000549316406,167.22999572753906,162.55999755859375,163.08999633789062,152.09490966796875,295100
2024-06-04,162.0500030517578,162.60000610351562,157.39999389648438,158.2100067138672,147.54391479492188,676300
2024-06-05,158.8800048828125,160.19000244140625,156.00999450683594,158.33999633789062,147.66514587402344,217900
2024-06-06,157.11000061035156,159.4499969482422,156.3800048828125,156.74000549316406,146.1730499267578,202700
2024-06-07,155.30999755859375,158.72000122070312,154.58999633789062,156.47000122070312,145.9212188720703,195900
2024-06-10,154.36000061035156,155.35000610351562,151.25999450683594,153.82000732421875,143.4499053955078,380400
2024-06-11,153.47999572753906,155.7100067138672,151.88999938964844,153.52000427246094,143.17010498046875,233800
2024-06-12,157.1999969482422,160.50999450683594,155.50999450683594,155.88999938964844,145.38034057617188,468800
2024-06-13,154.99000549316406,155.14999389648438,152.0800018310547,153.0,142.6851806640625,340600
2024-06-14,150.85000610351562,152.3000030517578,149.02000427246094,150.55999755859375,140.40966796875,386400
2024-06-17,150.55999755859375,152.49000549316406,147.25,151.91000366210938,141.66867065429688,497200
2024-06-18,152.1300048828125,154.44000244140625,150.6199951171875,151.94000244140625,141.69664001464844,400500
2024-06-20,151.52999877929688,156.14999389648438,151.1999969482422,155.3800048828125,144.9047088623047,321900
2024-06-21,155.91000366210938,158.55999755859375,155.1300048828125,156.97000122070312,146.3875274658203,2534700
2024-06-24,157.58999633789062,159.08999633789062,156.22000122070312,157.8000030517578,147.1615753173828,328400
2024-06-25,157.38999938964844,157.74000549316406,154.16000366210938,157.22999572753906,146.62997436523438,291700
2024-06-26,155.83999633789062,157.17999267578125,155.5,156.74000549316406,146.1730499267578,253400
2024-06-27,156.9199981689453,159.89999389648438,155.8800048828125,159.8000030517578,149.0267333984375,192100
2024-06-28,161.0,166.64999389648438,160.91000366210938,166.00999450683594,154.8180694580078,601000
2024-07-01,166.33999633789062,169.49000549316406,165.36000061035156,166.3300018310547,155.11648559570312,424500
2024-07-02,166.50999450683594,166.94000244140625,164.5399932861328,166.57000732421875,155.34031677246094,244800
2024-07-03,167.0,170.66000366210938,165.9499969482422,167.47000122070312,156.1796417236328,155600
2024-07-05,166.4199981689453,168.3699951171875,164.5500030517578,167.5500030517578,156.25425720214844,448400
2024-07-08,167.72999572753906,168.39999389648438,164.88999938964844,165.02000427246094,153.89480590820312,257000
2024-07-09,164.97000122070312,167.75,164.69000244140625,166.88999938964844,155.6387481689453,206300
2024-07-10,167.52999877929688,171.00999450683594,167.3699951171875,170.89999389648438,159.37840270996094,283900
2024-07-11,173.80999755859375,175.82000732421875,173.14999389648438,174.8699951171875,163.0807647705078,244200
2024-07-12,176.75,177.00999450683594,174.00999450683594,174.05999755859375,162.3253631591797,237400
2024-07-15,174.88999938964844,175.88999938964844,172.83999633789062,173.16000366210938,161.4860382080078,307700
2024-07-16,174.02999877929688,181.0399932861328,173.50999450683594,180.3000030517578,168.14468383789062,394100
2024-07-17,179.13999938964844,183.33999633789062,177.17999267578125,181.66000366210938,169.4130096435547,343000
2024-07-18,181.92999267578125,183.99000549316406,175.94000244140625,176.47000122070312,164.57290649414062,290600
2024-07-19,176.00999450683594,177.0399932861328,174.13999938964844,175.3699951171875,163.54702758789062,216600
2024-07-22,175.83999633789062,177.60000610351562,173.69000244140625,177.5399932861328,165.57073974609375,351200
2024-07-23,176.3300018310547,179.58999633789062,176.0,177.67999267578125,165.7012939453125,203900
2024-07-24,177.58999633789062,180.3000030517578,174.77999877929688,175.0,163.20199584960938,225100
2024-07-25,175.1999969482422,178.38999938964844,174.2899932861328,177.22000122070312,165.27230834960938,237100
2024-07-26,181.5399932861328,184.2100067138672,179.82000732421875,183.36000061035156,170.99838256835938,224200
2024-07-29,184.1699981689453,184.41000366210938,180.99000549316406,182.36000061035156,170.0657958984375,332900
2024-07-30,184.0500030517578,185.00999450683594,181.52999877929688,184.47000122070312,172.0335693359375,382300
2024-07-31,185.3300018310547,187.27000427246094,183.66000366210938,184.7899932861328,172.33197021484375,320500
2024-08-01,186.00999450683594,187.27000427246094,178.85000610351562,179.8800048828125,167.75299072265625,210500
2024-08-02,176.1199951171875,178.9199981689453,174.55999755859375,176.8699951171875,164.9459228515625,332300
2024-08-05,168.5399932861328,172.05999755859375,166.1300048828125,168.4499969482422,157.09356689453125,317500
2024-08-06,168.4499969482422,174.16000366210938,167.66000366210938,172.02000427246094,160.42288208007812,269100
2024-08-07,175.5,175.5,170.72000122070312,171.89999389648438,160.31097412109375,286300
2024-08-08,166.32000732421875,167.6699981689453,161.0,163.5500030517578,152.52391052246094,467700
2024-08-09,162.3699951171875,162.39999389648438,157.72999572753906,158.2899932861328,149.15980529785156,370800
2024-08-12,157.16000366210938,157.16000366210938,152.32000732421875,154.25,145.35287475585938,305100
2024-08-13,156.05999755859375,158.9199981689453,155.39999389648438,157.3000030517578,148.2269287109375,286500
2024-08-14,157.80999755859375,159.16000366210938,156.32000732421875,158.85000610351562,149.68756103515625,405100
2024-08-15,160.69000244140625,162.57000732421875,159.74000549316406,160.61000061035156,151.3459930419922,300500
2024-08-16,160.72999572753906,164.6699981689453,160.72999572753906,164.08999633789062,154.62527465820312,318600
2024-08-19,162.8800048828125,167.64999389648438,162.8800048828125,167.19000244140625,157.54649353027344,227800
2024-08-20,166.50999450683594,167.83999633789062,165.88999938964844,166.75999450683594,157.1412811279297,147000
2024-08-21,168.3699951171875,169.42999267578125,166.24000549316406,169.10000610351562,159.34632873535156,217000
2024-08-22,169.99000549316406,170.88999938964844,166.69000244140625,167.58999633789062,157.92340087890625,186500
2024-08-23,168.8000030517578,172.47000122070312,168.8000030517578,171.5500030517578,161.65499877929688,229800
2024-08-26,172.6699981689453,173.49000549316406,170.5,170.61000061035156,160.7692108154297,207500
2024-08-27,170.27999877929688,171.82000732421875,169.07000732421875,169.2100067138672,159.44998168945312,191900
2024-08-28,168.1999969482422,170.39999389648438,168.1999969482422,169.3300018310547,159.56304931640625,191000
2024-08-29,170.0500030517578,171.11000061035156,168.6199951171875,168.63999938964844,158.912841796875,184000
2024-08-30,169.72000122070312,171.02999877929688,168.63999938964844,170.8800048828125,161.02365112304688,277000
2024-09-03,169.86000061035156,171.19000244140625,165.5500030517578,166.49000549316406,156.88687133789062,211400
2024-09-04,166.47000122070312,169.80999755859375,166.35000610351562,167.47000122070312,157.81033325195312,195900
2024-09-05,168.75,168.94000244140625,162.42999267578125,162.77999877929688,153.39083862304688,197900
2024-09-06,162.69000244140625,164.6199951171875,160.8300018310547,161.4499969482422,152.13754272460938,234200
2024-09-09,161.6199951171875,163.7899932861328,160.5500030517578,162.75999450683594,153.37200927734375,256000
2024-09-10,163.02999877929688,163.02999877929688,159.75999450683594,162.00999450683594,152.66526794433594,197200
2024-09-11,161.61000061035156,161.61000061035156,157.07000732421875,160.88999938964844,151.60987854003906,225800
2024-09-12,162.19000244140625,162.83999633789062,158.1300048828125,160.58999633789062,151.32716369628906,367600
2024-09-13,162.0500030517578,167.25999450683594,162.0500030517578,166.97000122070312,157.33917236328125,191300
2024-09-16,167.5,168.33999633789062,165.33999633789062,166.4499969482422,156.84915161132812,283200
2024-09-17,167.99000549316406,170.22000122070312,166.8699951171875,169.02000427246094,159.27093505859375,238600
2024-09-18,169.77000427246094,172.75999450683594,167.66000366210938,167.9199981689453,158.23439025878906,237400
2024-09-19,170.63999938964844,171.14999389648438,167.52999877929688,167.66000366210938,157.98936462402344,541800
2024-09-20,167.57000732421875,168.6199951171875,165.1300048828125,166.39999389648438,156.80203247070312,674500
2024-09-23,167.55999755859375,167.55999755859375,163.67999267578125,165.74000549316406,156.18011474609375,485600
2024-09-24,166.85000610351562,168.58999633789062,166.2899932861328,167.5800018310547,157.9139862060547,401900
2024-09-25,167.5800018310547,167.92999267578125,162.24000549316406,162.5399932861328,153.16470336914062,259000
2024-09-26,163.8800048828125,166.4499969482422,163.8800048828125,164.72999572753906,155.2283477783203,270400
2024-09-27,166.61000061035156,168.85000610351562,164.64999389648438,166.3800048828125,156.783203125,210900
2024-09-30,166.27000427246094,167.64999389648438,165.02000427246094,165.35000610351562,155.81260681152344,225000
2024-10-01,164.88999938964844,165.60000610351562,162.6999969482422,164.82000732421875,155.3131866455078,328000
2024-10-02,163.60000610351562,164.75999450683594,163.17999267578125,163.83999633789062,154.38970947265625,165200
2024-10-03,162.50999450683594,163.5500030517578,161.8000030517578,162.63999938964844,153.25894165039062,224800
2024-10-04,163.97999572753906,165.89999389648438,162.49000549316406,164.25,154.7760772705078,201600
2024-10-07,164.4199981689453,165.5399932861328,162.38999938964844,163.4499969482422,154.02220153808594,159700
2024-10-08,163.10000610351562,163.5,161.50999450683594,163.19000244140625,153.7772216796875,151800
2024-10-09,162.3000030517578,166.77999877929688,162.25999450683594,165.8000030517578,156.23666381835938,237500
2024-10-10,165.8000030517578,166.58999633789062,164.0800018310547,166.4199981689453,156.8208770751953,299400
2024-10-11,166.9600067138672,170.8800048828125,166.75999450683594,169.6699981689453,159.88343811035156,227500
2024-10-14,169.05999755859375,169.05999755859375,166.47999572753906,168.47999572753906,158.76205444335938,186500
2024-10-15,169.00999450683594,169.97000122070312,166.91000366210938,167.5,157.83860778808594,297500
2024-10-16,168.77000427246094,173.2100067138672,168.77000427246094,172.0,162.0790252685547,236200
2024-10-17,171.14999389648438,172.67999267578125,170.55999755859375,172.3300018310547,162.3900146484375,205700
2024-10-18,172.2100067138672,173.9199981689453,171.38999938964844,173.47000122070312,163.46424865722656,197900
2024-10-21,173.49000549316406,173.97000122070312,170.08999633789062,171.02999877929688,161.16497802734375,223200
2024-10-22,171.57000732421875,173.30999755859375,170.0,170.3800048828125,160.552490234375,235700
2024-10-23,170.3699951171875,171.9600067138672,167.02999877929688,169.02999877929688,159.2803497314453,228900
2024-10-24,170.02000427246094,170.1199951171875,168.4600067138672,169.58999633789062,159.8080596923828,293600
2024-10-25,171.25999450683594,174.3300018310547,170.8699951171875,170.92999267578125,161.0707550048828,219300
2024-10-28,172.5800018310547,174.75,171.97000122070312,173.80999755859375,163.78463745117188,201300
2024-10-29,173.75,177.4499969482422,173.38999938964844,176.47000122070312,166.29122924804688,251900
2024-10-30,176.38999938964844,182.5,176.38999938964844,178.41000366210938,168.11932373046875,298800
2024-10-31,178.60000610351562,181.11000061035156,175.63999938964844,175.9199981689453,165.77293395996094,256700
2024-11-01,175.94000244140625,178.77000427246094,171.4499969482422,177.0800018310547,166.86602783203125,353400
2024-11-04,177.77999877929688,178.75,173.3300018310547,173.5800018310547,163.56790161132812,287000
2024-11-05,172.94000244140625,175.17999267578125,171.4499969482422,172.8699951171875,162.8988494873047,347500
2024-11-06,179.25999450683594,184.89999389648438,177.33999633789062,183.25,172.68011474609375,720000
2024-11-07,190.0,191.86000061035156,185.5500030517578,188.5,177.6273193359375,724200
2024-11-08,185.7899932861328,185.7899932861328,163.9199981689453,166.0399932861328,156.4628143310547,1148300
2024-11-11,167.0,172.4499969482422,166.0,171.00999450683594,161.14614868164062,511300
2024-11-12,171.1300048828125,171.8699951171875,167.0800018310547,168.17999267578125,158.4793701171875,347700
2024-11-13,168.61000061035156,168.61000061035156,164.89999389648438,166.0800018310547,156.50050354003906,328800
2024-11-14,167.07000732421875,167.38999938964844,164.5500030517578,166.17999267578125,156.5947265625,295200
2024-11-15,165.00999450683594,166.02000427246094,160.97000122070312,161.83999633789062,154.07192993164062,429500
2024-11-18,162.13999938964844,163.30999755859375,159.8800048828125,162.17999267578125,154.39559936523438,342000
2024-11-19,160.6300048828125,164.10000610351562,159.11000061035156,163.52000427246094,155.67129516601562,306500
2024-11-20,162.5800018310547,166.92999267578125,162.2100067138672,166.8300018310547,158.82241821289062,330300
2024-11-21,166.5500030517578,169.30999755859375,164.9499969482422,169.1199951171875,161.00250244140625,296800
2024-11-22,170.0,171.8800048828125,168.64999389648438,169.75,161.6022491455078,374400
2024-11-25,171.22000122070312,172.99000549316406,170.2100067138672,170.61000061035156,162.4209747314453,329500
2024-11-26,169.38999938964844,170.9499969482422,168.3000030517578,170.2899932861328,162.11634826660156,224100
2024-11-27,171.25,173.10000610351562,170.8699951171875,171.14999389648438,162.93505859375,236400
2024-11-29,172.27999877929688,173.0,170.25,170.58999633789062,162.4019317626953,145900
2024-12-02,170.63999938964844,173.50999450683594,168.72999572753906,173.16000366210938,164.8485870361328,283000
2024-12-03,173.6300048828125,174.42999267578125,169.44000244140625,170.41000366210938,162.23057556152344,243600
2024-12-04,170.17999267578125,173.1999969482422,168.5800018310547,172.94000244140625,164.63912963867188,253500
2024-12-05,173.52999877929688,173.63999938964844,170.94000244140625,171.08999633789062,162.87794494628906,215700
2024-12-06,171.02000427246094,171.02000427246094,168.80999755859375,170.1699981689453,162.00210571289062,179100
2024-12-09,170.69000244140625,172.7100067138672,166.97999572753906,167.5399932861328,159.4983367919922,279900
2024-12-10,167.5,169.67999267578125,165.25,169.14999389648438,161.0310516357422,244700
2024-12-11,169.99000549316406,169.99000549316406,163.58999633789062,163.58999633789062,155.73793029785156,499600
2024-12-12,163.83999633789062,166.47000122070312,163.08999633789062,165.0,157.0802459716797,514800
2024-12-13,165.0,165.6699981689453,162.13999938964844,164.60000610351562,156.699462890625,455000
2024-12-16,162.61000061035156,165.77999877929688,162.5,163.3300018310547,155.49041748046875,358900
2024-12-17,163.1300048828125,163.1300048828125,160.8699951171875,161.4600067138672,153.71017456054688,380800
2024-12-18,162.22999572753906,164.74000549316406,157.7100067138672,158.97999572753906,151.34921264648438,441600
2024-12-19,159.63999938964844,160.99000549316406,156.58999633789062,157.00999450683594,149.47377014160156,416700
2024-12-20,157.4199981689453,161.0399932861328,156.74000549316406,158.49000549316406,150.8827362060547,2159100
2024-12-23,158.1699981689453,158.66000366210938,156.13999938964844,158.22000122070312,150.6256866455078,378700
2024-12-24,158.36000061035156,160.1199951171875,156.8300018310547,159.92999267578125,152.25360107421875,162500
2024-12-26,158.91000366210938,161.24000549316406,158.35000610351562,159.92999267578125,152.25360107421875,180300
2024-12-27,159.74000549316406,160.52999877929688,157.9499969482422,159.13999938964844,151.5015106201172,166300
2024-12-30,158.89999389648438,159.32000732421875,156.52000427246094,157.10000610351562,149.55946350097656,257500
2024-12-31,157.86000061035156,158.8300018310547,155.91000366210938,157.97000122070312,150.3876953125,379700
2025-01-02,158.80999755859375,160.02999877929688,157.72000122070312,159.2899932861328,151.6443328857422,339400
2025-01-03,159.22999572753906,161.0,158.00999450683594,160.8300018310547,153.11041259765625,184800
2025-01-06,161.35000610351562,165.38999938964844,161.33999633789062,163.22000122070312,155.38568115234375,243800
2025-01-07,163.6699981689453,164.7100067138672,160.14999389648438,161.2899932861328,153.54832458496094,307500
2025-01-08,160.1300048828125,160.61000061035156,157.25999450683594,157.52999877929688,149.9687957763672,282000
2025-01-10,156.5,157.80999755859375,147.8300018310547,150.42999267578125,143.2095947265625,462800
2025-01-13,150.02000427246094,151.39999389648438,149.0,151.22999572753906,143.97117614746094,313700
2025-01-14,152.5,153.72999572753906,151.10000610351562,151.97999572753906,144.6851806640625,287100
2025-01-15,155.5,157.27999877929688,153.74000549316406,154.19000244140625,146.7891387939453,274600
2025-01-16,153.60000610351562,154.50999450683594,151.52000427246094,151.67999267578125,144.39959716796875,205900
2025-01-17,153.97000122070312,154.05999755859375,151.9499969482422,152.86000061035156,145.52294921875,190100
2025-01-21,153.35000610351562,154.1199951171875,152.35000610351562,153.57000732421875,146.1988983154297,265600
2025-01-22,152.82000732421875,156.5,152.00999450683594,154.6999969482422,147.27464294433594,218000
2025-01-23,154.80999755859375,156.75,154.80999755859375,156.38999938964844,148.88352966308594,247800
2025-01-24,156.58999633789062,159.25,156.02999877929688,157.72000122070312,150.14968872070312,244000
2025-01-27,158.6300048828125,160.14999389648438,157.1699981689453,157.4199981689453,149.86407470703125,336600
2025-01-28,157.17999267578125,158.07000732421875,156.47000122070312,157.22999572753906,149.68319702148438,221200
2025-01-29,159.5800018310547,159.5800018310547,155.02999877929688,156.8300018310547,149.30239868164062,300200
2025-01-30,157.3699951171875,158.02999877929688,155.9499969482422,156.88999938964844,149.3595428466797,280100
2025-01-31,156.7100067138672,158.00999450683594,152.13999938964844,153.22000122070312,145.86566162109375,391700
2025-02-03,150.10000610351562,154.07000732421875,149.25,152.22999572753906,144.92320251464844,247800
2025-02-04,152.91000366210938,154.66000366210938,152.6999969482422,153.88999938964844,146.50352478027344,264100
2025-02-05,153.6699981689453,154.92999267578125,152.97999572753906,153.85000610351562,146.46543884277344,215600
2025-02-06,154.1199951171875,155.5500030517578,151.39999389648438,151.64999389648438,144.3710174560547,213900
2025-02-07,152.3699951171875,152.75,150.94000244140625,151.39999389648438,144.13302612304688,367300
2025-02-10,152.11000061035156,152.6699981689453,149.52999877929688,151.4600067138672,144.19015502929688,309500
2025-02-11,150.61000061035156,153.5,150.61000061035156,153.05999755859375,145.71336364746094,258700
2025-02-12,149.74000549316406,151.27999877929688,149.60000610351562,149.75,144.31597900390625,240700
2025-02-13,150.0,151.27000427246094,149.47999572753906,150.75999450683594,145.289306640625,390900
2025-02-14,152.1999969482422,154.6199951171875,151.10000610351562,153.33999633789062,147.7756805419922,279000
2025-02-18,152.55999755859375,154.8800048828125,151.52000427246094,154.49000549316406,148.8839569091797,279800
2025-02-19,153.55999755859375,155.69000244140625,153.17999267578125,154.33999633789062,148.73941040039062,241700
2025-02-20,153.75,154.9600067138672,152.3300018310547,154.5800018310547,148.970703125,254300
2025-02-21,156.0500030517578,157.08999633789062,148.9499969482422,149.55999755859375,144.13284301757812,447800
2025-02-24,149.55999755859375,152.92999267578125,147.1300048828125,150.58999633789062,145.12547302246094,338400
2025-02-25,150.97000122070312,152.75,147.9600067138672,149.22999572753906,143.81483459472656,366400
2025-02-26,149.4499969482422,152.00999450683594,146.0399932861328,146.33999633789062,141.02969360351562,547200
2025-02-27,163.0,169.8000030517578,156.50999450683594,162.5800018310547,156.68040466308594,1217900
2025-02-28,163.5399932861328,171.9499969482422,163.5399932861328,169.14999389648438,163.01199340820312,1153400
2025-03-03,169.14999389648438,173.11000061035156,168.6300048828125,172.9600067138672,166.68374633789062,823000
2025-03-04,173.22000122070312,173.4499969482422,166.88999938964844,169.75,163.59022521972656,624700
2025-03-05,169.94000244140625,171.1699981689453,166.22999572753906,169.6300048828125,163.47459411621094,444500
2025-03-06,167.83999633789062,172.85000610351562,166.8000030517578,172.58999633789062,166.32716369628906,632500
2025-03-07,173.07000732421875,178.67999267578125,173.02000427246094,177.85000610351562,171.39630126953125,610000
2025-03-10,178.22000122070312,181.1300048828125,176.72000122070312,176.94000244140625,170.51931762695312,883500
2025-03-11,176.41000366210938,178.14999389648438,168.77000427246094,169.05999755859375,162.92526245117188,817100
2025-03-12,170.17999267578125,170.67999267578125,166.49000549316406,169.16000366210938,163.02163696289062,683100
2025-03-13,169.5,172.16000366210938,168.38999938964844,168.5500030517578,162.43377685546875,479100
2025-03-14,168.97999572753906,170.38999938964844,167.24000549316406,169.8800048828125,163.71551513671875,596800
2025-03-17,171.1999969482422,174.3699951171875,170.50999450683594,174.00999450683594,167.69564819335938,726300
2025-03-18,174.49000549316406,175.0,171.85000610351562,174.52000427246094,168.1871337890625,475900
2025-03-19,174.2899932861328,179.52999877929688,174.2899932861328,179.27999877929688,172.7744140625,431300
2025-03-20,177.02999877929688,179.77999877929688,176.97000122070312,177.3800048828125,170.94334411621094,445100
2025-03-21,177.97999572753906,179.47000122070312,174.5500030517578,176.99000549316406,170.56752014160156,2599600
2025-03-24,178.4199981689453,178.97999572753906,175.57000732421875,177.39999389648438,170.96263122558594,635300
2025-03-25,177.91000366210938,181.1999969482422,177.5500030517578,181.0,174.4320068359375,484500
2025-03-26,181.1999969482422,183.57000732421875,180.49000549316406,182.75,176.1184844970703,489400
2025-03-27,181.64999389648438,183.2100067138672,179.0,179.49000549316406,172.97679138183594,335900
2025-03-28,178.50999450683594,182.0,174.5800018310547,176.4499969482422,170.04710388183594,410200
2025-03-31,176.47000122070312,179.89999389648438,175.64999389648438,179.22000122070312,172.71658325195312,373900
2025-04-01,178.77999877929688,181.2100067138672,176.58999633789062,178.75999450683594,172.27325439453125,532000
2025-04-02,176.1300048828125,181.9600067138672,175.60000610351562,181.86000061035156,175.2607879638672,320000
2025-04-03,176.05999755859375,177.86000061035156,166.83999633789062,166.9600067138672,160.9014892578125,784400
2025-04-04,161.44000244140625,161.97000122070312,152.8300018310547,153.4199981689453,147.85279846191406,930600
2025-04-07,149.89999389648438,159.5800018310547,147.02000427246094,150.6699981689453,145.2025909423828,645500
2025-04-08,156.55999755859375,157.02000427246094,145.7899932861328,147.7899932861328,142.42710876464844,635100
2025-04-09,145.8000030517578,161.2899932861328,143.32000732421875,159.39999389648438,153.6157989501953,834500
2025-04-10,157.60000610351562,157.60000610351562,148.02999877929688,152.97999572753906,147.4287567138672,842400
2025-04-11,153.0,154.82000732421875,148.10000610351562,151.99000549316406,146.4746856689453,707800
2025-04-14,154.10000610351562,156.22000122070312,151.8699951171875,152.5399932861328,147.0047149658203,362200
2025-04-15,152.5,154.5800018310547,152.00999450683594,152.39999389648438,146.8697967529297,246000
2025-04-16,154.1999969482422,154.38999938964844,145.89999389648438,147.19000244140625,141.84886169433594,386300
2025-04-17,147.33999633789062,149.1199951171875,146.6999969482422,147.5,142.14761352539062,279700
2025-04-21,146.60000610351562,147.6300048828125,144.41000366210938,146.4199981689453,141.10682678222656,439300
2025-04-22,148.36000061035156,150.77000427246094,147.25,150.44000244140625,144.98094177246094,497400
2025-04-23,153.63999938964844,157.35000610351562,149.36000061035156,149.97000122070312,144.52798461914062,367400
2025-04-24,149.22000122070312,151.8300018310547,149.0,150.9600067138672,145.48207092285156,259900
2025-04-25,150.94000244140625,153.0500030517578,149.89999389648438,152.1199951171875,146.59996032714844,220600
2025-04-28,152.1999969482422,153.85000610351562,151.36000061035156,152.3699951171875,146.84088134765625,430200
2025-04-29,151.24000549316406,151.5399932861328,149.10000610351562,150.1999969482422,144.74964904785156,440500
2025-04-30,147.6699981689453,150.1999969482422,141.66000366210938,149.66000366210938,144.22921752929688,906300
2025-05-01,149.35000610351562,150.49000549316406,144.52000427246094,144.67999267578125,139.42994689941406,478000
2025-05-02,146.14999389648438,152.7899932861328,146.05999755859375,152.66000366210938,147.12037658691406,779000
2025-05-05,149.58999633789062,158.75,149.58999633789062,155.3699951171875,149.73204040527344,977800
2025-05-06,152.52999877929688,154.85000610351562,152.22000122070312,154.52000427246094,148.9128875732422,448600
2025-05-07,155.2100067138672,158.44000244140625,154.63999938964844,155.88999938964844,150.23316955566406,1001900
2025-05-08,160.0,171.4499969482422,160.0,164.30999755859375,158.3476104736328,911100
2025-05-09,164.0500030517578,166.57000732421875,161.60000610351562,164.8699951171875,158.88731384277344,549600
2025-05-12,170.91000366210938,173.83999633789062,167.97000122070312,169.64999389648438,163.4938507080078,737900
2025-05-13,170.67999267578125,175.9499969482422,169.77000427246094,174.4199981689453,168.09075927734375,423400
2025-05-14,173.08999633789062,175.72999572753906,172.75999450683594,174.58999633789062,168.25460815429688,463300
2025-05-15,174.32000732421875,177.0399932861328,174.32000732421875,176.08999633789062,169.7001495361328,441400
2025-05-16,176.0,177.80999755859375,175.16000366210938,176.52999877929688,170.1241912841797,356000
2025-05-19,173.75,174.60000610351562,173.02000427246094,174.27000427246094,169.734619140625,280400
2025-05-20,175.0399932861328,176.4199981689453,173.8699951171875,175.74000549316406,171.16635131835938,303200
2025-05-21,173.6999969482422,174.41000366210938,170.36000061035156,170.72999572753906,166.28671264648438,321800
2025-05-22,170.82000732421875,172.72000122070312,169.9499969482422,171.4600067138672,166.99774169921875,276200
2025-05-23,168.89999389648438,172.4199981689453,168.8300018310547,171.50999450683594,167.0464324951172,311700
2025-05-27,173.92999267578125,175.3800048828125,171.52000427246094,175.22000122070312,170.65988159179688,361200
2025-05-28,174.89999389648438,176.08999633789062,171.86000061035156,172.2100067138672,167.72821044921875,265300
2025-05-29,172.94000244140625,173.0,169.6300048828125,170.55999755859375,166.12115478515625,201600
2025-05-30,170.39999389648438,170.82000732421875,167.5399932861328,170.4199981689453,165.98480224609375,334000
2025-06-02,169.50999450683594,169.50999450683594,164.52000427246094,167.3000030517578,162.94601440429688,251800
2025-06-03,167.4199981689453,170.02999877929688,165.3800048828125,169.8800048828125,165.45884704589844,283600
2025-06-04,169.8800048828125,170.0,165.7100067138672,165.72999572753906,161.41683959960938,326700
2025-06-05,165.6699981689453,168.0399932861328,164.4499969482422,164.7100067138672,160.4234161376953,318900
2025-06-06,166.3699951171875,169.0500030517578,166.0399932861328,169.0,164.6017608642578,224900
2025-06-09,169.67999267578125,170.0,167.4499969482422,168.33999633789062,163.9589385986328,186900
2025-06-10,168.25999450683594,173.11000061035156,166.91000366210938,171.89999389648438,167.42628479003906,170400
2025-06-11,173.07000732421875,174.33999633789062,171.77000427246094,172.3800048828125,167.89378356933594,180600
2025-06-12,171.55999755859375,172.1199951171875,168.6999969482422,169.1699981689453,164.767333984375,165000
2025-06-13,168.13999938964844,169.89999389648438,165.5399932861328,166.5399932861328,162.2057647705078,278800
2025-06-16,167.80999755859375,170.3699951171875,166.83999633789062,169.08999633789062,164.6894073486328,226100
2025-06-17,167.69000244140625,168.11000061035156,164.0,165.72000122070312,161.40711975097656,343800
2025-06-18,164.92999267578125,168.0500030517578,164.75999450683594,166.58999633789062,162.25445556640625,254500
2025-06-20,168.39999389648438,172.2899932861328,167.72000122070312,171.7899932861328,167.3191375732422,585700
2025-06-23,171.7899932861328,176.1999969482422,171.74000549316406,174.60000610351562,170.0560302734375,348400
2025-06-24,175.5399932861328,177.41000366210938,174.0500030517578,176.2100067138672,171.62411499023438,282300
2025-06-25,176.16000366210938,176.19000244140625,167.77999877929688,170.7899932861328,166.34518432617188,299100
2025-06-26,172.8699951171875,174.30999755859375,170.72000122070312,173.27999877929688,168.77037048339844,214300
2025-06-27,173.8800048828125,175.22000122070312,170.8800048828125,172.47999572753906,167.99119567871094,613300
2025-06-30,172.91000366210938,174.05999755859375,170.32000732421875,172.9499969482422,168.44894409179688,203600
2025-07-01,172.74000549316406,180.3300018310547,172.74000549316406,177.86000061035156,173.23117065429688,350300
2025-07-02,178.0500030517578,181.1199951171875,176.99000549316406,180.25999450683594,175.56871032714844,308100
2025-07-03,181.57000732421875,184.22999572753906,180.64999389648438,181.27000427246094,176.55242919921875,174500
2025-07-07,180.67999267578125,182.27999877929688,176.6300048828125,176.7100067138672,172.11111450195312,264000
2025-07-08,176.97000122070312,184.38999938964844,176.97000122070312,183.50999450683594,178.73411560058594,467000
2025-07-09,184.13999938964844,185.25,182.6999969482422,183.41000366210938,178.63674926757812,319700
2025-07-10,184.44000244140625,186.41000366210938,183.32000732421875,184.92999267578125,180.11717224121094,200100
2025-07-11,183.66000366210938,184.89999389648438,179.66000366210938,180.02000427246094,175.3349609375,167100
2025-07-14,179.64999389648438,184.6199951171875,179.50999450683594,183.97000122070312,179.18214416503906,171000
2025-07-15,183.97000122070312,184.35000610351562,179.0399932861328,179.08999633789062,174.42916870117188,157700
2025-07-16,179.67999267578125,181.9600067138672,177.5500030517578,179.80999755859375,175.13043212890625,168600
2025-07-17,178.85000610351562,184.1999969482422,178.85000610351562,184.07000732421875,179.27957153320312,302500
2025-07-18,185.0,185.25,182.1999969482422,184.85000610351562,180.0392608642578,379800
2025-07-21,185.30999755859375,185.5,177.10000610351562,181.99000549316406,177.25369262695312,501500
2025-07-22,182.30999755859375,185.02999877929688,181.22999572753906,184.19000244140625,179.3964385986328,246500
2025-07-23,184.55999755859375,192.2100067138672,183.5800018310547,191.74000549316406,186.74993896484375,457500
2025-07-24,190.02999877929688,191.33999633789062,188.10000610351562,189.8699951171875,184.92860412597656,351500
2025-07-25,189.88999938964844,189.9499969482422,185.8300018310547,189.60000610351562,184.6656494140625,282300
2025-07-28,189.60000610351562,191.55999755859375,187.92999267578125,191.4600067138672,186.4772491455078,275300
2025-07-29,192.08999633789062,192.36000061035156,188.1699981689453,189.77999877929688,184.84095764160156,296400
2025-07-30,190.05999755859375,192.22000122070312,186.38999938964844,187.58999633789062,182.7079315185547,297200
2025-07-31,186.5399932861328,189.22999572753906,185.0800018310547,187.11000061035156,182.24044799804688,283200
2025-08-01,185.0500030517578,185.0500030517578,180.35000610351562,184.60000610351562,179.7957763671875,189500
2025-08-04,185.92999267578125,189.05999755859375,185.10000610351562,188.5800018310547,183.67218017578125,238600
2025-08-05,188.60000610351562,189.27999877929688,184.92999267578125,187.22999572753906,182.35731506347656,193200
2025-08-06,187.9199981689453,187.9199981689453,183.72000122070312,186.99000549316406,182.12356567382812,381000
2025-08-07,193.2100067138672,194.0,183.10000610351562,184.52999877929688,179.7275848388672,466100
2025-08-08,185.5,188.3000030517578,183.8300018310547,186.8000030517578,181.93850708007812,540500
2025-08-11,190.02999877929688,201.3800048828125,190.00999450683594,194.07000732421875,189.01931762695312,1047100
2025-08-12,194.8699951171875,202.3300018310547,194.8699951171875,202.0500030517578,196.79164123535156,368400
2025-08-13,202.1300048828125,210.30999755859375,200.0399932861328,210.0399932861328,204.5736846923828,443400
2025-08-14,208.35000610351562,212.44000244140625,205.47999572753906,211.30999755859375,205.8106231689453,338100
2025-08-15,209.6699981689453,211.2100067138672,206.30999755859375,206.36000061035156,202.77432250976562,311300
2025-08-18,206.36000061035156,207.74000549316406,204.83999633789062,206.3800048828125,202.7939910888672,201600
2025-08-19,222.55999755859375,223.36000061035156,202.30999755859375,207.72999572753906,204.12051391601562,1148500
2025-08-20,205.74000549316406,208.75999450683594,199.8000030517578,202.47999572753906,198.96173095703125,769800
2025-08-21,203.10000610351562,205.02000427246094,199.39999389648438,204.83999633789062,201.28073120117188,543800
2025-08-22,205.75,210.22000122070312,204.6199951171875,207.05999755859375,203.46217346191406,283100
2025-08-25,206.9600067138672,208.6999969482422,205.9600067138672,206.82000732421875,203.22634887695312,342700
2025-08-26,206.9600067138672,207.94000244140625,203.6300048828125,203.91000366210938,200.36691284179688,428600
2025-08-27,203.4199981689453,206.61000061035156,203.3800048828125,206.16000366210938,202.5778045654297,333900
2025-08-28,207.1199951171875,207.49000549316406,200.6999969482422,201.1300048828125,197.6352081298828,302900
2025-08-29,200.94000244140625,205.97000122070312,200.94000244140625,204.52999877929688,200.9761199951172,408800
2025-09-02,201.22999572753906,204.85000610351562,200.77000427246094,202.9600067138672,199.43341064453125,207900
2025-09-03,202.47000122070312,206.39999389648438,202.0,205.7899932861328,202.21421813964844,239300
2025-09-04,206.2100067138672,207.5800018310547,205.36000061035156,206.66000366210938,203.06912231445312,201300
2025-09-05,206.83999633789062,210.4600067138672,206.83999633789062,208.27000427246094,204.65115356445312,209400
2025-09-08,208.67999267578125,210.1199951171875,206.9499969482422,208.94000244140625,205.3094940185547,181100
2025-09-09,207.3699951171875,210.00999450683594,202.4199981689453,202.6699981689453,199.1484375,289300
2025-09-10,201.9600067138672,202.8000030517578,195.8000030517578,197.36000061035156,193.9307098388672,388500
2025-09-11,197.14999389648438,207.83999633789062,195.16000366210938,206.22000122070312,202.6367645263672,497300
2025-09-12,205.14999389648438,208.9499969482422,203.4600067138672,206.9499969482422,203.3540802001953,301200
2025-09-15,206.89999389648438,209.42999267578125,204.27000427246094,204.60000610351562,201.04490661621094,233900
2025-09-16,204.11000061035156,204.1999969482422,201.1699981689453,202.9499969482422,199.42356872558594,240700
2025-09-17,202.66000366210938,209.14999389648438,202.57000732421875,205.9199981689453,202.3419647216797,255600
2025-09-18,206.36000061035156,209.4499969482422,205.61000061035156,206.39999389648438,202.81361389160156,348400
2025-09-19,206.88999938964844,209.7100067138672,204.5,208.94000244140625,205.3094940185547,902600
2025-09-22,208.94000244140625,209.8000030517578,201.50999450683594,202.25,198.73574829101562,461900
2025-09-23,202.74000549316406,205.38999938964844,201.7899932861328,202.05999755859375,198.54904174804688,190600
2025-09-24,201.75,202.77000427246094,197.57000732421875,199.3000030517578,195.83700561523438,249400
2025-09-25,197.9499969482422,199.41000366210938,195.60000610351562,198.10000610351562,194.65786743164062,255800
2025-09-26,198.1999969482422,199.74000549316406,197.27000427246094,197.8000030517578,194.36306762695312,238000
2025-09-29,198.5500030517578,199.39999389648438,195.0,198.10000610351562,194.65786743164062,247100
2025-09-30,197.86000061035156,199.85000610351562,196.6699981689453,197.74000549316406,194.30410766601562,666400
2025-10-01,197.5,199.69000244140625,195.22999572753906,196.05999755859375,192.65330505371094,303200
2025-10-02,195.0,199.47999572753906,195.0,198.6300048828125,195.17864990234375,274900
2025-10-03,198.91000366210938,203.83999633789062,198.91000366210938,200.94000244140625,197.44850158691406,320300
2025-10-06,201.69000244140625,205.27000427246094,198.5,201.8800048828125,198.37217712402344,245200
2025-10-07,201.74000549316406,206.75,200.07000732421875,204.07000732421875,200.5241241455078,441000
2025-10-08,204.07000732421875,204.22999572753906,199.8699951171875,203.1699981689453,199.63975524902344,316700
2025-10-09,203.92999267578125,203.92999267578125,199.0399932861328,199.1999969482422,195.73873901367188,236600
2025-10-10,200.3699951171875,201.4600067138672,191.97000122070312,192.52999877929688,189.18463134765625,207900
2025-10-13,193.63999938964844,196.97999572753906,193.0,194.4600067138672,191.0811004638672,185300
2025-10-14,194.4600067138672,198.7100067138672,194.13999938964844,197.91000366210938,194.47116088867188,209600
2025-10-15,198.9499969482422,199.49000549316406,191.63999938964844,194.0800018310547,190.70770263671875,367300
2025-10-16,194.17999267578125,194.88999938964844,188.60000610351562,189.41000366210938,186.1188507080078,238300
2025-10-17,190.13999938964844,191.5500030517578,188.5,190.13999938964844,186.83616638183594,337300
2025-10-20,192.08999633789062,194.8699951171875,191.52000427246094,194.27999877929688,190.9042205810547,184200
2025-10-21,194.77000427246094,198.05999755859375,194.27999877929688,197.19000244140625,193.76365661621094,225600
2025-10-22,198.32000732421875,198.32000732421875,193.35000610351562,193.99000549316406,190.6192626953125,268900
2025-10-23,194.77000427246094,194.77000427246094,190.97000122070312,191.33999633789062,188.0153045654297,204500
2025-10-24,192.72999572753906,193.5500030517578,189.4199981689453,190.72999572753906,187.41590881347656,246700
2025-10-27,191.50999450683594,191.50999450683594,189.17999267578125,190.77000427246094,187.45521545410156,172200
2025-10-28,190.9600067138672,191.72000122070312,189.1999969482422,191.1699981689453,187.8482666015625,216300
2025-10-29,191.1199951171875,193.0500030517578,186.08999633789062,188.64999389648438,185.37205505371094,315300
2025-10-30,188.27000427246094,196.72000122070312,188.27000427246094,195.17999267578125,191.78857421875,234000
2025-10-31,193.75999450683594,196.1699981689453,192.91000366210938,195.72999572753906,192.32904052734375,303700
2025-11-03,194.7100067138672,195.5399932861328,189.16000366210938,195.10000610351562,191.70999145507812,259300
2025-11-04,194.75,198.8000030517578,190.0,198.38999938964844,194.94281005859375,392200
2025-11-05,197.44000244140625,200.41000366210938,195.58999633789062,196.32000732421875,192.90878295898438,354600
2025-11-06,188.44000244140625,197.5800018310547,181.5399932861328,189.3000030517578,186.01075744628906,647500
2025-11-07,188.25,191.97999572753906,185.66000366210938,190.64999389648438,187.3372802734375,394400
2025-11-10,191.2899932861328,192.47999572753906,189.1699981689453,190.0800018310547,186.77720642089844,232000
2025-11-11,189.49000549316406,195.97000122070312,187.64999389648438,194.85000610351562,191.46432495117188,304500
2025-11-12,191.67999267578125,192.99000549316406,187.60000610351562,188.0800018310547,186.5931396484375,295600
2025-11-13,187.16000366210938,188.83999633789062,183.33999633789062,183.63999938964844,182.188232421875,276800
2025-11-14,182.58999633789062,182.9199981689453,179.82000732421875,182.17999267578125,180.73977661132812,320400
2025-11-17,183.74000549316406,191.41000366210938,183.1699981689453,187.5399932861328,186.05740356445312,483900
2025-11-18,186.52000427246094,191.7100067138672,183.1300048828125,186.63999938964844,185.16452026367188,511900
2025-11-19,185.2899932861328,187.2100067138672,183.13999938964844,185.7100067138672,184.24188232421875,224000
2025-11-20,187.27999877929688,191.5500030517578,183.64999389648438,185.77999877929688,184.3113250732422,269700
2025-11-21,187.36000061035156,192.44000244140625,186.05999755859375,189.27999877929688,187.7836456298828,194500
2025-11-24,184.72000122070312,188.0,180.7899932861328,186.6999969482422,185.2240447998047,479100
2025-11-25,186.6999969482422,191.75,184.8800048828125,191.0,189.49005126953125,357000
2025-11-26,191.4199981689453,194.75,188.47999572753906,191.02000427246094,189.50990295410156,273700
2025-11-28,191.24000549316406,194.5,189.66000366210938,192.13999938964844,190.62103271484375,110300
2025-12-01,190.11000061035156,192.52999877929688,187.8800048828125,188.41000366210938,186.9205322265625,252800
2025-12-02,188.41000366210938,190.82000732421875,187.3699951171875,187.8300018310547,186.34510803222656,295200
2025-12-03,188.27000427246094,193.1699981689453,187.4499969482422,190.9199981689453,189.4106903076172,237400
2025-12-04,190.9499969482422,191.80999755859375,188.5800018310547,189.83999633789062,188.33921813964844,194300
2025-12-05,189.64999389648438,192.0800018310547,188.3800048828125,189.00999450683594,187.51577758789062,201700
2025-12-08,190.16000366210938,196.72999572753906,187.02999877929688,195.91000366210938,194.36123657226562,486300
2025-12-09,196.07000732421875,198.72999572753906,195.10000610351562,197.91000366210938,196.34542846679688,302900
2025-12-10,197.47000122070312,205.47000122070312,196.75,205.27000427246094,203.64724731445312,312100
2025-12-11,206.11000061035156,211.60000610351562,205.0800018310547,210.6699981689453,209.00454711914062,399800
2025-12-12,210.8800048828125,212.72000122070312,201.66000366210938,203.6699981689453,202.0598907470703,396000
2025-12-15,204.5399932861328,206.02000427246094,203.3000030517578,204.05999755859375,202.44680786132812,252200
2025-12-16,203.72999572753906,207.22000122070312,201.11000061035156,202.5399932861328,200.93881225585938,207900
2025-12-17,202.5399932861328,206.63999938964844,202.5399932861328,205.75,204.12344360351562,175400
2025-12-18,205.3300018310547,207.61000061035156,203.86000061035156,204.3000030517578,202.68490600585938,300500
2025-12-19,204.3000030517578,204.77000427246094,201.1999969482422,201.9600067138672,200.36341857910156,781700
2025-12-22,201.77000427246094,205.75,199.99000549316406,200.27000427246094,198.686767578125,415700
2025-12-23,200.25999450683594,205.72000122070312,199.32000732421875,203.36000061035156,201.75233459472656,214200
2025-12-24,203.6999969482422,206.0,203.32000732421875,203.5,201.8912353515625,117700
2025-12-26,203.80999755859375,205.13999938964844,202.17999267578125,204.9499969482422,203.32977294921875,129400
2025-12-29,204.14999389648438,204.94000244140625,202.2899932861328,202.4199981689453,200.81976318359375,136600
2025-12-30,202.4199981689453,206.58999633789062,201.30999755859375,205.13999938964844,203.5182647705078,210900
2025-12-31,205.13999938964844,205.8300018310547,202.77000427246094,203.0500030517578,201.44479370117188,205000
2026-01-02,203.19000244140625,209.5,202.0,208.83999633789062,207.1890106201172,241200
2026-01-05,207.83999633789062,211.0500030517578,207.83999633789062,210.14999389648438,208.48866271972656,230500
2026-01-06,209.77000427246094,210.02000427246094,204.75,206.6999969482422,205.06593322753906,196900
2026-01-07,207.57000732421875,208.47999572753906,202.3699951171875,205.80999755859375,204.18296813964844,251600
2026-01-08,205.8300018310547,211.4499969482422,203.0,206.25999450683594,204.62940979003906,301600
2026-01-09,206.19000244140625,209.83999633789062,205.38999938964844,208.47000122070312,206.8219451904297,190200
2026-01-12,208.5,212.3800048828125,207.75,210.8300018310547,209.1632843017578,343100
2026-01-13,210.8699951171875,211.6699981689453,204.07000732421875,206.32000732421875,204.68894958496094,177800
2026-01-14,206.7100067138672,212.8000030517578,205.55999755859375,212.52999877929688,210.849853515625,233200
2026-01-15,211.89999389648438,220.0,209.89999389648438,218.2899932861328,216.56430053710938,536600
2026-01-16,217.1999969482422,219.9600067138672,214.52000427246094,216.32000732421875,214.60989379882812,739200
2026-01-20,215.25,216.97999572753906,210.17999267578125,211.75999450683594,210.08592224121094,635900
2026-01-21,213.44000244140625,216.92999267578125,212.3300018310547,212.41000366210938,210.73080444335938,246400
2026-01-22,213.4499969482422,219.52999877929688,212.0500030517578,219.27000427246094,217.5365753173828,346600
2026-01-23,219.30999755859375,219.47000122070312,211.97999572753906,212.99000549316406,211.30621337890625,269000
2026-01-26,213.75999450683594,218.49000549316406,210.0,211.97000122070312,210.29428100585938,238500
2026-01-27,211.89999389648438,212.75,209.22999572753906,209.4199981689453,207.76443481445312,178600
2026-01-28,208.8300018310547,211.35000610351562,205.0399932861328,207.30999755859375,205.67111206054688,225300
2026-01-29,208.4600067138672,209.05999755859375,204.88999938964844,206.97000122070312,205.33380126953125,358000
2026-01-30,206.97000122070312,212.6999969482422,205.27999877929688,212.3800048828125,210.70103454589844,399300
2026-02-02,211.63999938964844,213.75,208.6999969482422,209.1300048828125,207.4767303466797,290700
2026-02-03,208.1199951171875,208.69000244140625,201.35000610351562,208.11000061035156,206.4647979736328,347800
2026-02-04,208.11000061035156,216.33999633789062,208.11000061035156,213.69000244140625,212.0006866455078,392600
2026-02-05,213.05999755859375,218.6999969482422,212.8300018310547,218.10000610351562,216.37582397460938,407200
2026-02-06,218.0,223.42999267578125,215.8000030517578,221.27000427246094,219.520751953125,410000
2026-02-09,231.0,254.3000030517578,231.0,240.0399932861328,238.14236450195312,1156500
2026-02-10,239.5500030517578,245.86000061035156,235.0,245.58999633789062,243.6484832763672,614300
2026-02-11,245.58999633789062,245.58999633789062,236.2100067138672,240.4499969482422,238.5491180419922,378900
2026-02-12,240.4499969482422,243.8699951171875,233.19000244140625,235.27999877929688,233.4199981689453,362000
2026-02-13,233.24000549316406,233.89999389648438,229.55999755859375,231.17999267578125,231.17999267578125,198900
2026-02-17,231.17999267578125,235.22000122070312,228.72000122070312,233.39999389648438,233.39999389648438,297800
2026-02-18,234.0399932861328,241.52999877929688,231.9499969482422,238.07000732421875,238.07000732421875,318700
2026-02-19,235.6199951171875,239.33999633789062,232.60000610351562,233.36000061035156,233.36000061035156,266900
2026-02-20,233.52999877929688,234.07000732421875,229.16000366210938,231.44000244140625,231.44000244140625,268000
2026-02-23,231.67999267578125,234.2899932861328,225.0800018310547,230.61000061035156,230.61000061035156,348300
2026-02-24,230.52999877929688,235.14999389648438,230.52999877929688,232.77000427246094,232.77000427246094,282400
2026-02-25,232.77000427246094,233.8800048828125,229.4499969482422,232.5399932861328,232.5399932861328,253000
2026-02-26,225.0,248.63999938964844,221.6199951171875,246.16000366210938,246.16000366210938,582700
2026-02-27,245.6300048828125,252.02999877929688,239.85000610351562,251.02000427246094,251.02000427246094,503600
2026-03-02,248.75,250.14999389648438,245.17999267578125,247.24000549316406,247.24000549316406,358600
2026-03-03,243.22000122070312,247.50999450683594,238.19000244140625,243.5500030517578,243.5500030517578,301300
2026-03-04,243.5500030517578,245.8300018310547,240.75,245.52999877929688,245.52999877929688,297300
2026-03-05,245.52999877929688,253.9600067138672,242.66000366210938,253.63999938964844,253.63999938964844,312700
2026-03-06,250.99000549316406,253.74000549316406,245.58999633789062,247.75,247.75,346100
2026-03-09,244.32000732421875,247.9600067138672,237.1199951171875,246.6999969482422,246.6999969482422,305100
2026-03-10,245.80999755859375,247.07000732421875,241.9499969482422,244.77000427246094,244.77000427246094,223700
2026-03-11,244.41000366210938,248.27999877929688,243.32000732421875,245.22000122070312,245.22000122070312,250700
2026-03-12,241.5399932861328,246.85000610351562,238.47000122070312,239.1300048828125,239.1300048828125,278700
2026-03-13,241.1199951171875,246.47000122070312,232.47000122070312,233.61000061035156,233.61000061035156,278700
2026-03-16,233.61000061035156,238.5,230.66000366210938,236.52000427246094,236.52000427246094,272100
2026-03-17,237.9499969482422,241.1300048828125,236.5500030517578,237.82000732421875,237.82000732421875,214600
2026-03-18,236.47000122070312,236.47000122070312,228.72000122070312,229.00999450683594,229.00999450683594,290800
2026-03-19,227.30999755859375,229.83999633789062,217.35000610351562,223.0500030517578,223.0500030517578,427900
2026-03-20,231.63999938964844,243.0800018310547,225.3300018310547,226.80999755859375,226.80999755859375,1682400
2026-03-23,230.11000061035156,238.0399932861328,227.9499969482422,230.24000549316406,230.24000549316406,437700
2026-03-24,227.5,228.6699981689453,221.24000549316406,221.72999572753906,221.72999572753906,464200
2026-03-25,222.25999450683594,223.75,214.72999572753906,218.10000610351562,218.10000610351562,695100
2026-03-26,218.0,223.3300018310547,215.24000549316406,219.6300048828125,219.6300048828125,541300
2026-03-27,217.77000427246094,222.69000244140625,210.14999389648438,213.1300048828125,213.1300048828125,329200
