Date,Adj Close,Close,High,Low,Open,Volume
2021-02-10,55.93947982788086,61.220001220703125,61.63999938964844,60.31999969482422,61.38999938964844,895800
2021-02-11,55.8206901550293,61.09000015258789,61.70000076293945,60.380001068115234,61.630001068115234,874300
2021-02-12,55.16279220581055,60.369998931884766,61.27999877929688,60.02000045776367,61.0,1063200
2021-02-16,54.0206184387207,59.119998931884766,60.40999984741211,59.09999847412109,60.34000015258789,850100
2021-02-17,54.14854431152344,59.2599983215332,59.65999984741211,58.59999847412109,58.83000183105469,715100
2021-02-18,53.13428497314453,58.150001525878906,59.38999938964844,57.810001373291016,58.869998931884766,780300
2021-02-19,54.495750427246094,59.63999938964844,60.04999923706055,58.540000915527344,58.68000030517578,1024200
2021-02-22,56.51514053344727,61.84999847412109,61.88999938964844,59.18999862670898,59.560001373291016,1216200
2021-02-23,56.432899475097656,61.7599983215332,62.09999847412109,60.81999969482422,61.790000915527344,1103500
2021-02-24,56.01256942749024,61.29999923706055,62.290000915527344,60.90999984741211,61.93999862670898,1393200
2021-02-25,55.03487396240234,60.22999954223633,61.77000045776367,59.91999816894531,61.43000030517578,1179200
2021-02-26,54.249061584472656,59.369998931884766,60.88999938964844,59.27000045776367,60.56999969482422,1419700
2021-03-01,55.436920166015625,60.66999816894531,61.290000915527344,60.220001220703125,60.290000915527344,1083400
2021-03-02,55.66535949707031,60.91999816894531,60.97999954223633,59.79999923706055,60.84000015258789,1175400
2021-03-03,56.63393020629883,61.97999954223633,63.04999923706055,60.79999923706055,61.11000061035156,1094100
2021-03-04,55.7750129699707,61.040000915527344,62.4900016784668,60.36000061035156,61.68999862670898,1317100
2021-03-05,57.09079360961914,62.47999954223633,62.56999969482422,61.09000015258789,61.72999954223633,1766500
2021-03-08,58.22385025024414,63.720001220703125,64.20999908447266,62.20000076293945,62.93000030517578,2462000
2021-03-09,57.92230987548828,63.38999938964844,64.37000274658203,63.040000915527344,63.380001068115234,1385000
2021-03-10,59.38429260253906,64.98999786376953,65.3499984741211,63.2599983215332,63.5099983215332,997300
2021-03-11,59.37516021728516,64.9800033569336,65.5,64.8499984741211,65.04000091552734,1036600
2021-03-12,58.82690048217773,64.37999725341797,65.83000183105469,64.33999633789062,65.23999786376953,913000
2021-03-15,59.649295806884766,65.27999877929688,65.29000091552734,63.52999877929688,64.2300033569336,881100
2021-03-16,59.96909713745117,65.62999725341797,65.73999786376953,64.7699966430664,65.02999877929688,833300
2021-03-17,60.96508026123047,66.72000122070312,67.12000274658203,65.47000122070312,65.77999877929688,1305100
2021-03-18,61.64124298095703,67.45999908447266,68.16000366210938,66.38999938964844,66.52999877929688,1622300
2021-03-19,61.65952682495117,67.4800033569336,67.97000122070312,67.01000213623047,67.5199966430664,1940000
2021-03-22,61.65952682495117,67.4800033569336,67.77999877929688,66.6500015258789,67.04000091552734,1491700
2021-03-23,59.9599494934082,65.62000274658203,68.47000122070312,65.37000274658203,67.02999877929688,1319600
2021-03-24,59.63101959228516,65.26000213623047,66.88999938964844,65.23999786376953,65.91000366210938,982700
2021-03-25,60.97422790527344,66.7300033569336,67.04000091552734,64.27999877929688,64.9800033569336,998000
2021-03-26,63.49614715576172,69.48999786376953,69.58999633789062,67.37999725341797,67.37999725341797,1249000
2021-03-29,63.24943923950195,69.22000122070312,70.12999725341797,68.83000183105469,69.3499984741211,732700
2021-03-30,63.22203826904297,69.19000244140625,69.97000122070312,68.98999786376953,69.08999633789062,912700
2021-03-31,61.77832794189453,67.61000061035156,69.30999755859375,67.55999755859375,68.91000366210938,2079800
2021-04-01,62.01589584350586,67.87000274658203,68.05999755859375,66.76000213623047,67.47000122070312,1180400
2021-04-05,62.11641693115234,67.9800033569336,68.16000366210938,66.41999816894531,66.47000122070312,940600
2021-04-06,62.9570426940918,68.9000015258789,69.02999877929688,67.83000183105469,68.16999816894531,956700
2021-04-07,61.58642959594727,67.4000015258789,69.0,67.37999725341797,68.91000366210938,730000
2021-04-08,61.06558609008789,66.83000183105469,67.48999786376953,66.52999877929688,67.26000213623047,1201200
2021-04-09,61.46762466430664,67.2699966430664,67.5199966430664,66.4800033569336,67.05000305175781,1626900
2021-04-12,62.50931167602539,68.41000366210938,68.44999694824219,67.36000061035156,67.45999908447266,825700
2021-04-13,61.81486511230469,67.6500015258789,68.16999816894531,67.16000366210938,68.16999816894531,701500
2021-04-14,61.49505233764648,67.30000305175781,67.94000244140625,67.06999969482422,67.47000122070312,858600
2021-04-15,61.73261260986328,67.55999755859375,67.76000213623047,66.97000122070312,67.62000274658203,795200
2021-04-16,62.344844818115234,68.2300033569336,68.3499984741211,67.5199966430664,67.9800033569336,644100
2021-04-19,62.01589584350586,67.87000274658203,68.5199966430664,67.12999725341797,68.38999938964844,659200
2021-04-20,61.32144546508789,67.11000061035156,68.08999633789062,66.44000244140625,67.79000091552734,734700
2021-04-21,62.07072067260742,67.93000030517578,67.97000122070312,66.8499984741211,67.2699966430664,711900
2021-04-22,61.906227111816406,67.75,68.94000244140625,67.58000183105469,68.41000366210938,942900
2021-04-23,62.463623046875,68.36000061035156,68.87000274658203,67.55999755859375,67.9000015258789,743100
2021-04-26,62.04330825805664,67.9000015258789,69.56999969482422,67.81999969482422,68.68000030517578,1440000
2021-04-27,62.24432373046875,68.12000274658203,68.19000244140625,67.16999816894531,67.66999816894531,1335400
2021-04-28,60.80060958862305,66.54000091552734,68.18000030517578,66.5199966430664,68.18000030517578,1054300
2021-04-29,62.754520416259766,68.41000366210938,68.98999786376953,66.08000183105469,66.30000305175781,1692200
2021-04-30,62.14907836914063,67.75,69.01000213623047,67.37000274658203,68.3499984741211,2278900
2021-05-03,64.47909545898438,70.29000091552734,70.63999938964844,68.12999725341797,68.6500015258789,1760800
2021-05-04,65.61659240722656,71.52999877929688,71.56999969482422,69.5199966430664,69.80000305175781,1041500
2021-05-05,65.33222198486328,71.22000122070312,72.0,70.18000030517578,71.7699966430664,1183400
2021-05-06,65.4422836303711,71.33999633789062,71.55000305175781,70.69000244140625,71.55000305175781,725500
2021-05-07,65.24964904785156,71.12999725341797,71.73999786376953,70.20999908447266,70.9000015258789,848800
2021-05-10,66.27706146240234,72.25,73.05000305175781,71.25,71.33999633789062,894400
2021-05-11,65.01116180419922,70.87000274658203,71.58999633789062,70.61000061035156,71.54000091552734,891900
2021-05-12,62.82788848876953,68.48999786376953,70.91000366210938,68.38999938964844,70.75,1482100
2021-05-13,65.18545532226562,71.05999755859375,71.61000061035156,68.47000122070312,68.6500015258789,801700
2021-05-14,65.83675384521484,71.7699966430664,72.06999969482422,70.80999755859375,71.16999816894531,728500
2021-05-17,65.01116180419922,70.87000274658203,72.23999786376953,70.29000091552734,71.80000305175781,979900
2021-05-18,63.17649841308594,68.87000274658203,71.18000030517578,68.80999755859375,71.04000091552734,872000
2021-05-19,62.94715881347656,68.62000274658203,68.75,67.37000274658203,68.33000183105469,819500
2021-05-20,63.23152923583984,68.93000030517578,69.18000030517578,68.38999938964844,68.83999633789062,609700
2021-05-21,63.543434143066406,69.2699966430664,70.06999969482422,69.05000305175781,69.12000274658203,3089900
2021-05-24,63.46085739135742,69.18000030517578,69.88999938964844,68.98999786376953,69.88999938964844,711000
2021-05-25,63.44252395629883,69.16000366210938,70.16000366210938,68.98999786376953,69.31999969482422,749800
2021-05-26,64.1763687133789,69.95999908447266,70.08999633789062,69.19000244140625,69.19000244140625,683000
2021-05-27,65.22212219238281,71.0999984741211,71.20999908447266,70.48999786376953,70.55000305175781,1514200
2021-05-28,65.19461059570312,71.06999969482422,71.61000061035156,70.7300033569336,71.4800033569336,901800
2021-06-01,65.62577819824219,71.54000091552734,72.11000061035156,70.86000061035156,72.08000183105469,694000
2021-06-02,65.35974884033203,71.25,71.86000061035156,70.81999969482422,71.4800033569336,1120500
2021-06-03,63.13980102539063,68.83000183105469,71.41999816894531,68.56999969482422,70.88999938964844,1694400
2021-06-04,63.34161376953125,69.05000305175781,69.3499984741211,68.58999633789062,68.97000122070312,1858500
2021-06-07,62.56188201904297,68.19999694824219,69.38999938964844,67.81999969482422,69.27999877929688,1199200
2021-06-08,62.73616409301758,68.38999938964844,68.69999694824219,67.75,68.44000244140625,1074000
2021-06-09,62.78203582763672,68.44000244140625,68.58999633789062,67.69999694824219,68.16999816894531,1205700
2021-06-10,62.18577575683594,67.79000091552734,69.06999969482422,67.7699966430664,68.69000244140625,810100
2021-06-11,63.24070358276367,68.94000244140625,68.98999786376953,68.0,68.06999969482422,1143000
2021-06-14,63.14897537231445,68.83999633789062,69.18000030517578,68.30000305175781,68.87000274658203,1026400
2021-06-15,63.53424453735352,69.26000213623047,69.72000122070312,68.52999877929688,69.04000091552734,948900
2021-06-16,62.72700500488281,68.37999725341797,69.26000213623047,68.2699966430664,69.13999938964844,866100
2021-06-17,61.28680038452149,66.80999755859375,68.6500015258789,66.08999633789062,68.3499984741211,1035700
2021-06-18,60.589630126953125,66.05000305175781,66.68000030517578,65.61000061035156,65.93000030517578,1676900
2021-06-21,62.04817199707031,67.63999938964844,67.88999938964844,66.66000366210938,66.68000030517578,654300
2021-06-22,62.30503082275391,67.91999816894531,68.26000213623047,67.19000244140625,67.80000305175781,813300
2021-06-23,62.5068359375,68.13999938964844,68.72000122070312,67.75,68.12999725341797,879000
2021-06-24,62.16741561889648,67.7699966430664,68.58000183105469,67.54000091552734,68.48999786376953,761000
2021-06-25,63.543434143066406,69.2699966430664,69.31999969482422,68.06999969482422,68.06999969482422,1068100
2021-06-28,64.55248260498047,70.37000274658203,70.66000366210938,69.01000213623047,69.26000213623047,1067700
2021-06-29,65.67162322998047,71.58999633789062,71.7300033569336,70.5999984741211,70.83000183105469,910100
2021-06-30,66.10277557373047,72.05999755859375,72.31999969482422,71.19000244140625,71.61000061035156,1041000
2021-07-01,66.13945770263672,72.0999984741211,72.41999816894531,71.80000305175781,72.12000274658203,697100
2021-07-02,65.112060546875,70.9800033569336,71.93000030517578,70.81999969482422,71.88999938964844,811100
2021-07-06,64.58917999267578,70.41000366210938,71.19000244140625,69.30999755859375,71.13999938964844,992700
2021-07-07,66.07526397705078,72.02999877929688,72.18000030517578,69.81999969482422,69.81999969482422,643500
2021-07-08,64.5341567993164,70.3499984741211,71.30000305175781,70.11000061035156,70.68000030517578,786800
2021-07-09,64.90108489990234,70.75,71.62000274658203,70.58999633789062,71.62000274658203,1198600
2021-07-12,65.30469512939453,71.19000244140625,71.44000244140625,70.2699966430664,70.80999755859375,817300
2021-07-13,65.15792846679688,71.02999877929688,71.30999755859375,70.80999755859375,71.19000244140625,607700
2021-07-14,65.13957214355469,71.01000213623047,71.58000183105469,70.44000244140625,71.06999969482422,1107400
2021-07-15,64.91942596435547,70.7699966430664,71.36000061035156,70.05000305175781,70.58999633789062,757700
2021-07-16,64.13050079345703,69.91000366210938,71.23999786376953,69.87000274658203,71.12999725341797,845300
2021-07-19,63.24070358276367,68.94000244140625,69.37000274658203,68.1500015258789,68.80000305175781,704700
2021-07-20,64.39653778076172,70.19999694824219,70.5,69.25,69.36000061035156,1408700
2021-07-21,64.88272857666016,70.7300033569336,70.9800033569336,70.19999694824219,70.70999908447266,565700
2021-07-22,62.95634078979492,68.62999725341797,70.80999755859375,68.44999694824219,70.80999755859375,899400
2021-07-23,63.873661041259766,69.62999725341797,69.68000030517578,68.61000061035156,69.05000305175781,770900
2021-07-26,64.03878021240234,69.80999755859375,70.01000213623047,69.36000061035156,69.73999786376953,735300
2021-07-27,64.31398010253906,70.11000061035156,70.51000213623047,69.0999984741211,69.2699966430664,819200
2021-07-28,63.662689208984375,69.4000015258789,70.41000366210938,69.12999725341797,70.18000030517578,832100
2021-07-29,64.8504867553711,70.43000030517578,70.68000030517578,67.76000213623047,70.0,979100
2021-07-30,64.7583999633789,70.33000183105469,70.66000366210938,69.4000015258789,70.55000305175781,1110900
2021-08-02,64.3072280883789,69.83999633789062,71.08000183105469,69.79000091552734,70.43000030517578,616400
2021-08-03,65.9646224975586,71.63999938964844,71.83000183105469,69.26000213623047,70.04000091552734,759500
2021-08-04,65.8541259765625,71.5199966430664,71.75,71.0199966430664,71.41999816894531,805400
2021-08-05,65.6883773803711,71.33999633789062,72.33000183105469,71.19000244140625,71.98999786376953,647400
2021-08-06,65.99225616455078,71.66999816894531,72.18000030517578,71.16000366210938,71.79000091552734,546700
2021-08-09,65.7528305053711,71.41000366210938,71.81999969482422,70.80999755859375,71.3499984741211,516900
2021-08-10,66.19481658935547,71.88999938964844,72.06999969482422,71.36000061035156,71.6500015258789,566000
2021-08-11,66.52629089355469,72.25,72.75,71.5199966430664,72.12999725341797,1162100
2021-08-12,65.76204681396484,71.41999816894531,72.41000366210938,71.12999725341797,72.41000366210938,920200
2021-08-13,66.25928497314453,71.95999908447266,72.0,71.02999877929688,71.47000122070312,545500
2021-08-16,66.88540649414062,72.63999938964844,73.08000183105469,71.66000366210938,71.79000091552734,643000
2021-08-17,65.3385009765625,70.95999908447266,72.43000030517578,70.26000213623047,72.19999694824219,742900
2021-08-18,64.73999786376953,70.30999755859375,71.31999969482422,70.20999908447266,70.62000274658203,556700
2021-08-19,64.7583999633789,70.33000183105469,70.48999786376953,69.30000305175781,69.43000030517578,566700
2021-08-20,65.43058776855469,71.05999755859375,71.30999755859375,70.51000213623047,70.63999938964844,494000
2021-08-23,65.64234161376953,71.29000091552734,71.63999938964844,70.7300033569336,71.31999969482422,497400
2021-08-24,66.12116241455078,71.80999755859375,71.87000274658203,71.12000274658203,71.3499984741211,392800
2021-08-25,66.52629089355469,72.25,72.44000244140625,71.81999969482422,71.98999786376953,671200
2021-08-26,66.05670928955078,71.73999786376953,72.25,71.5,72.16000366210938,303200
2021-08-27,66.64599609375,72.37999725341797,72.55999755859375,71.88999938964844,72.08000183105469,440300
2021-08-30,67.16162872314453,72.94000244140625,73.30000305175781,72.37999725341797,72.62000274658203,435400
2021-08-31,66.95906066894531,72.72000122070312,73.19999694824219,72.30999755859375,73.08999633789062,1335600
2021-09-01,66.84856414794922,72.5999984741211,72.87000274658203,71.25,72.7300033569336,633300
2021-09-02,67.87064361572266,73.70999908447266,73.72000122070312,72.55000305175781,72.87999725341797,680500
2021-09-03,67.4378662109375,73.23999786376953,73.80999755859375,72.58000183105469,73.55000305175781,433700
2021-09-07,66.17639923095703,71.87000274658203,73.12999725341797,71.75,73.12999725341797,736400
2021-09-08,66.3697509765625,72.08000183105469,72.20999908447266,70.80999755859375,71.45999908447266,636700
2021-09-09,65.3385009765625,70.95999908447266,72.41999816894531,70.93000030517578,72.19999694824219,595600
2021-09-10,64.55583190917969,70.11000061035156,71.52999877929688,70.04000091552734,71.44999694824219,724900
2021-09-13,64.1783218383789,69.69999694824219,71.0,69.13999938964844,70.62000274658203,892600
2021-09-14,62.91683578491211,68.33000183105469,70.0,68.13999938964844,69.95999908447266,833300
2021-09-15,63.03652191162109,68.45999908447266,68.76000213623047,67.69999694824219,68.13999938964844,1109200
2021-09-16,61.37914276123047,66.66000366210938,68.44999694824219,66.56999969482422,68.37999725341797,1117200
2021-09-17,60.10847473144531,65.27999877929688,66.47000122070312,64.94999694824219,66.4000015258789,2177400
2021-09-20,59.37184524536133,64.4800033569336,64.55000305175781,62.9900016784668,64.02999877929688,2042500
2021-09-21,58.78254318237305,63.84000015258789,64.93000030517578,63.310001373291016,64.88999938964844,1120300
2021-09-22,58.71809768676758,63.77000045776367,64.69999694824219,63.56999969482422,64.31999969482422,1279900
2021-09-23,59.31660079956055,64.41999816894531,65.05999755859375,63.959999084472656,64.1500015258789,690000
2021-09-24,58.98511505126953,64.05999755859375,64.55000305175781,63.84999847412109,64.0199966430664,1038600
2021-09-27,59.43629837036133,64.55000305175781,65.12000274658203,63.93000030517578,64.05999755859375,966300
2021-09-28,58.37739944458008,63.400001525878906,64.86000061035156,63.400001525878906,64.29000091552734,951400
2021-09-29,58.51552200317383,63.54999923706055,64.05000305175781,63.4900016784668,63.720001220703125,934000
2021-09-30,56.23198699951172,61.06999969482422,64.19999694824219,61.02000045776367,63.75,2082700
2021-10-01,56.61872482299805,61.4900016784668,61.83000183105469,60.38999938964844,61.310001373291016,1159100
2021-10-04,56.324066162109375,61.16999816894531,61.56999969482422,60.63999938964844,61.25,1249800
2021-10-05,58.6168098449707,63.65999984741211,64.02999877929688,61.40999984741211,62.20000076293945,1839900
2021-10-06,58.69967269897461,63.75,63.810001373291016,62.59000015258789,63.02999877929688,1234200
2021-10-07,59.5375862121582,64.66000366210938,65.33000183105469,64.26000213623047,64.26000213623047,1224000
2021-10-08,59.14165115356445,64.2300033569336,65.05000305175781,63.93000030517578,64.5999984741211,1223600
2021-10-11,59.07719802856445,64.16000366210938,65.05000305175781,64.12999725341797,64.29000091552734,1474300
2021-10-12,58.432647705078125,63.459999084472656,65.52999877929688,63.18000030517578,64.43000030517578,1786100
2021-10-13,58.6168098449707,63.65999984741211,64.19999694824219,63.08000183105469,63.7400016784668,904500
2021-10-14,60.09925842285156,65.2699966430664,65.36000061035156,63.810001373291016,64.1500015258789,934600
2021-10-15,60.49520111083984,65.69999694824219,66.27999877929688,65.43000030517578,65.9000015258789,720000
2021-10-18,60.412330627441406,65.61000061035156,65.9800033569336,64.70999908447266,65.2300033569336,718200
2021-10-19,60.32024765014648,65.51000213623047,65.95999908447266,65.0,65.95999908447266,624300
2021-10-20,61.37914276123047,66.66000366210938,66.8499984741211,65.73999786376953,66.0999984741211,1121500
2021-10-21,61.443607330322266,66.7300033569336,66.94999694824219,66.11000061035156,66.44000244140625,908300
2021-10-22,61.471221923828125,66.76000213623047,67.61000061035156,66.75,66.98999786376953,609900
2021-10-25,61.52646255493164,66.81999969482422,67.66000366210938,66.0999984741211,66.51000213623047,1146400
2021-10-26,60.34786224365234,65.54000091552734,66.88999938964844,65.5199966430664,66.88999938964844,959900
2021-10-27,59.160064697265625,64.25,66.37000274658203,64.04000091552734,65.73999786376953,1442800
2021-10-28,65.37480163574219,70.69000244140625,72.72000122070312,67.02999877929688,67.02999877929688,2735400
2021-10-29,67.57583618164062,73.06999969482422,73.13999938964844,70.31999969482422,70.7699966430664,2458300
2021-11-01,69.0832748413086,74.69999694824219,75.52999877929688,73.44999694824219,73.45999908447266,1836800
2021-11-02,72.46808624267578,78.36000061035156,78.70999908447266,74.45999908447266,74.97000122070312,2215100
2021-11-03,72.49581909179688,78.38999938964844,79.29000091552734,77.16000366210938,77.91000366210938,1532900
2021-11-04,72.00566101074219,77.86000061035156,78.54000091552734,77.29000091552734,78.16000366210938,1268500
2021-11-05,71.718994140625,77.55000305175781,79.62000274658203,77.4000015258789,78.5,1337200
2021-11-08,71.76522064208984,77.5999984741211,78.68000030517578,77.12000274658203,78.1500015258789,911900
2021-11-09,72.79176330566406,78.70999908447266,78.94999694824219,77.69000244140625,77.80000305175781,758400
2021-11-10,72.54204559326172,78.44000244140625,78.83000183105469,77.80999755859375,78.25,684400
2021-11-11,73.6795654296875,79.66999816894531,79.87999725341797,78.58999633789062,78.87000274658203,666400
2021-11-12,75.91761779785156,82.08999633789062,82.25,79.77999877929688,79.77999877929688,891600
2021-11-15,75.61244201660156,81.76000213623047,82.0,81.05999755859375,82.0,782900
2021-11-16,76.31527709960938,82.5199966430664,83.5999984741211,81.80999755859375,81.80999755859375,875400
2021-11-17,76.52799224853516,82.75,82.94000244140625,81.95999908447266,82.63999938964844,542200
2021-11-18,76.1210708618164,82.30999755859375,82.95999908447266,81.80999755859375,82.68000030517578,744900
2021-11-19,76.2597885131836,82.45999908447266,83.04000091552734,81.6500015258789,82.5199966430664,726600
2021-11-22,76.57422637939453,82.80000305175781,83.4800033569336,82.38999938964844,82.87999725341797,673100
2021-11-23,76.25054931640625,82.44999694824219,83.38999938964844,81.87000274658203,82.98999786376953,620500
2021-11-24,76.195068359375,82.38999938964844,82.93000030517578,81.93000030517578,82.16000366210938,846800
2021-11-26,74.90959167480469,81.0,81.76000213623047,80.33999633789062,80.91999816894531,646200
2021-11-29,74.78010559082031,80.86000061035156,81.87999725341797,80.75,81.8499984741211,1026700
2021-11-30,73.10618591308594,79.05000305175781,81.0,78.83000183105469,80.44000244140625,1767600
2021-12-01,73.4853744506836,79.45999908447266,82.56999969482422,79.37999725341797,80.31999969482422,1259500
2021-12-02,74.98356628417969,81.08000183105469,81.98999786376953,79.91000366210938,79.91000366210938,816800
2021-12-03,75.46444702148438,81.5999984741211,82.43000030517578,80.61000061035156,81.55999755859375,1242500
2021-12-06,75.83439636230469,82.0,83.0,81.62999725341797,82.33999633789062,822800
2021-12-07,76.65746307373047,82.88999938964844,83.62000274658203,82.37000274658203,82.97000122070312,690800
2021-12-08,76.74071502685547,82.9800033569336,83.41999816894531,82.31999969482422,82.94999694824219,834400
2021-12-09,76.63896942138672,82.87000274658203,83.36000061035156,82.4800033569336,83.05000305175781,582000
2021-12-10,77.3418197631836,83.62999725341797,84.02999877929688,82.8499984741211,83.13999938964844,590400
2021-12-13,77.25858306884766,83.54000091552734,84.16000366210938,83.1500015258789,83.6500015258789,720500
2021-12-14,75.81590270996094,81.9800033569336,83.88999938964844,81.36000061035156,83.29000091552734,1106100
2021-12-15,77.37881469726562,83.66999816894531,83.73999786376953,81.83000183105469,82.2699966430664,1026300
2021-12-16,77.48053741455078,83.77999877929688,84.77999877929688,83.36000061035156,84.3499984741211,801800
2021-12-17,74.82633209228516,80.91000366210938,83.55999755859375,80.56999969482422,83.30000305175781,1859900
2021-12-20,73.30963134765625,79.2699966430664,80.31999969482422,77.94000244140625,80.31999969482422,758900
2021-12-21,74.81709289550781,80.9000015258789,81.06999969482422,79.93000030517578,80.0,819000
2021-12-22,75.46444702148438,81.5999984741211,81.68000030517578,80.69000244140625,80.94000244140625,585400
2021-12-23,76.5464859008789,82.7699966430664,83.06999969482422,81.77999877929688,81.79000091552734,508300
2021-12-27,78.33136749267578,84.69999694824219,84.75,83.05000305175781,83.33999633789062,700900
2021-12-28,79.10820770263672,85.54000091552734,85.68000030517578,84.73999786376953,84.80999755859375,523800
2021-12-29,79.35790252685547,85.80999755859375,86.23999786376953,84.95999908447266,85.13999938964844,779300
2021-12-30,78.87701416015625,85.29000091552734,86.73999786376953,85.2699966430664,85.9000015258789,608100
2021-12-31,79.39491271972656,85.8499984741211,86.25,85.12999725341797,85.12999725341797,966600
2022-01-03,77.28634643554688,83.56999969482422,86.08000183105469,82.94000244140625,85.83999633789062,840000
2022-01-04,78.5718002319336,84.95999908447266,86.0999984741211,83.58999633789062,83.7699966430664,2043200
2022-01-05,77.25858306884766,83.54000091552734,85.91999816894531,83.31999969482422,85.01000213623047,1071800
2022-01-06,77.77648162841797,84.0999984741211,84.83000183105469,82.44999694824219,83.9000015258789,939100
2022-01-07,76.89790344238281,83.1500015258789,84.4800033569336,82.13999938964844,84.33000183105469,1299900
2022-01-10,76.65746307373047,82.88999938964844,83.26000213623047,81.62000274658203,82.95999908447266,1122200
2022-01-11,77.40654754638672,83.69999694824219,84.0199966430664,82.47000122070312,83.41999816894531,855400
2022-01-12,77.66551971435547,83.9800033569336,84.7300033569336,83.36000061035156,84.23999786376953,756900
2022-01-13,76.70370483398438,82.94000244140625,84.94999694824219,82.66999816894531,84.0999984741211,712800
2022-01-14,74.51190948486328,80.56999969482422,82.0,79.80000305175781,82.0,1346100
2022-01-18,74.59514617919922,80.66000366210938,80.94999694824219,78.7699966430664,79.5,867200
2022-01-19,73.56861877441406,79.55000305175781,81.16000366210938,79.51000213623047,81.08000183105469,791000
2022-01-20,72.32935333251953,78.20999908447266,80.83999633789062,78.05999755859375,80.04000091552734,1016600
2022-01-21,71.04386901855469,76.81999969482422,78.88999938964844,76.7300033569336,78.2300033569336,1516300
2022-01-24,72.85649871826172,78.77999877929688,78.95999908447266,75.19999694824219,75.5999984741211,1828500
2022-01-25,69.73064422607422,75.4000015258789,77.08999633789062,74.58999633789062,77.08999633789062,2225200
2022-01-26,69.1017837524414,74.72000122070312,77.0999984741211,74.0999984741211,76.61000061035156,1565100
2022-01-27,70.14679718017578,75.8499984741211,78.91999816894531,75.62999725341797,77.01000213623047,2221600
2022-01-28,70.08183288574219,75.5,75.55000305175781,73.69999694824219,75.4000015258789,1625000
2022-01-31,70.93580627441406,76.41999816894531,76.5199966430664,74.33999633789062,75.25,3020800
2022-02-01,70.14680480957031,75.56999969482422,77.30999755859375,74.91000366210938,76.93000030517578,1191400
2022-02-02,69.8033676147461,75.19999694824219,76.08999633789062,74.72000122070312,75.38999938964844,1240100
2022-02-03,68.77301025390625,74.08999633789062,75.43000030517578,73.97000122070312,74.5199966430664,956400
2022-02-04,68.29962158203125,73.58000183105469,74.55000305175781,72.87999725341797,73.7300033569336,1060300
2022-02-07,68.55953216552734,73.86000061035156,74.87000274658203,73.61000061035156,73.61000061035156,1188100
2022-02-08,68.86583709716797,74.19000244140625,75.51000213623047,73.88999938964844,74.04000091552734,921300
2022-02-09,69.29283142089844,74.6500015258789,75.52999877929688,73.97000122070312,75.08000183105469,727600
2022-02-10,67.04650115966797,72.2300033569336,74.38999938964844,71.80999755859375,73.25,831400
2022-02-11,66.19251251220703,71.30999755859375,72.93000030517578,70.55999755859375,72.5,758300
2022-02-14,66.11827087402344,71.2300033569336,72.30999755859375,70.72000122070312,71.16999816894531,945600
2022-02-15,67.25999450683594,72.45999908447266,73.22000122070312,71.97000122070312,72.13999938964844,952400
2022-02-16,67.13003540039062,72.31999969482422,72.86000061035156,71.88999938964844,72.18000030517578,651800
2022-02-17,65.951171875,71.05000305175781,72.38999938964844,70.87000274658203,71.86000061035156,997000
2022-02-18,66.09040069580078,71.19999694824219,71.8499984741211,70.9000015258789,70.9000015258789,593300
2022-02-22,64.54024505615234,69.52999877929688,71.80000305175781,69.29000091552734,70.80000305175781,984100
2022-02-23,63.017948150634766,67.88999938964844,70.4000015258789,67.68000030517578,70.4000015258789,1776000
2022-02-24,62.90656280517578,67.7699966430664,67.81999969482422,65.29000091552734,66.44000244140625,2522100
2022-02-25,64.41031646728516,69.38999938964844,69.41999816894531,67.20999908447266,67.91999816894531,1255400
2022-02-28,63.6584358215332,68.58000183105469,68.88999938964844,67.66000366210938,68.31999969482422,1316300
2022-03-01,61.84838104248047,66.62999725341797,68.5199966430664,66.29000091552734,68.5199966430664,856200
2022-03-02,64.4195785522461,69.4000015258789,69.69999694824219,66.91000366210938,67.30999755859375,1498100
2022-03-03,63.75126266479492,68.68000030517578,69.69000244140625,68.04000091552734,69.33999633789062,896100
2022-03-04,63.482059478759766,68.38999938964844,68.52999877929688,67.06999969482422,67.76000213623047,780100
2022-03-07,62.48884201049805,67.31999969482422,68.80000305175781,67.22000122070312,68.4800033569336,1177000
2022-03-08,61.4585075378418,66.20999908447266,68.16000366210938,66.12000274658203,67.68000030517578,1114600
2022-03-09,62.823036193847656,67.68000030517578,68.44000244140625,67.16000366210938,67.81999969482422,843000
2022-03-10,61.82981491088867,66.61000061035156,67.08000183105469,66.02999877929688,66.68000030517578,759000
2022-03-11,61.003684997558594,65.72000122070312,67.69999694824219,65.66000366210938,67.18000030517578,1090500
2022-03-14,61.15219879150391,65.87999725341797,66.56999969482422,65.08000183105469,66.26000213623047,766600
2022-03-15,61.39353942871094,66.13999938964844,66.61000061035156,65.33999633789062,66.11000061035156,759300
2022-03-16,62.47957992553711,67.30999755859375,67.95999908447266,65.45999908447266,66.52999877929688,893200
2022-03-17,63.12006759643555,68.0,68.01000213623047,66.72000122070312,66.91000366210938,805300
2022-03-18,63.166481018066406,68.05000305175781,68.33000183105469,67.18000030517578,68.16999816894531,1395600
2022-03-21,63.04579162597656,67.91999816894531,68.58000183105469,67.29000091552734,67.95999908447266,725700
2022-03-22,62.93440628051758,67.80000305175781,68.52999877929688,67.7300033569336,68.3499984741211,778400
2022-03-23,60.67879486083984,65.37000274658203,67.54000091552734,65.1500015258789,67.22000122070312,1086200
2022-03-24,61.47708511352539,66.2300033569336,66.29000091552734,64.9000015258789,65.5999984741211,991700
2022-03-25,62.16397857666016,66.97000122070312,67.05000305175781,66.11000061035156,66.48999786376953,940400
2022-03-28,61.87622833251953,66.66000366210938,67.0,66.11000061035156,66.80000305175781,610500
2022-03-29,62.63737487792969,67.4800033569336,67.72000122070312,66.75,67.37000274658203,965900
2022-03-30,61.495635986328125,66.25,67.20999908447266,65.87999725341797,67.12000274658203,1172100
2022-03-31,59.30501556396485,63.88999938964844,66.72000122070312,63.84999847412109,66.23999786376953,1659700
2022-04-01,61.15219879150391,65.87999725341797,65.91000366210938,63.68999862670898,64.62000274658203,1292800
2022-04-04,62.24750518798828,67.05999755859375,67.31999969482422,65.33999633789062,65.81999969482422,1628200
2022-04-05,60.69736099243164,65.38999938964844,67.41000366210938,65.05999755859375,66.6500015258789,1437200
2022-04-06,59.96404266357422,64.5999984741211,64.81999969482422,63.91999816894531,64.63999938964844,1250200
2022-04-07,58.785186767578125,63.33000183105469,64.36000061035156,63.06999969482422,64.29000091552734,1503600
2022-04-08,58.35820388793945,62.869998931884766,63.9900016784668,62.58000183105469,63.459999084472656,1313200
2022-04-11,58.81303787231445,63.36000061035156,64.0,62.58000183105469,62.58000183105469,1177400
2022-04-12,59.86194610595703,64.48999786376953,65.80999755859375,63.83000183105469,63.83000183105469,1522600
2022-04-13,60.05688095092773,64.69999694824219,65.04000091552734,64.19000244140625,64.4000015258789,930000
2022-04-14,59.212181091308594,63.790000915527344,65.44999694824219,63.7599983215332,65.11000061035156,727300
2022-04-18,58.79447937011719,63.34000015258789,64.48999786376953,62.93999862670898,63.68000030517578,553800
2022-04-19,60.67879486083984,65.37000274658203,65.51000213623047,63.72999954223633,63.72999954223633,761800
2022-04-20,61.54205703735352,66.30000305175781,66.48999786376953,65.8499984741211,66.0,719500
2022-04-21,61.54205703735352,66.30000305175781,67.19999694824219,65.7300033569336,66.95999908447266,792800
2022-04-22,60.09400177001953,64.73999786376953,66.2699966430664,64.54000091552734,65.77999877929688,991300
2022-04-25,59.99189758300781,64.62999725341797,64.7300033569336,62.84999847412109,64.58000183105469,1200100
2022-04-26,57.89408493041992,62.369998931884766,64.54000091552734,62.29999923706055,64.08999633789062,1422900
2022-04-27,58.376766204833984,62.88999938964844,63.400001525878906,62.040000915527344,62.59999847412109,1411800
2022-04-28,55.82202911376953,59.869998931884766,62.970001220703125,58.369998931884766,62.2599983215332,2283800
2022-04-29,54.47939682006836,58.43000030517578,60.470001220703125,58.20000076293945,59.7400016784668,3856600
2022-05-02,55.30921936035156,59.31999969482422,60.27000045776367,58.20000076293945,58.33000183105469,1290000
2022-05-03,55.10408782958984,59.09999847412109,60.13999938964844,58.52999877929688,59.20000076293945,987400
2022-05-04,57.47235870361328,61.63999938964844,61.72999954223633,58.66999816894531,58.66999816894531,980500
2022-05-05,54.945587158203125,58.93000030517578,61.27999877929688,58.40999984741211,60.959999084472656,847000
2022-05-06,55.3838119506836,59.400001525878906,59.58000183105469,57.66999816894531,58.720001220703125,1172300
2022-05-09,55.747440338134766,59.790000915527344,60.540000915527344,58.70000076293945,58.70000076293945,1120300
2022-05-10,54.97355651855469,58.959999084472656,60.75,58.369998931884766,60.2599983215332,1619500
2022-05-11,53.49106979370117,57.369998931884766,59.5,57.20000076293945,59.02000045776367,848800
2022-05-12,55.06679153442383,59.060001373291016,59.06999969482422,57.04999923706055,57.04999923706055,1052300
2022-05-13,55.95256423950195,60.0099983215332,60.7599983215332,59.2599983215332,59.369998931884766,906200
2022-05-16,54.99220275878906,58.97999954223633,59.720001220703125,58.52000045776367,59.52999877929688,846900
2022-05-17,56.26957321166992,60.34999847412109,60.52000045776367,59.27000045776367,59.970001220703125,756200
2022-05-18,53.864017486572266,57.77000045776367,59.959999084472656,57.5,59.34999847412109,833700
2022-05-19,54.498043060302734,58.45000076293945,59.29999923706055,56.91999816894531,57.22999954223633,924300
2022-05-20,53.864017486572266,57.77000045776367,59.22999954223633,56.61000061035156,58.900001525878906,1378900
2022-05-23,54.42344284057617,58.369998931884766,58.650001525878906,57.380001068115234,58.5,796300
2022-05-24,54.40480422973633,58.34999847412109,58.560001373291016,57.040000915527344,58.31999969482422,572800
2022-05-25,54.58195877075195,58.540000915527344,59.060001373291016,57.7400016784668,57.970001220703125,868800
2022-05-26,55.59825897216797,59.630001068115234,60.0099983215332,58.54999923706055,58.709999084472656,759900
2022-05-27,57.08074951171875,61.220001220703125,61.220001220703125,59.7599983215332,59.83000183105469,638000
2022-05-31,56.05513000488281,60.119998931884766,61.0,59.470001220703125,60.630001068115234,2994700
2022-06-01,56.35348892211914,60.43999862670898,61.060001373291016,59.84999847412109,60.209999084472656,887500
2022-06-02,57.02481460571289,61.15999984741211,61.70000076293945,60.900001525878906,61.04999923706055,917000
2022-06-03,56.72644805908203,60.84000015258789,61.0099983215332,60.20000076293945,60.59999847412109,549300
2022-06-06,57.68680953979492,61.869998931884766,62.13999938964844,61.040000915527344,61.58000183105469,689700
2022-06-07,57.62154006958008,61.79999923706055,62.18999862670898,60.790000915527344,61.18999862670898,539800
2022-06-08,56.95953369140625,61.09000015258789,61.77999877929688,60.83000183105469,61.369998931884766,526300
2022-06-09,56.69847106933594,60.810001373291016,62.27999877929688,60.630001068115234,60.83000183105469,756600
2022-06-10,54.1344108581543,58.060001373291016,59.84999847412109,57.58000183105469,59.84999847412109,1013800
2022-06-13,52.29760360717773,56.09000015258789,57.18999862670898,55.68999862670898,56.7599983215332,907700
2022-06-14,51.87803268432617,55.63999938964844,56.5099983215332,55.209999084472656,56.060001373291016,799600
2022-06-15,52.2509765625,56.040000915527344,56.88999938964844,55.18000030517578,55.84000015258789,761800
2022-06-16,49.96664047241211,53.59000015258789,55.06999969482422,53.150001525878906,54.91999816894531,1055900
2022-06-17,49.51909255981445,53.11000061035156,54.290000915527344,53.0,53.619998931884766,1910100
2022-06-21,49.31397247314453,52.88999938964844,53.59000015258789,52.15999984741211,53.47999954223633,1583300
2022-06-22,49.472469329833984,53.060001373291016,53.34999847412109,51.90999984741211,52.040000915527344,1162600
2022-06-23,50.47013092041016,54.130001068115234,54.18000030517578,53.02999877929688,53.02999877929688,1085300
2022-06-24,52.045860290527344,55.81999969482422,56.060001373291016,54.40999984741211,54.68999862670898,1369100
2022-06-27,52.07383728027344,55.84999847412109,56.18999862670898,55.25,56.040000915527344,739700
2022-06-28,51.44913101196289,55.18000030517578,56.75,54.9900016784668,55.93999862670898,1107400
2022-06-29,51.09483337402344,54.79999923706055,55.27000045776367,54.02000045776367,55.27000045776367,838400
2022-06-30,50.98294448852539,54.68000030517578,55.31999969482422,53.40999984741211,53.790000915527344,1144000
2022-07-01,52.241661071777344,56.02999877929688,56.33000183105469,54.7599983215332,55.0,993400
2022-07-05,53.50971221923828,57.38999938964844,57.459999084472656,55.16999816894531,55.16999816894531,1231200
2022-07-06,54.04117202758789,57.959999084472656,58.54999923706055,57.36000061035156,58.0,1084200
2022-07-07,55.57961654663086,59.61000061035156,59.68000030517578,58.25,58.27000045776367,1661300
2022-07-08,53.118106842041016,56.970001220703125,59.5099983215332,56.810001373291016,59.5099983215332,1516500
2022-07-11,52.85704040527344,56.68999862670898,57.560001373291016,56.40999984741211,56.619998931884766,1026900
2022-07-12,52.3442268371582,56.13999938964844,57.75,55.77999877929688,56.83000183105469,1513800
2022-07-13,51.73817443847656,55.4900016784668,55.83000183105469,54.52000045776367,55.119998931884766,956900
2022-07-14,50.47013092041016,54.130001068115234,54.31999969482422,52.90999984741211,54.0,1471000
2022-07-15,52.81974792480469,56.650001525878906,56.93000030517578,55.29999923706055,55.369998931884766,1185200
2022-07-18,51.71019744873047,55.459999084472656,57.18000030517578,55.11000061035156,56.72999954223633,884600
2022-07-19,53.62158966064453,57.5099983215332,57.59999847412109,55.91999816894531,56.27000045776367,811600
2022-07-20,53.96657943725586,57.880001068115234,57.93000030517578,57.27000045776367,57.5099983215332,551500
2022-07-21,54.96424102783203,58.95000076293945,58.970001220703125,57.5,57.93999862670898,777200
2022-07-22,55.0108528137207,59.0,59.540000915527344,58.58000183105469,59.04999923706055,688600
2022-07-25,54.93626022338867,58.91999816894531,59.45000076293945,58.59999847412109,58.880001068115234,656300
2022-07-26,55.04814147949219,59.040000915527344,59.209999084472656,58.36000061035156,58.77000045776367,812600
2022-07-27,56.44672775268555,60.540000915527344,60.68000030517578,58.9900016784668,59.290000915527344,1157900
2022-07-28,57.13053512573242,60.9900016784668,61.88999938964844,58.9900016784668,61.88999938964844,1218200
2022-07-29,59.266258239746094,63.27000045776367,63.63999938964844,60.93000030517578,61.20000076293945,1945700
2022-08-01,58.01105117797852,61.93000030517578,62.79999923706055,60.70000076293945,61.97999954223633,1015300
2022-08-02,56.6434440612793,60.470001220703125,62.04999923706055,60.27000045776367,61.65999984741211,992500
2022-08-03,57.58952331542969,61.47999954223633,61.58000183105469,60.29999923706055,60.709999084472656,720500
2022-08-04,57.41154479980469,61.290000915527344,62.060001373291016,61.18999862670898,61.36000061035156,569100
2022-08-05,56.76521682739258,60.59999847412109,60.630001068115234,59.59999847412109,60.5099983215332,547800
2022-08-08,57.60825729370117,61.5,61.86000061035156,60.93999862670898,60.9900016784668,516400
2022-08-09,56.48419952392578,60.29999923706055,61.380001068115234,60.0099983215332,61.16999816894531,417000
2022-08-10,57.79560852050781,61.70000076293945,61.84999847412109,61.31999969482422,61.33000183105469,435500
2022-08-11,58.47003936767578,62.41999816894531,63.06999969482422,61.84000015258789,62.130001068115234,534500
2022-08-12,59.82828903198242,63.869998931884766,63.90999984741211,62.56999969482422,62.56999969482422,714200
2022-08-15,60.02498626708984,64.08000183105469,64.12000274658203,63.02000045776367,63.54999923706055,750200
2022-08-16,60.25917816162109,64.33000183105469,65.08999633789062,63.68999862670898,63.68999862670898,737200
2022-08-17,60.146766662597656,64.20999908447266,64.7699966430664,63.209999084472656,63.66999816894531,609800
2022-08-18,60.05310821533203,64.11000061035156,64.75,63.880001068115234,64.54000091552734,453300
2022-08-19,58.66675567626953,62.630001068115234,64.08000183105469,62.31999969482422,63.77999877929688,541900
2022-08-22,57.41154479980469,61.290000915527344,62.060001373291016,61.119998931884766,61.75,540300
2022-08-23,56.90571975708008,60.75,61.4900016784668,60.63999938964844,61.209999084472656,476000
2022-08-24,57.102420806884766,60.959999084472656,61.04999923706055,60.56999969482422,60.68000030517578,381200
2022-08-25,57.2523078918457,61.119998931884766,61.52000045776367,60.59000015258789,61.2599983215332,601400
2022-08-26,54.7325325012207,58.43000030517578,61.77999877929688,58.40999984741211,61.27000045776367,589900
2022-08-29,54.04872894287109,57.70000076293945,58.220001220703125,57.27999877929688,57.90999984741211,515700
2022-08-30,53.80517578125,57.43999862670898,58.290000915527344,57.16999816894531,58.0,531400
2022-08-31,52.87782669067383,56.45000076293945,57.59000015258789,56.33000183105469,57.43000030517578,1413500
2022-09-01,52.849727630615234,56.41999816894531,56.459999084472656,55.68000030517578,56.04999923706055,836400
2022-09-02,52.7092170715332,56.27000045776367,57.61000061035156,56.0,57.22999954223633,678100
2022-09-06,52.35326385498047,55.88999938964844,56.56999969482422,55.52000045776367,56.33000183105469,599900
2022-09-07,53.58972930908203,57.209999084472656,57.310001373291016,55.70000076293945,55.81999969482422,769400
2022-09-08,53.25251007080078,56.84999847412109,56.97999954223633,56.06999969482422,56.68000030517578,921500
2022-09-09,52.72795104980469,56.290000915527344,57.880001068115234,56.08000183105469,57.20000076293945,1488500
2022-09-12,52.61553955078125,56.16999816894531,57.08000183105469,55.91999816894531,56.70000076293945,1776900
2022-09-13,50.75147247314453,54.18000030517578,55.130001068115234,53.869998931884766,54.869998931884766,1620900
2022-09-14,48.96233367919922,52.27000045776367,54.2400016784668,51.720001220703125,54.09999847412109,1737400
2022-09-15,49.57120895385742,52.91999816894531,53.709999084472656,52.22999954223633,52.27000045776367,2240000
2022-09-16,48.447147369384766,51.720001220703125,52.459999084472656,50.79999923706055,52.459999084472656,2786000
2022-09-19,49.26209259033203,52.59000015258789,52.7599983215332,51.29999923706055,51.560001373291016,893400
2022-09-20,47.978782653808594,51.220001220703125,52.400001525878906,50.86000061035156,51.9900016784668,1364800
2022-09-21,47.82890319824219,51.060001373291016,52.52000045776367,51.040000915527344,51.81999969482422,1473800
2022-09-22,47.32307815551758,50.52000045776367,51.150001525878906,50.25,50.90999984741211,1036000
2022-09-23,46.67674255371094,49.83000183105469,50.34999847412109,49.29999923706055,50.0,824600
2022-09-26,46.2833251953125,49.40999984741211,50.18999862670898,49.27000045776367,49.70000076293945,901000
2022-09-27,46.208377838134766,49.33000183105469,50.41999816894531,48.88999938964844,50.09999847412109,913900
2022-09-28,47.25750732421875,50.45000076293945,50.68999862670898,49.2599983215332,49.7400016784668,1295000
2022-09-29,45.64635467529297,48.72999954223633,49.84999847412109,48.56999969482422,49.84999847412109,737900
2022-09-30,45.50584030151367,48.58000183105469,49.369998931884766,48.09999847412109,48.7400016784668,1036200
2022-10-03,47.42612075805664,50.630001068115234,50.91999816894531,48.9900016784668,49.040000915527344,1208600
2022-10-04,49.04664993286133,52.36000061035156,52.369998931884766,51.38999938964844,51.38999938964844,984300
2022-10-05,48.24105453491211,51.5,52.09999847412109,51.20000076293945,51.54999923706055,980300
2022-10-06,47.566627502441406,50.77999877929688,51.66999816894531,50.75,51.209999084472656,767400
2022-10-07,46.36762619018555,49.5,50.27999877929688,49.209999084472656,50.2400016784668,1307400
2022-10-10,46.44255828857422,49.58000183105469,50.13999938964844,49.27999877929688,49.900001525878906,876400
2022-10-11,46.18965530395508,49.310001373291016,49.90999984741211,48.95000076293945,49.58000183105469,1175300
2022-10-12,46.021034240722656,49.130001068115234,49.59000015258789,48.7400016784668,49.2400016784668,896200
2022-10-13,45.76812744140625,48.86000061035156,49.38999938964844,46.58000183105469,47.52999877929688,3153000
2022-10-14,45.93673706054688,49.040000915527344,49.59999847412109,48.209999084472656,49.150001525878906,2017600
2022-10-17,48.3441047668457,51.61000061035156,51.869998931884766,50.0099983215332,50.08000183105469,2260800
2022-10-18,48.4846076965332,51.7599983215332,52.970001220703125,51.20000076293945,52.619998931884766,1733200
2022-10-19,47.5572624206543,50.77000045776367,51.81999969482422,50.2400016784668,51.20000076293945,1272300
2022-10-20,45.67445373535156,48.7599983215332,51.16999816894531,48.68000030517578,50.84000015258789,955000
2022-10-21,46.95775985717773,50.130001068115234,50.290000915527344,48.66999816894531,49.06999969482422,990200
2022-10-24,47.58536148071289,50.79999923706055,51.310001373291016,50.20000076293945,50.40999984741211,840900
2022-10-25,48.8031005859375,52.09999847412109,52.18999862670898,50.86000061035156,50.86000061035156,1033100
2022-10-26,48.6625862121582,51.95000076293945,52.900001525878906,51.65999984741211,52.119998931884766,1416900
2022-10-27,48.615753173828125,51.900001525878906,53.79999923706055,51.77000045776367,53.06999969482422,1332100
2022-10-28,51.23496627807617,54.380001068115234,54.4900016784668,51.91999816894531,51.959999084472656,1063200
2022-10-31,51.6118392944336,54.77999877929688,55.18000030517578,53.880001068115234,54.060001373291016,2528000
2022-11-01,51.4422492980957,54.59999847412109,55.720001220703125,54.09999847412109,55.290000915527344,1110000
2022-11-02,50.59430313110352,53.70000076293945,55.83000183105469,53.70000076293945,54.33000183105469,1144700
2022-11-03,51.22555160522461,54.369998931884766,54.77999877929688,53.08000183105469,53.25,1099000
2022-11-04,52.742435455322266,55.97999954223633,56.220001220703125,54.97999954223633,55.16999816894531,1008500
2022-11-07,53.61865234375,56.90999984741211,57.02999877929688,55.36000061035156,56.09999847412109,992000
2022-11-08,52.7330207824707,55.970001220703125,57.369998931884766,55.52999877929688,57.15999984741211,1092400
2022-11-09,51.86622619628906,55.04999923706055,55.900001525878906,54.970001220703125,55.33000183105469,983400
2022-11-10,55.85158157348633,59.27999877929688,59.40999984741211,57.02000045776367,57.540000915527344,1431200
2022-11-11,56.52994537353516,60.0,60.7400016784668,58.540000915527344,59.0099983215332,1229800
2022-11-14,56.06828308105469,59.5099983215332,60.15999984741211,59.2400016784668,59.650001525878906,1361300
2022-11-15,56.89739227294922,60.38999938964844,61.22999954223633,59.93000030517578,60.2599983215332,992300
2022-11-16,56.34151077270508,59.79999923706055,60.43999862670898,59.5099983215332,60.08000183105469,578700
2022-11-17,56.62416458129883,60.09999847412109,60.130001068115234,58.36000061035156,58.79999923706055,762700
2022-11-18,57.73591613769531,61.27999877929688,61.40999984741211,60.4900016784668,61.2599983215332,1082300
2022-11-21,57.84897994995117,61.400001525878906,61.58000183105469,60.630001068115234,60.95000076293945,1190600
2022-11-22,58.32006072998047,61.900001525878906,62.209999084472656,61.310001373291016,61.59999847412109,884300
2022-11-23,57.97145462036133,61.52999877929688,62.38999938964844,61.43000030517578,61.880001068115234,863400
2022-11-25,58.28236770629883,61.86000061035156,62.20000076293945,61.47999954223633,61.68999862670898,455700
2022-11-28,56.30381774902344,59.7599983215332,61.650001525878906,59.709999084472656,61.38999938964844,764300
2022-11-29,56.99160385131836,60.4900016784668,60.75,59.13999938964844,59.560001373291016,1482900
2022-11-30,57.227149963378906,60.7400016784668,60.7400016784668,58.84000015258789,60.20000076293945,2099500
2022-12-01,56.982181549072266,60.47999954223633,62.0099983215332,60.04999923706055,60.93999862670898,1090800
2022-12-02,56.887969970703125,60.380001068115234,60.650001525878906,59.119998931884766,59.5099983215332,930000
2022-12-05,56.36035537719727,59.81999969482422,60.02999877929688,59.18999862670898,59.72999954223633,1092400
2022-12-06,55.93638610839844,59.369998931884766,60.2599983215332,58.70000076293945,59.81999969482422,926400
2022-12-07,55.84215927124024,59.27000045776367,59.68000030517578,59.040000915527344,59.25,668000
2022-12-08,55.04131317138672,58.41999816894531,59.18999862670898,57.95000076293945,59.08000183105469,1155400
2022-12-09,54.92826461791992,58.29999923706055,59.09000015258789,58.06999969482422,58.459999084472656,1074900
2022-12-12,55.12611389160156,58.5099983215332,58.52999877929688,57.56999969482422,58.29999923706055,904500
2022-12-13,55.93638610839844,59.369998931884766,60.81999969482422,58.91999816894531,60.560001373291016,1135700
2022-12-14,55.4747200012207,58.880001068115234,60.119998931884766,58.52999877929688,59.369998931884766,1209800
2022-12-15,53.51500701904297,56.79999923706055,58.06999969482422,56.470001220703125,58.040000915527344,1721800
2022-12-16,52.808387756347656,56.04999923706055,56.54999923706055,55.47999954223633,56.22999954223633,2095100
2022-12-19,52.81781768798828,56.060001373291016,56.84000015258789,55.75,55.93000030517578,754400
2022-12-20,53.08161544799805,56.34000015258789,56.720001220703125,55.77000045776367,55.83000183105469,1208700
2022-12-21,53.92956161499024,57.2400016784668,57.70000076293945,56.66999816894531,56.84999847412109,902700
2022-12-22,52.97797393798828,56.22999954223633,56.91999816894531,55.40999984741211,56.41999816894531,778300
2022-12-23,53.60923004150391,56.900001525878906,56.93999862670898,55.84000015258789,56.04999923706055,879500
2022-12-27,54.33469772338867,57.66999816894531,58.040000915527344,56.91999816894531,56.93000030517578,829600
2022-12-28,53.48674774169922,56.77000045776367,58.2599983215332,56.72999954223633,57.91999816894531,710200
2022-12-29,54.32527542114258,57.65999984741211,58.02999877929688,56.97999954223633,57.18000030517578,664300
2022-12-30,53.92956161499024,57.2400016784668,57.43999862670898,56.68999862670898,57.209999084472656,592100
2023-01-03,55.51240921020508,58.91999816894531,59.09000015258789,57.45000076293945,57.86000061035156,1366200
2023-01-04,57.15177154541016,60.65999984741211,60.79999923706055,59.41999816894531,59.65999984741211,1054400
2023-01-05,55.945796966552734,59.380001068115234,60.470001220703125,58.93000030517578,60.02000045776367,990300
2023-01-06,57.88665390014648,61.43999862670898,61.68000030517578,59.84999847412109,60.04999923706055,831700
2023-01-09,57.93377304077149,61.4900016784668,63.09999847412109,61.29999923706055,61.54999923706055,1195900
2023-01-10,56.398048400878906,59.86000061035156,60.59999847412109,59.5099983215332,60.06999969482422,1571600
2023-01-11,58.96073532104492,62.58000183105469,62.75,60.02999877929688,60.18999862670898,1398300
2023-01-12,57.84897994995117,61.400001525878906,62.810001373291016,60.9900016784668,62.7400016784668,1160800
2023-01-13,58.5367546081543,62.130001068115234,62.220001220703125,60.34000015258789,61.0,803500
2023-01-17,56.558204650878906,60.02999877929688,61.790000915527344,60.0099983215332,61.59999847412109,1436200
2023-01-18,56.66184616088867,60.13999938964844,61.02000045776367,59.720001220703125,60.15999984741211,1311200
2023-01-19,54.44775390625,57.790000915527344,59.880001068115234,57.720001220703125,59.880001068115234,1045300
2023-01-20,55.72909927368164,59.150001525878906,59.16999816894531,57.45000076293945,58.119998931884766,1209300
2023-01-23,56.72779846191406,60.209999084472656,60.209999084472656,58.9900016784668,59.29999923706055,1072300
2023-01-24,57.16119384765625,60.66999816894531,60.9900016784668,59.52999877929688,60.34000015258789,699100
2023-01-25,57.01986312866211,60.52000045776367,60.54999923706055,59.56999969482422,59.93999862670898,689600
2023-01-26,55.44645309448242,58.84999847412109,60.88999938964844,58.83000183105469,60.65999984741211,1597200
2023-01-27,56.86912536621094,60.36000061035156,60.63999938964844,58.81999969482422,58.900001525878906,1716700
2023-01-30,56.39569091796875,59.560001373291016,61.119998931884766,59.150001525878906,59.61000061035156,1707400
2023-01-31,64.10322570800781,67.69999694824219,68.12000274658203,63.630001068115234,63.97999954223633,6350200
2023-02-01,66.24315643310547,69.95999908447266,70.22000122070312,67.16999816894531,68.4800033569336,2124300
2023-02-02,66.65978240966797,70.4000015258789,71.87000274658203,70.22000122070312,71.01000213623047,1627700
2023-02-03,65.38151550292969,69.05000305175781,70.16999816894531,68.69999694824219,69.47000122070312,952100
2023-02-06,63.90438461303711,67.48999786376953,68.55000305175781,67.33000183105469,68.3499984741211,1318500
2023-02-07,63.0900764465332,66.62999725341797,67.1500015258789,65.76000213623047,66.9000015258789,1197800
2023-02-08,62.69238662719727,66.20999908447266,66.7699966430664,65.86000061035156,66.0999984741211,853400
2023-02-09,62.31364059448242,65.80999755859375,67.26000213623047,65.44000244140625,66.87000274658203,774800
2023-02-10,62.59770584106445,66.11000061035156,66.33000183105469,65.23999786376953,65.44000244140625,764700
2023-02-13,64.41568756103516,68.02999877929688,68.08999633789062,66.19000244140625,66.36000061035156,1055900
2023-02-14,63.89492416381836,67.4800033569336,68.12999725341797,66.83000183105469,67.81999969482422,875900
2023-02-15,64.41568756103516,68.02999877929688,68.08000183105469,66.8499984741211,66.88999938964844,594900
2023-02-16,64.12216186523438,67.72000122070312,68.19000244140625,66.36000061035156,66.69999694824219,742000
2023-02-17,63.66767501831055,67.23999786376953,67.4800033569336,65.47000122070312,67.4800033569336,1178700
2023-02-21,62.18106842041016,65.66999816894531,67.16000366210938,65.29000091552734,66.58999633789062,1433400
2023-02-22,61.99170303344727,65.47000122070312,66.29000091552734,65.1500015258789,65.91999816894531,626300
2023-02-23,62.31364059448242,65.80999755859375,66.1500015258789,64.93000030517578,65.93000030517578,809900
2023-02-24,61.45198059082031,64.9000015258789,65.4000015258789,64.38999938964844,65.11000061035156,810400
2023-02-27,61.84967041015625,65.31999969482422,66.25,65.22000122070312,65.56999969482422,668400
2023-02-28,62.143192291259766,65.62999725341797,66.06999969482422,65.12000274658203,65.12000274658203,1017300
2023-03-01,63.22262573242188,66.7699966430664,66.97000122070312,65.37999725341797,65.75,1855900
2023-03-02,64.0464096069336,67.63999938964844,67.79000091552734,65.9800033569336,66.3499984741211,915500
2023-03-03,64.51039123535156,68.12999725341797,68.19000244140625,66.54000091552734,67.8499984741211,826100
2023-03-06,63.345733642578125,66.9000015258789,68.23999786376953,66.61000061035156,68.13999938964844,1004100
2023-03-07,62.862823486328125,66.38999938964844,67.33999633789062,66.3499984741211,66.77999877929688,854400
2023-03-08,63.44988632202149,67.01000213623047,67.08999633789062,66.16000366210938,66.52999877929688,650100
2023-03-09,63.84757232666016,67.43000030517578,68.58999633789062,66.86000061035156,67.16000366210938,1497300
2023-03-10,62.58823394775391,66.0999984741211,67.80000305175781,65.20999908447266,67.55999755859375,1179100
2023-03-13,62.28523254394531,65.77999877929688,66.37999725341797,64.72000122070312,64.91999816894531,946900
2023-03-14,63.89492416381836,67.4800033569336,67.68000030517578,66.48999786376953,66.9000015258789,830400
2023-03-15,63.12793731689453,66.66999816894531,66.93000030517578,65.12000274658203,66.38999938964844,1279200
2023-03-16,63.79076385498047,67.37000274658203,67.4800033569336,65.76000213623047,66.30999755859375,1015700
2023-03-17,61.99170303344727,65.47000122070312,67.33000183105469,64.9800033569336,67.33000183105469,2484200
2023-03-20,62.91962814331055,66.44999694824219,67.05000305175781,65.44999694824219,65.77999877929688,1074100
2023-03-21,63.36466598510742,66.91999816894531,67.66999816894531,66.16999816894531,67.20999908447266,882200
2023-03-22,62.95750045776367,66.48999786376953,68.19999694824219,66.4800033569336,67.2300033569336,938500
2023-03-23,62.76813888549805,66.29000091552734,67.5,66.0199966430664,66.51000213623047,1205800
2023-03-24,63.19421005249024,66.73999786376953,66.7699966430664,64.88999938964844,65.54000091552734,875800
2023-03-27,64.00853729248047,67.5999984741211,67.97000122070312,66.94000244140625,67.43000030517578,928200
2023-03-28,64.52931213378906,68.1500015258789,68.63999938964844,67.5999984741211,67.68000030517578,895800
2023-03-29,65.25840759277344,68.91999816894531,69.0999984741211,68.4800033569336,68.83000183105469,817400
2023-03-30,64.29259490966797,67.9000015258789,69.5,67.8499984741211,69.5,930200
2023-03-31,65.47618865966797,69.1500015258789,69.19999694824219,68.1500015258789,68.45999908447266,973100
2023-04-03,65.19212341308594,68.8499984741211,69.18000030517578,68.18000030517578,68.91000366210938,860100
2023-04-04,62.33256912231445,65.83000183105469,68.83999633789062,65.47000122070312,68.6500015258789,1165000
2023-04-05,61.1773796081543,64.61000061035156,66.22000122070312,63.93000030517578,65.45999908447266,1698900
2023-04-06,61.16792297363281,64.5999984741211,64.7699966430664,63.400001525878906,64.55000305175781,1159100
2023-04-10,61.99170303344727,65.47000122070312,65.5,64.20999908447266,64.4000015258789,734300
2023-04-11,62.076908111572266,65.55999755859375,66.26000213623047,65.45999908447266,65.9000015258789,728200
2023-04-12,62.51247787475586,66.0199966430664,66.52999877929688,65.5999984741211,66.0199966430664,969000
2023-04-13,62.82494735717773,66.3499984741211,66.52999877929688,64.7300033569336,65.93000030517578,784500
2023-04-14,63.55404281616211,67.12000274658203,67.86000061035156,66.30000305175781,66.3499984741211,1590300
2023-04-17,63.98012924194336,67.56999969482422,67.68000030517578,66.86000061035156,67.16999816894531,1127700
2023-04-18,64.89859008789062,68.54000091552734,68.61000061035156,67.70999908447266,68.02999877929688,844300
2023-04-19,64.2736587524414,67.87999725341797,68.75,67.58999633789062,68.4000015258789,1162800
2023-04-20,65.11636352539062,68.7699966430664,68.83000183105469,67.5,67.5,880800
2023-04-21,65.12583923339844,68.77999877929688,69.19000244140625,68.19000244140625,68.83999633789062,697900
2023-04-24,65.25840759277344,68.91999816894531,69.38999938964844,68.43000030517578,68.94000244140625,1186000
2023-04-25,64.927001953125,68.56999969482422,69.5,68.30000305175781,68.36000061035156,1756700
2023-04-26,63.91387176513672,67.5,68.70999908447266,67.48999786376953,68.43000030517578,1872300
2023-04-27,65.20733642578125,68.55999755859375,69.98999786376953,66.29000091552734,69.58999633789062,2834900
2023-04-28,64.95055389404297,68.29000091552734,70.2300033569336,68.01000213623047,69.45999908447266,3274900
2023-05-01,66.7100830078125,70.13999938964844,70.22000122070312,68.44999694824219,68.93000030517578,1276700
2023-05-02,66.36768341064453,69.77999877929688,70.25,68.69000244140625,69.95999908447266,910000
2023-05-03,66.06332397460938,69.45999908447266,70.5199966430664,69.26000213623047,70.13999938964844,972500
2023-05-04,65.8065414428711,69.19000244140625,69.55999755859375,68.20999908447266,69.0999984741211,949100
2023-05-05,66.9383316040039,70.37999725341797,70.55999755859375,69.52999877929688,70.0,768900
2023-05-08,66.87175750732422,70.30999755859375,70.8499984741211,69.73999786376953,70.63999938964844,530400
2023-05-09,65.93018341064453,69.31999969482422,70.23999786376953,69.25,70.06999969482422,636800
2023-05-10,65.83507537841797,69.22000122070312,70.0199966430664,68.30000305175781,70.0199966430664,679700
2023-05-11,65.05518341064453,68.4000015258789,68.95999908447266,67.86000061035156,68.79000091552734,1235800
2023-05-12,63.95190048217773,67.23999786376953,68.87000274658203,66.72000122070312,68.66999816894531,1321800
2023-05-15,64.86495208740234,68.19999694824219,68.2699966430664,67.0999984741211,67.22000122070312,826800
2023-05-16,63.92335510253906,67.20999908447266,67.62000274658203,66.58999633789062,67.38999938964844,776500
2023-05-17,64.9410400390625,68.27999877929688,68.41999816894531,67.25,67.4800033569336,611100
2023-05-18,65.75897216796875,69.13999938964844,69.16000366210938,67.7300033569336,68.0199966430664,628200
2023-05-19,65.0741958618164,68.41999816894531,69.73999786376953,68.0,69.62000274658203,595500
2023-05-22,64.8554458618164,68.19000244140625,68.91000366210938,67.54000091552734,68.30000305175781,847700
2023-05-23,63.46683120727539,66.7300033569336,67.98999786376953,66.70999908447266,67.48999786376953,616100
2023-05-24,63.105411529541016,66.3499984741211,66.69000244140625,65.94999694824219,66.68000030517578,755900
2023-05-25,63.23855972290039,66.48999786376953,66.62000274658203,65.55000305175781,66.54000091552734,805800
2023-05-26,63.409759521484375,66.66999816894531,66.91000366210938,66.18000030517578,66.5,728900
2023-05-30,63.42878723144531,66.69000244140625,66.91000366210938,65.94000244140625,66.62000274658203,720400
2023-05-31,60.81325912475586,63.93999862670898,66.52999877929688,63.880001068115234,66.2300033569336,4782000
2023-06-01,61.421974182128906,64.58000183105469,64.91999816894531,63.93999862670898,64.16999816894531,1361700
2023-06-02,65.06466674804688,68.41000366210938,68.44000244140625,65.44000244140625,65.44000244140625,1371900
2023-06-05,65.10271453857422,68.44999694824219,68.72000122070312,67.69999694824219,68.30999755859375,1007200
2023-06-06,65.283447265625,68.63999938964844,69.6500015258789,68.12000274658203,68.25,671000
2023-06-07,66.65301513671875,70.08000183105469,70.1500015258789,68.3499984741211,68.69999694824219,646100
2023-06-08,66.32965087890625,69.73999786376953,70.26000213623047,69.30000305175781,69.7699966430664,583800
2023-06-09,65.42610168457031,68.79000091552734,69.9000015258789,68.44999694824219,69.88999938964844,502700
2023-06-12,65.21685028076172,68.56999969482422,69.0999984741211,68.22000122070312,68.91999816894531,650500
2023-06-13,66.31061553955078,69.72000122070312,70.0199966430664,68.66999816894531,68.69000244140625,873300
2023-06-14,66.22502899169922,69.62999725341797,70.31999969482422,69.16000366210938,69.80999755859375,638200
2023-06-15,67.06198120117188,70.51000213623047,70.61000061035156,68.77999877929688,69.80999755859375,780700
2023-06-16,67.52801513671875,71.0,71.19999694824219,70.37000274658203,70.9000015258789,1764900
2023-06-20,66.66252136230469,70.08999633789062,70.62999725341797,69.80999755859375,70.41999816894531,693200
2023-06-21,66.43425750732422,69.8499984741211,70.33999633789062,69.22000122070312,69.72000122070312,712400
2023-06-22,65.66387176513672,69.04000091552734,69.7699966430664,68.97000122070312,69.7699966430664,867400
2023-06-23,66.09186553955078,69.48999786376953,69.63999938964844,68.16999816894531,68.58000183105469,1112700
2023-06-26,67.48046875,70.94999694824219,71.06999969482422,69.48999786376953,69.48999786376953,822900
2023-06-27,68.73591613769531,72.2699966430664,72.69000244140625,71.20999908447266,71.20999908447266,937600
2023-06-28,68.60275268554688,72.12999725341797,72.56999969482422,71.73999786376953,72.12999725341797,673000
2023-06-29,68.84053039550781,72.37999725341797,72.83999633789062,71.91000366210938,71.91000366210938,651600
2023-06-30,69.22098541259766,72.77999877929688,73.22000122070312,72.30000305175781,72.88999938964844,452600
2023-07-03,68.8310317993164,72.37000274658203,72.86000061035156,71.44000244140625,72.30000305175781,480500
2023-07-05,67.57557678222656,71.05000305175781,72.2699966430664,70.7699966430664,72.0,838500
2023-07-06,67.1475830078125,70.5999984741211,70.94000244140625,69.8499984741211,70.69000244140625,960900
2023-07-07,67.18563079833984,70.63999938964844,71.87999725341797,70.41000366210938,70.41999816894531,1152500
2023-07-10,68.65983581542969,72.19000244140625,72.44999694824219,70.56999969482422,70.7300033569336,828700
2023-07-11,69.62044525146484,73.19999694824219,73.66000366210938,72.51000213623047,72.51000213623047,1279800
2023-07-12,69.89625549316406,73.48999786376953,74.04000091552734,73.06999969482422,73.94000244140625,726700
2023-07-13,69.51583099365234,73.08999633789062,73.66000366210938,72.98999786376953,73.27999877929688,556300
2023-07-14,70.77127838134766,74.41000366210938,74.87999725341797,72.7300033569336,72.91000366210938,1284700
2023-07-17,71.3324203491211,75.0,75.5,74.23999786376953,74.58999633789062,1154600
2023-07-18,72.76858520507812,76.51000213623047,76.54000091552734,74.83000183105469,74.83000183105469,1231600
2023-07-19,72.89221954345703,76.63999938964844,76.79000091552734,75.9000015258789,76.55999755859375,784600
2023-07-20,72.62590789794922,76.36000061035156,76.94000244140625,76.02999877929688,76.7300033569336,661000
2023-07-21,72.27400207519531,75.98999786376953,76.45999908447266,75.75,76.26000213623047,747800
2023-07-24,71.73188781738281,75.41999816894531,76.37000274658203,75.18000030517578,76.0,1070700
2023-07-25,71.49411010742188,75.16999816894531,76.13999938964844,74.76000213623047,75.12000274658203,1819900
2023-07-26,71.39899444580078,75.06999969482422,75.62000274658203,74.44000244140625,75.25,1592800
2023-07-27,70.07696533203125,73.68000030517578,75.51000213623047,72.5199966430664,74.1500015258789,2442600
2023-07-28,68.94054412841797,72.19000244140625,74.56999969482422,71.95999908447266,74.56999969482422,1405400
2023-07-31,69.3607177734375,72.62999725341797,72.6500015258789,71.5999984741211,72.29000091552734,1218900
2023-08-01,69.3225326538086,72.58999633789062,73.04000091552734,72.0199966430664,72.56999969482422,1061900
2023-08-02,69.3225326538086,72.58999633789062,73.29000091552734,71.77999877929688,72.19999694824219,1012600
2023-08-03,69.04560089111328,72.30000305175781,72.80000305175781,71.69000244140625,72.62999725341797,953700
2023-08-04,69.37027740478516,72.63999938964844,73.72000122070312,72.18000030517578,72.81999969482422,1119100
2023-08-07,70.51625061035156,73.83999633789062,74.30999755859375,72.80000305175781,72.97000122070312,901200
2023-08-08,69.94326782226562,73.23999786376953,73.5999984741211,72.08999633789062,73.25,732500
2023-08-09,69.51351928710938,72.79000091552734,73.6500015258789,72.69000244140625,73.33999633789062,861200
2023-08-10,68.74952697753906,71.98999786376953,73.19000244140625,71.68000030517578,72.68000030517578,664500
2023-08-11,68.14788818359375,71.36000061035156,72.38999938964844,71.2300033569336,71.75,691700
2023-08-14,68.07149505615234,71.27999877929688,71.5199966430664,70.87000274658203,71.16000366210938,648800
2023-08-15,67.63220977783203,70.81999969482422,71.0,70.16000366210938,70.72000122070312,745700
2023-08-16,67.12606811523438,70.29000091552734,71.69999694824219,70.27999877929688,70.66000366210938,968500
2023-08-17,66.59126281738281,69.7300033569336,70.91000366210938,69.51000213623047,70.43000030517578,982400
2023-08-18,65.8177261352539,68.91999816894531,69.75,68.69000244140625,69.45999908447266,716300
2023-08-21,65.76044464111328,68.86000061035156,69.23999786376953,68.13999938964844,68.87000274658203,599300
2023-08-22,66.29522705078125,69.41999816894531,69.55999755859375,68.66999816894531,69.05999755859375,611600
2023-08-23,66.83000183105469,69.9800033569336,70.12999725341797,69.3499984741211,69.70999908447266,595300
2023-08-24,65.703125,68.80000305175781,70.51000213623047,68.75,69.62000274658203,557500
2023-08-25,66.61036682128906,69.75,70.1500015258789,68.7300033569336,69.27999877929688,628000
2023-08-28,67.52715301513672,70.70999908447266,71.1500015258789,69.93000030517578,69.93000030517578,502200
2023-08-29,68.6253890991211,71.86000061035156,71.87999725341797,70.48999786376953,70.5199966430664,609600
2023-08-30,69.04560089111328,72.30000305175781,72.98999786376953,71.62999725341797,71.91000366210938,568500
2023-08-31,69.236572265625,72.5,73.11000061035156,72.48999786376953,72.54000091552734,895600
2023-09-01,70.25841522216797,73.56999969482422,73.68000030517578,72.86000061035156,72.86000061035156,864000
2023-09-05,68.70178985595703,71.94000244140625,73.30000305175781,71.16999816894531,73.30000305175781,828600
2023-09-06,68.6158447265625,71.8499984741211,72.44000244140625,71.5999984741211,71.93000030517578,578500
2023-09-07,68.49169158935547,71.72000122070312,72.05999755859375,71.11000061035156,71.68000030517578,698400
2023-09-08,67.03056335449219,70.19000244140625,71.69000244140625,70.02999877929688,71.61000061035156,710100
2023-09-11,67.3361587524414,70.51000213623047,70.69999694824219,70.12999725341797,70.62999725341797,547500
2023-09-12,65.19699096679688,68.2699966430664,70.05999755859375,67.91999816894531,70.0,1102900
2023-09-13,64.09873962402344,67.12000274658203,68.19999694824219,66.63999938964844,68.1500015258789,1395600
2023-09-14,64.69084930419922,67.73999786376953,67.95999908447266,66.95999908447266,67.56999969482422,914200
2023-09-15,63.76450347900391,66.7699966430664,67.55000305175781,66.41999816894531,67.38999938964844,1233200
2023-09-18,64.13695526123047,67.16000366210938,67.68000030517578,65.91000366210938,66.87000274658203,1006400
2023-09-19,63.99370193481445,67.01000213623047,67.1500015258789,66.19999694824219,66.87999725341797,684600
2023-09-20,63.363407135009766,66.3499984741211,67.7300033569336,66.2699966430664,67.33999633789062,586100
2023-09-21,62.23652267456055,65.16999816894531,66.05999755859375,65.08999633789062,66.02999877929688,749500
2023-09-22,61.606231689453125,64.51000213623047,65.41999816894531,64.4000015258789,65.20999908447266,1275200
2023-09-25,61.56803131103516,64.47000122070312,64.86000061035156,64.13999938964844,64.37000274658203,1116200
2023-09-26,62.52302169799805,65.47000122070312,65.83000183105469,64.30000305175781,64.30000305175781,1299600
2023-09-27,62.50391387939453,65.44999694824219,66.31999969482422,65.16999816894531,65.91000366210938,1241800
2023-09-28,63.48755645751953,66.4800033569336,67.27999877929688,65.88999938964844,65.98999786376953,882300
2023-09-29,63.15331268310547,66.12999725341797,67.18000030517578,66.01000213623047,66.79000091552734,996500
2023-10-02,63.0769157409668,66.05000305175781,66.81999969482422,65.5199966430664,65.9000015258789,935300
2023-10-03,62.42751693725586,65.37000274658203,66.5,64.94999694824219,65.76000213623047,859800
2023-10-04,63.25835800170898,66.23999786376953,66.37000274658203,64.86000061035156,65.68000030517578,829300
2023-10-05,63.09601211547852,66.06999969482422,66.80999755859375,65.43000030517578,66.31999969482422,1065400
2023-10-06,64.26110076904297,67.29000091552734,67.77999877929688,65.73999786376953,66.0,1137400
2023-10-09,65.54077911376953,68.62999725341797,68.87000274658203,66.44999694824219,66.52999877929688,1077200
2023-10-10,66.14241790771484,69.26000213623047,70.30000305175781,68.94999694824219,69.94000244140625,1289800
2023-10-11,67.89004516601562,71.08999633789062,71.16000366210938,69.19999694824219,69.26000213623047,1189600
2023-10-12,66.78225708007812,69.93000030517578,71.01000213623047,69.25,70.98999786376953,930900
2023-10-13,67.097412109375,70.26000213623047,70.88999938964844,69.43000030517578,70.25,1235200
2023-10-16,68.66358947753906,71.9000015258789,72.05999755859375,70.51000213623047,70.98999786376953,1238800
2023-10-17,68.59674835205078,71.83000183105469,72.70999908447266,71.12999725341797,71.5199966430664,930600
2023-10-18,65.38798522949219,68.47000122070312,70.94000244140625,68.4000015258789,70.73999786376953,1118300
2023-10-19,63.99370193481445,67.01000213623047,68.68000030517578,66.69000244140625,68.3499984741211,1043300
2023-10-20,63.65945816040039,66.66000366210938,67.51000213623047,66.2699966430664,67.02999877929688,1008500
2023-10-23,63.40161895751953,66.38999938964844,67.25,66.37000274658203,66.58999633789062,846500
2023-10-24,63.640357971191406,66.63999938964844,67.31999969482422,66.05000305175781,66.94000244140625,1100500
2023-10-25,62.2556266784668,65.19000244140625,66.1500015258789,65.08000183105469,65.61000061035156,1630800
2023-10-26,66.00872802734375,69.12000274658203,70.12000274658203,65.19999694824219,66.44000244140625,2186400
2023-10-27,64.75768280029297,67.80999755859375,69.83999633789062,67.45999908447266,69.66000366210938,1586700
2023-10-30,66.67671966552734,69.48999786376953,70.01000213623047,67.97000122070312,68.70999908447266,1683300
2023-10-31,66.93580627441406,69.76000213623047,70.30999755859375,69.37000274658203,69.55999755859375,1358400
2023-11-01,67.94328308105469,70.80999755859375,71.0199966430664,69.16999816894531,70.08000183105469,1152100
2023-11-02,68.46142578125,71.3499984741211,72.5,71.30000305175781,71.94000244140625,1086100
2023-11-03,68.66292572021484,71.55999755859375,72.83000183105469,71.54000091552734,72.25,1206700
2023-11-06,68.21195220947266,71.08999633789062,72.47000122070312,70.9000015258789,71.51000213623047,1335700
2023-11-07,67.78975677490234,70.6500015258789,71.47000122070312,70.30000305175781,70.7300033569336,1101600
2023-11-08,68.25991821289062,71.13999938964844,71.62000274658203,70.44000244140625,70.91000366210938,744800
2023-11-09,68.4806137084961,71.37000274658203,71.9800033569336,70.97000122070312,71.41999816894531,832900
2023-11-10,69.87190246582031,72.81999969482422,72.97000122070312,71.70999908447266,71.9000015258789,846600
2023-11-13,70.40923309326172,73.37999725341797,73.63999938964844,72.41000366210938,72.41000366210938,1036400
2023-11-14,72.94234466552734,76.0199966430664,76.26000213623047,74.44999694824219,74.58999633789062,1191900
2023-11-15,71.96363830566406,75.0,76.9800033569336,74.83999633789062,76.0,1082200
2023-11-16,72.57772064208984,75.63999938964844,75.91000366210938,75.04000091552734,75.08999633789062,833900
2023-11-17,73.28776550292969,76.37999725341797,76.44000244140625,75.86000061035156,76.12999725341797,669800
2023-11-20,73.02871704101562,76.11000061035156,76.2699966430664,75.06999969482422,76.02999877929688,895200
2023-11-21,72.79842376708984,75.87000274658203,76.2699966430664,75.41999816894531,75.91000366210938,497200
2023-11-22,72.80802154541016,75.87999725341797,76.43000030517578,75.66999816894531,76.16000366210938,654900
2023-11-24,72.93275451660156,76.01000213623047,76.33000183105469,75.69000244140625,75.77999877929688,238200
2023-11-27,72.8847885131836,75.95999908447266,76.13999938964844,75.36000061035156,75.52999877929688,580300
2023-11-28,72.07879638671875,75.12000274658203,76.29000091552734,75.0999984741211,75.66999816894531,583200
2023-11-29,72.05958557128906,75.0999984741211,76.05999755859375,74.95999908447266,75.73999786376953,641600
2023-11-30,72.30908966064453,75.36000061035156,75.8499984741211,74.43000030517578,75.0999984741211,955500
2023-12-01,73.6332015991211,76.73999786376953,76.8499984741211,75.19000244140625,75.47000122070312,696600
2023-12-04,73.96903228759766,77.08999633789062,77.33999633789062,75.91000366210938,76.0999984741211,1238800
2023-12-05,73.22061157226562,76.30999755859375,77.05000305175781,75.93000030517578,76.68000030517578,874500
2023-12-06,74.15135192871094,77.27999877929688,77.7699966430664,76.62000274658203,76.83999633789062,820600
2023-12-07,74.85179901123047,78.01000213623047,78.0199966430664,76.62999725341797,77.18000030517578,1180500
2023-12-08,74.83259582519531,77.98999786376953,79.29000091552734,77.77999877929688,78.12000274658203,827900
2023-12-11,74.88057708740234,78.04000091552734,78.66000366210938,77.66000366210938,78.31999969482422,818900
2023-12-12,76.26227569580078,79.4800033569336,80.02999877929688,78.33999633789062,78.36000061035156,986700
2023-12-13,76.31025695800781,79.52999877929688,80.0999984741211,78.25,79.26000213623047,1191500
2023-12-14,77.32732391357422,80.58999633789062,80.83999633789062,79.6500015258789,79.8499984741211,1450200
2023-12-15,75.99362182617188,79.19999694824219,80.37999725341797,78.9800033569336,79.7300033569336,2910400
2023-12-18,76.17593383789062,79.38999938964844,79.86000061035156,78.86000061035156,79.33999633789062,926300
2023-12-19,77.62480163574219,80.9000015258789,80.93000030517578,79.66999816894531,79.66999816894531,913600
2023-12-20,76.9819107055664,80.2300033569336,81.3499984741211,80.22000122070312,80.69999694824219,790100
2023-12-21,78.25806427001953,81.55999755859375,81.56999969482422,80.81999969482422,81.02999877929688,621600
2023-12-22,78.42118835449219,81.7300033569336,82.02999877929688,81.23999786376953,81.94999694824219,449400
2023-12-26,78.53633117675781,81.8499984741211,82.05999755859375,81.41999816894531,81.69999694824219,420400
2023-12-27,78.83378601074219,82.16000366210938,82.4000015258789,81.69000244140625,81.9800033569336,441700
2023-12-28,78.91053771972656,82.23999786376953,82.44000244140625,81.83000183105469,81.93000030517578,452800
2023-12-29,79.1024398803711,82.44000244140625,82.7699966430664,82.02999877929688,82.02999877929688,610900
2024-01-02,78.14293670654297,81.44000244140625,82.62999725341797,81.19000244140625,81.69999694824219,613800
2024-01-03,75.52344512939453,78.70999908447266,80.87000274658203,78.08999633789062,80.87000274658203,1276800
2024-01-04,76.16632080078125,79.37999725341797,80.45999908447266,78.33000183105469,78.72000122070312,880600
2024-01-05,75.84009552001953,79.04000091552734,79.66999816894531,78.70999908447266,79.0999984741211,650300
2024-01-08,76.0607681274414,79.2699966430664,79.5,78.44000244140625,79.2699966430664,790000
2024-01-09,76.60770416259766,79.83999633789062,79.86000061035156,78.80000305175781,78.83999633789062,662300
2024-01-10,77.2218017578125,80.4800033569336,81.01000213623047,79.66000366210938,79.83999633789062,838600
2024-01-11,77.39451599121094,80.66000366210938,80.83999633789062,79.86000061035156,80.4800033569336,670800
2024-01-12,77.8262939453125,81.11000061035156,81.54000091552734,80.0,81.26000213623047,600300
2024-01-16,77.7015609741211,80.9800033569336,81.12000274658203,80.30999755859375,80.55000305175781,695800
2024-01-17,76.8763656616211,80.12000274658203,81.70999908447266,80.0199966430664,80.83999633789062,618700
2024-01-18,77.31775665283203,80.58000183105469,80.97000122070312,79.83999633789062,80.75,569900
2024-01-19,77.92225646972656,81.20999908447266,81.62999725341797,80.06999969482422,80.55999755859375,772300
2024-01-22,78.79539489746094,82.12000274658203,82.41000366210938,81.38999938964844,81.63999938964844,889100
2024-01-23,78.53633117675781,81.8499984741211,82.3499984741211,81.31999969482422,82.08000183105469,1234200
2024-01-24,77.07786560058594,80.33000183105469,82.2300033569336,80.30000305175781,82.2300033569336,803800
2024-01-25,77.97982025146484,81.2699966430664,81.45999908447266,80.80999755859375,80.9000015258789,1034400
2024-01-26,77.64398956298828,80.91999816894531,81.69999694824219,80.58000183105469,81.33999633789062,846600
2024-01-29,78.34443664550781,81.6500015258789,81.80000305175781,80.61000061035156,80.94999694824219,962700
2024-01-30,76.79352569580078,79.72000122070312,80.3499984741211,76.93000030517578,78.76000213623047,2496500
2024-01-31,74.76097869873047,77.61000061035156,79.86000061035156,77.08999633789062,79.86000061035156,2569400
2024-02-01,76.64903259277344,79.56999969482422,79.69999694824219,77.94999694824219,78.30000305175781,1200000
2024-02-02,75.45455169677734,78.33000183105469,79.0999984741211,77.25,79.01000213623047,1058100
2024-02-05,74.26006317138672,77.08999633789062,78.04000091552734,76.88999938964844,78.04000091552734,999900
2024-02-06,75.34860229492188,78.22000122070312,78.45999908447266,77.0999984741211,77.16999816894531,974200
2024-02-07,76.90912628173828,79.83999633789062,80.41000366210938,78.91999816894531,79.0199966430664,878200
2024-02-08,77.30406951904297,80.25,80.81999969482422,79.7300033569336,80.22000122070312,835500
2024-02-09,77.58342742919922,80.54000091552734,80.80000305175781,79.9800033569336,80.29000091552734,707600
2024-02-12,78.29625701904297,81.27999877929688,81.61000061035156,80.43000030517578,80.76000213623047,654000
2024-02-13,76.34078216552734,79.25,80.30000305175781,78.76000213623047,79.62999725341797,1136000
2024-02-14,78.19029998779297,81.16999816894531,81.47000122070312,79.7300033569336,80.0,1050600
2024-02-15,78.02654266357422,81.0,82.16000366210938,80.05000305175781,81.80000305175781,906700
2024-02-16,77.14994812011719,80.08999633789062,81.36000061035156,80.0,80.73999786376953,752000
2024-02-20,76.71646881103516,79.63999938964844,80.37000274658203,79.05999755859375,79.55000305175781,1040500
2024-02-21,77.2848129272461,80.2300033569336,80.4800033569336,79.5999984741211,79.91000366210938,781200
2024-02-22,77.65086364746094,80.61000061035156,80.94999694824219,79.91000366210938,80.81999969482422,843000
2024-02-23,78.411865234375,81.4000015258789,81.51000213623047,80.61000061035156,80.95999908447266,788500
2024-02-26,78.59487915039062,81.58999633789062,81.9000015258789,81.0999984741211,81.4000015258789,681300
2024-02-27,79.2788314819336,82.30000305175781,82.4000015258789,81.44999694824219,81.91999816894531,751300
2024-02-28,79.84716033935547,82.88999938964844,83.43000030517578,82.02999877929688,82.33999633789062,870700
2024-02-29,79.85680389404297,82.9000015258789,83.4800033569336,82.51000213623047,83.47000122070312,1464800
2024-03-01,80.8586196899414,83.94000244140625,84.08000183105469,82.51000213623047,82.54000091552734,1221800
2024-03-04,81.97603607177734,85.0999984741211,85.63999938964844,83.97000122070312,84.0,1016500
2024-03-05,80.61780548095703,83.69000244140625,84.9800033569336,83.1500015258789,84.86000061035156,990000
2024-03-06,81.39806365966797,84.5,85.18000030517578,84.0999984741211,84.1500015258789,674700
2024-03-07,83.46914672851562,86.6500015258789,86.80999755859375,84.87999725341797,85.1500015258789,914100
2024-03-08,82.66960144042969,85.81999969482422,87.5999984741211,85.66000366210938,87.04000091552734,627400
2024-03-11,82.17832946777344,85.30999755859375,85.83000183105469,84.62000274658203,85.63999938964844,699400
2024-03-12,82.77557373046875,85.93000030517578,86.06999969482422,85.0199966430664,85.4000015258789,658700
2024-03-13,82.99712371826172,86.16000366210938,86.55000305175781,85.54000091552734,85.97000122070312,810300
2024-03-14,83.44023895263672,86.62000274658203,86.88999938964844,85.98999786376953,86.26000213623047,941300
2024-03-15,83.89299011230469,87.08999633789062,87.91000366210938,86.04000091552734,86.04000091552734,2636400
2024-03-18,82.70813751220703,85.86000061035156,87.4800033569336,85.68000030517578,87.11000061035156,1064200
2024-03-19,83.5943603515625,86.77999877929688,86.81999969482422,85.69999694824219,85.97000122070312,773200
2024-03-20,84.42278289794922,87.63999938964844,87.72000122070312,86.41999816894531,86.93000030517578,563900
2024-03-21,86.58055877685547,89.87999725341797,89.95999908447266,87.83000183105469,87.83000183105469,758300
2024-03-22,86.0025863647461,89.27999877929688,89.81999969482422,88.94000244140625,89.54000091552734,1008400
2024-03-25,84.80811309814453,88.04000091552734,89.86000061035156,88.01000213623047,89.37999725341797,747900
2024-03-26,84.65398406982422,87.87999725341797,88.69999694824219,87.61000061035156,88.0199966430664,892400
2024-03-27,85.58837127685547,88.8499984741211,88.87000274658203,88.0,88.41999816894531,776300
2024-03-28,86.17597961425781,89.45999908447266,89.62000274658203,88.7300033569336,89.06999969482422,1003700
2024-04-01,85.8099365234375,89.08000183105469,89.7699966430664,88.68000030517578,89.33000183105469,676200
2024-04-02,85.29939270019531,88.55000305175781,88.9000015258789,87.88999938964844,88.70999908447266,921100
2024-04-03,85.39572143554688,88.6500015258789,89.41999816894531,88.29000091552734,88.55000305175781,899000
2024-04-04,83.94114685058594,87.13999938964844,89.69000244140625,86.95999908447266,89.38999938964844,1036500
2024-04-05,84.32646179199219,87.54000091552734,88.02999877929688,86.79000091552734,87.38999938964844,921500
2024-04-08,83.77738189697266,86.97000122070312,88.05000305175781,86.94999694824219,88.05000305175781,902700
2024-04-09,83.29573822021484,86.47000122070312,87.0999984741211,85.18000030517578,87.0999984741211,1251600
2024-04-10,82.39024353027344,85.52999877929688,86.06999969482422,83.87000274658203,84.80000305175781,1002800
2024-04-11,82.98748779296875,86.1500015258789,86.37999725341797,85.08999633789062,85.95999908447266,901800
2024-04-12,83.32464599609375,86.5,86.58000183105469,85.33000183105469,85.33000183105469,1178400
2024-04-15,82.02420043945312,85.1500015258789,87.98999786376953,84.98999786376953,87.94000244140625,770900
2024-04-16,82.26502227783203,85.4000015258789,85.75,84.61000061035156,84.9800033569336,886900
2024-04-17,83.2861099243164,86.45999908447266,86.80000305175781,85.20999908447266,85.83000183105469,1686700
2024-04-18,83.5076675415039,86.69000244140625,87.93000030517578,86.51000213623047,87.0,1199500
2024-04-19,82.9104232788086,86.06999969482422,87.44000244140625,85.8499984741211,86.80999755859375,1134600
2024-04-22,83.7099609375,86.9000015258789,87.9000015258789,85.77999877929688,86.25,1268000
2024-04-23,84.6925048828125,87.91999816894531,88.2300033569336,86.91999816894531,87.23999786376953,695200
2024-04-24,83.80628967285156,87.0,88.7699966430664,86.30000305175781,87.7699966430664,1267300
2024-04-25,79.77973937988281,82.81999969482422,83.91000366210938,80.63999938964844,83.9000015258789,2381000
2024-04-26,80.1554183959961,83.20999908447266,84.11000061035156,82.33000183105469,82.33000183105469,1316200
2024-04-29,81.52857208251953,84.30999755859375,84.33999633789062,82.9000015258789,82.9000015258789,1479000
2024-04-30,80.1070556640625,82.83999633789062,84.94000244140625,82.66999816894531,84.01000213623047,1545500
2024-05-01,80.05872344970703,82.79000091552734,83.9800033569336,82.55999755859375,82.83000183105469,973900
2024-05-02,80.79364013671875,83.55000305175781,83.93000030517578,82.81999969482422,83.08999633789062,734400
2024-05-03,81.52857208251953,84.30999755859375,84.87999725341797,84.02999877929688,84.4800033569336,558200
2024-05-06,82.34085083007812,85.1500015258789,85.47000122070312,84.77999877929688,84.9800033569336,567900
2024-05-07,82.40855407714844,85.22000122070312,85.83000183105469,84.9000015258789,85.44000244140625,559200
2024-05-08,82.75667572021484,85.58000183105469,85.70999908447266,85.02999877929688,85.2300033569336,500200
2024-05-09,83.53994750976562,86.38999938964844,86.5199966430664,85.5,85.69000244140625,674100
2024-05-10,83.53026580810547,86.37999725341797,87.36000061035156,86.27999877929688,86.6500015258789,459800
2024-05-13,83.22083282470703,86.05999755859375,86.91999816894531,85.98999786376953,86.69999694824219,514600
2024-05-14,83.54961395263672,86.4000015258789,86.77999877929688,86.12999725341797,86.54000091552734,508800
2024-05-15,83.90740966796875,86.7699966430664,87.83000183105469,86.41999816894531,87.08999633789062,691300
2024-05-16,82.54393768310547,85.36000061035156,87.20999908447266,85.36000061035156,86.5,770700
2024-05-17,82.85336303710938,85.68000030517578,85.72000122070312,84.83999633789062,85.48999786376953,634900
2024-05-20,82.97908020019531,85.80999755859375,86.44000244140625,85.62000274658203,85.83000183105469,664700
2024-05-21,82.91138458251953,85.73999786376953,85.9000015258789,85.04000091552734,85.43000030517578,717100
2024-05-22,82.26349639892578,85.06999969482422,86.76000213623047,84.8499984741211,85.56999969482422,791000
2024-05-23,81.29649353027344,84.06999969482422,85.37999725341797,83.87999725341797,85.2699966430664,635000
2024-05-24,81.98306274414062,84.77999877929688,85.0,84.19000244140625,84.3499984741211,590100
2024-05-28,79.81697082519531,82.54000091552734,84.81999969482422,82.44000244140625,84.69000244140625,872500
2024-05-29,78.43414306640625,81.11000061035156,82.33000183105469,80.93000030517578,81.76000213623047,1391100
2024-05-30,79.35279846191406,82.05999755859375,82.44000244140625,81.16999816894531,81.26000213623047,864600
2024-05-31,80.88067626953125,83.63999938964844,83.7699966430664,82.08000183105469,82.20999908447266,2391400
2024-06-03,79.48817443847656,82.19999694824219,83.75,81.2300033569336,83.5199966430664,755300
2024-06-04,78.56951141357422,81.25,82.18000030517578,81.06999969482422,81.94000244140625,814200
2024-06-05,79.37213134765625,82.08000183105469,82.3499984741211,80.66000366210938,81.37000274658203,520300
2024-06-06,78.21172332763672,80.87999725341797,82.41000366210938,80.37999725341797,81.91999816894531,568200
2024-06-07,78.40513610839844,81.08000183105469,81.37000274658203,80.2300033569336,80.51000213623047,526300
2024-06-10,78.79193115234375,81.4800033569336,81.52999877929688,80.58999633789062,80.70999908447266,450300
2024-06-11,78.8982925415039,81.58999633789062,81.63999938964844,80.37000274658203,81.19999694824219,466600
2024-06-12,80.83232879638672,83.58999633789062,84.30000305175781,83.11000061035156,83.62999725341797,712000
2024-06-13,80.90968322753906,83.66999816894531,83.83000183105469,82.31999969482422,83.33999633789062,687900
2024-06-14,79.7396011352539,82.45999908447266,82.88999938964844,80.98999786376953,82.5999984741211,699600
2024-06-17,80.91934204101562,83.68000030517578,83.69999694824219,82.16000366210938,82.16000366210938,714800
2024-06-18,81.44153594970703,84.22000122070312,84.6500015258789,83.19999694824219,83.54000091552734,782100
2024-06-20,81.15142822265625,83.91999816894531,84.54000091552734,83.48999786376953,83.88999938964844,643900
2024-06-21,81.36416625976562,84.13999938964844,84.26000213623047,82.75,83.95999908447266,1486400
2024-06-24,81.64461517333984,84.43000030517578,85.58999633789062,83.91999816894531,84.33000183105469,928600
2024-06-25,80.19409942626953,82.93000030517578,84.22000122070312,82.0199966430664,83.93000030517578,922500
2024-06-26,79.66223907470703,82.37999725341797,82.55999755859375,81.7699966430664,82.5,876900
2024-06-27,79.3141098022461,82.0199966430664,82.66999816894531,81.66999816894531,81.69000244140625,868500
2024-06-28,79.08203125,81.77999877929688,83.37000274658203,81.26000213623047,82.13999938964844,1378400
2024-07-01,77.53482818603516,80.18000030517578,82.23999786376953,80.16999816894531,82.19000244140625,623200
2024-07-02,78.22140502929688,80.88999938964844,81.0999984741211,79.68000030517578,80.0,1028800
2024-07-03,78.36643981933594,81.04000091552734,81.68000030517578,80.52999877929688,80.7699966430664,539800
2024-07-05,77.82492065429688,80.4800033569336,80.66000366210938,79.16999816894531,80.37000274658203,1190100
2024-07-08,78.38578033447266,81.05999755859375,81.3499984741211,80.43000030517578,80.72000122070312,726800
2024-07-09,78.0666732788086,80.7300033569336,81.31999969482422,80.19999694824219,80.83999633789062,968600
2024-07-10,80.25211334228516,82.98999786376953,83.12999725341797,81.08000183105469,81.18000030517578,1014100
2024-07-11,83.24017333984375,86.08000183105469,86.37999725341797,83.7699966430664,84.19000244140625,1004700
2024-07-12,84.93244171142578,87.83000183105469,88.63999938964844,86.6500015258789,86.94000244140625,999000
2024-07-15,84.90345001220703,87.80000305175781,89.19000244140625,87.69999694824219,88.22000122070312,1154700
2024-07-16,88.9455337524414,91.9800033569336,92.13999938964844,88.5,88.7699966430664,1338300
2024-07-17,87.16622924804688,90.13999938964844,92.12999725341795,90.13999938964844,91.47000122070312,850900
2024-07-18,86.08317565917969,89.0199966430664,92.4499969482422,88.83999633789062,89.80000305175781,1025900
2024-07-19,85.087158203125,87.98999786376953,89.68000030517578,87.56999969482422,89.36000061035156,1038600
2024-07-22,85.88011169433594,88.80999755859375,89.08000183105469,86.66999816894531,88.1500015258789,1138800
2024-07-23,77.81526184082031,80.47000122070312,85.06999969482422,79.83000183105469,80.91999816894531,2721300
2024-07-24,78.09568786621094,80.76000213623047,82.5,80.6500015258789,80.87999725341797,2167100
2024-07-25,79.46884155273438,82.18000030517578,83.33000183105469,81.11000061035156,81.16999816894531,1505600
2024-07-26,81.71231079101562,84.5,84.91000366210938,83.30000305175781,83.55000305175781,1149800
2024-07-29,81.71231079101562,84.5,85.29000091552734,83.81999969482422,84.5,1059000
2024-07-30,82.6309585571289,85.44999694824219,85.9800033569336,84.98999786376953,85.22000122070312,881100
2024-07-31,82.54360961914062,85.04000091552734,85.8499984741211,84.76000213623047,85.62000274658203,1746400
2024-08-01,80.11698913574219,82.54000091552734,85.87000274658203,81.36000061035156,85.0199966430664,874700
2024-08-02,79.98110961914062,82.4000015258789,82.45999908447266,80.2699966430664,81.69999694824219,1106000
2024-08-05,79.25312042236328,81.6500015258789,82.55999755859375,79.66999816894531,80.7300033569336,1243300
2024-08-06,79.26282501220703,81.66000366210938,83.43000030517578,81.29000091552734,81.80000305175781,860000
2024-08-07,77.91362762451172,80.2699966430664,83.62000274658203,79.95999908447266,81.98999786376953,1291700
2024-08-08,78.12715911865234,80.48999786376953,81.48999786376953,79.79000091552734,80.80000305175781,1075100
2024-08-09,77.91362762451172,80.2699966430664,81.2699966430664,79.61000061035156,80.52999877929688,628000
2024-08-12,76.55473327636719,78.87000274658203,80.41000366210938,78.76000213623047,80.20999908447266,698800
2024-08-13,77.23418426513672,79.56999969482422,79.79000091552734,78.62999725341797,79.51000213623047,679900
2024-08-14,77.4186019897461,79.76000213623047,80.3499984741211,79.16999816894531,79.94999694824219,652200
2024-08-15,77.89421844482422,80.25,81.25,79.86000061035156,80.86000061035156,735100
2024-08-16,77.31182098388672,79.6500015258789,80.5199966430664,79.43000030517578,80.16000366210938,834200
2024-08-19,78.33100891113281,80.69999694824219,80.70999908447266,79.58999633789062,79.91000366210938,584900
2024-08-20,78.42807006835938,80.80000305175781,81.11000061035156,80.37999725341797,80.62999725341797,605300
2024-08-21,79.47636413574219,81.87999725341797,81.94000244140625,81.0199966430664,81.19000244140625,573100
2024-08-22,78.74838256835938,81.12999725341797,82.0999984741211,80.87999725341797,81.81999969482422,627700
2024-08-23,80.11698913574219,82.54000091552734,83.08999633789062,81.18000030517578,81.81999969482422,562300
2024-08-26,79.94227600097656,82.36000061035156,83.22000122070312,82.12000274658203,82.95999908447266,562100
2024-08-27,79.3598861694336,81.76000213623047,82.38999938964844,80.98999786376953,81.8499984741211,702400
2024-08-28,79.43754577636719,81.83999633789062,82.6500015258789,81.58999633789062,81.72000122070312,577000
2024-08-29,79.68990325927734,82.0999984741211,82.94000244140625,81.12999725341797,82.4000015258789,603700
2024-08-30,81.26235961914062,83.72000122070312,83.86000061035156,82.43000030517578,82.4800033569336,1007100
2024-09-03,78.87458038330078,81.26000213623047,83.66999816894531,80.6500015258789,83.52999877929688,740800
2024-09-04,77.99127960205078,80.3499984741211,81.26000213623047,79.76000213623047,81.08999633789062,625100
2024-09-05,75.57437896728516,77.86000061035156,79.94999694824219,76.94000244140625,79.87000274658203,1561800
2024-09-06,74.65225982666016,76.91000366210938,78.62999725341797,76.77999877929688,78.04000091552734,864900
2024-09-09,75.60350036621094,77.88999938964844,77.98999786376953,76.80000305175781,77.33000183105469,830900
2024-09-10,76.37030792236328,78.68000030517578,78.80999755859375,77.70999908447266,78.13999938964844,556700
2024-09-11,76.1567611694336,78.45999908447266,78.56999969482422,76.62999725341797,78.4800033569336,593100
2024-09-12,77.06916809082031,79.4000015258789,79.41999816894531,77.87999725341797,78.4000015258789,982200
2024-09-13,77.6224365234375,79.97000122070312,80.58999633789062,79.41999816894531,79.75,986200
2024-09-16,79.30165100097656,81.69999694824219,81.93000030517578,80.44999694824219,80.81999969482422,821000
2024-09-17,80.0490493774414,82.47000122070312,83.25,81.93000030517578,82.08999633789062,583600
2024-09-18,80.45671844482422,82.88999938964844,84.29000091552734,82.30000305175781,82.9000015258789,904200
2024-09-19,81.81562042236328,84.29000091552734,84.5,83.36000061035156,84.5,679500
2024-09-20,80.45671844482422,82.88999938964844,84.19000244140625,82.62000274658203,84.0199966430664,2338900
2024-09-23,81.51473236083984,83.9800033569336,84.19999694824219,83.08000183105469,83.30000305175781,668400
2024-09-24,83.22306060791016,85.73999786376953,85.7699966430664,83.83999633789062,84.04000091552734,940700
2024-09-25,83.32010650634766,85.83999633789062,86.12000274658203,85.16000366210938,85.97000122070312,805800
2024-09-26,86.68826293945312,89.30999755859375,89.91000366210938,86.75,86.93000030517578,1799400
2024-09-27,87.93067932128906,90.58999633789062,92.05999755859376,89.81999969482422,89.97000122070312,1631300
2024-09-30,87.19300079345703,89.83000183105469,90.83999633789062,89.4800033569336,90.5999984741211,1065800
2024-10-01,86.3291244506836,88.94000244140625,90.1500015258789,88.2300033569336,89.95999908447266,847600
2024-10-02,85.44583129882812,88.02999877929688,88.54000091552734,87.12999725341797,88.41999816894531,981900
2024-10-03,84.94110870361328,87.51000213623047,88.0199966430664,86.55999755859375,87.63999938964844,886000
2024-10-04,84.83432006835938,87.4000015258789,88.13999938964844,86.73999786376953,88.08000183105469,653500
2024-10-07,85.56231689453125,88.1500015258789,88.41000366210938,86.29000091552734,86.87999725341797,629900
2024-10-08,83.91220092773438,86.44999694824219,87.87000274658203,85.93000030517578,87.75,1536800
2024-10-09,85.10610961914062,87.68000030517578,87.87999725341797,86.8499984741211,86.9800033569336,635500
2024-10-10,83.72779083251953,86.26000213623047,87.38999938964844,86.16000366210938,87.0,808400
2024-10-11,78.49602508544922,80.87000274658203,83.19999694824219,79.5,80.33999633789062,2379100
2024-10-14,80.19464111328125,82.62000274658203,82.70999908447266,80.6500015258789,81.02999877929688,1345400
2024-10-15,78.57366943359375,80.94999694824219,83.01000213623047,80.9000015258789,82.5,1379200
2024-10-16,77.87480163574219,80.2300033569336,81.91999816894531,80.19999694824219,81.36000061035156,1158100
2024-10-17,76.43824768066406,78.75,80.2300033569336,78.22000122070312,79.87000274658203,1772800
2024-10-18,76.43824768066406,78.75,79.16999816894531,78.27999877929688,79.0,1032200
2024-10-21,76.29265594482422,78.5999984741211,79.5999984741211,78.11000061035156,78.83000183105469,1196600
2024-10-22,75.91409301757812,78.20999908447266,80.26000213623047,78.0,79.66000366210938,1549900
2024-10-23,75.03081512451172,77.30000305175781,80.23999786376953,77.2300033569336,77.98999786376953,1396300
2024-10-24,75.06964111328125,77.33999633789062,78.0,76.52999877929688,77.19999694824219,851400
2024-10-25,74.61344146728516,76.87000274658203,78.11000061035156,76.66000366210938,77.37000274658203,822000
2024-10-28,74.73961639404297,77.0,78.25,76.94000244140625,77.33000183105469,710300
2024-10-29,74.10869598388672,76.3499984741211,77.04000091552734,75.51000213623047,76.05999755859375,877300
2024-10-30,73.68163299560547,75.91000366210938,76.91000366210938,75.70999908447266,76.06999969482422,917400
2024-10-31,73.22335815429688,75.0999984741211,75.83000183105469,74.80999755859375,75.41000366210938,1977500
2024-11-01,73.51586151123047,75.4000015258789,76.30999755859375,75.02999877929688,75.41000366210938,811300
2024-11-04,73.26236724853516,75.13999938964844,76.27999877929688,74.80000305175781,75.4000015258789,716400
2024-11-05,74.02287292480469,75.91999816894531,75.98999786376953,74.80000305175781,75.0,709000
2024-11-06,74.30563354492188,76.20999908447266,77.91999816894531,75.47000122070312,77.0,1422200
2024-11-07,74.13011932373047,76.02999877929688,76.66000366210938,75.66000366210938,76.26000213623047,1299000
2024-11-08,72.98936462402344,74.86000061035156,76.27999877929688,74.80999755859375,76.01000213623047,1289400
2024-11-11,73.22335815429688,75.0999984741211,75.70999908447266,74.69000244140625,75.08000183105469,1215100
2024-11-12,71.31234741210938,73.13999938964844,75.08000183105469,73.05000305175781,74.70999908447266,1323800
2024-11-13,71.28308868408203,73.11000061035156,73.5,72.62000274658203,73.37999725341797,1066400
2024-11-14,71.17583465576172,73.0,73.80000305175781,72.91000366210938,73.0,1002400
2024-11-15,70.42508697509766,72.2300033569336,73.27999877929688,72.1500015258789,72.77999877929688,1214400
2024-11-18,70.34708404541016,72.1500015258789,72.62999725341797,71.63999938964844,72.0,801700
2024-11-19,69.62557983398438,71.41000366210938,72.0,71.04000091552734,71.5199966430664,914200
2024-11-20,69.95707702636719,71.75,71.93000030517578,70.7300033569336,71.5,849600
2024-11-21,71.14659118652344,72.97000122070312,73.56999969482422,71.69000244140625,71.75,975900
2024-11-22,71.60484313964844,73.44000244140625,73.80000305175781,73.0,73.0999984741211,716600
2024-11-25,73.54511260986328,75.43000030517578,75.91000366210938,74.01000213623047,74.11000061035156,1303100
2024-11-26,72.0533447265625,73.9000015258789,74.58999633789062,73.75,74.52999877929688,850800
2024-11-27,72.24835205078125,74.0999984741211,74.93000030517578,74.01000213623047,74.2300033569336,609100
2024-11-29,72.62860870361328,74.48999786376953,74.66999816894531,74.05000305175781,74.19999694824219,381300
2024-12-02,72.78461456298828,74.6500015258789,74.86000061035156,73.75,74.62999725341797,841200
2024-12-03,72.17034149169922,74.0199966430664,74.6500015258789,73.23999786376953,74.6500015258789,1134100
2024-12-04,71.76084899902344,73.5999984741211,74.13999938964844,73.2300033569336,73.79000091552734,865200
2024-12-05,70.5128402709961,72.31999969482422,73.58000183105469,71.9800033569336,73.52999877929688,939100
2024-12-06,70.79559326171875,72.61000061035156,73.23999786376953,72.30999755859375,73.23999786376953,1066700
2024-12-09,72.0436019897461,73.88999938964844,74.41999816894531,72.77999877929688,72.77999877929688,1313900
2024-12-10,71.1563491821289,72.9800033569336,73.8499984741211,72.08000183105469,73.5999984741211,954600
2024-12-11,71.05884552001953,72.87999725341797,73.69000244140625,72.45999908447266,73.4000015258789,1084800
2024-12-12,70.8150863647461,72.62999725341797,73.1500015258789,72.19000244140625,72.66999816894531,864800
2024-12-13,70.67858123779297,72.48999786376953,72.81999969482422,72.08000183105469,72.27999877929688,981500
2024-12-16,70.09357452392578,71.88999938964844,73.4000015258789,71.80000305175781,72.12999725341797,767900
2024-12-17,69.04055786132812,70.80999755859375,72.20999908447266,70.76000213623047,71.66000366210938,1148900
2024-12-18,67.18804168701172,68.91000366210938,71.69999694824219,68.88999938964844,71.08000183105469,812600
2024-12-19,66.72978210449219,68.44000244140625,69.91999816894531,68.37999725341797,68.94000244140625,1300000
2024-12-20,67.00279235839844,68.72000122070312,69.41000366210938,68.06999969482422,68.23999786376953,2859700
2024-12-23,66.84678649902344,68.55999755859375,68.68000030517578,68.0999984741211,68.22000122070312,574400
2024-12-24,67.16853332519531,68.88999938964844,68.88999938964844,68.1500015258789,68.4800033569336,381800
2024-12-26,67.16853332519531,68.88999938964844,69.23999786376953,68.47000122070312,68.63999938964844,670600
2024-12-27,66.72003936767578,68.43000030517578,69.06999969482422,68.2300033569336,68.5999984741211,517900
2024-12-30,66.32028198242188,68.0199966430664,68.2300033569336,67.38999938964844,68.1500015258789,838900
2024-12-31,66.50553894042969,68.20999908447266,68.68000030517578,67.68000030517578,68.3499984741211,792000
2025-01-02,65.64752960205078,67.33000183105469,69.31999969482422,67.29000091552734,68.51000213623047,815300
2025-01-03,66.88578033447266,68.5999984741211,68.77999877929688,67.16999816894531,67.45999908447266,932800
2025-01-06,67.17829132080078,68.9000015258789,69.54000091552734,68.38999938964844,68.87000274658203,1531100
2025-01-07,66.59329986572266,68.30000305175781,69.33000183105469,67.95999908447266,68.72000122070312,943900
2025-01-08,66.96379089355469,68.68000030517578,68.76000213623047,67.29000091552734,67.87000274658203,977700
2025-01-10,65.89128112792969,67.58000183105469,68.87999725341797,67.19999694824219,67.87999725341797,1343700
2025-01-13,66.9150390625,68.62999725341797,68.77999877929688,67.37999725341797,67.58000183105469,1039600
2025-01-14,69.46957397460938,71.25,71.3499984741211,69.41999816894531,69.41999816894531,1716800
2025-01-15,69.17707061767578,70.94999694824219,73.08999633789062,70.9000015258789,72.62000274658203,1702400
2025-01-16,69.6158218383789,71.4000015258789,71.47000122070312,70.68000030517578,71.30999755859375,969000
2025-01-17,70.01557159423828,71.80999755859375,72.2699966430664,71.27999877929688,71.94000244140625,1285700
2025-01-21,70.87359619140625,72.69000244140625,73.16000366210938,72.29000091552734,72.5,973600
2025-01-22,69.19657135009766,70.97000122070312,72.04000091552734,70.36000061035156,71.93000030517578,1701500
2025-01-23,69.48906707763672,71.2699966430664,71.8499984741211,70.29000091552734,71.13999938964844,1932600
2025-01-24,68.80656433105469,70.56999969482422,71.33999633789062,70.4000015258789,71.08000183105469,1458400
2025-01-27,69.64507293701172,71.43000030517578,71.83000183105469,70.68000030517578,70.93000030517578,1112200
2025-01-28,68.12406158447266,69.87000274658203,71.88999938964844,69.58000183105469,71.0,1397000
2025-01-29,67.49029541015625,69.22000122070312,69.86000061035156,68.83999633789062,69.73999786376953,1513000
2025-01-30,65.62802124023438,67.30999755859375,67.66000366210938,65.52999877929688,66.51000213623047,3225300
2025-01-31,65.951416015625,67.30000305175781,68.81999969482422,66.75,67.75,2674700
2025-02-03,65.69661712646484,67.04000091552734,67.58000183105469,65.58000183105469,66.70999908447266,2475400
2025-02-04,64.34427642822266,65.66000366210938,67.76000213623047,65.6500015258789,67.05999755859375,2227100
2025-02-05,64.32467651367188,65.63999938964844,66.1500015258789,64.94000244140625,66.0,1508400
2025-02-06,64.1972885131836,65.51000213623047,66.0999984741211,65.44000244140625,65.98999786376953,1239000
2025-02-07,63.85429382324219,65.16000366210938,66.25,65.05000305175781,65.41000366210938,1263800
2025-02-10,64.41287994384766,65.7300033569336,66.01000213623047,65.0,65.55000305175781,972700
2025-02-11,64.64806365966797,65.97000122070312,66.06999969482422,65.37999725341797,65.9000015258789,769500
2025-02-12,63.9424934387207,65.25,65.68000030517578,64.55000305175781,64.83999633789062,863800
2025-02-13,64.67745971679688,66.0,66.0999984741211,65.23999786376953,65.41999816894531,1350200
2025-02-14,64.89305877685547,66.22000122070312,67.06999969482422,65.91999816894531,66.3499984741211,1719900
2025-02-18,64.403076171875,65.72000122070312,66.70999908447266,65.55000305175781,66.05999755859375,1488200
2025-02-19,66.01020812988281,67.36000061035156,67.63999938964844,65.04000091552734,65.4000015258789,2437500
2025-02-20,65.4516372680664,66.79000091552734,67.7699966430664,66.6500015258789,67.30000305175781,1275200
2025-02-21,64.65786743164062,65.9800033569336,67.44000244140625,65.61000061035156,67.12000274658203,1097800
2025-02-24,64.9028549194336,66.2300033569336,66.6500015258789,65.20999908447266,65.94999694824219,926800
2025-02-25,65.64762878417969,66.98999786376953,67.58000183105469,66.44000244140625,66.52999877929688,1316600
2025-02-26,64.83425903320312,66.16000366210938,67.44000244140625,66.0999984741211,67.01000213623047,1091100
2025-02-27,64.61865997314453,65.94000244140625,66.69999694824219,65.55999755859375,65.70999908447266,795100
2025-02-28,65.14785766601562,66.4800033569336,66.98999786376953,65.62999725341797,66.22000122070312,1386900
2025-03-03,65.04985046386719,66.37999725341797,67.29000091552734,66.0999984741211,67.02999877929688,1633400
2025-03-04,64.29527282714844,65.61000061035156,66.75,65.12999725341797,65.80999755859375,1652500
2025-03-05,65.16744232177734,66.5,67.0,65.63999938964844,66.16000366210938,1473100
2025-03-06,66.86278533935547,68.2300033569336,68.38999938964844,66.12000274658203,66.5,1624800
2025-03-07,68.01913452148438,69.41000366210938,69.9800033569336,68.0199966430664,68.0199966430664,1389400
2025-03-10,68.21511840820312,69.61000061035156,70.94999694824219,69.04000091552734,69.38999938964844,1491100
2025-03-11,65.76521301269531,67.11000061035156,69.98999786376953,66.4800033569336,69.45999908447266,1966900
2025-03-12,64.32467651367188,65.63999938964844,67.56999969482422,65.62000274658203,67.22000122070312,1384400
2025-03-13,64.13848114013672,65.44999694824219,65.9800033569336,65.0199966430664,65.08999633789062,1171800
2025-03-14,65.51043701171875,66.8499984741211,66.91999816894531,65.44999694824219,66.22000122070312,1152700
2025-03-17,66.1375961303711,67.48999786376953,67.72000122070312,66.1500015258789,66.16999816894531,1139600
2025-03-18,66.30419921875,67.66000366210938,67.95999908447266,67.08000183105469,67.22000122070312,1032300
2025-03-19,66.24539184570312,67.5999984741211,67.94000244140625,67.05000305175781,67.48999786376953,1217800
2025-03-20,65.37322998046875,66.70999908447266,67.30999755859375,66.5199966430664,66.98999786376953,1101800
2025-03-21,65.16744232177734,66.5,66.81999969482422,65.88999938964844,66.27999877929688,4061300
2025-03-24,65.04004669189453,66.37000274658203,67.83000183105469,66.23999786376953,67.16000366210938,1018600
2025-03-25,65.39283752441406,66.7300033569336,67.30000305175781,65.94000244140625,66.37000274658203,1036300
2025-03-26,66.00040435791016,67.3499984741211,68.0199966430664,66.66000366210938,66.66000366210938,985000
2025-03-27,65.55943298339844,66.9000015258789,67.51000213623047,66.5199966430664,67.51000213623047,764800
2025-03-28,64.29527282714844,65.61000061035156,67.25,65.54000091552734,66.98999786376953,762100
2025-03-31,64.05028533935547,65.36000061035156,65.91999816894531,64.69999694824219,65.33999633789062,1619600
2025-04-01,64.28546905517578,65.5999984741211,65.70999908447266,64.73999786376953,65.33999633789062,1810200
2025-04-02,64.79505920410156,66.12000274658203,66.25,64.91999816894531,65.01000213623047,1437900
2025-04-03,62.38435363769531,63.65999984741211,64.80000305175781,63.02000045776367,64.48999786376953,1649800
2025-04-04,60.74781799316406,61.9900016784668,63.7400016784668,61.88999938964844,62.63999938964844,1853100
2025-04-07,59.42486953735352,60.63999938964844,62.790000915527344,59.72999954223633,60.79999923706055,2295500
2025-04-08,58.43510818481445,59.630001068115234,62.43999862670898,59.119998931884766,61.369998931884766,2144300
2025-04-09,61.30639266967773,62.560001373291016,62.9900016784668,58.83000183105469,59.18000030517578,2579200
2025-04-10,61.61017990112305,62.869998931884766,63.2400016784668,60.95000076293945,62.400001525878906,1950700
2025-04-11,63.207515716552734,64.5,64.91999816894531,62.560001373291016,63.06999969482422,1588900
2025-04-14,63.89348983764648,65.19999694824219,65.5,64.4000015258789,65.08999633789062,1598100
2025-04-15,62.5705451965332,63.84999847412109,65.58999633789062,63.720001220703125,64.5,1478800
2025-04-16,61.60038375854492,62.86000061035156,64.0199966430664,62.43999862670898,63.959999084472656,1448900
2025-04-17,61.87477111816406,63.13999938964844,63.68999862670898,62.93000030517578,62.970001220703125,1376100
2025-04-21,60.473426818847656,61.709999084472656,62.77999877929688,61.34999847412109,62.619998931884766,1272900
2025-04-22,62.678340911865234,63.959999084472656,64.0199966430664,62.02000045776367,62.29999923706055,1912500
2025-04-23,62.53134536743164,63.810001373291016,65.56999969482422,63.619998931884766,65.20999908447266,1449900
2025-04-24,63.991485595703125,65.30000305175781,65.56999969482422,63.29999923706055,64.23999786376953,1261000
2025-04-25,63.68769836425781,64.98999786376953,65.33999633789062,64.41999816894531,65.08000183105469,1298800
2025-04-28,63.48190689086914,64.77999877929688,65.45999908447266,64.26000213623047,65.20999908447266,1689100
2025-04-29,65.6770248413086,67.0199966430664,68.18000030517578,66.29000091552734,66.31999969482422,2687800
2025-04-30,66.83927154541016,67.86000061035156,68.22000122070312,65.79000091552734,66.9000015258789,2030500
2025-05-01,66.39605712890625,67.41000366210938,68.4800033569336,67.08000183105469,68.2300033569336,1576800
2025-05-02,67.42039489746094,68.44999694824219,68.87999725341797,67.61000061035156,67.80999755859375,877200
2025-05-05,67.31204986572266,68.33999633789062,68.75,67.75,67.97000122070312,1277500
2025-05-06,66.45513916015625,67.47000122070312,68.2699966430664,67.4000015258789,67.69999694824219,936700
2025-05-07,65.92326354980469,66.93000030517578,67.97000122070312,66.70999908447266,67.61000061035156,1515900
2025-05-08,66.98702239990234,68.01000213623047,68.58000183105469,67.2300033569336,67.44000244140625,1185800
2025-05-09,67.26280975341797,68.29000091552734,68.44000244140625,68.0,68.18000030517578,728900
2025-05-12,69.4001693725586,70.45999908447266,70.88999938964844,69.66999816894531,69.98999786376953,1018700
2025-05-13,69.0652847290039,70.12000274658203,70.70999908447266,70.05999755859375,70.55000305175781,846300
2025-05-14,67.32190704345703,68.3499984741211,69.80000305175781,68.29000091552734,69.80000305175781,1747600
2025-05-15,68.37580871582031,69.41999816894531,69.4800033569336,67.83999633789062,68.2699966430664,1468000
2025-05-16,69.45925903320312,70.5199966430664,70.54000091552734,69.30000305175781,69.4800033569336,1580100
2025-05-19,69.44941711425781,70.51000213623047,70.58000183105469,69.66000366210938,69.7300033569336,1194200
2025-05-20,68.57280731201172,69.62000274658203,70.72000122070312,69.45999908447266,70.30999755859375,947600
2025-05-21,66.11041259765625,67.12000274658203,68.9000015258789,67.0,68.7300033569336,1385600
2025-05-22,66.35665130615234,67.37000274658203,67.5999984741211,66.31999969482422,66.83999633789062,1383900
2025-05-23,66.01190948486328,67.0199966430664,67.1500015258789,66.25,66.37999725341797,1270500
2025-05-27,67.5385971069336,68.56999969482422,68.66999816894531,67.01000213623047,67.76000213623047,1739400
2025-05-28,63.26388168334961,64.2300033569336,68.5,63.61000061035156,68.25,3501900
2025-05-29,63.7563591003418,64.7300033569336,65.0,64.04000091552734,64.66999816894531,2027600
2025-05-30,63.34267044067383,64.30999755859375,64.83000183105469,63.84999847412109,64.33000183105469,10261000
2025-06-02,62.06222534179688,63.0099983215332,64.19999694824219,62.630001068115234,63.709999084472656,2434100
2025-06-03,63.03733825683594,64.0,64.22000122070312,62.650001525878906,62.900001525878906,2228600
2025-06-04,63.33282470703125,64.30000305175781,64.88999938964844,64.11000061035156,64.41999816894531,1452800
2025-06-05,62.8403434753418,63.79999923706055,64.48999786376953,63.060001373291016,64.48999786376953,2349400
2025-06-06,63.37221908569336,64.33999633789062,64.52999877929688,63.93999862670898,64.1500015258789,1316300
2025-06-09,63.85485458374024,64.83000183105469,65.18000030517578,64.36000061035156,64.37000274658203,1331800
2025-06-10,64.75115966796875,65.73999786376953,65.94000244140625,64.7300033569336,65.29000091552734,1276100
2025-06-11,64.44583129882812,65.43000030517578,66.16999816894531,65.20999908447266,66.16999816894531,1170900
2025-06-12,63.283573150634766,64.25,65.22000122070312,63.79999923706055,64.97000122070312,1763600
2025-06-13,62.85019302368164,63.810001373291016,64.43000030517578,63.54999923706055,64.0,2217100
2025-06-16,63.35252380371094,64.31999969482422,64.37999725341797,63.47999954223633,64.25,1551800
2025-06-17,62.2789192199707,63.22999954223633,64.43000030517578,63.02000045776367,63.900001525878906,1422100
2025-06-18,62.13117599487305,63.08000183105469,63.720001220703125,63.0,63.18000030517578,1198800
2025-06-20,61.79629135131836,62.7400016784668,63.54999923706055,62.20000076293945,63.380001068115234,2773600
2025-06-23,63.17523193359375,64.13999938964844,64.1500015258789,62.2599983215332,62.709999084472656,1386600
2025-06-24,63.96320724487305,64.94000244140625,64.98999786376953,64.05000305175781,64.38999938964844,911100
2025-06-25,64.06169128417969,65.04000091552734,65.27999877929688,64.47000122070312,65.13999938964844,1290200
2025-06-26,63.6972541809082,64.66999816894531,65.04000091552734,64.27999877929688,64.62999725341797,968000
2025-06-27,64.66252136230469,65.6500015258789,65.80999755859375,64.79000091552734,64.87000274658203,2027500
2025-06-30,64.5837173461914,65.56999969482422,65.83999633789062,65.18000030517578,65.68000030517578,1431500
2025-07-01,66.74077606201172,67.76000213623047,68.95999908447266,65.2699966430664,65.30000305175781,1438000
2025-07-02,67.0658187866211,68.08999633789062,68.1500015258789,67.16000366210938,67.76000213623047,1109700
2025-07-03,66.89836883544922,67.91999816894531,68.36000061035156,67.66999816894531,68.08999633789062,658900
2025-07-07,67.03627014160156,68.05999755859375,68.54000091552734,67.43000030517578,68.0,1935500
2025-07-08,67.43024444580078,68.45999908447266,68.80000305175781,67.77999877929688,68.11000061035156,1200400
2025-07-09,68.4546127319336,69.5,69.66000366210938,68.20999908447266,68.61000061035156,1346300
2025-07-10,69.4100112915039,70.47000122070312,71.72000122070312,69.48999786376953,69.56999969482422,1588200
2025-07-11,68.04093170166016,69.08000183105469,70.11000061035156,68.9000015258789,69.76000213623047,1076900
2025-07-14,67.81438446044922,68.8499984741211,69.1500015258789,68.22000122070312,68.9800033569336,865000
2025-07-15,66.22859191894531,67.23999786376953,69.43000030517578,67.12999725341797,69.2699966430664,1198600
2025-07-16,67.02642059326172,68.05000305175781,68.08000183105469,66.79000091552734,67.27999877929688,1711000
2025-07-17,69.68580627441406,70.75,70.80000305175781,68.20999908447266,68.4800033569336,2210400
2025-07-18,69.2425765991211,70.30000305175781,71.05000305175781,69.9000015258789,70.87000274658203,2486900
2025-07-21,68.03107452392578,69.06999969482422,70.7300033569336,69.02999877929688,70.55999755859375,1761500
2025-07-22,70.0305404663086,71.0999984741211,71.1500015258789,69.0199966430664,69.12000274658203,1668100
2025-07-23,70.30632781982422,71.37999725341797,72.06999969482422,71.19000244140625,71.61000061035156,1820000
2025-07-24,72.82781982421875,73.94000244140625,77.30999755859375,72.55000305175781,73.54000091552734,4191200
2025-07-25,70.9760971069336,72.05999755859375,74.37999725341797,71.48999786376953,74.16000366210938,1924100
2025-07-28,69.96159362792969,71.02999877929688,71.93000030517578,70.86000061035156,71.62000274658203,1400300
2025-07-29,70.56241607666016,71.63999938964844,71.72000122070312,70.69999694824219,71.36000061035156,1382700
2025-07-30,69.76461029052734,70.83000183105469,71.68000030517578,70.31999969482422,71.62000274658203,1453900
2025-07-31,70.06150817871094,70.79000091552734,71.13999938964844,69.88999938964844,69.93000030517578,2465000
2025-08-01,69.6854248046875,70.41000366210938,70.79000091552734,69.55000305175781,70.5,1263000
2025-08-04,69.61614227294922,70.33999633789062,70.58999633789062,69.88999938964844,70.44000244140625,1111300
2025-08-05,69.59635162353516,70.31999969482422,70.81999969482422,69.73999786376953,70.51000213623047,1132600
2025-08-06,69.83387756347656,70.55999755859375,71.26000213623047,70.36000061035156,70.54000091552734,1020600
2025-08-07,69.89326477050781,70.62000274658203,71.56999969482422,70.37999725341797,71.2699966430664,861200
2025-08-08,70.1010971069336,70.83000183105469,70.93000030517578,70.27999877929688,70.51000213623047,1357300
2025-08-11,69.80418395996094,70.52999877929688,71.12999725341797,69.52999877929688,70.86000061035156,1100700
2025-08-12,70.59595489501953,71.33000183105469,71.41999816894531,70.3499984741211,70.7300033569336,946100
2025-08-13,72.8821792602539,73.63999938964844,73.80999755859375,71.30000305175781,71.5,1250200
2025-08-14,71.77371215820312,72.5199966430664,73.18000030517578,72.20999908447266,72.5,908700
2025-08-15,71.4668960571289,72.20999908447266,72.7300033569336,71.87999725341797,72.5999984741211,1251600
2025-08-18,71.40751647949219,72.1500015258789,72.44000244140625,71.83000183105469,72.30999755859375,1066600
2025-08-19,72.07061767578125,72.81999969482422,73.37999725341797,72.08000183105469,72.30000305175781,764200
2025-08-20,71.11060333251953,71.8499984741211,73.04000091552734,71.8499984741211,72.63999938964844,847700
2025-08-21,71.01162719726562,71.75,72.20999908447266,71.23999786376953,71.47000122070312,723300
2025-08-22,72.85249328613281,73.61000061035156,73.8499984741211,71.91000366210938,72.12999725341797,674100
2025-08-25,71.79350280761719,72.54000091552734,73.41999816894531,72.36000061035156,73.41000366210938,625000
2025-08-26,71.63514709472656,72.37999725341797,73.04000091552734,72.19000244140625,72.41999816894531,1132900
2025-08-27,71.67473602294922,72.41999816894531,73.06999969482422,71.9000015258789,72.08000183105469,1111900
2025-08-28,70.88297271728516,71.62000274658203,72.83000183105469,71.31999969482422,72.66999816894531,1081400
2025-08-29,70.55636596679688,71.29000091552734,72.06999969482422,71.0199966430664,72.05000305175781,886400
2025-09-02,69.65573120117188,70.37999725341797,70.95999908447266,70.08000183105469,70.66999816894531,1311500
2025-09-03,70.06150817871094,70.79000091552734,71.16000366210938,70.0,70.0,1337100
2025-09-04,71.8924789428711,72.63999938964844,72.63999938964844,70.79000091552734,71.22000122070312,1185900
2025-09-05,72.92176818847656,73.68000030517578,74.08999633789062,72.94000244140625,73.04000091552734,1445100
2025-09-08,73.19889068603516,73.95999908447266,74.08999633789062,72.66999816894531,73.41000366210938,1165600
2025-09-09,71.2590560913086,72.0,73.55999755859375,71.26000213623047,73.4800033569336,1200300
2025-09-10,71.7440185546875,72.48999786376953,72.6500015258789,71.69000244140625,71.7300033569336,1105000
2025-09-11,73.53539276123047,74.30000305175781,74.72000122070312,72.5,72.7300033569336,1673100
2025-09-12,71.82318878173828,72.56999969482422,74.16000366210938,72.52999877929688,73.80999755859375,766700
2025-09-15,72.4961929321289,73.25,73.43000030517578,72.47000122070312,72.83000183105469,799600
2025-09-16,72.85249328613281,73.61000061035156,73.70999908447266,72.77999877929688,73.30000305175781,640100
2025-09-17,72.36753845214844,73.12000274658203,75.19999694824219,72.6500015258789,73.9800033569336,1083200
2025-09-18,72.31805419921875,73.06999969482422,73.5199966430664,72.69000244140625,73.26000213623047,915800
2025-09-19,72.33783721923828,73.08999633789062,73.38999938964844,72.47000122070312,72.87999725341797,2025700
2025-09-22,71.51638793945312,72.26000213623047,72.81999969482422,72.08999633789062,72.77999877929688,769400
2025-09-23,71.42730712890625,72.16999816894531,73.33000183105469,71.73999786376953,72.48999786376953,622300
2025-09-24,71.21947479248047,71.95999908447266,72.69999694824219,71.7300033569336,71.83000183105469,820900
2025-09-25,70.66523742675781,71.4000015258789,72.1500015258789,71.08999633789062,71.97000122070312,682400
2025-09-26,71.70442199707031,72.44999694824219,72.55000305175781,71.29000091552734,71.62000274658203,637200
2025-09-29,72.0013427734375,72.75,73.45999908447266,72.52999877929688,73.19000244140625,671800
2025-09-30,72.65455627441406,73.41000366210938,73.55999755859375,72.87000274658203,72.9800033569336,751300
2025-10-01,72.34774017333984,73.0999984741211,73.55999755859375,72.43000030517578,73.27999877929688,1053400
2025-10-02,72.78321075439453,73.54000091552734,73.97000122070312,72.79000091552734,73.1500015258789,831500
2025-10-03,72.59516143798828,73.3499984741211,73.9000015258789,73.26000213623047,73.38999938964844,649600
2025-10-06,71.67473602294922,72.41999816894531,73.1500015258789,72.19999694824219,72.87999725341797,704300
2025-10-07,70.66523742675781,71.4000015258789,72.5999984741211,71.37000274658203,72.51000213623047,808600
2025-10-08,70.33863067626953,71.06999969482422,71.54000091552734,70.69000244140625,71.44999694824219,806300
2025-10-09,69.01242065429688,69.7300033569336,71.06999969482422,69.54000091552734,71.02999877929688,1093700
2025-10-10,67.05279541015625,67.75,70.1500015258789,67.66999816894531,69.75,1337900
2025-10-13,66.9835205078125,67.68000030517578,68.72000122070312,67.54000091552734,68.08999633789062,1028300
2025-10-14,68.11178588867188,68.81999969482422,69.11000061035156,67.23999786376953,67.45999908447266,927500
2025-10-15,68.49777221679688,69.20999908447266,69.58000183105469,68.61000061035156,68.81999969482422,1072600
2025-10-16,68.64622497558594,69.36000061035156,69.54000091552734,68.75,69.51000213623047,1012100
2025-10-17,68.99263000488281,69.70999908447266,69.86000061035156,69.02999877929688,69.44000244140625,989400
2025-10-20,69.09159851074219,69.80999755859375,70.19000244140625,69.25,69.83000183105469,1074600
2025-10-21,70.26934814453125,71.0,71.02999877929688,69.47000122070312,69.87000274658203,1151500
2025-10-22,67.49816131591797,68.19999694824219,70.83999633789062,68.12000274658203,70.83000183105469,1554500
2025-10-23,68.32952880859375,69.04000091552734,69.36000061035156,68.0,68.16000366210938,868700
2025-10-24,68.19096374511719,68.9000015258789,70.19000244140625,68.87999725341797,69.87000274658203,1294900
2025-10-27,67.90394592285156,68.61000061035156,69.54000091552734,68.44000244140625,69.02999877929688,1527800
2025-10-28,66.15216064453125,66.83999633789062,69.6500015258789,65.5,68.2699966430664,3248700
2025-10-29,64.9051284790039,65.58000183105469,66.91999816894531,65.05999755859375,66.18000030517578,1841300
2025-10-30,66.01359558105469,66.69999694824219,67.30000305175781,65.55000305175781,65.58000183105469,1859300
2025-10-31,65.66532135009766,65.98999786376953,66.87000274658203,65.63999938964844,65.94999694824219,2236100
2025-11-03,65.33695220947266,65.66000366210938,66.0199966430664,65.20999908447266,65.66999816894531,1331200
2025-11-04,64.82946014404297,65.1500015258789,66.31999969482422,64.91999816894531,65.7300033569336,1303400
2025-11-05,65.70512390136719,66.02999877929688,66.19000244140625,65.11000061035156,65.1500015258789,1418300
2025-11-06,65.2573471069336,65.58000183105469,66.80999755859375,65.56999969482422,66.37000274658203,1092700
2025-11-07,65.93399810791016,66.26000213623047,66.38999938964844,65.33000183105469,65.33000183105469,1172800
2025-11-10,65.84443664550781,66.16999816894531,66.37000274658203,65.4000015258789,66.12000274658203,1062900
2025-11-11,65.46630859375,65.79000091552734,66.62999725341797,65.44999694824219,66.41999816894531,1056400
2025-11-12,66.04345703125,66.37000274658203,66.73999786376953,66.0199966430664,66.33000183105469,1149900
2025-11-13,65.76483154296875,66.08999633789062,67.37000274658203,65.8499984741211,66.51000213623047,1323300
2025-11-14,64.42147064208984,64.73999786376953,66.2699966430664,64.6500015258789,65.8499984741211,1168800
2025-11-17,62.998512268066406,63.310001373291016,64.79000091552734,63.22999954223633,64.62000274658203,964200
2025-11-18,63.06816864013672,63.380001068115234,63.810001373291016,62.959999084472656,63.18999862670898,1257600
2025-11-19,63.29703521728516,63.61000061035156,64.0,63.11000061035156,63.650001525878906,1270100
2025-11-20,62.93880462646485,63.25,64.69999694824219,62.970001220703125,64.23999786376953,1375300
2025-11-21,64.77970123291016,65.0999984741211,66.0999984741211,63.52999877929688,63.52999877929688,2023500
2025-11-24,63.78462219238281,64.0999984741211,65.01000213623047,64.0199966430664,64.72000122070312,1644400
2025-11-25,65.08818054199219,65.41000366210938,65.62999725341797,64.2699966430664,64.72000122070312,1435300
2025-11-26,66.00365447998047,66.33000183105469,66.48999786376953,65.18000030517578,65.18000030517578,2339100
2025-11-28,65.65538024902344,65.9800033569336,66.70999908447266,65.97000122070312,66.56999969482422,772900
2025-12-01,65.69517517089844,66.0199966430664,66.4800033569336,65.05000305175781,65.37000274658203,1559400
2025-12-02,65.6354751586914,65.95999908447266,66.37000274658203,65.2300033569336,66.01000213623047,1164000
2025-12-03,66.98877716064453,67.31999969482422,67.44999694824219,65.7699966430664,65.83999633789062,1187900
2025-12-04,66.86936950683594,67.19999694824219,68.91000366210938,66.80999755859375,67.69000244140625,1728700
2025-12-05,67.6952896118164,68.02999877929688,68.4000015258789,67.26000213623047,67.51000213623047,1931200
2025-12-08,66.81961822509766,67.1500015258789,67.87000274658203,66.5999984741211,67.87000274658203,1934500
2025-12-09,66.10315704345703,66.43000030517578,67.23999786376953,66.18000030517578,66.91000366210938,1142600
2025-12-10,67.58583068847656,67.91999816894531,68.22000122070312,66.5999984741211,66.66000366210938,1146000
2025-12-11,68.24258422851562,68.58000183105469,69.12999725341797,68.01000213623047,68.70999908447266,1095400
2025-12-12,68.38189697265625,68.72000122070312,69.5,68.19000244140625,68.88999938964844,1289700
2025-12-15,68.48139953613281,68.81999969482422,69.3499984741211,68.0999984741211,68.87999725341797,1195300
2025-12-16,67.6057357788086,67.94000244140625,68.98999786376953,67.61000061035156,68.91999816894531,1146700
2025-12-17,67.74504089355469,68.08000183105469,68.79000091552734,67.18000030517578,67.48999786376953,1185800
2025-12-18,67.85449981689453,68.19000244140625,69.13999938964844,68.0199966430664,68.30999755859375,984700
2025-12-19,67.6753921508789,68.01000213623047,68.5,67.70999908447266,68.41999816894531,2287800
2025-12-22,67.77489471435547,68.11000061035156,68.51000213623047,67.73999786376953,67.80000305175781,883700
2025-12-23,67.4067153930664,67.73999786376953,68.37999725341797,67.3499984741211,68.20999908447266,747600
2025-12-24,67.6256332397461,67.95999908447266,68.25,67.48999786376953,67.80000305175781,562100
2025-12-26,67.42662048339844,67.76000213623047,68.01000213623047,67.5,67.87000274658203,543200
2025-12-29,67.74504089355469,68.08000183105469,68.12999725341797,67.41999816894531,67.55000305175781,1059700
2025-12-30,67.4067153930664,67.73999786376953,68.25,67.62999725341797,67.88999938964844,695200
2025-12-31,66.55094146728516,66.87999725341797,67.75,66.83999633789062,67.54000091552734,666900
2026-01-02,67.9838638305664,68.31999969482422,68.52999877929688,66.6500015258789,67.05999755859375,1318800
2026-01-05,68.17292785644531,68.51000213623047,69.0,67.66000366210938,67.79000091552734,1493700
2026-01-06,68.31224060058594,68.6500015258789,69.04000091552734,67.38999938964844,67.7699966430664,1066000
2026-01-07,66.78976440429688,67.12000274658203,69.01000213623047,67.11000061035156,68.80999755859375,1110800
2026-01-08,70.05362701416016,70.4000015258789,70.81999969482422,66.69000244140625,66.69000244140625,1859400
2026-01-09,70.17303466796875,70.5199966430664,71.68000030517578,69.54000091552734,70.97000122070312,1478000
2026-01-12,70.66062927246094,71.01000213623047,71.61000061035156,69.86000061035156,69.86000061035156,1285200
2026-01-13,70.22279357910156,70.56999969482422,71.56999969482422,69.97000122070312,71.45999908447266,990800
2026-01-14,70.82978820800781,71.18000030517578,71.6500015258789,70.5,70.5,996100
2026-01-15,71.63580322265625,71.98999786376953,72.08000183105469,71.31999969482422,71.94000244140625,1055000
2026-01-16,72.12339782714844,72.4800033569336,72.55000305175781,71.62999725341797,71.91999816894531,1153800
2026-01-20,70.21283721923828,70.55999755859375,71.91000366210938,70.1500015258789,71.4000015258789,1179700
2026-01-21,71.88457489013672,72.23999786376953,72.77999877929688,70.98999786376953,71.27999877929688,910400
2026-01-22,72.73039245605469,73.08999633789062,73.38999938964844,72.29000091552734,72.7300033569336,1125900
2026-01-23,72.1034927368164,72.45999908447266,73.19000244140625,71.9800033569336,73.05000305175781,943500
2026-01-26,70.67057037353516,71.0199966430664,72.81999969482422,70.80999755859375,72.47000122070312,1182000
2026-01-27,70.29244232177734,70.63999938964844,72.05999755859375,70.37999725341797,71.0,1418800
2026-01-28,69.14810180664062,69.48999786376953,70.69999694824219,69.36000061035156,70.11000061035156,2822500
2026-01-29,72.80999755859375,73.16999816894531,74.41999816894531,71.13999938964844,72.18000030517578,3734300
2026-01-30,73.48999786376953,73.48999786376953,73.66000366210938,72.05000305175781,73.55999755859375,1939400
2026-02-02,74.70999908447266,74.70999908447266,74.88999938964844,72.7699966430664,73.2699966430664,1793100
2026-02-03,76.33999633789062,76.33999633789062,77.2300033569336,74.54000091552734,74.83999633789062,1957100
2026-02-04,78.37000274658203,78.37000274658203,78.88999938964844,76.44000244140625,77.11000061035156,3422200
2026-02-05,78.11000061035156,78.11000061035156,78.58000183105469,77.72000122070312,77.86000061035156,1351300
2026-02-06,78.9800033569336,78.9800033569336,79.2300033569336,78.4000015258789,78.70999908447266,1103300
2026-02-09,79.08000183105469,79.08000183105469,79.79000091552734,78.38999938964844,78.66999816894531,1125100
2026-02-10,80.47000122070312,80.47000122070312,80.62999725341797,78.87000274658203,79.23999786376953,1348600
2026-02-11,80.22000122070312,80.22000122070312,81.52999877929688,79.69999694824219,80.30999755859375,1127100
2026-02-12,79.62000274658203,79.62000274658203,81.87000274658203,79.5999984741211,80.6500015258789,912700
2026-02-13,80.45999908447266,80.45999908447266,80.58999633789062,79.18000030517578,79.63999938964844,1077900
2026-02-17,79.47000122070312,79.47000122070312,80.9000015258789,78.79000091552734,80.0999984741211,1249600
2026-02-18,78.95999908447266,78.95999908447266,79.9000015258789,78.7300033569336,79.2300033569336,873400
2026-02-19,77.69000244140625,77.69000244140625,79.06999969482422,77.33999633789062,78.5999984741211,1296100
2026-02-20,77.80999755859375,77.80999755859375,79.19000244140625,76.95999908447266,77.81999969482422,1124500
