Date,Adj Close,Close,High,Low,Open,Volume
2021-02-10,213.189697265625,234.69000244140625,236.38999938964844,231.1999969482422,233.72999572753903,238100
2021-02-11,222.5097503662109,244.9499969482422,245.02999877929688,235.1300048828125,235.6600036621093,365500
2021-02-12,221.2288818359375,243.5399932861328,247.6199951171875,240.6499938964844,243.6000061035156,305100
2021-02-16,218.4129180908203,240.44000244140625,244.7700042724609,238.9199981689453,244.7700042724609,260600
2021-02-17,220.48403930664065,242.72000122070312,244.0599975585937,239.5399932861328,241.22000122070312,177400
2021-02-18,218.83078002929688,240.8999938964844,243.3000030517578,240.07000732421875,240.6100006103516,158100
2021-02-19,217.3773498535156,239.3000030517578,242.3300018310547,237.58999633789065,242.3300018310547,351400
2021-02-22,219.6574249267578,241.8099975585937,243.2899932861328,237.2700042724609,238.3000030517578,298500
2021-02-23,217.9950714111328,239.97999572753903,245.57000732421875,238.9100036621093,242.97000122070312,299000
2021-02-24,222.3008270263672,244.72000122070312,248.0599975585937,240.8300018310547,241.0,207100
2021-02-25,217.0775604248047,238.97000122070312,246.1600036621093,237.9900054931641,246.1600036621093,221700
2021-02-26,219.6574249267578,241.8099975585937,243.8600006103516,236.5800018310547,238.8600006103516,391200
2021-03-01,220.411376953125,242.63999938964844,246.8099975585937,240.5,244.6100006103516,205100
2021-03-02,219.7573089599609,241.9199981689453,244.52999877929688,240.77999877929688,242.27999877929688,186400
2021-03-03,220.0389099121093,242.22999572753903,244.94000244140625,240.0800018310547,240.0800018310547,271600
2021-03-04,217.7225036621093,239.67999267578125,245.9600067138672,238.3600006103516,241.0599975585937,222700
2021-03-05,224.2810821533203,246.8999938964844,248.4499969482422,240.3999938964844,242.3699951171875,219400
2021-03-08,228.0418395996093,251.0399932861328,254.0,247.4900054931641,248.1600036621093,240100
2021-03-09,224.50816345214844,247.1499938964844,252.8500061035156,245.6999969482422,248.9499969482422,320600
2021-03-10,227.2969512939453,250.22000122070312,252.759994506836,246.22000122070312,246.6699981689453,206300
2021-03-11,226.5702209472656,249.4199981689453,250.7899932861328,246.4499969482422,248.22999572753903,192800
2021-03-12,229.6587677001953,252.82000732421875,254.1699981689453,250.6999969482422,251.92999267578125,216800
2021-03-15,232.5201568603516,255.97000122070312,256.6000061035156,250.3699951171875,251.759994506836,206700
2021-03-16,231.560546875,253.3699951171875,253.8000030517578,249.88999938964844,251.1300048828125,184800
2021-03-17,229.6504669189453,251.27999877929688,255.6000061035156,248.67999267578125,255.6000061035156,225400
2021-03-18,230.26275634765625,251.9499969482422,256.0599975585937,250.6100006103516,253.7100067138672,209900
2021-03-19,224.66961669921875,245.8300018310547,251.75,245.6699981689453,251.75,450800
2021-03-22,222.88742065429688,243.8800048828125,245.1300048828125,241.77999877929688,244.2700042724609,242500
2021-03-23,220.58436584472656,241.3600006103516,244.1499938964844,240.7899932861328,242.75,282700
2021-03-24,222.03749084472656,242.9499969482422,246.17999267578125,242.77999877929688,245.5,378700
2021-03-25,226.5248260498047,247.8600006103516,248.8600006103516,242.0,243.1999969482422,314000
2021-03-26,228.61773681640625,250.1499938964844,250.3699951171875,248.0200042724609,250.0,178000
2021-03-29,232.2185821533203,254.08999633789065,255.8300018310547,250.7100067138672,251.4199981689453,458200
2021-03-30,232.40138244628903,254.2899932861328,256.9200134277344,253.44000244140625,254.7700042724609,288700
2021-03-31,226.4791259765625,247.8099975585937,254.33999633789065,247.6300048828125,254.22999572753903,281700
2021-04-01,229.4950561523437,251.1100006103516,251.63999938964844,245.6000061035156,246.17999267578125,235400
2021-04-05,229.40370178222656,251.009994506836,253.38999938964844,249.72000122070312,252.8600006103516,341600
2021-04-06,231.7525177001953,253.5800018310547,254.8099975585937,250.3099975585937,250.3099975585937,262300
2021-04-07,233.7448272705078,255.759994506836,256.1600036621094,252.3999938964844,253.5800018310547,256200
2021-04-08,231.49659729003903,253.3000030517578,254.6000061035156,251.63999938964844,254.0500030517578,266600
2021-04-09,232.8400421142578,254.7700042724609,255.1999969482422,252.67999267578125,254.4499969482422,185100
2021-04-12,233.0320281982422,254.97999572753903,255.19000244140625,251.2700042724609,254.47000122070312,262600
2021-04-13,234.0281524658203,256.07000732421875,256.6300048828125,251.7700042724609,254.7100067138672,241600
2021-04-14,237.11720275878903,259.45001220703125,260.45001220703125,255.88999938964844,256.25,244900
2021-04-15,240.1788024902344,262.79998779296875,263.2699890136719,259.3500061035156,259.8099975585937,208900
2021-04-16,239.53907775878903,262.1000061035156,264.82000732421875,261.29998779296875,264.2799987792969,228000
2021-04-19,241.2755126953125,264.0,264.2900085449219,261.1600036621094,263.6000061035156,162000
2021-04-20,239.84068298339844,262.42999267578125,265.0,261.0799865722656,263.4100036621094,327400
2021-04-21,244.602294921875,267.6400146484375,267.79998779296875,262.42999267578125,262.42999267578125,189200
2021-04-22,241.74166870117188,264.510009765625,266.69000244140625,263.8299865722656,266.29998779296875,220000
2021-04-23,243.8528289794922,266.82000732421875,268.7099914550781,264.8900146484375,265.2699890136719,169300
2021-04-26,243.1033935546875,266.0,269.2300109863281,265.5799865722656,267.1099853515625,226900
2021-04-27,244.06300354003903,267.04998779296875,268.3800048828125,265.5,266.989990234375,188900
2021-04-28,243.2130889892578,266.1199951171875,269.3299865722656,265.3299865722656,269.3299865722656,311500
2021-04-29,248.99826049804688,272.45001220703125,272.7300109863281,264.7699890136719,266.3399963378906,655100
2021-04-30,253.11087036132807,276.95001220703125,278.94000244140625,271.5,273.04998779296875,462600
2021-05-03,248.65093994140625,272.07000732421875,281.2699890136719,271.760009765625,279.19000244140625,393800
2021-05-04,249.8846740722656,273.4200134277344,277.489990234375,271.4700012207031,272.17999267578125,441100
2021-05-05,249.6013946533203,273.1099853515625,274.9800109863281,266.8099975585937,273.1099853515625,300200
2021-05-06,249.7933349609375,273.32000732421875,274.95001220703125,270.1099853515625,274.7799987792969,276300
2021-05-07,249.59225463867188,273.1000061035156,274.0,269.54998779296875,270.17999267578125,296800
2021-05-10,249.3271942138672,272.8099975585937,275.79998779296875,272.67999267578125,274.2300109863281,332400
2021-05-11,242.7104339599609,265.57000732421875,271.8599853515625,264.7099914550781,271.6000061035156,319900
2021-05-12,239.849838256836,262.44000244140625,267.6700134277344,262.0199890136719,267.0899963378906,307500
2021-05-13,247.6364288330078,270.9599914550781,272.1099853515625,261.07000732421875,261.07000732421875,222700
2021-05-14,248.06591796875,271.42999267578125,272.3500061035156,269.0,270.75,191700
2021-05-17,248.6874237060547,272.1099853515625,273.2200012207031,267.010009765625,271.1400146484375,335900
2021-05-18,248.13912963867188,271.510009765625,272.3099975585937,267.25,270.4800109863281,400500
2021-05-19,246.0279693603516,269.20001220703125,270.8099975585937,266.5199890136719,270.32000732421875,324300
2021-05-20,245.31512451171875,268.4200134277344,270.17999267578125,266.70001220703125,269.69000244140625,252400
2021-05-21,241.54055786132807,264.2900085449219,270.760009765625,263.7799987792969,268.6199951171875,276800
2021-05-24,240.882568359375,263.57000732421875,265.8299865722656,262.4800109863281,265.45001220703125,388200
2021-05-25,233.9140472412109,254.44000244140625,261.7799987792969,253.3999938964844,261.7799987792969,592600
2021-05-26,234.15304565429688,254.6999969482422,256.6000061035156,253.6699981689453,254.92999267578125,495900
2021-05-27,238.9611358642578,259.92999267578125,259.9800109863281,254.9100036621093,256.5899963378906,1750000
2021-05-28,238.9887084960937,259.9599914550781,261.5799865722656,257.0299987792969,261.5799865722656,357000
2021-06-01,238.8416442871093,259.79998779296875,263.07000732421875,258.8500061035156,262.4100036621094,463100
2021-06-02,236.35028076171875,257.0899963378906,259.489990234375,256.5400085449219,259.489990234375,332300
2021-06-03,236.2675323486328,257.0,258.5400085449219,254.509994506836,256.19000244140625,325200
2021-06-04,238.4463348388672,259.3699951171875,259.8500061035156,255.2700042724609,256.7699890136719,227200
2021-06-07,236.99383544921875,257.7900085449219,259.45001220703125,256.3099975585937,259.17999267578125,327800
2021-06-08,238.26248168945312,259.1700134277344,259.7200012207031,255.4600067138672,257.2200012207031,304100
2021-06-09,236.8650817871093,257.6499938964844,259.010009765625,257.1099853515625,257.6499938964844,237400
2021-06-10,234.31857299804688,254.8800048828125,259.3900146484375,254.7400054931641,258.94000244140625,237500
2021-06-11,233.36245727539065,253.83999633789065,256.17999267578125,253.3300018310547,254.77999877929688,276200
2021-06-14,233.53713989257807,254.02999877929688,254.1499938964844,252.0,253.77999877929688,207600
2021-06-15,235.8813934326172,256.5799865722656,258.489990234375,252.83999633789065,254.38999938964844,216400
2021-06-16,233.6842498779297,254.19000244140625,257.3500061035156,254.1199951171875,255.9499969482422,191400
2021-06-17,225.72283935546875,245.52999877929688,255.17999267578125,245.44000244140625,254.92999267578125,310000
2021-06-18,217.1546936035156,236.2100067138672,241.1999969482422,236.1300048828125,239.2899932861328,606000
2021-06-21,223.9301605224609,243.5800018310547,243.9499969482422,237.8699951171875,237.8699951171875,327700
2021-06-22,224.7207489013672,244.44000244140625,245.0599975585937,241.7100067138672,243.5200042724609,301900
2021-06-23,225.95263671875,245.77999877929688,246.7700042724609,243.1999969482422,244.3300018310547,407500
2021-06-24,232.231689453125,252.6100006103516,253.6199951171875,246.8500061035156,247.47000122070312,327500
2021-06-25,235.56884765625,256.239990234375,256.760009765625,252.3699951171875,253.6499938964844,512600
2021-06-28,231.2572021484375,251.5500030517578,255.759994506836,250.52999877929688,255.759994506836,235800
2021-06-29,232.5902099609375,253.0,253.9199981689453,251.38999938964844,252.8000030517578,361700
2021-06-30,231.6800842285156,252.009994506836,253.02999877929688,250.5,251.97999572753903,226000
2021-07-01,236.10205078125,256.82000732421875,257.1199951171875,251.3099975585937,252.9600067138672,291800
2021-07-02,231.99267578125,252.3500061035156,255.759994506836,251.08999633789065,255.2700042724609,311100
2021-07-06,228.34295654296875,248.3800048828125,251.08999633789065,247.22999572753903,251.08999633789065,668700
2021-07-07,230.733139038086,250.97999572753903,252.02999877929688,246.72999572753903,246.72999572753903,528400
2021-07-08,223.3877410888672,242.9900054931641,247.009994506836,242.4499969482422,247.009994506836,240900
2021-07-09,227.8648376464844,247.8600006103516,247.9499969482422,245.3500061035156,246.8500061035156,282300
2021-07-12,228.82098388671875,248.8999938964844,249.72000122070312,245.1100006103516,246.1600036621093,174900
2021-07-13,224.9322052001953,244.6699981689453,248.5200042724609,244.6699981689453,248.3099975585937,155300
2021-07-14,225.4286651611328,245.2100067138672,246.97000122070312,243.7700042724609,245.009994506836,175000
2021-07-15,226.4950561523437,246.3699951171875,246.58999633789065,242.44000244140625,242.67999267578125,222700
2021-07-16,226.8719787597656,246.77999877929688,247.4499969482422,244.9600067138672,247.3699951171875,140200
2021-07-19,217.58673095703125,236.67999267578125,243.6300048828125,234.8699951171875,242.4100036621093,253900
2021-07-20,221.7880859375,241.25,243.4900054931641,237.0599975585937,237.1999969482422,285800
2021-07-21,224.8034820556641,244.52999877929688,246.9199981689453,243.3800048828125,243.3800048828125,221900
2021-07-22,223.1394958496093,242.72000122070312,244.42999267578125,242.07000732421875,243.72000122070312,169200
2021-07-23,223.203857421875,242.7899932861328,245.1199951171875,241.82000732421875,244.4600067138672,152900
2021-07-26,223.9393310546875,243.58999633789065,244.5200042724609,241.25,242.2700042724609,234700
2021-07-27,225.26315307617188,245.02999877929688,246.1100006103516,240.47999572753903,241.6100006103516,253200
2021-07-28,223.76466369628903,243.3999938964844,247.8800048828125,240.5800018310547,244.69000244140625,279600
2021-07-29,227.6074676513672,247.5800018310547,248.92999267578125,245.22999572753903,247.67999267578125,373500
2021-07-30,232.4339294433593,252.8300018310547,253.7400054931641,245.7899932861328,247.009994506836,346400
2021-08-02,234.20822143554688,254.759994506836,259.20001220703125,253.8500061035156,254.47000122070312,370300
2021-08-03,238.8508453369141,259.8099975585937,260.8099975585937,251.9900054931641,256.1199951171875,476900
2021-08-04,237.361557006836,258.19000244140625,260.6499938964844,257.0799865722656,258.4200134277344,335700
2021-08-05,238.27166748046875,259.17999267578125,262.239990234375,257.1700134277344,260.2799987792969,273300
2021-08-06,241.4801025390625,262.6700134277344,262.9200134277344,260.6600036621094,261.9700012207031,165800
2021-08-09,241.55368041992188,262.75,264.3800048828125,261.04998779296875,262.6600036621094,273800
2021-08-10,242.9694366455078,264.2900085449219,264.5799865722656,262.0,262.3900146484375,239100
2021-08-11,247.1248321533203,268.8099975585937,268.8999938964844,263.8900146484375,264.54998779296875,172400
2021-08-12,249.5242614746093,271.4200134277344,271.45001220703125,268.8299865722656,270.0,167000
2021-08-13,250.9032592773437,272.9200134277344,274.6600036621094,270.8299865722656,272.2200012207031,229100
2021-08-16,249.7632293701172,271.67999267578125,273.6300048828125,269.75,271.9100036621094,267800
2021-08-17,251.6019744873047,273.67999267578125,275.8599853515625,270.3099975585937,270.3099975585937,222000
2021-08-18,249.6713256835937,271.5799865722656,276.0,271.1400146484375,272.2699890136719,210000
2021-08-19,249.53338623046875,271.42999267578125,273.20001220703125,268.489990234375,269.8699951171875,180500
2021-08-20,250.0023193359375,271.94000244140625,272.8800048828125,269.20001220703125,270.739990234375,197800
2021-08-23,250.82049560546875,272.8299865722656,275.2799987792969,272.6700134277344,273.1099853515625,139200
2021-08-24,251.64341735839844,272.1700134277344,273.6199951171875,270.8099975585937,272.04998779296875,169400
2021-08-25,252.1427001953125,272.7099914550781,274.3099975585937,270.9100036621094,272.29998779296875,198600
2021-08-26,246.28082275390625,266.3699951171875,274.1400146484375,266.32000732421875,272.70001220703125,243900
2021-08-27,247.7046661376953,267.9100036621094,269.1400146484375,263.8800048828125,266.4100036621094,203500
2021-08-30,243.1834411621093,263.0199890136719,267.7699890136719,262.7300109863281,267.7699890136719,194700
2021-08-31,244.9216766357422,264.8999938964844,267.29998779296875,262.5799865722656,262.7099914550781,305500
2021-09-01,241.5469970703125,261.25,265.1600036621094,260.94000244140625,264.75,266700
2021-09-02,239.5868530273437,259.1300048828125,261.3900146484375,258.20001220703125,261.3900146484375,402700
2021-09-03,237.2846527099609,256.6400146484375,260.760009765625,255.82000732421875,258.8299865722656,340600
2021-09-07,233.16099548339844,252.17999267578125,255.8099975585937,251.97999572753903,255.8099975585937,405200
2021-09-08,243.5625,263.42999267578125,264.3800048828125,252.19000244140625,253.17999267578125,562000
2021-09-09,240.4651794433593,260.0799865722656,267.70001220703125,259.5599975585937,263.510009765625,233200
2021-09-10,236.08267211914065,255.33999633789065,261.92999267578125,255.33999633789065,261.92999267578125,286900
2021-09-13,237.7469482421875,257.1400146484375,258.45001220703125,255.6199951171875,257.6199951171875,170700
2021-09-14,234.7605438232422,253.9100036621093,258.739990234375,251.4900054931641,258.739990234375,193600
2021-09-15,234.27975463867188,253.38999938964844,254.8999938964844,252.32000732421875,253.8000030517578,188700
2021-09-16,233.2904510498047,252.32000732421875,254.75,251.8500061035156,254.4100036621093,199900
2021-09-17,236.56349182128903,255.8600006103516,256.510009765625,251.4499969482422,251.4499969482422,517500
2021-09-20,234.21502685546875,253.32000732421875,254.2700042724609,250.1699981689453,252.1499938964844,270200
2021-09-21,233.82669067382807,252.8999938964844,256.1400146484375,251.259994506836,255.3999938964844,190100
2021-09-22,234.2705078125,253.3800048828125,255.19000244140625,251.9600067138672,255.1000061035156,212300
2021-09-23,235.9717559814453,255.22000122070312,258.260009765625,254.4600067138672,254.4600067138672,209500
2021-09-24,236.45252990722656,255.7400054931641,256.57000732421875,253.2700042724609,254.9100036621093,153200
2021-09-27,239.36495971679688,258.8900146484375,261.0199890136719,257.42999267578125,257.7799987792969,241200
2021-09-28,235.204330444336,254.38999938964844,260.8299865722656,253.5599975585937,259.760009765625,184500
2021-09-29,233.95611572265625,253.0399932861328,255.8300018310547,252.759994506836,253.97000122070312,163500
2021-09-30,231.86659240722656,250.77999877929688,258.17999267578125,250.75,253.1699981689453,272900
2021-10-01,233.0223388671875,252.02999877929688,253.72000122070312,248.6300048828125,251.6600036621093,224000
2021-10-04,231.5244903564453,250.4100036621093,255.47000122070312,249.7899932861328,252.27999877929688,179000
2021-10-05,236.48025512695312,255.7700042724609,256.7699890136719,250.3699951171875,250.3699951171875,240300
2021-10-06,241.17713928222656,260.8500061035156,261.0299987792969,254.2100067138672,254.6199951171875,198500
2021-10-07,246.00344848632807,266.07000732421875,267.510009765625,263.67999267578125,263.67999267578125,208100
2021-10-08,248.3426055908203,268.6000061035156,270.239990234375,266.17999267578125,267.2799987792969,170800
2021-10-11,245.4209442138672,265.44000244140625,272.0,265.3299865722656,268.8399963378906,156900
2021-10-12,245.7445831298828,265.7900085449219,268.6000061035156,263.5,264.4599914550781,127000
2021-10-13,246.1143493652344,266.19000244140625,266.7099914550781,260.8500061035156,264.8599853515625,231000
2021-10-14,256.9135131835937,277.8699951171875,279.2099914550781,268.3900146484375,268.9100036621094,348000
2021-10-15,257.4589233398437,278.4599914550781,281.4700012207031,277.17999267578125,279.9100036621094,227200
2021-10-18,255.5081787109375,276.3500061035156,281.0899963378906,276.1000061035156,277.29998779296875,229600
2021-10-19,255.77626037597656,276.6400146484375,280.4700012207031,275.7900085449219,278.8800048828125,174600
2021-10-20,257.9675598144531,279.010009765625,280.510009765625,274.8500061035156,275.6499938964844,162400
2021-10-21,258.4945373535156,279.5799865722656,280.5799865722656,277.3099975585937,278.5899963378906,142100
2021-10-22,259.7335205078125,280.9200134277344,281.8800048828125,277.95001220703125,281.07000732421875,152100
2021-10-25,261.32373046875,282.6400146484375,283.20001220703125,278.6099853515625,280.1700134277344,141200
2021-10-26,265.0035705566406,286.6199951171875,289.5599975585937,281.6700134277344,284.260009765625,275300
2021-10-27,259.04931640625,280.17999267578125,289.67999267578125,279.42999267578125,286.8699951171875,415300
2021-10-28,247.23309326171875,267.3999938964844,276.2900085449219,263.2099914550781,275.0,531600
2021-10-29,241.7780914306641,261.5,267.1600036621094,261.3299865722656,266.45001220703125,406500
2021-11-01,245.4024810791016,265.4200134277344,267.54998779296875,262.8399963378906,263.9100036621094,302400
2021-11-02,253.15972900390625,273.8099975585937,279.1499938964844,266.70001220703125,266.70001220703125,399600
2021-11-03,253.30763244628903,273.9700012207031,274.3999938964844,270.9200134277344,272.0599975585937,173500
2021-11-04,248.5368194580078,268.8099975585937,273.1600036621094,266.42999267578125,273.1600036621094,186200
2021-11-05,252.91932678222656,273.54998779296875,274.1400146484375,270.75,271.8299865722656,159700
2021-11-08,253.0488128662109,273.69000244140625,275.69000244140625,272.4599914550781,275.69000244140625,127200
2021-11-09,251.8930206298828,272.44000244140625,273.1199951171875,271.1300048828125,272.20001220703125,110800
2021-11-10,249.9329071044922,270.32000732421875,273.7099914550781,269.8599853515625,273.260009765625,124400
2021-11-11,252.2444000244141,272.82000732421875,272.8999938964844,267.7699890136719,269.8900146484375,282700
2021-11-12,253.4740600585937,274.1499938964844,275.25,271.0199890136719,273.2799987792969,195700
2021-11-15,254.72222900390625,275.5,276.2900085449219,273.6199951171875,274.7900085449219,100200
2021-11-16,257.5330505371094,278.5400085449219,280.3399963378906,274.8699951171875,276.2099914550781,199700
2021-11-17,257.1539611816406,278.1300048828125,278.6199951171875,274.010009765625,277.57000732421875,216600
2021-11-18,253.70523071289065,274.3999938964844,279.70001220703125,272.0299987792969,277.4200134277344,161300
2021-11-19,246.9649658203125,267.1099853515625,274.1499938964844,266.8399963378906,274.1499938964844,333900
2021-11-22,253.2152099609375,273.8699951171875,277.6000061035156,266.8900146484375,267.7099914550781,200000
2021-11-23,258.4113464355469,279.489990234375,279.9800109863281,275.2699890136719,275.6300048828125,191800
2021-11-24,256.9413146972656,277.8999938964844,279.92999267578125,276.3399963378906,279.2300109863281,134700
2021-11-26,248.15771484375,268.3999938964844,271.3699951171875,264.3299865722656,267.82000732421875,139800
2021-11-29,244.43165588378903,264.3699951171875,272.2200012207031,264.2200012207031,272.2200012207031,267200
2021-11-30,238.4422302246093,256.3800048828125,260.04998779296875,256.0,259.5199890136719,524900
2021-12-01,238.9258575439453,256.8999938964844,264.1300048828125,256.7300109863281,260.3299865722656,374600
2021-12-02,245.3710327148437,263.8299865722656,266.0799865722656,257.9200134277344,258.7200012207031,302800
2021-12-03,244.10614013671875,262.4700012207031,264.6199951171875,258.94000244140625,263.6000061035156,312900
2021-12-06,248.2913055419922,266.9700012207031,269.04998779296875,264.8699951171875,266.2699890136719,176700
2021-12-07,251.93704223632807,270.8900146484375,273.1700134277344,267.5199890136719,267.5400085449219,239400
2021-12-08,254.6713256835937,273.8299865722656,275.1300048828125,269.44000244140625,271.1499938964844,293200
2021-12-09,252.2160186767578,271.19000244140625,274.4599914550781,270.6300048828125,272.25,217400
2021-12-10,251.0813751220703,269.9700012207031,273.3299865722656,269.42999267578125,272.3999938964844,152700
2021-12-13,248.7656707763672,267.4800109863281,270.6000061035156,265.5,269.0599975585937,167600
2021-12-14,250.83956909179688,269.7099914550781,272.0199890136719,265.4800109863281,268.0199890136719,151200
2021-12-15,250.99774169921875,269.8800048828125,274.3299865722656,268.4599914550781,271.1000061035156,170500
2021-12-16,251.63015747070312,270.5599975585937,274.25,268.82000732421875,272.57000732421875,244400
2021-12-17,248.2540283203125,266.92999267578125,274.8900146484375,266.6499938964844,273.7300109863281,608000
2021-12-20,243.36216735839844,261.6700134277344,264.739990234375,259.6000061035156,264.0599975585937,318800
2021-12-21,246.3103485107422,264.8399963378906,269.20001220703125,263.4599914550781,263.5,223700
2021-12-22,244.6641845703125,263.07000732421875,266.0599975585937,262.07000732421875,263.9200134277344,311600
2021-12-23,248.3378295898437,267.0199890136719,267.5299987792969,264.1400146484375,265.20001220703125,124200
2021-12-27,252.2439880371093,271.2200012207031,271.7300109863281,266.17999267578125,268.32000732421875,110600
2021-12-28,255.04335021972656,274.2300109863281,274.8900146484375,271.5400085449219,271.5400085449219,129700
2021-12-29,256.8755798339844,276.20001220703125,277.2799987792969,274.1199951171875,274.2200012207031,130100
2021-12-30,255.02471923828125,274.2099914550781,279.1000061035156,274.0799865722656,276.8399963378906,82600
2021-12-31,254.7549591064453,273.9200134277344,275.9100036621094,273.1700134277344,273.7200012207031,151400
2022-01-03,253.7040863037109,272.7900085449219,276.3999938964844,270.5199890136719,274.6499938964844,188200
2022-01-04,253.7785186767578,272.8699951171875,277.6600036621094,272.7099914550781,276.0299987792969,200400
2022-01-05,250.4117431640625,269.25,275.6300048828125,269.25,274.6600036621094,222400
2022-01-06,255.11773681640625,274.3099975585937,277.6499938964844,272.2699890136719,274.989990234375,213900
2022-01-07,259.6376953125,279.1700134277344,280.1600036621094,274.3299865722656,275.5599975585937,161800
2022-01-10,260.5956420898437,280.20001220703125,281.9599914550781,278.19000244140625,281.4599914550781,240300
2022-01-11,265.655029296875,285.6400146484375,285.82000732421875,277.7200012207031,282.0,207200
2022-01-12,263.2182922363281,283.0199890136719,287.57000732421875,281.0599975585937,285.9800109863281,140000
2022-01-13,264.687744140625,284.6000061035156,288.0799865722656,282.7200012207031,284.3800048828125,132500
2022-01-14,269.9890441894531,290.29998779296875,290.4700012207031,282.0,283.2799987792969,211900
2022-01-18,270.5470275878906,290.8999938964844,293.6499938964844,288.9599914550781,289.0,310600
2022-01-19,267.2360534667969,287.3399963378906,293.739990234375,286.9200134277344,292.1700134277344,192800
2022-01-20,267.0129089355469,287.1000061035156,294.75,286.69000244140625,287.8900146484375,276200
2022-01-21,264.1576538085937,284.0299987792969,288.04998779296875,283.1700134277344,287.239990234375,217700
2022-01-24,264.2320556640625,284.1099853515625,285.3999938964844,273.5,282.1300048828125,319700
2022-01-25,265.3295593261719,285.2900085449219,287.260009765625,274.7699890136719,281.6000061035156,221000
2022-01-26,262.0465087890625,281.760009765625,290.32000732421875,278.8999938964844,286.0599975585937,277000
2022-01-27,258.4938049316406,277.94000244140625,289.92999267578125,276.6700134277344,284.0199890136719,372900
2022-01-28,261.1071472167969,280.75,280.94000244140625,274.2699890136719,278.6099853515625,297800
2022-01-31,263.5717163085937,283.3999938964844,283.760009765625,275.29998779296875,277.5,377000
2022-02-01,264.6227111816406,284.5299987792969,284.9200134277344,278.8699951171875,281.510009765625,253500
2022-02-02,269.9052429199219,290.2099914550781,290.6300048828125,283.1400146484375,283.1400146484375,217000
2022-02-03,265.28302001953125,285.239990234375,292.2699890136719,285.0599975585937,291.0799865722656,221800
2022-02-04,265.9804992675781,285.989990234375,288.260009765625,280.8500061035156,284.8399963378906,291300
2022-02-07,266.6966857910156,286.760009765625,288.5599975585937,284.45001220703125,286.8800048828125,194900
2022-02-08,270.0540771484375,290.3699951171875,291.739990234375,285.9200134277344,288.6400146484375,278300
2022-02-09,268.8916015625,289.1199951171875,293.9800109863281,288.1700134277344,291.2200012207031,344800
2022-02-10,271.0491943359375,291.44000244140625,296.5899963378906,288.1499938964844,288.1499938964844,522800
2022-02-11,274.29510498046875,294.92999267578125,296.8599853515625,290.1499938964844,292.239990234375,347100
2022-02-14,272.6116943359375,293.1199951171875,296.0599975585937,289.5,295.7900085449219,314100
2022-02-15,279.5962829589844,300.6300048828125,301.19000244140625,293.3599853515625,294.7099914550781,259900
2022-02-16,281.87481689453125,303.0799865722656,306.4200134277344,299.2900085449219,299.94000244140625,634800
2022-02-17,281.57720947265625,302.760009765625,303.0899963378906,294.6400146484375,301.8999938964844,352600
2022-02-18,283.1210327148437,304.4200134277344,307.760009765625,301.8699951171875,301.8699951171875,265500
2022-02-22,279.4195556640625,300.44000244140625,306.5299987792969,297.8099975585937,305.5299987792969,306100
2022-02-23,279.0847473144531,300.0799865722656,304.0,299.0799865722656,302.6499938964844,309400
2022-02-24,271.1051025390625,291.5,293.6499938964844,282.239990234375,293.6499938964844,508800
2022-02-25,281.16802978515625,302.32000732421875,302.9599914550781,292.8999938964844,292.8999938964844,281300
2022-02-28,277.3548583984375,298.2200012207031,299.0199890136719,293.92999267578125,294.2799987792969,315800
2022-03-01,264.2135009765625,284.0899963378906,297.3699951171875,281.8900146484375,295.29998779296875,371200
2022-03-02,272.19317626953125,292.6700134277344,295.1700134277344,285.5599975585937,285.8699951171875,264000
2022-03-03,268.8822326660156,289.1099853515625,293.67999267578125,288.0,291.9800109863281,260300
2022-03-04,262.65106201171875,282.4100036621094,283.92999267578125,279.489990234375,282.8599853515625,372300
2022-03-07,248.6447296142578,267.3500061035156,279.6099853515625,267.19000244140625,278.75,393500
2022-03-08,248.65396118164065,267.3599853515625,273.3999938964844,263.07000732421875,270.17999267578125,265800
2022-03-09,256.2059326171875,275.4800109863281,278.1499938964844,273.20001220703125,275.0,343800
2022-03-10,254.6341552734375,273.7900085449219,274.6099853515625,270.489990234375,271.6099853515625,269200
2022-03-11,252.4206695556641,271.4100036621094,277.54998779296875,271.19000244140625,275.8999938964844,282200
2022-03-14,252.9786529541016,272.010009765625,277.6499938964844,271.2699890136719,276.8500061035156,331100
2022-03-15,260.7421875,278.760009765625,279.1499938964844,271.6099853515625,273.1600036621094,291000
2022-03-16,265.0822448730469,283.3999938964844,284.989990234375,277.989990234375,282.4100036621094,285500
2022-03-17,266.7471923828125,285.17999267578125,285.19000244140625,279.0,280.739990234375,212900
2022-03-18,268.131591796875,286.6600036621094,286.8900146484375,279.7200012207031,283.0299987792969,479500
2022-03-21,268.3560485839844,286.8999938964844,294.6000061035156,284.4200134277344,291.20001220703125,392800
2022-03-22,273.397705078125,292.2900085449219,295.1499938964844,287.0299987792969,288.0199890136719,224300
2022-03-23,272.9767761230469,291.8399963378906,295.1099853515625,291.0199890136719,292.0,267700
2022-03-24,275.9325256347656,295.0,296.42999267578125,292.2300109863281,293.010009765625,200600
2022-03-25,279.68328857421875,299.010009765625,299.4200134277344,294.6300048828125,294.6700134277344,157400
2022-03-28,278.5234375,297.7699890136719,298.8999938964844,295.19000244140625,298.8999938964844,128700
2022-03-29,283.0226135253906,302.5799865722656,303.04998779296875,298.5899963378906,300.20001220703125,197300
2022-03-30,285.0242614746094,304.7200012207031,306.82000732421875,302.3099975585937,303.8900146484375,214600
2022-03-31,281.9001770019531,301.3800048828125,308.20001220703125,301.3800048828125,305.1099853515625,290800
2022-04-01,287.2504272460937,307.1000061035156,307.7099914550781,303.2200012207031,303.25,258400
2022-04-04,278.07452392578125,297.2900085449219,306.42999267578125,295.6400146484375,306.42999267578125,267500
2022-04-05,279.5617370605469,298.8800048828125,300.7900085449219,295.2200012207031,297.2900085449219,302500
2022-04-06,278.308349609375,297.5400085449219,302.0199890136719,296.7900085449219,297.3099975585937,206700
2022-04-07,277.373046875,296.5400085449219,298.3999938964844,292.75,296.92999267578125,171800
2022-04-08,278.5702819824219,297.82000732421875,300.3699951171875,295.3099975585937,297.29998779296875,168500
2022-04-11,277.7658386230469,296.9599914550781,302.9599914550781,296.489990234375,299.57000732421875,227200
2022-04-12,271.1808776855469,289.9200134277344,299.67999267578125,288.6400146484375,297.239990234375,302900
2022-04-13,272.91131591796875,291.7699890136719,292.1000061035156,287.54998779296875,288.5299987792969,137200
2022-04-14,271.7889099121094,290.57000732421875,293.9700012207031,290.1300048828125,291.7799987792969,190100
2022-04-18,271.3211975097656,290.07000732421875,291.8800048828125,287.79998779296875,289.3399963378906,116000
2022-04-19,272.31268310546875,291.1300048828125,291.4700012207031,287.2900085449219,291.4700012207031,215800
2022-04-20,278.2054138183594,297.42999267578125,298.1199951171875,291.9100036621094,292.8999938964844,225700
2022-04-21,274.117919921875,293.0599975585937,302.0,292.7099914550781,299.760009765625,183500
2022-04-22,267.6825866699219,286.17999267578125,292.69000244140625,286.1000061035156,292.4700012207031,190100
2022-04-25,265.86798095703125,284.239990234375,285.45001220703125,274.6499938964844,284.989990234375,272700
2022-04-26,260.5083923339844,278.510009765625,284.32000732421875,278.5,281.7799987792969,222400
2022-04-27,266.39178466796875,284.79998779296875,287.1000061035156,278.5,278.510009765625,403900
2022-04-28,264.3901672363281,282.6600036621094,290.9599914550781,274.5599975585937,290.9599914550781,417100
2022-04-29,256.9539794921875,274.7099914550781,282.8999938964844,274.010009765625,280.7699890136719,279000
2022-05-02,259.49810791015625,277.42999267578125,279.6700134277344,272.4800109863281,277.489990234375,269600
2022-05-03,261.46246337890625,279.5299987792969,282.9100036621094,277.8299865722656,279.0899963378906,172000
2022-05-04,267.7013244628906,286.20001220703125,287.1499938964844,277.9599914550781,280.489990234375,248100
2022-05-05,265.77447509765625,284.1400146484375,286.8299865722656,280.6000061035156,283.7300109863281,208800
2022-05-06,268.7489318847656,287.32000732421875,288.8999938964844,283.4100036621094,284.8900146484375,270300
2022-05-09,262.4259033203125,280.5599975585937,286.8399963378906,279.7699890136719,284.92999267578125,266600
2022-05-10,261.2379455566406,279.2900085449219,285.2699890136719,276.69000244140625,282.489990234375,246100
2022-05-11,260.5550842285156,278.5599975585937,284.0599975585937,277.8699951171875,280.010009765625,199900
2022-05-12,256.2804870605469,273.989990234375,278.20001220703125,273.3900146484375,278.20001220703125,438200
2022-05-13,261.9207763671875,280.0199890136719,280.2799987792969,275.489990234375,275.489990234375,278400
2022-05-16,264.12823486328125,282.3800048828125,284.0799865722656,278.8399963378906,279.1300048828125,140300
2022-05-17,270.81597900390625,289.5299987792969,289.75,284.7099914550781,285.4800109863281,145200
2022-05-18,262.266845703125,280.3900146484375,287.5299987792969,279.75,287.4800109863281,237900
2022-05-19,258.4786071777344,276.3399963378906,280.0799865722656,271.3800048828125,277.6600036621094,255600
2022-05-20,253.0815887451172,270.57000732421875,277.989990234375,266.510009765625,277.4800109863281,246900
2022-05-23,256.68280029296875,274.4200134277344,276.75,272.3800048828125,274.92999267578125,271700
2022-05-24,257.78369140625,273.94000244140625,275.3999938964844,266.8900146484375,272.5299987792969,233000
2022-05-25,258.2353820800781,274.4200134277344,275.79998779296875,270.95001220703125,272.739990234375,266900
2022-05-26,262.7428894042969,279.2099914550781,280.5,274.5199890136719,277.2799987792969,213200
2022-05-27,267.99383544921875,284.7900085449219,284.9100036621094,279.1600036621094,279.5,144500
2022-05-31,265.8388671875,282.5,284.7099914550781,280.1499938964844,282.6700134277344,258100
2022-06-01,262.0935974121094,278.5199890136719,284.0599975585937,275.3999938964844,282.19000244140625,157400
2022-06-02,265.0201721191406,281.6300048828125,281.8699951171875,274.75,279.3900146484375,124800
2022-06-03,263.7592468261719,280.2900085449219,280.92999267578125,278.0799865722656,279.9800109863281,166300
2022-06-06,268.5584411621094,285.3900146484375,287.4700012207031,280.2699890136719,282.9200134277344,173100
2022-06-07,271.21209716796875,288.2099914550781,288.3599853515625,283.69000244140625,284.2099914550781,121300
2022-06-08,265.17071533203125,281.7900085449219,287.0,281.4100036621094,286.6000061035156,148200
2022-06-09,261.5383605957031,277.92999267578125,283.0599975585937,277.8699951171875,282.1300048828125,130400
2022-06-10,261.6983642578125,278.1000061035156,281.7699890136719,270.3599853515625,273.17999267578125,444500
2022-06-13,253.7749481201172,269.67999267578125,275.9100036621094,268.04998779296875,273.1499938964844,316600
2022-06-14,256.5886535644531,272.6700134277344,275.5899963378906,270.8500061035156,271.0400085449219,221000
2022-06-15,259.02587890625,275.260009765625,279.4200134277344,271.69000244140625,276.8299865722656,307000
2022-06-16,249.3709716796875,265.0,271.95001220703125,263.6099853515625,270.45001220703125,282500
2022-06-17,253.2479553222656,269.1199951171875,270.6600036621094,264.8699951171875,266.9700012207031,597700
2022-06-21,254.9136505126953,270.8900146484375,273.92999267578125,270.1600036621094,273.67999267578125,222700
2022-06-22,255.56285095214844,271.5799865722656,273.1300048828125,267.45001220703125,267.45001220703125,149300
2022-06-23,256.1745910644531,272.2300109863281,275.0799865722656,268.7300109863281,271.989990234375,267900
2022-06-24,266.4881896972656,283.19000244140625,283.6600036621094,273.94000244140625,273.94000244140625,323800
2022-06-27,266.3375549316406,283.0299987792969,284.010009765625,281.42999267578125,283.3399963378906,185200
2022-06-28,263.89093017578125,280.42999267578125,288.3299865722656,280.2900085449219,285.0,179100
2022-06-29,262.1124267578125,278.5400085449219,282.0199890136719,278.1000061035156,282.0199890136719,165800
2022-06-30,263.7497253417969,280.2799987792969,282.8800048828125,274.95001220703125,276.3900146484375,243500
2022-07-01,267.0433959960937,283.7799987792969,285.0599975585937,278.6600036621094,278.9599914550781,140700
2022-07-05,261.0585021972656,277.4200134277344,279.760009765625,272.0599975585937,279.6499938964844,165300
2022-07-06,264.8978271484375,281.5,283.739990234375,274.17999267578125,277.8099975585937,184600
2022-07-07,268.8218994140625,285.6700134277344,288.0,282.94000244140625,282.94000244140625,437300
2022-07-08,264.1638488769531,280.7200012207031,285.7799987792969,280.5400085449219,285.7799987792969,230500
2022-07-11,263.3545837402344,279.8599853515625,284.2300109863281,278.6400146484375,278.6400146484375,133000
2022-07-12,260.5221252441406,276.8500061035156,281.1400146484375,276.1000061035156,279.3299865722656,215100
2022-07-13,260.597412109375,276.92999267578125,278.69000244140625,274.4700012207031,274.4700012207031,315800
2022-07-14,247.6206970214844,263.1400146484375,270.8399963378906,262.94000244140625,270.8399963378906,270100
2022-07-15,247.6583404541016,263.17999267578125,266.32000732421875,262.2300109863281,266.0799865722656,230000
2022-07-18,246.1997833251953,261.6300048828125,268.1600036621094,260.5,265.0400085449219,282200
2022-07-19,254.05731201171875,269.9800109863281,270.57000732421875,263.32000732421875,265.3699951171875,188400
2022-07-20,253.6526794433593,269.54998779296875,271.0199890136719,267.5199890136719,269.9599914550781,220300
2022-07-21,254.3018951416016,270.239990234375,270.3500061035156,265.3500061035156,269.6700134277344,154600
2022-07-22,255.90167236328125,271.94000244140625,272.3999938964844,268.95001220703125,270.94000244140625,200600
2022-07-25,257.6614074707031,273.8099975585937,276.260009765625,272.2300109863281,273.0400085449219,137200
2022-07-26,255.7887725830078,271.82000732421875,274.4200134277344,270.3299865722656,273.3999938964844,189700
2022-07-27,255.13006591796875,271.1199951171875,273.82000732421875,267.989990234375,270.8500061035156,222300
2022-07-28,243.0284881591797,258.260009765625,263.0799865722656,249.4600067138672,263.07000732421875,830700
2022-07-29,245.9362335205078,261.3500061035156,261.7699890136719,256.4200134277344,258.3299865722656,417800
2022-08-01,237.4764709472656,252.3600006103516,259.8900146484375,251.759994506836,259.489990234375,472300
2022-08-02,234.5780792236328,249.27999877929688,253.3600006103516,249.08999633789065,253.22999572753903,277900
2022-08-03,238.28570556640625,253.22000122070312,254.1100006103516,248.94000244140625,250.3600006103516,261000
2022-08-04,236.9589080810547,251.8099975585937,254.19000244140625,251.7400054931641,252.13999938964844,212000
2022-08-05,240.5818328857422,255.6600036621093,256.3399963378906,252.72000122070312,253.25,161100
2022-08-08,242.59559631347656,257.79998779296875,259.1199951171875,256.1199951171875,257.3399963378906,157100
2022-08-09,245.43746948242188,260.82000732421875,262.69000244140625,259.7300109863281,259.739990234375,201200
2022-08-10,248.72164916992188,264.3099975585937,265.760009765625,263.239990234375,263.8099975585937,212100
2022-08-11,255.22412109375,271.2200012207031,271.82000732421875,266.7900085449219,266.7900085449219,218900
2022-08-12,259.2987060546875,275.54998779296875,275.8999938964844,272.1099853515625,272.44000244140625,146300
2022-08-15,258.9129333496094,275.1400146484375,275.9200134277344,272.95001220703125,272.95001220703125,128400
2022-08-16,260.94561767578125,277.29998779296875,278.7799987792969,274.8699951171875,275.6300048828125,201600
2022-08-17,261.7643127441406,278.1700134277344,279.2699890136719,273.69000244140625,273.8999938964844,155400
2022-08-18,265.547119140625,282.19000244140625,282.3099975585937,279.2200012207031,279.45001220703125,142900
2022-08-19,264.8978271484375,281.5,283.989990234375,280.7699890136719,282.17999267578125,240800
2022-08-22,258.46124267578125,274.6600036621094,279.489990234375,274.3299865722656,278.3999938964844,211800
2022-08-23,258.139404296875,272.6700134277344,274.57000732421875,271.9800109863281,272.7300109863281,125200
2022-08-24,259.1239624023437,273.7099914550781,273.95001220703125,270.70001220703125,271.8699951171875,138000
2022-08-25,262.07769775390625,276.8299865722656,277.45001220703125,273.42999267578125,274.4200134277344,164500
2022-08-26,258.37603759765625,272.9200134277344,277.489990234375,272.7799987792969,277.489990234375,123900
2022-08-29,257.628173828125,272.1300048828125,274.9200134277344,267.3299865722656,268.6600036621094,171100
2022-08-30,255.13829040527344,269.5,272.5199890136719,268.8699951171875,272.5199890136719,111500
2022-08-31,254.7122497558593,269.04998779296875,272.2099914550781,268.7099914550781,270.8900146484375,234500
2022-09-01,257.8363952636719,272.3500061035156,272.510009765625,267.9800109863281,268.75,197100
2022-09-02,259.4079895019531,274.010009765625,280.20001220703125,272.7799987792969,274.3800048828125,167800
2022-09-06,259.77716064453125,274.3999938964844,277.1199951171875,272.0199890136719,276.010009765625,227500
2022-09-07,266.4230651855469,281.4200134277344,282.04998779296875,272.29998779296875,273.5299987792969,258400
2022-09-08,270.3140869140625,285.5299987792969,286.8299865722656,280.6199951171875,280.6199951171875,205800
2022-09-09,267.6253662109375,282.69000244140625,287.3900146484375,282.2300109863281,286.3699951171875,307700
2022-09-12,267.75799560546875,282.8299865722656,286.3999938964844,282.3699951171875,284.760009765625,300600
2022-09-13,264.5864562988281,279.4800109863281,283.2699890136719,279.1199951171875,279.3900146484375,206800
2022-09-14,265.22076416015625,280.1499938964844,281.4800109863281,276.2099914550781,278.95001220703125,267900
2022-09-15,269.83123779296875,285.0199890136719,286.5799865722656,279.7699890136719,280.7799987792969,201300
2022-09-16,267.9851379394531,283.07000732421875,283.5199890136719,279.9599914550781,283.1600036621094,418400
2022-09-19,268.8845520019531,284.0199890136719,284.8099975585937,280.3699951171875,280.3699951171875,241900
2022-09-20,256.993896484375,271.4599914550781,282.7799987792969,270.8999938964844,282.7799987792969,466600
2022-09-21,246.92086791992188,260.82000732421875,273.8699951171875,260.760009765625,270.9599914550781,330700
2022-09-22,243.77780151367188,257.5,261.4200134277344,254.9100036621093,261.4200134277344,415100
2022-09-23,241.5246124267578,255.1199951171875,255.72000122070312,251.6600036621093,254.7700042724609,380100
2022-09-26,232.6918182373047,245.7899932861328,254.57000732421875,245.42999267578125,252.72999572753903,571600
2022-09-27,240.32228088378903,253.8500061035156,254.1999969482422,244.5800018310547,246.9900054931641,706300
2022-09-28,245.61441040039065,259.44000244140625,262.1499938964844,253.82000732421875,254.509994506836,490800
2022-09-29,253.2448883056641,267.5,268.69000244140625,255.94000244140625,257.42999267578125,403200
2022-09-30,248.4545288085937,262.44000244140625,271.9200134277344,261.7099914550781,269.239990234375,430100
2022-10-03,251.7206878662109,265.8900146484375,266.92999267578125,258.92999267578125,264.9700012207031,321000
2022-10-04,262.18182373046875,276.94000244140625,277.1300048828125,267.8699951171875,267.8699951171875,348200
2022-10-05,259.14288330078125,273.7300109863281,277.0199890136719,272.67999267578125,273.8299865722656,369900
2022-10-06,257.7986145019531,272.3099975585937,272.6199951171875,270.2799987792969,270.92999267578125,258200
2022-10-07,250.3384552001953,264.42999267578125,270.20001220703125,262.45001220703125,270.20001220703125,307900
2022-10-10,253.2448883056641,267.5,269.7200012207031,264.32000732421875,265.7300109863281,231200
2022-10-11,253.4247436523437,267.69000244140625,271.1499938964844,266.2699890136719,267.19000244140625,232400
2022-10-12,246.9398193359375,260.8399963378906,267.4800109863281,260.7699890136719,267.4800109863281,275100
2022-10-13,259.284912109375,273.8800048828125,275.1300048828125,256.7099914550781,257.739990234375,337600
2022-10-14,255.90516662597656,270.3099975585937,278.45001220703125,269.5199890136719,275.20001220703125,286700
2022-10-17,259.067138671875,273.6499938964844,275.0799865722656,271.57000732421875,275.0299987792969,221600
2022-10-18,263.4314880371094,278.260009765625,280.6199951171875,277.1099853515625,278.3099975585937,266200
2022-10-19,264.7758178710937,279.67999267578125,280.69000244140625,275.989990234375,277.1400146484375,246200
2022-10-20,255.62110900878903,270.010009765625,276.6700134277344,269.7900085449219,276.6700134277344,339800
2022-10-21,264.96514892578125,279.8800048828125,282.3999938964844,270.3399963378906,271.1600036621094,399000
2022-10-24,269.23486328125,284.3900146484375,284.8999938964844,281.0299987792969,281.9700012207031,219800
2022-10-25,267.9756774902344,283.0599975585937,283.19000244140625,277.0899963378906,280.6400146484375,295900
2022-10-26,266.5745544433594,281.5799865722656,287.3099975585937,279.8900146484375,286.1400146484375,327700
2022-10-27,285.6791687011719,301.760009765625,304.3599853515625,289.5599975585937,291.5299987792969,510100
2022-10-28,304.499755859375,321.6400146484375,321.7799987792969,303.7099914550781,303.7099914550781,709800
2022-10-31,305.46539306640625,322.6600036621094,324.6300048828125,316.92999267578125,318.1600036621094,422700
2022-11-01,299.1887512207031,316.0299987792969,324.9200134277344,314.79998779296875,324.010009765625,561400
2022-11-02,304.717529296875,321.8699951171875,328.1000061035156,313.9200134277344,316.1600036621094,617900
2022-11-03,313.4272155761719,331.07000732421875,331.8999938964844,318.8399963378906,320.17999267578125,450300
2022-11-04,315.4058532714844,333.1600036621094,337.5,327.6499938964844,333.8900146484375,587400
2022-11-07,311.249755859375,328.7699890136719,333.8800048828125,325.5599975585937,333.7900085449219,301600
2022-11-08,308.3244934082031,325.67999267578125,331.9599914550781,325.25,327.54998779296875,242600
2022-11-09,302.9850158691406,320.0400085449219,325.9599914550781,319.489990234375,322.69000244140625,252400
2022-11-10,303.1270751953125,320.19000244140625,327.760009765625,318.4100036621094,326.8099975585937,336800
2022-11-11,292.2588195800781,308.7099914550781,322.1499938964844,306.0199890136719,321.9599914550781,444200
2022-11-14,293.5557861328125,310.0799865722656,315.2099914550781,309.8599853515625,310.1300048828125,229900
2022-11-15,299.3591003417969,316.2099914550781,316.2300109863281,307.8999938964844,312.04998779296875,280100
2022-11-16,300.4857177734375,317.3999938964844,320.7099914550781,313.44000244140625,316.0599975585937,239800
2022-11-17,300.4667663574219,317.3800048828125,320.010009765625,312.2799987792969,314.44000244140625,230000
2022-11-18,306.2511901855469,323.489990234375,325.9800109863281,318.1400146484375,321.1199951171875,430000
2022-11-21,306.7813415527344,324.04998779296875,325.3800048828125,320.0299987792969,323.2300109863281,232900
2022-11-22,311.3963928222656,327.25,327.4700012207031,322.3800048828125,324.9200134277344,234800
2022-11-23,312.9759521484375,328.9100036621094,332.8699951171875,327.8399963378906,327.8399963378906,238100
2022-11-25,318.21905517578125,334.4200134277344,336.0400085449219,331.0899963378906,331.3999938964844,95300
2022-11-28,313.1947937011719,329.1400146484375,334.9700012207031,328.5199890136719,332.6700134277344,220000
2022-11-29,316.6774597167969,332.79998779296875,333.8399963378906,329.010009765625,329.010009765625,191900
2022-11-30,321.5684509277344,337.94000244140625,338.0,328.3999938964844,332.75,379200
2022-12-01,314.3366394042969,330.3399963378906,340.6600036621094,329.82000732421875,339.8500061035156,299300
2022-12-02,317.3150939941406,333.4700012207031,336.1199951171875,329.2900085449219,329.2900085449219,226600
2022-12-05,314.5745544433594,330.5899963378906,333.5599975585937,327.5,332.25,165900
2022-12-06,320.4456787109375,336.760009765625,338.25,331.7300109863281,331.7300109863281,281100
2022-12-07,316.8202209472656,332.95001220703125,338.2300109863281,330.2099914550781,335.6600036621094,192800
2022-12-08,317.57196044921875,333.739990234375,336.79998779296875,332.5599975585937,336.2699890136719,208900
2022-12-09,316.4491271972656,332.5599975585937,336.7900085449219,332.19000244140625,333.8099975585937,249200
2022-12-12,316.4301452636719,332.5400085449219,332.95001220703125,327.6099853515625,332.3999938964844,348300
2022-12-13,315.2977294921875,331.3500061035156,338.6099853515625,329.07000732421875,335.57000732421875,305300
2022-12-14,309.62646484375,325.3900146484375,330.94000244140625,323.4100036621094,330.8299865722656,471500
2022-12-15,306.866943359375,322.489990234375,326.29998779296875,320.8500061035156,323.2300109863281,523600
2022-12-16,307.4569091796875,323.1099853515625,325.010009765625,318.0299987792969,319.95001220703125,1190700
2022-12-19,306.7622985839844,322.3800048828125,326.42999267578125,319.79998779296875,323.17999267578125,219100
2022-12-20,311.16796875,327.010009765625,329.3900146484375,324.6400146484375,324.6400146484375,239100
2022-12-21,318.9897766113281,335.2300109863281,335.4100036621094,327.8500061035156,329.2300109863281,227600
2022-12-22,316.6774597167969,332.79998779296875,336.17999267578125,328.75,334.0400085449219,261300
2022-12-23,318.6947631835937,334.9200134277344,336.1000061035156,330.1600036621094,332.57000732421875,158300
2022-12-27,319.798583984375,336.0799865722656,338.3699951171875,334.489990234375,335.3299865722656,135200
2022-12-28,317.7718200683594,333.95001220703125,338.67999267578125,333.8800048828125,337.1000061035156,137000
2022-12-29,318.6376342773437,334.8599853515625,336.7200012207031,332.95001220703125,336.7200012207031,121700
2022-12-30,315.2215881347656,331.2699890136719,334.45001220703125,328.9599914550781,332.54998779296875,151900
2023-01-03,317.2293701171875,333.3800048828125,337.5400085449219,329.7900085449219,330.7900085449219,248100
2023-01-04,324.5658569335937,341.0899963378906,341.3800048828125,335.239990234375,335.239990234375,287500
2023-01-05,325.5650329589844,342.1400146484375,344.3999938964844,338.0599975585937,340.79998779296875,301000
2023-01-06,334.3764038085937,351.3999938964844,352.0899963378906,344.2799987792969,344.95001220703125,381700
2023-01-09,335.6039428710937,352.69000244140625,356.79998779296875,348.2799987792969,350.5899963378906,372400
2023-01-10,341.5606689453125,358.95001220703125,359.260009765625,352.29998779296875,354.2900085449219,279000
2023-01-11,335.67999267578125,352.7699890136719,361.6700134277344,351.7099914550781,359.54998779296875,305400
2023-01-12,332.673095703125,349.6099853515625,355.4599914550781,349.25,352.760009765625,297400
2023-01-13,335.8132629394531,352.9100036621094,355.4599914550781,347.4599914550781,347.739990234375,362600
2023-01-17,329.8755798339844,346.6700134277344,354.2300109863281,345.5899963378906,353.1300048828125,322000
2023-01-18,328.7431945800781,345.4800109863281,348.32000732421875,343.8599853515625,347.95001220703125,185500
2023-01-19,327.8011474609375,344.489990234375,346.510009765625,342.2699890136719,344.3099975585937,246900
2023-01-20,321.9300537109375,338.32000732421875,345.9200134277344,336.0,345.9200134277344,310000
2023-01-23,322.49151611328125,338.9100036621094,341.2200012207031,336.6700134277344,339.92999267578125,156800
2023-01-24,326.859130859375,343.5,343.7699890136719,334.3599853515625,337.0,222300
2023-01-25,333.84356689453125,350.8399963378906,352.1199951171875,342.4700012207031,342.8299865722656,194300
2023-01-26,339.752685546875,357.04998779296875,357.7699890136719,350.5299987792969,351.6499938964844,186500
2023-01-27,333.986328125,350.989990234375,359.1099853515625,349.67999267578125,356.69000244140625,151200
2023-01-30,330.11346435546875,346.9200134277344,353.2699890136719,346.6600036621094,350.9700012207031,138300
2023-01-31,332.7492370605469,349.69000244140625,350.260009765625,344.2300109863281,347.94000244140625,161000
2023-02-01,339.0675964355469,356.3299865722656,359.3900146484375,346.04998779296875,347.75,322200
2023-02-02,324.889404296875,341.42999267578125,355.20001220703125,339.0,355.20001220703125,445000
2023-02-03,325.8028869628906,342.3900146484375,342.5599975585937,335.6300048828125,341.0899963378906,242300
2023-02-06,329.0382385253906,345.7900085449219,346.20001220703125,341.07000732421875,342.3999938964844,244100
2023-02-07,337.9257507324219,355.1300048828125,356.1700134277344,342.1300048828125,344.1199951171875,310800
2023-02-08,339.79071044921875,357.0899963378906,362.010009765625,349.79998779296875,353.4200134277344,406500
2023-02-09,360.1254577636719,378.4599914550781,395.0,372.739990234375,384.7999877929688,729300
2023-02-10,361.0960693359375,379.4800109863281,379.7099914550781,371.3200073242188,379.1700134277344,311400
2023-02-13,363.4939575195313,382.0,386.1199951171875,381.0,381.0,195500
2023-02-14,361.267333984375,379.6600036621094,383.7699890136719,379.239990234375,382.4500122070313,201000
2023-02-15,365.8443298339844,384.4700012207031,384.5899963378906,376.7300109863281,379.0,248900
2023-02-16,361.9334411621094,380.3599853515625,385.5499877929688,379.6499938964844,382.7000122070313,241700
2023-02-17,368.013916015625,386.75,388.0700073242188,380.1199951171875,380.1199951171875,307300
2023-02-21,363.237060546875,381.7300109863281,386.4800109863281,380.3500061035156,386.0,260700
2023-02-22,361.3815307617188,379.7799987792969,384.3599853515625,378.3900146484375,380.9299926757813,207100
2023-02-23,362.3140869140625,380.760009765625,384.739990234375,380.0299987792969,380.0299987792969,259600
2023-02-24,367.4620056152344,386.1700134277344,386.7900085449219,378.010009765625,379.80999755859375,239800
2023-02-27,362.6566162109375,381.1199951171875,387.6600036621094,379.8900146484375,387.010009765625,199300
2023-02-28,365.3685607910156,383.9700012207031,386.2000122070313,382.010009765625,382.30999755859375,274200
2023-03-01,371.9057312011719,390.8399963378906,393.3999938964844,383.2699890136719,383.2699890136719,343800
2023-03-02,364.8071594238281,383.3800048828125,391.30999755859375,381.7900085449219,389.25,331800
2023-03-03,364.22662353515625,382.7699890136719,383.6000061035156,380.2099914550781,382.80999755859375,196000
2023-03-06,362.8564758300781,381.3299865722656,384.9200134277344,380.0199890136719,382.4299926757813,337200
2023-03-07,364.6549072265625,383.2200012207031,386.2999877929688,379.7999877929688,382.239990234375,168500
2023-03-08,363.5986328125,382.1099853515625,384.75,378.2000122070313,384.75,239500
2023-03-09,350.3244934082031,368.1600036621094,380.5199890136719,367.30999755859375,379.760009765625,354500
2023-03-10,339.6099853515625,356.8999938964844,367.1400146484375,354.6700134277344,366.6099853515625,566100
2023-03-13,329.37127685546875,346.1400146484375,351.57000732421875,339.1400146484375,349.239990234375,565100
2023-03-14,341.2942810058594,358.6700134277344,362.510009765625,350.8999938964844,352.5,439400
2023-03-15,323.47528076171875,338.3800048828125,349.25,331.6300048828125,347.92999267578125,520600
2023-03-16,338.6462097167969,354.25,359.0,336.2900085449219,336.82000732421875,371800
2023-03-17,319.4507141113281,334.1700134277344,352.1099853515625,332.3500061035156,352.1099853515625,779700
2023-03-20,332.5472717285156,347.8699951171875,351.0599975585937,336.2699890136719,337.8399963378906,373300
2023-03-21,338.1682434082031,353.75,359.3299865722656,352.1600036621094,355.3099975585937,198200
2023-03-22,330.6353454589844,345.8699951171875,354.1600036621094,345.7699890136719,353.17999267578125,329000
2023-03-23,326.73504638671875,341.7900085449219,347.32000732421875,338.8599853515625,345.989990234375,198100
2023-03-24,329.64117431640625,344.8299865722656,345.0299987792969,334.7099914550781,338.2799987792969,306600
2023-03-27,334.3254089355469,349.7300109863281,354.1400146484375,347.010009765625,349.7900085449219,252500
2023-03-28,338.29254150390625,353.8800048828125,355.4800109863281,348.9200134277344,348.9200134277344,212200
2023-03-29,343.2061462402344,359.0199890136719,360.3800048828125,355.54998779296875,357.8800048828125,196200
2023-03-30,340.4242858886719,356.1099853515625,360.3599853515625,352.9800109863281,359.9200134277344,233400
2023-03-31,342.25018310546875,358.0199890136719,359.69000244140625,353.95001220703125,357.3900146484375,251300
2023-04-03,346.0070495605469,361.9500122070313,363.3699951171875,357.3099975585937,357.3099975585937,166900
2023-04-04,342.76641845703125,358.5599975585937,364.1000061035156,352.6400146484375,364.1000061035156,148400
2023-04-05,347.01080322265625,363.0,363.7799987792969,356.739990234375,356.739990234375,269400
2023-04-06,346.1505126953125,362.1000061035156,366.989990234375,361.8200073242188,363.9400024414063,252200
2023-04-10,348.6837463378906,364.75,366.5899963378906,363.6099853515625,363.7999877929688,183300
2023-04-11,347.27850341796875,363.2799987792969,365.3200073242188,362.5899963378906,365.1300048828125,160100
2023-04-12,349.4963073730469,365.6000061035156,366.3200073242188,362.1000061035156,363.7699890136719,196600
2023-04-13,346.7431640625,362.7200012207031,365.1900024414063,360.739990234375,363.5,268500
2023-04-14,343.3877258300781,359.2099914550781,364.3699951171875,355.6499938964844,363.55999755859375,246800
2023-04-17,347.7755126953125,363.7999877929688,363.8200073242188,357.1499938964844,358.54998779296875,232200
2023-04-18,353.3678894042969,369.6499938964844,370.2200012207031,363.8699951171875,364.9500122070313,226600
2023-04-19,357.8513488769531,374.3399963378906,374.4599914550781,369.239990234375,370.7099914550781,270700
2023-04-20,359.05584716796875,375.6000061035156,377.4700012207031,373.1499938964844,374.2799987792969,307000
2023-04-21,354.295166015625,370.6199951171875,374.1900024414063,367.2900085449219,372.7300109863281,340300
2023-04-24,354.9356384277344,371.2900085449219,374.8699951171875,370.0199890136719,371.1199951171875,188000
2023-04-25,353.7024841308594,370.0,371.9400024414063,368.5400085449219,369.5400085449219,181100
2023-04-26,352.68914794921875,368.9400024414063,371.8999938964844,367.2000122070313,367.6199951171875,240400
2023-04-27,357.40203857421875,373.8699951171875,373.9200134277344,366.1400146484375,369.0299987792969,247400
2023-04-28,361.3501281738281,378.0,379.6799926757813,370.1799926757813,371.4299926757813,249600
2023-05-01,363.5870056152344,380.3399963378906,382.0499877929688,376.260009765625,376.8800048828125,365800
2023-05-02,365.1739196777344,382.0,388.4800109863281,362.0,362.0,527800
2023-05-03,359.4765014648437,376.0400085449219,383.2099914550781,374.7699890136719,381.0700073242188,350300
2023-05-04,355.1842041015625,371.5499877929688,376.3299865722656,367.0299987792969,376.0299987792969,335200
2023-05-05,358.8646240234375,375.3999938964844,382.25,374.5299987792969,374.5299987792969,378800
2023-05-08,366.3401489257813,383.2200012207031,383.8900146484375,377.55999755859375,377.55999755859375,288000
2023-05-09,366.0055541992188,382.8699951171875,384.3599853515625,380.1799926757813,383.6499938964844,399300
2023-05-10,368.9786682128906,385.9800109863281,387.3800048828125,379.30999755859375,384.9500122070313,269100
2023-05-11,370.0492858886719,387.1000061035156,387.5,382.5,385.2699890136719,141200
2023-05-12,368.883056640625,385.8800048828125,390.760009765625,383.0499877929688,390.30999755859375,187800
2023-05-15,366.3688354492188,383.25,387.9299926757813,379.0700073242188,387.9299926757813,141600
2023-05-16,361.73248291015625,378.3999938964844,383.5400085449219,377.3800048828125,382.2799987792969,118800
2023-05-17,352.7465209960937,369.0,373.9299926757813,366.1600036621094,367.0,2127700
2023-05-18,360.8721618652344,377.5,378.489990234375,367.3200073242188,369.989990234375,1568300
2023-05-19,359.88751220703125,376.4700012207031,381.9299926757813,375.9400024414063,379.9100036621094,723300
2023-05-22,345.5673828125,361.489990234375,375.2699890136719,357.2699890136719,375.1099853515625,722900
2023-05-23,348.93231201171875,365.010009765625,377.489990234375,360.80999755859375,367.0199890136719,862000
2023-05-24,345.5099792480469,361.4299926757813,364.05999755859375,355.5199890136719,363.6900024414063,450200
2023-05-25,344.0951232910156,359.95001220703125,363.4800109863281,356.17999267578125,361.010009765625,340900
2023-05-26,334.64080810546875,350.0599975585937,360.0,349.7799987792969,360.0,344800
2023-05-30,337.5222473144531,351.4100036621094,353.5299987792969,346.25,348.3900146484375,375200
2023-05-31,326.58233642578125,340.0199890136719,353.70001220703125,336.010009765625,350.0,885000
2023-06-01,326.0156555175781,339.42999267578125,340.94000244140625,332.57000732421875,340.1099853515625,422500
2023-06-02,329.5694580078125,343.1300048828125,345.20001220703125,339.0400085449219,339.8800048828125,442000
2023-06-05,328.9931335449219,342.5299987792969,346.5799865722656,340.3299865722656,345.8599853515625,602800
2023-06-06,335.697265625,349.510009765625,349.6700134277344,342.0899963378906,344.19000244140625,365400
2023-06-07,335.15948486328125,348.95001220703125,350.07000732421875,346.3399963378906,348.7799987792969,315900
2023-06-08,328.14794921875,341.6499938964844,349.510009765625,341.6099853515625,348.1000061035156,258100
2023-06-09,330.9718017578125,344.5899963378906,346.20001220703125,340.239990234375,340.6199951171875,332100
2023-06-12,325.2952880859375,338.67999267578125,346.82000732421875,338.3900146484375,344.3699951171875,392800
2023-06-13,332.739013671875,346.42999267578125,347.3399963378906,338.42999267578125,338.42999267578125,320700
2023-06-14,327.6292724609375,341.1099853515625,347.8299865722656,340.7699890136719,345.3900146484375,247600
2023-06-15,330.6452331542969,344.25,345.5,340.32000732421875,341.5899963378906,242500
2023-06-16,338.425048828125,352.3500061035156,352.8399963378906,345.1099853515625,346.32000732421875,587700
2023-06-20,338.7996520996094,352.739990234375,355.0,347.04998779296875,354.4200134277344,342800
2023-06-21,337.9448547363281,351.8500061035156,355.6600036621094,351.67999267578125,355.0199890136719,281400
2023-06-22,339.4623718261719,353.42999267578125,354.6000061035156,350.2799987792969,353.6199951171875,245400
2023-06-23,331.9994506835937,345.6600036621094,353.29998779296875,343.67999267578125,351.8900146484375,518100
2023-06-26,326.53436279296875,339.9700012207031,347.70001220703125,338.4700012207031,346.8999938964844,532500
2023-06-27,324.5461120605469,337.8999938964844,342.5,335.42999267578125,340.3900146484375,315700
2023-06-28,319.71490478515625,332.8699951171875,337.19000244140625,331.0799865722656,337.19000244140625,469300
2023-06-29,326.236572265625,339.6600036621094,341.0,332.9200134277344,334.29998779296875,475600
2023-06-30,328.3495788574219,341.8599853515625,344.0799865722656,339.0599975585937,341.04998779296875,549200
2023-07-03,328.3592529296875,341.8699951171875,343.20001220703125,335.1499938964844,340.69000244140625,150200
2023-07-05,326.2077941894531,339.6300048828125,340.94000244140625,333.6499938964844,340.94000244140625,284900
2023-07-06,327.7925720214844,341.2799987792969,342.7300109863281,338.94000244140625,338.94000244140625,349700
2023-07-07,337.3973388671875,351.2799987792969,355.260009765625,344.17999267578125,346.8299865722656,406900
2023-07-10,333.3441467285156,347.0599975585937,351.8999938964844,344.5799865722656,349.7900085449219,151500
2023-07-11,337.9160461425781,351.82000732421875,352.3599853515625,346.1400146484375,348.79998779296875,177500
2023-07-12,338.70361328125,352.6400146484375,354.739990234375,348.739990234375,353.5299987792969,239800
2023-07-13,339.7601013183594,353.739990234375,354.3500061035156,351.2900085449219,351.9800109863281,240100
2023-07-14,338.7228088378906,352.6600036621094,353.6499938964844,348.75,353.4800109863281,211800
2023-07-17,344.8314819335937,359.0199890136719,361.9100036621094,352.9100036621094,352.9100036621094,227000
2023-07-18,343.8902282714844,358.0400085449219,361.5400085449219,356.3900146484375,357.6000061035156,171000
2023-07-19,343.1122436523437,357.2300109863281,361.8999938964844,356.1400146484375,356.1400146484375,204200
2023-07-20,350.6328125,365.05999755859375,366.489990234375,359.7200012207031,359.7200012207031,270300
2023-07-21,352.4576416015625,366.9599914550781,374.2200012207031,362.9100036621094,367.6300048828125,290000
2023-07-24,355.483154296875,370.1099853515625,373.3299865722656,365.5400085449219,366.3699951171875,276500
2023-07-25,352.0831298828125,366.5700073242188,370.7900085449219,366.2000122070313,369.9700012207031,243800
2023-07-26,350.3350524902344,364.75,374.25,363.0400085449219,367.5400085449219,355400
2023-07-27,343.6981201171875,357.8399963378906,385.0,352.69000244140625,380.8999938964844,580900
2023-07-28,344.95635986328125,359.1499938964844,364.6600036621094,354.32000732421875,361.260009765625,371600
2023-07-31,346.2626037597656,360.510009765625,363.7699890136719,358.4100036621094,359.3900146484375,323500
2023-08-01,345.033203125,359.2300109863281,363.739990234375,357.5799865722656,361.2200012207031,257900
2023-08-02,345.3404846191406,359.54998779296875,361.5299987792969,357.989990234375,360.739990234375,218000
2023-08-03,347.9818725585937,362.2999877929688,365.0400085449219,357.7900085449219,359.0,216100
2023-08-04,341.25848388671875,355.29998779296875,362.7000122070313,354.5400085449219,360.80999755859375,206400
2023-08-07,344.495361328125,358.6700134277344,362.6499938964844,355.29998779296875,358.1600036621094,148100
2023-08-08,332.3836975097656,346.0599975585937,358.04998779296875,345.8299865722656,355.8099975585937,323800
2023-08-09,344.8122863769531,359.0,360.8399963378906,347.6700134277344,348.2900085449219,287300
2023-08-10,344.4281005859375,358.6000061035156,366.4299926757813,357.6099853515625,362.6300048828125,203900
2023-08-11,341.9500427246094,356.0199890136719,359.8800048828125,353.45001220703125,356.7300109863281,189000
2023-08-14,341.7003479003906,355.760009765625,358.2200012207031,353.8699951171875,356.989990234375,168300
2023-08-15,340.8551025390625,354.8800048828125,358.1099853515625,350.5899963378906,353.8399963378906,200900
2023-08-16,340.8839416503906,354.9100036621094,358.5299987792969,352.5299987792969,354.8099975585937,146000
2023-08-17,333.4690246582031,347.19000244140625,360.1700134277344,345.6400146484375,358.29998779296875,144100
2023-08-18,334.63116455078125,348.3999938964844,352.19000244140625,345.8399963378906,345.8399963378906,164300
2023-08-21,334.82330322265625,348.6000061035156,351.07000732421875,343.3599853515625,348.04998779296875,133100
2023-08-22,333.0943603515625,346.79998779296875,348.9200134277344,344.95001220703125,347.04998779296875,132400
2023-08-23,338.6747741699219,352.6099853515625,353.6600036621094,346.8399963378906,347.760009765625,167000
2023-08-24,343.9286499023437,358.0799865722656,359.239990234375,350.9100036621094,352.510009765625,231500
2023-08-25,338.93414306640625,352.8800048828125,359.0,352.3399963378906,358.3500061035156,182000
2023-08-28,337.84881591796875,351.75,354.8699951171875,349.1300048828125,354.8699951171875,171900
2023-08-29,345.6286926269531,359.8500061035156,360.3299865722656,351.25,352.07000732421875,198300
2023-08-30,348.3660888671875,362.7000122070313,368.9200134277344,359.1099853515625,359.1099853515625,275300
2023-08-31,346.4258728027344,360.6799926757813,364.2799987792969,360.0199890136719,362.7999877929688,245100
2023-09-01,350.383056640625,364.7999877929688,367.9200134277344,362.30999755859375,363.3500061035156,190800
2023-09-05,347.3671264648437,361.6600036621094,367.7799987792969,361.4400024414063,364.3299865722656,280600
2023-09-06,351.8334045410156,366.30999755859375,366.8699951171875,360.8299865722656,360.8299865722656,255500
2023-09-07,352.7074584960937,367.2200012207031,373.0,364.7699890136719,367.9700012207031,363800
2023-09-08,356.0498962402344,370.7000122070313,371.8200073242188,366.4800109863281,370.5,256400
2023-09-11,362.9173278808594,377.8500061035156,379.7699890136719,372.7900085449219,372.7900085449219,303500
2023-09-12,361.41900634765625,376.2900085449219,380.80999755859375,373.8999938964844,378.6099853515625,282500
2023-09-13,360.3336486816406,375.1600036621094,379.6900024414063,371.7300109863281,378.0,235300
2023-09-14,365.1456909179688,380.1700134277344,380.6400146484375,376.6700134277344,379.0700073242188,239500
2023-09-15,364.22357177734375,379.2099914550781,381.8999938964844,377.9599914550781,377.9599914550781,396800
2023-09-18,370.8912353515625,384.3699951171875,385.0199890136719,374.6700134277344,377.4400024414063,335100
2023-09-19,375.0018615722656,388.6300048828125,389.4700012207031,383.5,385.2799987792969,444300
2023-09-20,378.2440185546875,391.989990234375,393.1499938964844,388.1199951171875,390.1700134277344,388400
2023-09-21,378.7071838378906,392.4700012207031,394.739990234375,390.8200073242188,391.7200012207031,453100
2023-09-22,378.0606689453125,391.7999877929688,394.6900024414063,391.2900085449219,392.2000122070313,404600
2023-09-25,375.0597229003906,388.6900024414063,393.2799987792969,386.2200012207031,390.1300048828125,269400
2023-09-26,372.5316162109375,386.0700073242188,390.1400146484375,383.80999755859375,386.6799926757813,345400
2023-09-27,368.3341674804688,381.7200012207031,386.7300109863281,376.239990234375,386.7300109863281,649900
2023-09-28,368.1122131347656,381.489990234375,386.1600036621094,379.510009765625,383.1799926757813,320800
2023-09-29,358.6365966796875,371.6700134277344,380.6799926757813,370.6799926757813,380.6799926757813,339700
2023-10-02,362.4480895996094,375.6199951171875,375.6900024414063,369.1900024414063,372.05999755859375,221800
2023-10-03,359.13836669921875,372.1900024414063,376.6499938964844,368.6000061035156,375.55999755859375,207700
2023-10-04,371.7789916992188,385.2900085449219,386.4400024414063,373.1799926757813,373.1799926757813,338400
2023-10-05,373.5061950683594,387.0799865722656,388.9299926757813,383.4700012207031,383.4700012207031,304100
2023-10-06,378.0414123535156,391.7799987792969,394.4100036621094,385.5299987792969,390.260009765625,319000
2023-10-09,376.4010009765625,390.0799865722656,391.8399963378906,385.6900024414063,389.9299926757813,241200
2023-10-10,371.7983093261719,385.30999755859375,391.3999938964844,384.2300109863281,391.3999938964844,198600
2023-10-11,378.7361450195313,392.5,393.2200012207031,387.9800109863281,388.239990234375,237500
2023-10-12,380.0677490234375,393.8800048828125,398.7200012207031,390.8500061035156,396.5799865722656,196400
2023-10-13,384.4099731445313,398.3800048828125,399.9200134277344,394.4400024414063,396.75,237800
2023-10-16,391.0679931640625,405.2799987792969,406.0299987792969,400.0,400.0,256800
2023-10-17,393.7312316894531,408.0400085449219,410.30999755859375,406.6900024414063,406.6900024414063,261100
2023-10-18,392.00396728515625,406.25,410.739990234375,405.3599853515625,407.7099914550781,290600
2023-10-19,387.75830078125,401.8500061035156,408.2799987792969,401.6199951171875,405.5,350200
2023-10-20,382.1326904296875,396.0199890136719,402.9700012207031,394.5700073242188,401.9800109863281,389100
2023-10-23,375.3878479003906,389.0299987792969,397.1900024414063,388.5199890136719,395.4299926757813,349600
2023-10-24,383.1748352050781,397.1000061035156,397.9299926757813,387.5700073242188,387.9500122070313,481000
2023-10-25,382.77923583984375,396.6900024414063,406.1199951171875,394.6300048828125,397.3200073242188,541900
2023-10-26,369.7815551757813,383.2200012207031,404.55999755859375,381.1300048828125,400.0,673000
2023-10-27,372.0587768554688,385.5799865722656,390.55999755859375,378.5899963378906,383.1499938964844,648800
2023-10-30,378.8712463378906,392.6400146484375,393.239990234375,386.4700012207031,388.5899963378906,323400
2023-10-31,381.7467346191406,395.6199951171875,397.9100036621094,393.1900024414063,394.2900085449219,420600
2023-11-01,388.27935791015625,402.3900146484375,403.5199890136719,395.6300048828125,398.0,392800
2023-11-02,368.6429138183594,382.0400085449219,400.3200073242188,379.5700073242188,400.0899963378906,825000
2023-11-03,371.8948059082031,385.4100036621094,389.1099853515625,378.760009765625,381.9400024414063,351000
2023-11-06,369.3473205566406,382.7699890136719,388.739990234375,379.6199951171875,386.2699890136719,477900
2023-11-07,370.5245666503906,383.989990234375,386.1199951171875,382.0,382.7699890136719,247600
2023-11-08,367.8999328613281,381.2699890136719,386.6199951171875,379.8200073242188,384.9200134277344,270500
2023-11-09,366.8385620117188,380.1700134277344,386.5499877929688,376.4400024414063,383.2799987792969,420000
2023-11-10,371.1903381347656,384.6799926757813,385.6900024414063,378.6199951171875,380.4700012207031,274900
2023-11-13,372.3193359375,385.8500061035156,386.5,381.7999877929688,385.7099914550781,368300
2023-11-14,379.37298583984375,393.1600036621094,401.4599914550781,387.5799865722656,387.5799865722656,662900
2023-11-15,376.3431091308594,390.0199890136719,398.010009765625,387.7200012207031,395.2799987792969,401800
2023-11-16,385.3073120117188,399.30999755859375,399.6900024414063,392.6900024414063,392.9700012207031,444000
2023-11-17,382.4028625488281,396.2999877929688,403.2300109863281,396.0,399.5199890136719,334600
2023-11-20,385.6837158203125,399.7000122070313,401.9200134277344,393.9599914550781,394.6600036621094,368300
2023-11-21,392.7180480957031,406.989990234375,416.7799987792969,404.3500061035156,404.3500061035156,413200
2023-11-22,393.7023010253906,408.010009765625,408.4500122070313,403.4200134277344,405.2999877929688,325600
2023-11-24,399.7234802246094,414.25,417.9200134277344,410.6700134277344,410.6700134277344,143700
2023-11-27,400.051513671875,414.5899963378906,416.0499877929688,412.25,414.5700073242188,256100
2023-11-28,393.6656494140625,406.25,417.0400085449219,406.1499938964844,417.0400085449219,412400
2023-11-29,389.8767700195313,402.3399963378906,405.8699951171875,398.3800048828125,405.5299987792969,332100
2023-11-30,397.83245849609375,410.5499877929688,412.4700012207031,402.3299865722656,402.3299865722656,1225300
2023-12-01,395.0028991699219,407.6300048828125,413.1799926757813,406.9200134277344,409.2300109863281,288300
2023-12-04,386.6983947753906,399.05999755859375,408.7099914550781,398.1199951171875,405.6799926757813,517400
2023-12-05,384.8862609863281,397.1900024414063,399.239990234375,394.2999877929688,397.989990234375,333500
2023-12-06,378.2775573730469,390.3699951171875,400.4500122070313,385.510009765625,397.2000122070313,452000
2023-12-07,371.4847106933594,383.3599853515625,392.9599914550781,380.8399963378906,390.510009765625,332200
2023-12-08,372.8606872558594,384.7799987792969,386.6300048828125,382.25,384.1900024414063,292500
2023-12-11,378.62640380859375,390.7300109863281,395.4500122070313,385.3200073242188,386.55999755859375,259700
2023-12-12,383.8591613769531,396.1300048828125,400.1000061035156,390.260009765625,391.0,300200
2023-12-13,374.8471984863281,386.8299865722656,399.3800048828125,386.5899963378906,396.2699890136719,338600
2023-12-14,349.60418701171875,360.7799987792969,385.5499877929688,360.30999755859375,384.3299865722656,1173000
2023-12-15,345.0497436523437,356.0799865722656,363.7200012207031,353.2799987792969,358.3800048828125,935500
2023-12-18,352.5306091308594,363.7999877929688,368.6900024414063,357.3800048828125,360.010009765625,697100
2023-12-19,353.68377685546875,364.989990234375,369.0,362.760009765625,363.6099853515625,483100
2023-12-20,345.73779296875,356.7900085449219,366.989990234375,356.760009765625,364.0400085449219,388700
2023-12-21,346.5517578125,357.6300048828125,358.9800109863281,352.7699890136719,356.3599853515625,395500
2023-12-22,342.68536376953125,353.6400146484375,360.2999877929688,353.45001220703125,358.0,277100
2023-12-26,340.3984375,351.2799987792969,355.8800048828125,349.69000244140625,354.94000244140625,355900
2023-12-27,339.8266906738281,350.69000244140625,352.57000732421875,348.6099853515625,350.0,377300
2023-12-28,341.6872253417969,352.6099853515625,354.2200012207031,350.0,350.0,214400
2023-12-29,342.6271667480469,353.5799865722656,354.4599914550781,351.04998779296875,352.4599914550781,210500
2024-01-02,350.447265625,361.6499938964844,362.2300109863281,355.0,355.010009765625,409400
2024-01-03,352.6759948730469,363.9500122070313,368.8599853515625,361.2900085449219,362.7799987792969,605600
2024-01-04,356.30010986328125,367.6900024414063,370.3699951171875,364.0799865722656,366.3800048828125,541800
2024-01-05,359.9048767089844,371.4100036621094,371.5299987792969,365.2000122070313,370.8299865722656,529900
2024-01-08,360.9611206054688,372.5,375.0,364.6499938964844,371.8699951171875,437300
2024-01-09,357.0946960449219,368.510009765625,372.25,362.6400146484375,372.25,343100
2024-01-10,359.0231018066406,370.5,370.5799865722656,364.6799926757813,365.3800048828125,415800
2024-01-11,362.7732238769531,374.3699951171875,375.0799865722656,369.6400146484375,370.9599914550781,316100
2024-01-12,358.9552001953125,370.4299926757813,378.0,370.3900146484375,375.3299865722656,346900
2024-01-16,357.7924499511719,369.2300109863281,373.0899963378906,367.6499938964844,371.010009765625,316400
2024-01-17,353.8872985839844,365.2000122070313,372.7799987792969,364.3599853515625,368.4200134277344,294400
2024-01-18,357.49200439453125,368.9200134277344,369.4500122070313,361.3800048828125,363.0400085449219,261000
2024-01-19,362.2596130371094,373.8399963378906,377.4100036621094,371.2099914550781,372.55999755859375,340800
2024-01-22,363.093017578125,374.7000122070313,377.2200012207031,371.4299926757813,373.2699890136719,271300
2024-01-23,363.37396240234375,374.989990234375,376.4200134277344,371.7900085449219,374.30999755859375,252700
2024-01-24,363.3934020996094,375.010009765625,378.2300109863281,374.0,374.0,331100
2024-01-25,364.8953552246094,376.55999755859375,378.1799926757813,369.5,376.1199951171875,274600
2024-01-26,367.9865417480469,379.75,379.9299926757813,375.9100036621094,376.8399963378906,254900
2024-01-29,365.81591796875,377.510009765625,379.6400146484375,375.8200073242188,378.739990234375,337800
2024-01-30,367.9671936035156,379.7300109863281,380.0,377.1499938964844,377.6499938964844,288300
2024-01-31,373.0448303222656,384.9700012207031,388.5,382.1099853515625,382.80999755859375,344500
2024-02-01,366.6880798339844,378.4100036621094,382.1700134277344,375.8800048828125,382.1499938964844,368100
2024-02-02,369.5273132324219,381.3399963378906,383.6000061035156,379.8900146484375,381.239990234375,392400
2024-02-05,369.9827270507813,381.80999755859375,384.2900085449219,378.760009765625,380.7799987792969,250800
2024-02-06,368.83929443359375,380.6300048828125,384.3699951171875,380.0199890136719,382.8999938964844,294000
2024-02-07,372.0466918945313,383.9400024414063,386.2799987792969,380.4700012207031,382.0700073242188,429600
2024-02-08,343.5768127441406,354.5599975585937,365.010009765625,343.760009765625,359.8599853515625,1386200
2024-02-09,342.8016357421875,353.760009765625,355.19000244140625,348.3599853515625,351.739990234375,691500
2024-02-12,349.74951171875,360.9299926757813,364.2799987792969,354.1300048828125,354.57000732421875,413700
2024-02-13,356.7555236816406,368.1600036621094,372.8200073242188,362.0199890136719,365.0,704900
2024-02-14,359.54638671875,371.0400085449219,373.5199890136719,366.0400085449219,367.7000122070313,444300
2024-02-15,362.7828979492188,374.3800048828125,376.3999938964844,369.6900024414063,372.4299926757813,453300
2024-02-16,356.4745178222656,367.8699951171875,379.0,367.489990234375,378.4700012207031,392000
2024-02-20,356.7071228027344,368.1099853515625,372.9599914550781,365.9299926757813,365.9299926757813,388300
2024-02-21,350.6894836425781,361.8999938964844,369.510009765625,359.9599914550781,367.0,456700
2024-02-22,358.9746398925781,370.4500122070313,372.1300048828125,361.260009765625,363.989990234375,507000
2024-02-23,359.39129638671875,370.8800048828125,372.2200012207031,368.7200012207031,370.4500122070313,225500
2024-02-26,355.6315002441406,367.0,373.7000122070313,366.4100036621094,370.8800048828125,265900
2024-02-27,356.3194580078125,367.7099914550781,367.7799987792969,363.5799865722656,365.7999877929688,227900
2024-02-28,358.8777160644531,370.3500061035156,371.6400146484375,367.3999938964844,368.5799865722656,259300
2024-02-29,357.4532775878906,368.8800048828125,369.8599853515625,364.2200012207031,369.8599853515625,496900
2024-03-01,358.4610595703125,369.9200134277344,370.0199890136719,367.0799865722656,368.5,455300
2024-03-04,356.1159973144531,367.5,371.9100036621094,365.489990234375,369.5799865722656,390300
2024-03-05,355.5636291503906,366.9299926757813,371.9599914550781,365.7999877929688,368.1199951171875,364300
2024-03-06,358.7129211425781,370.1799926757813,371.55999755859375,365.7900085449219,368.7099914550781,286000
2024-03-07,356.1159973144531,367.5,372.4200134277344,364.5499877929688,369.510009765625,446900
2024-03-08,356.3098449707031,367.7000122070313,369.8500061035156,363.3399963378906,365.510009765625,332600
2024-03-11,367.9090270996094,379.6700134277344,381.3599853515625,365.5899963378906,367.3399963378906,382500
2024-03-12,371.6882019042969,383.5700073242188,383.8900146484375,378.3399963378906,379.0400085449219,340900
2024-03-13,374.0816955566406,386.0400085449219,388.1900024414063,383.8699951171875,385.0,303000
2024-03-14,376.2813720703125,388.30999755859375,388.5,384.7900085449219,384.7900085449219,247900
2024-03-15,380.7001037597656,392.8699951171875,393.2999877929688,386.5899963378906,386.5899963378906,844900
2024-03-18,377.7702941894531,388.1099853515625,392.1400146484375,388.05999755859375,389.5299987792969,384200
2024-03-19,377.0791931152344,387.3999938964844,393.1499938964844,387.3800048828125,391.1799926757813,246300
2024-03-20,380.310791015625,390.7200012207031,390.9299926757813,386.510009765625,386.510009765625,349600
2024-03-21,374.1883239746094,384.4299926757813,390.5400085449219,382.5899963378906,390.5400085449219,479900
2024-03-22,373.935302734375,384.1700134277344,385.5299987792969,382.739990234375,384.8299865722656,271800
2024-03-25,381.4592895507813,391.8999938964844,392.3999938964844,383.6000061035156,384.5799865722656,253200
2024-03-26,377.9649963378906,388.30999755859375,393.4700012207031,386.9400024414063,391.0,279600
2024-03-27,385.2456970214844,395.7900085449219,396.2200012207031,390.1900024414063,391.5199890136719,245600
2024-03-28,386.91015625,397.5,399.8800048828125,396.2999877929688,396.5700073242188,241500
2024-04-01,387.435791015625,398.0400085449219,399.4599914550781,395.30999755859375,395.9500122070313,191400
2024-04-02,381.43011474609375,391.8699951171875,400.75,391.7999877929688,399.5700073242188,305500
2024-04-03,377.2933654785156,387.6199951171875,391.8800048828125,384.760009765625,390.9500122070313,374500
2024-04-04,369.3507080078125,379.4599914550781,391.6900024414063,379.3999938964844,390.4800109863281,289900
2024-04-05,369.7400817871094,379.8599853515625,384.5899963378906,378.260009765625,382.0400085449219,251900
2024-04-08,370.956787109375,381.1099853515625,384.0799865722656,379.2099914550781,381.2699890136719,220200
2024-04-09,361.602783203125,371.5,380.7799987792969,369.739990234375,380.6600036621094,307600
2024-04-10,361.7391052246094,371.6400146484375,376.1400146484375,369.1900024414063,372.7999877929688,289200
2024-04-11,356.39532470703125,366.1499938964844,371.7300109863281,362.6199951171875,368.3500061035156,343000
2024-04-12,352.17095947265625,361.80999755859375,368.0,361.1099853515625,364.489990234375,243700
2024-04-15,349.95172119140625,359.5299987792969,368.1400146484375,359.1000061035156,364.6499938964844,207000
2024-04-16,350.33135986328125,359.9200134277344,361.8500061035156,356.5299987792969,359.9200134277344,302900
2024-04-17,347.6254272460937,357.1400146484375,358.7900085449219,354.0799865722656,356.8699951171875,446700
2024-04-18,350.61358642578125,360.2099914550781,362.1600036621094,355.2200012207031,359.70001220703125,399200
2024-04-19,360.3958435058594,370.260009765625,370.5400085449219,360.0,361.8800048828125,425200
2024-04-22,362.9071044921875,372.8399963378906,376.0,369.3500061035156,371.2999877929688,233600
2024-04-23,358.84820556640625,368.6700134277344,374.5700073242188,367.8900146484375,373.8699951171875,285000
2024-04-24,355.9962158203125,365.739990234375,367.2799987792969,362.1799926757813,366.3200073242188,336000
2024-04-25,356.0157470703125,365.760009765625,370.2999877929688,362.4500122070313,367.25,330800
2024-04-26,354.98394775390625,364.7000122070313,366.3699951171875,361.4400024414063,363.8500061035156,294100
2024-04-29,359.2764587402344,369.1099853515625,369.489990234375,364.9599914550781,365.0,424700
2024-04-30,356.6484680175781,366.4100036621094,367.6199951171875,351.5199890136719,360.0,563300
2024-05-01,360.0454406738281,369.8999938964844,375.1799926757813,366.6300048828125,366.6300048828125,567000
2024-05-02,362.1575927734375,372.0700073242188,373.4200134277344,366.2999877929688,372.0799865722656,531400
2024-05-03,359.8020935058594,369.6499938964844,371.1099853515625,363.4700012207031,371.05999755859375,194900
2024-05-06,368.9030151367188,379.0,379.1099853515625,370.239990234375,370.9700012207031,290900
2024-05-07,368.5526123046875,378.6400146484375,381.3399963378906,376.6000061035156,381.1600036621094,319800
2024-05-08,370.8205261230469,380.9700012207031,383.5700073242188,377.3599853515625,380.739990234375,196100
2024-05-09,370.3922424316406,380.5299987792969,382.8800048828125,379.4500122070313,380.489990234375,140400
2024-05-10,372.7283020019531,382.9299926757813,385.55999755859375,380.9700012207031,381.4100036621094,145200
2024-05-13,371.0249633789063,381.1799926757813,384.9100036621094,380.760009765625,382.4100036621094,191900
2024-05-14,368.66943359375,378.760009765625,380.510009765625,374.5799865722656,380.510009765625,219400
2024-05-15,365.1166076660156,375.1099853515625,380.9500122070313,374.6499938964844,378.55999755859375,201300
2024-05-16,377.926025390625,388.2699890136719,389.1499938964844,377.8399963378906,380.5400085449219,353000
2024-05-17,382.4521789550781,392.9200134277344,393.9100036621094,388.0899963378906,391.2699890136719,261200
2024-05-20,379.4153137207031,389.7999877929688,394.0400085449219,389.1000061035156,394.0400085449219,227200
2024-05-21,383.65911865234375,394.1600036621094,394.5899963378906,390.489990234375,390.489990234375,296400
2024-05-22,388.8861083984375,399.5299987792969,400.7900085449219,393.9599914550781,394.5799865722656,259100
2024-05-23,377.0597534179688,387.3800048828125,399.0899963378906,385.1099853515625,398.7900085449219,317100
2024-05-24,381.342529296875,391.7799987792969,391.8500061035156,387.6499938964844,387.6499938964844,98800
2024-05-28,378.1109619140625,388.4599914550781,392.3399963378906,388.260009765625,390.760009765625,202700
2024-05-29,374.4224243164063,382.6900024414063,386.8699951171875,382.3800048828125,385.7099914550781,228300
2024-05-30,380.13623046875,388.5299987792969,389.7000122070313,381.989990234375,383.2999877929688,227000
2024-05-31,382.484375,390.9299926757813,392.0499877929688,387.2999877929688,387.8200073242188,369800
2024-06-03,378.4044799804688,386.760009765625,393.239990234375,383.760009765625,391.0,201500
2024-06-04,376.3987731933594,384.7099914550781,389.6600036621094,383.5799865722656,384.9400024414063,195000
2024-06-05,372.3482055664063,380.5700073242188,385.0499877929688,377.0799865722656,385.0499877929688,198600
2024-06-06,371.4579162597656,379.6600036621094,383.5199890136719,379.3599853515625,381.2000122070313,114600
2024-06-07,374.5398559570313,382.80999755859375,386.9800109863281,381.0799865722656,381.0799865722656,136300
2024-06-10,373.36572265625,381.6099853515625,383.1799926757813,378.3900146484375,380.6600036621094,139600
2024-06-11,370.9100036621094,379.1000061035156,379.8299865722656,376.8299865722656,379.5899963378906,156700
2024-06-12,365.6364440917969,373.7099914550781,380.6799926757813,370.3299865722656,377.75,166100
2024-06-13,366.3408203125,374.4299926757813,374.7000122070313,368.75,372.7000122070313,147800
2024-06-14,359.6192932128906,367.55999755859375,372.7699890136719,365.489990234375,372.2099914550781,203700
2024-06-17,368.2585754394531,376.3900146484375,379.1499938964844,366.3900146484375,368.8599853515625,218700
2024-06-18,369.0999450683594,377.25,381.1900024414063,372.9700012207031,376.0,218400
2024-06-20,372.0644836425781,380.2799987792969,381.6499938964844,378.0499877929688,378.2099914550781,269200
2024-06-21,369.041259765625,377.1900024414063,380.3399963378906,375.4800109863281,380.3399963378906,553300
2024-06-24,373.757080078125,382.010009765625,383.6099853515625,375.8999938964844,378.7099914550781,212200
2024-06-25,373.4146423339844,381.6600036621094,384.4400024414063,379.0799865722656,383.4500122070313,177300
2024-06-26,368.0628356933594,376.1900024414063,378.8900146484375,372.7799987792969,378.8900146484375,196600
2024-06-27,372.27972412109375,380.5,381.239990234375,375.8500061035156,375.8500061035156,157500
2024-06-28,372.7884826660156,381.0199890136719,383.489990234375,377.3500061035156,380.0299987792969,511200
2024-07-01,370.4403381347656,378.6199951171875,385.760009765625,376.9200134277344,384.8800048828125,250000
2024-07-02,361.6837158203125,369.6700134277344,372.8999938964844,367.010009765625,372.0299987792969,318000
2024-07-03,356.8895568847656,364.7699890136719,369.1499938964844,360.9299926757813,367.2200012207031,262600
2024-07-05,355.01104736328125,362.8500061035156,365.5799865722656,358.6300048828125,363.25,495200
2024-07-08,364.98089599609375,373.0400085449219,373.760009765625,370.1400146484375,370.9299926757813,274700
2024-07-09,364.7460632324219,372.7999877929688,375.8999938964844,370.0700073242188,370.4299926757813,268900
2024-07-10,369.9804992675781,378.1499938964844,378.4500122070313,372.75,372.75,231700
2024-07-11,371.6046142578125,379.80999755859375,380.1499938964844,375.3900146484375,378.989990234375,185000
2024-07-12,373.3951110839844,381.6400146484375,383.7900085449219,378.80999755859375,381.8800048828125,176100
2024-07-15,387.6993103027344,396.260009765625,399.4400024414063,385.0499877929688,386.5199890136719,488800
2024-07-16,386.07513427734375,394.6000061035156,402.010009765625,393.2999877929688,396.2300109863281,222000
2024-07-17,389.47991943359375,398.0799865722656,403.8800048828125,395.2200012207031,396.760009765625,312500
2024-07-18,391.3584289550781,400.0,406.3999938964844,398.1300048828125,398.7999877929688,224400
2024-07-19,376.99560546875,385.3200073242188,399.739990234375,383.760009765625,398.7900085449219,916800
2024-07-22,380.3221435546875,388.7200012207031,390.510009765625,384.7900085449219,390.510009765625,213500
2024-07-23,376.5455322265625,384.8599853515625,389.6099853515625,382.9299926757813,387.8900146484375,182900
2024-07-24,373.2972717285156,381.5400085449219,388.0,380.6499938964844,386.5700073242188,235800
2024-07-25,365.6755676269531,373.75,384.5199890136719,372.7799987792969,377.8800048828125,466600
2024-07-26,374.6572265625,382.9299926757813,385.3299865722656,373.1199951171875,373.7999877929688,332500
2024-07-29,375.7041320800781,384.0,385.5400085449219,380.6499938964844,382.0799865722656,378300
2024-07-30,381.026611328125,389.4400024414063,392.0199890136719,384.7099914550781,386.989990234375,385000
2024-07-31,384.3824768066406,392.8699951171875,397.4800109863281,386.4500122070313,389.25,494500
2024-08-01,360.3824157714844,368.3399963378906,388.6199951171875,365.0,385.0,841500
2024-08-02,356.2633972167969,364.1300048828125,370.2000122070313,360.1600036621094,366.2200012207031,407900
2024-08-05,348.6025695800781,356.29998779296875,361.2999877929688,350.6099853515625,360.6700134277344,610800
2024-08-06,350.8920288085937,358.6400146484375,362.7000122070313,355.510009765625,356.5,586800
2024-08-07,352.8389892578125,360.6300048828125,363.5700073242188,358.9700012207031,361.05999755859375,378200
2024-08-08,356.3319091796875,364.2000122070313,366.5299987792969,361.4800109863281,361.4800109863281,310300
2024-08-09,356.6253967285156,364.5,364.6700134277344,360.8900146484375,364.2900085449219,280700
2024-08-12,353.1129455566406,360.9100036621094,365.9700012207031,359.6000061035156,365.3999938964844,387100
2024-08-13,355.2654113769531,363.1099853515625,365.3699951171875,359.7099914550781,362.8999938964844,217700
2024-08-14,361.5565185546875,369.5400085449219,370.4299926757813,363.1099853515625,363.1099853515625,166600
2024-08-15,365.3918151855469,373.4599914550781,374.0,369.2699890136719,372.0799865722656,207500
2024-08-16,366.4485168457031,374.5400085449219,376.8200073242188,372.489990234375,374.3699951171875,196800
2024-08-19,370.5577087402344,378.739990234375,378.760009765625,374.8500061035156,374.8500061035156,150700
2024-08-20,369.0901489257813,377.239990234375,379.4400024414063,374.4400024414063,377.9500122070313,285200
2024-08-21,370.46966552734375,378.6499938964844,379.6700134277344,374.510009765625,379.2099914550781,132200
2024-08-22,373.9136657714844,382.1700134277344,382.4400024414063,376.9599914550781,377.8699951171875,179600
2024-08-23,380.2340698242188,388.6300048828125,388.7200012207031,382.3800048828125,384.5199890136719,143200
2024-08-26,381.0461730957031,389.4599914550781,397.9100036621094,388.9700012207031,395.80999755859375,372000
2024-08-27,379.7449340820313,388.1300048828125,392.8900146484375,387.8399963378906,390.510009765625,357500
2024-08-28,381.1929016113281,389.6099853515625,390.5499877929688,384.7799987792969,388.6799926757813,287800
2024-08-29,381.98541259765625,390.4200134277344,392.8399963378906,387.0,391.0499877929688,296900
2024-08-30,383.7660827636719,392.239990234375,392.5299987792969,386.6700134277344,391.9200134277344,377400
2024-09-03,384.7738342285156,393.2699890136719,395.6700134277344,390.0,391.3200073242188,373300
2024-09-04,384.0204772949219,392.5,400.0,391.9400024414063,396.260009765625,349300
2024-09-05,381.0852966308594,389.5,396.5700073242188,387.2099914550781,396.5700073242188,219200
2024-09-06,375.1072998046875,383.3900146484375,390.7200012207031,382.9200134277344,388.4599914550781,283200
2024-09-09,378.6588745117188,387.0199890136719,389.5700073242188,381.3299865722656,385.7900085449219,312600
2024-09-10,372.9254760742188,381.1600036621094,389.0400085449219,379.4800109863281,388.2200012207031,253300
2024-09-11,368.42486572265625,376.55999755859375,381.30999755859375,372.7699890136719,381.30999755859375,295200
2024-09-12,370.8610534667969,379.0499877929688,379.1600036621094,374.0,376.3699951171875,214800
2024-09-13,374.4811401367188,382.75,383.80999755859375,379.4599914550781,381.1799926757813,306200
2024-09-16,383.0182189941406,389.4299926757813,391.6799926757813,382.6499938964844,382.7000122070313,287600
2024-09-17,381.1593322753906,387.5400085449219,392.2099914550781,387.3900146484375,389.5,219600
2024-09-18,382.2609252929688,388.6600036621094,392.1799926757813,386.760009765625,388.9200134277344,358200
2024-09-19,381.9068298339844,388.2999877929688,393.30999755859375,386.6400146484375,391.739990234375,465100
2024-09-20,381.1199951171875,387.5,391.8500061035156,385.9700012207031,388.6300048828125,718000
2024-09-23,380.3331604003906,386.7000122070313,390.9100036621094,386.1199951171875,388.8699951171875,325600
2024-09-24,376.8317565917969,383.1400146484375,389.25,382.5199890136719,388.739990234375,295100
2024-09-25,376.5465393066406,382.8500061035156,385.1099853515625,379.1199951171875,384.2200012207031,381900
2024-09-26,381.1593322753906,387.5400085449219,389.1600036621094,381.2000122070313,382.9200134277344,354500
2024-09-27,388.6342468261719,395.1400146484375,395.3900146484375,388.1099853515625,388.8500061035156,460400
2024-09-30,385.3786926269531,391.8299865722656,396.05999755859375,387.8399963378906,395.6400146484375,283200
2024-10-01,389.6964416503906,396.2200012207031,396.2999877929688,389.6700134277344,390.2300109863281,318000
2024-10-02,389.87347412109375,396.3999938964844,398.3699951171875,393.55999755859375,395.2999877929688,274400
2024-10-03,387.1392211914063,393.6199951171875,397.5,391.1900024414063,395.2099914550781,267500
2024-10-04,400.3382873535156,407.0400085449219,407.2999877929688,396.1799926757813,398.1900024414063,306000
2024-10-07,366.4161071777344,372.5499877929688,401.989990234375,368.7999877929688,400.0,1130100
2024-10-08,367.5767211914063,373.7300109863281,381.0,370.5199890136719,375.3900146484375,988400
2024-10-09,382.4871215820313,388.8900146484375,391.989990234375,369.3699951171875,371.0,892900
2024-10-10,387.375244140625,393.8599853515625,402.1099853515625,391.0,400.7300109863281,460400
2024-10-11,387.4736328125,393.9599914550781,399.0899963378906,392.5700073242188,396.75,301600
2024-10-14,392.0962829589844,398.6600036621094,399.9100036621094,389.6900024414063,394.8399963378906,366600
2024-10-15,381.8478088378906,388.239990234375,401.8200073242188,387.8900146484375,398.3900146484375,333100
2024-10-16,379.7135620117188,386.0700073242188,391.4400024414063,384.0799865722656,388.1799926757813,359100
2024-10-17,379.6152038574219,385.9700012207031,389.5799865722656,382.8999938964844,389.260009765625,493000
2024-10-18,377.9038391113281,384.2300109863281,389.7799987792969,382.3699951171875,388.4400024414063,1019600
2024-10-21,380.2839965820313,386.6499938964844,389.3399963378906,383.1300048828125,386.5400085449219,238700
2024-10-22,379.0054016113281,385.3500061035156,386.3599853515625,378.6000061035156,383.510009765625,270200
2024-10-23,379.310302734375,385.6600036621094,386.2200012207031,381.0,385.8299865722656,222800
2024-10-24,380.7265930175781,387.1000061035156,389.5899963378906,384.9800109863281,389.2999877929688,227600
2024-10-25,373.35986328125,379.6099853515625,388.5,377.3599853515625,388.5,347600
2024-10-28,375.1597900390625,381.4400024414063,386.8500061035156,381.2200012207031,383.5199890136719,250600
2024-10-29,370.5567932128906,376.760009765625,383.989990234375,376.6199951171875,381.3800048828125,314700
2024-10-30,373.7434692382813,380.0,383.05999755859375,375.4100036621094,376.0,385100
2024-10-31,349.7550354003906,355.6099853515625,370.2999877929688,352.44000244140625,363.0499877929688,1032400
2024-11-01,345.1914367675781,350.9700012207031,357.1199951171875,350.1099853515625,353.67999267578125,552500
2024-11-04,342.02447509765625,347.75,352.739990234375,346.7900085449219,351.0,373100
2024-11-05,348.771484375,354.6099853515625,354.8099975585937,347.3800048828125,347.75,492600
2024-11-06,360.5641174316406,366.6000061035156,372.30999755859375,358.989990234375,372.30999755859375,414700
2024-11-07,356.0889892578125,362.0499877929688,370.0,361.2099914550781,370.0,463900
2024-11-08,362.2262878417969,368.2900085449219,370.2699890136719,366.2099914550781,370.2699890136719,408400
2024-11-11,363.3377075195313,369.4200134277344,371.5499877929688,366.0299987792969,371.5499877929688,525700
2024-11-12,362.6393432617188,368.7099914550781,370.239990234375,366.5199890136719,367.2900085449219,397900
2024-11-13,364.5769348144531,370.6799926757813,373.0899963378906,365.8900146484375,367.7000122070313,341000
2024-11-14,360.46575927734375,366.5,370.0,364.6099853515625,368.1600036621094,350200
2024-11-15,365.2162170410156,371.3299865722656,372.5199890136719,367.3599853515625,368.4800109863281,355500
2024-11-18,367.1832885742188,373.3299865722656,373.4500122070313,366.7200012207031,366.7200012207031,234400
2024-11-19,364.34088134765625,370.4400024414063,371.8299865722656,367.0,368.010009765625,320200
2024-11-20,370.6650390625,376.8699951171875,377.489990234375,370.1099853515625,371.4500122070313,418700
2024-11-21,378.8086853027344,385.1499938964844,388.2000122070313,375.8299865722656,379.5400085449219,446000
2024-11-22,382.5952758789063,389.0,390.9200134277344,386.3800048828125,386.3800048828125,519600
2024-11-25,383.67718505859375,390.1000061035156,392.7799987792969,387.1600036621094,391.6600036621094,1768600
2024-11-26,381.1199951171875,387.5,390.6099853515625,383.9299926757813,386.7200012207031,398000
2024-11-27,384.5802307128906,389.0,392.1099853515625,386.5400085449219,386.9800109863281,330900
2024-11-29,383.1565856933594,387.55999755859375,391.9800109863281,387.2900085449219,389.30999755859375,264900
2024-12-02,379.3701171875,383.7300109863281,388.1900024414063,382.7699890136719,388.1900024414063,379600
2024-12-03,380.8332824707031,385.2099914550781,388.4800109863281,381.5,384.1000061035156,579100
2024-12-04,374.4664611816406,378.7699890136719,386.0499877929688,377.8599853515625,386.0499877929688,340800
2024-12-05,370.4526062011719,374.7099914550781,380.260009765625,374.5700073242188,380.260009765625,404500
2024-12-06,367.1802062988281,371.3999938964844,374.989990234375,368.6799926757813,373.8800048828125,257800
2024-12-09,363.9869079589844,368.1700134277344,375.25,367.6400146484375,369.6799926757813,364200
2024-12-10,358.3319091796875,362.4500122070313,367.3399963378906,357.4200134277344,367.0400085449219,325200
2024-12-11,358.2330322265625,362.3500061035156,363.0499877929688,359.0199890136719,362.8800048828125,328300
2024-12-12,358.4999389648437,362.6199951171875,367.6300048828125,361.4400024414063,365.4299926757813,298400
2024-12-13,358.6877746582031,362.80999755859375,365.489990234375,361.9599914550781,365.489990234375,288900
2024-12-16,353.7050476074219,357.7699890136719,365.1000061035156,356.989990234375,365.1000061035156,348600
2024-12-17,351.0258483886719,355.0599975585937,356.1300048828125,352.4100036621094,354.6199951171875,379800
2024-12-18,344.372314453125,348.3299865722656,359.44000244140625,348.1199951171875,355.239990234375,505100
2024-12-19,345.3905944824219,349.3599853515625,351.9800109863281,347.75,347.8800048828125,410700
2024-12-20,352.5879211425781,356.6400146484375,359.69000244140625,346.0899963378906,346.4800109863281,772200
2024-12-23,355.2671203613281,359.3500061035156,359.739990234375,353.7099914550781,353.75,301400
2024-12-24,358.2626953125,362.3800048828125,362.3800048828125,357.8500061035156,359.29998779296875,84500
2024-12-26,358.0155334472656,362.1300048828125,363.510009765625,360.1199951171875,361.8699951171875,145900
2024-12-27,355.8602905273437,359.95001220703125,362.9599914550781,358.3399963378906,359.2699890136719,191000
2024-12-30,355.5933532714844,359.67999267578125,360.9299926757813,355.4100036621094,359.1000061035156,206300
2024-12-31,358.3417663574219,362.4599914550781,363.6600036621094,360.4400024414063,361.5299987792969,274600
2025-01-02,359.2018737792969,363.3299865722656,366.9800109863281,359.5599975585937,365.1700134277344,321400
2025-01-03,360.9913330078125,365.1400146484375,365.7799987792969,360.5499877929688,365.0,292600
2025-01-06,357.5607604980469,361.6700134277344,370.5799865722656,361.0499877929688,365.0,354400
2025-01-07,366.8045043945313,371.0199890136719,373.0499877929688,362.75,363.0,318500
2025-01-08,364.2439270019531,368.4299926757813,369.1799926757813,361.5,367.2099914550781,354800
2025-01-10,349.5033264160156,353.5199890136719,365.3599853515625,353.3099975585937,362.4800109863281,612100
2025-01-13,347.6941223144531,351.69000244140625,356.67999267578125,350.95001220703125,353.54998779296875,296600
2025-01-14,354.2685546875,358.3399963378906,358.79998779296875,349.1499938964844,350.0,316800
2025-01-15,353.8236999511719,357.8900146484375,363.2300109863281,355.95001220703125,363.2300109863281,319400
2025-01-16,356.14697265625,360.239990234375,363.0799865722656,358.010009765625,358.5199890136719,323300
2025-01-17,358.0550842285156,362.1700134277344,365.8500061035156,360.2300109863281,362.6499938964844,370700
2025-01-21,360.19049072265625,364.3299865722656,369.7300109863281,362.4400024414063,363.1199951171875,408400
2025-01-22,359.5775756835937,363.7099914550781,367.3500061035156,362.7699890136719,365.0499877929688,321700
2025-01-23,359.1227722167969,363.25,366.6300048828125,361.5400085449219,364.1099853515625,396300
2025-01-24,360.9913330078125,365.1400146484375,368.0,363.8800048828125,363.8800048828125,282900
2025-01-27,368.7620239257813,373.0,373.2300109863281,367.6600036621094,368.1700134277344,345000
2025-01-28,363.29486083984375,367.4700012207031,372.0,361.25,369.2699890136719,694200
2025-01-29,347.5162048339844,351.510009765625,365.739990234375,351.3500061035156,362.5400085449219,829700
2025-01-30,348.089599609375,352.0899963378906,357.2300109863281,348.6600036621094,348.6600036621094,536800
2025-01-31,343.5616455078125,347.510009765625,352.0,345.8599853515625,347.54998779296875,560300
2025-02-03,341.3470764160156,345.2699890136719,348.0,341.0,344.2900085449219,589100
2025-02-04,337.8374328613281,341.7200012207031,351.3399963378906,336.5,340.8999938964844,768700
2025-02-05,335.9590148925781,339.82000732421875,342.6300048828125,335.3399963378906,340.44000244140625,653400
2025-02-06,332.4789733886719,336.29998779296875,343.32000732421875,335.95001220703125,341.0,400000
2025-02-07,334.1893310546875,338.0299987792969,340.1400146484375,333.04998779296875,336.489990234375,560100
2025-02-10,329.68115234375,333.4700012207031,340.7900085449219,333.2699890136719,338.1099853515625,447500
2025-02-11,331.8166198730469,335.6300048828125,339.0899963378906,327.3699951171875,333.489990234375,468800
2025-02-12,327.8126220703125,331.5799865722656,335.6499938964844,330.6099853515625,334.8099975585937,372800
2025-02-13,331.59912109375,335.4100036621094,335.8599853515625,330.3099975585937,332.3099975585937,273600
2025-02-14,328.9100036621094,332.69000244140625,335.3999938964844,331.6199951171875,335.1499938964844,398900
2025-02-18,334.337646484375,338.17999267578125,339.19000244140625,333.4599914550781,334.1000061035156,419000
2025-02-19,332.4691162109375,336.2900085449219,338.44000244140625,331.0599975585937,337.489990234375,394900
2025-02-20,334.3672790527344,338.2099914550781,339.1600036621094,334.0799865722656,335.7099914550781,414200
2025-02-21,333.3094787597656,337.1400146484375,341.29998779296875,335.1199951171875,338.6300048828125,407800
2025-02-24,337.0465087890625,340.9200134277344,342.3099975585937,338.5,338.70001220703125,398700
2025-02-25,339.3006286621094,343.20001220703125,346.3099975585937,341.8900146484375,341.8900146484375,406000
2025-02-26,339.67626953125,343.5799865722656,346.5799865722656,342.3699951171875,343.07000732421875,328800
2025-02-27,343.4627685546875,347.4100036621094,349.67999267578125,344.7799987792969,344.7799987792969,330900
2025-02-28,349.206787109375,353.2200012207031,353.69000244140625,348.5,349.5199890136719,503700
2025-03-03,352.05401611328125,356.1000061035156,358.0599975585937,352.3900146484375,355.7300109863281,432600
2025-03-04,351.33233642578125,355.3699951171875,361.9400024414063,353.6700134277344,355.739990234375,541800
2025-03-05,354.565185546875,358.6400146484375,361.7099914550781,352.69000244140625,356.32000732421875,581000
2025-03-06,359.4095153808594,363.5400085449219,364.3299865722656,354.2300109863281,356.510009765625,424600
2025-03-07,359.62701416015625,363.760009765625,366.7699890136719,361.5700073242188,362.3500061035156,359700
2025-03-10,353.1415710449219,357.20001220703125,364.7200012207031,351.760009765625,355.0,568200
2025-03-11,350.1657409667969,354.19000244140625,358.57000732421875,351.7099914550781,358.57000732421875,489900
2025-03-12,343.79888916015625,347.75,354.4599914550781,345.42999267578125,354.4599914550781,414500
2025-03-13,345.6180114746094,349.5899963378906,354.42999267578125,347.8900146484375,349.19000244140625,430600
2025-03-14,354.5849304199219,358.6600036621094,359.6199951171875,351.1099853515625,351.6600036621094,353300
2025-03-17,362.9360656738281,365.05999755859375,368.9599914550781,356.45001220703125,356.5899963378906,528000
2025-03-18,357.5277099609375,359.6199951171875,367.3699951171875,359.1300048828125,365.5700073242188,340900
2025-03-19,354.14752197265625,356.2200012207031,360.7900085449219,355.5899963378906,357.8500061035156,467200
2025-03-20,352.7357482910156,354.79998779296875,358.0899963378906,354.4800109863281,355.57000732421875,405600
2025-03-21,350.36962890625,352.4200134277344,356.25,352.17999267578125,353.19000244140625,1348600
2025-03-24,357.04058837890625,359.1300048828125,360.4400024414063,352.4200134277344,354.9599914550781,463800
2025-03-25,360.1424255371094,362.25,363.7999877929688,357.8299865722656,361.010009765625,300600
2025-03-26,364.0296936035156,366.1600036621094,369.010009765625,363.8999938964844,364.0700073242188,206700
2025-03-27,365.371826171875,367.510009765625,368.9400024414063,362.4800109863281,367.9700012207031,268300
2025-03-28,359.8839416503906,361.989990234375,370.2099914550781,360.4599914550781,368.55999755859375,253500
2025-03-31,361.2161254882813,363.3299865722656,366.4599914550781,358.67999267578125,362.7000122070313,324900
2025-04-01,363.2840576171875,365.4100036621094,367.2300109863281,360.8699951171875,364.2799987792969,243500
2025-04-02,363.2144470214844,365.3399963378906,365.5899963378906,361.2799987792969,363.9599914550781,199000
2025-04-03,359.6552734375,361.760009765625,363.6099853515625,357.5,360.1000061035156,337500
2025-04-04,335.0592041015625,337.0199890136719,356.94000244140625,335.17999267578125,353.7699890136719,682900
2025-04-07,324.540771484375,326.44000244140625,336.6000061035156,320.0,329.1600036621094,602000
2025-04-08,330.1081848144531,332.0400085449219,345.8500061035156,327.5199890136719,337.4599914550781,406500
2025-04-09,346.3531188964844,348.3800048828125,350.04998779296875,324.2699890136719,326.6600036621094,387400
2025-04-10,339.4137268066406,341.3999938964844,346.739990234375,335.1700134277344,345.95001220703125,361900
2025-04-11,347.5063781738281,349.5400085449219,351.2799987792969,337.1700134277344,347.07000732421875,383700
2025-04-14,350.96612548828125,353.0199890136719,359.0299987792969,351.7799987792969,354.3999938964844,337100
2025-04-15,347.8145751953125,349.8500061035156,354.989990234375,344.9100036621094,344.9100036621094,292700
2025-04-16,345.5776672363281,347.6000061035156,354.5,347.1000061035156,351.75,344200
2025-04-17,347.89410400390625,349.92999267578125,352.0400085449219,346.5799865722656,349.0799865722656,355900
2025-04-21,340.87518310546875,342.8699951171875,349.260009765625,340.3599853515625,348.8500061035156,318800
2025-04-22,355.121826171875,357.20001220703125,358.0,347.2799987792969,348.0400085449219,305300
2025-04-23,354.12762451171875,356.20001220703125,359.75,353.94000244140625,357.6499938964844,393700
2025-04-24,353.1235046386719,355.19000244140625,356.489990234375,350.3399963378906,353.489990234375,357500
2025-04-25,351.0953674316406,353.1499938964844,357.4200134277344,348.010009765625,355.07000732421875,256100
2025-04-28,352.96441650390625,355.0299987792969,356.7900085449219,352.82000732421875,353.1499938964844,354700
2025-04-29,357.1996459960937,359.2900085449219,359.9200134277344,354.42999267578125,355.7699890136719,379600
2025-04-30,356.7423095703125,358.8299865722656,359.94000244140625,351.260009765625,359.94000244140625,386800
2025-05-01,335.4171142578125,337.3800048828125,350.8800048828125,325.0,325.0,645000
2025-05-02,346.3630676269531,348.3900146484375,349.79998779296875,340.2799987792969,342.0,366800
2025-05-05,345.33905029296875,347.3599853515625,349.7799987792969,344.2799987792969,346.8299865722656,402800
2025-05-06,342.60504150390625,344.6099853515625,350.4800109863281,344.54998779296875,346.8599853515625,410800
2025-05-07,340.0599365234375,342.04998779296875,347.70001220703125,339.8900146484375,345.3999938964844,572100
2025-05-08,345.1899108886719,347.2099914550781,351.95001220703125,342.3099975585937,343.8500061035156,544800
2025-05-09,346.0151062011719,348.0400085449219,349.92999267578125,346.5899963378906,349.1499938964844,325200
2025-05-12,345.7764892578125,347.79998779296875,354.760009765625,342.6499938964844,350.54998779296875,529700
2025-05-13,344.1360778808594,346.1499938964844,350.8399963378906,345.989990234375,346.8099975585937,419600
2025-05-14,339.0160522460937,341.0,347.44000244140625,340.8900146484375,346.739990234375,568000
2025-05-15,341.8892517089844,343.8900146484375,344.7300109863281,339.9599914550781,342.07000732421875,649800
2025-05-16,346.0548400878906,348.0799865722656,349.69000244140625,343.010009765625,343.9100036621094,417200
2025-05-19,345.5478515625,347.57000732421875,349.2099914550781,346.20001220703125,348.20001220703125,280200
2025-05-20,345.4881896972656,347.510009765625,349.3299865722656,346.3699951171875,348.4800109863281,536500
2025-05-21,338.5487976074219,340.5299987792969,347.79998779296875,339.5799865722656,347.2699890136719,484000
2025-05-22,334.3433837890625,336.29998779296875,340.010009765625,335.5299987792969,340.0,386800
2025-05-23,333.9855041503906,335.94000244140625,337.4200134277344,331.3399963378906,335.04998779296875,421500
2025-05-27,341.760009765625,343.760009765625,343.8099975585937,335.9700012207031,338.8500061035156,356500
2025-05-28,335.5899963378906,335.5899963378906,342.3999938964844,335.1700134277344,340.9700012207031,423900
2025-05-29,346.3500061035156,346.3500061035156,346.3500061035156,336.0,336.8599853515625,582000
2025-05-30,347.19000244140625,347.19000244140625,349.2699890136719,343.0299987792969,344.45001220703125,630800
2025-06-02,351.739990234375,351.739990234375,351.8399963378906,343.5400085449219,343.9599914550781,296000
2025-06-03,351.2200012207031,351.2200012207031,353.0,345.6300048828125,350.8800048828125,379700
2025-06-04,344.7799987792969,344.7799987792969,351.44000244140625,344.5199890136719,350.44000244140625,326400
2025-06-05,343.82000732421875,343.82000732421875,346.2699890136719,338.510009765625,346.2699890136719,343700
2025-06-06,346.17999267578125,346.17999267578125,348.6199951171875,344.1700134277344,348.6199951171875,186100
2025-06-09,340.6199951171875,340.6199951171875,346.9800109863281,332.5199890136719,346.20001220703125,365100
2025-06-10,336.2900085449219,336.2900085449219,339.9100036621094,335.0,339.8500061035156,303500
2025-06-11,335.29998779296875,335.29998779296875,338.1700134277344,334.0,337.9700012207031,284900
2025-06-12,339.82000732421875,339.82000732421875,339.8699951171875,333.510009765625,333.510009765625,311300
2025-06-13,334.6099853515625,334.6099853515625,338.04998779296875,333.7300109863281,334.6199951171875,430400
2025-06-16,339.1300048828125,339.1300048828125,340.5899963378906,335.6099853515625,337.3900146484375,328100
2025-06-17,333.0199890136719,333.0199890136719,338.0199890136719,330.1600036621094,337.8299865722656,525000
2025-06-18,332.8999938964844,332.8999938964844,335.3399963378906,331.1700134277344,332.19000244140625,486600
2025-06-20,337.29998779296875,337.29998779296875,340.0,334.0,334.0199890136719,1196900
2025-06-23,341.82000732421875,341.82000732421875,342.6000061035156,337.25,338.0899963378906,399400
2025-06-24,340.8299865722656,340.8299865722656,343.4200134277344,338.9100036621094,342.1300048828125,484200
2025-06-25,336.44000244140625,336.44000244140625,339.57000732421875,334.4800109863281,339.489990234375,273300
2025-06-26,339.4100036621094,339.4100036621094,343.2300109863281,336.2900085449219,337.5599975585937,216100
2025-06-27,336.7799987792969,336.7799987792969,341.0,335.1099853515625,337.32000732421875,499500
2025-06-30,339.8500061035156,339.8500061035156,341.1099853515625,335.0,337.0400085449219,387500
2025-07-01,340.8699951171875,340.8699951171875,342.4100036621094,337.0799865722656,340.1099853515625,554300
2025-07-02,334.0299987792969,334.0299987792969,340.95001220703125,330.19000244140625,340.95001220703125,473300
2025-07-03,337.4800109863281,337.4800109863281,338.0799865722656,333.8999938964844,335.5400085449219,295300
2025-07-07,334.0599975585937,334.0599975585937,339.0,332.2300109863281,338.239990234375,243600
2025-07-08,341.4200134277344,341.4200134277344,342.7900085449219,330.0,332.8399963378906,520400
2025-07-09,340.19000244140625,340.19000244140625,345.0,339.5400085449219,344.1400146484375,282600
2025-07-10,340.45001220703125,340.45001220703125,341.0,337.8900146484375,338.75,300700
2025-07-11,339.3500061035156,339.3500061035156,340.739990234375,336.7099914550781,337.5,294100
2025-07-14,341.04998779296875,341.04998779296875,342.8999938964844,337.32000732421875,338.0,334700
2025-07-15,330.2699890136719,330.2699890136719,340.95001220703125,330.2300109863281,339.3699951171875,325000
2025-07-16,331.9100036621094,331.9100036621094,334.75,328.760009765625,331.5299987792969,298800
2025-07-17,334.0,334.0,334.29998779296875,329.5,330.3500061035156,211100
2025-07-18,333.07000732421875,333.07000732421875,335.42999267578125,332.4800109863281,334.3599853515625,269600
2025-07-21,329.9700012207031,329.9700012207031,334.2099914550781,329.67999267578125,332.5799865722656,313600
2025-07-22,337.0199890136719,337.0199890136719,338.0,330.95001220703125,331.75,312700
2025-07-23,335.8699951171875,335.8699951171875,339.7200012207031,333.57000732421875,339.3699951171875,210600
2025-07-24,331.8900146484375,331.8900146484375,337.29998779296875,331.6499938964844,333.1000061035156,238100
2025-07-25,336.8599853515625,336.8599853515625,336.9800109863281,331.739990234375,332.07000732421875,189700
2025-07-28,331.3500061035156,331.3500061035156,337.29998779296875,330.510009765625,335.3800048828125,198400
2025-07-29,332.2799987792969,332.2799987792969,335.69000244140625,330.510009765625,333.8699951171875,271500
2025-07-30,332.5599975585937,332.5599975585937,335.5299987792969,328.42999267578125,330.510009765625,575300
2025-07-31,335.79998779296875,335.79998779296875,350.8699951171875,335.1300048828125,341.1199951171875,702500
2025-08-01,331.3399963378906,331.3399963378906,341.9599914550781,327.989990234375,334.79998779296875,318700
2025-08-04,326.0400085449219,326.0400085449219,333.3999938964844,325.0,332.3599853515625,506200
2025-08-05,327.9200134277344,327.9200134277344,330.5400085449219,325.1499938964844,328.8999938964844,420500
2025-08-06,328.489990234375,328.489990234375,331.79998779296875,325.7300109863281,330.1400146484375,326900
2025-08-07,328.1499938964844,328.1499938964844,330.1199951171875,325.6300048828125,329.3399963378906,263000
2025-08-08,329.79998779296875,329.79998779296875,332.5599975585937,328.29998779296875,330.0,245600
2025-08-11,330.3999938964844,330.3999938964844,330.6199951171875,328.3599853515625,329.5,227600
2025-08-12,328.2099914550781,328.2099914550781,332.2300109863281,326.489990234375,331.69000244140625,281100
2025-08-13,336.760009765625,336.760009765625,336.95001220703125,328.5400085449219,328.5400085449219,314300
2025-08-14,337.1199951171875,337.1199951171875,337.8699951171875,334.67999267578125,336.010009765625,260800
2025-08-15,331.8399963378906,331.8399963378906,338.75,330.8699951171875,338.5899963378906,356000
2025-08-18,331.9700012207031,331.9700012207031,333.69000244140625,330.0,330.9100036621094,176400
2025-08-19,337.7900085449219,337.7900085449219,338.0799865722656,332.6199951171875,333.2799987792969,193000
2025-08-20,343.5199890136719,343.5199890136719,344.6000061035156,338.2699890136719,338.2699890136719,305200
2025-08-21,348.0599975585937,348.0599975585937,349.239990234375,344.0,344.0,385000
2025-08-22,343.94000244140625,343.94000244140625,352.760009765625,343.2300109863281,350.8800048828125,260300
2025-08-25,341.32000732421875,341.32000732421875,343.510009765625,340.3599853515625,342.70001220703125,202500
2025-08-26,338.7200012207031,338.7200012207031,341.6099853515625,337.8099975585937,340.2200012207031,278700
2025-08-27,343.3399963378906,343.3399963378906,345.75,337.5299987792969,339.3099975585937,252100
2025-08-28,339.8800048828125,339.8800048828125,344.0199890136719,338.510009765625,342.7099914550781,224600
2025-08-29,341.8800048828125,341.8800048828125,344.8099975585937,341.3099975585937,341.3099975585937,220900
2025-09-02,345.3500061035156,345.3500061035156,346.0,339.92999267578125,341.5199890136719,445400
2025-09-03,348.5299987792969,348.5299987792969,349.739990234375,341.1000061035156,342.0,507900
2025-09-04,345.260009765625,345.260009765625,351.760009765625,344.92999267578125,350.0,341600
2025-09-05,340.0,340.0,345.2699890136719,339.3900146484375,343.6000061035156,195400
2025-09-08,339.5799865722656,339.5799865722656,340.29998779296875,334.6499938964844,338.7900085449219,298600
2025-09-09,340.6099853515625,340.6099853515625,341.82000732421875,338.8500061035156,339.760009765625,332400
2025-09-10,340.0299987792969,340.0299987792969,341.29998779296875,335.8999938964844,338.94000244140625,274000
2025-09-11,348.44000244140625,348.44000244140625,349.1499938964844,338.5,340.92999267578125,320400
2025-09-12,349.3699951171875,349.3699951171875,352.45001220703125,347.6600036621094,349.510009765625,487600
2025-09-15,339.8399963378906,339.8399963378906,353.4700012207031,339.6099853515625,348.5,317700
2025-09-16,330.6300048828125,330.6300048828125,336.8599853515625,327.3500061035156,334.7699890136719,386400
2025-09-17,333.6499938964844,333.6499938964844,338.7699890136719,330.0,331.2799987792969,397000
2025-09-18,334.75,334.75,336.1499938964844,332.5,333.0299987792969,332200
2025-09-19,335.3800048828125,335.3800048828125,337.010009765625,332.2699890136719,335.760009765625,1062700
2025-09-22,334.8299865722656,334.8299865722656,336.0799865722656,332.6499938964844,333.0,295500
2025-09-23,337.92999267578125,337.92999267578125,340.32000732421875,334.67999267578125,336.7200012207031,302300
2025-09-24,345.5400085449219,345.5400085449219,346.7200012207031,333.8900146484375,337.8699951171875,428200
2025-09-25,345.2099914550781,345.2099914550781,349.1499938964844,341.95001220703125,344.70001220703125,409900
2025-09-26,349.1099853515625,349.1099853515625,351.95001220703125,343.9700012207031,347.5599975585937,359900
2025-09-29,345.489990234375,345.489990234375,348.8599853515625,343.2900085449219,348.8599853515625,346800
2025-09-30,350.2300109863281,350.2300109863281,350.95001220703125,344.5,345.7300109863281,234300
2025-10-01,353.5299987792969,353.5299987792969,356.2900085449219,348.29998779296875,351.3500061035156,230900
2025-10-02,351.04998779296875,351.04998779296875,355.04998779296875,348.6300048828125,350.0599975585937,196700
2025-10-03,356.8500061035156,356.8500061035156,358.95001220703125,350.44000244140625,350.44000244140625,247500
2025-10-06,361.55999755859375,361.55999755859375,364.6099853515625,358.8699951171875,360.0,252500
2025-10-07,364.8599853515625,364.8599853515625,368.0700073242188,361.8800048828125,364.3900146484375,299900
2025-10-08,360.0,360.0,368.2900085449219,359.4599914550781,366.9700012207031,290100
2025-10-09,351.7699890136719,351.7699890136719,362.05999755859375,349.3599853515625,361.6499938964844,372000
2025-10-10,346.69000244140625,346.69000244140625,356.1400146484375,346.6400146484375,352.8599853515625,272600
2025-10-13,351.0199890136719,351.0199890136719,351.0899963378906,343.95001220703125,344.7699890136719,257800
2025-10-14,356.739990234375,356.739990234375,356.9800109863281,347.9599914550781,351.17999267578125,242600
2025-10-15,348.54998779296875,348.54998779296875,358.5299987792969,345.7300109863281,354.5299987792969,304200
2025-10-16,340.8500061035156,340.8500061035156,346.2799987792969,338.92999267578125,342.989990234375,355700
2025-10-17,349.1300048828125,349.1300048828125,352.6199951171875,340.7799987792969,340.7799987792969,463900
2025-10-20,350.95001220703125,350.95001220703125,352.70001220703125,347.4100036621094,350.1300048828125,250000
2025-10-21,349.1600036621094,349.1600036621094,351.1400146484375,348.3099975585937,350.04998779296875,186000
2025-10-22,348.4200134277344,348.4200134277344,353.5799865722656,346.9800109863281,349.2900085449219,231700
2025-10-23,349.2699890136719,349.2699890136719,352.2300109863281,346.7699890136719,349.54998779296875,212000
2025-10-24,348.94000244140625,348.94000244140625,350.3900146484375,345.6400146484375,349.6099853515625,152000
2025-10-27,343.9800109863281,343.9800109863281,349.9599914550781,343.2699890136719,348.6700134277344,234100
2025-10-28,304.9100036621094,304.9100036621094,325.1000061035156,302.44000244140625,325.1000061035156,1557700
2025-10-29,309.45001220703125,309.45001220703125,314.32000732421875,304.6000061035156,307.0,711200
2025-10-30,309.17999267578125,309.17999267578125,314.3999938964844,307.1499938964844,311.6300048828125,672600
2025-10-31,314.5199890136719,314.5199890136719,317.0,309.04998779296875,312.7900085449219,638000
2025-11-03,313.45001220703125,313.45001220703125,317.5599975585937,309.8699951171875,311.8500061035156,484800
2025-11-04,317.69000244140625,317.69000244140625,318.44000244140625,312.0,313.5299987792969,396200
2025-11-05,321.989990234375,321.989990234375,324.3699951171875,318.44000244140625,318.7799987792969,605500
2025-11-06,319.6099853515625,319.6099853515625,326.3500061035156,318.4599914550781,321.0,508100
2025-11-07,326.1400146484375,326.1400146484375,328.7200012207031,320.5299987792969,320.5299987792969,598100
2025-11-10,328.6099853515625,328.6099853515625,328.9599914550781,321.8699951171875,324.5,440900
2025-11-11,324.42999267578125,324.42999267578125,330.5799865722656,323.95001220703125,329.5400085449219,759500
2025-11-12,325.0299987792969,325.0299987792969,327.9700012207031,323.260009765625,323.8699951171875,552300
2025-11-13,327.489990234375,327.489990234375,330.3699951171875,324.3099975585937,326.760009765625,401700
2025-11-14,326.2300109863281,326.2300109863281,330.29998779296875,324.2799987792969,327.95001220703125,372400
2025-11-17,320.3299865722656,320.3299865722656,328.3699951171875,319.75,328.0,378400
2025-11-18,320.0199890136719,320.0199890136719,323.5400085449219,318.45001220703125,320.7099914550781,341200
2025-11-19,312.8399963378906,312.8399963378906,320.75,312.489990234375,318.5899963378906,362800
2025-11-20,304.989990234375,304.989990234375,317.1700134277344,304.54998779296875,314.4599914550781,404900
2025-11-21,311.3399963378906,311.3399963378906,315.4100036621094,304.82000732421875,305.0,603100
2025-11-24,309.989990234375,309.989990234375,312.739990234375,306.70001220703125,310.7300109863281,617800
2025-11-25,314.0400085449219,314.0400085449219,316.8999938964844,311.75,312.45001220703125,364000
2025-11-26,312.0299987792969,312.0299987792969,315.1099853515625,311.2200012207031,311.2200012207031,320300
2025-11-28,314.2900085449219,314.2900085449219,316.1499938964844,311.45001220703125,311.45001220703125,204000
2025-12-01,312.0899963378906,312.0899963378906,316.7699890136719,311.4100036621094,314.239990234375,363400
2025-12-02,312.2099914550781,312.2099914550781,313.9200134277344,309.0299987792969,313.7300109863281,407900
2025-12-03,314.0299987792969,314.0299987792969,315.9700012207031,311.8599853515625,311.8599853515625,337100
2025-12-04,313.7099914550781,313.7099914550781,317.8599853515625,312.7200012207031,315.2300109863281,329500
2025-12-05,309.9700012207031,309.9700012207031,314.4100036621094,309.6700134277344,312.2200012207031,366800
2025-12-08,308.3999938964844,308.3999938964844,309.989990234375,306.8399963378906,309.3699951171875,366300
2025-12-09,310.5599975585937,310.5599975585937,312.4200134277344,307.3900146484375,309.5,354800
2025-12-10,315.4700012207031,315.4700012207031,317.54998779296875,309.6600036621094,310.79998779296875,399300
2025-12-11,324.3800048828125,324.3800048828125,325.8399963378906,316.010009765625,316.8399963378906,390600
2025-12-12,327.1600036621094,327.1600036621094,328.8299865722656,325.2200012207031,326.69000244140625,344500
2025-12-15,328.6099853515625,328.6099853515625,330.6199951171875,324.0199890136719,328.5799865722656,462100
2025-12-16,327.3500061035156,327.3500061035156,328.5299987792969,323.69000244140625,327.739990234375,543800
2025-12-17,328.6300048828125,328.6300048828125,330.92999267578125,325.04998779296875,326.0,400400
2025-12-18,332.5199890136719,332.5199890136719,334.0199890136719,322.4599914550781,326.19000244140625,415600
2025-12-19,331.3099975585937,331.3099975585937,334.8900146484375,330.3099975585937,332.1600036621094,1016600
2025-12-22,335.6600036621094,335.6600036621094,336.3800048828125,330.6199951171875,330.6199951171875,288500
2025-12-23,337.0400085449219,337.0400085449219,338.7699890136719,334.8399963378906,336.3500061035156,485700
2025-12-24,336.2099914550781,336.2099914550781,338.8900146484375,335.2300109863281,338.0899963378906,159000
2025-12-26,337.5299987792969,337.5299987792969,338.4100036621094,333.6600036621094,333.6600036621094,184100
2025-12-29,340.0299987792969,340.0299987792969,340.7200012207031,336.5899963378906,337.1099853515625,248000
2025-12-30,341.260009765625,341.260009765625,342.5400085449219,340.20001220703125,341.0599975585937,202300
2025-12-31,339.3500061035156,339.3500061035156,342.6700134277344,339.2900085449219,340.739990234375,244900
2026-01-02,334.4800109863281,334.4800109863281,339.9200134277344,333.6000061035156,338.17999267578125,411500
2026-01-05,341.2799987792969,341.2799987792969,343.32000732421875,333.3800048828125,335.04998779296875,396800
2026-01-06,332.32000732421875,332.32000732421875,341.989990234375,331.17999267578125,341.0,393200
2026-01-07,331.42999267578125,331.42999267578125,335.760009765625,328.1000061035156,332.0,317100
2026-01-08,338.1000061035156,338.1000061035156,340.4200134277344,331.04998779296875,332.8900146484375,366200
2026-01-09,333.17999267578125,333.17999267578125,339.0199890136719,332.3800048828125,336.7799987792969,288100
2026-01-12,328.3800048828125,328.3800048828125,335.79998779296875,327.1700134277344,330.6099853515625,402300
2026-01-13,319.9200134277344,319.9200134277344,328.3599853515625,317.2099914550781,326.44000244140625,360300
2026-01-14,325.9100036621094,325.9100036621094,326.4700012207031,321.3800048828125,322.3399963378906,377800
2026-01-15,321.2099914550781,321.2099914550781,328.3399963378906,320.1099853515625,324.989990234375,305000
2026-01-16,318.8099975585937,318.8099975585937,322.04998779296875,318.1400146484375,319.8500061035156,278700
2026-01-20,320.0,320.0,321.7099914550781,316.17999267578125,316.17999267578125,313600
2026-01-21,322.94000244140625,322.94000244140625,324.6700134277344,318.260009765625,322.92999267578125,353000
2026-01-22,321.70001220703125,321.70001220703125,323.32000732421875,319.0,322.3599853515625,349000
2026-01-23,323.57000732421875,323.57000732421875,323.6600036621094,319.9599914550781,319.9599914550781,283700
2026-01-26,327.1000061035156,327.1000061035156,329.29998779296875,325.010009765625,325.2099914550781,199200
2026-01-27,323.94000244140625,323.94000244140625,325.9200134277344,322.1300048828125,325.9100036621094,241600
2026-01-28,324.9100036621094,324.9100036621094,328.20001220703125,321.1400146484375,323.0799865722656,303400
2026-01-29,329.6199951171875,329.6199951171875,331.8399963378906,325.42999267578125,328.8299865722656,357000
2026-01-30,331.2799987792969,331.2799987792969,332.45001220703125,326.69000244140625,327.7799987792969,294300
2026-02-02,331.760009765625,331.760009765625,331.9200134277344,327.1600036621094,328.6400146484375,274300
2026-02-03,329.8299865722656,329.8299865722656,336.8099975585937,329.2900085449219,330.7200012207031,348000
2026-02-04,333.4200134277344,333.4200134277344,339.7300109863281,326.6099853515625,333.0799865722656,633600
2026-02-05,325.8900146484375,325.8900146484375,334.1499938964844,306.0899963378906,334.1499938964844,878700
2026-02-06,328.3900146484375,328.3900146484375,332.8500061035156,326.510009765625,326.510009765625,399800
2026-02-09,322.1199951171875,322.1199951171875,330.5899963378906,320.010009765625,326.6099853515625,407400
2026-02-10,330.4800109863281,330.4800109863281,332.82000732421875,322.0,322.0,482000
2026-02-11,332.4200134277344,332.4200134277344,333.32000732421875,327.3800048828125,329.6600036621094,362800
2026-02-12,336.1199951171875,336.1199951171875,338.0,331.1099853515625,332.5799865722656,633200
2026-02-13,338.0299987792969,338.0299987792969,338.0400085449219,331.6099853515625,334.5899963378906,451200
2026-02-17,346.0299987792969,346.0299987792969,348.2200012207031,337.94000244140625,340.5199890136719,587500
2026-02-18,345.510009765625,345.510009765625,347.1099853515625,341.44000244140625,345.6300048828125,396900
2026-02-19,342.92999267578125,342.92999267578125,348.30999755859375,340.6199951171875,344.5199890136719,291800
2026-02-20,342.4800109863281,342.4800109863281,345.0400085449219,337.20001220703125,345.0400085449219,318000
