Date,Adj Close,Close,High,Low,Open,Volume
2021-02-10,8.922916412353516,11.760000228881836,12.020000457763672,11.529999732971191,12.0,76282500
2021-02-11,8.687703132629395,11.449999809265137,11.739999771118164,11.3100004196167,11.65999984741211,55762900
2021-02-12,8.687703132629395,11.449999809265137,11.619999885559082,11.369999885559082,11.420000076293944,44401200
2021-02-16,8.755990982055664,11.539999961853027,11.699999809265137,11.380000114440918,11.5,48392100
2021-02-17,8.710464477539062,11.479999542236328,11.609999656677246,11.369999885559082,11.609999656677246,49554000
2021-02-18,8.672528266906738,11.43000030517578,11.479999542236328,11.300000190734863,11.369999885559082,37777100
2021-02-19,8.786338806152344,11.579999923706056,11.59000015258789,11.460000038146973,11.520000457763672,48615600
2021-02-22,8.87739086151123,11.699999809265137,11.9399995803833,11.5,11.520000457763672,62183000
2021-02-23,8.816690444946289,11.619999885559082,11.649999618530272,11.130000114440918,11.59000015258789,72904500
2021-02-24,9.3098783493042,12.270000457763672,12.399999618530272,11.640000343322754,11.670000076293944,95152800
2021-02-25,8.922916412353516,11.760000228881836,12.399999618530272,11.720000267028809,12.220000267028809,75249400
2021-02-26,8.87739086151123,11.699999809265137,11.979999542236328,11.539999961853027,11.890000343322754,69614500
2021-03-01,9.089841842651367,11.979999542236328,12.079999923706056,11.779999732971191,11.869999885559082,43172800
2021-03-02,9.52232837677002,12.550000190734863,12.800000190734863,11.9399995803833,12.039999961853027,104789000
2021-03-03,9.234003067016602,12.170000076293944,12.609999656677246,12.140000343322754,12.609999656677246,80169700
2021-03-04,9.051902770996094,11.93000030517578,12.460000038146973,11.630000114440918,12.239999771118164,88339600
2021-03-05,9.3098783493042,12.270000457763672,12.289999961853027,11.670000076293944,12.0600004196167,79345700
2021-03-08,9.598203659057615,12.649999618530272,12.880000114440918,12.300000190734863,12.390000343322754,86129700
2021-03-09,9.537504196166992,12.56999969482422,12.760000228881836,12.380000114440918,12.760000228881836,61568700
2021-03-10,9.79548168182373,12.90999984741211,12.979999542236328,12.619999885559082,12.720000267028809,62111200
2021-03-11,9.7196044921875,12.8100004196167,13.0600004196167,12.75,12.9399995803833,56536500
2021-03-12,10.14450454711914,13.369999885559082,13.43000030517578,12.770000457763672,12.779999732971191,87160100
2021-03-15,10.015518188476562,13.199999809265137,13.619999885559082,13.050000190734863,13.390000343322754,64476000
2021-03-16,9.476804733276367,12.489999771118164,13.149999618530272,12.43000030517578,13.0600004196167,125425300
2021-03-17,9.628555297851562,12.6899995803833,12.699999809265137,12.220000267028809,12.34000015258789,109324400
2021-03-18,9.476804733276367,12.489999771118164,13.010000228881836,12.4399995803833,12.699999809265137,76733300
2021-03-19,9.734779357910156,12.829999923706056,12.949999809265137,12.550000190734863,12.850000381469728,90885200
2021-03-22,9.74995231628418,12.850000381469728,12.93000030517578,12.510000228881836,12.850000381469728,81362100
2021-03-23,9.26435375213623,12.210000038146973,12.68000030517578,12.119999885559082,12.56999969482422,73020200
2021-03-24,9.211238861083984,12.140000343322754,12.529999732971191,12.119999885559082,12.359999656677246,54534400
2021-03-25,9.347816467285156,12.31999969482422,12.350000381469728,11.720000267028809,11.9399995803833,54201800
2021-03-26,9.3326416015625,12.300000190734863,12.489999771118164,12.0600004196167,12.43000030517578,49239800
2021-03-29,9.218828201293944,12.149999618530272,12.359999656677246,12.06999969482422,12.199999809265137,44747900
2021-03-30,9.454042434692385,12.460000038146973,12.479999542236328,12.109999656677246,12.15999984741211,49762300
2021-03-31,9.294703483581545,12.25,12.539999961853027,12.210000038146973,12.460000038146973,60456900
2021-04-01,9.234003067016602,12.170000076293944,12.289999961853027,12.020000457763672,12.279999732971191,61907500
2021-04-05,9.636141777038574,12.699999809265137,12.779999732971191,12.329999923706056,12.390000343322754,82332700
2021-04-06,9.803067207336426,12.920000076293944,12.989999771118164,12.640000343322754,12.699999809265137,67499400
2021-04-07,9.658903121948242,12.729999542236328,12.93000030517578,12.65999984741211,12.869999885559082,42264000
2021-04-08,9.491979598999023,12.510000228881836,12.760000228881836,12.43000030517578,12.670000076293944,52622000
2021-04-09,9.491979598999023,12.510000228881836,12.619999885559082,12.390000343322754,12.489999771118164,40555400
2021-04-12,9.393340110778809,12.380000114440918,12.550000190734863,12.31999969482422,12.5,40422800
2021-04-13,9.25676441192627,12.199999809265137,12.449999809265137,12.100000381469728,12.390000343322754,51556000
2021-04-14,9.287115097045898,12.239999771118164,12.489999771118164,12.199999809265137,12.199999809265137,49877500
2021-04-15,9.287115097045898,12.239999771118164,12.31999969482422,12.130000114440918,12.300000190734863,38209300
2021-04-16,9.27952766418457,12.229999542236328,12.359999656677246,12.1899995803833,12.31999969482422,33132900
2021-04-19,9.18847942352295,12.109999656677246,12.25,12.020000457763672,12.220000267028809,39063500
2021-04-20,8.687703132629395,11.449999809265137,12.0600004196167,11.350000381469728,12.0600004196167,83170800
2021-04-21,8.900152206420898,11.729999542236328,11.739999771118164,11.18000030517578,11.359999656677246,49641100
2021-04-22,9.059493064880373,11.9399995803833,12.149999618530272,11.829999923706056,12.0600004196167,73064400
2021-04-23,9.271942138671877,12.220000267028809,12.239999771118164,11.869999885559082,11.970000267028809,51833300
2021-04-26,9.3098783493042,12.270000457763672,12.4399995803833,12.229999542236328,12.279999732971191,40863800
2021-04-27,9.476804733276367,12.489999771118164,12.5,12.270000457763672,12.289999961853027,42037800
2021-04-28,9.431278228759766,12.43000030517578,12.600000381469728,12.390000343322754,12.600000381469728,68023400
2021-04-29,8.543539047241211,11.260000228881836,11.90999984741211,11.140000343322754,11.90999984741211,230430600
2021-04-30,8.755990982055664,11.539999961853027,11.539999961853027,11.329999923706056,11.359999656677246,90786500
2021-05-03,8.824278831481934,11.630000114440918,11.68000030517578,11.43000030517578,11.5600004196167,61987300
2021-05-04,8.657352447509766,11.40999984741211,11.550000190734863,11.229999542236328,11.529999732971191,71007700
2021-05-05,8.809102058410645,11.609999656677246,11.640000343322754,11.399999618530272,11.5,64495500
2021-05-06,8.90774154663086,11.739999771118164,11.760000228881836,11.479999542236328,11.550000190734863,50032800
2021-05-07,8.968439102172852,11.81999969482422,11.829999923706056,11.520000457763672,11.649999618530272,41525800
2021-05-10,8.884979248046875,11.710000038146973,11.93000030517578,11.699999809265137,11.779999732971191,51703500
2021-05-11,8.786338806152344,11.579999923706056,11.760000228881836,11.420000076293944,11.449999809265137,56882600
2021-05-12,8.59665298461914,11.329999923706056,11.68000030517578,11.279999732971191,11.539999961853027,55663100
2021-05-13,8.763579368591309,11.550000190734863,11.68000030517578,11.350000381469728,11.359999656677246,56598500
2021-05-14,8.98361587524414,11.84000015258789,11.869999885559082,11.619999885559082,11.649999618530272,48619200
2021-05-17,9.218828201293944,12.149999618530272,12.18000030517578,11.789999961853027,11.81999969482422,52201700
2021-05-18,9.211238861083984,12.140000343322754,12.529999732971191,12.130000114440918,12.289999961853027,72472900
2021-05-19,9.18847942352295,12.109999656677246,12.210000038146973,11.850000381469728,12.029999732971191,70220800
2021-05-20,9.476804733276367,12.489999771118164,12.6899995803833,12.300000190734863,12.520000457763672,106243900
2021-05-21,10.114153861999512,13.329999923706056,13.470000267028809,12.56999969482422,12.699999809265137,200958600
2021-05-24,9.909294128417969,13.0600004196167,13.380000114440918,12.920000076293944,13.380000114440918,111374300
2021-05-25,9.7196044921875,12.8100004196167,13.43000030517578,12.800000190734863,13.130000114440918,113383400
2021-05-26,10.546643257141112,13.899999618530272,13.949999809265137,13.100000381469728,13.15999984741211,227538700
2021-05-27,11.290221214294434,14.880000114440918,15.050000190734863,14.119999885559082,14.380000114440918,278939100
2021-05-28,11.024658203125,14.529999732971191,15.050000190734863,14.40999984741211,15.010000228881836,152105300
2021-06-01,11.237107276916504,14.8100004196167,14.84000015258789,14.460000038146973,14.720000267028809,89071000
2021-06-02,11.312982559204102,14.90999984741211,15.020000457763672,14.68000030517578,14.899999618530272,77517200
2021-06-03,12.13243293762207,15.989999771118164,16.059999465942383,14.989999771118164,15.149999618530272,179671400
2021-06-04,12.11725902557373,15.970000267028809,16.450000762939453,15.800000190734863,16.329999923706055,151788000
2021-06-07,12.048973083496094,15.880000114440918,16.200000762939453,15.649999618530272,16.010000228881836,90915300
2021-06-08,11.859281539916992,15.630000114440918,15.800000190734863,15.329999923706056,15.760000228881836,93891100
2021-06-09,11.74547004699707,15.479999542236328,15.619999885559082,15.390000343322754,15.600000381469728,60079100
2021-06-10,11.46473217010498,15.109999656677246,15.779999732971191,15.079999923706056,15.59000015258789,78147500
2021-06-11,11.59371852874756,15.279999732971191,15.43000030517578,15.170000076293944,15.300000190734863,50613500
2021-06-14,11.282632827758787,14.869999885559082,15.300000190734863,14.81999969482422,15.229999542236328,82666000
2021-06-15,11.381269454956056,15.0,15.15999984741211,14.760000228881836,14.90999984741211,62612700
2021-06-16,11.396445274353027,15.020000457763672,15.289999961853027,14.880000114440918,15.100000381469728,69112900
2021-06-17,11.206757545471191,14.770000457763672,15.399999618530272,14.579999923706056,15.300000190734863,126653100
2021-06-18,11.017070770263672,14.520000457763672,14.770000457763672,14.4399995803833,14.539999961853027,76319700
2021-06-21,11.21434211730957,14.779999732971191,14.899999618530272,14.550000190734863,14.630000114440918,63385000
2021-06-22,11.312982559204102,14.90999984741211,15.109999656677246,14.81999969482422,15.020000457763672,65545900
2021-06-23,11.699944496154783,15.420000076293944,15.529999732971191,15.029999732971191,15.140000343322754,94985700
2021-06-24,11.578547477722168,15.260000228881836,15.550000190734863,15.149999618530272,15.539999961853027,79859800
2021-06-25,11.525432586669922,15.1899995803833,15.520000457763672,15.18000030517578,15.239999771118164,111760500
2021-06-28,11.350919723510742,14.960000038146973,15.210000038146973,14.829999923706056,15.199999809265137,79477400
2021-06-29,11.3888578414917,15.010000228881836,15.199999809265137,14.880000114440918,15.050000190734863,68208200
2021-06-30,11.275044441223145,14.859999656677246,15.109999656677246,14.8100004196167,14.949999809265137,72213500
2021-07-01,11.312982559204102,14.90999984741211,14.970000267028809,14.84000015258789,14.90999984741211,51112200
2021-07-02,11.328155517578123,14.93000030517578,15.039999961853027,14.829999923706056,14.960000038146973,43652000
2021-07-06,11.001895904541016,14.5,14.880000114440918,14.390000343322754,14.869999885559082,73990600
2021-07-07,10.797030448913574,14.229999542236328,14.460000038146973,14.020000457763672,14.40999984741211,72992500
2021-07-08,10.668045043945312,14.0600004196167,14.229999542236328,13.739999771118164,13.960000038146973,62706800
2021-07-09,10.98671817779541,14.479999542236328,14.579999923706056,14.270000457763672,14.449999809265137,65981200
2021-07-12,11.085355758666992,14.609999656677246,14.739999771118164,14.239999771118164,14.359999656677246,49205200
2021-07-13,10.94119358062744,14.420000076293944,14.630000114440918,14.300000190734863,14.5,45360600
2021-07-14,10.812207221984863,14.25,14.630000114440918,14.199999809265137,14.43000030517578,39056200
2021-07-15,10.630107879638672,14.010000228881836,14.300000190734863,13.9399995803833,14.149999618530272,44952300
2021-07-16,10.326603889465332,13.609999656677246,14.140000343322754,13.579999923706056,14.119999885559082,48065200
2021-07-19,10.076217651367188,13.279999732971191,13.31999969482422,12.789999961853027,13.25,99949200
2021-07-20,10.554229736328123,13.90999984741211,13.960000038146973,13.279999732971191,13.369999885559082,70731800
2021-07-21,10.766679763793944,14.1899995803833,14.34000015258789,14.029999732971191,14.050000190734863,53817500
2021-07-22,10.554229736328123,13.90999984741211,14.140000343322754,13.779999732971191,14.079999923706056,40440100
2021-07-23,10.485943794250488,13.81999969482422,14.039999961853027,13.729999542236328,13.970000267028809,37927900
2021-07-26,10.645281791687012,14.029999732971191,14.079999923706056,13.869999885559082,13.899999618530272,43838000
2021-07-27,10.463180541992188,13.789999961853027,13.960000038146973,13.649999618530272,13.93000030517578,41963200
2021-07-28,10.516294479370115,13.859999656677246,13.989999771118164,13.56999969482422,13.859999656677246,70653500
2021-07-29,10.918431282043455,14.390000343322754,14.789999961853027,14.300000190734863,14.510000228881836,111154800
2021-07-30,10.58458137512207,13.949999809265137,14.300000190734863,13.869999885559082,14.229999542236328,74955700
2021-08-02,10.554229736328123,13.90999984741211,14.329999923706056,13.880000114440918,14.020000457763672,64673700
2021-08-03,10.637693405151367,14.020000457763672,14.079999923706056,13.640000343322754,13.970000267028809,53257700
2021-08-04,10.106566429138184,13.31999969482422,13.93000030517578,13.300000190734863,13.850000381469728,81502700
2021-08-05,10.402481079101562,13.710000038146973,13.81999969482422,13.449999809265137,13.539999961853027,60524400
2021-08-06,10.4707670211792,13.800000190734863,13.90999984741211,13.729999542236328,13.81999969482422,44450600
2021-08-09,10.432830810546877,13.75,13.81999969482422,13.550000190734863,13.720000267028809,38760400
2021-08-10,10.485943794250488,13.81999969482422,13.90999984741211,13.65999984741211,13.770000457763672,32120800
2021-08-11,10.56940460205078,13.93000030517578,13.949999809265137,13.670000076293944,13.859999656677246,42795600
2021-08-12,10.546643257141112,13.899999618530272,14.050000190734863,13.789999961853027,13.920000076293944,38547900
2021-08-13,10.311429977416992,13.59000015258789,13.949999809265137,13.539999961853027,13.880000114440918,45118500
2021-08-16,10.21279239654541,13.460000038146973,13.5600004196167,13.31999969482422,13.5,38664300
2021-08-17,9.85618019104004,12.989999771118164,13.329999923706056,12.8100004196167,13.31999969482422,74625300
2021-08-18,9.86376667022705,13.0,13.210000038146973,12.899999618530272,12.949999809265137,50966700
2021-08-19,9.61337947845459,12.670000076293944,12.920000076293944,12.56999969482422,12.800000190734863,69038800
2021-08-20,9.537504196166992,12.56999969482422,12.670000076293944,12.380000114440918,12.609999656677246,53615600
2021-08-23,9.658903121948242,12.729999542236328,12.850000381469728,12.470000267028809,12.710000038146973,64573600
2021-08-24,9.924467086791992,13.079999923706056,13.140000343322754,12.760000228881836,12.8100004196167,53672500
2021-08-25,9.992754936218262,13.170000076293944,13.279999732971191,13.020000457763672,13.119999885559082,51195500
2021-08-26,9.78789234161377,12.899999618530272,13.130000114440918,12.8100004196167,13.109999656677246,57559800
2021-08-27,10.098979949951172,13.3100004196167,13.369999885559082,12.869999885559082,12.890000343322754,57587300
2021-08-30,9.901705741882324,13.050000190734863,13.369999885559082,13.029999732971191,13.350000381469728,42720100
2021-08-31,9.886529922485352,13.029999732971191,13.140000343322754,12.93000030517578,13.020000457763672,42212700
2021-09-01,9.947229385375977,13.109999656677246,13.220000267028809,12.899999618530272,13.029999732971191,58875700
2021-09-02,9.871355056762695,13.010000228881836,13.210000038146973,12.970000267028809,13.09000015258789,49053200
2021-09-03,9.780306816101074,12.890000343322754,13.050000190734863,12.869999885559082,12.989999771118164,41616700
2021-09-07,9.82582950592041,12.949999809265137,13.039999961853027,12.8100004196167,12.829999923706056,64008900
2021-09-08,9.886529922485352,13.029999732971191,13.220000267028809,12.90999984741211,12.970000267028809,57980900
2021-09-09,9.681666374206545,12.760000228881836,12.949999809265137,12.720000267028809,12.949999809265137,68806400
2021-09-10,9.620966911315918,12.68000030517578,12.93000030517578,12.65999984741211,12.84000015258789,48792500
2021-09-13,9.85618019104004,12.989999771118164,12.989999771118164,12.619999885559082,12.760000228881836,62270800
2021-09-14,9.757542610168455,12.859999656677246,13.0600004196167,12.789999961853027,12.93000030517578,47640800
2021-09-15,10.030692100524902,13.220000267028809,13.25,12.8100004196167,12.890000343322754,60282100
2021-09-16,10.16726779937744,13.399999618530272,13.529999732971191,13.100000381469728,13.18000030517578,76426100
2021-09-17,10.281081199645996,13.550000190734863,13.699999809265137,13.390000343322754,13.40999984741211,76182400
2021-09-20,9.727190971374512,12.81999969482422,13.1899995803833,12.630000114440918,13.06999969482422,126152200
2021-09-21,9.689255714416504,12.770000457763672,12.970000267028809,12.65999984741211,12.890000343322754,60473100
2021-09-22,10.038280487060549,13.229999542236328,13.390000343322754,12.90999984741211,12.920000076293944,75784000
2021-09-23,10.402481079101562,13.710000038146973,13.739999771118164,13.31999969482422,13.350000381469728,68708100
2021-09-24,10.455594062805176,13.779999732971191,13.9399995803833,13.640000343322754,13.65999984741211,57440200
2021-09-27,10.74392032623291,14.15999984741211,14.289999961853027,13.880000114440918,13.890000343322754,68769700
2021-09-28,10.857731819152832,14.3100004196167,14.729999542236328,14.229999542236328,14.630000114440918,107090900
2021-09-29,10.850143432617188,14.300000190734863,14.5,14.170000076293944,14.460000038146973,56805500
2021-09-30,10.74392032623291,14.15999984741211,14.31999969482422,14.09000015258789,14.260000228881836,78820500
2021-10-01,10.74392032623291,14.15999984741211,14.369999885559082,14.010000228881836,14.260000228881836,51880900
2021-10-04,10.888083457946776,14.350000381469728,14.789999961853027,14.220000267028809,14.270000457763672,78332500
2021-10-05,10.842556953430176,14.289999961853027,14.4399995803833,14.109999656677246,14.4399995803833,55915800
2021-10-06,10.713568687438965,14.119999885559082,14.34000015258789,13.890000343322754,14.140000343322754,61020300
2021-10-07,11.297809600830078,14.890000343322754,14.949999809265137,14.3100004196167,14.34000015258789,96557500
2021-10-08,11.47232151031494,15.119999885559082,15.489999771118164,14.850000381469728,14.920000076293944,99468900
2021-10-11,11.449559211730955,15.09000015258789,15.359999656677246,14.970000267028809,15.199999809265137,45302300
2021-10-12,11.866869926452637,15.640000343322754,15.68000030517578,15.010000228881836,15.109999656677246,89134000
2021-10-13,11.768233299255373,15.510000228881836,15.6899995803833,15.270000457763672,15.59000015258789,63363500
2021-10-14,11.722708702087402,15.449999809265137,15.619999885559082,15.369999885559082,15.619999885559082,50875100
2021-10-15,11.912396430969238,15.699999809265137,16.030000686645508,15.539999961853027,15.539999961853027,77211800
2021-10-18,11.806169509887695,15.5600004196167,15.649999618530272,15.489999771118164,15.56999969482422,48643800
2021-10-19,11.699944496154783,15.420000076293944,15.6899995803833,15.369999885559082,15.600000381469728,44668300
2021-10-20,12.17037296295166,16.040000915527344,16.15999984741211,15.369999885559082,15.43000030517578,105213700
2021-10-21,12.557333946228027,16.549999237060547,16.700000762939453,16.1299991607666,16.15999984741211,95855000
2021-10-22,12.352471351623535,16.280000686645508,16.540000915527344,16.229999542236328,16.420000076293945,60646800
2021-10-25,12.140022277832031,16.0,16.5,15.8100004196167,16.399999618530273,67808000
2021-10-26,12.094494819641112,15.9399995803833,16.219999313354492,15.699999809265137,16.09000015258789,64882300
2021-10-27,11.768233299255373,15.510000228881836,15.920000076293944,15.5,15.789999961853027,96094300
2021-10-28,12.79254913330078,16.860000610351562,17.579999923706055,16.709999084472656,16.860000610351562,215237600
2021-10-29,12.959473609924316,17.079999923706055,17.360000610351562,16.549999237060547,16.860000610351562,100560700
2021-11-01,13.619588851928713,17.950000762939453,17.969999313354492,17.06999969482422,17.5,125246500
2021-11-02,13.665112495422363,18.010000228881836,18.190000534057617,17.729999542236328,18.14999961853028,115146200
2021-11-03,14.135537147521973,18.6299991607666,18.82999992370605,17.8799991607666,17.920000076293945,104755500
2021-11-04,14.73495388031006,19.420000076293945,19.5,18.71999931335449,18.920000076293945,157505500
2021-11-05,14.636311531066896,19.290000915527344,19.71999931335449,18.989999771118164,19.709999084472656,122232200
2021-11-08,15.28883934020996,20.14999961853028,20.420000076293945,19.239999771118164,19.39999961853028,153490400
2021-11-09,15.26607608795166,20.1200008392334,20.51000022888184,19.40999984741211,20.51000022888184,164928500
2021-11-10,14.689428329467772,19.36000061035156,20.46999931335449,19.059999465942383,19.8799991607666,229109600
2021-11-11,14.833587646484377,19.549999237060547,19.84000015258789,19.26000022888184,19.63999938964844,96436500
2021-11-12,14.795649528503418,19.5,19.6200008392334,19.209999084472656,19.3799991607666,77837900
2021-11-15,15.068801879882812,19.86000061035156,19.950000762939453,19.13999938964844,19.459999084472656,84838600
2021-11-16,15.015689849853516,19.790000915527344,20.059999465942383,19.530000686645508,19.89999961853028,66557200
2021-11-17,15.144676208496094,19.959999084472656,20.01000022888184,19.440000534057617,19.739999771118164,80855200
2021-11-18,14.91590404510498,19.559999465942383,20.26000022888184,19.36000061035156,20.15999984741211,111368800
2021-11-19,14.786266326904297,19.38999938964844,19.670000076293945,19.239999771118164,19.63999938964844,64610400
2021-11-22,15.617470741271973,20.479999542236328,20.790000915527344,19.309999465942383,19.38999938964844,137861700
2021-11-23,15.403952598571776,20.200000762939453,20.530000686645508,19.96999931335449,20.43000030517578,90984500
2021-11-24,15.442078590393066,20.25,20.34000015258789,19.780000686645508,19.96999931335449,77324300
2021-11-26,15.060792922973633,19.75,19.84000015258789,19.46999931335449,19.65999984741211,49434000
2021-11-29,14.999788284301758,19.670000076293945,20.190000534057617,19.489999771118164,20.06999969482422,68778700
2021-11-30,14.63375186920166,19.190000534057617,19.950000762939453,19.030000686645508,19.6200008392334,103238400
2021-12-01,14.931159019470217,19.57999992370605,20.46999931335449,19.530000686645508,19.6299991607666,125295600
2021-12-02,15.152298927307127,19.8700008392334,20.11000061035156,19.280000686645508,19.5,94142300
2021-12-03,14.595623970031738,19.13999938964844,20.39999961853028,18.93000030517578,20.3700008392334,120275200
2021-12-06,14.656627655029297,19.21999931335449,19.489999771118164,18.61000061035156,19.229999542236328,88147400
2021-12-07,15.220932960510254,19.959999084472656,20.059999465942383,19.520000457763672,19.64999961853028,75885600
2021-12-08,15.106548309326172,19.809999465942383,20.190000534057617,19.75,20.18000030517578,63246800
2021-12-09,14.923529624938965,19.56999969482422,19.93000030517578,19.540000915527344,19.76000022888184,63357600
2021-12-10,16.35716438293457,21.450000762939453,21.489999771118164,19.76000022888184,19.770000457763672,169657200
2021-12-13,15.579344749450684,20.43000030517578,21.299999237060547,20.1299991607666,21.239999771118164,126632300
2021-12-14,15.289560317993164,20.049999237060547,20.18000030517578,19.3799991607666,19.799999237060547,124559700
2021-12-15,15.396327018737791,20.190000534057617,20.32999992370605,19.549999237060547,19.989999771118164,79679700
2021-12-16,15.518335342407228,20.350000381469727,21.100000381469727,20.26000022888184,20.56999969482422,107020900
2021-12-17,15.076045036315918,19.770000457763672,20.239999771118164,19.600000381469727,20.030000686645508,98710700
2021-12-20,14.809147834777832,19.420000076293945,19.6200008392334,19.049999237060547,19.459999084472656,74565600
2021-12-21,14.954035758972168,19.61000061035156,19.790000915527344,19.32999992370605,19.75,58930900
2021-12-22,15.358198165893556,20.13999938964844,20.34000015258789,19.63999938964844,19.63999938964844,75806400
2021-12-23,15.442078590393066,20.25,20.40999984741211,20.0,20.07999992370605,50610500
2021-12-27,15.861492156982422,20.799999237060547,20.88999938964844,20.100000381469727,20.26000022888184,59651800
2021-12-28,15.830987930297852,20.76000022888184,21.059999465942383,20.59000015258789,20.65999984741211,53020500
2021-12-29,15.678479194641112,20.559999465942383,20.770000457763672,20.450000762939453,20.709999084472656,37883000
2021-12-30,15.609843254089355,20.46999931335449,20.959999084472656,20.46999931335449,20.59000015258789,51470100
2021-12-31,15.83862018585205,20.770000457763672,21.01000022888184,20.459999084472656,20.459999084472656,51899600
2022-01-03,16.601186752319336,21.770000457763672,21.8799991607666,21.059999465942383,21.270000457763672,110449000
2022-01-04,18.53811836242676,24.309999465942383,24.559999465942383,22.420000076293945,22.520000457763672,311645200
2022-01-05,18.042449951171875,23.65999984741211,24.950000762939453,23.46999931335449,24.059999465942383,253540000
2022-01-06,18.65250396728516,24.459999084472656,24.6200008392334,23.36000061035156,24.09000015258789,155058800
2022-01-07,18.637256622314453,24.440000534057617,24.90999984741211,24.040000915527344,24.670000076293945,127017500
2022-01-10,18.18733787536621,23.850000381469727,24.440000534057617,23.350000381469727,24.100000381469727,122800700
2022-01-11,18.56862449645996,24.350000381469727,24.350000381469727,23.280000686645508,23.780000686645508,106011600
2022-01-12,18.660131454467773,24.46999931335449,24.84000015258789,24.01000022888184,24.61000061035156,104050000
2022-01-13,19.07954788208008,25.020000457763672,25.8700008392334,24.3700008392334,24.63999938964844,185780500
2022-01-14,19.20918655395508,25.190000534057617,25.280000686645508,24.299999237060547,24.46999931335449,146012200
2022-01-18,18.59149742126465,24.3799991607666,25.1299991607666,24.299999237060547,24.8700008392334,110518100
2022-01-19,17.119735717773438,22.450000762939453,24.920000076293945,22.40999984741211,24.64999961853028,153198200
2022-01-20,16.50967788696289,21.64999961853028,22.8799991607666,21.56999969482422,21.8799991607666,152014100
2022-01-21,15.74710750579834,20.64999961853028,21.5,20.540000915527344,21.209999084472656,145532900
2022-01-24,15.54883861541748,20.38999938964844,20.46999931335449,18.799999237060547,19.93000030517578,186674000
2022-01-25,15.236184120178224,19.979999542236328,20.309999465942383,19.559999465942383,20.0,116775800
2022-01-26,15.182805061340332,19.90999984741211,21.040000915527344,19.56999969482422,21.01000022888184,135786400
2022-01-27,14.908278465270996,19.549999237060547,20.64999961853028,19.40999984741211,20.309999465942383,105674400
2022-01-28,14.97726058959961,19.540000915527344,19.549999237060547,18.920000076293945,19.31999969482422,87677100
2022-01-31,15.559800148010254,20.299999237060547,20.32999992370605,19.3700008392334,19.57999992370605,91361900
2022-02-01,15.835733413696287,20.65999984741211,20.850000381469727,19.920000076293945,20.61000061035156,117651800
2022-02-02,15.812737464904783,20.6299991607666,21.049999237060547,20.18000030517578,20.809999465942383,95377600
2022-02-03,15.245535850524902,19.88999938964844,20.6200008392334,19.8700008392334,20.170000076293945,103016000
2022-02-04,13.76620388031006,17.959999084472656,18.59000015258789,17.520000457763672,18.520000457763672,211100500
2022-02-07,13.71255111694336,17.889999389648438,18.1200008392334,17.700000762939453,17.729999542236328,84610000
2022-02-08,13.582245826721191,17.719999313354492,17.90999984741211,17.020000457763672,17.579999923706055,142694300
2022-02-09,14.065136909484863,18.350000381469727,18.43000030517578,18.030000686645508,18.270000457763672,87118600
2022-02-10,13.858184814453123,18.07999992370605,18.6299991607666,17.920000076293945,17.969999313354492,76195300
2022-02-11,13.451943397521973,17.549999237060547,18.36000061035156,17.420000076293945,18.100000381469727,94534100
2022-02-14,13.382959365844728,17.459999084472656,17.729999542236328,17.290000915527344,17.510000228881836,78625000
2022-02-15,13.858184814453123,18.07999992370605,18.1299991607666,17.719999313354492,17.799999237060547,65883300
2022-02-16,13.80453109741211,18.010000228881836,18.209999084472656,17.739999771118164,17.889999389648438,57442100
2022-02-17,13.444278717041016,17.540000915527344,17.940000534057617,17.5,17.860000610351562,55368600
2022-02-18,13.827527046203612,18.040000915527344,18.479999542236328,17.56999969482422,17.600000381469727,106404200
2022-02-22,13.252656936645508,17.290000915527344,17.760000228881836,17.06999969482422,17.670000076293945,98550700
2022-02-23,12.992048263549805,16.950000762939453,17.729999542236328,16.8799991607666,17.5,79855400
2022-02-24,13.145346641540527,17.149999618530273,17.190000534057617,15.960000038146973,15.989999771118164,110443900
2022-02-25,13.666561126708984,17.829999923706055,17.899999618530273,17.1200008392334,17.25,78888000
2022-02-28,13.459609031677246,17.559999465942383,17.68000030517578,17.209999084472656,17.34000015258789,82367800
2022-03-01,12.80042839050293,16.700000762939453,17.40999984741211,16.450000762939453,17.40999984741211,94819500
2022-03-02,13.87351417541504,18.100000381469727,18.25,17.299999237060547,17.5,138638200
2022-03-03,13.490266799926758,17.600000381469727,18.25,17.440000534057617,18.25,95395500
2022-03-04,12.915399551391602,16.850000381469727,17.389999389648438,16.639999389648438,17.350000381469727,91304000
2022-03-07,12.240884780883787,15.970000267028809,16.899999618530273,15.970000267028809,16.84000015258789,87999200
2022-03-08,12.286874771118164,16.030000686645508,16.719999313354492,15.770000457763672,16.059999465942383,101020300
2022-03-09,12.547484397888184,16.3700008392334,16.829999923706055,16.280000686645508,16.649999618530273,62846700
2022-03-10,12.516822814941406,16.329999923706055,16.40999984741211,15.760000228881836,16.110000610351562,72992600
2022-03-11,12.294541358947754,16.040000915527344,16.479999542236328,16.010000228881836,16.399999618530273,54985900
2022-03-14,12.064592361450195,15.739999771118164,16.229999542236328,15.510000228881836,16.09000015258789,66341700
2022-03-15,12.309868812561035,16.059999465942383,16.139999389648438,15.529999732971191,15.770000457763672,65263700
2022-03-16,12.70844554901123,16.579999923706055,16.6299991607666,16.059999465942383,16.469999313354492,82677600
2022-03-17,12.70844554901123,16.579999923706055,16.579999923706055,16.15999984741211,16.229999542236328,58500200
2022-03-18,12.92306423187256,16.860000610351562,16.899999618530273,16.280000686645508,16.420000076293945,89144000
2022-03-21,12.631796836853027,16.479999542236328,17.110000610351562,16.329999923706055,16.8700008392334,72583600
2022-03-22,13.099360466003418,17.09000015258789,17.309999465942383,16.700000762939453,16.719999313354492,77647100
2022-03-23,12.78509521484375,16.68000030517578,17.049999237060547,16.56999969482422,16.81999969482422,63296800
2022-03-24,12.900069236755373,16.829999923706055,16.979999542236328,16.639999389648438,16.739999771118164,56314200
2022-03-25,12.624131202697754,16.469999313354492,16.780000686645508,16.34000015258789,16.739999771118164,62023100
2022-03-28,12.777429580688477,16.670000076293945,16.68000030517578,16.280000686645508,16.549999237060547,54634400
2022-03-29,13.60524082183838,17.75,17.799999237060547,17.010000228881836,17.010000228881836,90676900
2022-03-30,13.23732566833496,17.270000457763672,17.65999984741211,17.200000762939453,17.520000457763672,57853400
2022-03-31,12.961389541625977,16.90999984741211,17.350000381469727,16.5,17.200000762939453,52529400
2022-04-01,12.762100219726562,16.649999618530273,17.149999618530273,16.34000015258789,17.010000228881836,64695700
2022-04-04,12.769766807556152,16.65999984741211,16.729999542236328,16.360000610351562,16.65999984741211,51146500
2022-04-05,12.125911712646484,15.81999969482422,16.6200008392334,15.8100004196167,16.459999084472656,91708000
2022-04-06,11.796320915222168,15.390000343322754,15.800000190734863,15.18000030517578,15.600000381469728,102881600
2022-04-07,11.466727256774902,14.960000038146973,15.210000038146973,14.5600004196167,15.06999969482422,101229100
2022-04-08,11.535711288452148,15.050000190734863,15.4399995803833,14.8100004196167,14.9399995803833,75085800
2022-04-11,11.71200466156006,15.279999732971191,15.770000457763672,14.890000343322754,14.890000343322754,66117100
2022-04-12,11.773323059082031,15.359999656677246,15.720000267028809,15.279999732971191,15.5,49138700
2022-04-13,11.888298034667969,15.510000228881836,15.550000190734863,15.220000267028809,15.3100004196167,51871800
2022-04-14,11.86530303955078,15.479999542236328,15.760000228881836,15.460000038146973,15.5,39312900
2022-04-18,12.010939598083496,15.670000076293944,15.789999961853027,15.369999885559082,15.369999885559082,40205800
2022-04-19,12.37885284423828,16.149999618530273,16.229999542236328,15.739999771118164,15.739999771118164,55398300
2022-04-20,12.302204132080078,16.049999237060547,16.549999237060547,16.010000228881836,16.229999542236328,47351500
2022-04-21,12.03393268585205,15.699999809265137,16.56999969482422,15.609999656677246,16.479999542236328,49898500
2022-04-22,11.597030639648438,15.130000114440918,15.640000343322754,15.0,15.550000190734863,56193700
2022-04-25,11.720484733581545,15.1899995803833,15.199999809265137,14.619999885559082,14.90999984741211,58361400
2022-04-26,11.350122451782228,14.710000038146973,15.140000343322754,14.670000076293944,15.100000381469728,60345300
2022-04-27,11.458144187927246,14.850000381469728,15.100000381469728,14.600000381469728,14.789999961853027,65847900
2022-04-28,11.280679702758787,14.619999885559082,14.989999771118164,13.899999618530272,14.90999984741211,131556500
2022-04-29,10.925745964050291,14.15999984741211,14.970000267028809,14.100000381469728,14.59000015258789,83184900
2022-05-02,11.0106201171875,14.270000457763672,14.289999961853027,13.81999969482422,14.020000457763672,64734000
2022-05-03,11.234384536743164,14.5600004196167,14.75,14.199999809265137,14.3100004196167,55734200
2022-05-04,11.55845069885254,14.979999542236328,15.0,14.260000228881836,14.510000228881836,59774900
2022-05-05,11.211236000061035,14.529999732971191,14.81999969482422,14.34000015258789,14.81999969482422,57889200
2022-05-06,10.964325904846191,14.210000038146973,14.600000381469728,14.0,14.460000038146973,66622200
2022-05-09,10.316189765930176,13.369999885559082,14.170000076293944,13.3100004196167,13.850000381469728,71242000
2022-05-10,10.300756454467772,13.350000381469728,13.84000015258789,13.020000457763672,13.800000190734863,75506700
2022-05-11,9.899529457092283,12.829999923706056,13.619999885559082,12.789999961853027,13.199999809265137,71644900
2022-05-12,9.59860610961914,12.4399995803833,12.800000190734863,12.149999618530272,12.210000038146973,113203900
2022-05-13,10.416496276855469,13.5,13.630000114440918,12.869999885559082,12.880000114440918,78944200
2022-05-16,10.069278717041016,13.050000190734863,13.520000457763672,12.979999542236328,13.489999771118164,65055400
2022-05-17,10.439644813537598,13.529999732971191,13.529999732971191,13.15999984741211,13.34000015258789,50891400
2022-05-18,9.860947608947754,12.779999732971191,13.359999656677246,12.710000038146973,13.25,68362500
2022-05-19,9.914959907531738,12.850000381469728,13.119999885559082,12.630000114440918,12.640000343322754,58459600
2022-05-20,9.644903182983398,12.5,13.119999885559082,12.06999969482422,13.050000190734863,78183400
2022-05-23,9.899529457092283,12.829999923706056,12.949999809265137,12.5,12.640000343322754,51929600
2022-05-24,9.583176612854004,12.420000076293944,12.68000030517578,12.270000457763672,12.600000381469728,51082800
2022-05-25,9.806937217712402,12.710000038146973,12.8100004196167,12.31999969482422,12.329999923706056,41193100
2022-05-26,10.123289108276367,13.119999885559082,13.199999809265137,12.789999961853027,12.800000190734863,45709200
2022-05-27,10.516802787780762,13.630000114440918,13.630000114440918,13.239999771118164,13.260000228881836,54195700
2022-05-31,10.555381774902344,13.68000030517578,13.81999969482422,13.350000381469728,13.68000030517578,79689900
2022-06-01,10.45507526397705,13.550000190734863,13.970000267028809,13.399999618530272,13.880000114440918,50726200
2022-06-02,10.717415809631348,13.890000343322754,13.960000038146973,13.600000381469728,13.640000343322754,42979700
2022-06-03,10.416496276855469,13.5,13.779999732971191,13.359999656677246,13.630000114440918,43625200
2022-06-06,10.38563060760498,13.460000038146973,13.739999771118164,13.380000114440918,13.739999771118164,37711100
2022-06-07,10.601677894592283,13.739999771118164,13.770000457763672,13.1899995803833,13.260000228881836,38940300
2022-06-08,10.439644813537598,13.529999732971191,13.850000381469728,13.4399995803833,13.630000114440918,39441900
2022-06-09,10.246744155883787,13.279999732971191,13.59000015258789,13.279999732971191,13.510000228881836,30468000
2022-06-10,9.837801933288574,12.75,13.210000038146973,12.630000114440918,13.0,55644400
2022-06-13,9.112504005432127,11.8100004196167,12.380000114440918,11.739999771118164,12.300000190734863,80676300
2022-06-14,9.413424491882324,12.199999809265137,12.420000076293944,11.90999984741211,11.989999771118164,82369300
2022-06-15,9.467435836791992,12.270000457763672,12.420000076293944,12.0,12.220000267028809,70393200
2022-06-16,8.680412292480469,11.25,11.90999984741211,11.119999885559082,11.800000190734863,80380100
2022-06-17,8.664981842041016,11.229999542236328,11.4399995803833,10.899999618530272,11.239999771118164,80248800
2022-06-21,8.842448234558105,11.460000038146973,11.65999984741211,11.350000381469728,11.550000190734863,66283400
2022-06-22,8.857877731323242,11.479999542236328,11.68000030517578,11.210000038146973,11.260000228881836,46098900
2022-06-23,8.91960620880127,11.5600004196167,11.579999923706056,11.25,11.5,53655000
2022-06-24,9.266823768615724,12.010000228881836,12.119999885559082,11.56999969482422,11.649999618530272,55457600
2022-06-27,9.289969444274902,12.039999961853027,12.18000030517578,11.899999618530272,12.119999885559082,44009900
2022-06-28,9.112504005432127,11.8100004196167,12.4399995803833,11.800000190734863,12.140000343322754,45866900
2022-06-29,8.88874340057373,11.520000457763672,11.760000228881836,11.380000114440918,11.739999771118164,39474200
2022-06-30,8.587820053100586,11.130000114440918,11.359999656677246,10.93000030517578,11.239999771118164,59238200
2022-07-01,8.734423637390137,11.31999969482422,11.5,10.989999771118164,11.100000381469728,54356000
2022-07-05,8.64183235168457,11.199999809265137,11.210000038146973,10.609999656677246,11.050000190734863,87269800
2022-07-06,8.533812522888184,11.0600004196167,11.270000457763672,10.84000015258789,11.149999618530272,71282900
2022-07-07,8.989048957824707,11.649999618530272,11.720000267028809,11.329999923706056,11.329999923706056,63000400
2022-07-08,8.965901374816895,11.619999885559082,11.779999732971191,11.479999542236328,11.649999618530272,55235600
2022-07-11,8.71127700805664,11.289999961853027,11.65999984741211,11.270000457763672,11.539999961853027,48833600
2022-07-12,8.91960620880127,11.5600004196167,11.720000267028809,11.270000457763672,11.289999961853027,58414500
2022-07-13,8.881027221679688,11.510000228881836,11.579999923706056,11.170000076293944,11.3100004196167,48274300
2022-07-14,8.788434982299805,11.390000343322754,11.399999618530272,11.140000343322754,11.220000267028809,48176300
2022-07-15,9.166516304016112,11.880000114440918,11.899999618530272,11.489999771118164,11.579999923706056,49306900
2022-07-18,9.228242874145508,11.960000038146973,12.25,11.899999618530272,12.149999618530272,45873400
2022-07-19,9.71434497833252,12.59000015258789,12.6899995803833,12.210000038146973,12.220000267028809,62650800
2022-07-20,9.822369575500488,12.729999542236328,12.81999969482422,12.510000228881836,12.600000381469728,51932200
2022-07-21,10.030696868896484,13.0,13.0,12.630000114440918,12.880000114440918,66949200
2022-07-22,9.891813278198242,12.81999969482422,13.140000343322754,12.720000267028809,13.100000381469728,46724700
2022-07-25,9.907244682312012,12.84000015258789,12.989999771118164,12.600000381469728,12.850000381469728,36830500
2022-07-26,9.675765991210938,12.539999961853027,12.760000228881836,12.460000038146973,12.68000030517578,49272300
2022-07-27,10.177301406860352,13.1899995803833,13.1899995803833,12.630000114440918,12.75,64572300
2022-07-28,10.802290916442873,14.0,14.09000015258789,13.380000114440918,13.9399995803833,144096500
2022-07-29,11.33469009399414,14.6899995803833,14.789999961853027,14.010000228881836,14.109999656677246,94551600
2022-08-01,11.836224555969238,15.34000015258789,15.43000030517578,14.550000190734863,14.65999984741211,109521700
2022-08-02,11.697339057922363,15.15999984741211,15.449999809265137,15.119999885559082,15.199999809265137,74626800
2022-08-03,12.106283187866213,15.6899995803833,16.149999618530273,15.460000038146973,15.479999542236328,95846000
2022-08-04,11.859373092651367,15.369999885559082,15.670000076293944,15.3100004196167,15.649999618530272,85039800
2022-08-05,11.805360794067385,15.300000190734863,15.470000267028809,15.130000114440918,15.229999542236328,68093500
2022-08-08,12.175725936889648,15.779999732971191,16.040000915527344,15.550000190734863,15.56999969482422,75988100
2022-08-09,11.720484733581545,15.1899995803833,15.699999809265137,15.149999618530272,15.65999984741211,67676800
2022-08-10,12.07895851135254,15.5,15.579999923706056,15.229999542236328,15.470000267028809,71607000
2022-08-11,12.336122512817385,15.829999923706056,15.920000076293944,15.609999656677246,15.800000190734863,61567000
2022-08-12,12.608874320983888,16.18000030517578,16.219999313354492,15.84000015258789,15.949999809265137,53182500
2022-08-15,12.717974662780762,16.31999969482422,16.450000762939453,15.9399995803833,16.0,51779600
2022-08-16,12.803696632385254,16.43000030517578,16.68000030517578,16.260000228881836,16.299999237060547,54028900
2022-08-17,12.49198055267334,16.030000686645508,16.270000457763672,15.899999618530272,16.15999984741211,57118300
2022-08-18,12.585494041442873,16.149999618530273,16.209999084472656,15.859999656677246,15.989999771118164,39414200
2022-08-19,12.37508773803711,15.880000114440918,16.139999389648438,15.770000457763672,15.949999809265137,48597200
2022-08-22,11.751659393310549,15.079999923706056,15.210000038146973,14.90999984741211,15.079999923706056,71321800
2022-08-23,11.938688278198242,15.31999969482422,15.420000076293944,15.09000015258789,15.09000015258789,51289000
2022-08-24,12.094545364379885,15.520000457763672,15.65999984741211,15.239999771118164,15.31999969482422,39508700
2022-08-25,12.41405200958252,15.93000030517578,16.040000915527344,15.579999923706056,15.600000381469728,56401300
2022-08-26,12.00882339477539,15.40999984741211,16.09000015258789,15.40999984741211,16.010000228881836,54517300
2022-08-29,12.133509635925291,15.56999969482422,15.710000038146973,15.1899995803833,15.199999809265137,50416500
2022-08-30,12.039994239807127,15.449999809265137,15.800000190734863,15.170000076293944,15.699999809265137,66034400
2022-08-31,11.876343727111816,15.239999771118164,15.520000457763672,15.239999771118164,15.520000457763672,52058200
2022-09-01,11.83737850189209,15.1899995803833,15.220000267028809,14.779999732971191,15.100000381469728,65299800
2022-09-02,11.814002990722656,15.15999984741211,15.56999969482422,15.0600004196167,15.529999732971191,64565400
2022-09-06,11.712693214416504,15.029999732971191,15.239999771118164,14.84000015258789,15.220000267028809,58676700
2022-09-07,12.024409294128418,15.43000030517578,15.489999771118164,14.789999961853027,14.90999984741211,55087200
2022-09-08,12.055580139160156,15.470000267028809,15.479999542236328,15.020000457763672,15.15999984741211,60075900
2022-09-09,12.016616821289062,15.420000076293944,15.699999809265137,15.31999969482422,15.600000381469728,63328600
2022-09-12,12.11012840270996,15.539999961853027,15.739999771118164,15.449999809265137,15.550000190734863,52656500
2022-09-13,11.486700057983398,14.739999771118164,15.130000114440918,14.699999809265137,15.0,80842500
2022-09-14,11.424357414245604,14.65999984741211,14.850000381469728,14.449999809265137,14.760000228881836,59571800
2022-09-15,11.603593826293944,14.890000343322754,15.210000038146973,14.68000030517578,14.6899995803833,61377000
2022-09-16,11.471114158630373,14.720000267028809,14.739999771118164,14.470000267028809,14.619999885559082,68454800
2022-09-19,11.634763717651367,14.93000030517578,14.960000038146973,14.489999771118164,14.5,48696200
2022-09-20,10.200876235961914,13.09000015258789,14.229999542236328,13.010000228881836,14.09000015258789,196340000
2022-09-21,10.16970443725586,13.050000190734863,13.59000015258789,13.050000190734863,13.239999771118164,94271600
2022-09-22,9.95150375366211,12.770000457763672,13.239999771118164,12.75,13.119999885559082,82004400
2022-09-23,9.593029975891112,12.3100004196167,12.4399995803833,11.949999809265137,12.329999923706056,104043700
2022-09-26,9.34365940093994,11.989999771118164,12.380000114440918,11.93000030517578,12.210000038146973,89300400
2022-09-27,9.281316757202148,11.90999984741211,12.220000267028809,11.65999984741211,12.210000038146973,87044400
2022-09-28,9.491724967956545,12.18000030517578,12.239999771118164,11.760000228881836,11.90999984741211,72701600
2022-09-29,8.938427925109863,11.470000267028809,11.880000114440918,11.359999656677246,11.850000381469728,84534900
2022-09-30,8.728021621704102,11.199999809265137,11.529999732971191,11.1899995803833,11.390000343322754,71688200
2022-10-03,8.938427925109863,11.470000267028809,11.59000015258789,11.130000114440918,11.380000114440918,66198300
2022-10-04,9.631994247436523,12.359999656677246,12.369999885559082,11.9399995803833,11.960000038146973,87629200
2022-10-05,9.748888969421388,12.510000228881836,12.5600004196167,12.130000114440918,12.380000114440918,87919100
2022-10-06,9.631994247436523,12.359999656677246,12.630000114440918,12.1899995803833,12.359999656677246,64531900
2022-10-07,9.507308959960938,12.199999809265137,12.300000190734863,12.0,12.18000030517578,56494500
2022-10-10,8.852706909179688,11.359999656677246,11.550000190734863,11.199999809265137,11.470000267028809,115548900
2022-10-11,9.008564949035645,11.5600004196167,11.869999885559082,11.18000030517578,11.300000190734863,75173200
2022-10-12,8.992980003356934,11.539999961853027,11.699999809265137,11.350000381469728,11.479999542236328,59628500
2022-10-13,9.172215461730955,11.770000457763672,11.890000343322754,11.199999809265137,11.239999771118164,70487400
2022-10-14,9.09428596496582,11.670000076293944,11.850000381469728,11.5600004196167,11.800000190734863,55127700
2022-10-17,9.218974113464355,11.829999923706056,11.989999771118164,11.65999984741211,11.979999542236328,59561700
2022-10-18,9.374831199645996,12.029999732971191,12.25,11.90999984741211,12.220000267028809,53603400
2022-10-19,9.4527587890625,12.130000114440918,12.140000343322754,11.859999656677246,11.90999984741211,54130000
2022-10-20,9.172215461730955,11.770000457763672,12.199999809265137,11.729999542236328,12.130000114440918,55568100
2022-10-21,9.49951457977295,12.1899995803833,12.25,11.68000030517578,11.739999771118164,55132700
2022-10-24,9.725508689880373,12.479999542236328,12.649999618530272,12.18000030517578,12.300000190734863,64717700
2022-10-25,9.998260498046877,12.829999923706056,13.029999732971191,12.460000038146973,12.579999923706056,66391600
2022-10-26,9.99046802520752,12.81999969482422,13.0600004196167,12.520000457763672,12.800000190734863,86833600
2022-10-27,10.130738258361816,13.0,13.220000267028809,12.420000076293944,12.770000457763672,88421500
2022-10-28,10.333353996276855,13.260000228881836,13.3100004196167,12.970000267028809,13.0,55777900
2022-10-31,10.41907787322998,13.369999885559082,13.510000228881836,13.140000343322754,13.149999618530272,54676700
2022-11-01,10.442453384399414,13.399999618530272,13.649999618530272,13.15999984741211,13.56999969482422,47454700
2022-11-02,10.177496910095217,13.0600004196167,13.670000076293944,13.0600004196167,13.220000267028809,73673500
2022-11-03,10.333353996276855,13.260000228881836,13.460000038146973,12.770000457763672,12.8100004196167,58782600
2022-11-04,10.528176307678224,13.510000228881836,13.770000457763672,13.270000457763672,13.56999969482422,61489100
2022-11-07,10.676241874694824,13.699999809265137,13.760000228881836,13.369999885559082,13.609999656677246,48176900
2022-11-08,10.691826820373535,13.720000267028809,13.800000190734863,13.510000228881836,13.779999732971191,52731900
2022-11-09,10.372318267822266,13.3100004196167,13.699999809265137,13.279999732971191,13.56999969482422,74199200
2022-11-10,11.050298690795898,14.18000030517578,14.359999656677246,13.670000076293944,13.6899995803833,75638500
2022-11-11,11.299671173095703,14.5,14.670000076293944,14.199999809265137,14.260000228881836,60187600
2022-11-14,11.07131576538086,14.0600004196167,14.350000381469728,14.0600004196167,14.229999542236328,57691600
2022-11-15,11.260300636291504,14.300000190734863,14.579999923706056,14.199999809265137,14.289999961853027,61835700
2022-11-16,10.945323944091797,13.899999618530272,14.170000076293944,13.84000015258789,14.100000381469728,47484200
2022-11-17,10.953200340270996,13.90999984741211,13.90999984741211,13.550000190734863,13.65999984741211,54317900
2022-11-18,11.016193389892578,13.989999771118164,14.130000114440918,13.81999969482422,14.079999923706056,37101900
2022-11-21,10.984698295593262,13.949999809265137,14.039999961853027,13.65999984741211,13.859999656677246,34087100
2022-11-22,11.079188346862791,14.06999969482422,14.149999618530272,13.979999542236328,14.050000190734863,28738800
2022-11-23,11.047690391540527,14.029999732971191,14.0600004196167,13.850000381469728,14.0,25974200
2022-11-25,11.08706283569336,14.079999923706056,14.109999656677246,13.899999618530272,13.960000038146973,12980900
2022-11-28,10.811461448669434,13.729999542236328,13.960000038146973,13.699999809265137,13.9399995803833,35249700
2022-11-29,10.827211380004885,13.75,13.899999618530272,13.710000038146973,13.850000381469728,28380800
2022-11-30,10.945323944091797,13.899999618530272,13.949999809265137,13.449999809265137,13.779999732971191,61537300
2022-12-01,11.08706283569336,14.079999923706056,14.359999656677246,14.0,14.09000015258789,45335100
2022-12-02,10.913827896118164,13.859999656677246,13.970000267028809,13.75,13.84000015258789,42417400
2022-12-05,10.535861015319824,13.380000114440918,13.770000457763672,13.369999885559082,13.75,39714500
2022-12-06,10.457117080688477,13.279999732971191,13.56999969482422,13.0600004196167,13.420000076293944,39996000
2022-12-07,10.315380096435549,13.100000381469728,13.420000076293944,13.09000015258789,13.199999809265137,36609800
2022-12-08,10.331125259399414,13.119999885559082,13.260000228881836,13.06999969482422,13.199999809265137,32376300
2022-12-09,10.378374099731444,13.18000030517578,13.359999656677246,13.039999961853027,13.039999961853027,41553600
2022-12-12,10.598854064941406,13.460000038146973,13.470000267028809,13.100000381469728,13.199999809265137,35473800
2022-12-13,10.685473442077637,13.56999969482422,13.920000076293944,13.369999885559082,13.779999732971191,57872100
2022-12-14,10.61460304260254,13.479999542236328,13.779999732971191,13.359999656677246,13.56999969482422,51199900
2022-12-15,10.260258674621582,13.029999732971191,13.260000228881836,12.949999809265137,13.229999542236328,55725300
2022-12-16,9.543694496154783,12.119999885559082,12.81999969482422,12.079999923706056,12.770000457763672,118345700
2022-12-19,9.205096244812012,11.6899995803833,12.170000076293944,11.539999961853027,12.119999885559082,88062500
2022-12-20,9.0318603515625,11.470000267028809,11.68000030517578,11.119999885559082,11.649999618530272,82057900
2022-12-21,9.275965690612791,11.779999732971191,11.789999961853027,11.550000190734863,11.609999656677246,49256000
2022-12-22,8.90587329864502,11.3100004196167,11.539999961853027,11.100000381469728,11.539999961853027,75158700
2022-12-23,8.945243835449219,11.359999656677246,11.399999618530272,11.220000267028809,11.270000457763672,38200700
2022-12-27,8.819254875183105,11.199999809265137,11.390000343322754,11.130000114440918,11.279999732971191,44837400
2022-12-28,8.622396469116211,10.949999809265137,11.25,10.899999618530272,11.18000030517578,49375400
2022-12-29,9.08698272705078,11.539999961853027,11.550000190734863,11.050000190734863,11.079999923706056,53550300
2022-12-30,9.15785312652588,11.630000114440918,11.640000343322754,11.390000343322754,11.399999618530272,39232200
2023-01-03,9.197222709655762,11.68000030517578,11.920000076293944,11.56999969482422,11.81999969482422,45809000
2023-01-04,9.457077980041504,12.010000228881836,12.079999923706056,11.739999771118164,11.880000114440918,53429700
2023-01-05,9.6460599899292,12.25,12.380000114440918,11.880000114440918,12.109999656677246,50785600
2023-01-06,9.905912399291992,12.579999923706056,12.59000015258789,12.100000381469728,12.119999885559082,53089100
2023-01-09,9.992530822753906,12.6899995803833,12.93000030517578,12.550000190734863,12.739999771118164,50865500
2023-01-10,10.110647201538086,12.84000015258789,12.869999885559082,12.5,12.68000030517578,47065500
2023-01-11,10.409872055053713,13.220000267028809,13.260000228881836,12.890000343322754,12.93000030517578,51911600
2023-01-12,10.57523250579834,13.43000030517578,13.529999732971191,13.109999656677246,13.270000457763672,58113700
2023-01-13,10.016154289245604,12.720000267028809,12.81999969482422,12.470000267028809,12.630000114440918,96444000
2023-01-17,9.976783752441406,12.670000076293944,12.850000381469728,12.43000030517578,12.710000038146973,60774900
2023-01-18,9.772049903869627,12.40999984741211,12.850000381469728,12.399999618530272,12.789999961853027,48774400
2023-01-19,9.590941429138184,12.18000030517578,12.359999656677246,12.039999961853027,12.289999961853027,52918500
2023-01-20,9.764175415039062,12.399999618530272,12.420000076293944,12.079999923706056,12.210000038146973,44349200
2023-01-23,10.079148292541504,12.800000190734863,12.90999984741211,12.43000030517578,12.479999542236328,49688000
2023-01-24,10.031902313232422,12.739999771118164,12.899999618530272,12.619999885559082,12.68000030517578,41537400
2023-01-25,10.071276664733888,12.789999961853027,12.850000381469728,12.489999771118164,12.600000381469728,37739000
2023-01-26,10.173640251159668,12.920000076293944,13.06999969482422,12.710000038146973,12.989999771118164,48970900
2023-01-27,10.449243545532228,13.270000457763672,13.369999885559082,12.869999885559082,12.880000114440918,62114600
2023-01-30,10.150019645690918,12.890000343322754,13.199999809265137,12.859999656677246,13.010000228881836,64512600
2023-01-31,10.638228416442873,13.510000228881836,13.56999969482422,13.25,13.390000343322754,83093300
2023-02-01,10.858707427978516,13.789999961853027,13.989999771118164,13.489999771118164,13.520000457763672,70641000
2023-02-02,11.276047706604004,14.31999969482422,14.600000381469728,14.029999732971191,14.170000076293944,102579800
2023-02-03,10.417744636535645,13.229999542236328,13.609999656677246,12.779999732971191,13.050000190734863,165500200
2023-02-06,10.346875190734863,13.140000343322754,13.210000038146973,12.779999732971191,13.15999984741211,77262800
2023-02-07,10.590982437133787,13.449999809265137,13.510000228881836,12.979999542236328,13.079999923706056,70671100
2023-02-08,10.567358016967772,13.420000076293944,13.6899995803833,13.300000190734863,13.300000190734863,62028400
2023-02-09,10.622479438781738,13.489999771118164,13.93000030517578,13.399999618530272,13.65999984741211,78667100
2023-02-10,10.655960083007812,12.729999542236328,12.899999618530272,12.510000228881836,12.84000015258789,68205200
2023-02-13,10.957308769226074,13.09000015258789,13.100000381469728,12.699999809265137,12.710000038146973,64201900
2023-02-14,10.856858253479004,12.970000267028809,13.1899995803833,12.81999969482422,12.989999771118164,75352900
2023-02-15,10.823376655578612,12.93000030517578,12.9399995803833,12.600000381469728,12.75,65850000
2023-02-16,10.806633949279783,12.90999984741211,13.140000343322754,12.510000228881836,12.729999542236328,64145500
2023-02-17,10.789892196655272,12.890000343322754,12.9399995803833,12.649999618530272,12.81999969482422,54401000
2023-02-21,10.212308883666992,12.199999809265137,12.8100004196167,12.170000076293944,12.720000267028809,77724200
2023-02-22,10.22068214416504,12.210000038146973,12.3100004196167,12.140000343322754,12.239999771118164,52844700
2023-02-23,10.103492736816406,12.06999969482422,12.359999656677246,11.880000114440918,12.31999969482422,57952800
2023-02-24,9.944446563720703,11.880000114440918,11.979999542236328,11.75,11.81999969482422,50631600
2023-02-27,10.095122337341309,12.0600004196167,12.420000076293944,11.960000038146973,11.979999542236328,60378100
2023-02-28,10.103492736816406,12.06999969482422,12.18000030517578,12.010000228881836,12.06999969482422,59796800
2023-03-01,10.31276035308838,12.31999969482422,12.539999961853027,12.170000076293944,12.350000381469728,85328800
2023-03-02,10.505287170410156,12.550000190734863,12.550000190734863,12.229999542236328,12.380000114440918,78214100
2023-03-03,10.94893741607666,13.079999923706056,13.109999656677246,12.649999618530272,12.720000267028809,80080200
2023-03-06,10.865229606628418,12.979999542236328,13.18000030517578,12.93000030517578,13.079999923706056,50571200
2023-03-07,10.739667892456056,12.829999923706056,12.979999542236328,12.779999732971191,12.9399995803833,46540400
2023-03-08,10.865229606628418,12.979999542236328,13.010000228881836,12.710000038146973,12.779999732971191,46421000
2023-03-09,10.421579360961914,12.449999809265137,13.079999923706056,12.4399995803833,13.020000457763672,65423500
2023-03-10,10.128604888916016,12.100000381469728,12.510000228881836,12.0,12.43000030517578,73897400
2023-03-13,10.0700101852417,12.029999732971191,12.3100004196167,11.31999969482422,11.93000030517578,119167600
2023-03-14,9.986300468444824,11.93000030517578,12.3100004196167,11.770000457763672,12.210000038146973,93844200
2023-03-15,9.80214500427246,11.710000038146973,11.729999542236328,11.31999969482422,11.5,108909300
2023-03-16,9.894222259521484,11.81999969482422,11.890000343322754,11.420000076293944,11.529999732971191,74017200
2023-03-17,9.458943367004396,11.300000190734863,11.729999542236328,11.119999885559082,11.699999809265137,249885100
2023-03-20,9.35849380493164,11.18000030517578,11.479999542236328,11.149999618530272,11.329999923706056,74975100
2023-03-21,9.81051540374756,11.720000267028809,11.779999732971191,11.380000114440918,11.399999618530272,74794900
2023-03-22,9.60961627960205,11.479999542236328,11.9399995803833,11.470000267028809,11.760000228881836,69729100
2023-03-23,9.559392929077148,11.420000076293944,11.779999732971191,11.270000457763672,11.649999618530272,74225300
2023-03-24,9.63472843170166,11.510000228881836,11.510000228881836,11.18000030517578,11.31999969482422,72425300
2023-03-27,9.64310073852539,11.520000457763672,11.699999809265137,11.40999984741211,11.630000114440918,55941100
2023-03-28,9.71006679534912,11.600000381469728,11.649999618530272,11.460000038146973,11.550000190734863,41385900
2023-03-29,10.086750030517578,12.050000190734863,12.0600004196167,11.710000038146973,11.779999732971191,48655400
2023-03-30,10.28764820098877,12.289999961853027,12.390000343322754,12.199999809265137,12.279999732971191,57751300
2023-03-31,10.54714012145996,12.600000381469728,12.630000114440918,12.390000343322754,12.40999984741211,66868200
2023-04-03,10.614107131958008,12.68000030517578,12.729999542236328,12.479999542236328,12.529999732971191,55956300
2023-04-04,10.647589683532717,12.720000267028809,12.850000381469728,12.510000228881836,12.770000457763672,54655700
2023-04-05,10.40483856201172,12.43000030517578,12.649999618530272,12.220000267028809,12.579999923706056,53332900
2023-04-06,10.32112979888916,12.329999923706056,12.479999542236328,12.289999961853027,12.420000076293944,36355800
2023-04-10,10.647589683532717,12.720000267028809,12.720000267028809,12.15999984741211,12.199999809265137,61326200
2023-04-11,10.773152351379396,12.869999885559082,13.06999969482422,12.789999961853027,12.789999961853027,63633600
2023-04-12,10.605737686157228,12.670000076293944,13.079999923706056,12.649999618530272,13.0600004196167,53845500
2023-04-13,10.429949760437012,12.460000038146973,12.640000343322754,12.220000267028809,12.640000343322754,75485700
2023-04-14,10.480175018310549,12.520000457763672,12.65999984741211,12.420000076293944,12.449999809265137,43542000
2023-04-17,10.614107131958008,12.68000030517578,12.68000030517578,12.460000038146973,12.5,40191100
2023-04-18,10.655960083007812,12.729999542236328,12.760000228881836,12.619999885559082,12.699999809265137,38865900
2023-04-19,10.22905158996582,12.220000267028809,12.600000381469728,12.170000076293944,12.600000381469728,69451800
2023-04-20,9.936077117919922,11.869999885559082,11.93000030517578,11.550000190734863,11.8100004196167,79563100
2023-04-21,9.885852813720703,11.8100004196167,11.920000076293944,11.65999984741211,11.899999618530272,46926500
2023-04-24,10.178827285766602,12.15999984741211,12.18000030517578,11.880000114440918,11.890000343322754,57794700
2023-04-25,9.975420951843262,11.770000457763672,11.979999542236328,11.699999809265137,11.970000267028809,63114700
2023-04-26,9.780488967895508,11.539999961853027,11.859999656677246,11.510000228881836,11.800000190734863,58105300
2023-04-27,9.83981704711914,11.609999656677246,11.710000038146973,11.4399995803833,11.609999656677246,53280300
2023-04-28,10.068650245666504,11.880000114440918,11.9399995803833,11.56999969482422,11.59000015258789,55045000
2023-05-01,10.221205711364746,12.0600004196167,12.289999961853027,11.989999771118164,12.010000228881836,59834200
2023-05-02,10.000846862792969,11.800000190734863,12.09000015258789,11.65999984741211,12.050000190734863,91090400
2023-05-03,9.992369651794434,11.789999961853027,12.09000015258789,11.729999542236328,11.739999771118164,94050700
2023-05-04,9.797439575195312,11.5600004196167,11.829999923706056,11.470000267028809,11.800000190734863,79792900
2023-05-05,10.161877632141112,11.989999771118164,12.039999961853027,11.720000267028809,11.789999961853027,64173300
2023-05-08,10.187304496765137,12.020000457763672,12.0600004196167,11.850000381469728,12.020000457763672,49943800
2023-05-09,10.051698684692385,11.859999656677246,11.93000030517578,11.779999732971191,11.890000343322754,42878300
2023-05-10,10.077123641967772,11.890000343322754,12.039999961853027,11.729999542236328,12.020000457763672,49193100
2023-05-11,10.060174942016602,11.869999885559082,11.880000114440918,11.760000228881836,11.829999923706056,43030800
2023-05-12,9.890668869018556,11.670000076293944,11.9399995803833,11.649999618530272,11.93000030517578,45155400
2023-05-15,9.865242958068848,11.640000343322754,11.720000267028809,11.59000015258789,11.699999809265137,53197000
2023-05-16,9.53470516204834,11.25,11.579999923706056,11.239999771118164,11.550000190734863,60514900
2023-05-17,9.746586799621582,11.5,11.640000343322754,11.31999969482422,11.350000381469728,50077500
2023-05-18,9.865242958068848,11.640000343322754,11.65999984741211,11.449999809265137,11.460000038146973,38181400
2023-05-19,9.873717308044434,11.649999618530272,11.770000457763672,11.539999961853027,11.65999984741211,43474200
2023-05-22,9.856767654418944,11.630000114440918,11.729999542236328,11.369999885559082,11.710000038146973,57417200
2023-05-23,9.941519737243652,11.729999542236328,11.90999984741211,11.529999732971191,11.529999732971191,56843800
2023-05-24,9.60250759124756,11.329999923706056,11.649999618530272,11.25,11.640000343322754,71391000
2023-05-25,9.64488410949707,11.380000114440918,11.520000457763672,11.329999923706056,11.329999923706056,51328900
2023-05-26,10.24662971496582,12.09000015258789,12.289999961853027,11.539999961853027,11.59000015258789,123257500
2023-05-30,10.670395851135254,12.59000015258789,12.779999732971191,12.510000228881836,12.649999618530272,86226900
2023-05-31,10.170352935791016,12.0,12.489999771118164,11.960000038146973,12.479999542236328,86275300
2023-06-01,10.26358127593994,12.109999656677246,12.18000030517578,11.84000015258789,12.06999969482422,64407800
2023-06-02,10.500889778137209,12.390000343322754,12.510000228881836,12.140000343322754,12.260000228881836,65261200
2023-06-05,10.670395851135254,12.59000015258789,12.68000030517578,12.5,12.65999984741211,49890200
2023-06-06,10.958555221557615,12.93000030517578,12.93000030517578,12.510000228881836,12.550000190734863,57258400
2023-06-07,11.517926216125488,13.59000015258789,13.600000381469728,12.979999542236328,13.020000457763672,99342000
2023-06-08,11.50944995880127,13.579999923706056,13.739999771118164,13.460000038146973,13.529999732971191,64254700
2023-06-09,11.645052909851074,13.739999771118164,14.029999732971191,13.699999809265137,13.829999923706056,70329500
2023-06-12,11.678954124450684,13.779999732971191,13.880000114440918,13.649999618530272,13.800000190734863,44584700
2023-06-13,11.975591659545898,14.130000114440918,14.170000076293944,13.890000343322754,13.899999618530272,61781100
2023-06-14,12.034917831420898,14.199999809265137,14.449999809265137,13.970000267028809,14.25,69748500
2023-06-15,12.246800422668455,14.449999809265137,14.5,14.119999885559082,14.119999885559082,61463400
2023-06-16,12.22137451171875,14.420000076293944,14.609999656677246,14.31999969482422,14.520000457763672,75398100
2023-06-20,12.05186939239502,14.220000267028809,14.420000076293944,13.979999542236328,14.300000190734863,56645800
2023-06-21,11.88236141204834,14.020000457763672,14.279999732971191,13.9399995803833,14.239999771118164,49984300
2023-06-22,12.02644157409668,14.1899995803833,14.300000190734863,13.890000343322754,13.90999984741211,46862500
2023-06-23,11.88236141204834,14.020000457763672,14.149999618530272,13.920000076293944,13.93000030517578,48260200
2023-06-26,11.95863914489746,14.109999656677246,14.229999542236328,13.989999771118164,14.010000228881836,44956300
2023-06-27,12.212900161743164,14.40999984741211,14.460000038146973,14.0600004196167,14.1899995803833,49813100
2023-06-28,12.534960746765137,14.789999961853027,14.789999961853027,14.369999885559082,14.390000343322754,58380800
2023-06-29,12.670564651489258,14.949999809265137,15.130000114440918,14.789999961853027,14.869999885559082,58488600
2023-06-30,12.823121070861816,15.130000114440918,15.229999542236328,14.960000038146973,15.050000190734863,54036900
2023-07-03,12.91634750366211,15.239999771118164,15.399999618530272,15.149999618530272,15.149999618530272,29412700
2023-07-05,13.009576797485352,15.350000381469728,15.420000076293944,15.119999885559082,15.210000038146973,52003900
2023-07-06,12.695989608764648,14.979999542236328,15.25,14.880000114440918,15.170000076293944,64841400
2023-07-07,12.695989608764648,14.979999542236328,15.239999771118164,14.9399995803833,14.989999771118164,53375500
2023-07-10,12.772268295288086,15.06999969482422,15.09000015258789,14.829999923706056,14.960000038146973,51882000
2023-07-11,12.907873153686523,15.229999542236328,15.25,14.970000267028809,15.06999969482422,45849700
2023-07-12,12.89939785003662,15.220000267028809,15.420000076293944,15.199999809265137,15.369999885559082,47636800
2023-07-13,12.873971939086914,15.1899995803833,15.279999732971191,15.079999923706056,15.270000457763672,49664300
2023-07-14,12.695989608764648,14.979999542236328,15.270000457763672,14.90999984741211,15.229999542236328,48747900
2023-07-17,11.941689491271973,14.09000015258789,14.630000114440918,14.09000015258789,14.579999923706056,99402100
2023-07-18,12.009490966796877,14.170000076293944,14.170000076293944,13.920000076293944,13.949999809265137,71710800
2023-07-19,11.950164794921877,14.100000381469728,14.260000228881836,14.0600004196167,14.140000343322754,58280800
2023-07-20,11.89083766937256,14.029999732971191,14.079999923706056,13.899999618530272,14.029999732971191,45952600
2023-07-21,11.806085586547852,13.93000030517578,14.15999984741211,13.75,14.130000114440918,57579800
2023-07-24,11.960301399230955,13.960000038146973,14.020000457763672,13.850000381469728,13.890000343322754,46687000
2023-07-25,11.63473415374756,13.579999923706056,13.859999656677246,13.5600004196167,13.859999656677246,58772700
2023-07-26,11.711840629577637,13.670000076293944,13.75,13.520000457763672,13.550000190734863,42019700
2023-07-27,11.763246536254885,13.729999542236328,13.979999542236328,13.699999809265137,13.829999923706056,67313500
2023-07-28,11.360572814941406,13.260000228881836,13.649999618530272,13.020000457763672,13.579999923706056,116696500
2023-07-31,11.317734718322754,13.210000038146973,13.220000267028809,12.90999984741211,13.010000228881836,64507700
2023-08-01,11.497652053833008,13.420000076293944,13.4399995803833,13.109999656677246,13.149999618530272,59129900
2023-08-02,11.17208766937256,13.039999961853027,13.229999542236328,12.979999542236328,13.199999809265137,57997400
2023-08-03,11.223490715026855,13.100000381469728,13.140000343322754,12.859999656677246,12.989999771118164,51996300
2023-08-04,11.043573379516602,12.890000343322754,13.100000381469728,12.800000190734863,13.100000381469728,48412900
2023-08-07,11.08640956878662,12.9399995803833,12.960000038146973,12.779999732971191,12.93000030517578,43929200
2023-08-08,11.035005569458008,12.880000114440918,12.899999618530272,12.699999809265137,12.770000457763672,45103800
2023-08-09,10.906492233276367,12.729999542236328,12.829999923706056,12.65999984741211,12.770000457763672,42932600
2023-08-10,10.418142318725586,12.15999984741211,12.779999732971191,12.079999923706056,12.779999732971191,104063900
2023-08-11,10.401006698608398,12.140000343322754,12.199999809265137,12.0,12.119999885559082,64371700
2023-08-14,10.452411651611328,12.199999809265137,12.229999542236328,12.020000457763672,12.029999732971191,48099600
2023-08-15,10.26392650604248,11.979999542236328,12.149999618530272,11.970000267028809,12.0600004196167,42616400
2023-08-16,10.118277549743652,11.8100004196167,12.029999732971191,11.800000190734863,11.899999618530272,44838900
2023-08-17,10.13541316986084,11.829999923706056,11.970000267028809,11.779999732971191,11.880000114440918,36104900
2023-08-18,10.246790885925291,11.960000038146973,12.020000457763672,11.720000267028809,11.729999542236328,44519900
2023-08-21,10.255359649658203,11.970000267028809,12.0600004196167,11.869999885559082,12.039999961853027,33456700
2023-08-22,10.169682502746582,11.869999885559082,12.029999732971191,11.84000015258789,12.010000228881836,32027500
2023-08-23,10.246790885925291,11.960000038146973,11.970000267028809,11.800000190734863,11.81999969482422,30437700
2023-08-24,10.06687068939209,11.75,11.93000030517578,11.75,11.890000343322754,33338200
2023-08-25,10.20395278930664,11.90999984741211,11.989999771118164,11.579999923706056,11.829999923706056,47610000
2023-08-28,10.19538402557373,11.899999618530272,12.0600004196167,11.850000381469728,11.949999809265137,29693500
2023-08-29,10.323898315429688,12.050000190734863,12.0600004196167,11.890000343322754,11.949999809265137,32009000
2023-08-30,10.306761741638184,12.029999732971191,12.149999618530272,12.010000228881836,12.06999969482422,30617900
2023-08-31,10.39243984222412,12.130000114440918,12.270000457763672,12.09000015258789,12.130000114440918,39025700
2023-09-01,10.401006698608398,12.140000343322754,12.270000457763672,12.039999961853027,12.15999984741211,34716900
2023-09-05,10.358168601989746,12.09000015258789,12.18000030517578,12.039999961853027,12.119999885559082,35202000
2023-09-06,10.34103298187256,12.06999969482422,12.109999656677246,11.829999923706056,12.0,41881500
2023-09-07,10.246790885925291,11.960000038146973,12.050000190734863,11.899999618530272,11.949999809265137,38559600
2023-09-08,10.538086891174316,12.300000190734863,12.359999656677246,11.970000267028809,11.970000267028809,49493500
2023-09-11,10.469548225402832,12.220000267028809,12.399999618530272,12.170000076293944,12.359999656677246,34673600
2023-09-12,10.666600227355955,12.449999809265137,12.59000015258789,12.220000267028809,12.229999542236328,49507700
2023-09-13,10.82938289642334,12.640000343322754,12.90999984741211,12.630000114440918,12.6899995803833,62579700
2023-09-14,10.812249183654783,12.619999885559082,12.699999809265137,12.40999984741211,12.609999656677246,43461600
2023-09-15,10.803680419921877,12.609999656677246,12.789999961853027,12.399999618530272,12.399999618530272,63982400
2023-09-18,10.572357177734377,12.34000015258789,12.520000457763672,12.25,12.5,47444100
2023-09-19,10.760844230651855,12.5600004196167,12.649999618530272,12.3100004196167,12.34000015258789,40900000
2023-09-20,10.589491844177246,12.359999656677246,12.670000076293944,12.350000381469728,12.649999618530272,37449600
2023-09-21,10.452411651611328,12.199999809265137,12.350000381469728,12.15999984741211,12.199999809265137,40140500
2023-09-22,10.649465560913086,12.43000030517578,12.770000457763672,12.40999984741211,12.5,65205500
2023-09-25,10.777978897094728,12.579999923706056,12.699999809265137,12.34000015258789,12.350000381469728,41219400
2023-09-26,10.649465560913086,12.43000030517578,12.65999984741211,12.369999885559082,12.489999771118164,41261000
2023-09-27,10.615195274353027,12.390000343322754,12.520000457763672,12.25,12.520000457763672,41616600
2023-09-28,10.760844230651855,12.5600004196167,12.65999984741211,12.170000076293944,12.31999969482422,49109800
2023-09-29,10.640897750854492,12.420000076293944,12.65999984741211,12.350000381469728,12.609999656677246,62364900
2023-10-02,10.546655654907228,12.3100004196167,12.4399995803833,12.229999542236328,12.380000114440918,51204000
2023-10-03,10.34103298187256,12.06999969482422,12.229999542236328,12.020000457763672,12.15999984741211,55074700
2023-10-04,10.272493362426758,11.989999771118164,12.079999923706056,11.880000114440918,12.020000457763672,45217900
2023-10-05,10.19538402557373,11.899999618530272,12.0,11.6899995803833,11.9399995803833,47425000
2023-10-06,10.28105926513672,12.0,12.149999618530272,11.6899995803833,11.81999969482422,57558500
2023-10-09,10.34103298187256,12.06999969482422,12.149999618530272,11.779999732971191,11.800000190734863,33328000
2023-10-10,10.452411651611328,12.199999809265137,12.300000190734863,12.09000015258789,12.100000381469728,40404600
2023-10-11,10.495248794555664,12.25,12.390000343322754,12.149999618530272,12.289999961853027,31321500
2023-10-12,10.28105926513672,12.0,12.06999969482422,11.84000015258789,11.880000114440918,51644000
2023-10-13,10.118277549743652,11.8100004196167,12.0,11.800000190734863,11.970000267028809,47221800
2023-10-16,10.221087455749512,11.93000030517578,11.960000038146973,11.81999969482422,11.90999984741211,29183000
2023-10-17,10.31533145904541,12.039999961853027,12.170000076293944,11.850000381469728,11.850000381469728,40516500
2023-10-18,10.06687068939209,11.75,11.93000030517578,11.75,11.93000030517578,44840100
2023-10-19,9.878385543823242,11.529999732971191,11.760000228881836,11.510000228881836,11.59000015258789,49057500
2023-10-20,9.972628593444824,11.640000343322754,11.760000228881836,11.539999961853027,11.579999923706056,53307500
2023-10-23,9.835548400878906,11.479999542236328,11.6899995803833,11.420000076293944,11.550000190734863,49073800
2023-10-24,9.758440017700195,11.390000343322754,11.56999969482422,11.380000114440918,11.5,47775600
2023-10-25,9.886953353881836,11.539999961853027,11.640000343322754,11.210000038146973,11.350000381469728,74213800
2023-10-26,9.724169731140137,11.350000381469728,11.93000030517578,11.329999923706056,11.90999984741211,84725900
2023-10-27,8.533280372619629,9.960000038146973,10.970000267028809,9.899999618530272,10.93000030517578,187029600
2023-10-30,8.370497703552246,9.770000457763672,10.140000343322754,9.68000030517578,10.079999923706056,106474700
2023-10-31,8.483612060546875,9.75,9.90999984741211,9.630000114440918,9.720000267028809,82238800
2023-11-01,8.622830390930176,9.90999984741211,9.93000030517578,9.760000228881836,9.84000015258789,75469700
2023-11-02,8.822956085205078,10.140000343322754,10.149999618530272,9.970000267028809,10.020000457763672,66914000
2023-11-03,9.188404083251951,10.5600004196167,10.640000343322754,10.25,10.260000228881836,60912400
2023-11-06,8.970876693725586,10.3100004196167,10.600000381469728,10.239999771118164,10.5600004196167,48435500
2023-11-07,8.84906005859375,10.170000076293944,10.289999961853027,10.050000190734863,10.25,50430800
2023-11-08,8.744647979736328,10.050000190734863,10.210000038146973,10.029999732971191,10.1899995803833,38700600
2023-11-09,8.440104484558105,9.699999809265137,10.06999969482422,9.6899995803833,10.039999961853027,59356900
2023-11-10,8.579322814941406,9.859999656677246,9.869999885559082,9.670000076293944,9.8100004196167,45069700
2023-11-13,8.544519424438477,9.81999969482422,9.869999885559082,9.739999771118164,9.829999923706056,34458300
2023-11-14,9.049186706542969,10.399999618530272,10.460000038146973,9.979999542236328,9.989999771118164,67684000
2023-11-15,9.110093116760254,10.470000267028809,10.56999969482422,10.390000343322754,10.40999984741211,45193700
2023-11-16,8.840357780456543,10.15999984741211,10.43000030517578,10.100000381469728,10.399999618530272,45408100
2023-11-17,8.936073303222656,10.270000457763672,10.31999969482422,10.1899995803833,10.260000228881836,36501200
2023-11-20,8.996979713439941,10.34000015258789,10.43000030517578,10.260000228881836,10.289999961853027,46933100
2023-11-21,8.866462707519531,10.1899995803833,10.31999969482422,10.100000381469728,10.279999732971191,47284300
2023-11-22,8.92737102508545,10.260000228881836,10.380000114440918,10.170000076293944,10.239999771118164,41116300
2023-11-24,9.049186706542969,10.399999618530272,10.529999732971191,10.279999732971191,10.279999732971191,22028100
2023-11-27,8.996979713439941,10.34000015258789,10.420000076293944,10.300000190734863,10.369999885559082,32247600
2023-11-28,9.023082733154297,10.369999885559082,10.399999618530272,10.239999771118164,10.329999923706056,38510600
2023-11-29,9.21450901031494,10.59000015258789,10.960000038146973,10.5600004196167,10.880000114440918,77246800
2023-11-30,8.92737102508545,10.260000228881836,10.699999809265137,10.18000030517578,10.68000030517578,80525700
2023-12-01,9.20580768585205,10.579999923706056,10.600000381469728,10.220000267028809,10.289999961853027,61619800
2023-12-04,9.310219764709473,10.699999809265137,10.789999961853027,10.5,10.520000457763672,54196100
2023-12-05,9.223209381103516,10.600000381469728,10.68000030517578,10.539999961853027,10.640000343322754,41551100
2023-12-06,9.301520347595217,10.6899995803833,10.880000114440918,10.670000076293944,10.75,47223500
2023-12-07,9.414632797241213,10.81999969482422,10.880000114440918,10.68000030517578,10.710000038146973,40523200
2023-12-08,9.579955101013184,11.010000228881836,11.06999969482422,10.789999961853027,10.8100004196167,48961200
2023-12-11,9.632161140441896,11.06999969482422,11.149999618530272,10.979999542236328,11.020000457763672,39700900
2023-12-12,9.71047306060791,11.15999984741211,11.199999809265137,11.050000190734863,11.09000015258789,40206200
2023-12-13,9.78008270263672,11.239999771118164,11.289999961853027,10.800000190734863,11.029999732971191,68066700
2023-12-14,10.510978698730469,12.079999923706056,12.130000114440918,11.470000267028809,11.470000267028809,110777600
2023-12-15,10.458770751953123,12.020000457763672,12.18000030517578,11.93000030517578,12.06999969482422,85298200
2023-12-18,10.380460739135742,11.93000030517578,12.079999923706056,11.90999984741211,11.989999771118164,43424400
2023-12-19,10.458770751953123,12.020000457763672,12.06999969482422,11.890000343322754,11.970000267028809,35722900
2023-12-20,10.267346382141112,11.800000190734863,12.140000343322754,11.789999961853027,11.970000267028809,54981100
2023-12-21,10.73720645904541,12.34000015258789,12.359999656677246,11.899999618530272,11.93000030517578,66424600
2023-12-22,10.745908737182615,12.350000381469728,12.460000038146973,12.279999732971191,12.31999969482422,43764600
2023-12-26,10.832919120788574,12.449999809265137,12.5,12.369999885559082,12.390000343322754,26293700
2023-12-27,10.780713081359863,12.390000343322754,12.449999809265137,12.229999542236328,12.43000030517578,39891300
2023-12-28,10.73720645904541,12.34000015258789,12.43000030517578,12.279999732971191,12.380000114440918,26688500
2023-12-29,10.606689453125,12.1899995803833,12.390000343322754,12.15999984741211,12.350000381469728,40964700
2024-01-02,10.58058738708496,12.15999984741211,12.380000114440918,11.9399995803833,12.039999961853027,47494800
2024-01-03,10.189034461975098,11.710000038146973,12.029999732971191,11.640000343322754,12.020000457763672,70120100
2024-01-04,10.162931442260742,11.68000030517578,11.81999969482422,11.630000114440918,11.760000228881836,54920300
2024-01-05,10.310851097106934,11.850000381469728,12.039999961853027,11.630000114440918,11.649999618530272,44443800
2024-01-08,10.415266036987305,11.970000267028809,12.050000190734863,11.789999961853027,11.850000381469728,41514400
2024-01-09,10.302149772644045,11.84000015258789,11.899999618530272,11.770000457763672,11.8100004196167,49536700
2024-01-10,10.293448448181152,11.829999923706056,11.859999656677246,11.710000038146973,11.829999923706056,37539200
2024-01-11,10.189034461975098,11.710000038146973,11.770000457763672,11.56999969482422,11.75,48692000
2024-01-12,9.97150707244873,11.460000038146973,11.770000457763672,11.40999984741211,11.649999618530272,55030100
2024-01-16,9.97150707244873,11.460000038146973,11.5,11.18000030517578,11.300000190734863,45207700
2024-01-17,9.806185722351074,11.270000457763672,11.3100004196167,11.109999656677246,11.170000076293944,52671300
2024-01-18,9.562552452087402,10.989999771118164,11.3100004196167,10.960000038146973,11.25,71667200
2024-01-19,9.745277404785156,11.199999809265137,11.220000267028809,10.829999923706056,10.9399995803833,61143300
2024-01-22,9.745277404785156,11.199999809265137,11.399999618530272,11.140000343322754,11.229999542236328,45479600
2024-01-23,9.893197059631348,11.369999885559082,11.460000038146973,11.239999771118164,11.359999656677246,45465200
2024-01-24,9.597356796264648,11.029999732971191,11.449999809265137,11.0,11.4399995803833,59064600
2024-01-25,9.867093086242676,11.34000015258789,11.359999656677246,11.029999732971191,11.09000015258789,49356700
2024-01-26,9.910598754882812,11.390000343322754,11.5,11.300000190734863,11.399999618530272,35837000
2024-01-29,10.049817085266112,11.550000190734863,11.5600004196167,11.300000190734863,11.380000114440918,58249600
2024-01-30,10.249943733215332,11.779999732971191,11.869999885559082,11.619999885559082,11.770000457763672,70213300
2024-01-31,10.197736740112305,11.720000267028809,11.989999771118164,11.720000267028809,11.760000228881836,74558900
2024-02-01,10.528379440307615,12.100000381469728,12.140000343322754,11.619999885559082,11.81999969482422,81065800
2024-02-02,10.563185691833496,12.140000343322754,12.1899995803833,11.9399995803833,12.029999732971191,73130900
2024-02-05,10.08462142944336,11.59000015258789,12.079999923706056,11.539999961853027,12.010000228881836,81026800
2024-02-06,10.502275466918944,12.06999969482422,12.100000381469728,11.619999885559082,11.640000343322754,98636800
2024-02-07,11.137459754943848,12.800000190734863,12.979999542236328,12.199999809265137,12.729999542236328,137224000
2024-02-08,11.163564682006836,12.829999923706056,12.899999618530272,12.539999961853027,12.869999885559082,68653900
2024-02-09,11.033045768737791,12.68000030517578,12.920000076293944,12.640000343322754,12.8100004196167,47649600
2024-02-12,11.29408073425293,12.979999542236328,13.06999969482422,12.640000343322754,12.68000030517578,54036500
2024-02-13,11.033045768737791,12.68000030517578,12.899999618530272,12.479999542236328,12.770000457763672,67907700
2024-02-14,10.928633689880373,12.5600004196167,12.789999961853027,12.520000457763672,12.720000267028809,52978800
2024-02-15,11.187774658203123,12.520000457763672,12.550000190734863,12.3100004196167,12.350000381469728,57811800
2024-02-16,10.99118423461914,12.300000190734863,12.510000228881836,12.260000228881836,12.420000076293944,43228600
2024-02-20,10.946503639221191,12.25,12.329999923706056,12.100000381469728,12.1899995803833,44591000
2024-02-21,10.848209381103516,12.140000343322754,12.31999969482422,12.050000190734863,12.210000038146973,41835800
2024-02-22,10.830337524414062,12.119999885559082,12.239999771118164,12.050000190734863,12.130000114440918,36980500
2024-02-23,10.848209381103516,12.140000343322754,12.260000228881836,12.09000015258789,12.100000381469728,32152100
2024-02-26,10.678427696228027,11.949999809265137,12.270000457763672,11.949999809265137,12.130000114440918,40241300
2024-02-27,10.72310733795166,12.0,12.170000076293944,11.960000038146973,12.020000457763672,36508800
2024-02-28,10.99118423461914,12.300000190734863,12.399999618530272,11.960000038146973,11.970000267028809,51447900
2024-02-29,11.11628532409668,12.4399995803833,12.470000267028809,12.31999969482422,12.369999885559082,43098500
2024-03-01,11.125222206115724,12.449999809265137,12.640000343322754,12.31999969482422,12.529999732971191,48761400
2024-03-04,11.384364128112791,12.739999771118164,13.029999732971191,12.56999969482422,12.56999969482422,81871700
2024-03-05,11.241390228271484,12.579999923706056,12.739999771118164,12.5,12.649999618530272,47896200
2024-03-06,11.06267261505127,12.380000114440918,12.56999969482422,12.329999923706056,12.520000457763672,48834500
2024-03-07,11.08948040008545,12.40999984741211,12.470000267028809,12.260000228881836,12.40999984741211,38971000
2024-03-08,10.883955001831056,12.18000030517578,12.520000457763672,12.140000343322754,12.43000030517578,54723800
2024-03-11,10.821401596069336,12.109999656677246,12.239999771118164,12.079999923706056,12.130000114440918,35135400
2024-03-12,10.821401596069336,12.109999656677246,12.15999984741211,12.029999732971191,12.140000343322754,31245200
2024-03-13,11.05373477935791,12.369999885559082,12.479999542236328,12.109999656677246,12.119999885559082,50595300
2024-03-14,10.794591903686523,12.079999923706056,12.369999885559082,12.010000228881836,12.34000015258789,52619900
2024-03-15,10.77672290802002,12.0600004196167,12.270000457763672,12.020000457763672,12.050000190734863,88254000
2024-03-18,10.883955001831056,12.18000030517578,12.1899995803833,11.979999542236328,12.140000343322754,36599200
2024-03-19,10.99118423461914,12.300000190734863,12.350000381469728,12.109999656677246,12.109999656677246,32668700
2024-03-20,11.527338981628418,12.899999618530272,12.920000076293944,12.260000228881836,12.260000228881836,67721500
2024-03-21,11.545210838317873,12.920000076293944,13.0600004196167,12.789999961853027,12.920000076293944,55822500
2024-03-22,11.536274909973145,12.90999984741211,12.960000038146973,12.850000381469728,12.869999885559082,33137500
2024-03-25,11.527338981628418,12.899999618530272,13.0600004196167,12.739999771118164,12.920000076293944,39063500
2024-03-26,11.11628532409668,12.4399995803833,12.960000038146973,12.43000030517578,12.960000038146973,67140200
2024-03-27,11.67031478881836,13.0600004196167,13.06999969482422,12.520000457763672,12.529999732971191,53555800
2024-03-28,11.866905212402344,13.279999732971191,13.300000190734863,13.050000190734863,13.06999969482422,61846400
2024-04-01,11.875839233398438,13.289999961853027,13.380000114440918,13.140000343322754,13.329999923706056,35898300
2024-04-02,11.866905212402344,13.279999732971191,13.369999885559082,13.09000015258789,13.15999984741211,42653400
2024-04-03,12.197532653808594,13.649999618530272,13.68000030517578,13.229999542236328,13.25,57498900
2024-04-04,11.80435276031494,13.210000038146973,13.949999809265137,13.170000076293944,13.899999618530272,67812400
2024-04-05,11.866905212402344,13.279999732971191,13.399999618530272,13.09000015258789,13.270000457763672,46937400
2024-04-08,11.983071327209473,13.40999984741211,13.539999961853027,13.350000381469728,13.350000381469728,29900500
2024-04-09,12.099238395690918,13.539999961853027,13.59000015258789,13.34000015258789,13.470000267028809,35497900
2024-04-10,11.67031478881836,13.0600004196167,13.289999961853027,12.949999809265137,13.260000228881836,51395000
2024-04-11,11.65244197845459,13.039999961853027,13.140000343322754,12.90999984741211,13.109999656677246,38383100
2024-04-12,11.268197059631348,12.609999656677246,12.920000076293944,12.5,12.920000076293944,52356300
2024-04-15,10.928632736206056,12.229999542236328,12.81999969482422,12.18000030517578,12.739999771118164,59484400
2024-04-16,10.803529739379885,12.09000015258789,12.25,11.9399995803833,12.140000343322754,56392200
2024-04-17,10.75885009765625,12.039999961853027,12.25,12.020000457763672,12.140000343322754,43646600
2024-04-18,10.77672290802002,12.0600004196167,12.170000076293944,11.979999542236328,12.079999923706056,39902100
2024-04-19,10.848209381103516,12.140000343322754,12.229999542236328,12.020000457763672,12.020000457763672,39623800
2024-04-22,11.50946807861328,12.880000114440918,12.899999618530272,12.25,12.3100004196167,86462700
2024-04-23,11.563082695007324,12.9399995803833,13.050000190734863,12.81999969482422,13.050000190734863,62807100
2024-04-24,11.57201862335205,12.949999809265137,13.050000190734863,12.779999732971191,12.9399995803833,74510400
2024-04-25,11.65244197845459,13.039999961853027,13.18000030517578,12.630000114440918,12.850000381469728,86944100
2024-04-26,11.429044723510742,12.789999961853027,13.020000457763672,12.609999656677246,12.760000228881836,57257800
2024-04-29,11.393301963806152,12.75,12.84000015258789,12.550000190734863,12.8100004196167,50285600
2024-04-30,10.857144355773926,12.149999618530272,12.600000381469728,12.130000114440918,12.600000381469728,75890500
2024-05-01,10.901824951171877,12.199999809265137,12.43000030517578,12.149999618530272,12.15999984741211,48749400
2024-05-02,11.160966873168944,12.489999771118164,12.550000190734863,12.359999656677246,12.399999618530272,46868600
2024-05-03,11.10735034942627,12.43000030517578,12.760000228881836,12.390000343322754,12.640000343322754,47463300
2024-05-06,11.169901847839355,12.5,12.619999885559082,12.460000038146973,12.539999961853027,29780300
2024-05-07,11.00710391998291,12.170000076293944,12.449999809265137,12.09000015258789,12.399999618530272,48102900
2024-05-08,10.989012718200684,12.149999618530272,12.25,12.020000457763672,12.079999923706056,38177200
2024-05-09,10.97092342376709,12.130000114440918,12.220000267028809,12.0600004196167,12.140000343322754,29103800
2024-05-10,10.8443021774292,11.989999771118164,12.170000076293944,11.90999984741211,12.149999618530272,51447800
2024-05-13,11.151814460754396,12.329999923706056,12.449999809265137,12.050000190734863,12.050000190734863,60962300
2024-05-14,11.251301765441896,12.4399995803833,12.640000343322754,12.359999656677246,12.4399995803833,39980400
2024-05-15,11.133724212646484,12.3100004196167,12.5600004196167,12.18000030517578,12.489999771118164,50739900
2024-05-16,11.197035789489746,12.380000114440918,12.479999542236328,12.260000228881836,12.270000457763672,41502200
2024-05-17,11.106592178344728,12.279999732971191,12.380000114440918,12.25,12.369999885559082,24011300
2024-05-20,10.989012718200684,12.149999618530272,12.329999923706056,12.140000343322754,12.270000457763672,27019100
2024-05-21,10.989012718200684,12.149999618530272,12.199999809265137,12.029999732971191,12.15999984741211,32851000
2024-05-22,10.880478858947754,12.029999732971191,12.079999923706056,11.970000267028809,12.0600004196167,35403000
2024-05-23,10.952835083007812,12.109999656677246,12.220000267028809,12.010000228881836,12.100000381469728,43590100
2024-05-24,10.99805736541748,12.15999984741211,12.270000457763672,12.039999961853027,12.15999984741211,40840400
2024-05-28,10.563925743103027,11.68000030517578,12.130000114440918,11.65999984741211,12.109999656677246,57460100
2024-05-29,10.45539093017578,11.5600004196167,11.649999618530272,11.5,11.56999969482422,45759500
2024-05-30,10.645325660705566,11.770000457763672,11.779999732971191,11.479999542236328,11.579999923706056,42218900
2024-05-31,10.97092342376709,12.130000114440918,12.149999618530272,11.65999984741211,11.770000457763672,57205800
2024-06-03,11.025191307067873,12.1899995803833,12.31999969482422,12.020000457763672,12.25,53784100
2024-06-04,10.880478858947754,12.029999732971191,12.130000114440918,11.960000038146973,12.079999923706056,41533100
2024-06-05,10.91665744781494,12.06999969482422,12.119999885559082,11.81999969482422,12.050000190734863,45509800
2024-06-06,10.91665744781494,12.06999969482422,12.100000381469728,11.960000038146973,11.979999542236328,28289900
2024-06-07,10.989012718200684,12.149999618530272,12.15999984741211,11.949999809265137,12.0,31934000
2024-06-10,11.197035789489746,12.380000114440918,12.520000457763672,12.100000381469728,12.130000114440918,68322800
2024-06-11,10.952835083007812,12.109999656677246,12.359999656677246,12.050000190734863,12.31999969482422,48201800
2024-06-12,10.925702095031738,12.079999923706056,12.369999885559082,12.029999732971191,12.279999732971191,57116200
2024-06-13,10.799079895019531,11.9399995803833,12.09000015258789,11.850000381469728,12.079999923706056,41422300
2024-06-14,10.591057777404783,11.710000038146973,11.829999923706056,11.550000190734863,11.800000190734863,49382100
2024-06-17,10.717680931091309,11.850000381469728,11.890000343322754,11.65999984741211,11.65999984741211,31970100
2024-06-18,10.65436840057373,11.779999732971191,11.9399995803833,11.770000457763672,11.8100004196167,29023400
2024-06-20,10.799079895019531,11.9399995803833,11.970000267028809,11.649999618530272,11.710000038146973,53468000
2024-06-21,10.708635330200195,11.84000015258789,11.90999984741211,11.760000228881836,11.899999618530272,50178700
2024-06-24,11.06136989593506,12.229999542236328,12.25,11.920000076293944,11.93000030517578,58436900
2024-06-25,10.93474578857422,12.09000015258789,12.210000038146973,12.029999732971191,12.170000076293944,38818900
2024-06-26,10.952835083007812,12.109999656677246,12.130000114440918,11.949999809265137,12.010000228881836,41426600
2024-06-27,11.06136989593506,12.229999542236328,12.380000114440918,12.050000190734863,12.079999923706056,48080200
2024-06-28,11.341748237609863,12.539999961853027,12.619999885559082,12.260000228881836,12.260000228881836,65914700
2024-07-01,11.540725708007812,12.760000228881836,12.869999885559082,12.529999732971191,12.5600004196167,56152700
2024-07-02,11.640214920043944,12.869999885559082,12.949999809265137,12.720000267028809,12.829999923706056,46990400
2024-07-03,11.640214920043944,12.869999885559082,12.960000038146973,12.800000190734863,12.890000343322754,26894300
2024-07-05,11.613080978393556,12.84000015258789,12.960000038146973,12.75,12.869999885559082,31589300
2024-07-08,11.739704132080078,12.979999542236328,13.199999809265137,12.920000076293944,12.970000267028809,44346200
2024-07-09,11.66734790802002,12.899999618530272,13.06999969482422,12.880000114440918,12.960000038146973,40680900
2024-07-10,11.911548614501951,13.170000076293944,13.210000038146973,12.90999984741211,12.949999809265137,36305500
2024-07-11,12.18288230895996,13.470000267028809,13.539999961853027,13.25,13.25,51443400
2024-07-12,12.689371109008787,14.029999732971191,14.210000038146973,13.529999732971191,13.529999732971191,85609700
2024-07-15,12.87026023864746,14.229999542236328,14.43000030517578,14.119999885559082,14.210000038146973,65643300
2024-07-16,13.014972686767578,14.390000343322754,14.470000267028809,14.1899995803833,14.270000457763672,52040100
2024-07-17,13.0963716506958,14.479999542236328,14.630000114440918,14.279999732971191,14.289999961853027,58087100
2024-07-18,13.159683227539062,14.550000190734863,14.850000381469728,14.449999809265137,14.510000228881836,58077000
2024-07-19,12.644149780273438,13.979999542236328,14.5,13.960000038146973,14.489999771118164,75908600
2024-07-22,12.770771980285645,14.119999885559082,14.18000030517578,13.789999961853027,14.020000457763672,59116800
2024-07-23,12.508481979370115,13.829999923706056,14.06999969482422,13.56999969482422,14.0600004196167,85897700
2024-07-24,12.363770484924316,13.670000076293944,13.880000114440918,13.59000015258789,13.729999542236328,81768700
2024-07-25,10.09361171722412,11.15999984741211,11.979999542236328,11.149999618530272,11.800000190734863,259484000
2024-07-26,10.120746612548828,11.1899995803833,11.359999656677246,11.050000190734863,11.210000038146973,79599900
2024-07-29,9.957944869995115,11.010000228881836,11.18000030517578,10.800000190734863,11.18000030517578,91667500
2024-07-30,9.804189682006836,10.84000015258789,11.109999656677246,10.779999732971191,11.029999732971191,69337000
2024-07-31,9.786099433898926,10.81999969482422,11.010000228881836,10.720000267028809,10.859999656677246,75478000
2024-08-01,9.668522834777832,10.6899995803833,10.920000076293944,10.609999656677246,10.859999656677246,60516500
2024-08-02,9.071588516235352,10.029999732971191,10.550000190734863,10.0,10.550000190734863,110703000
2024-08-05,8.782166481018066,9.710000038146973,9.899999618530272,9.489999771118164,9.5600004196167,115594200
2024-08-06,8.845476150512695,9.779999732971191,9.859999656677246,9.68000030517578,9.789999961853027,111817600
2024-08-07,8.974072456359863,9.770000457763672,9.979999542236328,9.75,9.850000381469728,69482400
2024-08-08,9.304744720458984,10.130000114440918,10.25,9.800000190734863,9.800000190734863,73007600
2024-08-09,9.277188301086426,10.100000381469728,10.170000076293944,9.970000267028809,10.079999923706056,48860800
2024-08-12,9.056740760803224,9.859999656677246,10.100000381469728,9.84000015258789,10.100000381469728,56118700
2024-08-13,9.313929557800291,10.140000343322754,10.149999618530272,9.770000457763672,9.920000076293944,44766100
2024-08-14,9.35067081451416,10.18000030517578,10.239999771118164,10.050000190734863,10.15999984741211,37026400
2024-08-15,9.607860565185549,10.460000038146973,10.5,10.369999885559082,10.369999885559082,41597900
2024-08-16,9.65378761291504,10.510000228881836,10.520000457763672,10.369999885559082,10.399999618530272,34142600
2024-08-19,9.846678733825684,10.720000267028809,10.75,10.539999961853027,10.5600004196167,41066300
2024-08-20,9.809938430786133,10.68000030517578,10.789999961853027,10.609999656677246,10.699999809265137,32468000
2024-08-21,9.966089248657228,10.850000381469728,10.970000267028809,10.75,10.84000015258789,48943900
2024-08-22,10.03038501739502,10.920000076293944,11.010000228881836,10.84000015258789,10.850000381469728,50885400
2024-08-23,10.351872444152832,11.270000457763672,11.279999732971191,10.9399995803833,10.979999542236328,64612700
2024-08-26,10.204907417297363,11.109999656677246,11.369999885559082,11.06999969482422,11.31999969482422,53070300
2024-08-27,10.232464790344238,11.140000343322754,11.220000267028809,10.989999771118164,11.119999885559082,44841000
2024-08-28,10.140609741210938,11.039999961853027,11.1899995803833,10.979999542236328,11.100000381469728,35442200
2024-08-29,10.204907417297363,11.109999656677246,11.199999809265137,10.989999771118164,11.020000457763672,44989200
2024-08-30,10.27838897705078,11.1899995803833,11.229999542236328,11.0600004196167,11.149999618530272,44977100
2024-09-03,10.085497856140137,10.979999542236328,11.140000343322754,10.9399995803833,11.079999923706056,49613500
2024-09-04,10.057941436767578,10.949999809265137,11.15999984741211,10.850000381469728,10.989999771118164,47900700
2024-09-05,9.892606735229492,10.770000457763672,11.140000343322754,10.720000267028809,11.079999923706056,50551900
2024-09-06,9.718084335327148,10.579999923706056,10.869999885559082,10.529999732971191,10.779999732971191,47508900
2024-09-09,9.791566848754885,10.65999984741211,10.760000228881836,10.539999961853027,10.609999656677246,39223300
2024-09-10,9.479265213012695,10.31999969482422,10.489999771118164,10.170000076293944,10.489999771118164,63019200
2024-09-11,9.598674774169922,10.449999809265137,10.460000038146973,10.130000114440918,10.3100004196167,55840200
2024-09-12,9.754825592041016,10.619999885559082,10.649999618530272,10.3100004196167,10.399999618530272,43779600
2024-09-13,9.819122314453123,10.6899995803833,10.789999961853027,10.630000114440918,10.68000030517578,35184800
2024-09-16,9.920161247253418,10.800000190734863,10.920000076293944,10.710000038146973,10.739999771118164,34802400
2024-09-17,10.012014389038086,10.899999618530272,11.140000343322754,10.81999969482422,10.890000343322754,52068600
2024-09-18,10.085497856140137,10.979999542236328,11.260000228881836,10.920000076293944,10.93000030517578,55017300
2024-09-19,10.03038501739502,10.920000076293944,11.3100004196167,10.869999885559082,11.220000267028809,52436400
2024-09-20,9.993644714355469,10.880000114440918,10.880000114440918,10.6899995803833,10.859999656677246,68809100
2024-09-23,10.021200180053713,10.90999984741211,10.920000076293944,10.710000038146973,10.84000015258789,40421300
2024-09-24,9.984458923339844,10.869999885559082,11.0,10.8100004196167,10.970000267028809,37746300
2024-09-25,9.571120262145996,10.420000076293944,10.59000015258789,10.31999969482422,10.59000015258789,74109600
2024-09-26,9.809938430786133,10.68000030517578,10.75,10.5600004196167,10.5600004196167,51408500
2024-09-27,9.901790618896484,10.779999732971191,10.989999771118164,10.760000228881836,10.84000015258789,45469600
2024-09-30,9.699713706970217,10.5600004196167,10.609999656677246,10.43000030517578,10.479999542236328,59662900
2024-10-01,9.874234199523926,10.75,10.81999969482422,10.579999923706056,10.720000267028809,63963000
2024-10-02,9.626230239868164,10.479999542236328,10.729999542236328,10.43000030517578,10.729999542236328,51457400
2024-10-03,9.598674774169922,10.449999809265137,10.470000267028809,10.329999923706056,10.40999984741211,44458300
2024-10-04,9.70889949798584,10.56999969482422,10.609999656677246,10.4399995803833,10.59000015258789,45883000
2024-10-07,9.635416030883787,10.489999771118164,10.609999656677246,10.449999809265137,10.550000190734863,38009100
2024-10-08,9.635416030883787,10.489999771118164,10.579999923706056,10.380000114440918,10.5,46355700
2024-10-09,9.754825592041016,10.619999885559082,10.68000030517578,10.4399995803833,10.489999771118164,40407000
2024-10-10,9.809938430786133,10.68000030517578,10.699999809265137,10.539999961853027,10.579999923706056,39458300
2024-10-11,9.846678733825684,10.720000267028809,10.800000190734863,10.630000114440918,10.640000343322754,31915700
2024-10-14,10.03038501739502,10.920000076293944,10.960000038146973,10.65999984741211,10.710000038146973,41940200
2024-10-15,9.956903457641602,10.84000015258789,11.020000457763672,10.81999969482422,10.90999984741211,53097100
2024-10-16,10.131423950195312,11.029999732971191,11.18000030517578,10.890000343322754,10.890000343322754,46996400
2024-10-17,10.16816520690918,11.06999969482422,11.130000114440918,10.9399995803833,11.039999961853027,37617200
2024-10-18,10.195721626281738,11.100000381469728,11.170000076293944,11.039999961853027,11.15999984741211,26074900
2024-10-21,9.993644714355469,10.880000114440918,11.15999984741211,10.859999656677246,11.079999923706056,41008600
2024-10-22,10.204907417297363,11.109999656677246,11.149999618530272,10.920000076293944,10.920000076293944,51597600
2024-10-23,10.158979415893556,11.0600004196167,11.239999771118164,11.020000457763672,11.109999656677246,37335400
2024-10-24,10.324316024780272,11.239999771118164,11.25,11.06999969482422,11.239999771118164,44736400
2024-10-25,10.16816520690918,11.06999969482422,11.329999923706056,11.020000457763672,11.279999732971191,39120700
2024-10-28,10.443726539611816,11.369999885559082,11.390000343322754,11.119999885559082,11.170000076293944,97967000
2024-10-29,9.561933517456056,10.40999984741211,10.550000190734863,10.18000030517578,10.529999732971191,156228000
2024-10-30,9.617046356201172,10.470000267028809,10.529999732971191,10.329999923706056,10.399999618530272,48853700
2024-10-31,9.451709747314451,10.289999961853027,10.479999542236328,10.239999771118164,10.43000030517578,72098700
2024-11-01,9.387413024902344,10.220000267028809,10.40999984741211,10.199999809265137,10.329999923706056,43472300
2024-11-04,9.516006469726562,10.359999656677246,10.56999969482422,10.229999542236328,10.229999542236328,55323800
2024-11-05,9.736455917358398,10.600000381469728,10.640000343322754,10.300000190734863,10.329999923706056,49309000
2024-11-06,10.27838897705078,11.1899995803833,11.229999542236328,10.84000015258789,10.949999809265137,100781800
2024-11-07,10.203908920288086,10.960000038146973,11.109999656677246,10.829999923706056,11.010000228881836,55407900
2024-11-08,10.21321964263916,10.970000267028809,10.970000267028809,10.859999656677246,10.93000030517578,45463400
2024-11-11,10.455282211303713,11.229999542236328,11.31999969482422,11.020000457763672,11.06999969482422,56630500
2024-11-12,10.334251403808594,11.100000381469728,11.300000190734863,10.949999809265137,11.140000343322754,44921400
2024-11-13,10.334251403808594,11.100000381469728,11.170000076293944,11.020000457763672,11.119999885559082,55150900
2024-11-14,10.306320190429688,11.06999969482422,11.229999542236328,11.020000457763672,11.130000114440918,56780900
2024-11-15,10.250460624694824,11.010000228881836,11.149999618530272,10.979999542236328,11.050000190734863,58895400
2024-11-18,10.436662673950195,11.210000038146973,11.270000457763672,11.029999732971191,11.050000190734863,47727300
2024-11-19,10.287700653076172,11.050000190734863,11.31999969482422,11.010000228881836,11.0600004196167,53227700
2024-11-20,9.989774703979492,10.729999542236328,11.050000190734863,10.609999656677246,11.010000228881836,68633300
2024-11-21,10.054946899414062,10.800000190734863,10.850000381469728,10.609999656677246,10.779999732971191,53409500
2024-11-22,10.408732414245604,11.18000030517578,11.380000114440918,10.800000190734863,10.8100004196167,82556700
2024-11-25,10.613554000854492,11.399999618530272,11.520000457763672,11.279999732971191,11.300000190734863,63469300
2024-11-26,10.334251403808594,11.100000381469728,11.229999542236328,11.039999961853027,11.15999984741211,47458800
2024-11-27,10.334251403808594,11.100000381469728,11.260000228881836,11.0600004196167,11.130000114440918,28474200
2024-11-29,10.362181663513184,11.130000114440918,11.270000457763672,11.119999885559082,11.15999984741211,28935200
2024-12-02,10.222529411315918,10.979999542236328,11.25,10.960000038146973,11.220000267028809,50034400
2024-12-03,10.073566436767578,10.81999969482422,11.010000228881836,10.81999969482422,10.989999771118164,43904300
2024-12-04,9.999086380004885,10.739999771118164,10.869999885559082,10.59000015258789,10.850000381469728,66780700
2024-12-05,9.719780921936035,10.4399995803833,10.6899995803833,10.390000343322754,10.640000343322754,68162000
2024-12-06,9.784952163696287,10.510000228881836,10.600000381469728,10.420000076293944,10.510000228881836,56227000
2024-12-09,9.868744850158691,10.600000381469728,10.800000190734863,10.529999732971191,10.5600004196167,53230100
2024-12-10,9.831503868103027,10.5600004196167,10.739999771118164,10.550000190734863,10.720000267028809,45084300
2024-12-11,9.691850662231444,10.40999984741211,10.609999656677246,10.279999732971191,10.609999656677246,60487100
2024-12-12,9.67323112487793,10.390000343322754,10.510000228881836,10.350000381469728,10.380000114440918,38432600
2024-12-13,9.67323112487793,10.390000343322754,10.4399995803833,10.31999969482422,10.399999618530272,40560700
2024-12-16,9.300825119018556,9.989999771118164,10.119999885559082,9.880000114440918,10.06999969482422,96264400
2024-12-17,9.282204627990724,9.970000267028809,10.039999961853027,9.880000114440918,9.960000038146973,76208600
2024-12-18,9.021522521972656,9.6899995803833,10.09000015258789,9.65999984741211,9.9399995803833,84199500
2024-12-19,9.068071365356444,9.739999771118164,9.949999809265137,9.699999809265137,9.789999961853027,81659000
2024-12-20,9.19841480255127,9.880000114440918,9.960000038146973,9.68000030517578,9.699999809265137,87705500
2024-12-23,9.217033386230469,9.899999618530272,9.920000076293944,9.75,9.869999885559082,50646600
2024-12-24,9.32875633239746,10.020000457763672,10.0600004196167,9.890000343322754,9.899999618530272,29083100
2024-12-26,9.375307083129885,10.06999969482422,10.119999885559082,9.979999542236328,10.0,35922700
2024-12-27,9.33806610107422,10.029999732971191,10.199999809265137,9.979999542236328,10.029999732971191,52899900
2024-12-30,9.19841480255127,9.880000114440918,9.979999542236328,9.81999969482422,9.949999809265137,47116700
2024-12-31,9.217033386230469,9.899999618530272,10.010000228881836,9.84000015258789,9.90999984741211,54104200
2025-01-02,8.98427963256836,9.649999618530272,9.960000038146973,9.640000343322754,9.90999984741211,67156200
2025-01-03,9.19841480255127,9.880000114440918,9.949999809265137,9.529999732971191,9.6899995803833,77245900
2025-01-06,9.235654830932615,9.920000076293944,10.1899995803833,9.899999618530272,10.0600004196167,63840800
2025-01-07,9.08669376373291,9.760000228881836,10.010000228881836,9.720000267028809,9.949999809265137,62404000
2025-01-08,9.068071365356444,9.739999771118164,9.75,9.579999923706056,9.739999771118164,61678800
2025-01-10,8.98427963256836,9.649999618530272,9.84000015258789,9.59000015258789,9.670000076293944,73373400
2025-01-13,9.040142059326172,9.710000038146973,9.720000267028809,9.56999969482422,9.65999984741211,66023000
2025-01-14,9.105313301086426,9.779999732971191,9.81999969482422,9.68000030517578,9.779999732971191,45419900
2025-01-15,9.263585090637209,9.949999809265137,10.0600004196167,9.890000343322754,9.970000267028809,68674400
2025-01-16,9.319445610046388,10.010000228881836,10.0600004196167,9.890000343322754,9.90999984741211,45770000
2025-01-17,9.477718353271484,10.18000030517578,10.210000038146973,10.039999961853027,10.079999923706056,60802700
2025-01-21,9.71047306060791,10.43000030517578,10.449999809265137,10.239999771118164,10.300000190734863,65670800
2025-01-22,9.33806610107422,10.029999732971191,10.25,10.020000457763672,10.25,64949200
2025-01-23,9.459097862243652,10.15999984741211,10.170000076293944,9.970000267028809,10.050000190734863,56241100
2025-01-24,9.421856880187988,10.119999885559082,10.3100004196167,10.09000015258789,10.15999984741211,42909100
2025-01-27,9.663920402526855,10.380000114440918,10.420000076293944,10.100000381469728,10.109999656677246,73082600
2025-01-28,9.38461685180664,10.079999923706056,10.229999542236328,9.920000076293944,10.229999542236328,92177600
2025-01-29,9.505648612976074,10.210000038146973,10.289999961853027,10.029999732971191,10.100000381469728,69986900
2025-01-30,9.459097862243652,10.15999984741211,10.390000343322754,10.0600004196167,10.260000228881836,69663100
2025-01-31,9.38461685180664,10.079999923706056,10.350000381469728,9.989999771118164,10.170000076293944,103652400
2025-02-03,9.207725524902344,9.890000343322754,10.0600004196167,9.600000381469728,9.720000267028809,131430300
2025-02-04,9.459097862243652,10.15999984741211,10.15999984741211,9.899999618530272,9.9399995803833,68716500
2025-02-05,9.319445610046388,10.010000228881836,10.31999969482422,9.960000038146973,10.15999984741211,124187800
2025-02-06,8.621185302734375,9.260000228881836,9.640000343322754,9.260000228881836,9.489999771118164,222758300
2025-02-07,8.60256576538086,9.239999771118164,9.350000381469728,9.18000030517578,9.329999923706056,140852700
2025-02-10,8.60256576538086,9.239999771118164,9.300000190734863,9.119999885559082,9.25,72168000
2025-02-11,8.57463550567627,9.210000038146973,9.260000228881836,9.170000076293944,9.210000038146973,54844600
2025-02-12,8.593254089355469,9.229999542236328,9.289999961853027,9.100000381469728,9.170000076293944,67339600
2025-02-13,8.704977989196777,9.350000381469728,9.40999984741211,9.239999771118164,9.289999961853027,72059800
2025-02-14,8.826008796691895,9.479999542236328,9.510000228881836,9.390000343322754,9.43000030517578,53778300
2025-02-18,8.931767463684082,9.289999961853027,9.350000381469728,9.229999542236328,9.31999969482422,62175800
2025-02-19,8.979839324951172,9.34000015258789,9.390000343322754,9.210000038146973,9.270000457763672,50191700
2025-02-20,9.027911186218262,9.390000343322754,9.399999618530272,9.279999732971191,9.329999923706056,39787800
2025-02-21,8.922152519226074,9.279999732971191,9.40999984741211,9.229999542236328,9.380000114440918,58437700
2025-02-24,8.98945426940918,9.350000381469728,9.399999618530272,9.210000038146973,9.3100004196167,72562600
2025-02-25,9.056755065917969,9.420000076293944,9.489999771118164,9.3100004196167,9.369999885559082,88876800
2025-02-26,9.104825973510742,9.470000267028809,9.619999885559082,9.4399995803833,9.460000038146973,87948100
2025-02-27,8.931767463684082,9.289999961853027,9.529999732971191,9.289999961853027,9.4399995803833,70518800
2025-02-28,9.18174171447754,9.550000190734863,9.6899995803833,9.3100004196167,9.31999969482422,137992600
2025-03-03,9.027911186218262,9.390000343322754,9.81999969482422,9.31999969482422,9.710000038146973,154435900
2025-03-04,8.768322944641113,9.119999885559082,9.270000457763672,9.0600004196167,9.229999542236328,167500000
2025-03-05,9.277884483337402,9.649999618530272,9.670000076293944,9.199999809265137,9.260000228881836,157774900
2025-03-06,9.23942756652832,9.609999656677246,9.720000267028809,9.420000076293944,9.520000457763672,136680700
2025-03-07,9.518244743347168,9.899999618530272,9.960000038146973,9.510000228881836,9.539999961853027,150644900
2025-03-10,9.575931549072266,9.960000038146973,10.140000343322754,9.770000457763672,9.770000457763672,167183800
2025-03-11,9.316343307495115,9.6899995803833,9.960000038146973,9.489999771118164,9.920000076293944,210127000
2025-03-12,9.220199584960938,9.59000015258789,9.710000038146973,9.460000038146973,9.699999809265137,129994600
2025-03-13,9.162511825561523,9.529999732971191,9.949999809265137,9.5,9.56999969482422,137747600
2025-03-14,9.354799270629885,9.729999542236328,9.789999961853027,9.640000343322754,9.65999984741211,91313800
2025-03-17,9.537473678588867,9.920000076293944,9.979999542236328,9.739999771118164,9.739999771118164,98583100
2025-03-18,9.566316604614258,9.949999809265137,10.039999961853027,9.880000114440918,9.949999809265137,102730900
2025-03-19,9.777832984924316,10.170000076293944,10.279999732971191,9.949999809265137,9.960000038146973,124697400
2025-03-20,9.624003410339355,10.010000228881836,10.149999618530272,9.989999771118164,10.06999969482422,109103700
2025-03-21,9.614388465881348,10.0,10.119999885559082,9.829999923706056,9.90999984741211,240638600
2025-03-24,9.854748725891112,10.25,10.25,10.010000228881836,10.039999961853027,102847200
2025-03-25,9.893206596374512,10.289999961853027,10.350000381469728,10.170000076293944,10.300000190734863,83674900
2025-03-26,9.90282154083252,10.300000190734863,10.350000381469728,10.09000015258789,10.270000457763672,139742100
2025-03-27,9.518244743347168,9.899999618530272,10.399999618530272,9.81999969482422,10.260000228881836,229032500
2025-03-28,9.345187187194824,9.720000267028809,9.890000343322754,9.619999885559082,9.84000015258789,136868300
2025-03-31,9.643232345581056,10.029999732971191,10.109999656677246,9.550000190734863,9.56999969482422,139951900
2025-04-01,9.55670166015625,9.9399995803833,10.170000076293944,9.8100004196167,10.100000381469728,135388700
2025-04-02,9.758604049682615,10.149999618530272,10.270000457763672,9.81999969482422,9.84000015258789,136908500
2025-04-03,9.172126770019531,9.539999961853027,10.199999809265137,9.529999732971191,9.989999771118164,220271000
2025-04-04,9.21058464050293,9.579999923706056,9.729999542236328,9.199999809265137,9.31999969482422,177466200
2025-04-07,8.883694648742676,9.239999771118164,9.640000343322754,9.0,9.270000457763672,274938500
2025-04-08,8.354903221130371,8.6899995803833,9.520000457763672,8.550000190734863,9.520000457763672,199286800
2025-04-09,9.13366985321045,9.5,9.539999961853027,8.4399995803833,8.5,199663000
2025-04-10,8.787551879882812,9.140000343322754,9.279999732971191,8.880000114440918,9.100000381469728,163535400
2025-04-11,8.97022533416748,9.329999923706056,9.350000381469728,9.039999961853027,9.109999656677246,146073700
2025-04-14,9.335572242736816,9.710000038146973,9.8100004196167,9.199999809265137,9.380000114440918,189955000
2025-04-15,9.085597038269045,9.449999809265137,9.630000114440918,9.380000114440918,9.619999885559082,125469000
2025-04-16,9.037525177001951,9.399999618530272,9.619999885559082,9.289999961853027,9.470000267028809,133804900
2025-04-17,9.258655548095703,9.630000114440918,9.6899995803833,9.399999618530272,9.40999984741211,129204600
2025-04-21,9.104825973510742,9.470000267028809,9.630000114440918,9.350000381469728,9.579999923706056,94138900
2025-04-22,9.277884483337402,9.649999618530272,9.720000267028809,9.529999732971191,9.550000190734863,121387100
2025-04-23,9.402872085571287,9.779999732971191,10.010000228881836,9.710000038146973,9.84000015258789,158691500
2025-04-24,9.672076225280762,10.0600004196167,10.09000015258789,9.81999969482422,9.869999885559082,87031000
2025-04-25,9.652846336364746,10.039999961853027,10.100000381469728,9.970000267028809,10.050000190734863,88682400
2025-04-28,9.633617401123049,10.020000457763672,10.18000030517578,9.970000267028809,10.0600004196167,77051500
2025-04-29,9.758604049682615,10.149999618530272,10.1899995803833,9.93000030517578,10.06999969482422,141980300
2025-04-30,9.624003410339355,10.010000228881836,10.130000114440918,9.859999656677246,10.109999656677246,136406200
2025-05-01,9.787447929382324,10.18000030517578,10.31999969482422,10.020000457763672,10.140000343322754,126532500
2025-05-02,9.883591651916504,10.279999732971191,10.390000343322754,10.220000267028809,10.300000190734863,82228700
2025-05-05,9.777832984924316,10.170000076293944,10.239999771118164,10.100000381469728,10.229999542236328,105766300
2025-05-06,10.037421226501465,10.4399995803833,10.619999885559082,10.0600004196167,10.09000015258789,131814000
2025-05-07,9.883591651916504,10.279999732971191,10.510000228881836,10.119999885559082,10.460000038146973,116885100
2025-05-08,9.883591651916504,10.279999732971191,10.460000038146973,10.260000228881836,10.34000015258789,107173400
2025-05-09,10.02780818939209,10.43000030517578,10.489999771118164,10.350000381469728,10.359999656677246,76350700
2025-05-12,10.291183471679688,10.550000190734863,10.729999542236328,10.479999542236328,10.5600004196167,102035800
2025-05-13,10.339958190917969,10.600000381469728,10.630000114440918,10.420000076293944,10.600000381469728,83671000
2025-05-14,10.3887300491333,10.649999618530272,10.699999809265137,10.479999542236328,10.56999969482422,84453100
2025-05-15,10.486276626586914,10.75,10.779999732971191,10.550000190734863,10.59000015258789,71096500
2025-05-16,10.535051345825195,10.800000190734863,10.8100004196167,10.640000343322754,10.770000457763672,64913000
2025-05-19,10.486276626586914,10.75,10.789999961853027,10.630000114440918,10.6899995803833,60195700
2025-05-20,10.457013130187988,10.720000267028809,10.84000015258789,10.65999984741211,10.789999961853027,61063800
2025-05-21,10.222900390625,10.479999542236328,10.6899995803833,10.449999809265137,10.65999984741211,89090500
2025-05-22,10.183881759643556,10.4399995803833,10.5,10.34000015258789,10.479999542236328,94081100
2025-05-23,10.105844497680664,10.359999656677246,10.40999984741211,10.289999961853027,10.300000190734863,80519000
2025-05-27,10.057071685791016,10.3100004196167,10.489999771118164,10.210000038146973,10.449999809265137,89066800
2025-05-28,9.92050552368164,10.170000076293944,10.34000015258789,10.149999618530272,10.31999969482422,102335600
2025-05-29,9.969280242919922,10.220000267028809,10.279999732971191,10.109999656677246,10.210000038146973,101642200
2025-05-30,10.125353813171388,10.380000114440918,10.460000038146973,10.119999885559082,10.18000030517578,152191600
2025-06-02,9.735166549682615,9.979999542236328,10.279999732971191,9.880000114440918,10.270000457763672,170340800
2025-06-03,9.940014839172363,10.1899995803833,10.229999542236328,9.890000343322754,9.970000267028809,121584300
2025-06-04,9.988788604736328,10.239999771118164,10.369999885559082,10.18000030517578,10.1899995803833,123191200
2025-06-05,9.85222339630127,10.100000381469728,10.25,10.029999732971191,10.199999809265137,133191400
2025-06-06,10.008298873901367,10.260000228881836,10.350000381469728,10.149999618530272,10.15999984741211,105916700
2025-06-09,10.08633518218994,10.34000015258789,10.449999809265137,10.289999961853027,10.289999961853027,63638900
2025-06-10,10.339958190917969,10.600000381469728,10.649999618530272,10.359999656677246,10.380000114440918,87955500
2025-06-11,10.39848518371582,10.65999984741211,10.770000457763672,10.609999656677246,10.640000343322754,93094900
2025-06-12,10.271674156188965,10.529999732971191,10.59000015258789,10.43000030517578,10.579999923706056,76393300
2025-06-13,10.174128532409668,10.43000030517578,10.510000228881836,10.380000114440918,10.470000267028809,90106200
2025-06-16,10.359466552734377,10.619999885559082,10.670000076293944,10.5,10.5,75195200
2025-06-17,10.164373397827148,10.420000076293944,10.630000114440918,10.380000114440918,10.59000015258789,100969400
2025-06-18,10.174128532409668,10.43000030517578,10.529999732971191,10.399999618530272,10.43000030517578,82770200
2025-06-20,10.33020305633545,10.59000015258789,10.600000381469728,10.460000038146973,10.489999771118164,116743400
2025-06-23,10.486276626586914,10.75,10.75,10.539999961853027,10.550000190734863,77576500
2025-06-24,10.466767311096191,10.729999542236328,10.869999885559082,10.720000267028809,10.789999961853027,77244400
2025-06-25,10.222900390625,10.479999542236328,10.770000457763672,10.420000076293944,10.760000228881836,91927300
2025-06-26,10.369221687316896,10.630000114440918,10.649999618530272,10.470000267028809,10.5,88416400
2025-06-27,10.535051345825195,10.800000190734863,10.920000076293944,10.68000030517578,10.699999809265137,182008200
2025-06-30,10.583824157714844,10.850000381469728,10.859999656677246,10.6899995803833,10.720000267028809,88472200
2025-07-01,11.071558952331545,11.350000381469728,11.380000114440918,10.789999961853027,10.8100004196167,140150700
2025-07-02,11.48125457763672,11.770000457763672,11.779999732971191,11.369999885559082,11.380000114440918,122331600
2025-07-03,11.520273208618164,11.8100004196167,11.960000038146973,11.75,11.75,60311500
2025-07-07,11.305670738220217,11.59000015258789,11.789999961853027,11.479999542236328,11.600000381469728,73842100
2025-07-08,11.393463134765623,11.68000030517578,11.850000381469728,11.640000343322754,11.649999618530272,74190200
2025-07-09,11.539782524108888,11.829999923706056,11.899999618530272,11.760000228881836,11.779999732971191,63886900
2025-07-10,11.617819786071776,11.90999984741211,11.970000267028809,11.779999732971191,11.859999656677246,67263000
2025-07-11,11.491008758544922,11.779999732971191,11.859999656677246,11.710000038146973,11.850000381469728,65340700
2025-07-14,11.588556289672852,11.880000114440918,11.899999618530272,11.670000076293944,11.760000228881836,62098100
2025-07-15,11.286160469055176,11.56999969482422,11.93000030517578,11.520000457763672,11.899999618530272,65101900
2025-07-16,10.964256286621094,11.239999771118164,11.449999809265137,11.149999618530272,11.350000381469728,107978100
2025-07-17,10.87646484375,11.149999618530272,11.350000381469728,11.109999656677246,11.1899995803833,70345300
2025-07-18,10.886219024658203,11.15999984741211,11.239999771118164,11.050000190734863,11.170000076293944,68812600
2025-07-21,11.03253936767578,11.3100004196167,11.449999809265137,11.210000038146973,11.260000228881836,65515600
2025-07-22,10.915482521057127,11.1899995803833,11.289999961853027,11.079999923706056,11.239999771118164,79403800
2025-07-23,11.100822448730469,11.380000114440918,11.460000038146973,11.279999732971191,11.279999732971191,76163200
2025-07-24,10.983765602111816,11.260000228881836,11.43000030517578,11.229999542236328,11.3100004196167,63557800
2025-07-25,11.188613891601562,11.470000267028809,11.489999771118164,11.239999771118164,11.34000015258789,52312300
2025-07-28,11.00327491760254,11.279999732971191,11.489999771118164,11.25,11.479999542236328,54173600
2025-07-29,10.808181762695312,11.079999923706056,11.289999961853027,11.0600004196167,11.289999961853027,58371500
2025-07-30,10.603333473205566,10.869999885559082,11.130000114440918,10.81999969482422,11.130000114440918,79866900
2025-07-31,10.798426628112791,11.06999969482422,11.149999618530272,10.68000030517578,10.770000457763672,101090900
2025-08-01,10.554559707641602,10.81999969482422,10.920000076293944,10.68000030517578,10.920000076293944,73541500
2025-08-04,10.681370735168455,10.949999809265137,11.020000457763672,10.859999656677246,10.890000343322754,56696800
2025-08-05,10.78867244720459,11.0600004196167,11.100000381469728,10.899999618530272,10.979999542236328,58864300
2025-08-06,10.934992790222168,11.210000038146973,11.260000228881836,11.079999923706056,11.109999656677246,59519800
2025-08-07,11.00327491760254,11.279999732971191,11.390000343322754,11.100000381469728,11.300000190734863,71775000
2025-08-08,11.0422945022583,11.31999969482422,11.369999885559082,11.210000038146973,11.3100004196167,48465300
2025-08-11,11.0126371383667,11.140000343322754,11.56999969482422,11.0600004196167,11.300000190734863,84333000
2025-08-12,11.121378898620604,11.25,11.31999969482422,11.130000114440918,11.199999809265137,63944100
2025-08-13,11.30920696258545,11.4399995803833,11.489999771118164,11.1899995803833,11.270000457763672,63823300
2025-08-14,11.30920696258545,11.4399995803833,11.449999809265137,11.220000267028809,11.300000190734863,52469200
2025-08-15,11.30920696258545,11.4399995803833,11.520000457763672,11.40999984741211,11.43000030517578,46141400
2025-08-18,11.328978538513184,11.460000038146973,11.479999542236328,11.369999885559082,11.399999618530272,37113800
2025-08-19,11.447606086730955,11.579999923706056,11.729999542236328,11.489999771118164,11.520000457763672,58020200
2025-08-20,11.358634948730469,11.489999771118164,11.600000381469728,11.470000267028809,11.520000457763672,46469900
2025-08-21,11.200464248657228,11.329999923706056,11.43000030517578,11.199999809265137,11.420000076293944,51779300
2025-08-22,11.6057767868042,11.739999771118164,11.770000457763672,11.390000343322754,11.390000343322754,58538700
2025-08-25,11.68486213684082,11.81999969482422,11.850000381469728,11.68000030517578,11.720000267028809,45038800
2025-08-26,11.704633712768556,11.84000015258789,11.869999885559082,11.770000457763672,11.8100004196167,48613300
2025-08-27,11.773833274841309,11.90999984741211,11.979999542236328,11.8100004196167,11.81999969482422,40381500
2025-08-28,11.576120376586914,11.710000038146973,11.989999771118164,11.630000114440918,11.989999771118164,47723700
2025-08-29,11.635435104370115,11.770000457763672,11.829999923706056,11.720000267028809,11.739999771118164,44069700
2025-09-02,11.58600616455078,11.720000267028809,11.890000343322754,11.640000343322754,11.760000228881836,57704200
2025-09-03,11.487149238586426,11.619999885559082,11.729999542236328,11.56999969482422,11.670000076293944,47728700
2025-09-04,11.546463966369627,11.68000030517578,11.699999809265137,11.56999969482422,11.649999618530272,33136700
2025-09-05,11.6057767868042,11.739999771118164,11.90999984741211,11.65999984741211,11.710000038146973,47547800
2025-09-08,11.55634880065918,11.6899995803833,11.75,11.579999923706056,11.75,39734500
2025-09-09,11.358634948730469,11.489999771118164,11.68000030517578,11.449999809265137,11.670000076293944,41262700
2025-09-10,11.289435386657717,11.420000076293944,11.520000457763672,11.3100004196167,11.489999771118164,47021300
2025-09-11,11.625548362731934,11.760000228881836,11.789999961853027,11.43000030517578,11.460000038146973,64196100
2025-09-12,11.546463966369627,11.68000030517578,11.8100004196167,11.65999984741211,11.75,50100800
2025-09-15,11.546463966369627,11.68000030517578,11.760000228881836,11.609999656677246,11.739999771118164,47942400
2025-09-16,11.47726345062256,11.609999656677246,11.779999732971191,11.510000228881836,11.6899995803833,58065000
2025-09-17,11.526691436767578,11.65999984741211,11.880000114440918,11.550000190734863,11.630000114440918,68585900
2025-09-18,11.6057767868042,11.739999771118164,11.779999732971191,11.619999885559082,11.6899995803833,55040100
2025-09-19,11.487149238586426,11.619999885559082,11.800000190734863,11.59000015258789,11.770000457763672,71676300
2025-09-22,11.526691436767578,11.65999984741211,11.699999809265137,11.56999969482422,11.600000381469728,58432700
2025-09-23,11.595890998840332,11.729999542236328,11.93000030517578,11.699999809265137,11.699999809265137,55667600
2025-09-24,11.497035026550291,11.630000114440918,11.829999923706056,11.59000015258789,11.729999542236328,60193800
2025-09-25,11.487149238586426,11.619999885559082,11.649999618530272,11.369999885559082,11.539999961853027,67656300
2025-09-26,11.872690200805664,12.010000228881836,12.31999969482422,11.649999618530272,11.649999618530272,117681800
2025-09-29,11.951775550842283,12.09000015258789,12.119999885559082,11.890000343322754,12.100000381469728,83325000
2025-09-30,11.823262214660645,11.960000038146973,12.199999809265137,11.90999984741211,12.109999656677246,70765000
2025-10-01,12.129717826843262,12.270000457763672,12.279999732971191,12.039999961853027,12.119999885559082,73578400
2025-10-02,12.080289840698242,12.220000267028809,12.43000030517578,12.119999885559082,12.279999732971191,74530500
2025-10-03,12.525144577026367,12.670000076293944,12.670000076293944,12.199999809265137,12.25,100778600
2025-10-06,12.554800987243652,12.699999809265137,12.800000190734863,12.479999542236328,12.630000114440918,90544900
2025-10-07,11.783719062805176,11.920000076293944,12.529999732971191,11.739999771118164,12.5,154390200
2025-10-08,11.6057767868042,11.739999771118164,12.010000228881836,11.68000030517578,11.979999542236328,78469700
2025-10-09,11.368520736694336,11.5,11.770000457763672,11.479999542236328,11.75,70320500
2025-10-10,11.279549598693848,11.40999984741211,11.59000015258789,11.350000381469728,11.550000190734863,84595400
2025-10-13,11.408063888549805,11.539999961853027,11.630000114440918,11.460000038146973,11.489999771118164,73939400
2025-10-14,11.516805648803713,11.649999618530272,11.760000228881836,11.34000015258789,11.380000114440918,89117900
2025-10-15,11.625548362731934,11.760000228881836,11.779999732971191,11.640000343322754,11.68000030517578,88960700
2025-10-16,11.6057767868042,11.739999771118164,11.789999961853027,11.640000343322754,11.739999771118164,108701200
2025-10-17,11.783719062805176,11.920000076293944,12.010000228881836,11.720000267028809,11.739999771118164,107633500
2025-10-20,11.85291862487793,11.989999771118164,12.079999923706056,11.90999984741211,11.93000030517578,77878900
2025-10-21,12.41640281677246,12.5600004196167,12.630000114440918,12.06999969482422,12.260000228881836,297153200
2025-10-22,12.287888526916504,12.43000030517578,12.600000381469728,12.279999732971191,12.529999732971191,415062200
2025-10-23,12.198917388916016,12.34000015258789,12.489999771118164,12.1899995803833,12.470000267028809,479840300
2025-10-24,13.681768417358398,13.84000015258789,13.970000267028809,12.710000038146973,12.729999542236328,298366900
2025-10-27,13.108399391174316,13.260000228881836,13.800000190734863,13.210000038146973,13.800000190734863,140859000
2025-10-28,12.97988510131836,13.130000114440918,13.279999732971191,13.039999961853027,13.239999771118164,96738500
2025-10-29,13.088627815246582,13.239999771118164,13.390000343322754,13.06999969482422,13.100000381469728,127512200
2025-10-30,12.910686492919922,13.0600004196167,13.289999961853027,13.0600004196167,13.140000343322754,80766300
2025-10-31,12.97988510131836,13.130000114440918,13.170000076293944,12.989999771118164,13.039999961853027,68862000
2025-11-03,12.861257553100586,13.010000228881836,13.100000381469728,12.899999618530272,13.100000381469728,80419400
2025-11-04,12.64377212524414,12.789999961853027,12.93000030517578,12.75,12.90999984741211,70360600
2025-11-05,12.960113525390623,13.109999656677246,13.3100004196167,12.880000114440918,12.920000076293944,79134300
2025-11-06,12.969999313354492,13.119999885559082,13.260000228881836,12.979999542236328,13.140000343322754,82291000
2025-11-07,13.210000038146973,13.210000038146973,13.239999771118164,12.949999809265137,12.960000038146973,80011300
2025-11-10,13.15999984741211,13.15999984741211,13.239999771118164,13.0,13.229999542236328,62051200
2025-11-11,13.300000190734863,13.300000190734863,13.4399995803833,13.1899995803833,13.1899995803833,79742400
2025-11-12,13.449999809265137,13.449999809265137,13.5,13.300000190734863,13.300000190734863,61840500
2025-11-13,13.279999732971191,13.279999732971191,13.5,13.25,13.399999618530272,71481600
2025-11-14,13.1899995803833,13.1899995803833,13.3100004196167,13.100000381469728,13.18000030517578,67932400
2025-11-17,12.880000114440918,12.880000114440918,13.18000030517578,12.779999732971191,13.18000030517578,73404400
2025-11-18,13.020000457763672,13.020000457763672,13.09000015258789,12.760000228881836,12.869999885559082,70215400
2025-11-19,12.899999618530272,12.899999618530272,13.149999618530272,12.859999656677246,13.029999732971191,49619300
2025-11-20,12.40999984741211,12.40999984741211,13.010000228881836,12.380000114440918,12.90999984741211,95861900
2025-11-21,12.829999923706056,12.829999923706056,12.9399995803833,12.489999771118164,12.510000228881836,74048900
2025-11-24,12.960000038146973,12.960000038146973,12.979999542236328,12.829999923706056,12.84000015258789,52936200
2025-11-25,13.170000076293944,13.170000076293944,13.260000228881836,12.979999542236328,12.989999771118164,52885000
2025-11-26,13.1899995803833,13.1899995803833,13.260000228881836,13.119999885559082,13.170000076293944,44942200
2025-11-28,13.279999732971191,13.279999732971191,13.34000015258789,13.18000030517578,13.210000038146973,29536200
2025-12-01,13.15999984741211,13.15999984741211,13.390000343322754,13.130000114440918,13.199999809265137,51594000
2025-12-02,12.960000038146973,12.960000038146973,13.1899995803833,12.869999885559082,13.1899995803833,57641700
2025-12-03,13.09000015258789,13.09000015258789,13.140000343322754,12.960000038146973,12.989999771118164,45364700
2025-12-04,13.140000343322754,13.140000343322754,13.239999771118164,13.0600004196167,13.1899995803833,47554800
2025-12-05,13.029999732971191,13.029999732971191,13.279999732971191,13.0,13.149999618530272,54099400
2025-12-08,13.140000343322754,13.140000343322754,13.15999984741211,12.949999809265137,13.06999969482422,45580800
2025-12-09,13.079999923706056,13.079999923706056,13.220000267028809,13.0600004196167,13.130000114440918,33350000
2025-12-10,13.40999984741211,13.40999984741211,13.420000076293944,13.06999969482422,13.079999923706056,72210700
2025-12-11,13.630000114440918,13.630000114440918,13.68000030517578,13.300000190734863,13.390000343322754,59012300
2025-12-12,13.760000228881836,13.760000228881836,13.84000015258789,13.670000076293944,13.670000076293944,48337300
2025-12-15,13.649999618530272,13.649999618530272,13.8100004196167,13.489999771118164,13.800000190734863,53577300
2025-12-16,13.670000076293944,13.670000076293944,13.989999771118164,13.56999969482422,13.720000267028809,69408900
2025-12-17,13.3100004196167,13.3100004196167,13.65999984741211,13.289999961853027,13.630000114440918,58320600
2025-12-18,13.31999969482422,13.31999969482422,13.470000267028809,13.25,13.380000114440918,52604800
2025-12-19,13.470000267028809,13.470000267028809,13.479999542236328,13.279999732971191,13.3100004196167,61640600
2025-12-22,13.460000038146973,13.460000038146973,13.609999656677246,13.420000076293944,13.510000228881836,31106100
2025-12-23,13.289999961853027,13.289999961853027,13.449999809265137,13.279999732971191,13.43000030517578,25440800
2025-12-24,13.359999656677246,13.359999656677246,13.380000114440918,13.25,13.300000190734863,14227600
2025-12-26,13.3100004196167,13.3100004196167,13.380000114440918,13.260000228881836,13.34000015258789,22471400
2025-12-29,13.279999732971191,13.279999732971191,13.3100004196167,13.239999771118164,13.270000457763672,24398300
2025-12-30,13.229999542236328,13.229999542236328,13.289999961853027,13.199999809265137,13.279999732971191,23002800
2025-12-31,13.119999885559082,13.119999885559082,13.220000267028809,13.119999885559082,13.210000038146973,26302300
2026-01-02,13.34000015258789,13.34000015258789,13.390000343322754,13.0600004196167,13.18000030517578,46366900
2026-01-05,13.470000267028809,13.470000267028809,13.479999542236328,13.199999809265137,13.25,50135200
2026-01-06,13.800000190734863,13.800000190734863,13.859999656677246,13.31999969482422,13.510000228881836,84534700
2026-01-07,13.739999771118164,13.739999771118164,13.81999969482422,13.59000015258789,13.800000190734863,50609000
2026-01-08,14.399999618530272,14.399999618530272,14.5,13.890000343322754,13.890000343322754,154276800
2026-01-09,14.199999809265137,14.199999809265137,14.40999984741211,14.09000015258789,14.350000381469728,68436200
2026-01-12,14.029999732971191,14.029999732971191,14.1899995803833,13.960000038146973,14.149999618530272,53444000
2026-01-13,13.979999542236328,13.979999542236328,14.130000114440918,13.960000038146973,14.0600004196167,58867500
2026-01-14,13.84000015258789,13.84000015258789,14.119999885559082,13.789999961853027,14.0,65318600
2026-01-15,13.8100004196167,13.8100004196167,14.130000114440918,13.789999961853027,13.920000076293944,44241500
2026-01-16,13.600000381469728,13.600000381469728,13.800000190734863,13.59000015258789,13.760000228881836,60750800
2026-01-20,13.279999732971191,13.279999732971191,13.609999656677246,13.229999542236328,13.470000267028809,67018100
2026-01-21,13.770000457763672,13.770000457763672,13.770000457763672,13.40999984741211,13.40999984741211,58160100
2026-01-22,13.710000038146973,13.710000038146973,13.84000015258789,13.699999809265137,13.779999732971191,38170300
2026-01-23,13.5600004196167,13.5600004196167,13.699999809265137,13.550000190734863,13.699999809265137,39702100
2026-01-26,13.29599952697754,13.4399995803833,13.65999984741211,13.34000015258789,13.5600004196167,59171000
2026-01-27,13.780750274658203,13.93000030517578,13.949999809265137,13.510000228881836,13.640000343322754,100003700
2026-01-28,13.67192840576172,13.81999969482422,13.890000343322754,13.760000228881836,13.880000114440918,48751800
2026-01-29,13.850000381469728,14.0,14.09000015258789,13.800000190734863,13.890000343322754,84803900
2026-01-30,13.73128604888916,13.880000114440918,13.979999542236328,13.789999961853027,13.90999984741211,66996300
2026-02-02,13.662035942077637,13.8100004196167,13.899999618530272,13.75,13.859999656677246,54218100
2026-02-03,13.582892417907717,13.729999542236328,14.039999961853027,13.609999656677246,13.81999969482422,76638000
2026-02-04,13.67192840576172,13.81999969482422,14.0,13.6899995803833,13.720000267028809,70488700
2026-02-05,13.572999954223633,13.720000267028809,13.81999969482422,13.529999732971191,13.75,79719900
2026-02-06,13.652142524719238,13.800000190734863,13.880000114440918,13.670000076293944,13.779999732971191,55588200
2026-02-09,13.444393157958984,13.59000015258789,13.779999732971191,13.529999732971191,13.75,59778000
2026-02-10,13.424606323242188,13.56999969482422,13.739999771118164,13.56999969482422,13.640000343322754,80827700
2026-02-11,13.701607704162598,13.850000381469728,13.880000114440918,13.520000457763672,13.619999885559082,129595000
2026-02-12,13.850000381469728,14.0,14.359999656677246,13.850000381469728,13.899999618530272,133257200
2026-02-13,14.119999885559082,14.119999885559082,14.34000015258789,13.850000381469728,13.880000114440918,87400200
2026-02-17,14.130000114440918,14.130000114440918,14.170000076293945,13.930000305175781,14.09000015258789,57684800
2026-02-18,13.850000381469727,13.850000381469727,14.140000343322754,13.8100004196167,14.109999656677246,64199300
2026-02-19,13.779999732971191,13.779999732971191,13.949999809265137,13.6899995803833,13.770000457763672,58268500
2026-02-20,14.010000228881836,14.010000228881836,14.039999961853027,13.720000267028809,13.779999732971191,67563600
