Date,Adj Close,Close,High,Low,Open,Volume
2021-02-10,28.437231063842773,30.51000022888184,30.780000686645508,29.46999931335449,29.850000381469727,1827500
2021-02-11,28.660926818847656,30.75,30.959999084472656,30.26499938964844,30.450000762939453,922600
2021-02-12,29.313373565673828,31.450000762939453,31.690000534057617,30.61000061035156,30.670000076293945,1003200
2021-02-16,28.56772232055664,30.64999961853028,31.670000076293945,30.61000061035156,31.51000022888184,965200
2021-02-17,28.577035903930664,30.65999984741211,30.950000762939453,30.450000762939453,30.56999969482422,474700
2021-02-18,28.94986343383789,31.059999465942383,31.25,30.600000381469727,30.64999961853028,1023200
2021-02-19,30.170867919921875,32.369998931884766,32.54999923706055,31.14999961853028,31.14999961853028,1281600
2021-02-22,31.12157440185547,33.38999938964844,33.845001220703125,32.279998779296875,32.279998779296875,1278000
2021-02-23,30.63689994812012,32.869998931884766,33.97999954223633,32.380001068115234,33.47999954223633,1117400
2021-02-24,30.51573371887207,32.7400016784668,32.81999969482422,32.084999084472656,32.400001525878906,797600
2021-02-25,29.592992782592773,31.75,33.220001220703125,31.489999771118164,32.849998474121094,1069700
2021-02-26,29.76075935363769,31.93000030517578,32.45000076293945,31.440000534057617,31.600000381469727,1290000
2021-03-01,31.12157440185547,33.38999938964844,33.650001525878906,32.099998474121094,32.18000030517578,989300
2021-03-02,33.600852966308594,36.04999923706055,36.709999084472656,33.06999969482422,33.31999969482422,3052400
2021-03-03,34.5702018737793,37.09000015258789,38.25,35.72999954223633,36.06999969482422,2928100
2021-03-04,34.21602249145508,36.709999084472656,37.91999816894531,35.709999084472656,37.06999969482422,2013900
2021-03-05,36.387725830078125,39.040000915527344,39.13999938964844,36.790000915527344,37.70899963378906,2462700
2021-03-08,37.301151275634766,40.02000045776367,40.2599983215332,38.15999984741211,38.81999969482422,1362400
2021-03-09,35.84810256958008,38.2400016784668,39.880001068115234,37.900001525878906,39.880001068115234,1608500
2021-03-10,36.52306365966797,38.959999084472656,39.27000045776367,38.09000015258789,38.52000045776367,1154100
2021-03-11,36.944915771484375,39.40999984741211,40.06999969482422,38.59999847412109,38.63999938964844,972400
2021-03-12,37.498008728027344,40.0,40.3849983215332,39.38999938964844,39.459999084472656,1108200
2021-03-15,37.59175491333008,40.09999847412109,40.7400016784668,39.619998931884766,40.34999847412109,943200
2021-03-16,38.84794235229492,41.43999862670898,42.13999938964844,40.54999923706055,40.880001068115234,1527500
2021-03-17,37.91986846923828,40.45000076293945,41.41999816894531,39.25,41.29999923706055,1432700
2021-03-18,37.87299728393555,40.400001525878906,41.2599983215332,39.94499969482422,40.09999847412109,1206700
2021-03-19,37.826114654541016,40.34999847412109,40.93999862670898,40.02999877929688,40.36000061035156,2431100
2021-03-22,38.576080322265625,41.150001525878906,41.33000183105469,40.03499984741211,40.60499954223633,999700
2021-03-23,36.75742721557617,39.209999084472656,40.95000076293945,39.16999816894531,40.79999923706055,1358700
2021-03-24,35.57623672485352,37.95000076293945,39.5099983215332,37.900001525878906,39.27999877929688,1594400
2021-03-25,36.01683807373047,38.41999816894531,38.959999084472656,37.75,37.93999862670898,1631000
2021-03-26,33.90757751464844,36.16999816894531,38.47999954223633,33.959999084472656,38.459999084472656,3864100
2021-03-29,33.579471588134766,35.81999969482422,36.5099983215332,35.369998931884766,36.25,1729000
2021-03-30,33.59822082519531,35.84000015258789,36.459999084472656,35.380001068115234,35.83000183105469,1542400
2021-03-31,32.74514389038086,34.93000030517578,36.130001068115234,34.86199951171875,36.130001068115234,2810400
2021-04-01,32.810760498046875,35.0,35.41999816894531,34.54999923706055,35.18000030517578,2378500
2021-04-05,32.93263244628906,35.130001068115234,35.40999984741211,34.310001373291016,35.349998474121094,1246600
2021-04-06,33.532596588134766,35.77000045776367,36.06999969482422,34.77000045776367,34.77000045776367,1090800
2021-04-07,33.66384506225586,35.90999984741211,36.540000915527344,35.650001525878906,36.04999923706055,1129700
2021-04-08,33.40135955810547,35.630001068115234,36.18999862670898,35.209999084472656,35.900001525878906,1366200
2021-04-09,33.82320785522461,36.08000183105469,36.18999862670898,35.310001373291016,35.72999954223633,651700
2021-04-12,33.84195327758789,36.09999847412109,36.72999954223633,35.970001220703125,36.5,1118500
2021-04-13,34.07632064819336,36.34999847412109,36.790000915527344,35.89500045776367,35.97999954223633,1279400
2021-04-14,33.88882827758789,36.150001525878906,36.790000915527344,35.900001525878906,36.060001373291016,1512400
2021-04-15,34.47004318237305,36.77000045776367,37.27999877929688,36.27000045776367,36.52000045776367,1054500
2021-04-16,34.42317581176758,36.720001220703125,37.2400016784668,36.52000045776367,36.89699935913086,910000
2021-04-19,34.301307678222656,36.59000015258789,36.97999954223633,36.28499984741211,36.59000015258789,897500
2021-04-20,34.35755920410156,36.650001525878906,37.11000061035156,36.310001373291016,36.630001068115234,1092400
2021-04-21,35.02315139770508,37.36000061035156,37.59000015258789,36.34999847412109,36.650001525878906,1636600
2021-04-22,34.77940368652344,37.09999847412109,37.7400016784668,36.90999984741211,37.40999984741211,1734400
2021-04-23,35.00439453125,37.34000015258789,37.64599990844727,37.08000183105469,37.119998931884766,781100
2021-04-26,34.75128173828125,37.06999969482422,37.4900016784668,36.685001373291016,37.369998931884766,856900
2021-04-27,34.920021057128906,37.25,37.47999954223633,36.84000015258789,37.09999847412109,727600
2021-04-28,34.57316970825195,36.880001068115234,37.22999954223633,36.59000015258789,37.22999954223633,771400
2021-04-29,34.52629852294922,36.83000183105469,37.2599983215332,36.560001373291016,37.08000183105469,876700
2021-04-30,34.10444641113281,36.380001068115234,36.83000183105469,36.18999862670898,36.81999969482422,840100
2021-05-03,33.541969299316406,35.779998779296875,36.720001220703125,35.7599983215332,36.630001068115234,890500
2021-05-04,33.56071472167969,35.79999923706055,36.150001525878906,35.310001373291016,35.86000061035156,890300
2021-05-05,33.31698226928711,35.540000915527344,35.900001525878906,35.349998474121094,35.68600082397461,1024200
2021-05-06,34.4044303894043,36.70000076293945,37.36000061035156,35.779998779296875,35.86000061035156,791200
2021-05-07,34.84502410888672,37.16999816894531,37.459999084472656,36.52199935913086,36.7599983215332,1049900
2021-05-10,34.920021057128906,37.25,37.84000015258789,36.9109992980957,37.2599983215332,1087400
2021-05-11,35.051265716552734,37.38999938964844,37.459999084472656,36.810001373291016,37.04999923706055,1041300
2021-05-12,34.20756530761719,36.4900016784668,37.66999816894531,36.38999938964844,37.40999984741211,1203100
2021-05-13,34.75128173828125,37.06999969482422,37.5099983215332,36.43999862670898,36.459999084472656,1036700
2021-05-14,34.00132369995117,36.27000045776367,37.10499954223633,36.20700073242188,36.959999084472656,1364000
2021-05-17,33.59822082519531,35.84000015258789,37.09999847412109,35.81999969482422,36.630001068115234,1283100
2021-05-18,34.048194885253906,36.31999969482422,36.79999923706055,35.97999954223633,35.97999954223633,938900
2021-05-19,33.95444869995117,36.220001220703125,36.43000030517578,35.77000045776367,35.9900016784668,1070400
2021-05-20,33.87945556640625,36.13999938964844,36.58000183105469,36.040000915527344,36.150001525878906,919600
2021-05-21,34.10444641113281,36.380001068115234,36.650001525878906,36.06999969482422,36.220001220703125,849300
2021-05-24,34.038818359375,36.310001373291016,36.77999877929688,36.0099983215332,36.380001068115234,748800
2021-05-25,33.65447235107422,35.900001525878906,36.7400016784668,35.779998779296875,36.47999954223633,1036600
2021-05-26,33.8982048034668,36.15999984741211,36.77000045776367,35.7400016784668,35.90999984741211,1217300
2021-05-27,34.507545471191406,36.810001373291016,37.04999923706055,36.29999923706055,36.43999862670898,2762900
2021-05-28,34.01069641113281,36.27999877929688,37.02000045776367,35.97999954223633,37.02000045776367,981400
2021-06-01,33.73883819580078,35.9900016784668,36.65499877929688,35.95000076293945,36.59999847412109,1011700
2021-06-02,33.363861083984375,35.59000015258789,36.22999954223633,35.36000061035156,36.09000015258789,1409200
2021-06-03,32.96075820922852,35.15999984741211,35.79999923706055,34.775001525878906,35.58000183105469,1456200
2021-06-04,33.43885040283203,35.66999816894531,35.79999923706055,35.099998474121094,35.22999954223633,1054100
2021-06-07,33.373226165771484,35.599998474121094,36.0,35.380001068115234,35.68000030517578,686300
2021-06-08,32.96075820922852,35.15999984741211,35.650001525878906,34.95000076293945,35.560001373291016,1171000
2021-06-09,33.776336669921875,36.02999877929688,36.41999816894531,35.470001220703125,35.619998931884766,1105200
2021-06-10,33.61697006225586,35.86000061035156,36.2599983215332,35.72999954223633,36.0099983215332,622100
2021-06-11,33.93570709228516,36.20000076293945,36.2400016784668,35.849998474121094,35.90999984741211,591500
2021-06-14,33.71071243286133,35.959999084472656,36.369998931884766,35.650001525878906,36.25,808600
2021-06-15,33.729461669921875,35.97999954223633,36.380001068115234,35.720001220703125,36.06999969482422,813800
2021-06-16,33.68259048461914,35.93000030517578,36.18000030517578,35.630001068115234,35.91999816894531,850400
2021-06-17,33.223236083984375,35.439998626708984,36.2400016784668,35.349998474121094,35.900001525878906,927400
2021-06-18,33.541969299316406,35.779998779296875,36.209999084472656,35.22999954223633,35.279998779296875,2115400
2021-06-21,33.532596588134766,35.77000045776367,36.27999877929688,35.65999984741211,36.0099983215332,858100
2021-06-22,33.504478454589844,35.7400016784668,35.93000030517578,35.18000030517578,35.790000915527344,1313500
2021-06-23,33.466976165771484,35.70000076293945,36.03499984741211,35.59000015258789,35.689998626708984,1284800
2021-06-24,34.01069641113281,36.27999877929688,36.43000030517578,35.72999954223633,35.790000915527344,1118100
2021-06-25,34.11381912231445,36.38999938964844,36.88999938964844,36.15999984741211,36.290000915527344,1261800
2021-06-28,33.93570709228516,36.20000076293945,36.72999954223633,36.02999877929688,36.54999923706055,827400
2021-06-29,32.84825897216797,35.040000915527344,35.959999084472656,34.974998474121094,35.70000076293945,1109300
2021-06-30,32.99825668334961,35.20000076293945,35.25,34.72999954223633,35.189998626708984,865600
2021-07-01,33.33573532104492,35.560001373291016,35.86000061035156,34.970001220703125,35.27000045776367,815800
2021-07-02,33.15761947631836,35.369998931884766,35.709999084472656,35.22999954223633,35.709999084472656,529200
2021-07-06,32.55765151977539,34.72999954223633,35.4900016784668,34.005001068115234,35.22999954223633,1182400
2021-07-07,32.34203338623047,34.5,35.0,34.20000076293945,34.68000030517578,1004600
2021-07-08,31.69519424438477,33.810001373291016,34.380001068115234,33.58000183105469,34.380001068115234,906000
2021-07-09,32.351409912109375,34.5099983215332,34.630001068115234,33.75,33.79999923706055,790200
2021-07-12,32.71702194213867,34.900001525878906,34.90999984741211,34.029998779296875,34.40999984741211,721900
2021-07-13,31.84519386291504,33.970001220703125,34.97999954223633,33.90999984741211,34.974998474121094,1134200
2021-07-14,32.22954177856445,34.380001068115234,34.4900016784668,33.959999084472656,33.959999084472656,659600
2021-07-15,31.760820388793945,33.880001068115234,34.56999969482422,33.77000045776367,34.209999084472656,1279300
2021-07-16,31.28271675109864,33.369998931884766,33.95000076293945,33.310001373291016,33.880001068115234,1377900
2021-07-19,30.560880661010746,32.599998474121094,33.189998626708984,32.400001525878906,33.119998931884766,2828200
2021-07-20,30.81399345397949,32.869998931884766,33.0,32.369998931884766,32.599998474121094,2184700
2021-07-21,31.760820388793945,33.880001068115234,34.15999984741211,32.779998779296875,32.869998931884766,1705200
2021-07-22,31.63894844055176,33.75,33.95000076293945,33.18000030517578,33.95000076293945,774800
2021-07-23,31.882688522338867,34.0099983215332,34.09000015258789,33.52000045776367,33.83000183105469,515200
2021-07-26,32.17329788208008,34.31999969482422,34.619998931884766,33.790000915527344,33.790000915527344,815000
2021-07-27,31.835811614990234,33.959999084472656,34.279998779296875,33.849998474121094,34.119998931884766,694300
2021-07-28,31.892059326171875,34.02000045776367,34.31999969482422,33.31999969482422,33.970001220703125,951700
2021-07-29,31.817062377929688,33.939998626708984,34.595001220703125,33.91999816894531,34.15999984741211,1313600
2021-07-30,31.16084861755371,33.2400016784668,33.82500076293945,33.13999938964844,33.66999816894531,1921200
2021-08-02,31.207719802856445,33.290000915527344,33.540000915527344,33.22999954223633,33.290000915527344,912800
2021-08-03,30.76712226867676,32.81999969482422,33.380001068115234,31.8700008392334,33.380001068115234,968900
2021-08-04,30.598377227783203,32.63999938964844,33.029998779296875,32.380001068115234,32.66999816894531,893800
2021-08-05,32.14517593383789,34.290000915527344,34.86000061035156,33.18000030517578,33.380001068115234,2500700
2021-08-06,31.629579544067383,33.7400016784668,34.5099983215332,33.66999816894531,34.22999954223633,1236500
2021-08-09,31.404584884643555,33.5,33.65999984741211,33.31999969482422,33.61000061035156,1183400
2021-08-10,31.8733139038086,34.0,34.099998474121094,33.2400016784668,33.45000076293945,1240100
2021-08-11,32.37953567504883,34.540000915527344,34.619998931884766,33.79999923706055,34.029998779296875,2133800
2021-08-12,32.0139274597168,34.150001525878906,34.61000061035156,33.880001068115234,34.470001220703125,913000
2021-08-13,31.938928604125977,34.06999969482422,34.48500061035156,34.0099983215332,34.290000915527344,860900
2021-08-16,32.107669830322266,34.25,34.40999984741211,33.59000015258789,33.95000076293945,664900
2021-08-17,31.94831085205078,34.08000183105469,34.25,33.68000030517578,33.77000045776367,508400
2021-08-18,31.69519424438477,33.810001373291016,34.70000076293945,33.779998779296875,34.0,778600
2021-08-19,31.367088317871094,33.459999084472656,33.83000183105469,33.25,33.72999954223633,599400
2021-08-20,31.882688522338867,34.0099983215332,34.150001525878906,33.27000045776367,33.29999923706055,554500
2021-08-23,32.17329788208008,34.31999969482422,34.439998626708984,33.95000076293945,34.099998474121094,655000
2021-08-24,32.09830474853516,34.2400016784668,34.529998779296875,34.130001068115234,34.290000915527344,612500
2021-08-25,32.14517593383789,34.290000915527344,34.599998474121094,34.0,34.290000915527344,622200
2021-08-26,31.8733139038086,34.0,34.45000076293945,34.0,34.2400016784668,718500
2021-08-27,32.370155334472656,34.529998779296875,34.58000183105469,33.81999969482422,33.81999969482422,527300
2021-08-30,32.17329788208008,34.31999969482422,34.56999969482422,34.130001068115234,34.52000045776367,565100
2021-08-31,32.69252395629883,34.630001068115234,34.79999923706055,34.06999969482422,34.09000015258789,1145500
2021-09-01,32.324344635009766,34.2400016784668,34.77000045776367,34.15999984741211,34.65999984741211,1067600
2021-09-02,32.588680267333984,34.52000045776367,34.689998626708984,34.2400016784668,34.38999938964844,907700
2021-09-03,32.220497131347656,34.130001068115234,34.43000030517578,33.83000183105469,34.349998474121094,752700
2021-09-07,32.13553237915039,34.040000915527344,34.41999816894531,33.83000183105469,34.0,1172900
2021-09-08,31.436931610107425,33.29999923706055,34.349998474121094,33.290000915527344,33.95000076293945,962800
2021-09-09,31.78623008728028,33.66999816894531,33.779998779296875,33.13999938964844,33.36000061035156,1000000
2021-09-10,31.436931610107425,33.29999923706055,33.849998474121094,33.16999816894531,33.709999084472656,698600
2021-09-13,31.842878341674805,33.72999954223633,33.880001068115234,33.34000015258789,33.58000183105469,919200
2021-09-14,31.002670288085938,32.84000015258789,33.900001525878906,32.779998779296875,33.900001525878906,879900
2021-09-15,32.154415130615234,34.060001373291016,34.16999816894531,32.63999938964844,32.779998779296875,1097400
2021-09-16,32.74916458129883,34.689998626708984,34.849998474121094,33.869998931884766,34.04999923706055,980700
2021-09-17,33.13622283935547,35.099998474121094,35.58000183105469,34.599998474121094,34.630001068115234,2712200
2021-09-20,32.59811782836914,34.529998779296875,34.900001525878906,33.97999954223633,34.900001525878906,1016900
2021-09-21,32.5509147644043,34.47999954223633,35.16999816894531,34.2400016784668,34.72999954223633,1097900
2021-09-22,33.43832778930664,35.41999816894531,35.84000015258789,34.709999084472656,34.709999084472656,947700
2021-09-23,33.683780670166016,35.68000030517578,36.119998931884766,35.38999938964844,35.38999938964844,801500
2021-09-24,34.278533935546875,36.310001373291016,36.560001373291016,35.5,35.5,812400
2021-09-27,34.86384582519531,36.93000030517578,37.20000076293945,36.22999954223633,36.2400016784668,912700
2021-09-28,34.79776763916016,36.86000061035156,37.369998931884766,36.7599983215332,36.84999847412109,1076300
2021-09-29,35.16594314575195,37.25,37.33000183105469,36.62900161743164,36.84000015258789,788400
2021-09-30,35.043216705322266,37.119998931884766,38.040000915527344,37.09999847412109,37.61000061035156,1478800
2021-10-01,35.57188415527344,37.68000030517578,37.95000076293945,37.11000061035156,37.52999877929688,847300
2021-10-04,36.10999298095703,38.25,38.400001525878906,37.65999984741211,37.65999984741211,1092000
2021-10-05,36.46873474121094,38.630001068115234,38.86000061035156,38.2599983215332,38.369998931884766,802800
2021-10-06,36.21383285522461,38.36000061035156,38.52000045776367,37.880001068115234,38.31999969482422,940900
2021-10-07,36.666988372802734,38.84000015258789,39.2400016784668,38.52000045776367,38.709999084472656,982900
2021-10-08,36.89355850219727,39.08000183105469,39.869998931884766,38.98799896240234,39.0,989900
2021-10-11,36.72362518310547,38.900001525878906,39.380001068115234,38.880001068115234,39.08000183105469,438900
2021-10-12,36.64809799194336,38.81999969482422,39.2599983215332,38.56999969482422,38.86000061035156,512600
2021-10-13,36.92187881469727,39.11000061035156,39.34000015258789,38.84999847412109,38.959999084472656,773000
2021-10-14,37.20509338378906,39.40999984741211,39.63999938964844,39.04999923706055,39.38999938964844,857900
2021-10-15,36.78971481323242,38.970001220703125,39.66999816894531,38.84999847412109,39.459999084472656,1135000
2021-10-18,36.90299606323242,39.09000015258789,39.2599983215332,38.709999084472656,38.83000183105469,963800
2021-10-19,37.69600296020508,39.93000030517578,39.95000076293945,39.040000915527344,39.22999954223633,663900
2021-10-20,37.95089340209961,40.20000076293945,40.5099983215332,39.70000076293945,39.7599983215332,532400
2021-10-21,37.42222213745117,39.63999938964844,40.38999938964844,39.5,40.150001525878906,494700
2021-10-22,37.30894088745117,39.52000045776367,39.68000030517578,39.22999954223633,39.540000915527344,631200
2021-10-25,36.75194549560547,38.93000030517578,39.72999954223633,38.84999847412109,39.71500015258789,456000
2021-10-26,36.55369567871094,38.720001220703125,39.130001068115234,38.59000015258789,39.0,925400
2021-10-27,35.3830680847168,37.47999954223633,38.7400016784668,37.43999862670898,38.709999084472656,795100
2021-10-28,35.807899475097656,37.93000030517578,37.959999084472656,37.400001525878906,37.5099983215332,1180800
2021-10-29,34.89216232299805,36.959999084472656,37.959999084472656,36.51499938964844,37.959999084472656,2311700
2021-11-01,36.04390335083008,38.18000030517578,38.2599983215332,37.060001373291016,37.060001373291016,761000
2021-11-02,36.51593017578125,38.68000030517578,38.81999969482422,37.95000076293945,38.119998931884766,942800
2021-11-03,36.46873474121094,38.630001068115234,39.09999847412109,37.77999877929688,38.400001525878906,1252500
2021-11-04,36.27048110961914,38.41999816894531,38.63999938964844,36.84999847412109,38.63999938964844,1380200
2021-11-05,36.44985580444336,38.61000061035156,39.540000915527344,38.34999847412109,38.810001373291016,872500
2021-11-08,35.77958297729492,37.900001525878906,38.90999984741211,37.4900016784668,38.79999923706055,1565800
2021-11-09,35.59076690673828,37.70000076293945,38.20000076293945,37.560001373291016,37.91999816894531,976600
2021-11-10,35.694610595703125,37.810001373291016,38.5,37.63999938964844,37.810001373291016,561000
2021-11-11,36.08167266845703,38.220001220703125,38.38999938964844,37.25,37.59999847412109,851900
2021-11-12,36.01559066772461,38.150001525878906,38.5099983215332,37.93000030517578,37.93000030517578,814900
2021-11-15,36.27048110961914,38.41999816894531,38.93000030517578,38.16999816894531,38.16999816894531,736500
2021-11-16,35.50579833984375,37.61000061035156,38.43999862670898,37.58000183105469,38.43999862670898,779900
2021-11-17,35.43971633911133,37.540000915527344,37.7400016784668,37.27999877929688,37.61000061035156,749300
2021-11-18,34.85440444946289,36.91999816894531,37.65999984741211,36.880001068115234,37.4900016784668,1054300
2021-11-19,34.28797149658203,36.31999969482422,36.900001525878906,36.119998931884766,36.720001220703125,1206700
2021-11-22,34.05195617675781,36.06999969482422,36.470001220703125,35.93000030517578,36.36000061035156,1093100
2021-11-23,34.31629180908203,36.34999847412109,36.709999084472656,36.060001373291016,36.36000061035156,1131900
2021-11-24,33.872589111328125,35.880001068115234,36.1349983215332,35.65999984741211,36.08000183105469,1091500
2021-11-26,33.107906341552734,35.06999969482422,35.2400016784668,34.560001373291016,35.130001068115234,780000
2021-11-29,32.56035614013672,34.4900016784668,35.27000045776367,34.400001525878906,35.27000045776367,802100
2021-11-30,31.72014617919922,33.599998474121094,34.45500183105469,33.334999084472656,34.33000183105469,2355000
2021-12-01,30.4173583984375,32.220001220703125,34.2599983215332,32.189998626708984,33.91999816894531,1440800
2021-12-02,31.068756103515625,32.90999984741211,33.18000030517578,32.11000061035156,32.380001068115234,1145900
2021-12-03,31.663509368896484,33.540000915527344,33.58000183105469,32.91999816894531,32.91999816894531,1145200
2021-12-06,32.022239685058594,33.91999816894531,34.369998931884766,33.77000045776367,33.970001220703125,1094200
2021-12-07,32.050575256347656,33.95000076293945,34.63999938964844,33.86000061035156,34.099998474121094,960800
2021-12-08,32.362098693847656,34.279998779296875,34.72999954223633,34.0099983215332,34.09000015258789,1169900
2021-12-09,32.2393798828125,34.150001525878906,34.63999938964844,33.959999084472656,34.0099983215332,891300
2021-12-10,32.324344635009766,34.2400016784668,34.38999938964844,33.81999969482422,34.349998474121094,1360600
2021-12-13,31.90896224975586,33.79999923706055,34.130001068115234,33.279998779296875,33.939998626708984,1813800
2021-12-14,31.59742927551269,33.470001220703125,34.04499816894531,33.29999923706055,33.66999816894531,1948400
2021-12-15,31.842878341674805,33.72999954223633,33.810001373291016,32.849998474121094,33.470001220703125,2143700
2021-12-16,32.39986801147461,34.31999969482422,34.47999954223633,33.72999954223633,33.880001068115234,1724800
2021-12-17,32.30546188354492,34.220001220703125,35.13999938964844,33.9900016784668,34.560001373291016,13993200
2021-12-20,31.927839279174805,33.81999969482422,34.06999969482422,33.279998779296875,33.93000030517578,1523300
2021-12-21,32.296024322509766,34.209999084472656,34.79499816894531,33.81999969482422,34.099998474121094,1101200
2021-12-22,32.220497131347656,34.130001068115234,34.27000045776367,33.83000183105469,34.09000015258789,883200
2021-12-23,32.5792350769043,34.5099983215332,34.66999816894531,34.22999954223633,34.25,784700
2021-12-27,32.68307876586914,34.619998931884766,34.619998931884766,34.040000915527344,34.560001373291016,472100
2021-12-28,32.82469177246094,34.77000045776367,34.93000030517578,34.58000183105469,34.58000183105469,383800
2021-12-29,32.456512451171875,34.380001068115234,34.880001068115234,34.220001220703125,34.720001220703125,724800
2021-12-30,32.80581283569336,34.75,34.9900016784668,34.435001373291016,34.47999954223633,457200
2021-12-31,32.3526611328125,34.27000045776367,34.869998931884766,34.2400016784668,34.834999084472656,785200
2022-01-03,33.03238677978516,34.9900016784668,35.33000183105469,34.310001373291016,34.41999816894531,1100700
2022-01-04,33.16455078125,35.130001068115234,35.630001068115234,35.060001373291016,35.189998626708984,1296500
2022-01-05,32.81525039672852,34.7599983215332,35.599998474121094,34.68000030517578,35.13999938964844,1028300
2022-01-06,33.49496841430664,35.47999954223633,35.90999984741211,34.88999938964844,34.939998626708984,1162800
2022-01-07,33.98587417602539,36.0,36.220001220703125,35.47999954223633,35.47999954223633,1167400
2022-01-10,33.95755386352539,35.970001220703125,36.345001220703125,35.54499816894531,36.150001525878906,1492100
2022-01-11,33.85370635986328,35.86000061035156,36.380001068115234,35.630001068115234,36.04999923706055,652300
2022-01-12,34.19356918334961,36.220001220703125,36.334999084472656,35.89099884033203,35.939998626708984,622400
2022-01-13,34.77887344360352,36.84000015258789,37.15999984741211,36.22999954223633,36.290000915527344,1196000
2022-01-14,35.59076690673828,37.70000076293945,37.7599983215332,36.51499938964844,36.709999084472656,1144900
2022-01-18,34.64671325683594,36.70000076293945,38.084999084472656,36.52000045776367,37.70000076293945,1022900
2022-01-19,34.43901443481445,36.47999954223633,37.209999084472656,36.27999877929688,36.869998931884766,877000
2022-01-20,33.296714782714844,35.27000045776367,37.119998931884766,35.2599983215332,36.47999954223633,924000
2022-01-21,32.87189483642578,34.81999969482422,35.529998779296875,34.619998931884766,35.099998474121094,933600
2022-01-24,33.85370635986328,35.86000061035156,35.90999984741211,34.689998626708984,34.70000076293945,2306700
2022-01-25,33.872589111328125,35.880001068115234,36.02999877929688,34.970001220703125,35.63999938964844,845800
2022-01-26,32.919097900390625,34.869998931884766,36.2400016784668,34.54999923706055,35.939998626708984,1098100
2022-01-27,33.05126190185547,35.0099983215332,35.720001220703125,34.869998931884766,34.880001068115234,997000
2022-01-28,34.656150817871094,36.709999084472656,36.75,34.790000915527344,34.959999084472656,1269700
2022-01-31,35.099853515625,37.18000030517578,37.22999954223633,36.150001525878906,36.54999923706055,1105700
2022-02-01,34.92049026489258,36.9900016784668,37.560001373291016,36.91999816894531,37.34999847412109,1161100
2022-02-02,35.18482208251953,37.27000045776367,37.41999816894531,36.31999969482422,36.7599983215332,1019800
2022-02-03,35.35475158691406,37.45000076293945,37.75,36.9900016784668,37.25,707800
2022-02-04,35.16594314575195,37.25,37.68000030517578,36.93999862670898,37.369998931884766,808500
2022-02-07,35.099853515625,37.18000030517578,37.72499847412109,37.08000183105469,37.40999984741211,797800
2022-02-08,35.26034164428711,37.34999847412109,37.709999084472656,37.04999923706055,37.369998931884766,913100
2022-02-09,37.68655776977539,39.91999816894531,39.9900016784668,37.77000045776367,37.81999969482422,1719500
2022-02-10,37.80928802490234,40.04999923706055,40.90999984741211,39.290000915527344,39.59999847412109,1282400
2022-02-11,37.24285507202149,39.45000076293945,40.5,39.33000183105469,39.810001373291016,1080200
2022-02-14,36.58202362060547,38.75,39.75,38.630001068115234,39.59000015258789,972700
2022-02-15,36.92187881469727,39.11000061035156,39.7400016784668,38.88999938964844,39.02000045776367,1099200
2022-02-16,36.73306655883789,38.90999984741211,39.060001373291016,38.18999862670898,38.65999984741211,1261700
2022-02-17,36.49705123901367,38.65999984741211,39.2400016784668,38.43000030517578,38.81700134277344,1321900
2022-02-18,36.38376998901367,38.540000915527344,39.04999923706055,37.84000015258789,38.59999847412109,1515700
2022-02-22,36.04390335083008,38.18000030517578,38.810001373291016,38.060001373291016,38.43999862670898,1964600
2022-02-23,35.33586883544922,37.43000030517578,38.52999877929688,37.36000061035156,38.52999877929688,1355400
2022-02-24,35.175376892089844,37.2599983215332,37.380001068115234,36.44499969482422,36.900001525878906,1077600
2022-02-25,36.09111022949219,38.22999954223633,38.53499984741211,37.09999847412109,37.43000030517578,960600
2022-02-28,36.11943054199219,38.2599983215332,38.459999084472656,37.5099983215332,37.720001220703125,1608500
2022-03-01,35.758426666259766,37.63999938964844,38.2400016784668,37.400001525878906,37.900001525878906,987500
2022-03-02,37.35444641113281,39.31999969482422,39.77999877929688,37.83000183105469,37.90999984741211,1097800
2022-03-03,37.5539436340332,39.52999877929688,39.869998931884766,39.09000015258789,39.34000015258789,845300
2022-03-04,37.11693954467773,39.06999969482422,39.255001068115234,38.68000030517578,39.150001525878906,782500
2022-03-07,36.1289291381836,38.02999877929688,39.30500030517578,37.9900016784668,38.95000076293945,1188700
2022-03-08,36.290435791015625,38.20000076293945,38.86000061035156,37.79999923706055,38.119998931884766,663900
2022-03-09,35.558921813964844,37.43000030517578,38.91999816894531,37.369998931884766,38.7400016784668,883200
2022-03-10,34.77991485595703,36.61000061035156,37.369998931884766,36.18999862670898,37.060001373291016,1025900
2022-03-11,34.37141036987305,36.18000030517578,37.34999847412109,36.11000061035156,36.7400016784668,736300
2022-03-14,33.934410095214844,35.720001220703125,37.27999877929688,35.56999969482422,36.66999816894531,1297300
2022-03-15,34.7894172668457,36.619998931884766,36.650001525878906,35.65999984741211,36.09000015258789,806600
2022-03-16,35.54942321777344,37.41999816894531,37.5,36.56999969482422,36.790000915527344,1095200
2022-03-17,35.19791793823242,37.04999923706055,37.16999816894531,35.91999816894531,37.16999816894531,1033100
2022-03-18,35.79642868041992,37.68000030517578,37.7400016784668,36.47999954223633,37.040000915527344,1781300
2022-03-21,35.663429260253906,37.540000915527344,38.66999816894531,37.25,37.63999938964844,2426000
2022-03-22,35.87242889404297,37.7599983215332,38.27999877929688,37.650001525878906,37.79999923706055,646300
2022-03-23,35.32141876220703,37.18000030517578,37.84000015258789,37.18000030517578,37.59999847412109,593000
2022-03-24,35.69192886352539,37.56999969482422,37.7400016784668,37.11000061035156,37.16999816894531,507800
2022-03-25,35.92942810058594,37.81999969482422,38.290000915527344,37.59000015258789,37.59000015258789,712800
2022-03-28,35.406925201416016,37.27000045776367,37.84000015258789,36.810001373291016,37.75,450400
2022-03-29,35.682430267333984,37.560001373291016,37.79999923706055,37.27000045776367,37.65999984741211,449300
2022-03-30,34.98891830444336,36.83000183105469,37.7400016784668,36.69499969482422,37.52999877929688,1174700
2022-03-31,34.46641159057617,36.27999877929688,37.20000076293945,36.2400016784668,36.68999862670898,679700
2022-04-01,34.361915588378906,36.16999816894531,36.73500061035156,35.90999984741211,36.619998931884766,770900
2022-04-04,34.58991622924805,36.40999984741211,36.41999816894531,35.2400016784668,36.08000183105469,617100
2022-04-05,33.77289962768555,35.54999923706055,36.560001373291016,35.380001068115234,36.20000076293945,758700
2022-04-06,33.83940887451172,35.619998931884766,35.689998626708984,35.119998931884766,35.529998779296875,974500
2022-04-07,33.56390380859375,35.33000183105469,35.77000045776367,34.75,35.5,693800
2022-04-08,33.97240447998047,35.7599983215332,36.02999877929688,35.349998474121094,35.349998474121094,740700
2022-04-11,33.73490524291992,35.5099983215332,36.290000915527344,35.38999938964844,35.7400016784668,726100
2022-04-12,33.82990264892578,35.61000061035156,36.09000015258789,35.34000015258789,35.70000076293945,750400
2022-04-13,34.133907318115234,35.93000030517578,36.02000045776367,35.630001068115234,35.68000030517578,608500
2022-04-14,34.05791091918945,35.849998474121094,36.400001525878906,35.810001373291016,35.9900016784668,1431500
2022-04-18,34.17190933227539,35.970001220703125,36.16999816894531,35.70000076293945,35.90999984741211,719600
2022-04-19,34.390411376953125,36.20000076293945,36.34000015258789,35.7400016784668,36.130001068115234,667900
2022-04-20,34.65641021728516,36.47999954223633,36.61000061035156,35.0,36.130001068115234,925000
2022-04-21,34.08641052246094,35.880001068115234,37.060001373291016,35.790000915527344,36.68000030517578,1353800
2022-04-22,33.56390380859375,35.33000183105469,35.90999984741211,35.19499969482422,35.779998779296875,782800
2022-04-25,33.4213981628418,35.18000030517578,35.34000015258789,34.540000915527344,35.119998931884766,1093500
2022-04-26,32.30988693237305,34.0099983215332,35.060001373291016,33.970001220703125,34.93000030517578,1104800
2022-04-27,32.09138107299805,33.779998779296875,34.25,33.25,34.04999923706055,1202700
2022-04-28,32.2243766784668,33.91999816894531,34.38999938964844,33.65999984741211,33.959999084472656,860600
2022-04-29,31.57837677001953,33.2400016784668,34.15999984741211,33.15999984741211,33.88999938964844,802500
2022-05-02,32.167388916015625,33.86000061035156,33.970001220703125,33.310001373291016,33.41999816894531,994300
2022-05-03,31.94888687133789,33.630001068115234,34.154998779296875,33.40999984741211,33.93000030517578,877500
2022-05-04,32.651885986328125,34.369998931884766,34.41999816894531,33.439998626708984,33.560001373291016,569300
2022-05-05,32.03438186645508,33.720001220703125,34.369998931884766,33.540000915527344,34.06999969482422,931900
2022-05-06,30.45736312866211,32.060001373291016,33.63999938964844,31.709999084472656,33.560001373291016,1387800
2022-05-09,29.04184532165528,30.56999969482422,31.96699905395508,30.46999931335449,31.790000915527344,2421800
2022-05-10,28.40534019470215,29.89999961853028,30.950000762939453,28.959999084472656,30.88999938964844,1879600
2022-05-11,29.0323429107666,30.559999465942383,31.190000534057617,29.950000762939453,29.950000762939453,1747300
2022-05-12,29.31735038757324,30.86000061035156,31.01000022888184,29.84000015258789,30.5,2057500
2022-05-13,29.678354263305664,31.239999771118164,31.540000915527344,30.89999961853028,31.3700008392334,1216700
2022-05-16,29.55485343933105,31.11000061035156,31.36000061035156,30.8799991607666,31.190000534057617,829100
2022-05-17,30.371862411499023,31.96999931335449,32.16999816894531,31.38999938964844,31.39999961853028,2167200
2022-05-18,29.345849990844727,30.88999938964844,31.82999992370605,30.790000915527344,31.790000915527344,1163400
2022-05-19,29.2508487701416,30.790000915527344,31.11000061035156,30.489999771118164,30.76000022888184,1045600
2022-05-20,29.393354415893555,30.940000534057617,31.26000022888184,30.57999992370605,31.040000915527344,1005100
2022-05-23,30.03936004638672,31.6200008392334,31.81999969482422,30.82999992370605,31.40999984741211,1718300
2022-05-24,28.500343322753903,30.0,31.40999984741211,29.82999992370605,31.40999984741211,1861600
2022-05-25,29.231847763061523,30.770000457763672,30.950000762939453,29.979999542236328,29.979999542236328,1204600
2022-05-26,30.219860076904297,31.809999465942383,31.8700008392334,30.82999992370605,30.88999938964844,934100
2022-05-27,31.05586814880371,32.689998626708984,32.75,31.75,31.850000381469727,872700
2022-05-31,31.074874877929688,32.709999084472656,32.880001068115234,32.400001525878906,32.720001220703125,2440800
2022-06-01,30.542865753173828,32.150001525878906,32.9900016784668,31.57999992370605,32.900001525878906,1729600
2022-06-02,30.26736259460449,31.86000061035156,32.209999084472656,31.290000915527344,31.88999938964844,944300
2022-06-03,30.06785774230957,31.64999961853028,31.86000061035156,31.43000030517578,31.65999984741211,745400
2022-06-06,30.010860443115234,31.59000015258789,31.93000030517578,31.405000686645508,31.82999992370605,899300
2022-06-07,30.438365936279297,32.040000915527344,32.11000061035156,31.209999084472656,31.299999237060547,774800
2022-06-08,29.91585731506348,31.489999771118164,32.310001373291016,31.43000030517578,31.809999465942383,846300
2022-06-09,29.43134880065918,30.979999542236328,31.559999465942383,30.959999084472656,31.450000762939453,598600
2022-06-10,28.52884292602539,30.030000686645508,30.709999084472656,30.020000457763672,30.57999992370605,1215100
2022-06-13,27.74983024597168,29.209999084472656,29.700000762939453,28.989999771118164,29.700000762939453,1551600
2022-06-14,28.167835235595703,29.64999961853028,29.895000457763672,29.06999969482422,29.229999542236328,1091000
2022-06-15,28.918344497680664,30.440000534057617,30.8799991607666,29.790000915527344,29.8799991607666,1421600
2022-06-16,28.310338973999023,29.799999237060547,30.13999938964844,29.200000762939453,29.850000381469727,1525400
2022-06-17,28.205835342407227,29.690000534057617,30.34000015258789,29.530000686645508,29.780000686645508,2507000
2022-06-21,28.63334274291992,30.13999938964844,30.57999992370605,29.790000915527344,29.8700008392334,2009300
2022-06-22,28.234336853027344,29.71999931335449,30.1200008392334,29.479999542236328,29.850000381469727,1309700
2022-06-23,28.18683815002441,29.670000076293945,29.82999992370605,29.280000686645508,29.739999771118164,1026100
2022-06-24,28.83284568786621,30.350000381469727,30.64999961853028,29.780000686645508,29.920000076293945,1395200
2022-06-27,28.994348526000977,30.520000457763672,30.57999992370605,30.100000381469727,30.420000076293945,604800
2022-06-28,28.709339141845703,30.21999931335449,30.940000534057617,30.191999435424805,30.59000015258789,799400
2022-06-29,28.63334274291992,30.13999938964844,30.40999984741211,29.57999992370605,30.25,677400
2022-06-30,28.21533966064453,29.700000762939453,30.270000457763672,29.520000457763672,29.93000030517578,848100
2022-07-01,29.060848236083984,30.59000015258789,30.61000061035156,29.520000457763672,29.520000457763672,630200
2022-07-05,29.098846435546875,30.6299991607666,30.6299991607666,29.709999084472656,30.14999961853028,862600
2022-07-06,29.04184532165528,30.56999969482422,31.030000686645508,30.030000686645508,30.700000762939453,1238800
2022-07-07,29.27934837341309,30.81999969482422,31.100000381469727,30.600000381469727,30.690000534057617,960800
2022-07-08,29.098846435546875,30.6299991607666,31.09000015258789,30.479999542236328,30.93000030517578,881800
2022-07-11,28.766342163085938,30.280000686645508,30.559999465942383,30.06999969482422,30.440000534057617,772700
2022-07-12,29.08934783935547,30.6200008392334,31.01000022888184,30.11000061035156,30.11000061035156,825100
2022-07-13,28.851844787597656,30.3700008392334,30.520000457763672,29.489999771118164,30.36000061035156,1199500
2022-07-14,28.51934051513672,30.020000457763672,30.170000076293945,29.739999771118164,30.030000686645508,640600
2022-07-15,29.47885131835937,31.030000686645508,31.059999465942383,30.299999237060547,30.450000762939453,642300
2022-07-18,29.19384765625,30.729999542236328,31.13999938964844,30.309999465942383,30.75,1142500
2022-07-19,30.06785774230957,31.64999961853028,31.71999931335449,31.09000015258789,31.1299991607666,612800
2022-07-20,30.56186294555664,32.16999816894531,32.31999969482422,31.57999992370605,31.76000022888184,724900
2022-07-21,30.79936408996582,32.41999816894531,32.41999816894531,31.8799991607666,32.22999954223633,824200
2022-07-22,30.941871643066406,32.56999969482422,32.7599983215332,32.20000076293945,32.400001525878906,533200
2022-07-25,31.017871856689453,32.650001525878906,32.970001220703125,32.45500183105469,32.7599983215332,738500
2022-07-26,29.991857528686523,31.56999969482422,32.58000183105469,31.32999992370605,32.41999816894531,527100
2022-07-27,30.49536323547364,32.099998474121094,32.15999984741211,31.540000915527344,31.809999465942383,1312100
2022-07-28,30.751867294311523,32.369998931884766,32.41999816894531,31.549999237060547,32.060001373291016,431900
2022-07-29,29.355348587036133,30.89999961853028,32.32500076293945,30.729999542236328,32.279998779296875,1357000
2022-08-01,29.54535484313965,31.100000381469727,31.170000076293945,30.6299991607666,30.790000915527344,818400
2022-08-02,29.383852005004883,30.93000030517578,31.40999984741211,30.86000061035156,31.11000061035156,698900
2022-08-03,29.72585678100586,31.290000915527344,31.5,30.920000076293945,30.96999931335449,494400
2022-08-04,29.6308536529541,31.190000534057617,31.64999961853028,31.030000686645508,31.25,615400
2022-08-05,29.450353622436523,31.0,31.190000534057617,30.600000381469727,30.86000061035156,538300
2022-08-08,29.573854446411133,31.1299991607666,31.450000762939453,31.01000022888184,31.13999938964844,550900
2022-08-09,29.78285789489746,31.350000381469727,31.6200008392334,31.059999465942383,31.229999542236328,705300
2022-08-10,30.751867294311523,32.369998931884766,32.9900016784668,31.850000381469727,32.0,1253400
2022-08-11,31.977384567260746,33.65999984741211,33.75,32.689998626708984,32.689998626708984,1615300
2022-08-12,32.06288528442383,33.75,34.0,33.380001068115234,33.7599983215332,998400
2022-08-15,31.89188003540039,33.56999969482422,33.650001525878906,33.220001220703125,33.4900016784668,1806000
2022-08-16,32.05338668823242,33.7400016784668,33.8650016784668,33.380001068115234,33.4900016784668,982200
2022-08-17,31.758878707885746,33.43000030517578,33.75,33.2599983215332,33.52000045776367,541100
2022-08-18,31.568878173828125,33.22999954223633,33.66999816894531,33.125,33.540000915527344,668600
2022-08-19,31.264877319335938,32.90999984741211,33.150001525878906,32.72999954223633,33.08000183105469,672500
2022-08-22,30.3908634185791,31.989999771118164,32.599998474121094,31.82999992370605,32.599998474121094,888000
2022-08-23,30.2293643951416,31.81999969482422,32.439998626708984,31.69499969482422,32.0099983215332,1360900
2022-08-24,30.476367950439453,32.08000183105469,32.404998779296875,31.61000061035156,31.81999969482422,741100
2022-08-25,30.67586898803711,32.290000915527344,32.400001525878906,32.05500030517578,32.310001373291016,1275500
2022-08-26,30.134361267089844,31.71999931335449,32.68000030517578,31.63999938964844,32.33000183105469,1019700
2022-08-29,30.143857955932617,31.729999542236328,31.959999084472656,31.32999992370605,31.690000534057617,1802400
2022-08-30,30.29706764221192,31.63999938964844,31.850000381469727,31.3799991607666,31.75,1528800
2022-08-31,30.27791786193848,31.6200008392334,32.119998931884766,31.600000381469727,31.700000762939453,1384400
2022-09-01,30.19173622131348,31.530000686645508,31.6200008392334,31.209999084472656,31.549999237060547,1302900
2022-09-02,29.914047241210938,31.239999771118164,32.029998779296875,31.155000686645508,31.86000061035156,840900
2022-09-06,29.253332138061523,30.549999237060547,31.31999969482422,30.239999771118164,31.31999969482422,2810300
2022-09-07,29.55975151062012,30.8700008392334,30.979999542236328,30.39999961853028,30.520000457763672,1699800
2022-09-08,29.62677955627441,30.940000534057617,30.950000762939453,30.13999938964844,30.64999961853028,947000
2022-09-09,30.613061904907227,31.96999931335449,32.040000915527344,31.059999465942383,31.059999465942383,714200
2022-09-12,30.92905616760254,32.29999923706055,32.40999984741211,32.029998779296875,32.150001525878906,752200
2022-09-13,29.77998924255371,31.100000381469727,31.940000534057617,31.040000915527344,31.75,1699400
2022-09-14,29.71296119689941,31.030000686645508,31.170000076293945,30.34000015258789,31.170000076293945,1810200
2022-09-15,30.670515060424805,32.029998779296875,32.27899932861328,31.01000022888184,31.030000686645508,1273400
2022-09-16,29.86616897583008,31.190000534057617,32.06999969482422,30.81999969482422,32.0099983215332,3267800
2022-09-19,30.59391212463379,31.950000762939453,31.975000381469727,31.01000022888184,31.059999465942383,1201200
2022-09-20,30.354522705078125,31.700000762939453,31.8799991607666,31.43000030517578,31.799999237060547,1144500
2022-09-21,29.10970115661621,30.39999961853028,31.959999084472656,30.38999938964844,31.82999992370605,829000
2022-09-22,28.62134552001953,29.88999938964844,30.489999771118164,29.8700008392334,30.40999984741211,685700
2022-09-23,28.21917152404785,29.46999931335449,29.709999084472656,29.020000457763672,29.709999084472656,760300
2022-09-26,27.730817794799805,28.959999084472656,29.790000915527344,28.8700008392334,29.290000915527344,848100
2022-09-27,27.491430282592773,28.709999084472656,29.57999992370605,28.56999969482422,29.13999938964844,903900
2022-09-28,27.94148063659668,29.18000030517578,29.280000686645508,28.56999969482422,28.76000022888184,1151100
2022-09-29,27.16586303710937,28.3700008392334,28.8700008392334,28.125,28.780000686645508,1244800
2022-09-30,27.290342330932617,28.5,29.09000015258789,28.38999938964844,28.479999542236328,1153600
2022-10-03,27.80742454528809,29.040000915527344,29.07999992370605,28.38999938964844,28.8700008392334,1083400
2022-10-04,28.7075252532959,29.979999542236328,30.06999969482422,29.190000534057617,29.290000915527344,1452100
2022-10-05,28.008508682250977,29.25,29.729999542236328,29.14999961853028,29.61000061035156,869600
2022-10-06,27.778697967529297,29.01000022888184,29.68000030517578,28.8799991607666,29.61000061035156,899700
2022-10-07,27.874454498291016,29.11000061035156,29.26000022888184,28.6299991607666,28.850000381469727,3538500
2022-10-10,27.70209312438965,28.93000030517578,29.5,28.86000061035156,29.170000076293945,1134800
2022-10-11,27.31907081604004,28.530000686645508,28.8799991607666,28.239999771118164,28.75,709200
2022-10-12,27.089256286621094,28.290000915527344,28.68000030517578,28.15999984741211,28.530000686645508,970600
2022-10-13,28.13298988342285,29.3799991607666,29.440000534057617,27.86000061035156,27.8799991607666,1212500
2022-10-14,27.92232894897461,29.15999984741211,29.790000915527344,29.0,29.5,1652700
2022-10-17,25.66249656677246,26.799999237060547,28.100000381469727,26.540000915527344,27.920000076293945,4539100
2022-10-18,26.40939140319824,27.57999992370605,28.09000015258789,27.059999465942383,27.34000015258789,2080700
2022-10-19,26.485998153686523,27.65999984741211,28.100000381469727,27.270000457763672,27.46999931335449,1403500
2022-10-20,26.19873046875,27.36000061035156,27.86000061035156,27.315000534057617,27.780000686645508,1168700
2022-10-21,26.438119888305664,27.61000061035156,27.89999961853028,27.190000534057617,27.280000686645508,929000
2022-10-24,26.553024291992188,27.729999542236328,28.02199935913086,27.31999969482422,27.84000015258789,1196300
2022-10-25,26.81156349182129,28.0,28.09499931335449,27.540000915527344,27.700000762939453,1024500
2022-10-26,26.09818649291992,27.2549991607666,28.31999969482422,27.21999931335449,28.209999084472656,1279900
2022-10-27,25.442262649536133,26.56999969482422,27.56999969482422,26.43000030517578,27.520000457763672,1304900
2022-10-28,26.05509376525879,27.209999084472656,27.280000686645508,26.489999771118164,26.790000915527344,1236100
2022-10-31,26.04551887512207,27.200000762939453,27.309999465942383,26.89999961853028,27.25,1322600
2022-11-01,27.39567756652832,28.61000061035156,29.459999084472656,27.809999465942383,28.09000015258789,1495300
2022-11-02,26.97435188293457,28.170000076293945,29.18000030517578,28.131000518798828,28.40999984741211,1057900
2022-11-03,26.830718994140625,28.020000457763672,28.19499969482422,27.59000015258789,27.920000076293945,1215800
2022-11-04,26.648780822753903,27.82999992370605,28.520000457763672,27.290000915527344,28.3700008392334,1116000
2022-11-07,26.27533531188965,27.440000534057617,28.280000686645508,27.07999992370605,28.11000061035156,1433900
2022-11-08,26.44769287109375,27.6200008392334,28.040000915527344,27.239999771118164,27.56999969482422,1149100
2022-11-09,25.5284423828125,26.65999984741211,27.14999961853028,26.350000381469727,27.07999992370605,1581300
2022-11-10,26.5242977142334,27.700000762939453,28.01000022888184,27.36000061035156,27.56999969482422,1910800
2022-11-11,27.539304733276367,28.76000022888184,28.905000686645508,27.761999130249023,27.90999984741211,1040600
2022-11-14,27.56803321838379,28.790000915527344,29.3700008392334,28.76000022888184,28.76000022888184,1267700
2022-11-15,27.75954246520996,28.989999771118164,29.55500030517578,28.71999931335449,29.0,1083600
2022-11-16,27.63506507873535,28.86000061035156,29.07999992370605,28.280000686645508,29.07999992370605,1651600
2022-11-17,27.61591339111328,28.84000015258789,29.0,28.450000762939453,28.450000762939453,994700
2022-11-18,27.90317916870117,29.13999938964844,29.290000915527344,28.88999938964844,29.18000030517578,647700
2022-11-21,27.61591339111328,28.84000015258789,29.34000015258789,28.55500030517578,29.280000686645508,857500
2022-11-22,27.8840274810791,29.1200008392334,29.239999771118164,28.875,28.89999961853028,1380300
2022-11-23,28.008508682250977,29.25,29.32999992370605,28.959999084472656,29.15999984741211,1529000
2022-11-25,28.20002174377441,29.450000762939453,29.489999771118164,29.170000076293945,29.190000534057617,469700
2022-11-28,28.008508682250977,29.25,29.56999969482422,29.040000915527344,29.350000381469727,1092700
2022-11-29,28.669225692749023,29.940000534057617,29.950000762939453,29.030000686645508,29.190000534057617,851800
2022-11-30,29.22460556030273,30.520000457763672,30.57999992370605,29.51000022888184,29.86000061035156,1423900
2022-12-01,28.99479484558105,30.280000686645508,30.87299919128418,29.95499992370605,30.6200008392334,984600
2022-12-02,29.31078720092773,30.61000061035156,30.625,29.86000061035156,30.0,1221000
2022-12-05,28.87030982971192,30.14999961853028,30.71999931335449,30.09000015258789,30.43000030517578,675300
2022-12-06,27.989356994628903,29.229999542236328,30.3700008392334,29.07999992370605,30.229999542236328,1432200
2022-12-07,27.692516326904297,28.920000076293945,29.242000579833984,28.549999237060547,29.239999771118164,842000
2022-12-08,28.018085479736328,29.26000022888184,29.725000381469727,28.86000061035156,29.020000457763672,3296200
2022-12-09,28.161720275878903,29.40999984741211,29.68099975585937,29.06999969482422,29.26000022888184,1469400
2022-12-12,28.401105880737305,29.65999984741211,29.670000076293945,29.170000076293945,29.309999465942383,784900
2022-12-13,28.76498031616211,30.040000915527344,30.790000915527344,29.8799991607666,30.11000061035156,1600900
2022-12-14,28.506441116333008,29.770000457763672,30.3700008392334,29.61000061035156,29.90999984741211,1229800
2022-12-15,27.520158767700195,28.739999771118164,29.6200008392334,28.729999542236328,29.31999969482422,1547700
2022-12-16,27.462703704833984,28.68000030517578,28.93000030517578,28.46999931335449,28.56999969482422,3506700
2022-12-19,26.4572696685791,27.6299991607666,28.6200008392334,27.459999084472656,28.56999969482422,1602600
2022-12-20,26.90731811523437,28.100000381469727,28.13999938964844,27.530000686645508,27.61000061035156,1153200
2022-12-21,27.18501091003418,28.38999938964844,28.56999969482422,28.14999961853028,28.21999931335449,600400
2022-12-22,27.32864570617676,28.540000915527344,28.6299991607666,28.07999992370605,28.15999984741211,796100
2022-12-23,27.62548828125,28.850000381469727,28.88999938964844,28.540000915527344,28.540000915527344,575000
2022-12-27,27.44355010986328,28.65999984741211,28.80500030517578,28.36000061035156,28.75,536300
2022-12-28,26.955196380615234,28.14999961853028,28.709999084472656,28.14999961853028,28.709999084472656,329000
2022-12-29,27.366947174072266,28.57999992370605,28.8700008392334,28.239999771118164,28.299999237060547,722000
2022-12-30,27.24246597290039,28.450000762939453,28.46999931335449,28.05500030517578,28.3799991607666,903600
2023-01-03,27.137136459350582,28.34000015258789,28.700000762939453,28.145000457763672,28.440000534057617,1204100
2023-01-04,28.12341690063477,29.3700008392334,29.420000076293945,28.21999931335449,28.559999465942383,965400
2023-01-05,27.72124481201172,28.950000762939453,29.32999992370605,28.790000915527344,29.25,793300
2023-01-06,28.5351676940918,29.799999237060547,29.8700008392334,29.07999992370605,29.209999084472656,1127300
2023-01-09,28.152143478393555,29.39999961853028,30.03499984741211,29.3799991607666,29.799999237060547,2975400
2023-01-10,28.7075252532959,29.979999542236328,30.030000686645508,29.299999237060547,29.36000061035156,3472700
2023-01-11,28.812856674194336,30.09000015258789,30.209999084472656,29.6299991607666,30.13999938964844,808200
2023-01-12,28.96606636047364,30.25,30.38500022888184,29.799999237060547,30.13999938964844,695000
2023-01-13,29.02351951599121,30.309999465942383,30.420000076293945,29.950000762939453,30.030000686645508,861300
2023-01-17,28.61176872253418,29.8799991607666,30.489999771118164,29.809999465942383,30.38999938964844,2225300
2023-01-18,28.26704978942871,29.520000457763672,30.14999961853028,29.5049991607666,29.89999961853028,574200
2023-01-19,28.161720275878903,29.40999984741211,29.46999931335449,28.950000762939453,29.32999992370605,998900
2023-01-20,28.4489860534668,29.709999084472656,29.709999084472656,29.27499961853028,29.530000686645508,1336900
2023-01-23,29.38739013671875,30.690000534057617,30.76499938964844,29.68000030517578,29.739999771118164,774700
2023-01-24,29.32993698120117,30.6299991607666,30.77499961853028,30.40999984741211,30.540000915527344,699100
2023-01-25,30.000226974487305,31.32999992370605,31.770000457763672,30.51000022888184,30.81999969482422,1154600
2023-01-26,30.37367248535156,31.71999931335449,31.788000106811523,31.299999237060547,31.40999984741211,622800
2023-01-27,30.27791786193848,31.6200008392334,31.799999237060547,31.450000762939453,31.57999992370605,470400
2023-01-30,30.07682991027832,31.40999984741211,31.6200008392334,31.25,31.3700008392334,1144100
2023-01-31,30.354522705078125,31.700000762939453,31.700000762939453,31.280000686645508,31.540000915527344,590500
2023-02-01,30.6513614654541,32.0099983215332,32.16999816894531,31.229999542236328,31.440000534057617,827500
2023-02-02,31.321653366088867,32.709999084472656,32.935001373291016,31.979999542236328,32.0099983215332,709000
2023-02-03,30.92905616760254,32.29999923706055,32.66999816894531,32.22999954223633,32.40999984741211,1819100
2023-02-06,30.459850311279297,31.809999465942383,32.119998931884766,31.559999465942383,32.119998931884766,606300
2023-02-07,30.45027732849121,31.799999237060547,31.8799991607666,31.20499992370605,31.64999961853028,1589500
2023-02-08,31.800434112548828,33.209999084472656,34.310001373291016,32.88999938964844,33.16999816894531,2001000
2023-02-09,31.800434112548828,33.209999084472656,33.939998626708984,33.08000183105469,33.54999923706055,1670200
2023-02-10,31.790855407714844,33.20000076293945,33.45000076293945,32.939998626708984,33.13999938964844,983700
2023-02-13,31.67595291137696,33.08000183105469,33.47999954223633,32.880001068115234,33.18000030517578,812700
2023-02-14,31.72382354736328,33.130001068115234,33.36000061035156,32.7599983215332,32.88999938964844,639300
2023-02-15,32.90161895751953,34.36000061035156,34.369998931884766,33.029998779296875,33.11000061035156,1071400
2023-02-16,32.54732131958008,33.9900016784668,34.41999816894531,33.849998474121094,33.93000030517578,1065900
2023-02-17,32.7675666809082,34.220001220703125,34.380001068115234,33.720001220703125,33.9900016784668,1623400
2023-02-21,31.94407081604004,33.36000061035156,34.26499938964844,33.34000015258789,33.83000183105469,1662500
2023-02-22,32.25048065185547,33.68000030517578,33.849998474121094,33.34000015258789,33.400001525878906,964700
2023-02-23,32.1451530456543,33.56999969482422,33.93000030517578,33.17499923706055,33.630001068115234,2852200
2023-02-24,31.65679931640625,33.060001373291016,33.36000061035156,32.939998626708984,33.04999923706055,815800
2023-02-27,31.455711364746094,32.849998474121094,33.27000045776367,32.810001373291016,33.2400016784668,1069500
2023-02-28,31.117996215820312,32.25,32.81999969482422,32.09000015258789,32.59000015258789,1241100
2023-03-01,30.915367126464844,32.040000915527344,32.209999084472656,31.86000061035156,32.119998931884766,1440600
2023-03-02,31.166242599487305,32.29999923706055,32.36000061035156,31.920000076293945,31.989999771118164,1428700
2023-03-03,31.069753646850582,32.20000076293945,32.540000915527344,32.08000183105469,32.43000030517578,991900
2023-03-06,30.94431495666504,32.06999969482422,32.689998626708984,31.95499992370605,32.38999938964844,1749300
2023-03-07,30.84782218933105,31.96999931335449,32.380001068115234,31.90999984741211,32.119998931884766,1000300
2023-03-08,30.722387313842773,31.84000015258789,32.2400016784668,31.63999938964844,32.0,1761200
2023-03-09,29.55485916137696,30.6299991607666,32.03499984741211,30.61000061035156,31.8700008392334,828200
2023-03-10,29.43907356262207,30.51000022888184,30.70499992370605,30.15999984741211,30.459999084472656,1047800
2023-03-13,28.68645095825196,29.729999542236328,30.3799991607666,29.63999938964844,30.1200008392334,1949600
2023-03-14,29.13030242919922,30.190000534057617,30.520000457763672,29.8700008392334,30.13999938964844,1444900
2023-03-15,28.78293800354004,29.82999992370605,30.100000381469727,29.57999992370605,29.71999931335449,1408500
2023-03-16,29.15925025939941,30.21999931335449,30.32999992370605,29.600000381469727,29.729999542236328,874600
2023-03-17,29.0434627532959,30.100000381469727,30.36000061035156,29.979999542236328,30.200000762939453,2422500
2023-03-20,29.62240219116211,30.700000762939453,30.920000076293945,30.01000022888184,30.100000381469727,882900
2023-03-21,29.940818786621094,31.030000686645508,31.309999465942383,30.729999542236328,30.959999084472656,1044400
2023-03-22,29.49696159362793,30.56999969482422,31.270000457763672,30.559999465942383,30.950000762939453,831700
2023-03-23,29.82503128051757,30.90999984741211,31.440000534057617,30.64999961853028,30.64999961853028,671800
2023-03-24,29.31363296508789,30.3799991607666,30.64999961853028,29.57999992370605,30.64999961853028,852000
2023-03-27,29.89257431030273,30.979999542236328,31.290000915527344,30.440000534057617,30.440000534057617,787700
2023-03-28,29.07240867614746,30.1299991607666,30.64999961853028,30.06999969482422,30.1299991607666,903400
2023-03-29,29.448719024658203,30.520000457763672,30.59499931335449,30.270000457763672,30.479999542236328,990400
2023-03-30,29.80573272705078,30.88999938964844,31.09000015258789,30.68000030517578,30.690000534057617,787800
2023-03-31,30.21098899841309,31.309999465942383,31.32999992370605,30.96699905395508,31.049999237060547,1149400
2023-04-03,30.268888473510746,31.3700008392334,31.565000534057617,31.200000762939453,31.299999237060547,940800
2023-04-04,30.066255569458008,31.15999984741211,31.6299991607666,30.88999938964844,31.46999931335449,718000
2023-04-05,29.931171417236328,31.020000457763672,31.1299991607666,30.729999542236328,30.90999984741211,664600
2023-04-06,29.660999298095703,30.739999771118164,30.93000030517578,30.549999237060547,30.76000022888184,755600
2023-04-10,30.095203399658203,31.190000534057617,31.225000381469727,30.68000030517578,30.68000030517578,559700
2023-04-11,30.365373611450195,31.46999931335449,31.69499969482422,31.1299991607666,31.1299991607666,826900
2023-04-12,29.921520233154297,31.01000022888184,31.790000915527344,30.940000534057617,31.68000030517578,615200
2023-04-13,30.07590675354004,31.170000076293945,31.32999992370605,31.049999237060547,31.170000076293945,651600
2023-04-14,29.67064666748047,30.75,31.21999931335449,30.46999931335449,31.059999465942383,877000
2023-04-17,30.12414932250977,31.21999931335449,31.270000457763672,30.709999084472656,30.84000015258789,889100
2023-04-18,30.10485076904297,31.200000762939453,31.3700008392334,30.920000076293945,31.200000762939453,1725500
2023-04-19,29.969764709472656,31.059999465942383,31.18000030517578,30.065000534057617,30.75,1181800
2023-04-20,29.80573272705078,30.88999938964844,31.18000030517578,30.739999771118164,30.8799991607666,716200
2023-04-21,29.738187789916992,30.81999969482422,30.86000061035156,30.26499938964844,30.81999969482422,1048700
2023-04-24,28.860132217407227,29.90999984741211,31.020000457763672,29.270000457763672,30.8700008392334,3620200
2023-04-25,28.676801681518555,29.71999931335449,30.14999961853028,29.489999771118164,29.729999542236328,1304700
2023-04-26,28.68645095825196,29.729999542236328,30.1299991607666,29.6299991607666,29.65999984741211,1260500
2023-04-27,29.09170913696289,30.14999961853028,30.190000534057617,29.280000686645508,29.82999992370605,1044200
2023-04-28,29.46801948547364,30.540000915527344,30.75,30.00300025939941,30.00300025939941,1243700
2023-05-01,29.545209884643555,30.6200008392334,30.905000686645508,30.39999961853028,30.440000534057617,957300
2023-05-02,29.265390396118164,30.32999992370605,30.450000762939453,29.825000762939453,30.440000534057617,678900
2023-05-03,28.91802406311035,29.96999931335449,30.69499969482422,29.950000762939453,30.450000762939453,783900
2023-05-04,27.62506103515625,28.6299991607666,29.450000762939453,28.530000686645508,29.31999969482422,1449400
2023-05-05,28.35838508605957,29.38999938964844,29.489999771118164,28.815000534057617,28.86000061035156,764800
2023-05-08,28.522417068481445,29.559999465942383,29.690000534057617,29.26000022888184,29.479999542236328,916400
2023-05-09,28.097862243652344,29.1200008392334,30.450000762939453,29.045000076293945,29.799999237060547,1377800
2023-05-10,27.634708404541016,28.63999938964844,29.549999237060547,28.13999938964844,29.51000022888184,1505200
2023-05-11,27.17155838012696,28.15999984741211,28.540000915527344,27.790000915527344,28.43000030517578,1227500
2023-05-12,27.277700424194336,28.270000457763672,28.31999969482422,27.81999969482422,28.049999237060547,1131100
2023-05-15,27.615413665771484,28.6200008392334,28.6299991607666,28.040000915527344,28.229999542236328,1093000
2023-05-16,27.21980094909668,28.209999084472656,28.684999465942383,28.170000076293945,28.64999961853028,1329900
2023-05-17,27.91452980041504,28.93000030517578,28.959999084472656,28.200000762939453,28.450000762939453,1030400
2023-05-18,27.692604064941406,28.700000762939453,29.06999969482422,28.354999542236328,28.84000015258789,973800
2023-05-19,27.90488052368164,28.920000076293945,29.020000457763672,28.690000534057617,28.770000457763672,1216500
2023-05-22,27.9434757232666,28.959999084472656,29.2549991607666,28.790000915527344,29.06999969482422,859100
2023-05-23,27.96277618408203,28.979999542236328,29.3799991607666,28.90999984741211,28.90999984741211,1068100
2023-05-24,27.644359588623047,28.64999961853028,29.06999969482422,28.604999542236328,28.989999771118164,579700
2023-05-25,27.90488052368164,28.920000076293945,29.07999992370605,28.450000762939453,28.68000030517578,4625500
2023-05-26,28.22329902648925,29.25,29.420000076293945,28.96999931335449,28.96999931335449,1988100
2023-05-30,28.26189613342285,29.290000915527344,29.51499938964844,29.1299991607666,29.21999931335449,1527100
2023-05-31,28.184701919555664,29.209999084472656,29.350000381469727,28.88999938964844,29.200000762939453,6428400
2023-06-01,28.1750545501709,29.200000762939453,29.520000457763672,28.979999542236328,29.270000457763672,1137500
2023-06-02,28.79258918762207,29.84000015258789,29.90999984741211,29.36000061035156,29.3799991607666,1739600
2023-06-05,29.0241641998291,30.07999992370605,30.114999771118164,29.75,29.81999969482422,771300
2023-06-06,29.381179809570312,30.450000762939453,30.545000076293945,29.850000381469727,30.040000915527344,1437600
2023-06-07,30.085554122924805,31.18000030517578,31.36000061035156,30.530000686645508,30.63999938964844,939000
2023-06-08,30.510108947753903,31.6200008392334,31.63999938964844,31.059999465942383,31.100000381469727,671000
2023-06-09,30.297832489013672,31.39999961853028,31.76000022888184,31.290000915527344,31.690000534057617,1346100
2023-06-12,30.25923538208008,31.36000061035156,31.6200008392334,31.15999984741211,31.39999961853028,935200
2023-06-13,30.085554122924805,31.18000030517578,31.670000076293945,31.1299991607666,31.40999984741211,1424100
2023-06-14,30.095203399658203,31.190000534057617,31.670000076293945,30.959999084472656,31.190000534057617,881700
2023-06-15,30.44256591796875,31.549999237060547,31.690000534057617,31.01000022888184,31.190000534057617,1076400
2023-06-16,30.394323348999023,31.5,31.809999465942383,31.34499931335449,31.57999992370605,1735100
2023-06-20,29.998714447021484,31.09000015258789,31.5,30.8700008392334,31.3700008392334,1767000
2023-06-21,29.940818786621094,31.030000686645508,31.209999084472656,30.84000015258789,31.14999961853028,751400
2023-06-22,29.738187789916992,30.81999969482422,31.059999465942383,30.665000915527344,31.049999237060547,2049700
2023-06-23,29.55485916137696,30.6299991607666,30.729999542236328,30.489999771118164,30.63999938964844,1548300
2023-06-26,29.979415893554688,31.06999969482422,31.15999984741211,30.63999938964844,30.670000076293945,596500
2023-06-27,31.0215072631836,32.150001525878906,32.279998779296875,31.059999465942383,31.059999465942383,818200
2023-06-28,30.96361351013184,32.09000015258789,32.209999084472656,31.850000381469727,32.029998779296875,624800
2023-06-29,30.98291015625,32.11000061035156,32.27000045776367,31.88999938964844,32.04999923706055,692600
2023-06-30,30.770631790161133,31.88999938964844,32.36000061035156,31.790000915527344,32.27000045776367,1023800
2023-07-03,31.08905029296875,32.220001220703125,32.2400016784668,31.63999938964844,31.780000686645508,309100
2023-07-05,30.90571594238281,32.029998779296875,32.29499816894531,31.709999084472656,32.060001373291016,1310200
2023-07-06,30.73203468322754,31.850000381469727,31.93000030517578,31.56999969482422,31.770000457763672,654600
2023-07-07,30.79957771301269,31.920000076293945,32.15999984741211,31.65999984741211,31.71999931335449,984400
2023-07-10,30.500459671020508,31.61000061035156,31.920000076293945,31.14999961853028,31.3700008392334,1305700
2023-07-11,30.587303161621094,31.700000762939453,31.81999969482422,31.549999237060547,31.739999771118164,840200
2023-07-12,30.510108947753903,31.6200008392334,32.38999938964844,31.61000061035156,31.89999961853028,666600
2023-07-13,30.510108947753903,31.6200008392334,31.84000015258789,31.299999237060547,31.700000762939453,633300
2023-07-14,30.03730583190918,31.1299991607666,31.530000686645508,30.88999938964844,31.530000686645508,677000
2023-07-17,30.249588012695312,31.350000381469727,31.39999961853028,30.940000534057617,31.190000534057617,631100
2023-07-18,30.75133514404297,31.8700008392334,32.130001068115234,31.3799991607666,31.3799991607666,602100
2023-07-19,30.56800651550293,31.68000030517578,32.084999084472656,31.415000915527344,31.8700008392334,682000
2023-07-20,30.616249084472656,31.729999542236328,31.847000122070312,31.450000762939453,31.76000022888184,561100
2023-07-21,30.31712913513184,31.420000076293945,31.700000762939453,31.299999237060547,31.670000076293945,933600
2023-07-24,30.046958923339844,31.13999938964844,31.489999771118164,30.89999961853028,31.40999984741211,1400900
2023-07-25,29.89257431030273,30.979999542236328,31.280000686645508,30.88999938964844,31.030000686645508,837300
2023-07-26,30.07590675354004,31.170000076293945,31.350000381469727,30.8799991607666,30.979999542236328,884600
2023-07-27,29.940818786621094,31.030000686645508,31.559999465942383,30.9950008392334,31.229999542236328,792100
2023-07-28,30.02766227722168,31.1200008392334,31.39999961853028,30.88999938964844,31.25,1222100
2023-07-31,30.307477951049805,31.40999984741211,31.700000762939453,31.18000030517578,31.18000030517578,655800
2023-08-01,30.133798599243164,31.229999542236328,31.43000030517578,31.170000076293945,31.39999961853028,531000
2023-08-02,30.16274642944336,31.26000022888184,31.36000061035156,31.09000015258789,31.18000030517578,686500
2023-08-03,29.9022216796875,30.989999771118164,31.299999237060547,30.729999542236328,31.299999237060547,1714600
2023-08-04,29.989063262939453,31.07999992370605,31.5,30.790000915527344,31.020000457763672,1058900
2023-08-07,30.046958923339844,31.13999938964844,31.38999938964844,31.06999969482422,31.26000022888184,768500
2023-08-08,31.71623039245605,32.869998931884766,33.02000045776367,32.279998779296875,32.65999984741211,2407700
2023-08-09,31.388168334960938,32.529998779296875,33.2400016784668,32.41999816894531,32.790000915527344,1103100
2023-08-10,31.13729286193848,32.27000045776367,32.86000061035156,32.09000015258789,32.630001068115234,1650300
2023-08-11,31.310977935791016,32.45000076293945,32.709999084472656,32.09000015258789,32.25,808600
2023-08-14,30.64519500732422,31.76000022888184,32.439998626708984,31.63500022888184,32.34000015258789,1046000
2023-08-15,30.78028106689453,31.89999961853028,32.029998779296875,31.280000686645508,31.600000381469727,721100
2023-08-16,30.355722427368164,31.459999084472656,32.04499816894531,31.43000030517578,31.76000022888184,881900
2023-08-17,29.84432983398437,30.93000030517578,31.540000915527344,30.93000030517578,31.540000915527344,975100
2023-08-18,30.191694259643555,31.290000915527344,31.38999938964844,30.81999969482422,30.88999938964844,723600
2023-08-21,29.9022216796875,30.989999771118164,31.3799991607666,30.86000061035156,31.13999938964844,738100
2023-08-22,29.51626205444336,30.59000015258789,31.100000381469727,30.53499984741211,30.88999938964844,990200
2023-08-23,29.56450843811035,30.63999938964844,30.690000534057617,30.459999084472656,30.61000061035156,1517300
2023-08-24,29.22679328918457,30.290000915527344,30.770000457763672,30.170000076293945,30.559999465942383,997300
2023-08-25,29.09170913696289,30.14999961853028,30.520000457763672,29.9950008392334,30.299999237060547,635200
2023-08-28,29.36188125610352,30.43000030517578,30.51000022888184,30.190000534057617,30.25,673500
2023-08-29,29.702505111694336,30.520000457763672,30.674999237060547,30.18000030517578,30.209999084472656,690700
2023-08-30,30.06259536743164,30.88999938964844,30.975000381469727,30.459999084472656,30.479999542236328,594200
2023-08-31,29.702505111694336,30.520000457763672,31.020000457763672,30.440000534057617,30.88999938964844,1743900
2023-09-01,27.97991371154785,28.75,30.65999984741211,28.709999084472656,30.65999984741211,1418800
2023-09-05,28.271879196166992,29.049999237060547,29.549999237060547,28.540000915527344,28.63999938964844,1136600
2023-09-06,28.21348571777344,28.989999771118164,29.23500061035156,28.799999237060547,28.959999084472656,922500
2023-09-07,27.697683334350582,28.459999084472656,29.049999237060547,28.39999961853028,29.040000915527344,1225600
2023-09-08,28.12589836120605,28.89999961853028,28.90999984741211,28.479999542236328,28.51000022888184,567000
2023-09-11,28.43732261657715,29.21999931335449,29.75,28.89999961853028,28.89999961853028,950600
2023-09-12,28.78768348693848,29.57999992370605,29.670000076293945,29.06999969482422,29.1200008392334,722100
2023-09-13,28.174558639526367,28.950000762939453,29.729999542236328,28.90999984741211,29.63999938964844,1176500
2023-09-14,28.729291915893555,29.520000457763672,29.59000015258789,29.06999969482422,29.229999542236328,1004200
2023-09-15,28.515182495117188,29.299999237060547,29.979999542236328,29.25,29.600000381469727,2492900
2023-09-18,28.38866424560547,29.170000076293945,29.309999465942383,28.84000015258789,29.18000030517578,1285300
2023-09-19,28.62223625183105,29.40999984741211,29.5,29.15999984741211,29.18000030517578,1206000
2023-09-20,27.96044921875,28.729999542236328,29.600000381469727,28.709999084472656,29.51000022888184,1422300
2023-09-21,28.79741668701172,29.59000015258789,29.76000022888184,28.68000030517578,28.700000762939453,1589300
2023-09-22,28.07723617553711,28.850000381469727,29.68000030517578,28.82999992370605,29.520000457763672,1357900
2023-09-25,27.98964500427246,28.76000022888184,28.959999084472656,28.489999771118164,28.799999237060547,915300
2023-09-26,27.77553939819336,28.540000915527344,28.950000762939453,28.36000061035156,28.51000022888184,968200
2023-09-27,27.86312866210937,28.6299991607666,28.799999237060547,28.200000762939453,28.64999961853028,1043200
2023-09-28,28.086971282958984,28.86000061035156,29.209999084472656,28.600000381469727,28.6299991607666,1010800
2023-09-29,28.10643196105957,28.8799991607666,29.165000915527344,28.790000915527344,28.84000015258789,965800
2023-10-02,27.80473518371582,28.56999969482422,28.8799991607666,28.40999984741211,28.8700008392334,976100
2023-10-03,27.279203414916992,28.030000686645508,28.479999542236328,28.0,28.420000076293945,1323300
2023-10-04,27.29866409301757,28.049999237060547,28.1299991607666,27.6200008392334,28.0,881400
2023-10-05,27.23053932189941,27.979999542236328,28.270000457763672,27.68000030517578,28.07999992370605,564000
2023-10-06,27.37652015686035,28.1299991607666,28.270000457763672,27.690000534057617,27.709999084472656,615600
2023-10-09,27.843664169311523,28.61000061035156,28.71500015258789,27.86000061035156,27.940000534057617,681800
2023-10-10,28.145362854003903,28.920000076293945,29.0049991607666,28.63999938964844,28.64999961853028,885700
2023-10-11,28.03830909729004,28.809999465942383,29.23500061035156,28.68000030517578,29.030000686645508,698300
2023-10-12,27.639291763305664,28.39999961853028,28.850000381469727,28.295000076293945,28.799999237060547,754000
2023-10-13,27.81447029113769,28.57999992370605,28.65999984741211,28.39999961853028,28.440000534057617,698300
2023-10-16,28.39839744567871,29.18000030517578,29.3799991607666,28.690000534057617,28.690000534057617,607100
2023-10-17,28.62223625183105,29.40999984741211,29.584999084472656,28.450000762939453,28.450000762939453,1078800
2023-10-18,28.24268341064453,29.020000457763672,29.5,29.0,29.32999992370605,640200
2023-10-19,27.746341705322266,28.51000022888184,29.18000030517578,28.450000762939453,29.059999465942383,1110400
2023-10-20,27.541967391967773,28.299999237060547,28.61000061035156,28.25900077819824,28.61000061035156,837200
2023-10-23,27.31812858581543,28.06999969482422,28.5,28.030000686645508,28.290000915527344,804300
2023-10-24,27.32785987854004,28.07999992370605,28.459999084472656,27.920000076293945,28.200000762939453,943300
2023-10-25,27.08455848693848,27.82999992370605,28.21999931335449,27.81999969482422,28.030000686645508,804200
2023-10-26,26.70500373840332,27.440000534057617,27.84000015258789,27.190000534057617,27.81999969482422,1049400
2023-10-27,26.38384246826172,27.11000061035156,27.64999961853028,27.045000076293945,27.40999984741211,982200
2023-10-30,26.490896224975582,27.21999931335449,27.415000915527344,27.045000076293945,27.38999938964844,866200
2023-10-31,27.16241455078125,27.90999984741211,27.979999542236328,27.280000686645508,27.280000686645508,1212400
2023-11-01,27.152681350708008,27.89999961853028,28.07999992370605,27.61000061035156,28.059999465942383,1518000
2023-11-02,27.687952041625977,28.450000762939453,28.770000457763672,26.200000762939453,28.200000762939453,1558800
2023-11-03,28.54438018798828,29.32999992370605,29.690000534057617,28.3799991607666,28.5,1302400
2023-11-06,28.0967025756836,28.8700008392334,29.309999465942383,28.63999938964844,29.15999984741211,1207100
2023-11-07,27.72688102722168,28.489999771118164,28.920000076293945,28.459999084472656,28.82999992370605,1562300
2023-11-08,27.44464874267578,28.200000762939453,28.489999771118164,27.98500061035156,28.489999771118164,1029700
2023-11-09,26.95804023742676,27.700000762939453,29.045000076293945,27.600000381469727,28.940000534057617,1519600
2023-11-10,27.32785987854004,28.07999992370605,28.200000762939453,27.63999938964844,27.76000022888184,804900
2023-11-13,26.831520080566406,27.56999969482422,28.07999992370605,27.459999084472656,28.07999992370605,1181400
2023-11-14,27.36679077148437,28.1200008392334,28.459999084472656,27.989999771118164,27.989999771118164,1201000
2023-11-15,27.697683334350582,28.459999084472656,28.56999969482422,27.920000076293945,28.209999084472656,1312200
2023-11-16,27.3862533569336,28.13999938964844,28.725000381469727,27.8799991607666,28.51000022888184,8150400
2023-11-17,27.668487548828125,28.43000030517578,28.5,28.190000534057617,28.38999938964844,1821300
2023-11-20,27.872859954833984,28.63999938964844,28.790000915527344,28.290000915527344,28.450000762939453,1878000
2023-11-21,27.532236099243164,28.290000915527344,28.82999992370605,28.225000381469727,28.700000762939453,2157400
2023-11-22,27.59062957763672,28.350000381469727,28.489999771118164,28.14999961853028,28.440000534057617,1581400
2023-11-24,27.67821884155273,28.440000534057617,28.59000015258789,28.40999984741211,28.420000076293945,1046300
2023-11-27,27.48357582092285,28.239999771118164,28.38999938964844,28.1299991607666,28.38999938964844,2251200
2023-11-28,27.13321685791016,27.8799991607666,28.26000022888184,27.850000381469727,28.26000022888184,1329600
2023-11-29,26.94830703735352,27.690000534057617,28.11000061035156,27.46500015258789,28.11000061035156,1813600
2023-11-30,26.919109344482425,27.65999984741211,27.84000015258789,27.40999984741211,27.65999984741211,4057700
2023-12-01,27.503040313720703,28.26000022888184,28.420000076293945,27.655000686645508,27.780000686645508,1404900
2023-12-04,27.415451049804688,28.170000076293945,28.424999237060547,27.979999542236328,28.190000534057617,3508100
2023-12-05,26.72446823120117,27.459999084472656,28.09000015258789,27.1299991607666,28.049999237060547,2199900
2023-12-06,26.55902099609375,27.290000915527344,27.670000076293945,27.21999931335449,27.59000015258789,2239700
2023-12-07,26.59795188903809,27.32999992370605,27.614999771118164,27.200000762939453,27.31999969482422,2187500
2023-12-08,27.259737014770508,28.01000022888184,28.114999771118164,27.39999961853028,27.39999961853028,1794800
2023-12-11,26.880184173583984,27.6200008392334,28.06999969482422,27.6200008392334,27.979999542236328,2324100
2023-12-12,26.42277336120605,27.14999961853028,27.700000762939453,27.065000534057617,27.700000762939453,1944100
2023-12-13,26.87045288085937,27.61000061035156,27.61000061035156,26.80500030517578,27.09000015258789,2206300
2023-12-14,27.2500057220459,28.0,28.700000762939453,27.850000381469727,27.89999961853028,2476000
2023-12-15,26.90937805175781,27.64999961853028,28.170000076293945,27.530000686645508,28.01000022888184,3906000
2023-12-18,26.889911651611328,27.6299991607666,27.86000061035156,27.3700008392334,27.790000915527344,2049300
2023-12-19,27.152681350708008,27.89999961853028,27.89999961853028,27.549999237060547,27.670000076293945,1544400
2023-12-20,26.72446823120117,27.459999084472656,28.0,27.43000030517578,27.89999961853028,1904200
2023-12-21,27.1429500579834,27.88999938964844,27.975000381469727,27.35099983215332,27.600000381469727,1068200
2023-12-22,27.00670051574707,27.75,28.21999931335449,27.59000015258789,27.89999961853028,1204800
2023-12-26,27.10402107238769,27.850000381469727,27.89999961853028,27.40999984741211,27.82999992370605,968400
2023-12-27,26.899646759033203,27.63999938964844,27.8799991607666,27.61000061035156,27.81999969482422,1297300
2023-12-28,26.95804023742676,27.700000762939453,27.895000457763672,27.56999969482422,27.700000762939453,852700
2023-12-29,26.90937805175781,27.64999961853028,27.770000457763672,27.489999771118164,27.670000076293945,1158600
2024-01-02,27.3862533569336,28.13999938964844,28.40999984741211,27.459999084472656,27.790000915527344,1510700
2024-01-03,27.220808029174805,27.96999931335449,28.290000915527344,27.82999992370605,28.0,980700
2024-01-04,27.240272521972656,27.989999771118164,28.11000061035156,27.770000457763672,28.030000686645508,1257700
2024-01-05,27.34732437133789,28.100000381469727,28.450000762939453,27.920000076293945,27.989999771118164,1318100
2024-01-08,27.717145919799805,28.479999542236328,28.559999465942383,27.96999931335449,28.100000381469727,934100
2024-01-09,27.415451049804688,28.170000076293945,28.45499992370605,28.1200008392334,28.25,1185300
2024-01-10,27.736610412597656,28.5,28.56999969482422,27.780000686645508,27.96999931335449,1283900
2024-01-11,27.8533992767334,28.6200008392334,28.670000076293945,28.209999084472656,28.479999542236328,1529100
2024-01-12,27.97991371154785,28.75,28.89999961853028,28.520000457763672,28.76000022888184,780000
2024-01-16,27.687952041625977,28.450000762939453,28.68000030517578,28.209999084472656,28.68000030517578,979000
2024-01-17,27.619823455810547,28.3799991607666,28.670000076293945,28.15999984741211,28.26000022888184,919200
2024-01-18,27.81447029113769,28.57999992370605,28.709999084472656,28.209999084472656,28.440000534057617,989000
2024-01-19,27.96044921875,28.729999542236328,28.80500030517578,28.32999992370605,28.71999931335449,798500
2024-01-22,28.16482353210449,28.940000534057617,29.11000061035156,28.780000686645508,28.790000915527344,766200
2024-01-23,28.39839744567871,29.18000030517578,29.3700008392334,28.924999237060547,29.13999938964844,678700
2024-01-24,28.2816104888916,29.059999465942383,29.3700008392334,28.96999931335449,29.3700008392334,796600
2024-01-25,28.91419982910156,29.709999084472656,29.815000534057617,29.25,29.25,1149100
2024-01-26,28.943397521972656,29.739999771118164,29.88500022888184,29.655000686645508,29.739999771118164,731500
2024-01-29,29.118576049804688,29.920000076293945,29.940000534057617,29.61000061035156,29.75,738100
2024-01-30,29.00179100036621,29.799999237060547,29.9950008392334,29.75,29.88999938964844,641900
2024-01-31,29.206165313720703,30.01000022888184,30.405000686645508,29.70199966430664,29.90999984741211,1813000
2024-02-01,29.31321907043457,30.1200008392334,30.15999984741211,29.57999992370605,30.01000022888184,927800
2024-02-02,28.768218994140625,29.559999465942383,30.01000022888184,29.43000030517578,29.86000061035156,1050600
2024-02-05,28.39839744567871,29.18000030517578,29.459999084472656,29.15999984741211,29.290000915527344,1004100
2024-02-06,28.55411148071289,29.34000015258789,29.549999237060547,29.030000686645508,29.239999771118164,1037700
2024-02-07,26.70500373840332,27.440000534057617,30.5,27.30900001525879,30.5,2546900
2024-02-08,25.90696907043457,26.6200008392334,27.71999931335449,26.40999984741211,27.3700008392334,2125000
2024-02-09,26.71473693847656,27.450000762939453,27.57999992370605,26.61000061035156,26.71999931335449,1916500
2024-02-12,27.259737014770508,28.01000022888184,28.15999984741211,27.43000030517578,27.459999084472656,1363800
2024-02-13,26.62714958190918,27.36000061035156,27.82999992370605,26.96999931335449,27.82999992370605,1381400
2024-02-14,26.99696922302246,27.739999771118164,27.86000061035156,27.27499961853028,27.43000030517578,1097800
2024-02-15,27.3862533569336,28.13999938964844,28.295000076293945,27.75,27.809999465942383,1478500
2024-02-16,27.20134353637696,27.950000762939453,28.15999984741211,27.780000686645508,28.14999961853028,1131100
2024-02-20,26.889911651611328,27.6299991607666,28.01000022888184,27.59000015258789,27.84000015258789,1216900
2024-02-21,26.72446823120117,27.459999084472656,27.65999984741211,27.13999938964844,27.61000061035156,1048100
2024-02-22,26.675806045532227,27.40999984741211,27.6200008392334,27.21999931335449,27.459999084472656,957800
2024-02-23,26.938575744628903,27.68000030517578,27.93000030517578,27.25,27.6299991607666,1525100
2024-02-26,26.490896224975582,27.21999931335449,27.790000915527344,27.15999984741211,27.68000030517578,2275300
2024-02-27,26.38384246826172,27.11000061035156,27.40999984741211,27.040000915527344,27.290000915527344,1372500
2024-02-28,26.23786163330078,26.959999084472656,27.1299991607666,26.8700008392334,27.01000022888184,1629500
2024-02-29,26.64661026000977,27.3799991607666,27.520000457763672,27.049999237060547,27.15999984741211,3000200
2024-03-01,26.26705741882324,26.989999771118164,27.520000457763672,26.84499931335449,27.43000030517578,1286300
2024-03-04,25.858306884765625,26.56999969482422,26.950000762939453,26.040000915527344,26.950000762939453,1595500
2024-03-05,25.87796401977539,26.32999992370605,26.780000686645508,26.01000022888184,26.190000534057617,2031600
2024-03-06,25.4553451538086,25.89999961853028,26.5310001373291,25.815000534057617,26.34000015258789,1577700
2024-03-07,25.661741256713867,26.11000061035156,26.170000076293945,25.86800003051757,25.89999961853028,1239500
2024-03-08,25.868135452270508,26.31999969482422,26.420000076293945,26.100000381469727,26.15999984741211,1386200
2024-03-11,26.762514114379883,27.229999542236328,27.420000076293945,26.420000076293945,26.450000762939453,1197700
2024-03-12,26.3693790435791,26.82999992370605,27.34000015258789,26.73500061035156,27.34000015258789,1216600
2024-03-13,26.62491607666016,27.09000015258789,27.31999969482422,26.850000381469727,26.850000381469727,1786100
2024-03-14,26.25143814086914,26.709999084472656,27.059999465942383,26.559999465942383,27.040000915527344,1548000
2024-03-15,26.4283504486084,26.88999938964844,27.190000534057617,26.61000061035156,26.729999542236328,3017900
2024-03-18,26.536460876464844,27.0,27.21999931335449,26.729999542236328,26.950000762939453,1771400
2024-03-19,26.634746551513672,27.100000381469727,27.34000015258789,26.95499992370605,27.040000915527344,1730100
2024-03-20,27.106504440307617,27.57999992370605,27.71999931335449,26.920000076293945,27.100000381469727,1371200
2024-03-21,27.31290054321289,27.790000915527344,27.82999992370605,27.38999938964844,27.709999084472656,1051800
2024-03-22,26.85096740722656,27.31999969482422,27.96999931335449,27.20499992370605,27.84000015258789,846900
2024-03-25,27.06719017028809,27.540000915527344,27.690000534057617,27.309999465942383,27.479999542236328,1105600
2024-03-26,27.47015190124512,27.950000762939453,28.1200008392334,27.489999771118164,27.57999992370605,1767800
2024-03-27,28.10899353027344,28.600000381469727,28.63999938964844,28.020000457763672,28.049999237060547,1649700
2024-03-28,28.128650665283203,28.6200008392334,28.739999771118164,28.38999938964844,28.64999961853028,1173800
2024-04-01,28.099164962768555,28.59000015258789,28.690000534057617,28.26000022888184,28.670000076293945,995100
2024-04-02,27.93208312988281,28.420000076293945,28.979999542236328,28.3700008392334,28.520000457763672,1597500
2024-04-03,28.21710205078125,28.709999084472656,28.770000457763672,28.25,28.420000076293945,1369600
2024-04-04,27.93208312988281,28.420000076293945,29.075000762939453,28.3700008392334,28.8799991607666,1199700
2024-04-05,27.96156883239746,28.450000762939453,28.700000762939453,28.32999992370605,28.51000022888184,2077100
2024-04-08,28.13847923278809,28.6299991607666,28.86000061035156,28.25,28.51000022888184,1986500
2024-04-09,28.305559158325195,28.799999237060547,28.90999984741211,28.479999542236328,28.729999542236328,823300
2024-04-10,27.88294219970703,28.3700008392334,28.549999237060547,28.13500022888184,28.38999938964844,998700
2024-04-11,27.755172729492188,28.239999771118164,28.520000457763672,27.920000076293945,28.3700008392334,916300
2024-04-12,27.185131072998047,27.65999984741211,28.184999465942383,27.625,28.14999961853028,840300
2024-04-15,27.4406681060791,27.920000076293945,28.51000022888184,27.63999938964844,27.8700008392334,1080600
2024-04-16,27.47015190124512,27.950000762939453,28.1299991607666,27.645000457763672,27.89999961853028,1172900
2024-04-17,27.50946617126465,27.989999771118164,28.21999931335449,27.84499931335449,28.030000686645508,1015800
2024-04-18,27.8043155670166,28.290000915527344,28.39999961853028,27.989999771118164,28.1299991607666,622100
2024-04-19,28.37435913085937,28.8700008392334,28.979999542236328,28.459999084472656,28.459999084472656,1084000
2024-04-22,28.472639083862305,28.96999931335449,29.125,28.729999542236328,29.06999969482422,826900
2024-04-23,28.67903709411621,29.18000030517578,29.32999992370605,28.940000534057617,28.950000762939453,962200
2024-04-24,28.80680274963379,29.309999465942383,29.354999542236328,28.93000030517578,29.0,1141600
2024-04-25,28.747833251953125,29.25,29.3700008392334,28.93000030517578,29.200000762939453,891600
2024-04-26,28.31538772583008,28.809999465942383,29.299999237060547,28.809999465942383,29.15999984741211,801600
2024-04-29,28.64954948425293,29.14999961853028,29.2450008392334,28.809999465942383,28.8799991607666,852700
2024-04-30,28.187620162963867,28.68000030517578,29.0,28.51099967956543,29.0,1278100
2024-05-01,28.37435913085937,28.8700008392334,29.06999969482422,28.600000381469727,28.670000076293945,682600
2024-05-02,28.747833251953125,29.25,29.26000022888184,28.770000457763672,28.979999542236328,883900
2024-05-03,29.072166442871094,29.57999992370605,29.61000061035156,29.299999237060547,29.38999938964844,717600
2024-05-06,29.504615783691406,30.020000457763672,30.030000686645508,29.6200008392334,29.809999465942383,1050200
2024-05-07,29.337533950805664,29.850000381469727,30.15999984741211,29.75,29.920000076293945,1093800
2024-05-08,30.064828872680664,30.59000015258789,30.59000015258789,29.270000457763672,29.600000381469727,1466700
2024-05-09,30.271221160888672,30.799999237060547,31.440000534057617,30.6200008392334,30.84000015258789,1207300
2024-05-10,30.4088191986084,30.940000534057617,31.14999961853028,30.73500061035156,30.989999771118164,838100
2024-05-13,30.21225357055664,30.739999771118164,31.25,30.729999542236328,31.059999465942383,1035900
2024-05-14,30.42847442626953,30.959999084472656,31.09000015258789,30.729999542236328,30.850000381469727,720400
2024-05-15,30.08448600769043,30.61000061035156,31.059999465942383,30.584999084472656,31.059999465942383,571000
2024-05-16,29.750322341918945,30.270000457763672,30.68000030517578,30.18000030517578,30.65999984741211,890300
2024-05-17,30.005859375,30.530000686645508,30.530000686645508,30.13999938964844,30.280000686645508,750400
2024-05-20,30.05500030517578,30.57999992370605,30.64999961853028,30.290000915527344,30.40999984741211,1545800
2024-05-21,29.87808990478516,30.39999961853028,30.84499931335449,30.39999961853028,30.520000457763672,926900
2024-05-22,30.0451717376709,30.56999969482422,30.57999992370605,30.097000122070312,30.26000022888184,827500
2024-05-23,30.12379646301269,30.64999961853028,30.850000381469727,30.280000686645508,30.520000457763672,1980500
2024-05-24,30.59555625915528,31.1299991607666,31.13999938964844,30.68000030517578,30.709999084472656,817800
2024-05-28,30.556245803833008,31.09000015258789,31.350000381469727,30.920000076293945,31.14999961853028,1583000
2024-05-29,30.733154296875,31.270000457763672,31.440000534057617,30.812000274658203,30.940000534057617,1268700
2024-05-30,31.165599822998047,31.709999084472656,31.920000076293945,31.11000061035156,31.3799991607666,1379400
2024-05-31,31.391651153564453,31.940000534057617,32.17499923706055,31.559999465942383,31.729999542236328,4157700
2024-06-03,31.725812911987305,32.279998779296875,32.39500045776367,31.88999938964844,32.13999938964844,1061600
2024-06-04,31.617700576782227,32.16999816894531,32.494998931884766,32.0099983215332,32.060001373291016,1342200
2024-06-05,31.70615577697754,32.2599983215332,32.314998626708984,31.8799991607666,32.16999816894531,960200
2024-06-06,31.430965423583984,31.979999542236328,32.5,31.934999465942383,32.119998931884766,674600
2024-06-07,31.22456932067871,31.770000457763672,32.22999954223633,31.76000022888184,31.89999961853028,543900
2024-06-10,30.860923767089844,31.39999961853028,31.670000076293945,31.165000915527344,31.670000076293945,1037800
2024-06-11,30.56607246398925,31.100000381469727,31.440000534057617,31.07999992370605,31.25,617400
2024-06-12,30.60538673400879,31.13999938964844,31.38999938964844,30.89999961853028,31.36000061035156,817900
2024-06-13,30.438304901123047,30.96999931335449,31.065000534057617,30.81999969482422,30.940000534057617,839900
2024-06-14,30.4088191986084,30.940000534057617,31.049999237060547,30.65999984741211,30.8799991607666,1061100
2024-06-17,30.49727439880371,31.030000686645508,31.040000915527344,30.51000022888184,30.90999984741211,1861900
2024-06-18,30.674182891845703,31.209999084472656,31.57999992370605,31.030000686645508,31.030000686645508,866400
2024-06-20,31.36216735839844,31.90999984741211,31.920000076293945,31.170000076293945,31.170000076293945,1175700
2024-06-21,31.50959205627441,32.060001373291016,32.130001068115234,31.75,32.0,1914200
2024-06-24,31.519418716430664,32.06999969482422,32.165000915527344,31.809999465942383,31.950000762939453,1352000
2024-06-25,31.657012939453125,32.209999084472656,32.41999816894531,31.950000762939453,32.20000076293945,754600
2024-06-26,31.54890251159668,32.099998474121094,32.209999084472656,31.700000762939453,32.15999984741211,853300
2024-06-27,31.22456932067871,31.770000457763672,32.099998474121094,31.549999237060547,32.099998474121094,776400
2024-06-28,31.47027969360352,32.02000045776367,32.22999954223633,31.950000762939453,31.96999931335449,1217900
2024-07-01,31.254053115844727,31.799999237060547,32.4900016784668,31.780000686645508,32.13999938964844,608000
2024-07-02,31.745471954345703,32.29999923706055,32.34000015258789,31.549999237060547,31.8700008392334,1469700
2024-07-03,31.8830680847168,32.439998626708984,32.529998779296875,32.20000076293945,32.380001068115234,341200
2024-07-05,31.607873916625977,32.15999984741211,32.4900016784668,32.064998626708984,32.09000015258789,1147000
2024-07-08,31.58821678161621,32.13999938964844,32.36000061035156,32.02000045776367,32.2599983215332,547000
2024-07-09,32.19757461547852,32.7599983215332,32.82500076293945,32.05500030517578,32.130001068115234,834300
2024-07-10,32.364654541015625,32.93000030517578,33.029998779296875,32.7400016784668,32.75,678300
2024-07-11,32.679161071777344,33.25,33.43000030517578,33.0,33.0,658600
2024-07-12,32.777442932128906,33.349998474121094,33.599998474121094,33.290000915527344,33.31999969482422,377400
2024-07-15,32.9740104675293,33.54999923706055,33.849998474121094,33.349998474121094,33.40999984741211,598400
2024-07-16,33.63250732421875,34.220001220703125,34.33000183105469,33.619998931884766,33.650001525878906,448300
2024-07-17,34.25168991088867,34.849998474121094,34.939998626708984,34.18000030517578,34.18000030517578,789400
2024-07-18,34.015811920166016,34.61000061035156,35.36000061035156,34.560001373291016,34.66999816894531,999400
2024-07-19,33.740623474121094,34.33000183105469,34.939998626708984,34.209999084472656,34.75,800000
2024-07-22,33.838905334472656,34.43000030517578,34.5,33.869998931884766,34.380001068115234,662600
2024-07-23,33.95684051513672,34.54999923706055,34.57500076293945,33.90999984741211,34.400001525878906,913700
2024-07-24,33.87821578979492,34.470001220703125,34.709999084472656,34.2599983215332,34.58000183105469,672100
2024-07-25,33.868385314941406,34.459999084472656,34.81999969482422,34.33000183105469,34.41999816894531,702700
2024-07-26,34.32048797607422,34.91999816894531,35.06100082397461,34.43000030517578,34.650001525878906,626800
2024-07-29,34.58585357666016,35.189998626708984,35.2599983215332,34.880001068115234,35.029998779296875,697400
2024-07-30,35.18538284301758,35.79999923706055,35.88999938964844,35.18000030517578,35.290000915527344,583300
2024-07-31,34.82173538208008,35.43000030517578,35.834999084472656,35.43000030517578,35.79999923706055,1023100
2024-08-01,34.59568786621094,35.20000076293945,35.82500076293945,35.130001068115234,35.63999938964844,1054000
2024-08-02,34.28117752075195,34.880001068115234,35.38999938964844,34.66999816894531,35.20000076293945,996100
2024-08-05,33.45560073852539,34.040000915527344,34.63999938964844,33.720001220703125,34.43000030517578,1137700
2024-08-06,35.56868362426758,36.18999862670898,36.369998931884766,33.810001373291016,33.810001373291016,1653100
2024-08-07,35.932334899902344,36.560001373291016,37.130001068115234,36.27999877929688,36.68999862670898,1629200
2024-08-08,36.06010437011719,36.68999862670898,36.85499954223633,35.90999984741211,36.4900016784668,1191800
2024-08-09,35.97164535522461,36.59999847412109,36.90999984741211,36.52999877929688,36.79999923706055,1149400
2024-08-12,35.627655029296875,36.25,36.77000045776367,36.16999816894531,36.77000045776367,734300
2024-08-13,35.63748550415039,36.2599983215332,36.46500015258789,36.16999816894531,36.31999969482422,539700
2024-08-14,35.70628356933594,36.33000183105469,36.470001220703125,36.18000030517578,36.2400016784668,628000
2024-08-15,35.67679977416992,36.29999923706055,36.91999816894531,36.15499877929688,36.7400016784668,544000
2024-08-16,36.12889862060547,36.7599983215332,37.06999969482422,36.720001220703125,36.880001068115234,827600
2024-08-19,36.24684143066406,36.880001068115234,37.040000915527344,36.650001525878906,36.650001525878906,773300
2024-08-20,36.51220703125,37.150001525878906,37.18999862670898,36.75,36.790000915527344,628600
2024-08-21,36.92499542236328,37.56999969482422,37.56999969482422,37.02999877929688,37.20000076293945,666600
2024-08-22,37.27881240844727,37.93000030517578,37.994998931884766,37.54999923706055,37.68999862670898,804200
2024-08-23,37.48520660400391,38.13999938964844,38.290000915527344,37.91999816894531,38.040000915527344,550600
2024-08-26,37.54418182373047,38.20000076293945,38.47999954223633,38.04499816894531,38.13999938964844,1757000
2024-08-27,37.45572280883789,38.11000061035156,38.220001220703125,37.970001220703125,38.16999816894531,1033700
2024-08-28,37.612979888916016,38.27000045776367,38.375,38.11000061035156,38.15999984741211,1343700
2024-08-29,37.57366561889648,38.22999954223633,38.45000076293945,38.14500045776367,38.34999847412109,861500
2024-08-30,37.77022933959961,38.43000030517578,38.45000076293945,38.150001525878906,38.220001220703125,1055900
2024-09-03,37.377098083496094,38.02999877929688,38.41999816894531,37.900001525878906,38.22999954223633,957500
2024-09-04,37.80273818969727,38.18999862670898,38.51499938964844,37.91999816894531,37.97999954223633,894900
2024-09-05,36.99105453491211,37.369998931884766,38.34000015258789,37.34999847412109,38.34000015258789,643400
2024-09-06,36.98115539550781,37.36000061035156,37.65999984741211,37.13999938964844,37.45000076293945,958600
2024-09-09,36.7138900756836,37.09000015258789,37.5,36.900001525878906,37.459999084472656,1250300
2024-09-10,36.47632598876953,36.84999847412109,37.22999954223633,36.83000183105469,37.13999938964844,727800
2024-09-11,36.060585021972656,36.43000030517578,37.0099983215332,36.08000183105469,36.86000061035156,732100
2024-09-12,35.67454147338867,36.040000915527344,36.58000183105469,35.88999938964844,36.58000183105469,861200
2024-09-13,36.40703201293945,36.77999877929688,36.81999969482422,36.150001525878906,36.2599983215332,940100
2024-09-16,36.39714050292969,36.77000045776367,37.209999084472656,36.43000030517578,36.77999877929688,1042300
2024-09-17,37.060340881347656,37.43999862670898,37.790000915527344,36.7599983215332,36.77000045776367,960400
2024-09-18,37.17912673950195,37.560001373291016,38.040000915527344,37.09000015258789,37.470001220703125,760900
2024-09-19,37.14942932128906,37.52999877929688,37.93000030517578,37.43000030517578,37.79999923706055,1702500
2024-09-20,36.9019660949707,37.27999877929688,38.18899917602539,37.27000045776367,37.65999984741211,2930600
2024-09-23,37.43648910522461,37.81999969482422,37.81999969482422,37.31999969482422,37.43999862670898,1440300
2024-09-24,38.465946197509766,38.86000061035156,38.970001220703125,37.720001220703125,37.720001220703125,1153400
2024-09-25,38.050201416015625,38.43999862670898,39.0,38.31999969482422,38.869998931884766,959700
2024-09-26,38.27786636352539,38.66999816894531,38.720001220703125,38.33000183105469,38.5099983215332,739600
2024-09-27,38.44614791870117,38.84000015258789,39.09000015258789,38.63999938964844,38.66999816894531,474800
2024-09-30,38.406551361083984,38.79999923706055,39.09000015258789,38.650001525878906,38.95000076293945,943300
2024-10-01,38.60452651977539,39.0,39.150001525878906,38.54999923706055,38.84999847412109,957700
2024-10-02,38.27786636352539,38.66999816894531,39.130001068115234,38.595001220703125,38.83000183105469,585500
2024-10-03,38.09969711303711,38.4900016784668,38.66999816894531,38.20000076293945,38.59999847412109,508500
2024-10-04,38.14918899536133,38.540000915527344,38.869998931884766,38.43999862670898,38.630001068115234,428700
2024-10-07,37.95121765136719,38.34000015258789,38.5890007019043,37.880001068115234,38.560001373291016,482300
2024-10-08,38.129390716552734,38.52000045776367,38.54999923706055,38.040000915527344,38.20000076293945,809400
2024-10-09,38.09969711303711,38.4900016784668,38.81999969482422,38.3849983215332,38.470001220703125,635100
2024-10-10,37.664154052734375,38.04999923706055,38.52000045776367,38.0,38.52000045776367,448500
2024-10-11,37.61466217041016,38.0,38.44499969482422,38.0,38.15999984741211,1334600
2024-10-14,37.822532653808594,38.209999084472656,38.255001068115234,37.970001220703125,38.060001373291016,709300
2024-10-15,38.06999969482422,38.459999084472656,38.84999847412109,38.220001220703125,38.380001068115234,600800
2024-10-16,38.357059478759766,38.75,38.79999923706055,38.459999084472656,38.459999084472656,520000
2024-10-17,38.67381286621094,39.06999969482422,39.09000015258789,38.630001068115234,38.630001068115234,1519300
2024-10-18,38.5748291015625,38.970001220703125,39.31999969482422,38.88999938964844,39.2400016784668,609400
2024-10-21,38.129390716552734,38.52000045776367,39.0099983215332,38.43999862670898,38.86000061035156,614200
2024-10-22,38.30756759643555,38.70000076293945,38.869998931884766,38.52000045776367,38.59999847412109,487400
2024-10-23,38.020503997802734,38.40999984741211,38.81999969482422,38.334999084472656,38.720001220703125,510200
2024-10-24,37.95121765136719,38.34000015258789,38.52999877929688,38.15999984741211,38.43999862670898,517400
2024-10-25,37.96111679077149,38.34999847412109,38.72499847412109,38.25,38.40999984741211,418800
2024-10-28,38.28776931762695,38.68000030517578,38.77000045776367,38.38999938964844,38.470001220703125,732200
2024-10-29,38.37685775756836,38.77000045776367,38.90999984741211,38.5,38.68999862670898,581900
2024-10-30,38.55503463745117,38.95000076293945,39.15999984741211,38.45500183105469,38.61000061035156,724400
2024-10-31,38.5649299621582,38.959999084472656,39.22999954223633,38.7599983215332,39.0,714100
2024-11-01,38.49563980102539,38.88999938964844,39.16999816894531,38.790000915527344,38.959999084472656,873800
2024-11-04,39.55479049682617,39.959999084472656,42.130001068115234,39.70000076293945,41.93999862670898,1335600
2024-11-05,40.2476921081543,40.65999984741211,40.77999877929688,39.709999084472656,39.75,791400
2024-11-06,41.95024871826172,42.380001068115234,42.41999816894531,41.38999938964844,42.18000030517578,1200400
2024-11-07,41.14846420288086,41.56999969482422,42.75,41.43000030517578,42.75,1012900
2024-11-08,41.13856506347656,41.560001373291016,41.869998931884766,41.13999938964844,41.68999862670898,1179400
2024-11-11,42.069034576416016,42.5,42.52000045776367,41.58000183105469,41.58000183105469,722400
2024-11-12,43.20737075805664,43.650001525878906,43.67499923706055,42.43999862670898,42.630001068115234,953100
2024-11-13,43.01435089111328,43.45500183105469,43.64500045776367,42.97999954223633,43.63999938964844,1151100
2024-11-14,43.77159118652344,44.220001220703125,44.34000015258789,43.630001068115234,43.630001068115234,1349000
2024-11-15,42.435279846191406,42.869998931884766,44.41999816894531,42.685001373291016,44.18999862670898,2097800
2024-11-18,42.316497802734375,42.75,43.09999847412109,42.56999969482422,42.810001373291016,1574500
2024-11-19,42.77183151245117,43.209999084472656,43.22999954223633,42.20000076293945,42.31999969482422,1440900
2024-11-20,42.93021011352539,43.369998931884766,43.459999084472656,42.93999862670898,43.34000015258789,2788100
2024-11-21,43.67260360717773,44.119998931884766,44.26499938964844,43.08000183105469,43.369998931884766,1733500
2024-11-22,43.92007064819336,44.369998931884766,44.560001373291016,44.0099983215332,44.16999816894531,878800
2024-11-25,43.26676177978516,43.709999084472656,44.65999984741211,43.540000915527344,44.5880012512207,3694100
2024-11-26,43.36574935913086,43.810001373291016,44.0,43.59000015258789,43.83000183105469,1130400
2024-11-27,43.91017150878906,44.36000061035156,44.52999877929688,43.900001525878906,43.93999862670898,704300
2024-11-29,44.27642059326172,44.72999954223633,44.88999938964844,44.31499862670898,44.560001373291016,425900
2024-12-02,43.95966339111328,44.40999984741211,44.70899963378906,44.16999816894531,44.70000076293945,832400
2024-12-03,43.60331344604492,44.04999923706055,44.52000045776367,43.84000015258789,44.45000076293945,1378200
2024-12-04,43.5736198425293,44.02000045776367,44.130001068115234,43.74100112915039,43.86000061035156,1041500
2024-12-05,43.80128860473633,44.25,44.33000183105469,43.959999084472656,43.97999954223633,1188900
2024-12-06,44.18733215332031,44.63999938964844,44.68000030517578,44.11000061035156,44.18999862670898,727800
2024-12-09,43.30635833740234,43.75,44.77000045776367,43.4900016784668,44.61000061035156,1313400
2024-12-10,43.48453521728516,43.93000030517578,44.29999923706055,43.61000061035156,43.84000015258789,1059300
2024-12-11,43.316253662109375,43.7599983215332,44.15999984741211,43.630001068115234,43.95000076293945,1371900
2024-12-12,44.50408935546875,44.959999084472656,45.18000030517578,43.7599983215332,43.7599983215332,1280900
2024-12-13,44.26652145385742,44.720001220703125,45.27199935913086,44.63999938964844,44.95000076293945,814900
2024-12-16,44.19723510742188,44.650001525878906,44.89500045776367,44.5,44.84000015258789,979300
2024-12-17,45.998779296875,46.470001220703125,46.720001220703125,44.869998931884766,44.900001525878906,1525400
2024-12-18,46.05816650390625,46.52999877929688,47.79999923706055,46.47999954223633,46.77000045776367,1311400
2024-12-19,45.503849029541016,45.970001220703125,46.58000183105469,45.58000183105469,46.2400016784668,1254600
2024-12-20,46.17695236206055,46.650001525878906,46.709999084472656,45.5,45.959999084472656,2504100
2024-12-23,46.13735580444336,46.61000061035156,46.90499877929688,46.02000045776367,46.4900016784668,1005700
2024-12-24,46.67187881469727,47.150001525878906,47.150001525878906,46.56999969482422,46.869998931884766,275900
2024-12-26,46.44421005249024,46.91999816894531,47.22999954223633,46.71500015258789,47.02000045776367,519800
2024-12-27,46.15715408325195,46.630001068115234,46.95000076293945,46.27999877929688,46.7599983215332,586100
2024-12-30,45.612735748291016,46.08000183105469,46.44499969482422,45.84999847412109,46.43999862670898,1296700
2024-12-31,45.276180267333984,45.7400016784668,46.27999877929688,45.619998931884766,46.08000183105469,852600
2025-01-02,45.7711067199707,46.2400016784668,46.400001525878906,45.81999969482422,46.040000915527344,977300
2025-01-03,46.24624252319336,46.720001220703125,46.75,45.59000015258789,46.25,849700
2025-01-06,46.59268951416016,47.06999969482422,47.59000015258789,46.900001525878906,47.11000061035156,784300
2025-01-07,46.3353271484375,46.810001373291016,47.40999984741211,46.6349983215332,47.400001525878906,872400
2025-01-08,46.13735580444336,46.61000061035156,46.84999847412109,46.0,46.84999847412109,1211800
2025-01-10,45.394962310791016,45.86000061035156,46.4900016784668,45.29999923706055,46.4900016784668,818800
2025-01-13,45.47414779663086,45.93999862670898,46.3129997253418,45.68999862670898,45.68999862670898,781200
2025-01-14,46.06806564331055,46.540000915527344,46.92499923706055,46.060001373291016,46.060001373291016,1097300
2025-01-15,45.71171951293945,46.18000030517578,46.900001525878906,46.02000045776367,46.900001525878906,930900
2025-01-16,45.47414779663086,45.93999862670898,46.58000183105469,45.91999816894531,46.290000915527344,813200
2025-01-17,45.19699096679688,45.65999984741211,46.310001373291016,45.63999938964844,46.09999847412109,817000
2025-01-21,45.17719268798828,45.63999938964844,45.83000183105469,45.040000915527344,45.83000183105469,1696300
2025-01-22,45.31576919555664,45.77999877929688,45.93999862670898,45.29999923706055,45.630001068115234,1470900
2025-01-23,45.56324005126953,46.02999877929688,46.130001068115234,45.75,45.90999984741211,1000900
2025-01-24,46.07796478271485,46.54999923706055,46.59000015258789,45.810001373291016,45.84999847412109,950300
2025-01-27,47.216304779052734,47.70000076293945,48.060001373291016,46.53200149536133,46.61000061035156,1460800
2025-01-28,47.0975227355957,47.58000183105469,47.959999084472656,47.41999816894531,47.52999877929688,722100
2025-01-29,47.36478042602539,47.84999847412109,48.345001220703125,47.54499816894531,47.70000076293945,636000
2025-01-30,47.8795051574707,48.369998931884766,48.40999984741211,47.650001525878906,47.970001220703125,773000
2025-01-31,48.10717391967773,48.59999847412109,49.290000915527344,48.36000061035156,48.43000030517578,1080900
2025-02-03,48.691192626953125,49.18999862670898,49.31999969482422,47.68999862670898,48.060001373291016,1194000
2025-02-04,51.02726364135742,51.54999923706055,52.540000915527344,50.290000915527344,52.369998931884766,1697300
2025-02-05,50.750099182128906,51.27000045776367,51.65999984741211,50.5099983215332,51.65999984741211,1011800
2025-02-06,49.94831466674805,50.459999084472656,51.540000915527344,50.34999847412109,51.5,854000
2025-02-07,49.59196472167969,50.09999847412109,50.84999847412109,49.94200134277344,50.58000183105469,1145100
2025-02-10,49.83943176269531,50.34999847412109,50.459999084472656,49.33000183105469,50.400001525878906,935800
2025-02-11,50.03740310668945,50.54999923706055,50.720001220703125,50.13999938964844,50.15999984741211,524400
2025-02-12,50.92827987670898,51.45000076293945,51.68999862670898,50.150001525878906,50.33000183105469,3343200
2025-02-13,51.64097595214844,52.16999816894531,52.27999877929688,51.19499969482422,51.43000030517578,799500
2025-02-14,51.85874176025391,52.38999938964844,52.5099983215332,51.79999923706055,52.29999923706055,946000
2025-02-18,52.215091705322266,52.75,52.91999816894531,51.790000915527344,52.540000915527344,1650100
2025-02-19,53.06637191772461,53.61000061035156,53.95000076293945,52.43000030517578,52.81999969482422,1943300
2025-02-20,52.82880401611328,53.369998931884766,53.595001220703125,52.650001525878906,53.459999084472656,1618200
2025-02-21,52.47245407104492,53.0099983215332,54.073001861572266,52.9900016784668,53.369998931884766,1092100
2025-02-24,53.680084228515625,54.22999954223633,54.52999877929688,53.150001525878906,53.20000076293945,1301500
2025-02-25,52.73971939086914,53.27999877929688,54.52999877929688,53.02000045776367,54.52999877929688,1441200
2025-02-26,52.76941680908203,53.310001373291016,54.58000183105469,53.220001220703125,53.380001068115234,807300
2025-02-27,52.36357498168945,52.900001525878906,53.97999954223633,52.810001373291016,53.31999969482422,1004100
2025-02-28,53.521705627441406,54.06999969482422,54.33000183105469,53.02999877929688,53.04999923706055,2593200
2025-03-03,52.907997131347656,53.45000076293945,55.0,53.23500061035156,54.02000045776367,1421600
2025-03-04,52.07651519775391,52.61000061035156,53.400001525878906,52.09999847412109,53.400001525878906,1252900
2025-03-05,52.30535507202149,52.56999969482422,52.72999954223633,51.9379997253418,52.310001373291016,834900
2025-03-06,51.24074172973633,51.5,52.560001373291016,51.040000915527344,52.400001525878906,1362900
2025-03-07,51.34023666381836,51.59999847412109,51.91999816894531,50.5099983215332,51.33000183105469,1157700
2025-03-10,49.748291015625,50.0,51.209999084472656,49.7599983215332,51.0099983215332,1108300
2025-03-11,48.74337768554688,48.9900016784668,50.23500061035156,48.959999084472656,49.900001525878906,1157500
2025-03-12,48.17624282836914,48.41999816894531,49.560001373291016,47.98799896240234,49.27000045776367,1141500
2025-03-13,46.882789611816406,47.119998931884766,48.52999877929688,47.02999877929688,48.119998931884766,692800
2025-03-14,48.22599792480469,48.470001220703125,48.540000915527344,47.310001373291016,47.43999862670898,1429700
2025-03-17,48.42498779296875,48.66999816894531,48.93000030517578,48.23500061035156,48.27999877929688,974600
2025-03-18,48.20609664916992,48.45000076293945,48.755001068115234,48.04999923706055,48.755001068115234,1164200
2025-03-19,48.83292770385742,49.08000183105469,49.130001068115234,48.290000915527344,48.400001525878906,857200
2025-03-20,49.15131378173828,49.400001525878906,49.66999816894531,48.75,48.75,765200
2025-03-21,49.44980239868164,49.70000076293945,50.09000015258789,49.20500183105469,49.27999877929688,3099600
2025-03-24,49.45975112915039,49.709999084472656,50.20000076293945,49.27000045776367,50.20000076293945,1172100
2025-03-25,50.60396194458008,50.86000061035156,51.02000045776367,49.685001373291016,49.86000061035156,1705200
2025-03-26,50.9024543762207,51.15999984741211,51.630001068115234,50.90999984741211,51.11000061035156,1128000
2025-03-27,50.47461700439453,50.72999954223633,51.209999084472656,50.6150016784668,50.869998931884766,704700
2025-03-28,50.26567459106445,50.52000045776367,51.18999862670898,50.18000030517578,50.72999954223633,849100
2025-03-31,52.44464874267578,52.709999084472656,52.88999938964844,50.36000061035156,50.52000045776367,5082000
2025-04-01,51.50938415527344,51.77000045776367,52.73500061035156,51.54999923706055,52.34999847412109,1258900
2025-04-02,52.73318862915039,53.0,53.09000015258789,51.77000045776367,51.790000915527344,1095800
2025-04-03,47.65886688232422,47.900001525878906,52.08000183105469,47.84999847412109,51.45000076293945,1775200
2025-04-04,45.499786376953125,45.72999954223633,48.06999969482422,45.560001373291016,46.86000061035156,1503700
2025-04-07,44.30582809448242,44.52999877929688,46.82500076293945,43.18000030517578,43.93999862670898,2409700
2025-04-08,43.589454650878906,43.810001373291016,46.43999862670898,43.34999847412109,46.130001068115234,1738000
2025-04-09,47.469818115234375,47.709999084472656,48.13999938964844,43.45000076293945,43.59000015258789,1547100
2025-04-10,45.77837753295898,46.0099983215332,47.5,44.834999084472656,47.040000915527344,1286100
2025-04-11,45.42019271850586,45.650001525878906,46.7599983215332,45.06999969482422,46.130001068115234,1254600
2025-04-14,45.8082275390625,46.040000915527344,47.04999923706055,45.880001068115234,46.22999954223633,846500
2025-04-15,46.10671615600586,46.34000015258789,46.845001220703125,45.959999084472656,46.130001068115234,803600
2025-04-16,44.4749755859375,44.70000076293945,46.20000076293945,44.290000915527344,46.0,645200
2025-04-17,44.34562683105469,44.56999969482422,45.18999862670898,44.51499938964844,45.18999862670898,663900
2025-04-21,43.7287483215332,43.95000076293945,44.82500076293945,43.32600021362305,44.16999816894531,1140300
2025-04-22,44.554569244384766,44.77999877929688,44.810001373291016,44.0,44.13999938964844,1835900
2025-04-23,44.82321166992188,45.04999923706055,46.52999877929688,44.83000183105469,45.619998931884766,1390200
2025-04-24,45.50973892211914,45.7400016784668,46.02999877929688,44.560001373291016,44.70000076293945,778800
2025-04-25,45.55948638916016,45.790000915527344,45.95000076293945,45.43999862670898,45.84000015258789,789400
2025-04-28,45.6888313293457,45.91999816894531,46.22999954223633,45.58000183105469,45.84000015258789,1065000
2025-04-29,45.79827880859375,46.02999877929688,46.11000061035156,45.20000076293945,45.56999969482422,784100
2025-04-30,46.00722122192383,46.2400016784668,46.31999969482422,44.625,45.790000915527344,1648800
2025-05-01,45.63908386230469,45.869998931884766,46.25,45.34999847412109,46.130001068115234,1361200
2025-05-02,45.93757247924805,46.16999816894531,47.040000915527344,46.09999847412109,46.27999877929688,1061800
2025-05-05,45.58933639526367,45.81999969482422,46.20000076293945,44.34999847412109,45.43000030517578,1588400
2025-05-06,45.738582611083984,45.970001220703125,46.025001525878906,45.15999984741211,45.15999984741211,873700
2025-05-07,47.08178329467773,47.31999969482422,47.41999816894531,46.2599983215332,46.31999969482422,1508200
2025-05-08,46.723594665527344,46.959999084472656,47.83000183105469,46.88999938964844,47.400001525878906,1364600
2025-05-09,46.484806060791016,46.720001220703125,47.43000030517578,46.560001373291016,47.43000030517578,986000
2025-05-12,48.47473907470703,48.720001220703125,49.84999847412109,48.375,48.93000030517578,1809200
2025-05-13,50.82285690307617,51.08000183105469,51.36000061035156,48.51499938964844,48.7400016784668,1673900
2025-05-14,50.28557586669922,50.540000915527344,51.16999816894531,50.20000076293945,50.91999816894531,1454100
2025-05-15,51.051700592041016,51.310001373291016,51.40999984741211,50.56999969482422,50.56999969482422,1436400
2025-05-16,51.5889778137207,51.84999847412109,51.86000061035156,51.02000045776367,51.310001373291016,1312100
2025-05-19,51.40988540649414,51.66999816894531,51.70000076293945,51.27000045776367,51.5099983215332,1061800
2025-05-20,51.89741897583008,52.15999984741211,52.459999084472656,51.619998931884766,51.75,750800
2025-05-21,50.59401321411133,50.84999847412109,51.85499954223633,50.650001525878906,51.709999084472656,1328600
2025-05-22,50.25572204589844,50.5099983215332,51.0,50.22999954223633,50.84999847412109,1372000
2025-05-23,50.17612838745117,50.43000030517578,50.52000045776367,49.821998596191406,49.93000030517578,893200
2025-05-27,50.89250564575195,51.150001525878906,51.20500183105469,50.45000076293945,50.970001220703125,930200
2025-05-28,51.24074172973633,51.5,51.95000076293945,51.01399993896485,51.04999923706055,824100
2025-05-29,49.91743469238281,50.16999816894531,51.63999938964844,49.61000061035156,51.56999969482422,1033100
2025-05-30,50.02688217163086,50.27999877929688,50.47499847412109,49.75,50.0,6652700
2025-06-02,50.32537460327149,50.58000183105469,50.97999954223633,49.7400016784668,49.869998931884766,1372900
2025-06-03,50.46466827392578,50.720001220703125,50.900001525878906,50.1349983215332,50.59999847412109,741900
2025-06-04,49.30055618286133,49.54999923706055,50.880001068115234,49.470001220703125,50.58000183105469,952200
2025-06-05,49.05181503295898,49.29999923706055,50.2400016784668,49.20000076293945,49.59999847412109,1244800
2025-06-06,49.53935241699219,49.790000915527344,49.810001373291016,49.25,49.7400016784668,668000
2025-06-09,49.310508728027344,49.560001373291016,51.290000915527344,49.459999084472656,49.790000915527344,1540000
2025-06-10,50.056732177734375,50.310001373291016,50.40999984741211,49.36899948120117,49.68999862670898,1234600
2025-06-11,49.8676872253418,50.119998931884766,50.380001068115234,49.90999984741211,50.380001068115234,1043000
2025-06-12,49.23091125488281,49.47999954223633,50.43999862670898,48.68999862670898,49.91999816894531,1373700
2025-06-13,49.05181503295898,49.29999923706055,49.69300079345703,48.95000076293945,49.290000915527344,959800
2025-06-16,50.52436447143555,50.77999877929688,50.810001373291016,49.525001525878906,49.70000076293945,1083100
2025-06-17,49.380157470703125,49.630001068115234,50.79999923706055,49.130001068115234,50.70000076293945,1185400
2025-06-18,49.96718597412109,50.220001220703125,50.630001068115234,49.52000045776367,49.630001068115234,1131800
2025-06-20,50.48456954956055,50.7400016784668,51.29999923706055,50.334999084472656,50.880001068115234,4696200
2025-06-23,51.1412467956543,51.400001525878906,51.435001373291016,50.18000030517578,50.970001220703125,925600
2025-06-24,51.051700592041016,51.310001373291016,51.75,51.125,51.66999816894531,1236700
2025-06-25,51.12134552001953,51.380001068115234,51.76499938964844,51.060001373291016,51.18999862670898,633700
2025-06-26,51.94716644287109,52.209999084472656,52.2599983215332,51.310001373291016,51.310001373291016,548500
2025-06-27,52.08646011352539,52.34999847412109,52.85900115966797,52.06999969482422,52.380001068115234,817000
2025-06-30,51.37008666992188,51.630001068115234,52.63999938964844,50.90999984741211,52.5,1389700
2025-07-01,51.33028793334961,51.59000015258789,52.18999862670898,51.40800094604492,51.52000045776367,988300
2025-07-02,50.5144157409668,50.77000045776367,51.709999084472656,50.54999923706055,51.540000915527344,950700
2025-07-03,51.50938415527344,51.77000045776367,53.58000183105469,50.81499862670898,50.970001220703125,1041500
2025-07-07,50.11642837524414,50.369998931884766,51.77000045776367,50.209999084472656,51.65999984741211,732000
2025-07-08,50.2756233215332,50.52999877929688,50.80500030517578,50.27999877929688,50.380001068115234,762600
2025-07-09,50.35522079467773,50.61000061035156,50.82500076293945,50.46500015258789,50.52999877929688,654000
2025-07-10,51.63872909545898,51.900001525878906,52.25,50.66999816894531,50.70000076293945,993200
2025-07-11,50.33532333374024,50.59000015258789,52.38999938964844,50.290000915527344,51.790000915527344,916900
2025-07-14,51.0616455078125,51.31999969482422,51.380001068115234,50.505001068115234,50.61000061035156,473100
2025-07-15,50.76315689086914,51.02000045776367,51.91299819946289,51.0,51.27999877929688,731200
2025-07-16,50.83280563354492,51.09000015258789,51.2599983215332,50.17300033569336,51.20000076293945,870600
2025-07-17,51.49943161010742,51.7599983215332,51.900001525878906,51.0,51.02000045776367,741100
2025-07-18,51.41983413696289,51.68000030517578,52.0099983215332,51.540000915527344,51.86000061035156,784500
2025-07-21,50.81290435791016,51.06999969482422,51.84000015258789,50.34000015258789,51.66999816894531,1079400
2025-07-22,51.11139297485352,51.369998931884766,51.93000030517578,50.93999862670898,51.16999816894531,657700
2025-07-23,51.64867782592773,51.90999984741211,52.130001068115234,51.31999969482422,51.5099983215332,929700
2025-07-24,51.42978286743164,51.68999862670898,52.16999816894531,51.459999084472656,51.880001068115234,1202000
2025-07-25,51.85762023925781,52.119998931884766,52.27999877929688,51.52000045776367,51.68999862670898,1655700
2025-07-28,51.65862655639648,51.91999816894531,52.5,51.70000076293945,52.0099983215332,1279100
2025-07-29,51.051700592041016,51.310001373291016,52.220001220703125,51.04999923706055,52.220001220703125,711200
2025-07-30,50.713409423828125,50.970001220703125,51.54499816894531,50.66999816894531,51.36000061035156,1175800
2025-07-31,50.88255310058594,51.13999938964844,51.369998931884766,50.8849983215332,50.970001220703125,808700
2025-08-01,50.47461700439453,50.72999954223633,50.9370002746582,50.06999969482422,50.900001525878906,1445800
2025-08-04,51.75812530517578,52.02000045776367,52.29999923706055,50.880001068115234,50.880001068115234,1764500
2025-08-05,49.81793975830078,50.06999969482422,52.64500045776367,49.63100051879883,52.220001220703125,3213500
2025-08-06,49.25080871582031,49.5,50.165000915527344,48.41999816894531,50.150001525878906,1739400
2025-08-07,48.813026428222656,49.060001373291016,49.880001068115234,48.8849983215332,49.75,830300
2025-08-08,48.94236755371094,49.18999862670898,49.4900016784668,49.0,49.15999984741211,606100
2025-08-11,49.380157470703125,49.630001068115234,49.7599983215332,49.11000061035156,49.41999816894531,687800
2025-08-12,50.89250564575195,51.150001525878906,51.15999984741211,49.84000015258789,49.84000015258789,730400
2025-08-13,53.50926208496094,53.77999877929688,53.77999877929688,51.2599983215332,51.2599983215332,840600
2025-08-14,54.30523681640625,54.58000183105469,54.650001525878906,53.04999923706055,53.17499923706055,897500
2025-08-15,53.1212272644043,53.38999938964844,54.93000030517578,53.2599983215332,54.7599983215332,923300
2025-08-18,52.48444747924805,52.75,53.5099983215332,52.52999877929688,53.5099983215332,906400
2025-08-19,52.95208358764648,53.220001220703125,53.75,52.72499847412109,52.900001525878906,610900
2025-08-20,53.73810577392578,54.0099983215332,54.18000030517578,53.04999923706055,53.36000061035156,930200
2025-08-21,53.708255767822266,53.97999954223633,54.15999984741211,53.59999847412109,54.0,756300
2025-08-22,54.15599060058594,54.43000030517578,55.14500045776367,54.20000076293945,54.290000915527344,907100
2025-08-25,54.364933013916016,54.63999938964844,54.77799987792969,54.040000915527344,54.40999984741211,758500
2025-08-26,53.678409576416016,53.95000076293945,54.79999923706055,53.68999862670898,54.66999816894531,1322100
2025-08-27,54.12614440917969,54.400001525878906,54.45000076293945,53.68000030517578,53.68000030517578,2095700
2025-08-28,54.02664566040039,54.29999923706055,54.4900016784668,53.95000076293945,54.4900016784668,1955300
2025-08-29,54.275386810302734,54.54999923706055,54.83000183105469,54.22499847412109,54.36000061035156,1003600
2025-09-02,55.34000015258789,55.619998931884766,55.70000076293945,54.0099983215332,54.0099983215332,1431000
2025-09-03,54.869998931884766,54.869998931884766,55.810001373291016,54.650001525878906,55.09999847412109,1655600
2025-09-04,55.31999969482422,55.31999969482422,55.400001525878906,54.63999938964844,55.15999984741211,1125900
2025-09-05,55.970001220703125,55.970001220703125,55.97499847412109,55.11000061035156,55.290000915527344,842200
2025-09-08,56.810001373291016,56.810001373291016,57.02000045776367,55.630001068115234,55.83000183105469,1795400
2025-09-09,53.02000045776367,53.02000045776367,54.2599983215332,52.45000076293945,54.15999984741211,8870800
2025-09-10,51.79999923706055,51.79999923706055,52.880001068115234,50.310001373291016,52.880001068115234,5026900
2025-09-11,52.84000015258789,52.84000015258789,53.2599983215332,51.619998931884766,51.86000061035156,4918200
2025-09-12,52.790000915527344,52.790000915527344,53.459999084472656,52.2400016784668,52.59999847412109,2462200
2025-09-15,53.08000183105469,53.08000183105469,53.27999877929688,52.27999877929688,52.68000030517578,2059500
2025-09-16,52.0099983215332,52.0099983215332,53.08000183105469,52.0,53.08000183105469,1837900
2025-09-17,53.56999969482422,53.56999969482422,53.84999847412109,52.0,52.02000045776367,2289300
2025-09-18,54.02000045776367,54.02000045776367,54.65999984741211,53.369998931884766,53.55500030517578,2335600
2025-09-19,54.54999923706055,54.54999923706055,54.94499969482422,53.84999847412109,53.93999862670898,4093500
2025-09-22,56.02000045776367,56.02000045776367,56.03499984741211,54.470001220703125,56.03499984741211,3016100
2025-09-23,55.43000030517578,55.43000030517578,56.40999984741211,55.38999938964844,55.95000076293945,1977600
2025-09-24,54.29999923706055,54.29999923706055,55.59000015258789,54.0,55.4900016784668,1985700
2025-09-25,54.459999084472656,54.459999084472656,55.02999877929688,54.14500045776367,54.310001373291016,1846400
2025-09-26,55.290000915527344,55.290000915527344,55.4900016784668,54.79999923706055,54.93999862670898,5187600
2025-09-29,57.0,57.0,57.02000045776367,55.02999877929688,55.34999847412109,2267700
2025-09-30,57.290000915527344,57.290000915527344,59.290000915527344,57.18000030517578,57.20000076293945,6316000
2025-10-01,55.95000076293945,55.95000076293945,56.68000030517578,55.59999847412109,56.619998931884766,2124200
2025-10-02,55.880001068115234,55.880001068115234,56.46500015258789,55.560001373291016,55.83000183105469,1634100
2025-10-03,55.75,55.75,56.40999984741211,55.68000030517578,55.7400016784668,1497100
2025-10-06,55.06999969482422,55.06999969482422,56.06499862670898,55.02000045776367,55.75,1241900
2025-10-07,55.06999969482422,55.06999969482422,55.70000076293945,54.6349983215332,55.02000045776367,1932000
2025-10-08,53.7599983215332,53.7599983215332,55.41999816894531,53.5,55.13999938964844,1452700
2025-10-09,52.65999984741211,52.65999984741211,53.970001220703125,52.60499954223633,53.970001220703125,832800
2025-10-10,51.400001525878906,51.400001525878906,53.11000061035156,51.25,53.11000061035156,955100
2025-10-13,51.95000076293945,51.95000076293945,52.060001373291016,51.02000045776367,51.70000076293945,644900
2025-10-14,52.11000061035156,52.11000061035156,52.21500015258789,51.27000045776367,51.56999969482422,959000
2025-10-15,51.59999847412109,51.59999847412109,52.59000015258789,51.5099983215332,52.310001373291016,961300
2025-10-16,51.27000045776367,51.27000045776367,51.970001220703125,50.720001220703125,51.755001068115234,703000
2025-10-17,51.88999938964844,51.88999938964844,52.0099983215332,51.369998931884766,51.43999862670898,856800
2025-10-20,52.11000061035156,52.11000061035156,52.25,51.54999923706055,52.209999084472656,812800
2025-10-21,52.470001220703125,52.470001220703125,52.84999847412109,52.08000183105469,52.290000915527344,696200
2025-10-22,52.4900016784668,52.4900016784668,53.45000076293945,52.2599983215332,52.470001220703125,921400
2025-10-23,52.83000183105469,52.83000183105469,53.16999816894531,52.68999862670898,52.790000915527344,757600
2025-10-24,52.900001525878906,52.900001525878906,53.880001068115234,52.845001220703125,53.0,1184800
2025-10-27,54.810001373291016,54.810001373291016,54.81999969482422,52.9900016784668,53.0,1098400
2025-10-28,54.52999877929688,54.52999877929688,55.48500061035156,54.470001220703125,55.400001525878906,768000
2025-10-29,54.34999847412109,54.34999847412109,54.77999877929688,53.709999084472656,54.2400016784668,862100
2025-10-30,58.83000183105469,58.83000183105469,59.9900016784668,56.0,56.244998931884766,2436600
2025-10-31,58.40999984741211,58.40999984741211,58.79999923706055,57.56999969482422,58.790000915527344,1541400
2025-11-03,57.31999969482422,57.31999969482422,58.65999984741211,56.5,58.130001068115234,2123100
2025-11-04,58.150001525878906,58.150001525878906,58.54999923706055,56.400001525878906,57.209999084472656,1095600
2025-11-05,58.36000061035156,58.36000061035156,59.0,57.75,58.150001525878906,1846000
2025-11-06,59.34000015258789,59.34000015258789,59.67599868774414,58.40999984741211,58.560001373291016,1301600
2025-11-07,59.47999954223633,59.47999954223633,59.97999954223633,58.86000061035156,59.31999969482422,2228600
2025-11-10,60.04999923706055,60.04999923706055,60.540000915527344,59.15999984741211,59.47999954223633,1448400
2025-11-11,59.9900016784668,59.9900016784668,60.72999954223633,59.59000015258789,60.27000045776367,1210200
2025-11-12,60.27000045776367,60.27000045776367,60.560001373291016,59.54999923706055,59.619998931884766,1542300
2025-11-13,58.95000076293945,58.95000076293945,60.22499847412109,58.77999877929688,60.15999984741211,1993700
2025-11-14,58.459999084472656,58.459999084472656,59.20000076293945,58.34000015258789,58.81999969482422,968500
2025-11-17,58.060001373291016,58.060001373291016,59.540000915527344,57.67499923706055,58.540000915527344,1552800
2025-11-18,58.52000045776367,58.52000045776367,59.40499877929688,57.56999969482422,57.88999938964844,1234300
2025-11-19,58.2599983215332,58.2599983215332,59.2400016784668,58.18999862670898,58.40999984741211,893700
2025-11-20,58.650001525878906,58.650001525878906,59.38999938964844,58.34999847412109,58.619998931884766,1013400
2025-11-21,59.13999938964844,59.13999938964844,59.84000015258789,58.72999954223633,58.72999954223633,1168500
2025-11-24,57.709999084472656,57.709999084472656,58.834999084472656,56.80500030517578,58.81999969482422,5025600
2025-11-25,57.970001220703125,57.970001220703125,58.48099899291992,57.79999923706055,57.79999923706055,2432300
2025-11-26,58.119998931884766,58.119998931884766,58.720001220703125,57.84999847412109,57.84999847412109,1612500
2025-11-28,58.2599983215332,58.2599983215332,58.7400016784668,57.97999954223633,58.540000915527344,955400
2025-12-01,59.34000015258789,59.34000015258789,59.72999954223633,57.709999084472656,57.709999084472656,1542600
2025-12-02,59.220001220703125,59.220001220703125,59.560001373291016,58.400001525878906,59.459999084472656,1146400
2025-12-03,59.33000183105469,59.33000183105469,60.25199890136719,59.12200164794922,59.34999847412109,920200
2025-12-04,60.18999862670898,60.18999862670898,60.2400016784668,59.244998931884766,59.369998931884766,1091300
2025-12-05,60.88999938964844,60.88999938964844,61.2599983215332,60.06900024414063,60.06999969482422,971300
2025-12-08,61.2599983215332,61.2599983215332,61.65999984741211,60.66999816894531,61.119998931884766,1257500
2025-12-09,62.20000076293945,62.20000076293945,62.29999923706055,61.02000045776367,61.2400016784668,1048100
2025-12-10,63.43000030517578,63.43000030517578,63.64099884033203,62.02000045776367,62.16999816894531,1241600
2025-12-11,63.43999862670898,63.43999862670898,64.22000122070312,63.334999084472656,63.54999923706055,1085500
2025-12-12,63.08000183105469,63.08000183105469,64.01200103759766,63.02000045776367,63.88999938964844,933900
2025-12-15,63.209999084472656,63.209999084472656,63.959999084472656,62.95000076293945,63.33000183105469,1312700
2025-12-16,62.56999969482422,62.56999969482422,63.6349983215332,62.5,63.369998931884766,1254400
2025-12-17,63.119998931884766,63.119998931884766,63.40999984741211,62.459999084472656,62.459999084472656,1423400
2025-12-18,63.40999984741211,63.40999984741211,63.959999084472656,63.0,63.2599983215332,1055500
2025-12-19,63.59999847412109,63.59999847412109,64.04000091552734,63.150001525878906,63.27000045776367,5721400
2025-12-22,64.55000305175781,64.55000305175781,65.37000274658203,63.95000076293945,63.959999084472656,2137300
2025-12-23,64.5,64.5,64.86000061035156,63.959999084472656,64.69999694824219,1327800
2025-12-24,64.94000244140625,64.94000244140625,64.9800033569336,64.42500305175781,64.5,719400
2025-12-26,65.41999816894531,65.41999816894531,65.66000366210938,64.75,64.75,691400
2025-12-29,65.12000274658203,65.12000274658203,65.7300033569336,65.08000183105469,65.0999984741211,917900
2025-12-30,65.38999938964844,65.38999938964844,65.73999786376953,64.81999969482422,64.91999816894531,864700
2025-12-31,64.93000030517578,64.93000030517578,65.70999908447266,64.86000061035156,65.38999938964844,753700
2026-01-02,65.95999908447266,65.95999908447266,66.03500366210938,64.41000366210938,64.94999694824219,959600
2026-01-05,67.76000213623047,67.76000213623047,68.13999938964844,65.75499725341797,65.8499984741211,1692300
2026-01-06,67.7300033569336,67.7300033569336,68.17500305175781,67.43000030517578,67.66000366210938,1072900
2026-01-07,67.06999969482422,67.06999969482422,68.00499725341797,66.2699966430664,67.68000030517578,1171000
2026-01-08,67.55000305175781,67.55000305175781,68.11499786376953,67.0999984741211,67.11000061035156,986300
2026-01-09,66.41999816894531,66.41999816894531,68.06999969482422,66.34500122070312,67.6500015258789,1333700
2026-01-12,66.75,66.75,66.81999969482422,65.7300033569336,65.98999786376953,1551800
2026-01-13,66.5199966430664,66.5199966430664,66.87000274658203,65.83999633789062,66.68000030517578,1470500
2026-01-14,66.20999908447266,66.20999908447266,67.04000091552734,65.81999969482422,66.44000244140625,1485200
2026-01-15,65.62000274658203,65.62000274658203,66.58000183105469,65.18000030517578,66.4800033569336,1122200
2026-01-16,65.41999816894531,65.41999816894531,66.1500015258789,65.2750015258789,65.55000305175781,1134800
2026-01-20,65.13999938964844,65.13999938964844,65.79000091552734,64.75,65.01000213623047,1366200
2026-01-21,65.47000122070312,65.47000122070312,65.66999816894531,64.63999938964844,65.08999633789062,1918100
2026-01-22,65.02999877929688,65.02999877929688,65.77999877929688,65.0,65.47000122070312,1181400
2026-01-23,65.52999877929688,65.52999877929688,65.56999969482422,64.76499938964844,64.80000305175781,870100
2026-01-26,65.33999633789062,65.33999633789062,65.98999786376953,65.26000213623047,65.52999877929688,1803900
2026-01-27,64.9000015258789,64.9000015258789,65.68000030517578,64.84500122070312,65.16000366210938,1281400
2026-01-28,64.29000091552734,64.29000091552734,65.44999694824219,64.08999633789062,64.8499984741211,1518100
2026-01-29,64.69999694824219,64.69999694824219,65.12999725341797,64.26000213623047,64.7300033569336,1390000
2026-01-30,65.56999969482422,65.56999969482422,65.6500015258789,64.42500305175781,64.69999694824219,1262600
2026-02-02,65.27999877929688,65.27999877929688,65.63999938964844,64.73999786376953,65.4800033569336,1115700
2026-02-03,63.18000030517578,63.18000030517578,65.59700012207031,63.025001525878906,64.97000122070312,1990900
2026-02-04,60.79999923706055,60.79999923706055,65.08000183105469,60.310001373291016,61.880001068115234,3159900
2026-02-05,59.150001525878906,59.150001525878906,60.27999877929688,58.36000061035156,60.27999877929688,2670200
2026-02-06,58.34999847412109,58.34999847412109,59.70500183105469,57.720001220703125,59.45000076293945,1776300
2026-02-09,56.75,56.75,59.27999877929688,56.61000061035156,58.29999923706055,1988400
2026-02-10,57.47999954223633,57.47999954223633,58.095001220703125,57.060001373291016,57.45000076293945,1771100
2026-02-11,55.45000076293945,55.45000076293945,57.75,55.435001373291016,57.630001068115234,2009600
2026-02-12,51.38999938964844,51.38999938964844,55.540000915527344,51.02999877929688,55.5099983215332,2548200
2026-02-13,51.560001373291016,51.560001373291016,52.619998931884766,51.06499862670898,52.619998931884766,2001300
2026-02-17,51.599998474121094,51.599998474121094,52.78499984741211,51.41999816894531,51.63999938964844,2336700
2026-02-18,52.2599983215332,52.2599983215332,52.45000076293945,50.75,51.130001068115234,2188000
2026-02-19,51.470001220703125,51.470001220703125,52.189998626708984,51.26499938964844,51.63999938964844,1779000
2026-02-20,52.25,52.25,52.349998474121094,51.095001220703125,51.494998931884766,1679300
