Date,Adj Close,Close,High,Low,Open,Volume
2021-02-10,146.32540893554688,163.1300048828125,164.02999877929688,161.88999938964844,162.63999938964844,1363100
2021-02-11,146.61241149902344,163.4499969482422,166.2100067138672,162.57000732421875,162.57000732421875,1612300
2021-02-12,147.8502960205078,164.8300018310547,165.38999938964844,162.75999450683594,163.07000732421875,1263200
2021-02-16,146.49581909179688,163.32000732421875,166.24000549316406,163.02999877929688,165.1199951171875,1361100
2021-02-17,147.54530334472656,164.49000549316406,165.08999633789062,161.57000732421875,162.97000122070312,770000
2021-02-18,146.41506958007812,163.22999572753906,164.4499969482422,162.4600067138672,164.02000427246094,672200
2021-02-19,147.80538940429688,164.77999877929688,165.24000549316406,163.82000732421875,164.27000427246094,773900
2021-02-22,149.2764434814453,166.4199981689453,167.14999389648438,163.8800048828125,164.4499969482422,1426500
2021-02-23,150.11068725585938,167.35000610351562,168.3000030517578,164.52000427246094,168.1199951171875,1367800
2021-02-24,150.7475128173828,168.05999755859375,168.92999267578125,166.39999389648438,167.4199981689453,1163700
2021-02-25,149.07913208007812,166.1999969482422,168.97000122070312,165.52999877929688,167.6699981689453,1133700
2021-02-26,146.63037109375,163.47000122070312,166.8300018310547,163.36000061035156,166.66000366210938,1730700
2021-03-01,149.85057067871094,167.05999755859375,168.55999755859375,164.8800048828125,165.0,1113200
2021-03-02,150.4066619873047,167.67999267578125,168.77000427246094,166.58999633789062,166.6999969482422,1155800
2021-03-03,150.64886474609375,167.9499969482422,169.60000610351562,167.50999450683594,168.1999969482422,951000
2021-03-04,148.69342041015625,165.77000427246094,168.5,163.1199951171875,168.1300048828125,1311000
2021-03-05,152.95411682128906,170.52000427246094,171.47999572753906,165.8000030517578,166.9499969482422,1187900
2021-03-08,154.90061950683594,172.69000244140625,175.27000427246094,170.64999389648438,171.7899932861328,1344700
2021-03-09,151.35748291015625,168.74000549316406,173.27000427246094,168.3800048828125,172.69000244140625,1846200
2021-03-10,154.65838623046875,172.4199981689453,172.82000732421875,168.61000061035156,169.57000732421875,1079900
2021-03-11,154.88262939453125,172.6699981689453,174.4499969482422,170.39999389648438,171.27999877929688,1127600
2021-03-12,158.1296844482422,176.2899932861328,176.61000061035156,174.10000610351562,174.10000610351562,1004300
2021-03-15,158.5064697265625,176.7100067138672,177.02000427246094,173.94000244140625,176.5,1034500
2021-03-16,157.25967407226562,175.32000732421875,176.27999877929688,173.80999755859375,176.16000366210938,1090000
2021-03-17,159.23300170898438,177.52000427246094,178.8000030517578,175.14999389648438,176.60000610351562,1197200
2021-03-18,160.77584838867188,179.24000549316406,180.3500061035156,177.52000427246094,177.52000427246094,1288800
2021-03-19,159.32269287109375,177.6199951171875,178.9199981689453,174.9499969482422,178.27000427246094,2759100
2021-03-22,158.3719024658203,176.55999755859375,177.52000427246094,173.52000427246094,177.52000427246094,1041600
2021-03-23,156.85601806640625,174.8699951171875,176.99000549316406,174.32000732421875,175.8800048828125,859100
2021-03-24,158.246337890625,176.4199981689453,179.41000366210938,176.30999755859375,176.30999755859375,920600
2021-03-25,161.51138305664062,180.05999755859375,180.259994506836,175.75,175.80999755859375,1015400
2021-03-26,162.83889770507812,181.5399932861328,181.83999633789065,179.00999450683594,180.0,1074200
2021-03-29,164.41763305664062,183.3000030517578,184.0399932861328,180.02000427246094,181.82000732421875,1711400
2021-03-30,163.34124755859375,182.1000061035156,184.3699951171875,181.8000030517578,183.33999633789065,793300
2021-03-31,162.85682678222656,181.5599975585937,182.3600006103516,180.6499938964844,181.32000732421875,1052700
2021-04-01,162.20204162597656,180.8300018310547,181.72999572753903,179.85000610351562,181.6300048828125,851000
2021-04-05,166.4716796875,185.58999633789065,185.6600036621093,182.0,182.1999969482422,1189200
2021-04-06,166.04115295410156,185.1100006103516,185.6999969482422,184.4100036621093,184.4100036621093,930500
2021-04-07,165.7541046142578,184.7899932861328,186.0,183.5,185.57000732421875,984900
2021-04-08,166.2145233154297,184.1100006103516,184.5800018310547,182.07000732421875,182.75,887400
2021-04-09,165.21243286132812,183.0,183.7899932861328,180.8800048828125,181.8300018310547,1258200
2021-04-12,166.96389770507812,184.94000244140625,185.1999969482422,182.9600067138672,183.4499969482422,1132700
2021-04-13,164.5624237060547,182.27999877929688,183.94000244140625,182.009994506836,183.19000244140625,1237200
2021-04-14,165.6457977294922,183.47999572753903,185.02999877929688,182.44000244140625,182.72999572753903,823900
2021-04-15,166.0520477294922,183.92999267578125,184.2899932861328,182.42999267578125,184.0,922900
2021-04-16,166.53955078125,184.47000122070312,185.2400054931641,183.2700042724609,185.22000122070312,1418300
2021-04-19,166.8284454345703,184.7899932861328,184.9100036621093,182.77999877929688,184.44000244140625,1156600
2021-04-20,166.17843627929688,184.07000732421875,185.8699951171875,183.3699951171875,184.72000122070312,1204900
2021-04-21,167.78543090820312,185.8500061035156,185.8699951171875,183.22999572753903,183.6300048828125,863900
2021-04-22,166.56661987304688,184.5,186.08999633789065,184.259994506836,185.44000244140625,827500
2021-04-23,168.3541717529297,186.47999572753903,186.97999572753903,184.38999938964844,184.92999267578125,795400
2021-04-26,167.18955993652344,185.19000244140625,188.4499969482422,185.0500030517578,187.509994506836,1168800
2021-04-27,167.821533203125,185.88999938964844,187.009994506836,184.19000244140625,185.0399932861328,1197100
2021-04-28,167.2527313232422,185.259994506836,189.0,185.0599975585937,188.8500061035156,1412100
2021-04-29,172.17303466796875,190.7100067138672,191.4600067138672,187.72999572753903,188.1199951171875,1363900
2021-04-30,171.73968505859375,190.22999572753903,191.1199951171875,188.77999877929688,190.07000732421875,1492300
2021-05-03,173.05776977539062,191.69000244140625,192.7400054931641,189.3800048828125,190.9900054931641,833400
2021-05-04,173.32861328125,191.9900054931641,192.7899932861328,191.5800018310547,191.6499938964844,1396000
2021-05-05,172.14593505859375,190.67999267578125,191.8999938964844,189.4499969482422,191.6199951171875,1412700
2021-05-06,173.95152282714844,192.67999267578125,192.75,190.6699981689453,191.72000122070312,1263200
2021-05-07,175.88356018066406,194.82000732421875,195.33999633789065,192.3500061035156,193.0,1367700
2021-05-10,175.68492126464844,194.6000061035156,197.509994506836,194.42999267578125,195.47999572753903,1004500
2021-05-11,172.92233276367188,191.5399932861328,194.32000732421875,189.75,193.8099975585937,1091700
2021-05-12,168.7152862548828,186.8800048828125,192.3999938964844,186.6999969482422,192.0,1730500
2021-05-13,172.69664001464844,191.2899932861328,192.0800018310547,186.8099975585937,187.75,1047700
2021-05-14,173.28341674804688,191.94000244140625,192.6999969482422,190.63999938964844,191.7100067138672,890800
2021-05-17,173.0216522216797,191.6499938964844,192.2700042724609,189.6100006103516,191.1000061035156,966800
2021-05-18,170.94520568847656,189.3500061035156,191.8099975585937,189.32000732421875,191.7400054931641,872500
2021-05-19,170.19590759277344,188.5200042724609,188.5800018310547,185.32000732421875,187.7700042724609,927100
2021-05-20,170.6833953857422,189.0599975585937,189.759994506836,188.1000061035156,188.83999633789065,800900
2021-05-21,171.4237060546875,189.8800048828125,191.52999877929688,188.44000244140625,189.72000122070312,1641500
2021-05-24,171.1709442138672,189.6000061035156,190.72999572753903,188.94000244140625,190.7100067138672,891200
2021-05-25,170.54800415039062,188.9100036621093,190.6999969482422,188.6999969482422,189.3600006103516,631600
2021-05-26,170.64730834960938,189.0200042724609,189.8600006103516,187.67999267578125,189.6699981689453,709300
2021-05-27,172.1369171142578,190.6699981689453,191.5599975585937,189.82000732421875,190.88999938964844,1157000
2021-05-28,171.45077514648438,189.9100036621093,191.6699981689453,189.6300048828125,191.009994506836,713900
2021-06-01,171.11672973632812,189.5399932861328,191.5,189.33999633789065,191.25,813200
2021-06-02,172.92233276367188,191.5399932861328,191.6199951171875,189.25,190.1999969482422,1143900
2021-06-03,172.26327514648438,190.8099975585937,192.009994506836,190.1000061035156,191.3999938964844,885100
2021-06-04,174.75503540039062,193.57000732421875,193.8500061035156,191.02999877929688,191.5,1126200
2021-06-07,173.12998962402344,191.7700042724609,194.2700042724609,190.63999938964844,193.92999267578125,1018800
2021-06-08,173.98765563964844,192.72000122070312,193.3800048828125,191.22000122070312,191.77999877929688,1004700
2021-06-09,173.2202606201172,191.8699951171875,193.3699951171875,191.25,192.63999938964844,870600
2021-06-10,172.8681640625,191.47999572753903,193.52999877929688,191.2100067138672,192.9900054931641,790100
2021-06-11,172.877197265625,191.4900054931641,192.2700042724609,190.7100067138672,192.2700042724609,1385400
2021-06-14,172.29042053222656,190.83999633789065,191.4100036621093,189.44000244140625,191.0,1165800
2021-06-15,173.74388122558594,192.4499969482422,193.0200042724609,191.2899932861328,191.3800048828125,935900
2021-06-16,171.60427856445312,190.0800018310547,192.4600067138672,190.0,192.3099975585937,750800
2021-06-17,169.43753051757812,187.67999267578125,191.1199951171875,186.3600006103516,190.6600036621093,915600
2021-06-18,167.1534423828125,185.1499938964844,186.72000122070312,184.52999877929688,185.25,2567800
2021-06-21,172.23619079589844,190.77999877929688,190.88999938964844,186.7400054931641,186.7899932861328,1237300
2021-06-22,171.15286254882812,189.5800018310547,190.72999572753903,189.0800018310547,190.3099975585937,968100
2021-06-23,168.65208435058594,186.8099975585937,189.9900054931641,186.77999877929688,189.9900054931641,1018000
2021-06-24,169.8257293701172,188.1100006103516,188.3000030517578,186.2400054931641,188.0399932861328,810400
2021-06-25,171.36050415039062,189.8099975585937,190.07000732421875,187.8000030517578,187.8000030517578,849200
2021-06-28,170.51187133789062,188.8699951171875,190.19000244140625,188.25,190.0599975585937,1159400
2021-06-29,168.5528106689453,186.6999969482422,190.6000061035156,186.4900054931641,189.7899932861328,1064100
2021-06-30,169.9611358642578,188.259994506836,188.58999633789065,186.509994506836,186.5500030517578,1102200
2021-07-01,170.8515167236328,188.0500030517578,189.08999633789065,187.27999877929688,187.82000732421875,894500
2021-07-02,171.2967071533203,188.5399932861328,189.5599975585937,187.3699951171875,188.25,619700
2021-07-06,169.81581115722656,186.9100036621093,188.0399932861328,184.3000030517578,187.8099975585937,838400
2021-07-07,172.43240356445312,189.7899932861328,190.2700042724609,185.88999938964844,185.88999938964844,1168500
2021-07-08,170.82432556152344,188.0200042724609,189.4100036621093,186.7899932861328,187.8300018310547,962200
2021-07-09,172.82308959960938,190.22000122070312,191.2400054931641,188.58999633789065,190.13999938964844,1077200
2021-07-12,172.0144500732422,189.3300018310547,190.52999877929688,188.3699951171875,189.509994506836,779000
2021-07-13,171.47848510742188,188.7400054931641,190.2899932861328,188.6600036621093,189.3699951171875,840400
2021-07-14,172.13259887695312,189.4600067138672,190.1199951171875,188.3000030517578,188.97000122070312,708200
2021-07-15,172.03265380859375,189.3500061035156,189.83999633789065,187.5800018310547,188.0,920300
2021-07-16,171.9690399169922,189.27999877929688,190.6300048828125,188.5500030517578,190.27999877929688,1057300
2021-07-19,167.25369262695312,184.08999633789065,187.63999938964844,182.6600036621093,187.1699981689453,1158200
2021-07-20,172.63226318359375,190.009994506836,190.6300048828125,185.0599975585937,185.1499938964844,1029600
2021-07-21,174.1041259765625,191.6300048828125,192.4100036621093,190.6000061035156,191.0,699000
2021-07-22,173.1410675048828,190.57000732421875,191.1999969482422,189.8000030517578,191.1999969482422,524800
2021-07-23,174.31309509277344,191.8600006103516,192.17999267578125,190.63999938964844,191.6699981689453,455500
2021-07-26,174.3675994873047,191.9199981689453,192.6000061035156,191.25,191.25,710200
2021-07-27,176.30279541015625,194.0500030517578,195.58999633789065,190.8099975585937,191.6100006103516,1258900
2021-07-28,177.6292724609375,195.509994506836,199.9499969482422,194.02999877929688,198.3999938964844,1267600
2021-07-29,180.0187530517578,198.13999938964844,198.9100036621093,195.4499969482422,197.3099975585937,1147800
2021-07-30,178.10169982910156,196.02999877929688,197.82000732421875,194.94000244140625,197.8000030517578,907500
2021-08-02,177.92001342773438,195.8300018310547,198.8099975585937,195.5800018310547,196.8000030517578,1038400
2021-08-03,179.27374267578125,197.32000732421875,197.4100036621093,193.3600006103516,196.509994506836,738600
2021-08-04,177.9563446044922,195.8699951171875,197.25,194.88999938964844,195.8000030517578,610300
2021-08-05,178.7013702392578,196.69000244140625,197.8099975585937,195.5200042724609,195.5200042724609,585600
2021-08-06,180.8727569580078,199.0800018310547,199.4499969482422,197.4499969482422,198.13999938964844,876500
2021-08-09,179.20106506347656,197.2400054931641,198.58999633789065,196.8000030517578,198.3999938964844,697900
2021-08-10,180.8182373046875,199.0200042724609,199.13999938964844,196.6999969482422,196.9900054931641,596800
2021-08-11,182.3355407714844,200.69000244140625,200.7400054931641,198.57000732421875,199.42999267578125,739400
2021-08-12,180.9545135498047,199.1699981689453,201.1499938964844,198.3600006103516,200.77999877929688,526100
2021-08-13,180.2276611328125,198.3699951171875,199.6100006103516,198.0,199.47000122070312,655100
2021-08-16,182.1265563964844,200.4600067138672,200.5399932861328,196.3300018310547,198.19000244140625,629100
2021-08-17,181.09083557128903,199.32000732421875,200.4600067138672,197.88999938964844,199.47999572753903,764800
2021-08-18,178.80130004882812,196.8000030517578,199.42999267578125,196.5500030517578,198.88999938964844,1004800
2021-08-19,177.611083984375,195.4900054931641,197.33999633789065,194.08999633789065,195.509994506836,738000
2021-08-20,179.2555694580078,197.3000030517578,197.8999938964844,195.2400054931641,195.6300048828125,1242300
2021-08-23,179.900634765625,198.009994506836,199.1000061035156,197.1199951171875,198.0800018310547,556700
2021-08-24,180.7273712158203,198.9199981689453,199.6000061035156,198.1199951171875,198.6699981689453,416900
2021-08-25,181.07264709472656,199.3000030517578,200.07000732421875,198.22000122070312,199.57000732421875,396100
2021-08-26,180.8637084960937,199.07000732421875,199.38999938964844,198.1199951171875,198.8800048828125,483700
2021-08-27,181.4542236328125,199.72000122070312,200.5200042724609,199.1100006103516,199.8699951171875,622000
2021-08-30,180.97271728515625,199.19000244140625,200.009994506836,198.52999877929688,199.92999267578125,396000
2021-08-31,181.990234375,200.3099975585937,200.7700042724609,199.22999572753903,199.3000030517578,786500
2021-09-01,181.51785278320312,199.7899932861328,201.0,198.52999877929688,201.0,784600
2021-09-02,183.7982788085937,202.3000030517578,202.3999938964844,200.3099975585937,200.3099975585937,948000
2021-09-03,183.94366455078125,202.4600067138672,202.8999938964844,201.19000244140625,202.0,881300
2021-09-07,183.8800506591797,202.38999938964844,203.25,200.75,201.6699981689453,1396900
2021-09-08,185.7062225341797,204.3999938964844,205.0,201.57000732421875,202.17999267578125,1085700
2021-09-09,185.1701812744141,203.8099975585937,206.4600067138672,203.7700042724609,205.0,1237400
2021-09-10,183.16229248046875,201.6000061035156,205.13999938964844,201.5599975585937,204.9499969482422,1045000
2021-09-13,181.18167114257807,199.4199981689453,202.8800048828125,197.44000244140625,202.33999633789065,1484900
2021-09-14,178.67410278320312,196.6600036621093,200.42999267578125,195.92999267578125,200.42999267578125,1007700
2021-09-15,180.32763671875,198.47999572753903,199.4600067138672,196.0800018310547,196.6100006103516,930900
2021-09-16,177.056884765625,194.8800048828125,199.5,194.8300018310547,198.9100036621093,819600
2021-09-17,177.27491760253906,195.1199951171875,195.7899932861328,193.57000732421875,194.1199951171875,2722100
2021-09-20,175.739501953125,193.42999267578125,194.57000732421875,191.0599975585937,194.0,940400
2021-09-21,173.70437622070312,191.19000244140625,194.77999877929688,190.69000244140625,193.92999267578125,726000
2021-09-22,176.03024291992188,193.75,194.9499969482422,192.3300018310547,192.77999877929688,698200
2021-09-23,178.75584411621094,196.75,197.8800048828125,195.0,195.6000061035156,639000
2021-09-24,179.3645782470703,197.4199981689453,198.1199951171875,196.6199951171875,196.6499938964844,468900
2021-09-27,179.6735076904297,197.759994506836,200.2100067138672,197.42999267578125,198.1600036621093,645900
2021-09-28,179.07383728027344,197.1000061035156,198.6999969482422,195.33999633789065,197.7899932861328,887700
2021-09-29,180.2458953857422,198.38999938964844,199.5200042724609,197.08999633789065,198.08999633789065,672000
2021-09-30,178.10169982910156,196.02999877929688,199.4900054931641,196.009994506836,198.9600067138672,1059500
2021-10-01,180.0914306640625,198.22000122070312,199.3000030517578,194.0599975585937,197.2700042724609,876700
2021-10-04,179.44635009765625,197.509994506836,199.7400054931641,195.7899932861328,197.6600036621093,853100
2021-10-05,180.0369415283203,198.1600036621093,199.6600036621093,196.6199951171875,198.22999572753903,959000
2021-10-06,181.12713623046875,199.3600006103516,199.4100036621093,195.0,197.1199951171875,727100
2021-10-07,184.38101196289065,201.72999572753903,202.19000244140625,199.75,199.88999938964844,664200
2021-10-08,184.7374725341797,202.1199951171875,202.83999633789065,200.8600006103516,201.94000244140625,723100
2021-10-11,185.4320831298828,202.8800048828125,205.83999633789065,201.88999938964844,202.5,701700
2021-10-12,186.04446411132807,203.5500030517578,205.4499969482422,202.6999969482422,202.8800048828125,796300
2021-10-13,185.8982391357422,203.38999938964844,204.0599975585937,200.92999267578125,203.3800048828125,674100
2021-10-14,187.49774169921875,205.13999938964844,205.6699981689453,203.3999938964844,204.72000122070312,737100
2021-10-15,190.16661071777344,208.0599975585937,208.92999267578125,205.75,205.75,1076700
2021-10-18,188.88699340820312,206.6600036621093,208.2700042724609,205.7400054931641,206.9199981689453,591300
2021-10-19,190.678451538086,208.6199951171875,209.02999877929688,206.0500030517578,207.0800018310547,746000
2021-10-20,190.5139312744141,208.44000244140625,209.6300048828125,207.97000122070312,208.6199951171875,939500
2021-10-21,190.1483154296875,208.0399932861328,208.1999969482422,205.1600036621093,207.9600067138672,831300
2021-10-22,191.5010681152344,209.5200042724609,210.2100067138672,207.47000122070312,208.7100067138672,767800
2021-10-25,190.02951049804688,207.9100036621093,209.6300048828125,207.8000030517578,209.0599975585937,672500
2021-10-26,186.97677612304688,204.57000732421875,205.52999877929688,198.63999938964844,199.2100067138672,1855400
2021-10-27,188.09182739257807,205.7899932861328,208.7100067138672,201.2700042724609,204.9900054931641,1138800
2021-10-28,185.18533325195312,202.6100006103516,207.4900054931641,201.08999633789065,207.25,1119700
2021-10-29,185.3132781982422,202.75,204.0500030517578,201.3500061035156,202.6000061035156,1485500
2021-11-01,184.5272216796875,201.88999938964844,203.83999633789065,199.7700042724609,202.8099975585937,767700
2021-11-02,184.39927673339844,201.75,203.4600067138672,200.97000122070312,202.509994506836,847800
2021-11-03,183.9057159423828,201.2100067138672,201.25,197.6100006103516,200.9499969482422,1338300
2021-11-04,181.11802673339844,198.1600036621093,201.17999267578125,197.6100006103516,200.72999572753903,1138400
2021-11-05,183.71376037597656,201.0,201.3600006103516,199.009994506836,200.25,1306700
2021-11-08,185.21275329589844,202.63999938964844,203.1699981689453,200.0800018310547,201.9100036621093,1085900
2021-11-09,185.4320831298828,202.8800048828125,203.6300048828125,201.22999572753903,202.82000732421875,666900
2021-11-10,184.015380859375,201.3300018310547,203.75,201.1000061035156,203.0800018310547,625200
2021-11-11,181.96804809570312,199.08999633789065,201.4499969482422,198.8099975585937,200.7700042724609,904600
2021-11-12,183.6863555908203,200.97000122070312,201.4499969482422,198.5200042724609,199.08999633789065,944100
2021-11-15,183.7777709960937,201.07000732421875,202.0399932861328,200.1499938964844,202.0399932861328,679900
2021-11-16,181.6481475830078,198.7400054931641,201.69000244140625,198.69000244140625,200.9100036621093,860100
2021-11-17,182.3062286376953,199.4600067138672,200.1000061035156,198.6699981689453,198.6699981689453,617600
2021-11-18,180.97178649902344,198.0,199.7400054931641,196.82000732421875,199.7400054931641,750000
2021-11-19,179.42710876464844,196.3099975585937,198.3800048828125,196.0500030517578,197.8000030517578,792100
2021-11-22,182.2148284912109,199.3600006103516,200.57000732421875,196.6199951171875,197.2100067138672,689500
2021-11-23,183.06483459472656,200.2899932861328,201.72999572753903,199.4900054931641,199.8999938964844,604400
2021-11-24,181.6481475830078,198.7400054931641,200.63999938964844,198.0599975585937,200.07000732421875,524200
2021-11-26,176.7399444580078,193.3699951171875,194.5500030517578,190.8000030517578,194.1999969482422,847300
2021-11-29,177.71795654296875,194.44000244140625,195.8000030517578,193.1300048828125,195.0,878600
2021-11-30,172.7183837890625,188.97000122070312,193.72000122070312,188.63999938964844,192.4900054931641,2083900
2021-12-01,173.15713500976562,189.4499969482422,194.509994506836,189.42999267578125,192.0,1320400
2021-12-02,177.75450134277344,194.47999572753903,196.77999877929688,190.32000732421875,191.44000244140625,1246500
2021-12-03,180.6335906982422,197.6300048828125,198.0599975585937,194.5599975585937,194.7100067138672,1424200
2021-12-06,182.4067230224609,199.57000732421875,201.8999938964844,198.69000244140625,200.07000732421875,820500
2021-12-07,182.17825317382807,199.32000732421875,201.19000244140625,198.97000122070312,200.0,880200
2021-12-08,183.6041259765625,200.8800048828125,202.75,199.8500061035156,199.8500061035156,781100
2021-12-09,184.5637969970703,201.92999267578125,202.13999938964844,198.67999267578125,200.0,938000
2021-12-10,187.30577087402344,204.92999267578125,205.8500061035156,201.5,203.1699981689453,1038000
2021-12-13,185.9896545410156,203.4900054931641,205.0200042724609,202.009994506836,202.8800048828125,1017200
2021-12-14,185.9713592529297,203.47000122070312,206.5599975585937,202.3000030517578,204.7100067138672,1160300
2021-12-15,188.50314331054688,206.2400054931641,206.3500061035156,203.3500061035156,203.9900054931641,781200
2021-12-16,188.4482879638672,206.17999267578125,209.0800018310547,205.9199981689453,206.6600036621093,1030100
2021-12-17,184.81056213378903,202.1999969482422,206.3500061035156,202.19000244140625,206.0500030517578,2703100
2021-12-20,181.59329223632807,198.67999267578125,201.3999938964844,197.02999877929688,201.0,969100
2021-12-21,185.80682373046875,203.2899932861328,204.259994506836,199.6000061035156,199.8999938964844,1251800
2021-12-22,186.23643493652344,203.759994506836,204.88999938964844,203.2700042724609,203.42999267578125,608500
2021-12-23,187.0864715576172,204.69000244140625,205.8500061035156,203.77999877929688,204.83999633789065,665800
2021-12-27,189.31658935546875,207.1300048828125,207.2100067138672,204.5399932861328,205.07000732421875,849200
2021-12-28,189.8101501464844,207.6699981689453,208.8699951171875,206.5,206.5,899400
2021-12-29,190.0112152099609,207.88999938964844,208.5599975585937,206.1300048828125,207.7700042724609,715700
2021-12-30,189.6913299560547,207.5399932861328,209.3500061035156,207.17999267578125,207.6999969482422,718600
2021-12-31,190.54136657714844,208.47000122070312,209.47000122070312,206.3300018310547,207.32000732421875,868400
2022-01-03,189.6182098388672,207.4600067138672,209.5500030517578,206.13999938964844,209.0,721500
2022-01-04,193.8134613037109,212.0500030517578,212.4600067138672,208.2100067138672,209.07000732421875,1129400
2022-01-05,192.2231292724609,210.3099975585937,214.42999267578125,210.02999877929688,212.7700042724609,876500
2022-01-06,193.53013610839844,211.7400054931641,214.0399932861328,210.1300048828125,212.52999877929688,864100
2022-01-07,193.84999084472656,212.08999633789065,213.8699951171875,211.6699981689453,212.57000732421875,1408500
2022-01-10,192.497314453125,210.6100006103516,214.6999969482422,209.5,212.6000061035156,1235300
2022-01-11,193.3839111328125,211.5800018310547,211.759994506836,209.42999267578125,210.6100006103516,1021700
2022-01-12,193.70376586914065,211.92999267578125,212.6999969482422,210.6300048828125,212.0,968700
2022-01-13,194.28286743164065,211.3699951171875,213.1199951171875,210.3999938964844,211.4100036621093,766500
2022-01-14,195.87301635742188,213.1000061035156,213.6199951171875,209.5200042724609,210.4600067138672,1111000
2022-01-18,194.08984375,211.1600036621093,212.5,208.97000122070312,212.1300048828125,1104800
2022-01-19,193.35450744628903,210.3600006103516,213.44000244140625,210.3600006103516,211.1300048828125,826800
2022-01-20,192.0860595703125,208.97999572753903,212.9600067138672,208.47999572753903,210.47000122070312,933100
2022-01-21,189.8433074951172,206.5399932861328,210.8999938964844,206.32000732421875,209.259994506836,1237200
2022-01-24,190.3396759033203,207.0800018310547,207.5599975585937,200.6499938964844,204.44000244140625,1464200
2022-01-25,189.3101959228516,205.9600067138672,206.83999633789065,200.94000244140625,205.0,1765900
2022-01-26,188.35427856445312,204.9199981689453,210.1499938964844,200.7899932861328,204.1699981689453,1988400
2022-01-27,191.92059326171875,208.8000030517578,211.6300048828125,205.0800018310547,205.0800018310547,2402800
2022-01-28,195.6156616210937,212.82000732421875,213.0,206.2400054931641,209.83999633789065,1500400
2022-01-31,194.95382690429688,212.1000061035156,212.6199951171875,208.3800048828125,210.4600067138672,1566400
2022-02-01,195.6615753173828,212.8699951171875,213.6100006103516,209.75,212.19000244140625,1371700
2022-02-02,196.7737731933593,214.0800018310547,214.4499969482422,210.6000061035156,212.3000030517578,1888600
2022-02-03,195.01817321777344,212.1699981689453,213.25,207.83999633789065,207.83999633789065,1380700
2022-02-04,195.12844848632807,212.2899932861328,216.2100067138672,210.77999877929688,213.509994506836,1462300
2022-02-07,194.9722137451172,212.1199951171875,213.92999267578125,211.58999633789065,213.27999877929688,1045400
2022-02-08,197.12307739257807,214.4600067138672,215.07000732421875,211.8800048828125,213.3600006103516,1064500
2022-02-09,198.0238494873047,215.44000244140625,216.1699981689453,214.5,215.72000122070312,1037700
2022-02-10,194.42076110839844,211.5200042724609,215.7899932861328,210.3099975585937,213.75,1102200
2022-02-11,196.47964477539065,213.759994506836,214.94000244140625,210.8600006103516,211.63999938964844,1206200
2022-02-14,194.0990295410156,211.1699981689453,214.63999938964844,210.02999877929688,213.75,1227500
2022-02-15,195.56971740722656,212.7700042724609,214.1699981689453,211.0,211.97999572753903,690100
2022-02-16,197.0770874023437,214.4100036621093,215.32000732421875,212.5200042724609,212.67999267578125,814100
2022-02-17,197.0679168701172,214.3999938964844,215.5500030517578,212.2400054931641,213.72999572753903,1014300
2022-02-18,198.3731231689453,215.82000732421875,218.6000061035156,213.8300018310547,213.8300018310547,1609000
2022-02-22,199.2922515869141,216.82000732421875,220.1000061035156,215.1300048828125,220.0,2170000
2022-02-23,198.7867126464844,216.2700042724609,218.8800048828125,215.8099975585937,218.0599975585937,1744300
2022-02-24,200.863998413086,218.52999877929688,218.94000244140625,211.4100036621093,216.7899932861328,2062700
2022-02-25,209.5500946044922,227.97999572753903,228.1999969482422,218.5599975585937,218.5599975585937,1979400
2022-02-28,215.4970550537109,234.4499969482422,234.9900054931641,229.13999938964844,229.58999633789065,3284600
2022-03-01,214.4584045410156,233.32000732421875,237.02999877929688,232.1000061035156,235.0,2082500
2022-03-02,216.6919708251953,235.75,236.63999938964844,229.1600036621093,235.0,2780300
2022-03-03,218.87957763671875,238.1300048828125,239.759994506836,236.1699981689453,236.77999877929688,1875300
2022-03-04,225.46075439453125,245.2899932861328,245.5599975585937,235.0599975585937,236.1000061035156,3300500
2022-03-07,227.29910278320312,247.2899932861328,254.9900054931641,245.47999572753903,245.509994506836,4791800
2022-03-08,216.28756713867188,235.3099975585937,247.8600006103516,235.25,247.3800048828125,2769800
2022-03-09,217.66629028320312,236.8099975585937,238.4199981689453,231.6199951171875,234.97999572753903,2425400
2022-03-10,216.4806060791016,235.5200042724609,238.8099975585937,234.33999633789065,235.9900054931641,1576800
2022-03-11,213.68630981445312,232.47999572753903,238.9499969482422,232.3800048828125,235.8000030517578,1804900
2022-03-14,214.9271850585937,233.8300018310547,235.6000061035156,230.47000122070312,234.3500061035156,1379600
2022-03-15,218.41079711914065,237.6199951171875,238.4100036621093,233.4199981689453,235.4499969482422,1145800
2022-03-16,209.2835388183593,227.69000244140625,236.3699951171875,224.3800048828125,234.44000244140625,2457600
2022-03-17,211.87554931640625,230.509994506836,232.4199981689453,227.75,230.44000244140625,1712500
2022-03-18,211.6182098388672,230.22999572753903,231.1199951171875,228.58999633789065,230.6300048828125,2605200
2022-03-21,216.9861297607422,236.07000732421875,238.4900054931641,230.9900054931641,231.0,1566400
2022-03-22,218.6038055419922,237.8300018310547,237.8800048828125,234.1000061035156,236.1499938964844,1157800
2022-03-23,220.3134765625,239.69000244140625,241.6600036621093,238.22999572753903,238.6999969482422,1370400
2022-03-24,221.51759338378903,241.0,243.3600006103516,239.13999938964844,240.0,1179400
2022-03-25,224.60592651367188,244.3600006103516,244.44000244140625,240.3600006103516,240.8300018310547,1127200
2022-03-28,221.41647338867188,240.88999938964844,243.0599975585937,239.47999572753903,242.5200042724609,1247100
2022-03-29,221.60031127929688,241.08999633789065,241.19000244140625,234.1300048828125,237.3300018310547,1643500
2022-03-30,224.5691680908203,244.32000732421875,245.6300048828125,242.0,242.0,1377800
2022-03-31,221.6830139160156,241.17999267578125,245.57000732421875,241.1499938964844,242.13999938964844,1316100
2022-04-01,222.905502319336,242.509994506836,243.2400054931641,239.2100067138672,241.1699981689453,1004800
2022-04-04,219.89064025878903,239.22999572753903,242.509994506836,236.9600067138672,242.4900054931641,1158500
2022-04-05,219.81710815429688,239.1499938964844,242.67999267578125,238.6100006103516,238.6100006103516,1207300
2022-04-06,221.29698181152344,240.759994506836,242.0500030517578,238.75,239.02999877929688,1399800
2022-04-07,225.0946044921875,243.6100006103516,244.72999572753903,237.83999633789065,239.3999938964844,1266200
2022-04-08,223.64390563964844,242.0399932861328,246.1300048828125,241.6000061035156,244.9199981689453,1081400
2022-04-11,225.0391387939453,243.5500030517578,246.9100036621093,241.75,244.3099975585937,1390400
2022-04-12,225.2886505126953,243.82000732421875,246.0200042724609,242.1000061035156,243.3099975585937,754600
2022-04-13,225.18698120117188,243.7100067138672,246.6499938964844,242.5399932861328,244.9600067138672,751500
2022-04-14,225.21473693847656,243.7400054931641,245.97000122070312,243.0,244.8000030517578,957500
2022-04-18,225.3255920410156,243.8600006103516,248.72999572753903,243.3000030517578,243.4199981689453,1022400
2022-04-19,227.8480987548828,246.58999633789065,247.13999938964844,243.0800018310547,244.08999633789065,1182700
2022-04-20,228.86447143554688,247.69000244140625,249.69000244140625,246.0800018310547,247.3000030517578,862400
2022-04-21,223.6623992919922,242.0599975585937,248.25,241.7700042724609,248.0,1265000
2022-04-22,220.64093017578125,238.7899932861328,242.42999267578125,238.5500030517578,241.1600036621093,1076400
2022-04-25,221.0012969970703,239.17999267578125,239.7700042724609,234.8500061035156,239.0200042724609,1525100
2022-04-26,218.9222869873047,236.92999267578125,241.6199951171875,236.92999267578125,238.6300048828125,1297000
2022-04-27,221.740478515625,239.97999572753903,247.0,237.1100006103516,237.6600036621093,2282000
2022-04-28,222.86773681640625,241.1999969482422,243.27999877929688,239.3500061035156,242.42999267578125,1443600
2022-04-29,218.5526733398437,236.52999877929688,242.0,235.9900054931641,241.0,1839600
2022-05-02,215.5219573974609,233.25,238.5599975585937,230.42999267578125,236.52999877929688,1776700
2022-05-03,215.64210510253903,233.3800048828125,236.6999969482422,232.38999938964844,234.58999633789065,1829800
2022-05-04,224.4570159912109,242.9199981689453,243.3600006103516,232.1100006103516,233.9900054931641,1914600
2022-05-05,221.0567169189453,239.2400054931641,244.1499938964844,238.0,242.4600067138672,2174300
2022-05-06,221.3893585205078,239.6000061035156,240.9199981689453,236.0,238.3999938964844,1329700
2022-05-09,211.93690490722656,229.3699951171875,238.2899932861328,228.47000122070312,237.97999572753903,1915600
2022-05-10,211.87225341796875,229.3000030517578,233.83999633789065,226.7700042724609,230.0,1748800
2022-05-11,209.6916046142578,226.94000244140625,232.47999572753903,226.08999633789065,229.33999633789065,1830800
2022-05-12,206.5038146972656,223.4900054931641,227.9900054931641,219.42999267578125,226.0200042724609,2121700
2022-05-13,209.1094512939453,226.3099975585937,227.3000030517578,222.8600006103516,225.0399932861328,1557800
2022-05-16,210.48622131347656,227.8000030517578,228.3500061035156,225.259994506836,226.7100067138672,1237300
2022-05-17,214.01589965820312,231.6199951171875,232.4100036621093,226.8300018310547,229.25,1084700
2022-05-18,208.8045196533203,225.97999572753903,232.25,225.4499969482422,230.5200042724609,1929200
2022-05-19,201.227767944336,217.77999877929688,224.38999938964844,216.6600036621093,223.8999938964844,2108500
2022-05-20,197.27305603027344,213.5,218.5800018310547,210.19000244140625,218.3800048828125,1985800
2022-05-23,200.2298583984375,216.6999969482422,217.77999877929688,214.8000030517578,215.19000244140625,1812500
2022-05-24,203.1127471923828,219.82000732421875,220.9900054931641,215.759994506836,216.19000244140625,1480500
2022-05-25,203.32525634765625,220.0500030517578,221.1100006103516,217.6000061035156,219.77999877929688,1498700
2022-05-26,204.44325256347656,221.259994506836,224.0500030517578,220.72000122070312,221.72999572753903,1477300
2022-05-27,209.2943115234375,226.509994506836,226.63999938964844,222.1300048828125,222.6499938964844,1403900
2022-05-31,207.8158569335937,224.9100036621093,226.259994506836,223.3999938964844,224.2400054931641,1637300
2022-06-01,209.02626037597656,226.22000122070312,228.0,224.22000122070312,227.08999633789065,1204000
2022-06-02,212.0015411376953,229.44000244140625,230.7400054931641,223.83999633789065,228.6699981689453,1101700
2022-06-03,212.6390991210937,230.1300048828125,231.83999633789065,228.38999938964844,228.38999938964844,1410400
2022-06-06,212.42657470703125,229.8999938964844,232.4100036621093,229.47999572753903,231.3300018310547,956900
2022-06-07,217.67491149902344,235.5800018310547,235.82000732421875,228.1499938964844,228.8699951171875,1341400
2022-06-08,213.775634765625,231.3600006103516,234.3300018310547,230.7700042724609,233.5,1024600
2022-06-09,209.6453399658203,226.88999938964844,231.6000061035156,226.7700042724609,230.72999572753903,823200
2022-06-10,207.5571136474609,224.6300048828125,227.1100006103516,222.8999938964844,224.4499969482422,1351900
2022-06-13,200.9967498779297,217.52999877929688,221.6499938964844,216.6600036621093,220.9100036621093,1288500
2022-06-14,199.4906463623047,215.8999938964844,218.8699951171875,214.3600006103516,218.3600006103516,1182400
2022-06-15,201.35714721679688,217.9199981689453,220.7100067138672,215.32000732421875,217.1999969482422,1276500
2022-06-16,195.78543090820312,211.88999938964844,215.67999267578125,211.3000030517578,214.7100067138672,1338600
2022-06-17,193.8357849121093,209.77999877929688,213.38999938964844,208.1199951171875,212.2100067138672,3063800
2022-06-21,200.0912475585937,216.5500030517578,218.47000122070312,211.5599975585937,211.5599975585937,1233400
2022-06-22,199.59230041503903,216.009994506836,218.9100036621093,212.8699951171875,213.3600006103516,1129400
2022-06-23,200.1374664306641,216.6000061035156,217.8500061035156,213.9499969482422,216.25,1181200
2022-06-24,205.4319763183593,222.3300018310547,222.72999572753903,216.9100036621093,217.42999267578125,1675600
2022-06-27,206.51304626464844,223.5,226.25,222.0800018310547,223.07000732421875,1277100
2022-06-28,203.7318420410156,220.4900054931641,228.0,220.0500030517578,224.77999877929688,1616900
2022-06-29,202.6137542724609,219.27999877929688,221.9900054931641,218.9600067138672,221.6699981689453,1235600
2022-06-30,205.61550903320312,221.25,222.38999938964844,215.6499938964844,216.83999633789065,1343300
2022-07-01,208.0411071777344,223.8600006103516,224.47999572753903,219.7400054931641,221.2400054931641,705800
2022-07-05,199.3703765869141,214.52999877929688,221.0399932861328,209.83999633789065,220.2100067138672,1613100
2022-07-06,204.0449676513672,219.5599975585937,220.7100067138672,214.07000732421875,214.07000732421875,1095400
2022-07-07,204.99285888671875,220.5800018310547,221.94000244140625,219.3000030517578,220.5599975585937,951100
2022-07-08,205.4854278564453,221.1100006103516,222.1499938964844,218.6100006103516,221.27999877929688,1118600
2022-07-11,204.22154235839844,219.75,221.8600006103516,218.8000030517578,219.67999267578125,652200
2022-07-12,201.322006225586,216.6300048828125,221.0,216.13999938964844,219.9199981689453,744600
2022-07-13,198.3109741210937,213.38999938964844,216.32000732421875,213.2400054931641,213.6300048828125,850100
2022-07-14,195.5787048339844,210.4499969482422,210.9100036621093,207.4199981689453,209.94000244140625,1044400
2022-07-15,197.7347717285156,212.7700042724609,213.1100006103516,210.009994506836,213.1100006103516,857600
2022-07-18,194.9653167724609,209.7899932861328,215.0,208.77999877929688,213.97000122070312,1040100
2022-07-19,199.50982666015625,214.67999267578125,215.3000030517578,209.0,209.6999969482422,906000
2022-07-20,201.4056396484375,216.72000122070312,217.7400054931641,212.67999267578125,214.47999572753903,1030300
2022-07-21,201.5636138916016,216.88999938964844,217.009994506836,214.57000732421875,215.8800048828125,611400
2022-07-22,201.4428253173828,216.759994506836,220.1699981689453,216.0800018310547,217.759994506836,834200
2022-07-25,203.3386688232422,218.8000030517578,220.2899932861328,216.9499969482422,216.9499969482422,745100
2022-07-26,202.25135803222656,217.6300048828125,219.63999938964844,217.1199951171875,219.3600006103516,1038100
2022-07-27,204.31448364257807,219.8500061035156,222.25,214.8000030517578,219.4499969482422,1156000
2022-07-28,207.9853515625,223.8000030517578,223.8600006103516,217.3999938964844,219.0200042724609,1032300
2022-07-29,210.65252685546875,226.6699981689453,227.4499969482422,223.38999938964844,223.5200042724609,1230100
2022-08-01,210.1971435546875,226.17999267578125,228.1199951171875,224.58999633789065,226.5500030517578,1086300
2022-08-02,210.99636840820312,227.0399932861328,229.67999267578125,224.0200042724609,227.27999877929688,1007300
2022-08-03,214.3698883056641,230.6699981689453,231.75,223.8800048828125,227.1699981689453,1226500
2022-08-04,212.966552734375,229.1600036621093,232.83999633789065,228.8500061035156,231.32000732421875,895100
2022-08-05,212.59483337402344,228.759994506836,229.4499969482422,225.8699951171875,228.9900054931641,699600
2022-08-08,209.834701538086,225.7899932861328,230.42999267578125,224.72000122070312,230.3600006103516,961600
2022-08-09,211.535400390625,227.6199951171875,228.19000244140625,226.1199951171875,226.97000122070312,878400
2022-08-10,214.17469787597656,230.4600067138672,230.88999938964844,228.5500030517578,229.009994506836,877000
2022-08-11,215.4385986328125,231.82000732421875,231.9900054931641,229.8000030517578,230.8099975585937,1447800
2022-08-12,221.1354217529297,237.9499969482422,238.1000061035156,232.0,232.0,1409200
2022-08-15,224.2022247314453,241.25,242.19000244140625,235.67999267578125,236.6999969482422,1469400
2022-08-16,224.41598510742188,241.47999572753903,242.4900054931641,240.7100067138672,241.25,807700
2022-08-17,225.54049682617188,242.69000244140625,243.4499969482422,239.1499938964844,239.63999938964844,860900
2022-08-18,226.46983337402344,243.69000244140625,244.0800018310547,242.2400054931641,243.6600036621093,1026100
2022-08-19,224.5925750732422,241.6699981689453,243.2400054931641,241.1300048828125,243.0599975585937,724800
2022-08-22,217.919921875,234.4900054931641,239.9100036621093,234.2899932861328,239.3099975585937,841500
2022-08-23,217.4645538330078,234.0,235.5,233.0599975585937,234.2899932861328,864700
2022-08-24,217.919921875,234.4900054931641,235.2700042724609,232.8500061035156,234.8600006103516,783800
2022-08-25,221.1912078857422,238.009994506836,238.1499938964844,234.3999938964844,235.0,551000
2022-08-26,216.1542053222656,232.58999633789065,239.1000061035156,232.3600006103516,239.1000061035156,665400
2022-08-29,217.18572998046875,233.6999969482422,234.9600067138672,230.0200042724609,230.97999572753903,680300
2022-08-30,214.7880706787109,231.1199951171875,234.47000122070312,230.4600067138672,233.9600067138672,659100
2022-08-31,212.7528076171875,228.92999267578125,232.67999267578125,228.72000122070312,231.22999572753903,1037800
2022-09-01,209.44439697265625,225.3699951171875,228.88999938964844,223.509994506836,228.8000030517578,1782300
2022-09-02,208.989013671875,224.8800048828125,229.6199951171875,224.3099975585937,227.3000030517578,930900
2022-09-06,208.68231201171875,224.5500030517578,227.5,223.6600036621093,225.13999938964844,926400
2022-09-07,211.64694213867188,227.7400054931641,227.8699951171875,222.4900054931641,223.5399932861328,660800
2022-09-08,211.6004638671875,227.69000244140625,228.1000061035156,225.5599975585937,226.6699981689453,720800
2022-09-09,215.24343872070312,231.6100006103516,232.3600006103516,227.6699981689453,228.6600036621093,994600
2022-09-12,218.8027801513672,235.44000244140625,237.4100036621093,230.92999267578125,232.1600036621093,1559700
2022-09-13,211.8699493408203,227.97999572753903,233.63999938964844,227.0599975585937,232.0800018310547,1367700
2022-09-14,214.42564392089844,230.72999572753903,232.4100036621093,227.52999877929688,228.58999633789065,1057500
2022-09-15,212.3160095214844,228.4600067138672,230.6300048828125,227.3699951171875,230.3699951171875,983800
2022-09-16,211.3774261474609,227.4499969482422,229.3000030517578,225.3500061035156,226.509994506836,3317900
2022-09-19,212.84576416015625,229.02999877929688,229.25,225.8000030517578,225.8000030517578,830800
2022-09-20,212.9201202392578,229.1100006103516,229.92999267578125,225.22000122070312,228.1499938964844,934100
2022-09-21,212.07440185546875,228.1999969482422,236.0599975585937,228.1999969482422,232.9199981689453,983100
2022-09-22,211.97218322753903,228.08999633789065,230.52999877929688,226.38999938964844,228.7899932861328,844600
2022-09-23,206.2195739746093,221.8999938964844,226.0399932861328,219.0200042724609,225.82000732421875,920300
2022-09-26,204.8534240722656,220.42999267578125,224.0500030517578,219.22999572753903,221.32000732421875,797400
2022-09-27,203.21783447265625,218.6699981689453,222.97999572753903,217.5599975585937,222.42999267578125,741700
2022-09-28,204.8720550537109,220.4499969482422,221.9100036621093,215.82000732421875,218.259994506836,952800
2022-09-29,199.2774353027344,214.42999267578125,220.19000244140625,212.6100006103516,219.8999938964844,987300
2022-09-30,197.1771697998047,212.1699981689453,215.509994506836,212.02999877929688,213.22999572753903,1208800
2022-10-03,204.94639587402344,220.52999877929688,221.3300018310547,214.3000030517578,214.88999938964844,1139900
2022-10-04,210.6246337890625,226.63999938964844,226.92999267578125,222.0500030517578,222.0500030517578,801300
2022-10-05,210.6618194580078,226.67999267578125,228.8600006103516,224.4199981689453,225.4900054931641,984900
2022-10-06,208.78341674804688,223.4100036621093,226.1000061035156,223.19000244140625,224.97999572753903,929800
2022-10-07,209.0357360839844,223.67999267578125,224.1100006103516,220.83999633789065,222.63999938964844,1226900
2022-10-10,210.65245056152344,225.4100036621093,228.72000122070312,223.0200042724609,226.1999969482422,759800
2022-10-11,212.8299560546875,227.7400054931641,230.5399932861328,226.0399932861328,226.5800018310547,1138300
2022-10-12,208.6992950439453,223.32000732421875,227.0,223.3000030517578,226.22999572753903,833300
2022-10-13,214.12890625,229.1300048828125,229.9499969482422,219.75,220.44000244140625,792300
2022-10-14,206.69004821777344,221.1699981689453,230.0,220.94000244140625,230.0,1039600
2022-10-17,213.8578948974609,228.83999633789065,229.83999633789065,224.33999633789065,224.33999633789065,1082900
2022-10-18,221.93223571777344,237.47999572753903,238.52999877929688,231.82000732421875,232.5,1204500
2022-10-19,223.6985015869141,239.3699951171875,241.509994506836,236.259994506836,237.82000732421875,1158900
2022-10-20,221.8948974609375,237.44000244140625,241.0200042724609,235.8699951171875,240.0,1184100
2022-10-21,226.7170562744141,242.6000061035156,243.6300048828125,236.3300018310547,236.8500061035156,1365900
2022-10-24,227.8478240966797,243.8099975585937,246.4100036621093,243.259994506836,244.67999267578125,955200
2022-10-25,229.66082763671875,245.75,246.4900054931641,242.0500030517578,243.1199951171875,1283000
2022-10-26,229.6140594482422,245.6999969482422,248.8000030517578,242.8099975585937,247.5,1389200
2022-10-27,231.7635040283203,248.0,249.259994506836,246.0599975585937,247.3300018310547,1140300
2022-10-28,234.3054351806641,250.72000122070312,252.2100067138672,245.3999938964844,247.3000030517578,1526900
2022-10-31,233.44566345214844,249.8000030517578,250.8600006103516,247.3999938964844,248.8300018310547,1480900
2022-11-01,233.5484619140625,249.9100036621093,251.47000122070312,249.1999969482422,250.5500030517578,1005300
2022-11-02,230.2402191162109,246.3699951171875,251.1499938964844,245.9600067138672,249.0,1419800
2022-11-03,232.64198303222656,248.94000244140625,251.8600006103516,243.009994506836,243.3500061035156,1307900
2022-11-04,233.03445434570312,249.3600006103516,252.67999267578125,245.0,250.19000244140625,1385000
2022-11-07,235.109130859375,251.5800018310547,251.8300018310547,248.17999267578125,249.8699951171875,846900
2022-11-08,236.00624084472656,252.5399932861328,253.6100006103516,250.4100036621093,251.83999633789065,883400
2022-11-09,233.1839904785156,249.5200042724609,252.92999267578125,249.4499969482422,252.33999633789065,599000
2022-11-10,236.8847503662109,253.47999572753903,254.3999938964844,249.6199951171875,253.97999572753903,1150600
2022-11-11,227.2123413085937,243.1300048828125,251.759994506836,242.75,251.67999267578125,1395200
2022-11-14,226.92263793945312,242.82000732421875,246.97000122070312,242.7899932861328,243.8500061035156,1461200
2022-11-15,230.02528381347656,246.13999938964844,247.3000030517578,242.3099975585937,244.3600006103516,1223200
2022-11-16,228.8384246826172,244.8699951171875,247.2400054931641,244.2100067138672,246.13999938964844,709000
2022-11-17,230.38038635253903,246.5200042724609,246.8099975585937,242.5200042724609,243.0,668200
2022-11-18,231.9691162109375,248.22000122070312,250.3500061035156,247.3699951171875,247.8800048828125,1020100
2022-11-21,234.17459106445312,250.5800018310547,252.08999633789065,247.44000244140625,247.44000244140625,802400
2022-11-22,235.0530700683593,251.5200042724609,253.1999969482422,251.009994506836,252.57000732421875,730000
2022-11-23,235.7726287841797,252.2899932861328,253.22000122070312,251.08999633789065,251.19000244140625,941200
2022-11-25,237.1557464599609,253.7700042724609,253.97999572753903,252.4499969482422,253.47999572753903,368400
2022-11-28,234.0904998779297,250.4900054931641,253.5399932861328,249.8500061035156,252.2899932861328,656400
2022-11-29,234.772689819336,251.22000122070312,251.75,249.9199981689453,250.72000122070312,598300
2022-11-30,235.8661193847656,252.38999938964844,252.5599975585937,247.42999267578125,250.19000244140625,1907200
2022-12-01,235.7539520263672,252.2700042724609,253.5599975585937,250.3699951171875,253.19000244140625,833900
2022-12-02,238.99676513671875,255.7400054931641,256.8599853515625,250.5800018310547,250.63999938964844,1059000
2022-12-05,234.4829864501953,250.9100036621093,254.1100006103516,250.5399932861328,252.6199951171875,966900
2022-12-06,232.0251617431641,248.27999877929688,251.47000122070312,246.509994506836,251.2700042724609,847600
2022-12-07,230.0906982421875,246.2100067138672,249.02999877929688,245.13999938964844,247.9900054931641,898600
2022-12-08,231.46446228027344,247.67999267578125,249.1000061035156,246.5500030517578,248.4100036621093,768900
2022-12-09,230.8663330078125,247.0399932861328,249.38999938964844,246.5,247.2700042724609,748200
2022-12-12,233.2774200439453,249.6199951171875,249.6600036621093,246.3699951171875,247.8600006103516,765300
2022-12-13,232.4457244873047,248.72999572753903,253.94000244140625,247.5,253.0,993400
2022-12-14,232.7167205810547,249.0200042724609,251.8300018310547,247.75,249.0,768900
2022-12-15,229.0907440185547,245.13999938964844,248.8600006103516,241.9199981689453,247.8800048828125,914800
2022-12-16,230.02528381347656,246.13999938964844,247.27999877929688,242.67999267578125,244.3800048828125,2123200
2022-12-19,228.30577087402344,244.3000030517578,249.8800048828125,243.63999938964844,246.0,1134900
2022-12-20,230.473861694336,246.6199951171875,249.33999633789065,244.0,244.3600006103516,848500
2022-12-21,233.60455322265625,249.97000122070312,250.47999572753903,246.92999267578125,248.13999938964844,701000
2022-12-22,230.44580078125,246.58999633789065,250.0,242.5399932861328,248.5,612600
2022-12-23,231.6700592041016,247.8999938964844,248.58999633789065,246.07000732421875,246.58999633789065,581600
2022-12-27,232.4550628662109,248.7400054931641,249.7899932861328,247.83999633789065,249.2400054931641,590800
2022-12-28,230.80093383789065,246.97000122070312,250.0,246.9199981689453,249.2400054931641,384600
2022-12-29,232.91297912597656,249.22999572753903,250.3000030517578,246.77999877929688,247.52999877929688,458000
2022-12-30,231.86631774902344,248.1100006103516,249.67999267578125,244.69000244140625,248.6600036621093,725300
2023-01-03,232.3242034912109,248.6000061035156,249.4100036621093,246.32000732421875,247.8500061035156,777900
2023-01-04,229.16552734375,245.22000122070312,248.759994506836,242.9600067138672,247.4900054931641,1076700
2023-01-05,228.60479736328125,244.6199951171875,246.47000122070312,243.7899932861328,244.5500030517578,945800
2023-01-06,231.99713134765625,248.25,251.94000244140625,245.0,247.32000732421875,1074800
2023-01-09,229.1561584472656,245.2100067138672,249.6199951171875,244.5500030517578,248.5500030517578,1571500
2023-01-10,231.3336334228516,247.5399932861328,248.9199981689453,245.72000122070312,246.2400054931641,1274200
2023-01-11,232.4083251953125,248.69000244140625,249.0,244.75,248.6300048828125,856300
2023-01-12,231.483154296875,247.6999969482422,250.259994506836,247.19000244140625,248.83999633789065,685500
2023-01-13,224.5582733154297,240.2899932861328,245.3300018310547,238.88999938964844,243.97999572753903,1459600
2023-01-17,225.3526306152344,241.13999938964844,242.82000732421875,239.8999938964844,240.8500061035156,1339000
2023-01-18,221.4836578369141,237.0,242.0,236.759994506836,241.1999969482422,1697900
2023-01-19,217.54705810546875,231.5500030517578,236.97999572753903,231.47999572753903,235.82000732421875,1200400
2023-01-20,218.7120819091797,232.7899932861328,232.7899932861328,228.259994506836,232.1100006103516,1499900
2023-01-23,218.3926239013672,232.4499969482422,234.17999267578125,231.5599975585937,232.7899932861328,1264500
2023-01-24,221.211181640625,235.4499969482422,235.72000122070312,230.4900054931641,233.3099975585937,1443500
2023-01-25,213.1595153808593,226.8800048828125,229.1300048828125,220.3300018310547,224.8600006103516,2727600
2023-01-26,214.31509399414065,228.1100006103516,229.94000244140625,223.4100036621093,227.0,1429800
2023-01-27,213.7325897216797,227.4900054931641,229.1300048828125,226.0200042724609,227.3600006103516,1324300
2023-01-30,214.27752685546875,228.07000732421875,230.1000061035156,226.3699951171875,228.6499938964844,1138000
2023-01-31,218.9657287597656,233.0599975585937,233.1999969482422,227.83999633789065,228.9600067138672,1303100
2023-02-01,216.5135803222656,230.4499969482422,232.8300018310547,228.5500030517578,231.1999969482422,1137700
2023-02-02,217.4155120849609,231.4100036621093,232.5599975585937,227.5599975585937,228.3099975585937,1541100
2023-02-03,217.53765869140625,231.5399932861328,234.8699951171875,230.9499969482422,233.72999572753903,1650100
2023-02-06,218.2987060546875,232.3500061035156,235.6499938964844,231.1999969482422,232.25,1099100
2023-02-07,217.93228149414065,231.9600067138672,232.0800018310547,228.4600067138672,231.7700042724609,1186100
2023-02-08,215.26402282714844,229.1199951171875,231.6199951171875,228.8300018310547,230.33999633789065,1138700
2023-02-09,214.83181762695312,228.6600036621093,230.5800018310547,227.57000732421875,230.38999938964844,1095300
2023-02-10,219.1160583496093,233.22000122070312,233.2700042724609,229.0800018310547,229.7100067138672,851700
2023-02-13,218.796615600586,232.8800048828125,235.6600036621093,231.6999969482422,235.0,784700
2023-02-14,218.03565979003903,232.07000732421875,233.17999267578125,231.0,232.8699951171875,730600
2023-02-15,218.4114227294922,232.47000122070312,232.47999572753903,230.6999969482422,231.08999633789065,631100
2023-02-16,217.3121795654297,231.3000030517578,233.1600036621093,230.19000244140625,230.6300048828125,881200
2023-02-17,221.03268432617188,235.259994506836,236.0599975585937,231.25,231.82000732421875,1504100
2023-02-21,219.3979339599609,233.5200042724609,237.759994506836,232.58999633789065,236.6199951171875,1063900
2023-02-22,219.5200653076172,233.6499938964844,234.77999877929688,232.3600006103516,233.3800048828125,704100
2023-02-23,217.37794494628903,231.3699951171875,234.8300018310547,230.27999877929688,233.8500061035156,788200
2023-02-24,217.92286682128903,231.9499969482422,232.009994506836,229.82000732421875,230.5399932861328,667100
2023-02-27,216.6732940673828,230.6199951171875,232.97999572753903,229.5500030517578,232.2400054931641,985600
2023-02-28,214.127182006836,227.9100036621093,231.0800018310547,227.8000030517578,230.5800018310547,1049300
2023-03-01,213.9205017089844,227.69000244140625,228.5,226.5500030517578,227.1999969482422,899100
2023-03-02,216.32569885253903,230.25,230.75,227.1999969482422,227.1999969482422,1095600
2023-03-03,217.06787109375,231.0399932861328,231.3699951171875,229.5500030517578,231.0,1576800
2023-03-06,218.53355407714844,232.6000061035156,233.3999938964844,230.5399932861328,231.0,1136500
2023-03-07,216.0814208984375,229.9900054931641,233.77999877929688,229.97999572753903,232.77999877929688,1032500
2023-03-08,213.32858276367188,227.0599975585937,230.52999877929688,224.6199951171875,229.8300018310547,1441900
2023-03-09,209.39198303222656,222.8699951171875,229.1600036621093,222.4100036621093,228.2100067138672,1653200
2023-03-10,207.56930541992188,220.92999267578125,224.1100006103516,220.6499938964844,222.2700042724609,1544300
2023-03-13,205.5586853027344,218.7899932861328,220.509994506836,216.92999267578125,218.0,1580800
2023-03-14,206.5358123779297,219.8300018310547,221.82000732421875,217.92999267578125,221.2700042724609,1070600
2023-03-15,203.64210510253903,216.75,217.8500061035156,212.7700042724609,217.0500030517578,1419700
2023-03-16,206.74253845214844,220.0500030517578,227.7899932861328,215.4600067138672,215.77999877929688,2632600
2023-03-17,204.9574279785156,218.1499938964844,219.9900054931641,216.6000061035156,219.1499938964844,2413800
2023-03-20,206.6109619140625,219.9100036621093,221.2100067138672,219.0,219.1499938964844,983000
2023-03-21,208.92222595214844,222.3699951171875,222.9900054931641,221.47000122070312,222.009994506836,892900
2023-03-22,205.9721069335937,219.22999572753903,223.22999572753903,219.22999572753903,222.6199951171875,1043900
2023-03-23,206.7989196777344,220.1100006103516,221.7700042724609,219.1000061035156,219.9600067138672,1472700
2023-03-24,209.98388671875,223.5,223.75,219.6600036621093,220.1000061035156,1370600
2023-03-27,211.42135620117188,225.02999877929688,225.67999267578125,223.67999267578125,225.009994506836,865100
2023-03-28,211.86294555664065,225.5,226.47000122070312,224.82000732421875,225.0200042724609,662900
2023-03-29,213.0843048095703,226.8000030517578,226.8000030517578,225.3999938964844,226.1100006103516,722800
2023-03-30,212.79307556152344,226.4900054931641,227.7100067138672,225.4600067138672,227.27999877929688,935800
2023-03-31,214.40907287597656,228.2100067138672,228.3000030517578,226.63999938964844,227.5500030517578,1323500
2023-04-03,218.30807495117188,232.3600006103516,233.3500061035156,228.2100067138672,228.7100067138672,1027800
2023-04-04,215.4519195556641,229.32000732421875,232.5200042724609,228.4199981689453,231.8999938964844,1437500
2023-04-05,215.13247680664065,228.97999572753903,230.75,228.07000732421875,229.0500030517578,1332200
2023-04-06,213.9392852783203,227.7100067138672,231.0800018310547,226.5200042724609,229.3600006103516,1511400
2023-04-10,215.1982421875,229.0500030517578,230.4199981689453,226.6600036621093,226.8999938964844,911100
2023-04-11,214.4654235839844,228.2700042724609,230.1600036621093,228.0200042724609,229.6499938964844,1145900
2023-04-12,215.37677001953125,229.2400054931641,231.07000732421875,228.4199981689453,228.4199981689453,944800
2023-04-13,216.17999267578125,228.7700042724609,229.47000122070312,226.0,227.7700042724609,901900
2023-04-14,215.159423828125,227.69000244140625,228.5,226.22999572753903,227.69000244140625,1130400
2023-04-17,216.8320159912109,229.4600067138672,229.47999572753903,226.82000732421875,227.1100006103516,1631100
2023-04-18,217.30450439453125,229.9600067138672,232.02999877929688,229.1000061035156,229.8000030517578,972000
2023-04-19,216.2083282470703,228.8000030517578,230.6300048828125,228.5500030517578,230.1000061035156,557000
2023-04-20,214.9987945556641,227.5200042724609,228.72999572753903,226.5,228.72999572753903,651700
2023-04-21,212.6363525390625,225.0200042724609,228.33999633789065,224.6499938964844,228.33999633789065,913300
2023-04-24,212.1449584960937,224.5,225.72000122070312,223.6999969482422,225.0500030517578,791500
2023-04-25,210.4818572998047,222.7400054931641,224.08999633789065,221.8999938964844,223.8800048828125,994000
2023-04-26,203.00714111328125,214.8300018310547,216.72000122070312,210.1100006103516,216.509994506836,2765700
2023-04-27,203.81983947753903,215.69000244140625,216.97000122070312,214.02999877929688,215.1699981689453,1643800
2023-04-28,206.323974609375,218.33999633789065,218.6000061035156,214.9199981689453,215.2100067138672,2210500
2023-05-01,206.12554931640625,218.1300048828125,220.4199981689453,218.0,218.0500030517578,1845200
2023-05-02,201.28732299804688,213.009994506836,217.5500030517578,211.88999938964844,217.5500030517578,2609200
2023-05-03,198.452377319336,210.009994506836,213.7700042724609,209.7100067138672,213.25,1230200
2023-05-04,197.35626220703125,208.8500061035156,209.83999633789065,205.3999938964844,209.5200042724609,1402000
2023-05-05,200.25729370117188,211.9199981689453,212.509994506836,209.009994506836,209.22999572753903,1050400
2023-05-08,199.11387634277344,210.7100067138672,213.0399932861328,210.0,212.9100036621093,719300
2023-05-09,199.5769195556641,211.1999969482422,211.7899932861328,209.4499969482422,211.1300048828125,1047100
2023-05-10,199.88873291015625,211.52999877929688,212.5500030517578,208.94000244140625,212.0,1263100
2023-05-11,196.60028076171875,208.0500030517578,210.6000061035156,206.5599975585937,210.1000061035156,1491100
2023-05-12,198.40516662597656,209.9600067138672,210.3300018310547,208.1100006103516,208.8500061035156,1137800
2023-05-15,198.64138793945312,210.2100067138672,211.509994506836,209.3699951171875,210.2100067138672,787200
2023-05-16,196.1655731201172,207.58999633789065,210.3600006103516,207.5599975585937,210.1100006103516,942500
2023-05-17,199.6903381347656,211.32000732421875,211.4900054931641,208.6100006103516,208.8500061035156,1068500
2023-05-18,199.3217620849609,210.92999267578125,211.6999969482422,208.8699951171875,210.9199981689453,774200
2023-05-19,199.0571746826172,210.6499938964844,211.9600067138672,209.1000061035156,211.7400054931641,1035200
2023-05-22,200.82427978515625,212.5200042724609,213.92999267578125,208.7700042724609,210.4900054931641,1239300
2023-05-23,195.5608062744141,206.9499969482422,212.0399932861328,206.47000122070312,212.0399932861328,1798200
2023-05-24,195.1639404296875,206.52999877929688,208.4600067138672,205.83999633789065,206.8000030517578,1598500
2023-05-25,193.10389709472656,204.3500061035156,206.32000732421875,202.8800048828125,205.5500030517578,1502300
2023-05-26,193.95437622070312,205.25,207.22999572753903,204.5200042724609,204.7100067138672,1146500
2023-05-30,193.9449462890625,205.2400054931641,205.8500061035156,202.3500061035156,204.0800018310547,1379300
2023-05-31,192.9432373046875,204.17999267578125,205.8500061035156,202.9100036621093,204.9900054931641,1624500
2023-06-01,194.02999877929688,205.3300018310547,206.6000061035156,203.97000122070312,205.3699951171875,1137100
2023-06-02,197.58303833007807,209.08999633789065,209.6499938964844,206.3300018310547,207.07000732421875,1641700
2023-06-05,197.73426818847656,209.25,211.1000061035156,208.9100036621093,209.9900054931641,1337000
2023-06-06,199.2084045410156,210.8099975585937,211.33999633789065,208.72999572753903,209.3500061035156,901000
2023-06-07,202.3929443359375,214.17999267578125,214.4900054931641,210.72999572753903,211.5,994000
2023-06-08,201.78811645507807,213.5399932861328,214.8500061035156,212.8000030517578,214.4499969482422,921300
2023-06-09,200.58804321289065,212.2700042724609,214.1499938964844,211.7899932861328,214.1499938964844,717200
2023-06-12,201.34405517578125,213.07000732421875,213.3800048828125,211.5200042724609,212.32000732421875,720800
2023-06-13,202.0432891845703,213.8099975585937,214.6699981689453,211.6600036621093,213.0,995500
2023-06-14,200.4651794433593,212.13999938964844,213.9499969482422,211.47000122070312,213.2100067138672,1037800
2023-06-15,203.1300201416016,214.9600067138672,215.4499969482422,212.1600036621093,212.1600036621093,879900
2023-06-16,205.3789978027344,217.33999633789065,217.8000030517578,215.4100036621093,215.63999938964844,1561500
2023-06-20,203.6307983398437,215.4900054931641,217.6600036621093,214.7899932861328,217.0,940900
2023-06-21,205.5585479736328,217.52999877929688,217.6600036621093,214.17999267578125,215.07000732421875,698600
2023-06-22,202.64805603027344,214.4499969482422,217.52999877929688,213.67999267578125,217.3099975585937,833700
2023-06-23,200.70144653320312,212.38999938964844,214.6600036621093,212.19000244140625,213.9499969482422,1113600
2023-06-26,200.4178924560547,212.08999633789065,212.4499969482422,209.509994506836,211.509994506836,727200
2023-06-27,200.3895874023437,212.0599975585937,212.6199951171875,211.1000061035156,212.25,887000
2023-06-28,199.387939453125,211.0,212.44000244140625,209.25,212.2899932861328,914600
2023-06-29,202.51577758789065,214.3099975585937,214.5,210.6600036621093,210.9199981689453,838600
2023-06-30,203.30953979492188,215.1499938964844,216.32000732421875,213.2700042724609,215.3300018310547,933100
2023-07-03,203.9048614501953,215.77999877929688,216.92999267578125,214.22999572753903,214.4600067138672,475200
2023-07-05,203.34735107421875,215.19000244140625,215.6499938964844,213.22000122070312,214.77999877929688,832300
2023-07-06,203.73716735839844,214.27999877929688,214.82000732421875,211.94000244140625,213.1499938964844,995200
2023-07-07,203.6135406494141,214.1499938964844,217.2700042724609,213.6000061035156,213.94000244140625,1026800
2023-07-10,204.1175079345703,214.67999267578125,216.69000244140625,213.9900054931641,214.1499938964844,1191200
2023-07-11,206.4944763183593,217.17999267578125,217.47000122070312,213.8999938964844,214.9199981689453,1481900
2023-07-12,206.90335083007807,217.6100006103516,218.6199951171875,216.44000244140625,217.94000244140625,1767000
2023-07-13,206.2852935791016,216.9600067138672,217.8099975585937,216.3699951171875,217.5599975585937,995900
2023-07-14,204.7259979248047,215.32000732421875,216.9199981689453,214.2700042724609,216.9199981689453,714900
2023-07-17,205.7243194580078,216.3699951171875,217.44000244140625,214.8999938964844,215.2899932861328,646400
2023-07-18,203.01454162597656,213.5200042724609,219.5599975585937,212.5800018310547,217.1499938964844,1451900
2023-07-19,203.04307556152344,213.5500030517578,215.3800048828125,212.83999633789065,213.58999633789065,1234900
2023-07-20,205.44859313964844,216.0800018310547,216.9199981689453,214.33999633789065,214.8500061035156,1726700
2023-07-21,204.8686065673828,215.47000122070312,217.1499938964844,214.7899932861328,216.5800018310547,1148300
2023-07-24,206.9318389892578,217.63999938964844,218.1000061035156,215.72000122070312,215.7700042724609,950500
2023-07-25,207.27413940429688,218.0,218.0599975585937,213.47000122070312,214.7400054931641,1392400
2023-07-26,211.8189392089844,222.77999877929688,225.44000244140625,217.5200042724609,220.1999969482422,2475400
2023-07-27,209.0045928955078,219.82000732421875,223.8000030517578,216.42999267578125,223.22000122070312,2650500
2023-07-28,211.68582153320312,222.63999938964844,223.07000732421875,219.0,221.0,1597600
2023-07-31,212.57958984375,223.5800018310547,224.57000732421875,222.5,223.3800048828125,2232700
2023-08-01,214.2529754638672,225.33999633789065,225.47999572753903,223.2700042724609,223.3600006103516,1039500
2023-08-02,215.1182403564453,226.25,226.3999938964844,223.2700042724609,225.25,1397300
2023-08-03,214.5287322998047,225.6300048828125,227.3800048828125,224.69000244140625,226.5,1084100
2023-08-04,212.9884490966797,224.009994506836,227.5,223.5599975585937,226.69000244140625,1199400
2023-08-07,216.0119781494141,227.19000244140625,227.44000244140625,224.8300018310547,224.8300018310547,1023000
2023-08-08,213.42581176757807,224.47000122070312,226.8800048828125,223.759994506836,226.2100067138672,1002700
2023-08-09,215.0136260986328,226.13999938964844,227.0200042724609,224.47000122070312,225.0,1079900
2023-08-10,214.5572509765625,225.6600036621093,227.22999572753903,225.17999267578125,226.17999267578125,861300
2023-08-11,215.8218231201172,226.9900054931641,228.72999572753903,225.509994506836,225.6699981689453,1210400
2023-08-14,215.2323303222656,226.3699951171875,227.52999877929688,225.82000732421875,226.9499969482422,952700
2023-08-15,212.15174865722656,223.1300048828125,225.3600006103516,222.6999969482422,225.17999267578125,1150300
2023-08-16,212.58908081054688,223.58999633789065,223.97999572753903,222.32000732421875,222.7100067138672,897800
2023-08-17,211.37208557128903,222.3099975585937,225.47999572753903,222.2400054931641,224.08999633789065,990300
2023-08-18,213.3782501220703,224.4199981689453,225.1600036621093,221.22000122070312,221.75,1040600
2023-08-21,213.24513244628903,224.27999877929688,224.82000732421875,223.4600067138672,223.8300018310547,769800
2023-08-22,213.24513244628903,224.27999877929688,225.0200042724609,223.1000061035156,224.27999877929688,689500
2023-08-23,213.79660034179688,224.8600006103516,225.1999969482422,223.22000122070312,224.6300048828125,720600
2023-08-24,212.86485290527344,223.8800048828125,225.77999877929688,223.72000122070312,224.22000122070312,673700
2023-08-25,212.58908081054688,223.58999633789065,224.97000122070312,221.9199981689453,224.97000122070312,619000
2023-08-28,214.2625274658203,225.3500061035156,225.6000061035156,223.33999633789065,223.6199951171875,747400
2023-08-29,215.0231170654297,226.1499938964844,226.2100067138672,223.9499969482422,225.44000244140625,822700
2023-08-30,216.0595245361328,227.2400054931641,228.5800018310547,226.0,226.72999572753903,649500
2023-08-31,215.4890289306641,226.63999938964844,228.3699951171875,226.42999267578125,227.7700042724609,865800
2023-09-01,215.2323303222656,226.3699951171875,227.94000244140625,225.6300048828125,227.8500061035156,568900
2023-09-05,212.3418884277344,223.3300018310547,226.5599975585937,223.2100067138672,226.5599975585937,909200
2023-09-06,207.3217010498047,218.0500030517578,223.0,217.83999633789065,223.0,1082900
2023-09-07,207.93019104003903,218.69000244140625,219.47000122070312,217.6199951171875,218.8800048828125,798500
2023-09-08,207.1505279541016,217.8699951171875,219.2700042724609,217.3600006103516,218.97999572753903,800600
2023-09-11,205.62925720214844,216.2700042724609,217.5399932861328,215.1100006103516,217.0,1880300
2023-09-12,206.6846466064453,217.3800048828125,218.25,214.6000061035156,215.5500030517578,1211000
2023-09-13,208.88096618652344,219.69000244140625,219.7899932861328,217.4199981689453,218.009994506836,880100
2023-09-14,210.5638885498047,221.4600067138672,221.5200042724609,219.009994506836,220.0200042724609,909400
2023-09-15,213.02647399902344,224.0500030517578,225.08999633789065,220.52999877929688,220.7100067138672,1829000
2023-09-18,213.29269409179688,224.3300018310547,225.8800048828125,223.42999267578125,225.0,783300
2023-09-19,211.88552856445312,222.8500061035156,225.3000030517578,222.1199951171875,224.1499938964844,971800
2023-09-20,214.45265197753903,225.5500030517578,226.1999969482422,223.6000061035156,223.83999633789065,893300
2023-09-21,210.9632263183593,221.8800048828125,225.52999877929688,221.83999633789065,225.2400054931641,1067500
2023-09-22,207.597396850586,218.33999633789065,221.6699981689453,218.3099975585937,221.0599975585937,921800
2023-09-25,208.53868103027344,219.3300018310547,219.5500030517578,217.17999267578125,217.7100067138672,648700
2023-09-26,207.4452667236328,218.17999267578125,220.009994506836,218.0800018310547,218.63999938964844,889700
2023-09-27,210.1265411376953,221.0,221.0500030517578,218.9199981689453,219.3300018310547,666800
2023-09-28,211.4481201171875,222.38999938964844,224.1000061035156,222.0599975585937,222.0599975585937,839000
2023-09-29,210.0979919433593,220.97000122070312,223.8000030517578,220.8600006103516,223.02999877929688,763900
2023-10-02,211.96157836914065,222.92999267578125,224.1100006103516,221.3300018310547,221.5,1207500
2023-10-03,209.8793334960937,220.7400054931641,224.2899932861328,220.47000122070312,222.3600006103516,1315300
2023-10-04,208.53868103027344,219.3300018310547,221.8800048828125,217.32000732421875,220.22999572753903,887100
2023-10-05,207.3334503173828,216.75,218.08999633789065,216.0,217.5500030517578,820100
2023-10-06,210.3848571777344,219.94000244140625,220.9499969482422,214.52999877929688,215.9600067138672,993700
2023-10-09,228.119369506836,238.47999572753903,240.1499938964844,228.5,228.6999969482422,3399400
2023-10-10,226.3880310058593,236.6699981689453,240.0,236.17999267578125,240.0,2340000
2023-10-11,227.4497985839844,237.77999877929688,238.7400054931641,236.17999267578125,236.3099975585937,1068400
2023-10-12,227.08631896972656,237.3999938964844,239.8300018310547,235.7700042724609,238.83999633789065,851000
2023-10-13,232.4812774658203,243.0399932861328,243.47000122070312,238.8699951171875,239.5,2151400
2023-10-16,232.31866455078125,242.8699951171875,245.0599975585937,241.5599975585937,243.52999877929688,1362400
2023-10-17,230.78819274902344,241.2700042724609,243.8999938964844,239.8099975585937,241.67999267578125,1328700
2023-10-18,229.39161682128903,239.8099975585937,242.0599975585937,239.2899932861328,241.7400054931641,1092500
2023-10-19,227.61241149902344,237.9499969482422,241.4499969482422,237.94000244140625,239.3699951171875,1156800
2023-10-20,224.73318481445312,234.94000244140625,239.4199981689453,234.82000732421875,238.7400054931641,1706100
2023-10-23,223.078353881836,233.2100067138672,236.32000732421875,232.8500061035156,234.63999938964844,1265800
2023-10-24,222.8774871826172,233.0,236.6699981689453,232.2899932861328,235.27999877929688,1060600
2023-10-25,231.8690795898437,242.3999938964844,244.3800048828125,238.47000122070312,239.0599975585937,2440600
2023-10-26,230.0994567871093,240.5500030517578,243.8000030517578,240.1600036621093,243.0,1580900
2023-10-27,227.89938354492188,238.25,239.3000030517578,236.5800018310547,237.8800048828125,1816200
2023-10-30,228.59765625,238.97999572753903,240.2400054931641,237.3500061035156,238.6100006103516,1485100
2023-10-31,230.82644653320312,241.3099975585937,241.7899932861328,237.5,239.6499938964844,2534200
2023-11-01,232.15603637695312,242.6999969482422,243.8699951171875,240.6300048828125,242.0,1490500
2023-11-02,233.4091339111328,244.009994506836,244.2400054931641,241.02999877929688,241.32000732421875,1749300
2023-11-03,232.6439208984375,243.2100067138672,245.38999938964844,243.1100006103516,245.0,1004300
2023-11-06,233.33262634277344,243.92999267578125,244.47999572753903,242.32000732421875,243.19000244140625,1286800
2023-11-07,232.1847381591797,242.72999572753903,244.0800018310547,242.2100067138672,244.0599975585937,804600
2023-11-08,231.505599975586,242.0200042724609,244.1100006103516,241.4199981689453,243.33999633789065,694900
2023-11-09,229.6690216064453,240.1000061035156,242.0,238.3099975585937,242.0,1733000
2023-11-10,232.9691467285156,243.5500030517578,244.13999938964844,240.7400054931641,241.1100006103516,1102800
2023-11-13,235.9344482421875,246.6499938964844,247.27999877929688,243.52999877929688,243.5500030517578,1569200
2023-11-14,237.0918884277344,247.8600006103516,248.88999938964844,245.4900054931641,245.7700042724609,1115600
2023-11-15,235.08311462402344,245.759994506836,248.2700042724609,245.69000244140625,247.5599975585937,1073600
2023-11-16,234.60484313964844,245.259994506836,246.8800048828125,244.52999877929688,246.27999877929688,824400
2023-11-17,234.05958557128903,244.69000244140625,246.22000122070312,244.4100036621093,246.0500030517578,1060600
2023-11-20,235.1022491455078,245.77999877929688,247.0800018310547,244.3500061035156,244.6499938964844,894100
2023-11-21,235.7049102783203,246.4100036621093,247.509994506836,245.3699951171875,246.1100006103516,806500
2023-11-22,236.5848999023437,247.3300018310547,247.4499969482422,245.4600067138672,245.8099975585937,617700
2023-11-24,237.06320190429688,247.8300018310547,248.5500030517578,247.44000244140625,247.67999267578125,339000
2023-11-27,235.6570739746093,246.3600006103516,247.7100067138672,245.509994506836,247.7100067138672,717900
2023-11-28,234.5665740966797,245.22000122070312,247.52999877929688,245.07000732421875,247.3999938964844,846800
2023-11-29,234.1935272216797,244.8300018310547,246.0,243.8699951171875,245.22000122070312,835200
2023-11-30,236.2405548095703,246.97000122070312,247.3000030517578,245.009994506836,245.58999633789065,951100
2023-12-01,238.8423767089844,249.69000244140625,249.69000244140625,246.8099975585937,247.08999633789065,842900
2023-12-04,241.25289916992188,252.2100067138672,252.25,248.1100006103516,248.5500030517578,1618200
2023-12-05,239.990234375,250.88999938964844,252.6100006103516,250.1999969482422,252.22999572753903,925800
2023-12-06,241.0041961669922,251.9499969482422,252.8500061035156,250.259994506836,250.88999938964844,874700
2023-12-07,240.56417846679688,251.4900054931641,254.759994506836,250.5200042724609,252.72000122070312,895700
2023-12-08,241.32940673828125,252.2899932861328,253.19000244140625,251.75,251.75,968500
2023-12-11,241.4537811279297,252.4199981689453,253.63999938964844,252.0200042724609,252.0200042724609,704600
2023-12-12,242.1999053955078,253.1999969482422,254.3500061035156,251.6999969482422,252.009994506836,864000
2023-12-13,244.7347717285156,255.8500061035156,256.32000732421875,253.02999877929688,253.6600036621093,1287300
2023-12-14,240.2389373779297,251.1499938964844,255.5599975585937,248.5800018310547,255.3999938964844,1778800
2023-12-15,241.57814025878903,252.5500030517578,252.7400054931641,249.3500061035156,249.63999938964844,2410800
2023-12-18,241.8842315673828,252.8699951171875,253.92999267578125,251.7700042724609,252.6600036621093,708700
2023-12-19,242.8599395751953,253.88999938964844,253.97999572753903,252.25,252.7100067138672,739000
2023-12-20,238.718017578125,249.5599975585937,253.97000122070312,249.3999938964844,253.1199951171875,1018200
2023-12-21,241.4633331298828,252.42999267578125,252.97000122070312,250.0,251.0,702200
2023-12-22,243.0608062744141,254.1000061035156,255.259994506836,252.5599975585937,253.3699951171875,650600
2023-12-26,245.07913208007807,256.2099914550781,256.8099975585937,253.8500061035156,254.0399932861328,637800
2023-12-27,246.24609375,257.42999267578125,257.7300109863281,255.0800018310547,255.3800048828125,750900
2023-12-28,246.92529296875,258.1400146484375,258.7900085449219,257.4599914550781,257.9700012207031,569700
2023-12-29,248.3888397216797,259.6700134277344,259.8800048828125,257.8500061035156,258.5199890136719,812300
2024-01-02,247.3653106689453,258.6000061035156,261.1400146484375,257.6199951171875,259.6700134277344,992500
2024-01-03,245.39480590820312,256.5400085449219,261.3900146484375,256.5,259.54998779296875,1378600
2024-01-04,245.0504150390625,256.17999267578125,259.0,256.0,258.75,1096800
2024-01-05,242.8694763183593,253.8999938964844,257.0,253.4100036621093,256.5899963378906,959600
2024-01-08,242.79296875,253.82000732421875,253.8500061035156,250.8800048828125,253.0,1257100
2024-01-09,240.3250427246093,251.2400054931641,253.7700042724609,250.88999938964844,253.7700042724609,1256000
2024-01-10,240.3345947265625,251.25,253.009994506836,250.8099975585937,251.2400054931641,877900
2024-01-11,239.0815277099609,249.94000244140625,252.3500061035156,248.08999633789065,251.759994506836,1500100
2024-01-12,243.73992919921875,254.8099975585937,254.9100036621093,251.33999633789065,251.33999633789065,1107500
2024-01-16,239.7606658935547,250.6499938964844,254.6999969482422,249.72000122070312,254.2899932861328,1038300
2024-01-17,239.11021423339844,249.97000122070312,252.1000061035156,249.0,249.22999572753903,882700
2024-01-18,241.3219451904297,250.9499969482422,251.1000061035156,247.3600006103516,249.0399932861328,907700
2024-01-19,239.7737274169922,249.33999633789065,251.5,248.97999572753903,251.5,1410200
2024-01-22,240.1776123046875,249.759994506836,251.32000732421875,248.6999969482422,249.5,2043300
2024-01-23,239.8025665283203,249.3699951171875,252.1000061035156,247.8800048828125,250.3500061035156,1775600
2024-01-24,251.1594696044922,261.17999267578125,263.69000244140625,251.6199951171875,252.32000732421875,2749400
2024-01-25,255.659912109375,265.8599853515625,265.9700012207031,261.1600036621094,261.760009765625,1968800
2024-01-26,254.9002380371093,265.07000732421875,267.9700012207031,262.04998779296875,266.5599975585937,1329900
2024-01-29,254.621322631836,264.7799987792969,265.9100036621094,263.20001220703125,264.57000732421875,961700
2024-01-30,258.3621520996094,268.6700134277344,269.3699951171875,265.989990234375,266.2900085449219,2040300
2024-01-31,254.82330322265625,264.989990234375,269.5,263.8399963378906,269.0,2305000
2024-02-01,256.63116455078125,266.8699951171875,267.239990234375,263.07000732421875,265.6499938964844,1715100
2024-02-02,255.092514038086,265.2699890136719,266.3999938964844,264.3299865722656,265.739990234375,1949400
2024-02-05,255.3329315185547,265.5199890136719,267.07000732421875,262.5,264.0,1032400
2024-02-06,257.4197692871094,267.69000244140625,267.7900085449219,264.6400146484375,266.1000061035156,814600
2024-02-07,258.76593017578125,269.0899963378906,270.1499938964844,267.95001220703125,269.5,1058700
2024-02-08,258.6794738769531,269.0,269.44000244140625,267.1199951171875,269.0,617000
2024-02-09,259.7757263183594,270.1400146484375,271.3699951171875,269.0599975585937,270.07000732421875,878200
2024-02-12,259.1025695800781,269.44000244140625,270.9700012207031,269.2099914550781,269.9800109863281,696300
2024-02-13,256.9677124023437,267.2200012207031,270.8999938964844,265.1099853515625,269.92999267578125,1164200
2024-02-14,258.77569580078125,269.1000061035156,269.2200012207031,263.1000061035156,268.3099975585937,1629800
2024-02-15,259.6410827636719,270.0,270.9599914550781,268.5400085449219,269.67999267578125,801500
2024-02-16,259.1025695800781,269.44000244140625,271.17999267578125,268.8900146484375,269.9800109863281,702600
2024-02-20,258.6121520996094,268.92999267578125,271.9599914550781,268.3500061035156,270.3999938964844,697500
2024-02-21,261.4681396484375,271.8999938964844,272.2799987792969,268.9100036621094,270.1600036621094,691000
2024-02-22,261.8816833496094,272.3299865722656,272.4599914550781,270.6600036621094,271.3800048828125,636300
2024-02-23,263.2472229003906,273.75,274.8999938964844,272.1700134277344,272.5,663900
2024-02-26,262.54522705078125,273.0199890136719,274.5899963378906,272.5899963378906,274.19000244140625,629700
2024-02-27,263.1991577148437,273.70001220703125,273.79998779296875,270.7699890136719,272.3299865722656,554400
2024-02-28,263.7857360839844,274.3099975585937,274.6600036621094,272.4800109863281,273.67999267578125,569800
2024-02-29,262.7663879394531,273.25,274.9800109863281,272.3699951171875,274.9800109863281,886300
2024-03-01,261.5162353515625,271.95001220703125,273.29998779296875,271.04998779296875,273.29998779296875,651400
2024-03-04,264.17041015625,274.7099914550781,275.3399963378906,271.3900146484375,272.0,974600
2024-03-05,263.1029968261719,273.6000061035156,277.42999267578125,272.3900146484375,275.57000732421875,979300
2024-03-06,263.1991577148437,273.70001220703125,275.8500061035156,273.1700134277344,274.0,585100
2024-03-07,262.5548095703125,273.0299987792969,274.9700012207031,272.1099853515625,274.0,761600
2024-03-08,261.8624572753906,272.3099975585937,273.6199951171875,270.7099914550781,272.42999267578125,696900
2024-03-11,262.7856140136719,273.2699890136719,273.2900085449219,270.42999267578125,271.6400146484375,559700
2024-03-12,264.1127014160156,274.6499938964844,275.0599975585937,271.5799865722656,273.010009765625,845000
2024-03-13,264.7954406738281,275.3599853515625,275.8999938964844,274.4700012207031,275.5199890136719,829800
2024-03-14,264.8338928222656,275.3999938964844,276.6499938964844,273.3999938964844,276.29998779296875,839800
2024-03-15,264.6511535644531,275.2099914550781,276.92999267578125,273.8299865722656,273.8299865722656,1305900
2024-03-18,266.9494934082031,277.6000061035156,277.7200012207031,274.6700134277344,275.989990234375,865300
2024-03-19,268.9689636230469,279.70001220703125,280.3500061035156,277.7300109863281,279.1199951171875,703500
2024-03-20,271.7095642089844,282.54998779296875,282.9800109863281,279.3099975585937,280.0,1043400
2024-03-21,270.5460510253906,281.3399963378906,284.75,281.2200012207031,283.3599853515625,1084100
2024-03-22,270.3729248046875,281.1600036621094,283.2099914550781,281.1300048828125,282.3299865722656,730600
2024-03-25,268.2765808105469,278.9800109863281,281.45001220703125,278.3900146484375,280.92999267578125,776500
2024-03-26,267.67071533203125,278.3500061035156,280.4599914550781,278.3500061035156,278.8099975585937,567700
2024-03-27,271.0845031738281,281.8999938964844,281.92999267578125,278.95001220703125,279.5599975585937,746000
2024-03-28,271.6518859863281,282.489990234375,283.1499938964844,281.2799987792969,282.6000061035156,644500
2024-04-01,280.36431884765625,291.54998779296875,291.9599914550781,286.3800048828125,287.7099914550781,1742900
2024-04-02,279.3930969238281,290.5400085449219,292.5,288.44000244140625,291.79998779296875,1839000
2024-04-03,280.4989318847656,291.69000244140625,291.989990234375,288.42999267578125,290.57000732421875,1296700
2024-04-04,281.97021484375,293.2200012207031,294.5599975585937,291.9700012207031,293.5599975585937,1391000
2024-04-05,283.8550109863281,295.17999267578125,295.4599914550781,291.44000244140625,293.0,879600
2024-04-08,281.8836669921875,293.1300048828125,296.5,292.8900146484375,296.0,945600
2024-04-09,277.75830078125,288.8399963378906,294.6700134277344,287.20001220703125,292.0299987792969,1008100
2024-04-10,278.9122619628906,290.0400085449219,290.739990234375,286.6600036621094,287.3999938964844,935600
2024-04-11,277.82989501953125,287.5,288.6400146484375,286.1600036621094,287.8299865722656,710900
2024-04-12,278.1874084472656,287.8699951171875,290.75,286.7900085449219,288.4100036621094,1281000
2024-04-15,275.1723937988281,284.75,291.75,284.3599853515625,291.7099914550781,976600
2024-04-16,275.7038879394531,285.29998779296875,286.3800048828125,283.67999267578125,285.4599914550781,1388500
2024-04-17,274.89215087890625,284.4599914550781,286.5,283.6700134277344,286.5,709000
2024-04-18,275.6748962402344,285.2699890136719,286.9100036621094,284.0199890136719,284.0199890136719,636500
2024-04-19,278.9122619628906,288.6199951171875,289.2900085449219,286.7300109863281,287.42999267578125,1074900
2024-04-22,281.5117492675781,291.3099975585937,292.7099914550781,288.04998779296875,289.94000244140625,889000
2024-04-23,282.87432861328125,292.7200012207031,294.70001220703125,291.67999267578125,292.7200012207031,1132500
2024-04-24,271.6548156738281,281.1099853515625,290.3699951171875,274.32000732421875,289.19000244140625,4023600
2024-04-25,275.3173217773437,284.8999938964844,285.75,279.44000244140625,282.760009765625,1769600
2024-04-26,274.8438720703125,284.4100036621094,286.7699890136719,282.79998779296875,284.7300109863281,1244200
2024-04-29,278.1101379394531,287.7900085449219,289.92999267578125,285.42999267578125,287.9599914550781,1293700
2024-04-30,277.4336853027344,287.0899963378906,289.20001220703125,286.4200134277344,286.9100036621094,1423600
2024-05-01,276.8925476074219,286.5299987792969,288.0899963378906,284.8299865722656,286.5799865722656,890800
2024-05-02,277.6945495605469,287.3599853515625,288.5799865722656,282.510009765625,286.0400085449219,1134800
2024-05-03,278.4483947753906,288.1400146484375,289.0,286.0,288.0,974300
2024-05-06,281.5793762207031,291.3800048828125,291.6099853515625,289.4599914550781,289.4700012207031,870200
2024-05-07,283.50244140625,293.3699951171875,293.739990234375,291.20001220703125,292.3399963378906,715600
2024-05-08,282.8936462402344,292.739990234375,294.07000732421875,291.8299865722656,294.0,1008100
2024-05-09,286.0150451660156,295.9700012207031,296.2699890136719,292.0,292.75,707600
2024-05-10,286.4691467285156,296.44000244140625,297.8800048828125,296.0,296.5799865722656,1019400
2024-05-13,283.6570739746094,293.5299987792969,297.3299865722656,292.6099853515625,296.3699951171875,1406700
2024-05-14,284.1692810058594,294.0599975585937,294.5599975585937,292.4700012207031,293.44000244140625,655300
2024-05-15,284.6814270019531,294.5899963378906,295.25,293.67999267578125,293.79998779296875,752300
2024-05-16,285.80242919921875,295.75,297.2300109863281,294.6199951171875,294.9700012207031,613500
2024-05-17,288.9623718261719,299.0199890136719,299.1400146484375,295.4599914550781,296.5899963378906,894200
2024-05-20,290.1317138671875,300.2300109863281,301.0,298.010009765625,298.5,940300
2024-05-21,287.0683288574219,297.0599975585937,301.4800109863281,296.3500061035156,301.0,1103400
2024-05-22,287.98638916015625,298.010009765625,299.3599853515625,296.1600036621094,297.489990234375,882700
2024-05-23,286.5465393066406,296.5199890136719,298.260009765625,295.1499938964844,297.9599914550781,720700
2024-05-24,289.5422058105469,299.6199951171875,300.4800109863281,297.2200012207031,299.0,784100
2024-05-28,287.33892822265625,297.3399963378906,299.75,297.07000732421875,299.5400085449219,800400
2024-05-29,283.6087646484375,293.4800109863281,297.1300048828125,293.25,296.0299987792969,771400
2024-05-30,286.12127685546875,296.0799865722656,296.6600036621094,293.94000244140625,293.94000244140625,728200
2024-05-31,289.68719482421875,299.7699890136719,300.2300109863281,295.3800048828125,296.0199890136719,1302800
2024-06-03,288.2279357910156,298.260009765625,302.4200134277344,296.45001220703125,300.8900146484375,723500
2024-06-04,287.3196105957031,297.32000732421875,299.239990234375,296.8999938964844,298.3699951171875,618200
2024-06-05,289.3779602050781,299.45001220703125,299.6499938964844,295.6400146484375,297.8999938964844,469200
2024-06-06,288.2376708984375,298.2699890136719,300.5,298.1000061035156,299.0,988200
2024-06-07,289.07843017578125,299.1400146484375,300.1600036621094,297.8699951171875,298.20001220703125,684200
2024-06-10,284.7684020996094,294.67999267578125,300.0,293.8599853515625,300.0,1013500
2024-06-11,282.80670166015625,292.6499938964844,293.6600036621094,291.1400146484375,293.6000061035156,1068700
2024-06-12,284.4398498535156,294.3399963378906,295.20001220703125,292.20001220703125,292.989990234375,871900
2024-06-13,282.6809997558594,292.5199890136719,294.57000732421875,290.7300109863281,293.67999267578125,686600
2024-06-14,281.9659423828125,291.7799987792969,292.0400085449219,288.4599914550781,290.70001220703125,639900
2024-06-17,283.94696044921875,293.8299865722656,294.19000244140625,290.6600036621094,291.17999267578125,511000
2024-06-18,287.9767150878906,298.0,298.04998779296875,293.1700134277344,293.57000732421875,748500
2024-06-20,289.5518798828125,299.6300048828125,299.6499938964844,297.0,298.0,751500
2024-06-21,288.2182922363281,298.25,300.2200012207031,296.67999267578125,299.5599975585937,1685600
2024-06-24,288.4889221191406,298.5299987792969,302.75,298.4700012207031,299.4800109863281,1124400
2024-06-25,285.34820556640625,295.2799987792969,299.0899963378906,294.7200012207031,298.2099914550781,985000
2024-06-26,284.6234436035156,294.5299987792969,295.5799865722656,293.32000732421875,294.3099975585937,1215400
2024-06-27,282.66168212890625,292.5,295.3500061035156,291.8299865722656,295.3500061035156,989300
2024-06-28,280.38116455078125,290.1400146484375,294.4800109863281,289.5400085449219,293.9200134277344,2259900
2024-07-01,278.1874084472656,287.8699951171875,293.010009765625,286.5799865722656,291.3500061035156,1431000
2024-07-02,276.1966857910156,285.8099975585937,286.3399963378906,284.0199890136719,285.29998779296875,1274300
2024-07-03,275.2980041503906,284.8800048828125,287.260009765625,284.04998779296875,286.4700012207031,656700
2024-07-05,273.5692443847656,281.67999267578125,284.260009765625,280.4599914550781,284.260009765625,1039500
2024-07-08,272.3941345214844,280.4700012207031,283.0,279.54998779296875,281.70001220703125,1222700
2024-07-09,271.4617614746094,279.510009765625,281.3399963378906,279.4200134277344,280.2200012207031,803700
2024-07-10,273.7926330566406,281.9100036621094,281.9800109863281,279.07000732421875,279.6600036621094,957400
2024-07-11,275.9681701660156,284.1499938964844,285.2699890136719,281.3699951171875,281.3699951171875,935500
2024-07-12,275.7156677246094,283.8900146484375,286.4599914550781,283.69000244140625,285.7200012207031,1072000
2024-07-15,277.2016296386719,285.4200134277344,287.20001220703125,284.010009765625,285.510009765625,1017100
2024-07-16,283.1939392089844,291.5899963378906,291.7799987792969,285.57000732421875,285.57000732421875,1124900
2024-07-17,283.5823974609375,291.989990234375,294.7699890136719,291.7799987792969,292.239990234375,900200
2024-07-18,284.8255310058594,293.2699890136719,295.5,291.1700134277344,291.3999938964844,960000
2024-07-19,279.9209289550781,288.2200012207031,294.3599853515625,287.8299865722656,294.3599853515625,973600
2024-07-22,282.82489013671875,291.2099914550781,291.4800109863281,287.5400085449219,288.42999267578125,745300
2024-07-23,285.9812927246094,294.4599914550781,295.6199951171875,292.04998779296875,292.67999267578125,1288200
2024-07-24,276.47320556640625,284.6700134277344,286.489990234375,276.7900085449219,286.0,3268400
2024-07-25,282.6015014648437,290.9800109863281,296.19000244140625,286.6099853515625,286.6099853515625,1809800
2024-07-26,282.0382080078125,290.3999938964844,292.70001220703125,287.6400146484375,290.989990234375,1079800
2024-07-29,281.15435791015625,289.489990234375,291.0400085449219,288.3699951171875,290.57000732421875,1171600
2024-07-30,284.57305908203125,293.010009765625,293.6600036621094,290.0599975585937,291.0199890136719,858100
2024-07-31,290.1089172363281,298.7099914550781,299.9599914550781,293.1700134277344,294.79998779296875,1609300
2024-08-01,285.0003967285156,293.45001220703125,300.75,291.5400085449219,300.0,1108400
2024-08-02,283.9709167480469,292.3900146484375,296.8900146484375,289.510009765625,292.69000244140625,990700
2024-08-05,277.6677551269531,285.8999938964844,290.92999267578125,282.32000732421875,288.9200134277344,1094100
2024-08-06,277.1627502441406,285.3800048828125,290.44000244140625,285.20001220703125,286.45001220703125,815000
2024-08-07,278.90118408203125,287.1700134277344,290.8800048828125,286.3599853515625,287.2099914550781,890700
2024-08-08,282.4266967773437,290.79998779296875,293.0,287.45001220703125,287.45001220703125,823700
2024-08-09,284.5536193847656,292.989990234375,296.70001220703125,291.57000732421875,293.2900085449219,1028600
2024-08-12,282.815185546875,291.20001220703125,294.5899963378906,290.6499938964844,294.0,1054800
2024-08-13,283.786376953125,292.20001220703125,292.79998779296875,289.5299987792969,291.8500061035156,888800
2024-08-14,285.2723388671875,293.7300109863281,295.1700134277344,291.7099914550781,291.7099914550781,756900
2024-08-15,287.4283752441406,295.95001220703125,296.3099975585937,293.1600036621094,294.989990234375,890600
2024-08-16,288.0499267578125,296.5899963378906,297.1000061035156,294.739990234375,296.3599853515625,852300
2024-08-19,287.0884704589844,295.6000061035156,297.0,294.7699890136719,296.92999267578125,685100
2024-08-20,287.2826843261719,295.79998779296875,296.1199951171875,294.2099914550781,295.3599853515625,589200
2024-08-21,285.6025390625,294.07000732421875,296.510009765625,293.0199890136719,296.510009765625,1029100
2024-08-22,285.0003967285156,293.45001220703125,294.739990234375,292.989990234375,294.25,676200
2024-08-23,283.0579833984375,291.45001220703125,294.8299865722656,291.2900085449219,294.3399963378906,864700
2024-08-26,282.62091064453125,291.0,293.17999267578125,290.4200134277344,292.45001220703125,814800
2024-08-27,281.8439636230469,290.20001220703125,291.4599914550781,289.8299865722656,291.010009765625,1005300
2024-08-28,288.0985717773437,296.6400146484375,297.17999267578125,290.5,290.989990234375,1553600
2024-08-29,289.2542419433594,297.8299865722656,300.95001220703125,295.5,298.0,1640300
2024-08-30,290.7402038574219,299.3599853515625,299.67999267578125,295.17999267578125,297.5299987792969,1032900
2024-09-03,286.4280700683594,294.9200134277344,300.9800109863281,293.3399963378906,299.0,961600
2024-09-04,285.8744506835937,294.3500061035156,297.760009765625,293.0,295.45001220703125,930500
2024-09-05,288.72979736328125,297.2900085449219,299.8299865722656,294.1600036621094,296.510009765625,1518800
2024-09-06,284.34967041015625,292.7799987792969,298.4100036621094,292.239990234375,297.0,1362400
2024-09-09,292.8768310546875,301.5599975585937,303.1000061035156,295.7099914550781,295.7099914550781,1922400
2024-09-10,293.692626953125,302.3999938964844,306.510009765625,300.4700012207031,303.3099975585937,1040400
2024-09-11,290.9635314941406,299.5899963378906,301.2099914550781,293.3599853515625,301.2099914550781,1067200
2024-09-12,292.01251220703125,300.6700134277344,300.94000244140625,297.4100036621094,299.3399963378906,875400
2024-09-13,296.0235290527344,304.79998779296875,305.8399963378906,301.04998779296875,301.0799865722656,797600
2024-09-16,298.6943359375,307.54998779296875,309.9700012207031,306.1499938964844,307.3800048828125,874500
2024-09-17,295.1009216308594,303.8500061035156,305.70001220703125,302.57000732421875,304.75,1045600
2024-09-18,293.6732482910156,302.3800048828125,306.8999938964844,301.6499938964844,303.8999938964844,1155800
2024-09-19,295.95562744140625,304.7300109863281,306.6499938964844,302.5199890136719,304.8399963378906,1188100
2024-09-20,298.0339660644531,306.8699951171875,307.760009765625,303.19000244140625,304.7699890136719,7899200
2024-09-23,299.21881103515625,308.0899963378906,309.7200012207031,306.75,307.3099975585937,951800
2024-09-24,295.8973083496094,304.6700134277344,308.5199890136719,304.07000732421875,308.0,951800
2024-09-25,293.00311279296875,301.69000244140625,306.54998779296875,301.0199890136719,305.5199890136719,915500
2024-09-26,291.8376159667969,300.489990234375,302.9200134277344,299.6600036621094,300.92999267578125,904500
2024-09-27,291.4880676269531,300.1300048828125,302.3500061035156,299.9700012207031,300.3399963378906,909200
2024-09-30,293.4984130859375,302.20001220703125,302.260009765625,297.6600036621094,300.0,1364000
2024-10-01,296.5382995605469,305.3299865722656,307.04998779296875,294.5,297.6400146484375,1486600
2024-10-02,295.1689147949219,303.9200134277344,306.6199951171875,303.1000061035156,305.5,1218300
2024-10-03,290.9830017089844,299.6099853515625,304.8699951171875,299.0400085449219,304.0400085449219,1124300
2024-10-04,292.0027770996094,300.6600036621094,301.239990234375,297.8399963378906,300.0400085449219,877300
2024-10-07,288.72979736328125,297.2900085449219,300.510009765625,296.7099914550781,299.29998779296875,874100
2024-10-08,288.3510437011719,296.8999938964844,298.1099853515625,295.04998779296875,297.95001220703125,843200
2024-10-09,290.0894775390625,298.69000244140625,300.1300048828125,295.6700134277344,296.1000061035156,726500
2024-10-10,287.5254821777344,296.04998779296875,298.6199951171875,295.0199890136719,298.5,902400
2024-10-11,292.2195129394531,299.44000244140625,299.7699890136719,294.2900085449219,295.0,986300
2024-10-14,294.5811462402344,301.8599853515625,302.3599853515625,298.67999267578125,299.5899963378906,583400
2024-10-15,292.970947265625,300.2099914550781,303.8599853515625,299.8500061035156,303.5899963378906,898600
2024-10-16,297.5185852050781,304.8699951171875,306.0599975585937,300.1400146484375,300.1400146484375,838100
2024-10-17,300.7975769042969,308.2300109863281,308.32000732421875,305.6400146484375,307.0,919000
2024-10-18,301.0415344238281,308.4800109863281,310.5799865722656,307.6099853515625,310.0,1316300
2024-10-21,300.6512145996094,308.0799865722656,310.8500061035156,307.010009765625,309.1300048828125,1059700
2024-10-22,298.6115417480469,305.989990234375,308.7699890136719,303.9100036621094,307.70001220703125,1145600
2024-10-23,297.0599365234375,304.3999938964844,313.1099853515625,300.7099914550781,304.8500061035156,1506600
2024-10-24,294.00537109375,301.2699890136719,304.989990234375,300.5199890136719,301.7300109863281,1331400
2024-10-25,295.22528076171875,302.5199890136719,304.989990234375,302.07000732421875,304.5199890136719,1405200
2024-10-28,296.5915222167969,303.9200134277344,304.7099914550781,302.1400146484375,303.0400085449219,968700
2024-10-29,294.47381591796875,301.75,305.1600036621094,301.7300109863281,303.2300109863281,950600
2024-10-30,294.1029663085937,301.3699951171875,304.1199951171875,301.1600036621094,301.82000732421875,855000
2024-10-31,284.5782775878906,291.6099853515625,301.3699951171875,291.3099975585937,300.32000732421875,1704100
2024-11-01,285.925048828125,292.989990234375,294.8699951171875,292.3099975585937,292.9599914550781,1355500
2024-11-04,286.5203552246094,293.6000061035156,295.5599975585937,292.3500061035156,293.6199951171875,1056000
2024-11-05,289.4967956542969,296.6499938964844,296.989990234375,294.5299987792969,294.5599975585937,750100
2024-11-06,301.02203369140625,308.4599914550781,309.010009765625,302.7799987792969,305.0400085449219,1659100
2024-11-07,298.621337890625,306.0,309.07000732421875,304.5199890136719,308.510009765625,887100
2024-11-08,302.0076599121094,309.4700012207031,310.2200012207031,306.17999267578125,307.5,855100
2024-11-11,306.3406066894531,313.9100036621094,315.92999267578125,311.2900085449219,312.0799865722656,925300
2024-11-12,304.5254211425781,312.04998779296875,315.0,310.6300048828125,315.0,778600
2024-11-13,306.45770263671875,314.0299987792969,316.8999938964844,311.67999267578125,313.44000244140625,906700
2024-11-14,285.3687744140625,292.4200134277344,314.8500061035156,291.8099975585937,314.1000061035156,1927500
2024-11-15,281.0456237792969,287.989990234375,295.0,285.67999267578125,290.8299865722656,1997300
2024-11-18,279.1036071777344,286.0,288.0,285.2900085449219,287.0,1287000
2024-11-19,274.1851501464844,280.9599914550781,288.0,279.6099853515625,287.2900085449219,1772200
2024-11-20,273.29705810546875,280.04998779296875,282.0,278.1199951171875,281.4700012207031,1766400
2024-11-21,273.1799621582031,279.92999267578125,283.5,279.010009765625,280.70001220703125,1832200
2024-11-22,275.0146484375,281.8099975585937,283.6000061035156,279.9200134277344,280.760009765625,1433900
2024-11-25,274.56573486328125,281.3500061035156,284.1499938964844,279.2900085449219,283.260009765625,1569300
2024-11-26,275.21954345703125,282.0199890136719,283.3699951171875,279.5599975585937,281.0799865722656,1095100
2024-11-27,275.5025939941406,282.3099975585937,286.010009765625,282.260009765625,282.9200134277344,994500
2024-11-29,277.1615905761719,284.010009765625,284.4100036621094,282.4800109863281,283.17999267578125,538200
2024-12-02,269.7741394042969,276.44000244140625,283.1499938964844,275.6199951171875,282.8999938964844,1936800
2024-12-03,270.7304992675781,277.4200134277344,278.1300048828125,274.44000244140625,276.4800109863281,1130800
2024-12-04,270.9647521972656,277.6600036621094,278.5799865722656,274.989990234375,276.4700012207031,1307500
2024-12-05,268.51519775390625,275.1499938964844,278.7300109863281,275.1499938964844,277.5,1511800
2024-12-06,265.2460021972656,271.79998779296875,275.8599853515625,271.04998779296875,275.0,1879400
2024-12-09,263.0697937011719,269.57000732421875,272.7099914550781,269.3999938964844,271.3500061035156,2143000
2024-12-10,263.9090270996094,270.42999267578125,272.0899963378906,267.25,269.489990234375,1279800
2024-12-11,259.0296325683594,265.42999267578125,270.0199890136719,263.4200134277344,269.5599975585937,2263500
2024-12-12,256.6972351074219,263.0400085449219,264.1499938964844,257.260009765625,260.0,2408900
2024-12-13,256.7655029296875,263.1099853515625,265.07000732421875,261.92999267578125,263.0,1673400
2024-12-16,259.6542053222656,266.07000732421875,269.69000244140625,262.7099914550781,263.1099853515625,3087200
2024-12-17,258.8246459960937,265.2200012207031,267.7300109863281,263.7900085449219,264.4700012207031,1963800
2024-12-18,255.94583129882807,262.2699890136719,269.5,262.1000061035156,265.20001220703125,2241500
2024-12-19,254.00379943847656,260.2799987792969,262.8299865722656,257.8800048828125,259.95001220703125,2169800
2024-12-20,257.2828063964844,263.6400146484375,267.44000244140625,257.79998779296875,259.0799865722656,3546200
2024-12-23,258.79541015625,265.19000244140625,265.79998779296875,262.8999938964844,265.79998779296875,1552800
2024-12-24,259.48828125,265.8999938964844,265.8999938964844,263.6300048828125,264.6700134277344,500900
2024-12-26,260.3470458984375,266.7799987792969,268.3299865722656,265.25,265.8900146484375,851300
2024-12-27,259.7225036621094,266.1400146484375,267.5899963378906,264.7200012207031,264.7799987792969,1001400
2024-12-30,257.0290832519531,263.3800048828125,265.1099853515625,261.0599975585937,263.19000244140625,1550200
2024-12-31,257.1363830566406,263.489990234375,265.5199890136719,262.1499938964844,264.0,894900
2025-01-02,254.71620178222656,261.010009765625,265.8299865722656,260.5,264.8999938964844,1749000
2025-01-03,257.019287109375,263.3699951171875,264.1600036621094,260.2699890136719,261.17999267578125,1287600
2025-01-06,251.76901245117188,257.989990234375,264.2900085449219,257.5599975585937,262.32000732421875,1897900
2025-01-07,253.3889923095703,259.6499938964844,262.92999267578125,258.0599975585937,258.760009765625,1303700
2025-01-08,255.16510009765625,261.4700012207031,262.5,258.760009765625,258.760009765625,1120500
2025-01-10,253.12548828125,259.3800048828125,261.9599914550781,258.6499938964844,260.5199890136719,1722900
2025-01-13,257.3120422363281,263.6700134277344,264.8800048828125,259.0,259.3800048828125,1360000
2025-01-14,258.7270812988281,265.1199951171875,265.2900085449219,262.2300109863281,263.5199890136719,1095800
2025-01-15,259.6737060546875,266.0899963378906,267.8500061035156,264.0199890136719,267.5299987792969,1013500
2025-01-16,262.3475952148437,268.8299865722656,269.3999938964844,265.70001220703125,266.0,1753000
2025-01-17,261.62164306640625,266.6700134277344,268.8099975585937,266.1300048828125,268.4200134277344,1544000
2025-01-21,266.4877319335937,271.6300048828125,274.1499938964844,268.8599853515625,269.2900085449219,2444300
2025-01-22,263.75054931640625,268.8399963378906,271.67999267578125,266.7099914550781,271.6300048828125,2028900
2025-01-23,263.475830078125,268.5599975585937,271.0,264.69000244140625,270.1300048828125,2210900
2025-01-24,261.3861999511719,266.42999267578125,269.0299987792969,265.739990234375,268.5599975585937,1546500
2025-01-27,264.73162841796875,269.8399963378906,270.19000244140625,266.4700012207031,267.760009765625,1694200
2025-01-28,257.5992431640625,262.57000732421875,270.0199890136719,261.2699890136719,269.989990234375,2042600
2025-01-29,246.6897735595703,251.4499969482422,261.3099975585937,247.009994506836,253.82000732421875,3497600
2025-01-30,252.0660095214844,256.92999267578125,257.0899963378906,252.5,253.8500061035156,2299300
2025-01-31,252.11509704589844,256.9800109863281,258.75,254.7899932861328,256.989990234375,1902800
2025-02-03,251.7324676513672,256.5899963378906,258.07000732421875,253.8300018310547,256.0,1414600
2025-02-04,252.55653381347656,257.42999267578125,258.92999267578125,255.8500061035156,255.9600067138672,1356000
2025-02-05,253.684814453125,258.5799865722656,259.2300109863281,256.8299865722656,258.7099914550781,1098100
2025-02-06,250.69253540039065,255.52999877929688,257.7099914550781,253.1300048828125,257.7099914550781,1154700
2025-02-07,250.0057983398437,254.8300018310547,257.2099914550781,253.9199981689453,256.0199890136719,1290600
2025-02-10,251.48719787597656,256.3399963378906,257.3699951171875,255.1100006103516,255.4900054931641,1410900
2025-02-11,252.12489318847656,256.989990234375,257.69000244140625,254.3500061035156,255.8699951171875,1095600
2025-02-12,246.57205200195312,251.3300018310547,255.6300048828125,250.97000122070312,254.47999572753903,1560900
2025-02-13,241.4999084472656,246.1600036621093,251.9499969482422,242.8600006103516,251.6000061035156,2825100
2025-02-14,237.3598175048828,241.94000244140625,247.0500030517578,239.8699951171875,245.75,2765000
2025-02-18,238.0073089599609,242.6000061035156,244.47000122070312,241.1100006103516,244.3300018310547,2113500
2025-02-19,239.5573883056641,244.17999267578125,246.27999877929688,242.0399932861328,242.5800018310547,1900100
2025-02-20,241.53916931152344,246.1999969482422,247.27999877929688,242.33999633789065,242.33999633789065,1566900
2025-02-21,238.45860290527344,243.0599975585937,245.3300018310547,241.6499938964844,245.1999969482422,1947400
2025-02-24,241.6078338623047,246.2700042724609,248.3300018310547,243.4199981689453,244.6000061035156,2204400
2025-02-25,245.178939819336,249.9100036621093,250.82000732421875,246.7100067138672,247.1699981689453,1711600
2025-02-26,244.5216217041016,249.2400054931641,250.6100006103516,247.8800048828125,250.4900054931641,1372100
2025-02-27,246.85655212402344,251.6199951171875,252.4900054931641,249.5599975585937,250.13999938964844,1410300
2025-02-28,247.8179931640625,252.6000061035156,254.6600036621093,249.94000244140625,252.33999633789065,1755500
2025-03-03,249.2307281494141,254.0399932861328,255.92999267578125,252.3000030517578,255.1699981689453,1333100
2025-03-04,246.0520935058593,250.8000030517578,257.489990234375,250.4100036621093,252.97999572753903,2013300
2025-03-05,257.9818725585937,262.9599914550781,264.0400085449219,251.0500030517578,255.5,4141800
2025-03-06,259.5417785644531,264.54998779296875,266.1499938964844,259.239990234375,261.489990234375,2075700
2025-03-07,266.4190673828125,271.5599975585937,272.510009765625,262.4599914550781,262.4599914550781,1978800
2025-03-10,266.7918701171875,271.94000244140625,279.25,268.1700134277344,270.0,2274400
2025-03-11,259.1199035644531,264.1199951171875,272.2200012207031,262.260009765625,270.7699890136719,1827900
2025-03-12,255.08770751953125,260.010009765625,263.7099914550781,258.0799865722656,263.0599975585937,1122800
2025-03-13,256.2159729003906,261.1600036621094,263.17999267578125,258.6499938964844,259.32000732421875,1044500
2025-03-14,257.0694580078125,262.0299987792969,262.760009765625,259.44000244140625,261.5,956600
2025-03-17,260.15985107421875,265.17999267578125,267.010009765625,262.010009765625,262.0299987792969,974400
2025-03-18,262.45556640625,267.5199890136719,268.6600036621094,263.67999267578125,264.67999267578125,1569900
2025-03-19,262.89703369140625,267.9700012207031,270.29998779296875,266.5400085449219,267.5400085449219,1496000
2025-03-20,260.6700439453125,265.70001220703125,267.45001220703125,264.54998779296875,266.1499938964844,1251500
2025-03-21,258.4233703613281,263.4100036621094,265.2900085449219,260.19000244140625,264.5299987792969,3313600
2025-03-24,260.8465881347656,265.8800048828125,266.2099914550781,263.6000061035156,265.0,1023200
2025-03-25,262.4751892089844,267.5400085449219,268.0,264.510009765625,265.9100036621094,911900
2025-03-26,264.4765319824219,269.5799865722656,270.57000732421875,268.57000732421875,269.1499938964844,1139900
2025-03-27,264.38824462890625,269.489990234375,271.29998779296875,268.69000244140625,270.0,802100
2025-03-28,263.98602294921875,269.0799865722656,270.2099914550781,267.57000732421875,269.0199890136719,1240400
2025-03-31,267.41973876953125,272.5799865722656,273.95001220703125,268.7900085449219,269.0199890136719,1853700
2025-04-01,268.9502258300781,274.1400146484375,274.7900085449219,271.3699951171875,272.5799865722656,1470300
2025-04-02,270.81427001953125,276.0400085449219,278.2699890136719,271.25,271.7300109863281,1350000
2025-04-03,264.51580810546875,269.6199951171875,279.0899963378906,268.989990234375,273.92999267578125,1416700
2025-04-04,245.27703857421875,250.009994506836,265.7300109863281,249.75,264.9599914550781,3232200
2025-04-07,242.9911346435547,247.67999267578125,253.25,239.1999969482422,244.6600036621093,2328400
2025-04-08,249.5839233398437,254.3999938964844,260.989990234375,251.6600036621093,257.0199890136719,2277200
2025-04-09,266.3798217773437,271.5199890136719,272.75,249.9199981689453,249.9199981689453,2676600
2025-04-10,266.6741638183594,271.82000732421875,274.6099853515625,263.0299987792969,269.0,2094300
2025-04-11,272.91876220703125,276.6499938964844,277.7699890136719,267.2300109863281,270.32000732421875,1568500
2025-04-14,275.0200500488281,278.7799987792969,280.3900146484375,273.8900146484375,276.8299865722656,1244600
2025-04-15,273.4021911621094,277.1400146484375,280.92999267578125,276.32000732421875,277.9100036621094,1544800
2025-04-16,272.8990478515625,276.6300048828125,280.7900085449219,275.2099914550781,277.5599975585937,1964500
2025-04-17,272.3564758300781,276.0799865722656,278.4100036621094,273.3500061035156,275.5400085449219,1722000
2025-04-21,269.4955749511719,273.17999267578125,276.260009765625,270.6000061035156,275.010009765625,1423100
2025-04-22,271.09375,274.79998779296875,275.6700134277344,266.8900146484375,271.67999267578125,3048600
2025-04-23,262.14605712890625,265.7300109863281,272.8800048828125,263.6000061035156,271.6300048828125,2245700
2025-04-24,268.04541015625,271.7099914550781,272.2699890136719,262.8399963378906,264.92999267578125,1835000
2025-04-25,268.3018798828125,271.9700012207031,273.5199890136719,268.17999267578125,273.3299865722656,947600
2025-04-28,268.2723083496094,271.94000244140625,275.1000061035156,269.6300048828125,272.92999267578125,1031000
2025-04-29,268.4104309082031,272.0799865722656,273.3999938964844,270.9200134277344,272.0,1002000
2025-04-30,268.4498596191406,272.1199951171875,273.0299987792969,268.2900085449219,272.8500061035156,1388800
2025-05-01,267.8480834960937,271.510009765625,273.2799987792969,269.239990234375,271.510009765625,1319900
2025-05-02,269.3475646972656,273.0299987792969,276.239990234375,266.9800109863281,275.0,1637700
2025-05-05,268.4696350097656,272.1400146484375,274.1600036621094,271.6700134277344,273.70001220703125,1156500
2025-05-06,266.9602355957031,270.6099853515625,272.0,268.45001220703125,271.239990234375,994500
2025-05-07,265.81591796875,269.45001220703125,271.4800109863281,268.2200012207031,270.1000061035156,861600
2025-05-08,268.311767578125,271.9800109863281,274.57000732421875,269.92999267578125,269.92999267578125,1339500
2025-05-09,267.8974304199219,271.5599975585937,273.6700134277344,269.4100036621094,273.3500061035156,1029100
2025-05-12,272.5142822265625,276.239990234375,276.4800109863281,269.5,274.1000061035156,1158900
2025-05-13,269.3377380371094,273.0199890136719,277.0,272.9700012207031,275.9599914550781,1100700
2025-05-14,267.0391540527344,270.69000244140625,273.2200012207031,267.3900146484375,272.6000061035156,1000700
2025-05-15,274.75372314453125,278.510009765625,278.8900146484375,271.29998779296875,272.54998779296875,1396800
2025-05-16,276.92401123046875,280.7099914550781,280.7200012207031,278.3500061035156,280.1600036621094,1173800
2025-05-19,277.5751037597656,281.3699951171875,282.9100036621094,279.29998779296875,280.7200012207031,802100
2025-05-20,277.7724304199219,281.57000732421875,282.8800048828125,280.1700134277344,280.1700134277344,734700
2025-05-21,273.95465087890625,277.70001220703125,281.9599914550781,276.8999938964844,281.010009765625,997100
2025-05-22,273.2936706542969,277.0299987792969,278.7900085449219,275.2099914550781,276.9700012207031,1034800
2025-05-23,271.0444030761719,274.75,275.6300048828125,273.260009765625,274.75,835900
2025-05-27,275.4639892578125,279.2300109863281,279.82000732421875,276.3099975585937,277.04998779296875,1053300
2025-05-28,269.9493713378906,273.6400146484375,280.0,273.2099914550781,279.6499938964844,1006100
2025-05-29,271.48834228515625,275.20001220703125,275.45001220703125,271.19000244140625,272.95001220703125,992200
2025-05-30,274.7339782714844,278.489990234375,278.95001220703125,274.1199951171875,275.5599975585937,1657500
2025-06-02,271.991455078125,275.7099914550781,277.8399963378906,273.8599853515625,277.8399963378906,1001600
2025-06-03,272.3170166015625,276.0400085449219,276.8599853515625,273.5799865722656,275.760009765625,1051000
2025-06-04,271.3206481933594,275.0299987792969,277.32000732421875,274.8099975585937,276.54998779296875,772500
2025-06-05,270.7188720703125,274.4200134277344,275.9700012207031,272.6499938964844,275.9700012207031,871000
2025-06-06,272.7510986328125,276.4800109863281,278.07000732421875,275.19000244140625,275.4800109863281,647000
2025-06-09,273.56988525390625,277.3099975585937,278.07000732421875,273.8099975585937,276.2300109863281,789600
2025-06-10,273.6290588378906,277.3699951171875,278.8500061035156,276.1700134277344,277.7300109863281,1008300
2025-06-11,272.1098327636719,275.8299865722656,277.010009765625,268.1000061035156,276.4599914550781,970000
2025-06-12,276.154541015625,279.92999267578125,279.9599914550781,274.8800048828125,275.2200012207031,753700
2025-06-13,279.1831359863281,283.0,286.79998779296875,281.8599853515625,284.5,1649100
2025-06-16,275.523193359375,279.2900085449219,283.989990234375,278.2300109863281,283.2300109863281,927500
2025-06-17,277.5060729980469,281.29998779296875,281.8299865722656,277.3599853515625,280.0799865722656,984200
2025-06-18,274.7734069824219,278.5299987792969,283.8699951171875,278.260009765625,281.29998779296875,731900
2025-06-20,275.0200500488281,278.7799987792969,280.0799865722656,275.489990234375,279.45001220703125,1518700
2025-06-23,278.5122985839844,282.32000732421875,283.3800048828125,279.6400146484375,280.0799865722656,1205600
2025-06-24,277.2593994140625,281.04998779296875,281.9700012207031,278.2300109863281,280.5299987792969,1127300
2025-06-25,282.0539245605469,285.9100036621094,287.25,281.1300048828125,283.54998779296875,2205900
2025-06-26,287.4599914550781,291.3900146484375,292.9100036621094,286.3599853515625,287.489990234375,1857700
2025-06-27,286.8187561035156,290.739990234375,291.6000061035156,288.6199951171875,289.8299865722656,2268300
2025-06-30,287.7263488769531,291.6600036621094,293.1400146484375,290.6499938964844,291.57000732421875,1184100
2025-07-01,290.40966796875,294.3800048828125,294.3999938964844,289.3999938964844,291.6300048828125,1468700
2025-07-02,289.95587158203125,293.9200134277344,294.3299865722656,290.29998779296875,294.1199951171875,1086600
2025-07-03,292.276123046875,294.760009765625,295.42999267578125,292.3399963378906,293.07000732421875,646600
2025-07-07,292.16705322265625,294.6499938964844,297.7200012207031,293.7200012207031,295.010009765625,978700
2025-07-08,294.1501770019531,296.6499938964844,301.54998779296875,295.5,296.8699951171875,1427200
2025-07-09,297.43231201171875,299.9599914550781,300.0,296.8399963378906,297.92999267578125,1134400
2025-07-10,300.823486328125,303.3800048828125,304.2200012207031,298.9200134277344,299.92999267578125,1362800
2025-07-11,299.6534729003906,302.20001220703125,303.3699951171875,301.2099914550781,302.8999938964844,952500
2025-07-14,302.2811279296875,304.8500061035156,305.7300109863281,301.44000244140625,302.1000061035156,1147100
2025-07-15,298.3148193359375,300.8500061035156,305.3299865722656,300.7200012207031,304.3999938964844,1146900
2025-07-16,297.47198486328125,300.0,302.0,297.8900146484375,301.1400146484375,1142900
2025-07-17,297.56121826171875,300.0899963378906,301.5400085449219,298.510009765625,300.0,1227400
2025-07-18,296.4605712890625,298.9800109863281,301.510009765625,297.7699890136719,300.6000061035156,1636200
2025-07-21,294.5468139648437,297.04998779296875,300.0,296.9599914550781,298.9700012207031,1065800
2025-07-22,295.0921936035156,297.6000061035156,298.9100036621094,293.95001220703125,295.17999267578125,1597400
2025-07-23,314.26922607421875,316.94000244140625,318.7699890136719,308.6300048828125,310.0,2415400
2025-07-24,311.59197998046875,314.239990234375,322.5,314.0,319.0,1641400
2025-07-25,311.37384033203125,314.0199890136719,314.9800109863281,311.0,314.0400085449219,1218100
2025-07-28,310.46160888671875,313.1000061035156,313.6700134277344,311.0799865722656,313.6700134277344,1153600
2025-07-29,312.0481262207031,314.70001220703125,316.9599914550781,313.42999267578125,316.0,1140800
2025-07-30,309.54931640625,312.17999267578125,315.3699951171875,310.4700012207031,315.1000061035156,1518000
2025-07-31,308.984130859375,311.6099853515625,313.3099975585937,310.29998779296875,311.3500061035156,1647900
2025-08-01,308.1214599609375,310.739990234375,311.3500061035156,306.0299987792969,309.6499938964844,891100
2025-08-04,310.1442565917969,312.7799987792969,313.20001220703125,310.3299865722656,311.0299987792969,852300
2025-08-05,311.11602783203125,313.760009765625,314.6700134277344,311.9800109863281,312.20001220703125,1017700
2025-08-06,312.3356628417969,314.989990234375,317.0,313.0,314.9800109863281,893400
2025-08-07,310.0947265625,312.7300109863281,314.70001220703125,309.7300109863281,314.0,954400
2025-08-08,311.48291015625,314.1300048828125,315.8099975585937,312.82000732421875,312.9800109863281,1157300
2025-08-11,312.2761535644531,314.92999267578125,315.1000061035156,313.20001220703125,313.989990234375,1004600
2025-08-12,311.3639221191406,314.010009765625,315.3599853515625,312.2099914550781,314.4800109863281,1034400
2025-08-13,314.8145751953125,317.489990234375,317.7300109863281,313.9200134277344,314.75,813500
2025-08-14,313.1784973144531,315.8399963378906,321.0,315.8399963378906,319.6300048828125,843100
2025-08-15,311.046630859375,313.69000244140625,315.9599914550781,313.3099975585937,315.9599914550781,900500
2025-08-18,310.9375305175781,313.5799865722656,316.1199951171875,313.1499938964844,313.75,818300
2025-08-19,313.7337646484375,316.3999938964844,316.4700012207031,312.6600036621094,312.67999267578125,748400
2025-08-20,314.8046875,317.4800109863281,318.6400146484375,316.44000244140625,317.3999938964844,798900
2025-08-21,313.8627014160156,316.5299987792969,318.1000061035156,315.8399963378906,316.8699951171875,717500
2025-08-22,316.9167175292969,319.6099853515625,320.8800048828125,317.6099853515625,318.2200012207031,917200
2025-08-25,317.19439697265625,319.8900146484375,322.20001220703125,319.8299865722656,319.8399963378906,804100
2025-08-26,319.465087890625,322.17999267578125,322.8500061035156,319.0,319.0,952100
2025-08-27,322.7174072265625,325.4599914550781,325.82000732421875,322.8099975585937,322.8099975585937,846900
2025-08-28,322.17205810546875,324.9100036621094,326.0199890136719,323.1300048828125,325.5199890136719,801100
2025-08-29,321.8349304199219,324.57000732421875,326.0,323.7099914550781,325.1499938964844,670200
2025-09-02,321.6564636230469,324.3900146484375,324.8800048828125,322.0199890136719,324.3800048828125,874200
2025-09-03,320.0897521972656,322.8099975585937,324.44000244140625,321.1600036621094,324.1600036621094,658000
2025-09-04,319.7228698730469,322.44000244140625,323.760009765625,320.9100036621094,323.2699890136719,943800
2025-09-05,320.1393127441406,322.8599853515625,324.2099914550781,320.3599853515625,324.0,860900
2025-09-08,320.0005187988281,322.7200012207031,323.1400146484375,319.7300109863281,322.5,810300
2025-09-09,318.6222229003906,321.3299865722656,322.3999938964844,318.8099975585937,321.8999938964844,789700
2025-09-10,320.3277282714844,323.04998779296875,323.7699890136719,320.6499938964844,320.7799987792969,709100
2025-09-11,326.8423767089844,329.6199951171875,330.0,322.1099853515625,322.92999267578125,834100
2025-09-12,323.401611328125,326.1499938964844,330.17999267578125,325.7699890136719,330.0,578800
2025-09-15,324.2246398925781,326.9800109863281,328.2699890136719,325.67999267578125,326.5,694800
2025-09-16,323.6495056152344,326.3999938964844,329.4599914550781,325.9599914550781,327.8500061035156,1350700
2025-09-17,322.5389404296875,325.2799987792969,328.4700012207031,324.5400085449219,326.7799987792969,1343800
2025-09-18,321.8349304199219,324.57000732421875,325.4200134277344,322.4800109863281,323.9700012207031,1096300
2025-09-19,321.3490600585937,324.0799865722656,325.7099914550781,321.9200134277344,325.3599853515625,2654500
2025-09-22,319.9410400390625,322.6600036621094,324.2799987792969,320.9100036621094,323.0,1354900
2025-09-23,320.4764709472656,323.20001220703125,325.739990234375,321.1199951171875,322.6099853515625,1250600
2025-09-24,320.8929443359375,323.6199951171875,325.45001220703125,321.260009765625,321.8699951171875,1452400
2025-09-25,321.69610595703125,324.42999267578125,328.5199890136719,322.5,325.32000732421875,1014000
2025-09-26,327.5563049316406,330.3399963378906,330.6300048828125,326.2099914550781,326.42999267578125,1043600
2025-09-29,329.37091064453125,332.1700134277344,337.5199890136719,331.3299865722656,335.0,1693100
2025-09-30,338.1264953613281,341.0,341.0199890136719,332.1300048828125,332.1300048828125,1622800
2025-10-01,337.87860107421875,340.75,341.19000244140625,336.3099975585937,337.8999938964844,1162500
2025-10-02,338.1760559082031,341.04998779296875,341.67999267578125,338.07000732421875,339.5599975585937,942900
2025-10-03,340.7243957519531,343.6199951171875,345.2200012207031,341.25,341.9700012207031,710200
2025-10-06,343.58013916015625,346.5,347.3699951171875,343.3900146484375,344.5199890136719,885900
2025-10-07,340.5359802246094,343.42999267578125,347.3699951171875,342.8500061035156,344.5599975585937,740600
2025-10-08,343.5206604003906,346.44000244140625,347.239990234375,343.42999267578125,345.2200012207031,773900
2025-10-09,339.8815612792969,342.7699890136719,347.32000732421875,342.2300109863281,346.2799987792969,798300
2025-10-10,331.58544921875,332.94000244140625,342.0,332.79998779296875,340.8599853515625,927300
2025-10-13,333.0295715332031,334.3900146484375,336.79998779296875,332.239990234375,333.1000061035156,839200
2025-10-14,334.1350402832031,335.5,338.7799987792969,333.0,333.6300048828125,862600
2025-10-15,330.6891174316406,332.0400085449219,339.989990234375,327.3299865722656,335.92999267578125,1018300
2025-10-16,329.2450256347656,330.5899963378906,333.3800048828125,329.510009765625,332.44000244140625,787800
2025-10-17,329.802734375,331.1499938964844,332.1600036621094,328.2099914550781,328.9200134277344,916700
2025-10-20,335.81817626953125,337.19000244140625,337.94000244140625,331.760009765625,333.0,823600
2025-10-21,339.3039245605469,340.69000244140625,341.7699890136719,337.9100036621094,337.9100036621094,946500
2025-10-22,336.8638916015625,338.239990234375,342.2799987792969,338.0899963378906,341.239990234375,1171900
2025-10-23,340.1106262207031,341.5,342.70001220703125,339.25,339.5599975585937,1198900
2025-10-24,349.3428955078125,350.7699890136719,360.5,343.5199890136719,357.0,2098000
2025-10-27,352.3306884765625,353.7699890136719,355.8399963378906,346.3299865722656,353.7799987792969,1674900
2025-10-28,345.2695617675781,346.67999267578125,352.6499938964844,346.6000061035156,352.0299987792969,926600
2025-10-29,342.08258056640625,343.4800109863281,346.0799865722656,339.7799987792969,345.260009765625,1712200
2025-10-30,343.2577819824219,344.6600036621094,349.25,343.8599853515625,344.1000061035156,1303800
2025-10-31,343.4967956542969,344.8999938964844,345.42999267578125,341.3500061035156,344.5599975585937,1520300
2025-11-03,340.4791259765625,341.8699951171875,344.04998779296875,339.44000244140625,344.0,1352400
2025-11-04,342.0726013183594,343.4700012207031,345.2300109863281,339.0,340.7900085449219,1254500
2025-11-05,341.514892578125,342.9100036621094,346.5400085449219,341.04998779296875,342.3800048828125,1088700
2025-11-06,338.9154968261719,340.29998779296875,344.2900085449219,339.739990234375,343.1099853515625,899000
2025-11-07,344.9309387207031,346.3399963378906,347.1499938964844,338.82000732421875,341.8099975585937,1209000
2025-11-10,348.068115234375,349.489990234375,349.9800109863281,344.3399963378906,345.9100036621094,923900
2025-11-11,350.9862060546875,352.4200134277344,353.489990234375,348.0899963378906,349.4599914550781,670600
2025-11-12,348.0282897949219,349.45001220703125,353.739990234375,349.3800048828125,351.8999938964844,941400
2025-11-13,342.66021728515625,344.0599975585937,350.0,342.75,349.5799865722656,975500
2025-11-14,342.84942626953125,344.25,345.5899963378906,339.1000061035156,341.8299865722656,1081500
2025-11-17,340.3894958496094,341.7799987792969,346.7699890136719,341.239990234375,345.6700134277344,909100
2025-11-18,339.9014892578125,341.2900085449219,344.8999938964844,340.5400085449219,343.57000732421875,1208700
2025-11-19,341.6642761230469,343.0599975585937,343.3800048828125,336.2900085449219,339.2699890136719,1253500
2025-11-20,338.0590209960937,339.44000244140625,349.4700012207031,338.92999267578125,347.1300048828125,892300
2025-11-21,338.9553527832031,340.3399963378906,342.2099914550781,335.45001220703125,339.010009765625,1358300
2025-11-24,336.7543334960937,338.1300048828125,339.92999267578125,334.3500061035156,337.19000244140625,1476500
2025-11-25,339.682373046875,341.07000732421875,343.0599975585937,338.7900085449219,338.7900085449219,1498700
2025-11-26,338.6565856933594,340.0400085449219,342.29998779296875,338.7900085449219,341.1400146484375,693400
2025-11-28,340.2401123046875,341.6300048828125,342.0899963378906,339.6000061035156,340.4700012207031,361400
2025-12-01,331.0277404785156,332.3800048828125,340.3099975585937,332.0799865722656,339.6300048828125,1193600
2025-12-02,334.4338073730469,335.79998779296875,337.4100036621094,332.8999938964844,334.3399963378906,980200
2025-12-03,336.7045288085937,338.0799865722656,338.4800109863281,333.5299987792969,336.75,985200
2025-12-04,340.309814453125,341.70001220703125,342.8299865722656,338.19000244140625,338.19000244140625,1412700
2025-12-05,335.93768310546875,337.3099975585937,341.5,333.989990234375,341.010009765625,1317800
2025-12-08,334.6429748535156,336.010009765625,339.04998779296875,334.3500061035156,337.95001220703125,1435600
2025-12-09,332.9100341796875,334.2699890136719,339.1499938964844,333.6199951171875,335.9700012207031,1033800
2025-12-10,340.8376770019531,342.2300109863281,344.94000244140625,333.5299987792969,333.739990234375,1654500
2025-12-11,340.0907287597656,341.4800109863281,344.5299987792969,340.1199951171875,342.3599853515625,1326100
2025-12-12,336.116943359375,337.489990234375,341.95001220703125,336.7300109863281,340.8599853515625,1226900
2025-12-15,339.3039245605469,340.69000244140625,341.2200012207031,337.3699951171875,338.32000732421875,1382500
2025-12-16,336.116943359375,337.489990234375,342.5199890136719,334.7200012207031,342.3999938964844,966300
2025-12-17,335.0413513183594,336.4100036621094,339.5299987792969,333.04998779296875,336.4100036621094,1003700
2025-12-18,335.9675598144531,337.3399963378906,340.42999267578125,336.44000244140625,337.2200012207031,992700
2025-12-19,337.97930908203125,339.3599853515625,341.4200134277344,337.0,337.8699951171875,2663400
2025-12-22,343.7856140136719,345.19000244140625,345.6700134277344,337.44000244140625,338.8699951171875,1197900
2025-12-23,342.44110107421875,343.8399963378906,347.44000244140625,343.17999267578125,345.6700134277344,1246800
2025-12-24,343.9848327636719,345.3900146484375,346.2699890136719,343.510009765625,343.5299987792969,314000
2025-12-26,340.80780029296875,342.20001220703125,346.07000732421875,341.42999267578125,344.8699951171875,464500
2025-12-29,339.09478759765625,340.4800109863281,343.7300109863281,340.3500061035156,341.94000244140625,783200
2025-12-30,338.0888977050781,339.4700012207031,341.0,339.2099914550781,340.3800048828125,662500
2025-12-31,335.2903137207031,336.6600036621094,340.989990234375,336.4800109863281,340.07000732421875,522900
2026-01-02,342.0028991699219,343.3999938964844,343.4700012207031,334.2799987792969,336.5400085449219,972200
2026-01-05,354.1134338378906,355.5599975585937,356.32000732421875,346.0299987792969,347.9200134277344,1912200
2026-01-06,359.2424621582031,360.7099914550781,361.9400024414063,356.9700012207031,357.8900146484375,1387400
2026-01-07,344.2337951660156,345.6400146484375,363.0,345.3399963378906,362.0,2049800
2026-01-08,350.0101928710937,351.44000244140625,367.6600036621094,350.6199951171875,356.7699890136719,2630200
2026-01-09,352.4502258300781,353.8900146484375,356.75,351.6499938964844,352.94000244140625,2019700
2026-01-12,359.4715270996094,360.9400024414063,361.1000061035156,354.2900085449219,356.3500061035156,1548100
2026-01-13,361.8219299316406,363.2999877929688,366.1300048828125,359.989990234375,365.1099853515625,1247400
2026-01-14,364.5109558105469,366.0,366.010009765625,359.6700134277344,361.8800048828125,1167200
2026-01-15,367.1900024414063,368.6900024414063,368.7799987792969,360.1300048828125,365.2699890136719,1503500
2026-01-16,367.3800048828125,367.3800048828125,369.7000122070313,365.4200134277344,367.2699890136719,1904200
2026-01-20,359.1700134277344,359.1700134277344,369.0,358.5199890136719,366.25,1704000
2026-01-21,364.7799987792969,364.7799987792969,367.010009765625,359.75,360.17999267578125,1076200
2026-01-22,365.8299865722656,365.8299865722656,366.989990234375,362.6300048828125,364.80999755859375,869600
2026-01-23,363.2699890136719,363.2699890136719,369.0,361.760009765625,366.5899963378906,1181600
2026-01-26,363.5400085449219,363.5400085449219,364.6700134277344,360.0,363.30999755859375,1485500
2026-01-27,366.6199951171875,366.6199951171875,367.9700012207031,362.1000061035156,364.5,1389800
2026-01-28,356.67999267578125,356.67999267578125,359.6700134277344,343.79998779296875,351.7900085449219,2327000
2026-01-29,349.95001220703125,349.95001220703125,359.0799865722656,346.5599975585937,353.9599914550781,1766900
2026-01-30,351.0899963378906,351.0899963378906,353.2799987792969,347.1600036621094,347.25,2058300
2026-02-02,346.3699951171875,346.3699951171875,350.5199890136719,344.0199890136719,349.2900085449219,1571400
2026-02-03,355.3099975585937,355.3099975585937,355.79998779296875,346.9800109863281,349.0799865722656,1899200
2026-02-04,353.3699951171875,353.3699951171875,357.2300109863281,346.8099975585937,355.5599975585937,1647300
2026-02-05,352.04998779296875,352.04998779296875,356.6300048828125,347.8099975585937,350.6000061035156,1215500
2026-02-06,360.07000732421875,360.07000732421875,361.6499938964844,354.0199890136719,354.54998779296875,1095800
2026-02-09,360.1000061035156,360.1000061035156,363.3699951171875,359.6000061035156,360.3999938964844,807400
2026-02-10,358.8299865722656,358.8299865722656,361.5,356.2799987792969,361.489990234375,694200
2026-02-11,346.3399963378906,346.3399963378906,361.4200134277344,345.1199951171875,361.0899963378906,1952500
2026-02-12,340.75,340.75,352.5400085449219,340.3599853515625,348.7200012207031,2063500
2026-02-13,347.6400146484375,347.6400146484375,349.44000244140625,341.6600036621094,341.9700012207031,1533600
2026-02-17,342.5199890136719,342.5199890136719,350.0,340.0899963378906,346.9700012207031,1699800
2026-02-18,349.489990234375,349.489990234375,349.54998779296875,343.67999267578125,344.8599853515625,1232200
2026-02-19,354.3399963378906,354.3399963378906,356.3900146484375,348.1199951171875,348.1199951171875,918400
2026-02-20,351.4200134277344,351.4200134277344,354.6499938964844,348.69000244140625,354.2099914550781,893900
