Date,Adj Close,Close,High,Low,Open,Volume
2021-02-10,50.43000030517578,60.93000030517578,61.220001220703125,60.58000183105469,60.91999816894531,3022400
2021-02-11,50.72796249389648,61.290000915527344,61.52000045776367,60.59999847412109,60.97999954223633,4502600
2021-02-12,50.26793670654297,60.09999847412109,60.70000076293945,59.5099983215332,60.45000076293945,4867000
2021-02-16,49.59881210327149,59.29999923706055,60.09999847412109,59.290000915527344,60.0099983215332,3039600
2021-02-17,49.57372283935547,59.27000045776367,59.43000030517578,58.93000030517578,59.369998931884766,2933200
2021-02-18,50.058837890625,59.84999847412109,60.34000015258789,59.25,59.31999969482422,4530700
2021-02-19,49.60717391967773,59.310001373291016,59.869998931884766,59.08000183105469,59.7599983215332,3194800
2021-02-22,49.590450286865234,59.290000915527344,59.56999969482422,58.43999862670898,59.31999969482422,4076100
2021-02-23,49.28097534179688,58.91999816894531,60.290000915527344,58.90999984741211,59.220001220703125,3990600
2021-02-24,48.82931900024414,58.380001068115234,58.93000030517578,58.13999938964844,58.77000045776367,5076900
2021-02-25,48.31074523925781,57.7599983215332,58.650001525878906,57.619998931884766,58.27999877929688,4064300
2021-02-26,47.44088363647461,56.720001220703125,58.34000015258789,56.68999862670898,58.04999923706055,6092400
2021-03-01,48.32747268676758,57.77999877929688,58.58000183105469,57.27000045776367,57.27000045776367,3210700
2021-03-02,48.36930084228516,57.83000183105469,58.33000183105469,57.11000061035156,57.810001373291016,3574200
2021-03-03,48.168556213378906,57.59000015258789,57.77999877929688,57.060001373291016,57.5,3859400
2021-03-04,48.018009185791016,57.40999984741211,58.68999862670898,57.02000045776367,57.810001373291016,4843400
2021-03-05,48.804229736328125,58.34999847412109,58.63999938964844,57.060001373291016,57.56999969482422,4435200
2021-03-08,49.85809326171875,59.61000061035156,59.869998931884766,58.61000061035156,59.150001525878906,7440100
2021-03-09,49.69082260131836,59.40999984741211,59.959999084472656,59.2400016784668,59.70000076293945,4703100
2021-03-10,50.00028991699219,59.77999877929688,60.20000076293945,59.290000915527344,59.40999984741211,4075700
2021-03-11,49.58208084106445,59.27999877929688,60.150001525878906,59.25,59.56999969482422,3351000
2021-03-12,50.05047225952149,59.84000015258789,60.220001220703125,59.33000183105469,59.58000183105469,4062400
2021-03-15,51.00397491455078,60.97999954223633,61.130001068115234,59.86000061035156,60.0,3470200
2021-03-16,51.22979736328125,61.25,61.45000076293945,60.619998931884766,60.77999877929688,4410500
2021-03-17,50.769775390625,60.70000076293945,61.27999877929688,60.66999816894531,61.25,3850300
2021-03-18,50.51885986328125,60.400001525878906,60.90999984741211,59.81999969482422,60.709999084472656,4042900
2021-03-19,49.93336868286133,59.70000076293945,60.27999877929688,58.52999877929688,59.79999923706055,8891400
2021-03-22,49.92500686645508,59.68999862670898,59.88999938964844,59.27999877929688,59.5,3026900
2021-03-23,50.71123504638672,60.630001068115234,60.970001220703125,59.52000045776367,59.7599983215332,3601400
2021-03-24,50.76141357421875,60.68999862670898,61.290000915527344,60.18999862670898,60.27999877929688,3485600
2021-03-25,51.33854293823242,61.380001068115234,61.810001373291016,60.720001220703125,61.0,4303700
2021-03-26,51.57272720336914,61.65999984741211,61.7400016784668,60.869998931884766,61.34000015258789,2929100
2021-03-29,52.124755859375,62.31999969482422,62.59999847412109,61.58000183105469,61.65999984741211,4505600
2021-03-30,51.47236251831055,61.540000915527344,62.02999877929688,61.150001525878906,62.02000045776367,3008300
2021-03-31,51.99093246459961,62.15999984741211,62.27999877929688,61.5,61.630001068115234,4346900
2021-04-01,52.13311767578125,62.33000183105469,62.33000183105469,61.58000183105469,62.25,3396300
2021-04-05,52.40913009643555,62.65999984741211,62.970001220703125,62.20000076293945,62.20000076293945,3104000
2021-04-06,52.78551483154297,63.11000061035156,63.150001525878906,62.2599983215332,62.45000076293945,2879900
2021-04-07,52.52622222900391,62.79999923706055,63.36000061035156,62.59999847412109,63.13999938964844,2311400
2021-04-08,52.57641220092773,62.86000061035156,63.33000183105469,62.68000030517578,62.93999862670898,3717500
2021-04-09,52.467681884765625,62.72999954223633,63.13999938964844,62.68000030517578,62.970001220703125,2641800
2021-04-12,52.60150909423828,62.88999938964844,63.220001220703125,62.630001068115234,62.81999969482422,3240900
2021-04-13,53.16189956665039,63.560001373291016,63.86000061035156,62.5,62.5,4413500
2021-04-14,53.43790435791016,63.88999938964844,63.93000030517578,63.2599983215332,63.380001068115234,3455000
2021-04-15,53.939754486083984,64.48999786376953,64.61000061035156,63.68000030517578,63.91999816894531,4773900
2021-04-16,54.37469482421875,65.01000213623047,65.26000213623047,64.56999969482422,65.0,5307800
2021-04-19,54.29940414428711,64.91999816894531,65.13999938964844,64.4000015258789,65.0199966430664,3555000
2021-04-20,55.27799606323242,66.08999633789062,66.4000015258789,64.81999969482422,64.91000366210938,4870900
2021-04-21,54.97689437866211,65.7300033569336,66.4000015258789,65.38999938964844,66.18000030517578,3331700
2021-04-22,54.449951171875,65.0999984741211,65.94000244140625,65.05000305175781,65.62999725341797,3975400
2021-04-23,54.642333984375,65.33000183105469,65.63999938964844,65.05000305175781,65.18000030517578,3885800
2021-04-26,54.08194351196289,64.66000366210938,65.45999908447266,64.5199966430664,65.45999908447266,3924700
2021-04-27,53.80593490600586,64.33000183105469,64.6500015258789,64.18000030517578,64.58000183105469,2967900
2021-04-28,53.81428909301758,64.33999633789062,64.62999725341797,64.08999633789062,64.38999938964844,3610200
2021-04-29,54.50014877319336,65.16000366210938,65.33999633789062,64.0999984741211,64.19000244140625,5034800
2021-04-30,55.34490585327149,66.16999816894531,66.2300033569336,65.01000213623047,65.37000274658203,5414000
2021-05-03,55.24454498291016,66.05000305175781,66.69999694824219,65.83000183105469,66.18000030517578,3764600
2021-05-04,55.55401992797852,66.41999816894531,66.70999908447266,65.8499984741211,66.22000122070312,3815300
2021-05-05,54.74270248413086,65.44999694824219,66.30000305175781,64.87000274658203,66.20999908447266,4259400
2021-05-06,55.24454498291016,66.05000305175781,66.16999816894531,65.2300033569336,65.58999633789062,3333600
2021-05-07,55.42018508911133,66.26000213623047,66.51000213623047,65.80000305175781,65.91999816894531,3608800
2021-05-10,55.46200942993164,66.30999755859375,66.93000030517578,66.29000091552734,66.44999694824219,3753400
2021-05-11,55.03544616699219,65.80000305175781,66.45999908447266,65.43000030517578,66.30000305175781,4057700
2021-05-12,53.83102416992188,64.36000061035156,65.7300033569336,64.30999755859375,65.6500015258789,3781500
2021-05-13,54.97689437866211,65.7300033569336,66.16000366210938,64.4000015258789,64.51000213623047,3533700
2021-05-14,55.01069259643555,65.11000061035156,65.55999755859375,65.05000305175781,65.16000366210938,3859600
2021-05-17,54.44461441040039,64.44000244140625,65.66999816894531,64.4000015258789,65.11000061035156,4449900
2021-05-18,54.20804214477539,64.16000366210938,64.77999877929688,64.0999984741211,64.44999694824219,4955800
2021-05-19,54.05596160888672,63.97999954223633,64.0,63.02000045776367,63.720001220703125,4758900
2021-05-20,54.12356185913086,64.05999755859375,64.56999969482422,63.790000915527344,64.0,3520000
2021-05-21,54.3939208984375,64.37999725341797,64.58999633789062,63.84999847412109,64.26000213623047,6245500
2021-05-24,54.427711486816406,64.41999816894531,64.77999877929688,64.22000122070312,64.62999725341797,2566200
2021-05-25,54.14045333862305,64.08000183105469,64.43000030517578,63.72999954223633,64.4000015258789,3634500
2021-05-26,53.83629989624024,63.720001220703125,64.05999755859375,63.59999847412109,63.9900016784668,2895300
2021-05-27,53.78560256958008,63.65999984741211,63.970001220703125,63.52999877929688,63.93999862670898,5675000
2021-05-28,54.00527191162109,63.91999816894531,64.13999938964844,63.72999954223633,64.0,3754600
2021-06-01,53.59127426147461,63.43000030517578,64.18000030517578,63.310001373291016,64.12999725341797,4008900
2021-06-02,53.988380432128906,63.900001525878906,64.37999725341797,63.310001373291016,63.66999816894531,3012600
2021-06-03,54.461517333984375,64.45999908447266,64.68000030517578,63.56999969482422,63.95000076293945,3245100
2021-06-04,54.36857986450195,64.3499984741211,64.7699966430664,64.30999755859375,64.62000274658203,2950200
2021-06-07,54.63894271850586,64.66999816894531,64.93000030517578,64.29000091552734,64.5,5518800
2021-06-08,53.59971618652344,63.43999862670898,64.80000305175781,63.400001525878906,64.80000305175781,4757400
2021-06-09,53.760250091552734,63.630001068115234,63.720001220703125,63.06999969482422,63.41999816894531,4454800
2021-06-10,53.97147750854492,63.880001068115234,63.93999862670898,63.47999954223633,63.7400016784668,3162600
2021-06-11,53.946136474609375,63.84999847412109,63.970001220703125,63.4900016784668,63.7599983215332,3123400
2021-06-14,53.89543533325195,63.790000915527344,64.13999938964844,63.540000915527344,63.77000045776367,3300900
2021-06-15,54.34322738647461,64.31999969482422,64.68000030517578,63.81999969482422,63.900001525878906,3155700
2021-06-16,53.211082458496094,62.97999954223633,64.58000183105469,62.959999084472656,64.37000274658203,4200200
2021-06-17,53.52368927001953,63.34999847412109,63.63999938964844,62.72999954223633,63.0099983215332,4425800
2021-06-18,51.91839599609375,61.45000076293945,63.09000015258789,61.380001068115234,63.040000915527344,6549300
2021-06-21,52.80552673339844,62.5,62.91999816894531,61.540000915527344,61.720001220703125,4303000
2021-06-22,52.4506721496582,62.08000183105469,62.7400016784668,62.040000915527344,62.36000061035156,3626200
2021-06-23,51.93529510498047,61.470001220703125,62.060001373291016,61.22999954223633,62.0099983215332,4500900
2021-06-24,51.52130126953125,60.97999954223633,61.58000183105469,60.93000030517578,61.540000915527344,4963900
2021-06-25,51.98598861694336,61.52999877929688,61.59999847412109,60.59000015258789,60.970001220703125,4703900
2021-06-28,51.95219421386719,61.4900016784668,61.91999816894531,61.34000015258789,61.75,2363300
2021-06-29,51.08196258544922,60.459999084472656,61.66999816894531,60.27999877929688,61.220001220703125,4097100
2021-06-30,51.12419509887695,60.5099983215332,60.68999862670898,60.119998931884766,60.45000076293945,4155200
2021-07-01,51.94374465942383,61.47999954223633,61.650001525878906,60.59999847412109,60.79999923706055,3635500
2021-07-02,51.98598861694336,61.52999877929688,61.61000061035156,61.25,61.5099983215332,2940600
2021-07-06,52.07892608642578,61.63999938964844,61.66999816894531,60.7599983215332,61.52000045776367,3030600
2021-07-07,52.12116241455078,61.68999862670898,61.77000045776367,61.18999862670898,61.5,3001400
2021-07-08,52.00288391113281,61.54999923706055,61.84000015258789,61.290000915527344,61.400001525878906,3480100
2021-07-09,51.93529510498047,61.470001220703125,61.77999877929688,61.060001373291016,61.65999984741211,3688600
2021-07-12,52.214111328125,61.79999923706055,61.88999938964844,61.150001525878906,61.34000015258789,3121400
2021-07-13,51.82546615600586,61.34000015258789,61.84000015258789,61.119998931884766,61.720001220703125,2426200
2021-07-14,52.2901496887207,61.88999938964844,62.13999938964844,61.060001373291016,61.31999969482422,2969500
2021-07-15,52.94915390014648,62.66999816894531,62.720001220703125,61.560001373291016,61.560001373291016,3600700
2021-07-16,53.320919036865234,63.11000061035156,63.43999862670898,62.56999969482422,62.7400016784668,3651400
2021-07-19,53.05054473876953,62.790000915527344,63.630001068115234,61.810001373291016,62.93000030517578,6866700
2021-07-20,53.18572998046875,62.95000076293945,63.95000076293945,62.79999923706055,63.0,4566500
2021-07-21,53.07589340209961,62.81999969482422,63.61000061035156,62.75,63.040000915527344,3966100
2021-07-22,53.211082458496094,62.97999954223633,63.400001525878906,62.81999969482422,62.88999938964844,4387500
2021-07-23,53.95458221435547,63.86000061035156,63.97999954223633,63.0,63.06999969482422,2823600
2021-07-26,53.8447380065918,63.72999954223633,64.12999725341797,63.5,63.900001525878906,3960800
2021-07-27,54.529109954833984,64.54000091552734,64.83000183105469,63.2400016784668,63.58000183105469,5830100
2021-07-28,54.064414978027344,63.9900016784668,64.70999908447266,63.54999923706055,64.70999908447266,5104800
2021-07-29,54.461517333984375,64.45999908447266,64.69000244140625,63.68000030517578,63.790000915527344,4512500
2021-07-30,53.96303176879883,63.869998931884766,64.87000274658203,63.709999084472656,64.19000244140625,5192100
2021-08-02,54.14045333862305,64.08000183105469,64.41999816894531,63.75,63.9900016784668,3616700
2021-08-03,54.18270111083984,64.12999725341797,64.55000305175781,63.68999862670898,64.0999984741211,4137500
2021-08-04,54.09821319580078,64.02999877929688,64.16000366210938,63.13999938964844,64.0,4537700
2021-08-05,54.73187255859375,64.77999877929688,64.80999755859375,63.959999084472656,64.13999938964844,3792300
2021-08-06,54.66428756713867,64.69999694824219,65.0999984741211,64.51000213623047,64.83000183105469,3327000
2021-08-09,54.79101943969727,64.8499984741211,64.91000366210938,64.4000015258789,64.83999633789062,2906600
2021-08-10,55.09518051147461,65.20999908447266,65.43000030517578,64.5999984741211,64.91999816894531,3484600
2021-08-11,55.45002365112305,65.62999725341797,66.0,65.20999908447266,65.25,3452600
2021-08-12,55.52607727050781,65.72000122070312,65.97000122070312,65.5199966430664,65.6500015258789,5412400
2021-08-13,55.92720413208008,65.52999877929688,65.63999938964844,64.97000122070312,65.1500015258789,3635200
2021-08-16,56.65264129638672,66.37999725341797,66.86000061035156,65.55999755859375,65.62999725341797,5504500
2021-08-17,56.71237564086914,66.44999694824219,66.61000061035156,65.88999938964844,66.36000061035156,5004300
2021-08-18,56.33686065673828,66.01000213623047,66.5199966430664,65.77999877929688,66.44000244140625,3545700
2021-08-19,56.65264129638672,66.37999725341797,66.70999908447266,65.9800033569336,66.05999755859375,4005800
2021-08-20,57.45489501953125,67.31999969482422,67.45999908447266,65.95999908447266,66.37000274658203,4319000
2021-08-23,56.9001350402832,66.66999816894531,67.31999969482422,66.61000061035156,67.13999938964844,4798200
2021-08-24,56.097900390625,65.7300033569336,66.61000061035156,65.44000244140625,66.61000061035156,5062700
2021-08-25,56.21738052368164,65.87000274658203,66.16000366210938,65.4000015258789,65.62000274658203,3037100
2021-08-26,56.44781494140625,66.13999938964844,66.2699966430664,65.66999816894531,65.87999725341797,3378600
2021-08-27,56.31978225708008,65.98999786376953,66.41999816894531,65.83000183105469,66.2699966430664,3579600
2021-08-30,56.11495208740234,65.75,65.98999786376953,65.6500015258789,65.86000061035156,3221100
2021-08-31,56.097900390625,65.7300033569336,65.95999908447266,65.38999938964844,65.6500015258789,4581500
2021-09-01,56.73798751831055,66.4800033569336,66.76000213623047,65.8499984741211,65.97000122070312,3574900
2021-09-02,57.05375671386719,66.8499984741211,66.9800033569336,66.52999877929688,66.5999984741211,3544200
2021-09-03,56.55875015258789,66.2699966430664,66.79000091552734,66.19000244140625,66.79000091552734,2891300
2021-09-07,56.49047470092773,66.19000244140625,67.11000061035156,66.06999969482422,66.86000061035156,6416900
2021-09-08,57.44635772705078,67.30999755859375,67.45999908447266,66.01000213623047,66.22000122070312,4759600
2021-09-09,57.33540344238281,67.18000030517578,67.54000091552734,67.08999633789062,67.26000213623047,4789800
2021-09-10,56.5075569152832,66.20999908447266,67.11000061035156,66.11000061035156,67.04000091552734,3818800
2021-09-13,56.60997772216797,66.33000183105469,66.87000274658203,66.02999877929688,66.63999938964844,3243700
2021-09-14,56.30272674560547,65.97000122070312,66.63999938964844,65.7699966430664,66.4000015258789,3252700
2021-09-15,56.33686065673828,66.01000213623047,66.33999633789062,65.41999816894531,65.76000213623047,3037000
2021-09-16,55.79917526245117,65.37999725341797,66.33999633789062,65.20999908447266,66.12999725341797,4049400
2021-09-17,54.74088668823242,64.13999938964844,65.37999725341797,64.08000183105469,65.01000213623047,9457600
2021-09-20,54.58726501464844,63.959999084472656,64.5,63.290000915527344,64.05000305175781,4444100
2021-09-21,54.459251403808594,63.810001373291016,64.68000030517578,63.79999923706055,64.1500015258789,3381600
2021-09-22,54.2885627746582,63.61000061035156,64.16999816894531,63.47999954223633,64.01000213623047,3500100
2021-09-23,54.10933303833008,63.400001525878906,64.08000183105469,63.31999969482422,63.619998931884766,2802500
2021-09-24,53.90450286865234,63.15999984741211,63.7400016784668,63.0099983215332,63.31999969482422,3449600
2021-09-27,53.29001235961914,62.43999862670898,63.709999084472656,62.400001525878906,63.150001525878906,3375400
2021-09-28,52.86327362060547,61.93999862670898,62.619998931884766,61.560001373291016,62.470001220703125,5101000
2021-09-29,53.46070098876953,62.63999938964844,63.130001068115234,61.810001373291016,61.970001220703125,3889600
2021-09-30,52.88888549804688,61.970001220703125,62.90999984741211,61.93000030517578,62.810001373291016,4987400
2021-10-01,52.70112228393555,61.75,62.380001068115234,61.59000015258789,62.34999847412109,4654900
2021-10-04,53.281471252441406,62.43000030517578,62.630001068115234,61.5,61.560001373291016,6268900
2021-10-05,52.965702056884766,62.060001373291016,62.84999847412109,61.91999816894531,62.65999984741211,4266400
2021-10-06,53.537506103515625,62.72999954223633,62.77999877929688,61.459999084472656,61.81999969482422,3386900
2021-10-07,53.486305236816406,62.66999816894531,63.47999954223633,62.5,63.0,2863400
2021-10-08,53.39241790771485,62.560001373291016,62.959999084472656,62.380001068115234,62.650001525878906,2624000
2021-10-11,52.84621047973633,61.91999816894531,62.47999954223633,61.75,62.380001068115234,3238300
2021-10-12,52.99983215332031,62.09999847412109,62.41999816894531,61.7599983215332,61.95000076293945,2600900
2021-10-13,53.34975051879883,62.5099983215332,62.560001373291016,61.5099983215332,62.04999923706055,3200100
2021-10-14,53.98984909057617,63.2599983215332,63.34000015258789,62.52999877929688,62.7599983215332,2853900
2021-10-15,53.87888717651367,63.130001068115234,63.70000076293945,63.0099983215332,63.25,2895900
2021-10-18,53.29854583740234,62.45000076293945,62.75,62.0099983215332,62.63999938964844,4180200
2021-10-19,53.74234390258789,62.970001220703125,63.150001525878906,62.540000915527344,62.630001068115234,2661200
2021-10-20,54.373905181884766,63.709999084472656,63.970001220703125,63.209999084472656,63.209999084472656,2688200
2021-10-21,54.75796127319336,64.16000366210938,64.18000030517578,63.7599983215332,63.84999847412109,2895000
2021-10-22,53.72527694702149,62.95000076293945,64.25,62.900001525878906,64.16999816894531,5067200
2021-10-25,53.60579681396485,62.810001373291016,63.209999084472656,62.619998931884766,62.79999923706055,2632300
2021-10-26,54.00691223144531,63.27999877929688,63.86000061035156,62.84999847412109,62.93000030517578,3686000
2021-10-27,53.46070098876953,62.63999938964844,63.43999862670898,62.58000183105469,63.22999954223633,2854400
2021-10-28,53.54604721069336,62.7400016784668,62.84000015258789,62.2599983215332,62.52000045776367,2714600
2021-10-29,53.18759536743164,62.31999969482422,63.09000015258789,62.060001373291016,62.709999084472656,3718700
2021-11-01,53.32414245605469,62.47999954223633,62.75,62.18000030517578,62.400001525878906,3469600
2021-11-02,53.33268356323242,62.4900016784668,62.7599983215332,62.08000183105469,62.68000030517578,3806200
2021-11-03,53.38389587402344,62.54999923706055,62.70000076293945,61.90999984741211,62.29999923706055,4064100
2021-11-04,53.34122467041016,62.5,62.7400016784668,61.77000045776367,62.61000061035156,3797400
2021-11-05,53.853294372558594,63.09999847412109,63.36000061035156,62.560001373291016,62.72999954223633,3611600
2021-11-08,53.44362258911133,62.619998931884766,63.36000061035156,62.2400016784668,63.34000015258789,4727100
2021-11-09,54.066654205322266,63.34999847412109,63.56999969482422,62.5099983215332,62.65999984741211,5442700
2021-11-10,54.50191879272461,63.86000061035156,63.95000076293945,62.970001220703125,63.09999847412109,3753300
2021-11-11,53.81061935424805,63.04999923706055,63.810001373291016,62.720001220703125,63.63999938964844,3772600
2021-11-12,53.379371643066406,61.88999938964844,62.43000030517578,61.630001068115234,62.18999862670898,4157600
2021-11-15,53.64674758911133,62.20000076293945,62.38999938964844,61.77000045776367,62.11000061035156,3473700
2021-11-16,53.4742546081543,62.0,62.650001525878906,61.970001220703125,62.34999847412109,4492500
2021-11-17,53.62086868286133,62.16999816894531,62.290000915527344,61.52000045776367,62.0,3727000
2021-11-18,53.15513229370117,61.630001068115234,62.040000915527344,61.47999954223633,61.9900016784668,3160400
2021-11-19,54.05210876464844,62.66999816894531,62.72999954223633,61.5099983215332,61.7599983215332,5363700
2021-11-22,54.44023513793945,63.119998931884766,63.22999954223633,62.27999877929688,62.59000015258789,3622900
2021-11-23,54.34536361694336,63.0099983215332,63.58000183105469,62.79999923706055,63.25,3391400
2021-11-24,54.42298126220703,63.09999847412109,63.2400016784668,62.72999954223633,63.11000061035156,2793800
2021-11-26,53.50874328613281,62.040000915527344,63.09999847412109,61.95000076293945,62.7400016784668,2353900
2021-11-29,54.18148422241211,62.81999969482422,63.0,62.0,62.290000915527344,6722200
2021-11-30,52.6980094909668,61.09999847412109,62.68000030517578,60.9900016784668,62.68000030517578,6875800
2021-12-01,52.732513427734375,61.13999938964844,62.63999938964844,61.09999847412109,61.45000076293945,5750300
2021-12-02,53.482872009277344,62.0099983215332,62.7400016784668,61.310001373291016,61.34999847412109,5742000
2021-12-03,54.19011688232422,62.83000183105469,62.86000061035156,61.83000183105469,62.470001220703125,5959400
2021-12-06,55.76847076416016,64.66000366210938,65.91000366210938,63.650001525878906,63.93000030517578,8959500
2021-12-07,55.6046028137207,64.47000122070312,64.87000274658203,63.91999816894531,64.4000015258789,4280400
2021-12-08,55.84609222412109,64.75,64.91000366210938,64.26000213623047,64.5199966430664,4511100
2021-12-09,55.69084548950195,64.56999969482422,64.91000366210938,64.06999969482422,64.7699966430664,4872800
2021-12-10,56.13071823120117,65.08000183105469,65.44000244140625,64.56999969482422,64.88999938964844,4207500
2021-12-13,57.07944869995117,66.18000030517578,66.55999755859375,65.0,65.05000305175781,8051400
2021-12-14,56.8983268737793,65.97000122070312,66.45999908447266,65.66999816894531,66.16999816894531,4289700
2021-12-15,57.57106399536133,66.75,67.0199966430664,65.62999725341797,65.62999725341797,5217700
2021-12-16,58.26105880737305,67.55000305175781,67.66000366210938,66.55999755859375,66.7300033569336,4740400
2021-12-17,57.648681640625,66.83999633789062,68.20999908447266,66.75,67.5,10776000
2021-12-20,57.89018630981445,67.12000274658203,67.25,65.7300033569336,66.13999938964844,4457300
2021-12-21,57.26057815551758,66.38999938964844,67.5,66.2699966430664,67.3499984741211,6802800
2021-12-22,57.48482131958008,66.6500015258789,66.73999786376953,66.26000213623047,66.26000213623047,2349700
2021-12-23,57.38994598388672,66.54000091552734,67.05000305175781,66.5199966430664,66.80000305175781,2126500
2021-12-27,57.75219345092773,66.95999908447266,66.9800033569336,66.37000274658203,66.69999694824219,1888800
2021-12-28,58.41630935668945,67.7300033569336,67.73999786376953,67.0,67.1500015258789,2152800
2021-12-29,58.70955276489258,68.06999969482422,68.12000274658203,67.66000366210938,67.75,2321300
2021-12-30,58.959659576416016,68.36000061035156,68.43000030517578,67.7699966430664,68.22000122070312,3203800
2021-12-31,59.1494140625,68.58000183105469,68.87999725341797,68.16000366210938,68.26000213623047,3609700
2022-01-03,58.795806884765625,68.16999816894531,68.54000091552734,67.36000061035156,68.5,3616600
2022-01-04,58.795806884765625,68.16999816894531,69.12000274658203,67.93000030517578,68.0199966430664,5259900
2022-01-05,58.86479949951172,68.25,68.97000122070312,67.6500015258789,67.6500015258789,4542900
2022-01-06,58.795806884765625,68.16999816894531,68.69999694824219,67.80999755859375,68.33000183105469,4015300
2022-01-07,59.201168060302734,68.63999938964844,69.13999938964844,67.47000122070312,67.87999725341797,4380300
2022-01-10,59.10628509521485,68.52999877929688,69.2300033569336,68.37000274658203,68.58999633789062,5599200
2022-01-11,58.347312927246094,67.6500015258789,68.68000030517578,67.22000122070312,68.52999877929688,4071900
2022-01-12,58.45942306518555,67.77999877929688,67.94000244140625,67.18000030517578,67.30999755859375,3043500
2022-01-13,58.951053619384766,68.3499984741211,68.52999877929688,67.54000091552734,67.87000274658203,3617800
2022-01-14,59.21841049194336,68.66000366210938,68.73999786376953,67.91999816894531,68.4000015258789,5700600
2022-01-18,58.65779495239258,68.01000213623047,68.48999786376953,67.31999969482422,68.29000091552734,4240300
2022-01-19,58.93380355834961,68.33000183105469,68.93000030517578,67.75,68.12000274658203,3728000
2022-01-20,58.545677185058594,67.87999725341797,68.94000244140625,67.79000091552734,68.43000030517578,4225100
2022-01-21,58.48530197143555,67.80999755859375,68.70999908447266,67.66000366210938,68.52999877929688,5959000
2022-01-24,58.10580062866211,67.37000274658203,68.0999984741211,65.4000015258789,67.7699966430664,8840400
2022-01-25,58.00230407714844,67.25,67.80000305175781,66.70999908447266,66.94000244140625,8001100
2022-01-26,57.803932189941406,67.0199966430664,68.04000091552734,66.44000244140625,67.19000244140625,6076000
2022-01-27,58.67504119873047,68.02999877929688,68.69000244140625,67.4800033569336,67.5,6318100
2022-01-28,59.51166534423828,69.0,69.02999877929688,67.63999938964844,68.0,6140300
2022-01-31,59.93427276611328,69.48999786376953,69.7699966430664,68.29000091552734,68.43000030517578,14481900
2022-02-01,58.64055252075195,67.98999786376953,69.27999877929688,67.44000244140625,69.2300033569336,6632600
2022-02-02,59.347782135009766,68.80999755859375,68.94000244140625,67.58999633789062,68.05000305175781,6443600
2022-02-03,59.7272834777832,69.25,69.38999938964844,68.41000366210938,69.0,5654100
2022-02-04,59.24430084228516,68.69000244140625,69.27999877929688,68.13999938964844,68.6500015258789,6456000
2022-02-07,58.347312927246094,67.6500015258789,68.11000061035156,67.20999908447266,67.9000015258789,7758700
2022-02-08,58.5543098449707,67.88999938964844,68.2699966430664,67.63999938964844,68.18000030517578,4136900
2022-02-09,58.718170166015625,68.08000183105469,68.38999938964844,67.70999908447266,68.33000183105469,4001200
2022-02-10,56.88106918334961,65.94999694824219,67.80000305175781,65.81999969482422,67.80000305175781,7823100
2022-02-11,57.605567932128906,66.79000091552734,67.16000366210938,66.16000366210938,66.2300033569336,8139100
2022-02-14,56.79482650756836,65.8499984741211,67.05999755859375,65.18000030517578,66.9000015258789,7365500
2022-02-15,56.07895660400391,65.0199966430664,66.47000122070312,64.66000366210938,66.27999877929688,6117700
2022-02-16,55.94959259033203,64.87000274658203,65.47000122070312,64.30999755859375,65.06999969482422,7320400
2022-02-17,55.88059997558594,64.79000091552734,65.08999633789062,63.45000076293945,63.880001068115234,7046400
2022-02-18,55.56689453125,63.77000045776367,64.30999755859375,63.40999984741211,63.79999923706055,9113100
2022-02-22,56.02000427246094,64.29000091552734,64.54000091552734,63.16999816894531,63.880001068115234,7425800
2022-02-23,54.75652694702149,62.84000015258789,64.58999633789062,62.72999954223633,64.30000305175781,5992500
2022-02-24,54.7913818359375,62.880001068115234,62.970001220703125,61.77000045776367,62.5,8625500
2022-02-25,56.67352294921875,65.04000091552734,65.08000183105469,63.310001373291016,63.52000045776367,8768800
2022-02-28,56.43826675415039,64.7699966430664,64.9800033569336,64.0999984741211,64.5999984741211,8132900
2022-03-01,55.85444641113281,64.0999984741211,65.05999755859375,62.970001220703125,64.7300033569336,7192400
2022-03-02,56.26398849487305,64.56999969482422,64.8499984741211,63.970001220703125,64.13999938964844,4959200
2022-03-03,57.85858917236328,66.4000015258789,66.73999786376953,64.83999633789062,64.86000061035156,6799700
2022-03-04,58.88679885864258,67.58000183105469,67.61000061035156,65.66000366210938,65.93000030517578,6514700
2022-03-07,60.32454681396485,69.2300033569336,69.63999938964844,66.9000015258789,67.80000305175781,9994900
2022-03-08,59.09593200683594,67.81999969482422,69.48999786376953,67.7300033569336,68.91999816894531,7528900
2022-03-09,58.485965728759766,67.12000274658203,68.44999694824219,67.06999969482422,68.2699966430664,5795800
2022-03-10,59.7843017578125,68.61000061035156,68.75,66.8499984741211,67.01000213623047,5693500
2022-03-11,59.8540153503418,68.69000244140625,69.1500015258789,68.33000183105469,68.33000183105469,4415500
2022-03-14,59.82786178588867,68.66000366210938,69.44999694824219,68.27999877929688,68.94000244140625,4530200
2022-03-15,59.82786178588867,68.66000366210938,69.5,68.33999633789062,69.38999938964844,4836700
2022-03-16,59.70587158203125,68.5199966430664,68.68000030517578,67.4800033569336,68.44000244140625,5351500
2022-03-17,59.61003875732422,68.41000366210938,69.08999633789062,68.23999786376953,68.58000183105469,5035900
2022-03-18,59.27890396118164,68.02999877929688,68.81999969482422,67.61000061035156,68.55999755859375,8192100
2022-03-21,60.02828598022461,68.88999938964844,69.2300033569336,68.16000366210938,68.25,4730600
2022-03-22,59.9672966003418,68.81999969482422,69.02999877929688,68.22000122070312,68.95999908447266,3441000
2022-03-23,59.94114303588867,68.79000091552734,69.23999786376953,68.37999725341797,68.80000305175781,3724000
2022-03-24,60.38554382324219,69.30000305175781,69.58000183105469,68.7300033569336,68.76000213623047,3889000
2022-03-25,61.80587768554688,70.93000030517578,70.93000030517578,69.37999725341797,69.5,5845600
2022-03-28,61.86685943603516,71.0,71.16999816894531,70.30000305175781,70.98999786376953,3276800
2022-03-29,62.7905158996582,72.05999755859375,72.06999969482422,70.72000122070312,71.0,5422300
2022-03-30,63.17390060424805,72.5,72.5,71.7699966430664,72.0,3956900
2022-03-31,63.18262481689453,72.51000213623047,73.18000030517578,72.37999725341797,72.48999786376953,5688300
2022-04-01,64.58551788330078,74.12000274658203,74.19000244140625,71.97000122070312,72.33000183105469,6034300
2022-04-04,63.714149475097656,73.12000274658203,73.62000274658203,72.4800033569336,73.44999694824219,4660800
2022-04-05,64.78593444824219,74.3499984741211,75.13999938964844,73.31999969482422,73.41999816894531,6729800
2022-04-06,66.6680679321289,76.51000213623047,76.52999877929688,74.41000366210938,74.68000030517578,6877400
2022-04-07,66.0145492553711,75.76000213623047,76.26000213623047,75.04000091552734,76.05000305175781,6436300
2022-04-08,66.6506576538086,76.48999786376953,76.69000244140625,75.63999938964844,75.98999786376953,3731200
2022-04-11,64.89920806884766,74.4800033569336,76.87000274658203,74.36000061035156,76.48999786376953,8172500
2022-04-12,65.8228530883789,75.54000091552734,75.93000030517578,73.98999786376953,74.45999908447266,6069500
2022-04-13,65.66598510742188,75.36000061035156,75.63999938964844,74.55999755859375,75.55000305175781,4667200
2022-04-14,66.21495056152344,75.98999786376953,76.27999877929688,74.9800033569336,75.41000366210938,5925800
2022-04-18,66.0755386352539,75.83000183105469,76.56999969482422,75.45999908447266,76.0,3716600
2022-04-19,66.45894622802734,76.2699966430664,76.44000244140625,75.43000030517578,76.22000122070312,3759200
2022-04-20,66.65936279296875,76.5,77.08000183105469,76.4000015258789,76.91000366210938,4583000
2022-04-21,66.62451171875,76.45999908447266,77.23999786376953,76.0999984741211,76.27999877929688,4898800
2022-04-22,66.145263671875,75.91000366210938,76.79000091552734,75.81999969482422,76.5,4861700
2022-04-25,65.32617950439453,74.97000122070312,76.31999969482422,73.94000244140625,76.13999938964844,7424100
2022-04-26,64.25440979003906,73.73999786376953,75.41999816894531,73.72000122070312,74.75,6880500
2022-04-27,64.02784729003906,73.4800033569336,74.5199966430664,72.8499984741211,73.9000015258789,6407600
2022-04-28,65.85770416259766,75.58000183105469,76.13999938964844,73.9000015258789,74.63999938964844,5702100
2022-04-29,63.94941711425781,73.38999938964844,75.37000274658203,73.2699966430664,75.29000091552734,8189500
2022-05-02,63.79255676269531,73.20999908447266,74.2699966430664,72.12999725341797,74.04000091552734,6371900
2022-05-03,63.714149475097656,73.12000274658203,74.52999877929688,72.86000061035156,73.18000030517578,4747600
2022-05-04,64.97764587402344,74.56999969482422,74.77999877929688,73.20999908447266,73.55000305175781,5712500
2022-05-05,64.53323364257812,74.05999755859375,75.13999938964844,73.43000030517578,74.25,4969700
2022-05-06,65.06477355957031,74.66999816894531,74.87000274658203,73.5199966430664,73.87000274658203,5242400
2022-05-09,64.6813735961914,74.2300033569336,75.0,73.30000305175781,74.30000305175781,6063500
2022-05-10,63.78385543823242,73.19999694824219,75.37000274658203,72.55000305175781,74.30000305175781,5314100
2022-05-11,64.46353149414062,73.9800033569336,74.98999786376953,73.19999694824219,73.41000366210938,5758900
2022-05-12,64.5506591796875,74.08000183105469,74.30999755859375,72.55000305175781,73.9800033569336,6631400
2022-05-13,64.77052307128906,73.6500015258789,74.02999877929688,72.66999816894531,73.9000015258789,5018100
2022-05-16,65.29820251464844,74.25,74.61000061035156,73.58999633789062,73.91000366210938,4537900
2022-05-17,65.2102279663086,74.1500015258789,74.61000061035156,72.9000015258789,74.5,4527900
2022-05-18,64.92002868652344,73.81999969482422,74.77999877929688,73.6500015258789,74.5999984741211,5498700
2022-05-19,64.48910522460938,73.33000183105469,73.8499984741211,72.5199966430664,73.70999908447266,5814900
2022-05-20,64.55945587158203,73.41000366210938,73.7699966430664,72.44000244140625,73.27999877929688,5758200
2022-05-23,65.2102279663086,74.1500015258789,74.69999694824219,73.37999725341797,74.11000061035156,3927300
2022-05-24,66.5645751953125,75.69000244140625,75.97000122070312,74.0199966430664,74.41999816894531,7298300
2022-05-25,66.5645751953125,75.69000244140625,76.08999633789062,75.13999938964844,75.80000305175781,3859800
2022-05-26,66.21279907226562,75.29000091552734,76.30000305175781,75.23999786376953,76.25,3561800
2022-05-27,66.89876556396484,76.06999969482422,76.11000061035156,75.05999755859375,75.11000061035156,3773800
2022-05-31,66.5382080078125,75.66000366210938,75.98999786376953,74.97000122070312,75.33000183105469,8118800
2022-06-01,66.44145965576172,75.55000305175781,75.91999816894531,74.76000213623047,75.80000305175781,4902600
2022-06-02,66.79322814941406,75.94999694824219,76.23999786376953,74.12000274658203,76.13999938964844,4732900
2022-06-03,66.1864242553711,75.26000213623047,75.93000030517578,75.12000274658203,75.68000030517578,2686200
2022-06-06,66.26557159423828,75.3499984741211,75.97000122070312,75.2699966430664,75.48999786376953,4674500
2022-06-07,66.5645751953125,75.69000244140625,75.72000122070312,74.80000305175781,75.36000061035156,3471200
2022-06-08,65.63235473632812,74.62999725341797,75.61000061035156,74.54000091552734,75.41000366210938,2981600
2022-06-09,64.10213470458984,72.88999938964844,75.4000015258789,72.83999633789062,74.8499984741211,4184800
2022-06-10,63.44258499145508,72.13999938964844,72.77999877929688,71.62000274658203,72.55000305175781,4967400
2022-06-13,60.46128463745117,68.75,71.58000183105469,68.37999725341797,71.31999969482422,6507600
2022-06-14,58.728790283203125,66.77999877929688,68.87999725341797,66.11000061035156,68.80999755859375,6889000
2022-06-15,58.54410552978516,66.56999969482422,67.45999908447266,65.69000244140625,66.95999908447266,6543300
2022-06-16,58.28907012939453,66.27999877929688,66.29000091552734,64.94000244140625,65.81999969482422,7006200
2022-06-17,57.506378173828125,65.38999938964844,66.61000061035156,64.79000091552734,66.4000015258789,9042000
2022-06-21,59.05418395996094,67.1500015258789,67.43000030517578,65.58000183105469,65.75,6334900
2022-06-22,59.529083251953125,67.69000244140625,68.23999786376953,66.6500015258789,66.69999694824219,5613500
2022-06-23,60.9273796081543,69.27999877929688,69.43000030517578,67.88999938964844,68.12000274658203,5067600
2022-06-24,61.411075592041016,69.83000183105469,70.04000091552734,69.25,69.69999694824219,4607600
2022-06-27,61.88597106933594,70.37000274658203,70.68000030517578,69.29000091552734,69.38999938964844,3679500
2022-06-28,62.1058349609375,70.62000274658203,71.43000030517578,70.55999755859375,70.70999908447266,3788700
2022-06-29,62.14980316162109,70.66999816894531,71.30999755859375,70.33999633789062,70.86000061035156,2910400
2022-06-30,62.712623596191406,71.30999755859375,71.69999694824219,70.16999816894531,70.33000183105469,5389200
2022-07-01,64.32201385498047,73.13999938964844,73.23999786376953,71.44000244140625,71.75,5053400
2022-07-05,62.2817268371582,70.81999969482422,73.02999877929688,69.8499984741211,72.91999816894531,5903000
2022-07-06,62.85335922241211,71.47000122070312,72.22000122070312,70.63999938964844,71.06999969482422,4338900
2022-07-07,62.69505310058594,71.29000091552734,72.08000183105469,71.11000061035156,71.63999938964844,2622600
2022-07-08,62.60709762573242,71.19000244140625,71.52999877929688,70.81999969482422,71.29000091552734,3294700
2022-07-11,63.117183685302734,71.7699966430664,71.79000091552734,70.9000015258789,71.0,4028200
2022-07-12,63.30185317993164,71.9800033569336,72.52999877929688,71.33999633789062,71.55999755859375,3887100
2022-07-13,62.61589050292969,71.19999694824219,72.18000030517578,71.18000030517578,71.41999816894531,3727100
2022-07-14,63.19634628295898,71.86000061035156,71.95999908447266,69.91999816894531,69.94999694824219,3119600
2022-07-15,63.60967254638672,72.33000183105469,72.48999786376953,71.44000244140625,72.43000030517578,4975700
2022-07-18,63.04681396484375,71.69000244140625,72.30000305175781,71.38999938964844,72.18000030517578,3699800
2022-07-19,63.09959030151367,71.75,72.29000091552734,71.58000183105469,72.06999969482422,5626800
2022-07-20,62.38725280761719,70.94000244140625,71.98999786376953,70.76000213623047,71.79000091552734,4217100
2022-07-21,62.30809783935547,70.8499984741211,71.08000183105469,70.3499984741211,70.93000030517578,3434200
2022-07-22,63.26668930053711,71.94000244140625,71.95999908447266,71.13999938964844,71.30999755859375,3437400
2022-07-25,63.926265716552734,72.69000244140625,72.69999694824219,71.5999984741211,71.79000091552734,3227600
2022-07-26,64.64739227294922,73.51000213623047,73.6500015258789,72.56999969482422,72.70999908447266,2717500
2022-07-27,64.42755126953125,73.26000213623047,73.44999694824219,72.56999969482422,73.1500015258789,6341700
2022-07-28,66.69647979736328,75.83999633789062,76.0,73.26000213623047,73.93000030517578,5841000
2022-07-29,67.61990356445312,76.88999938964844,77.61000061035156,75.6500015258789,75.83999633789062,7830100
2022-08-01,67.43521118164062,76.68000030517578,77.2699966430664,76.13999938964844,76.66999816894531,4324600
2022-08-02,66.77565002441406,75.93000030517578,77.5,75.86000061035156,76.9800033569336,4795000
2022-08-03,67.9452896118164,77.26000213623047,77.4000015258789,74.75,75.88999938964844,4436900
2022-08-04,68.56968688964844,77.97000122070312,78.77999877929688,77.45999908447266,77.5,5241900
2022-08-05,67.95408630371094,77.2699966430664,77.87000274658203,76.41999816894531,77.54000091552734,4136200
2022-08-08,67.88372802734375,77.19000244140625,78.1500015258789,76.91000366210938,77.8499984741211,4259600
2022-08-09,68.81592559814453,78.25,78.41000366210938,77.47000122070312,77.52999877929688,3149600
2022-08-10,68.8510971069336,78.29000091552734,78.62000274658203,77.91999816894531,78.47000122070312,3140900
2022-08-11,68.50813293457031,77.9000015258789,78.81999969482422,77.69000244140625,78.27999877929688,3619600
2022-08-12,69.30659484863281,78.12000274658203,78.16999816894531,77.4800033569336,77.62999725341797,3152400
2022-08-15,69.52838897705078,78.37000274658203,78.6500015258789,77.94999694824219,78.12999725341797,5578300
2022-08-16,70.1494140625,79.06999969482422,79.37999725341797,78.20999908447266,78.36000061035156,4122900
2022-08-17,70.30912780761719,79.25,79.54000091552734,78.83999633789062,78.93000030517578,3602600
2022-08-18,70.72608947753906,79.72000122070312,79.95999908447266,79.20999908447266,79.26000213623047,2867300
2022-08-19,71.11646270751953,80.16000366210938,80.56999969482422,79.58999633789062,79.9000015258789,3483400
2022-08-22,70.18490600585938,79.11000061035156,80.04000091552734,78.9000015258789,79.83000183105469,2593600
2022-08-23,69.90101623535156,78.79000091552734,79.23999786376953,78.51000213623047,79.23999786376953,2234100
2022-08-24,69.97199249267578,78.87000274658203,79.1500015258789,78.30999755859375,79.0199966430664,2508000
2022-08-25,70.19376373291016,79.12000274658203,79.16000366210938,78.26000213623047,79.01000213623047,2471000
2022-08-26,69.37757873535156,78.19999694824219,79.4800033569336,78.13999938964844,79.18000030517578,3091400
2022-08-29,69.80342102050781,78.68000030517578,79.23999786376953,77.51000213623047,77.77999877929688,2714300
2022-08-30,68.8275146484375,77.58000183105469,78.79000091552734,77.26000213623047,78.61000061035156,3087000
2022-08-31,68.37505340576172,77.06999969482422,78.08999633789062,77.05000305175781,77.5199966430664,4301400
2022-09-01,69.88326263427734,78.7699966430664,78.9000015258789,77.16999816894531,77.25,3740300
2022-09-02,69.08479309082031,77.87000274658203,79.6500015258789,77.62000274658203,78.91000366210938,3128300
2022-09-06,69.00495147705078,77.77999877929688,78.97000122070312,77.58999633789062,78.19999694824219,4134200
2022-09-07,70.7527084350586,79.75,79.93000030517578,78.1500015258789,78.16000366210938,5148100
2022-09-08,70.45105743408203,79.41000366210938,80.0199966430664,79.04000091552734,79.54000091552734,2684100
2022-09-09,70.54865264892578,79.5199966430664,80.08000183105469,79.19000244140625,79.72000122070312,3240400
2022-09-12,71.10758972167969,80.1500015258789,80.31999969482422,79.4000015258789,79.5999984741211,3368300
2022-09-13,69.4041976928711,78.2300033569336,79.77999877929688,77.88999938964844,79.47000122070312,3211600
2022-09-14,70.46880340576172,79.43000030517578,79.73999786376953,78.3499984741211,78.3499984741211,2905800
2022-09-15,68.57025146484375,77.29000091552734,79.1500015258789,77.2300033569336,79.1500015258789,3976900
2022-09-16,68.53475189208984,77.25,77.83000183105469,76.91000366210938,77.2699966430664,8144500
2022-09-19,69.43965911865234,78.2699966430664,78.33999633789062,76.69000244140625,77.02999877929688,3977700
2022-09-20,68.50813293457031,77.22000122070312,77.91000366210938,76.41000366210938,77.81999969482422,2999100
2022-09-21,67.54109954833984,76.12999725341797,78.22000122070312,76.12000274658203,77.62999725341797,2458700
2022-09-22,67.3725357055664,75.94000244140625,76.54000091552734,75.55000305175781,76.12999725341797,2831100
2022-09-23,66.52969360351562,74.98999786376953,75.5199966430664,74.23999786376953,75.30000305175781,3283500
2022-09-26,64.89730834960938,73.1500015258789,74.94999694824219,72.20999908447266,74.94000244140625,4095300
2022-09-27,63.628639221191406,71.72000122070312,73.5999984741211,71.45999908447266,73.5999984741211,3975500
2022-09-28,64.33838653564453,72.5199966430664,72.94999694824219,71.68000030517578,72.5999984741211,4003600
2022-09-29,61.55263900756836,69.37999725341797,72.66999816894531,69.2699966430664,72.44999694824219,3994400
2022-09-30,60.32831573486328,68.0,70.0999984741211,67.8499984741211,69.79000091552734,7156100
2022-10-03,61.86314392089844,69.7300033569336,70.27999877929688,68.5199966430664,69.2699966430664,4279600
2022-10-04,62.71484375,70.69000244140625,71.11000061035156,69.33000183105469,69.86000061035156,4521500
2022-10-05,60.97596740722656,68.7300033569336,69.97000122070312,68.01000213623047,69.97000122070312,4030500
2022-10-06,58.31441879272461,65.7300033569336,68.58000183105469,65.66999816894531,68.5,6649900
2022-10-07,56.88605499267578,64.12000274658203,65.98999786376953,63.790000915527344,65.83000183105469,4889300
2022-10-10,56.770729064941406,63.9900016784668,64.9800033569336,63.93999862670898,64.26000213623047,2943500
2022-10-11,56.460208892822266,63.63999938964844,64.55000305175781,63.369998931884766,63.650001525878906,3906900
2022-10-12,54.561641693115234,61.5,63.790000915527344,61.47999954223633,63.54999923706055,5066300
2022-10-13,56.82395935058594,64.05000305175781,64.13999938964844,60.709999084472656,60.959999084472656,5246700
2022-10-14,56.34488296508789,63.5099983215332,65.7699966430664,63.20000076293945,64.6500015258789,5079900
2022-10-17,57.02800369262695,64.27999877929688,65.1500015258789,64.08000183105469,64.08000183105469,4018700
2022-10-18,58.01277923583984,65.38999938964844,65.86000061035156,64.81999969482422,65.16999816894531,3841500
2022-10-19,57.39175796508789,64.69000244140625,65.12000274658203,64.18000030517578,64.55000305175781,3158900
2022-10-20,56.33600997924805,63.5,65.04000091552734,63.38999938964844,65.04000091552734,4098700
2022-10-21,57.22317886352539,64.5,64.80000305175781,63.36000061035156,63.560001373291016,5225600
2022-10-24,57.30303192138672,64.58999633789062,65.04000091552734,63.810001373291016,64.62000274658203,4327100
2022-10-25,58.3055419921875,65.72000122070312,65.79000091552734,64.68000030517578,64.69000244140625,3752900
2022-10-26,58.23456954956055,65.63999938964844,66.44000244140625,65.12000274658203,66.0,4312800
2022-10-27,57.81759643554688,65.16999816894531,66.88999938964844,65.0199966430664,66.45999908447266,7106500
2022-10-28,58.85559844970703,66.33999633789062,67.12000274658203,65.51000213623047,65.51000213623047,4509800
2022-10-31,58.09263229370117,65.4800033569336,66.27999877929688,65.1500015258789,65.98999786376953,5054800
2022-11-01,58.13698196411133,65.52999877929688,66.05999755859375,64.9800033569336,65.7699966430664,3196200
2022-11-02,57.48935317993164,64.80000305175781,66.63999938964844,64.7699966430664,65.33999633789062,4289200
2022-11-03,57.53369903564453,64.8499984741211,65.44000244140625,63.880001068115234,64.26000213623047,4163200
2022-11-04,57.5869369506836,64.91000366210938,65.29000091552734,63.95000076293945,65.0,3542500
2022-11-07,56.211795806884766,63.36000061035156,64.81999969482422,62.41999816894531,64.81999969482422,5010800
2022-11-08,56.73523712158203,63.95000076293945,64.37000274658203,63.38999938964844,63.54999923706055,3346800
2022-11-09,56.28276824951172,63.43999862670898,64.37000274658203,63.310001373291016,63.869998931884766,3404700
2022-11-10,58.29667282104492,65.70999908447266,65.80000305175781,63.95000076293945,65.0,5143100
2022-11-11,57.74661636352539,65.08999633789062,65.88999938964844,64.5199966430664,65.8499984741211,4638900
2022-11-14,57.2586784362793,64.54000091552734,65.83999633789062,64.5199966430664,65.47000122070312,5160600
2022-11-15,58.45636367797852,65.88999938964844,65.94000244140625,64.66000366210938,65.29000091552734,5905900
2022-11-16,58.40314483642578,65.83000183105469,66.45999908447266,65.4800033569336,66.0,5338500
2022-11-17,57.595802307128906,64.91999816894531,65.73999786376953,64.61000061035156,65.30999755859375,4464500
2022-11-18,58.78824234008789,65.56999969482422,65.62999725341797,64.41000366210938,64.69999694824219,5202900
2022-11-21,58.93169784545898,65.7300033569336,65.91999816894531,65.11000061035156,65.37999725341797,4837600
2022-11-22,59.128936767578125,65.94999694824219,66.44000244140625,65.55000305175781,65.98999786376953,3760800
2022-11-23,59.49654006958008,66.36000061035156,66.37999725341797,65.5999984741211,65.81999969482422,3900000
2022-11-25,59.98965072631836,66.91000366210938,67.19000244140625,66.52999877929688,66.62999725341797,1435600
2022-11-28,59.03031921386719,65.83999633789062,66.7699966430664,65.58000183105469,66.41000366210938,4907700
2022-11-29,58.93169784545898,65.7300033569336,65.76000213623047,65.02999877929688,65.45999908447266,4408600
2022-11-30,60.644142150878906,67.63999938964844,67.83000183105469,65.47000122070312,65.62000274658203,8262100
2022-12-01,60.71588134765625,67.72000122070312,68.55999755859375,67.16000366210938,67.94000244140625,4807100
2022-12-02,60.37517547607422,67.33999633789062,67.54000091552734,66.77999877929688,67.12000274658203,4003500
2022-12-05,60.50070571899414,67.4800033569336,67.7699966430664,66.69000244140625,66.79000091552734,4281000
2022-12-06,61.39727783203125,68.4800033569336,68.51000213623047,67.77999877929688,67.8499984741211,6586400
2022-12-07,61.41519165039063,68.5,69.2699966430664,68.23999786376953,68.3499984741211,4855000
2022-12-08,61.57657623291016,68.68000030517578,69.13999938964844,68.11000061035156,68.3499984741211,3668000
2022-12-09,61.2896728515625,68.36000061035156,68.73999786376953,68.02999877929688,68.31999969482422,3466000
2022-12-12,63.683536529541016,71.02999877929688,71.11000061035156,69.29000091552734,69.75,5793900
2022-12-13,63.84492111206055,71.20999908447266,72.38999938964844,70.47000122070312,71.87999725341797,4377400
2022-12-14,63.75525665283203,71.11000061035156,72.05000305175781,70.5,71.43000030517578,5043500
2022-12-15,63.09180068969727,70.37000274658203,71.37000274658203,70.18000030517578,70.6500015258789,6068900
2022-12-16,62.2490119934082,69.43000030517578,70.2300033569336,68.4000015258789,69.95999908447266,18469900
2022-12-19,61.78279876708984,68.91000366210938,69.45999908447266,68.5,69.16999816894531,4358400
2022-12-20,62.28487777709961,69.47000122070312,70.0,68.47000122070312,68.8499984741211,4940700
2022-12-21,63.4145622253418,70.7300033569336,71.19000244140625,69.61000061035156,69.80999755859375,6730000
2022-12-22,63.44145202636719,70.76000213623047,70.88999938964844,69.69000244140625,70.63999938964844,3546000
2022-12-23,64.32009887695312,71.73999786376953,71.75,70.63999938964844,70.63999938964844,2981700
2022-12-27,64.79528045654297,72.2699966430664,72.43000030517578,71.4000015258789,71.75,3682900
2022-12-28,64.23941040039062,71.6500015258789,72.83000183105469,71.47000122070312,72.41999816894531,2282600
2022-12-29,64.72355651855469,72.19000244140625,72.4800033569336,71.88999938964844,71.94999694824219,2367300
2022-12-30,64.02423095703125,71.41000366210938,72.2699966430664,70.80999755859375,72.18000030517578,2910900
2023-01-03,64.46355438232422,71.9000015258789,72.0199966430664,70.69000244140625,71.43000030517578,3761200
2023-01-04,65.0104751586914,72.51000213623047,73.04000091552734,71.81999969482422,72.02999877929688,3857500
2023-01-05,63.10075759887695,70.37999725341797,72.2300033569336,70.12000274658203,72.0,4098700
2023-01-06,64.22148132324219,71.62999725341797,72.05999755859375,70.91999816894531,71.13999938964844,4040800
2023-01-09,64.10491943359375,71.5,72.19000244140625,71.23999786376953,71.4000015258789,3168300
2023-01-10,63.75525665283203,71.11000061035156,71.37000274658203,70.44000244140625,71.37000274658203,3215000
2023-01-11,64.15869903564453,71.55999755859375,71.63999938964844,70.9800033569336,71.1500015258789,2965400
2023-01-12,63.064903259277344,70.33999633789062,71.52999877929688,70.2699966430664,71.41999816894531,5082000
2023-01-13,63.04697036743164,70.31999969482422,70.56999969482422,69.33000183105469,69.94999694824219,3637100
2023-01-17,62.80489349365234,70.05000305175781,70.91999816894531,69.91000366210938,70.05000305175781,3601900
2023-01-18,60.71588134765625,67.72000122070312,70.25,67.68000030517578,70.19999694824219,3494900
2023-01-19,59.57722473144531,66.44999694824219,67.61000061035156,66.33000183105469,67.47000122070312,3967500
2023-01-20,60.17794036865234,67.12000274658203,67.16000366210938,65.12999725341797,66.33000183105469,3963000
2023-01-23,59.94482803344727,66.86000061035156,67.76000213623047,66.55000305175781,66.94999694824219,3502400
2023-01-24,59.80136489868164,66.69999694824219,71.18000030517578,65.83999633789062,68.79000091552734,3444200
2023-01-25,60.3034553527832,67.26000213623047,67.37000274658203,65.76000213623047,66.19999694824219,3796000
2023-01-26,60.53657150268555,67.5199966430664,67.76000213623047,66.7699966430664,66.94999694824219,3235500
2023-01-27,60.966915130615234,68.0,68.16999816894531,67.02999877929688,67.33999633789062,2904300
2023-01-30,60.455867767333984,67.43000030517578,68.25,67.41999816894531,67.68000030517578,3498400
2023-01-31,60.680023193359375,67.68000030517578,67.80000305175781,66.87000274658203,67.68000030517578,5420900
2023-02-01,61.73797607421875,68.86000061035156,69.44000244140625,67.38999938964844,67.48999786376953,5792400
2023-02-02,61.52279281616211,68.62000274658203,69.20999908447266,67.48999786376953,68.79000091552734,4820500
2023-02-03,60.31241989135742,67.2699966430664,68.2699966430664,66.23999786376953,68.13999938964844,3888200
2023-02-06,60.87726593017578,67.9000015258789,67.95999908447266,66.9000015258789,67.1500015258789,3000200
2023-02-07,60.73379898071289,67.73999786376953,67.86000061035156,66.5199966430664,67.37000274658203,3226000
2023-02-08,59.57722473144531,66.44999694824219,67.30999755859375,65.95999908447266,67.30999755859375,2619600
2023-02-09,58.97652053833008,65.77999877929688,67.22000122070312,65.70999908447266,66.52999877929688,3243000
2023-02-10,59.96274566650391,66.87999725341797,66.98999786376953,65.63999938964844,65.8499984741211,2592400
2023-02-13,60.1868896484375,67.12999725341797,67.44999694824219,66.80000305175781,66.80000305175781,2345000
2023-02-14,59.75654983520508,66.6500015258789,67.51000213623047,66.41000366210938,67.0,2705300
2023-02-15,59.8641242980957,66.7699966430664,66.79000091552734,66.0999984741211,66.43000030517578,3758800
2023-02-16,59.04824447631836,65.86000061035156,66.62999725341797,65.13999938964844,66.5999984741211,5312200
2023-02-17,60.36185073852539,66.62999725341797,66.97000122070312,64.86000061035156,64.93000030517578,5356500
2023-02-21,59.38345718383789,65.55000305175781,66.2699966430664,65.36000061035156,66.05999755859375,3088400
2023-02-22,59.10260391235352,65.23999786376953,66.20999908447266,65.02999877929688,65.4800033569336,3523600
2023-02-23,58.64963912963867,64.73999786376953,65.36000061035156,64.4000015258789,65.12999725341797,7870800
2023-02-24,58.486572265625,64.55999755859375,64.6500015258789,63.709999084472656,64.16999816894531,5468100
2023-02-27,58.314449310302734,64.37000274658203,65.58000183105469,64.20999908447266,64.76000213623047,4839900
2023-02-28,57.127689361572266,63.060001373291016,64.41999816894531,63.02000045776367,64.12999725341797,4751200
2023-03-01,56.457305908203125,62.31999969482422,62.709999084472656,61.72999954223633,62.59000015258789,5571900
2023-03-02,57.680301666259766,63.66999816894531,63.70000076293945,62.25,62.45000076293945,5766100
2023-03-03,58.71305465698242,64.80999755859375,64.87999725341797,63.20000076293945,63.66999816894531,4965500
2023-03-06,59.09354782104492,65.2300033569336,65.33999633789062,64.6500015258789,64.70999908447266,4832700
2023-03-07,58.27821350097656,64.33000183105469,65.58999633789062,64.04000091552734,65.12000274658203,4115000
2023-03-08,58.64059066772461,64.7300033569336,64.91000366210938,63.880001068115234,64.25,3238900
2023-03-09,58.47751998901367,64.55000305175781,65.91000366210938,64.41999816894531,64.91999816894531,3564800
2023-03-10,57.92490005493164,63.93999862670898,64.9000015258789,63.630001068115234,64.80999755859375,3892600
2023-03-13,59.02107620239258,65.1500015258789,66.77999877929688,63.790000915527344,63.790000915527344,5202200
2023-03-14,59.95417785644531,66.18000030517578,66.38999938964844,65.43000030517578,65.62000274658203,5092400
2023-03-15,61.285892486572266,67.6500015258789,68.02999877929688,65.83000183105469,66.04000091552734,6256400
2023-03-16,61.711673736572266,68.12000274658203,68.63999938964844,67.30999755859375,67.4000015258789,6737200
2023-03-17,61.51237487792969,67.9000015258789,69.05000305175781,67.3499984741211,69.0,10618900
2023-03-20,62.10123443603516,68.55000305175781,70.41999816894531,67.91999816894531,68.0,5773400
2023-03-21,60.8148078918457,67.12999725341797,68.61000061035156,66.2300033569336,68.44999694824219,6030900
2023-03-22,60.43431091308594,66.70999908447266,68.18000030517578,66.69999694824219,66.9800033569336,6618600
2023-03-23,60.09912490844727,66.33999633789062,67.41999816894531,66.05999755859375,66.70999908447266,4542600
2023-03-24,62.1374626159668,68.58999633789062,68.5999984741211,66.41999816894531,66.5199966430664,4885300
2023-03-27,61.82038116455078,68.23999786376953,69.12999725341797,68.05000305175781,68.86000061035156,4100400
2023-03-28,61.95627212524414,68.38999938964844,68.95999908447266,68.0199966430664,68.19999694824219,5637000
2023-03-29,62.81689834594727,69.33999633789062,69.58000183105469,68.63999938964844,68.63999938964844,4229000
2023-03-30,62.5632438659668,69.05999755859375,69.76000213623047,68.8499984741211,69.41999816894531,3997100
2023-03-31,63.03432083129883,69.58000183105469,69.61000061035156,68.7699966430664,69.19999694824219,5195200
2023-04-03,62.48170471191406,68.97000122070312,69.62999725341797,68.25,69.13999938964844,4323500
2023-04-04,63.07960891723633,69.62999725341797,69.66000366210938,68.72000122070312,69.12999725341797,3067100
2023-04-05,64.7737045288086,71.5,71.66999816894531,69.7699966430664,70.0,4522100
2023-04-06,65.50750732421875,72.30999755859375,72.55000305175781,71.66999816894531,71.91000366210938,4504800
2023-04-10,65.26290130615234,72.04000091552734,72.05000305175781,71.13999938964844,71.88999938964844,3175800
2023-04-11,65.07266235351562,71.83000183105469,72.13999938964844,71.38999938964844,72.0199966430664,3239100
2023-04-12,65.33538055419922,72.12000274658203,72.61000061035156,71.41999816894531,71.8499984741211,3811400
2023-04-13,65.64339447021484,72.45999908447266,72.48999786376953,70.9000015258789,71.83999633789062,4190000
2023-04-14,65.17230987548828,71.94000244140625,72.33000183105469,71.68000030517578,71.97000122070312,3349900
2023-04-17,65.53466796875,72.33999633789062,72.48999786376953,71.58000183105469,72.16999816894531,2988200
2023-04-18,65.75210571289062,72.58000183105469,72.79000091552734,72.08000183105469,72.30000305175781,3267200
2023-04-19,65.96046447753906,72.80999755859375,73.25,72.61000061035156,72.80999755859375,2987100
2023-04-20,66.15071105957031,73.0199966430664,73.27999877929688,72.61000061035156,72.81999969482422,3696800
2023-04-21,66.68521881103516,73.61000061035156,73.9800033569336,73.0999984741211,73.68000030517578,3184800
2023-04-24,67.12910461425781,74.0999984741211,74.1500015258789,73.22000122070312,73.66000366210938,2616800
2023-04-25,67.02040100097656,73.9800033569336,74.45999908447266,73.76000213623047,74.2300033569336,3337400
2023-04-26,65.76116180419922,72.58999633789062,73.6500015258789,72.45999908447266,73.54000091552734,3999000
2023-04-27,66.59459686279297,73.51000213623047,73.62000274658203,72.62000274658203,72.80000305175781,4126300
2023-04-28,66.63085174560547,73.55000305175781,74.02999877929688,73.08999633789062,73.54000091552734,4598700
2023-05-01,67.12004089355469,74.08999633789062,74.55999755859375,73.33000183105469,73.5,4044500
2023-05-02,66.26847839355469,73.1500015258789,74.36000061035156,73.08000183105469,74.25,4180300
2023-05-03,66.43154907226562,73.33000183105469,74.19000244140625,73.19000244140625,73.5999984741211,3240500
2023-05-04,67.26499938964844,74.25,74.29000091552734,72.52999877929688,73.44000244140625,4305200
2023-05-05,67.89009857177734,74.94000244140625,74.95999908447266,73.66000366210938,73.77999877929688,3945500
2023-05-08,67.55490112304688,74.56999969482422,75.16000366210938,74.2699966430664,74.80999755859375,2971600
2023-05-09,67.66361236572266,74.69000244140625,74.87999725341797,74.02999877929688,74.31999969482422,4205600
2023-05-10,68.5423583984375,75.66000366210938,75.75,74.80000305175781,74.95999908447266,4021700
2023-05-11,67.62737274169922,74.6500015258789,75.80000305175781,74.38999938964844,75.58999633789062,3206600
2023-05-12,67.07867431640625,73.3499984741211,74.25,72.79000091552734,74.16999816894531,4820400
2023-05-15,66.22818756103516,72.41999816894531,73.63999938964844,72.08999633789062,73.54000091552734,3706000
2023-05-16,64.83815002441406,70.9000015258789,72.54000091552734,70.55000305175781,72.36000061035156,4008200
2023-05-17,64.8747329711914,70.94000244140625,71.33000183105469,70.47000122070312,71.01000213623047,4411600
2023-05-18,64.97532653808594,71.05000305175781,71.12999725341797,70.3499984741211,70.6500015258789,4355300
2023-05-19,65.30455780029297,71.41000366210938,71.80999755859375,70.91000366210938,71.41000366210938,4665600
2023-05-22,64.88386535644531,70.94999694824219,71.80000305175781,70.94000244140625,71.5999984741211,2913800
2023-05-23,65.06675720214844,71.1500015258789,71.4000015258789,70.62999725341797,70.6500015258789,4500000
2023-05-24,64.79241943359375,70.8499984741211,71.66999816894531,70.7300033569336,71.05000305175781,4044700
2023-05-25,63.85048294067383,69.81999969482422,71.19000244140625,69.66999816894531,71.0999984741211,4980700
2023-05-26,63.5304069519043,69.47000122070312,69.80000305175781,69.0199966430664,69.72000122070312,5056000
2023-05-30,63.859622955322266,69.83000183105469,70.19000244140625,69.16999816894531,69.45999908447266,4197200
2023-05-31,63.78646087646485,69.75,70.29000091552734,69.1500015258789,69.83000183105469,6383300
2023-06-01,63.26521301269531,69.18000030517578,69.98999786376953,68.93000030517578,69.98999786376953,5021800
2023-06-02,63.51211166381836,69.44999694824219,69.87999725341797,68.58999633789062,68.88999938964844,4840700
2023-06-05,63.73159790039063,69.69000244140625,70.16000366210938,69.25,69.33999633789062,3445300
2023-06-06,63.43895721435547,69.37000274658203,70.30999755859375,69.3499984741211,70.16000366210938,5025700
2023-06-07,64.13397979736328,70.12999725341797,70.37999725341797,68.80999755859375,69.37999725341797,4954200
2023-06-08,65.00276184082031,71.08000183105469,71.11000061035156,69.86000061035156,70.33999633789062,4215900
2023-06-09,65.16736602783203,71.26000213623047,71.3499984741211,70.3499984741211,71.0999984741211,3937100
2023-06-12,64.78326416015625,70.83999633789062,71.5,70.66000366210938,71.4800033569336,3395000
2023-06-13,64.4266128540039,70.44999694824219,70.87999725341797,69.94000244140625,70.33000183105469,4128900
2023-06-14,64.45405578613281,70.4800033569336,71.41000366210938,70.37000274658203,70.5999984741211,4249300
2023-06-15,64.71012878417969,70.76000213623047,71.3499984741211,70.54000091552734,70.87999725341797,4141900
2023-06-16,65.62462615966797,71.76000213623047,72.19000244140625,70.55999755859375,70.63999938964844,9349900
2023-06-20,64.32601165771484,70.33999633789062,71.62000274658203,70.29000091552734,71.4800033569336,3723600
2023-06-21,65.51487731933594,71.63999938964844,71.66000366210938,69.83999633789062,70.18000030517578,2958000
2023-06-22,65.20393371582031,71.30000305175781,72.02999877929688,71.08999633789062,71.91000366210938,2513800
2023-06-23,64.4266128540039,70.44999694824219,71.72000122070312,70.41000366210938,71.47000122070312,4605200
2023-06-26,65.5971908569336,71.7300033569336,71.75,70.41999816894531,70.66000366210938,3078300
2023-06-27,65.03934478759766,71.12000274658203,71.94000244140625,70.8499984741211,71.8499984741211,4005800
2023-06-28,63.89620971679688,69.87000274658203,71.08000183105469,69.70999908447266,71.0,3895000
2023-06-29,63.228633880615234,69.13999938964844,69.88999938964844,68.66999816894531,69.51000213623047,5376100
2023-06-30,64.24372100830078,70.25,70.38999938964844,68.8499984741211,69.43000030517578,5505600
2023-07-03,64.53636169433594,70.56999969482422,70.66999816894531,70.11000061035156,70.5,2156300
2023-07-05,65.55145263671875,71.68000030517578,72.08000183105469,70.36000061035156,70.36000061035156,5197600
2023-07-06,64.737548828125,70.79000091552734,71.22000122070312,70.37000274658203,71.12999725341797,3966800
2023-07-07,64.63695526123047,70.68000030517578,71.13999938964844,70.06999969482422,70.38999938964844,3455800
2023-07-10,64.14311218261719,70.13999938964844,70.70999908447266,69.75,70.58000183105469,2652000
2023-07-11,64.68268585205078,70.7300033569336,70.75,69.75,70.16000366210938,2770600
2023-07-12,65.46915435791016,71.58999633789062,71.70999908447266,70.55000305175781,70.93000030517578,3708400
2023-07-13,65.3685531616211,71.4800033569336,71.75,71.05999755859375,71.51000213623047,4050600
2023-07-14,65.27710723876953,71.37999725341797,71.66999816894531,71.01000213623047,71.29000091552734,2810400
2023-07-17,64.17970275878906,70.18000030517578,71.33999633789062,70.16000366210938,71.23999786376953,2941200
2023-07-18,63.182891845703125,69.08999633789062,70.41000366210938,68.80999755859375,70.18000030517578,3611600
2023-07-19,64.14311218261719,70.13999938964844,70.43000030517578,69.01000213623047,69.22000122070312,3383900
2023-07-20,64.99361419677734,71.06999969482422,71.30000305175781,69.9800033569336,70.36000061035156,6103700
2023-07-21,66.8134765625,73.05999755859375,73.29000091552734,71.18000030517578,71.36000061035156,5326200
2023-07-24,66.7128677368164,72.94999694824219,73.37000274658203,72.5,73.23999786376953,3446600
2023-07-25,66.40192413330078,72.61000061035156,73.18000030517578,72.4000015258789,72.69999694824219,3997200
2023-07-26,66.84089660644531,73.08999633789062,73.83999633789062,72.45999908447266,72.51000213623047,3005600
2023-07-27,66.63056945800781,72.86000061035156,73.0199966430664,72.38999938964844,72.80999755859375,5379900
2023-07-28,66.16416931152344,72.3499984741211,73.63999938964844,72.16000366210938,73.30999755859375,5362800
2023-07-31,66.1550064086914,72.33999633789062,72.87999725341797,72.0,72.70999908447266,6777500
2023-08-01,65.18565368652344,71.27999877929688,72.54000091552734,71.25,72.27999877929688,3892700
2023-08-02,64.90216064453125,70.97000122070312,71.63999938964844,70.88999938964844,71.0199966430664,3746600
2023-08-03,62.75308227539063,68.62000274658203,71.9800033569336,68.5999984741211,71.36000061035156,5397400
2023-08-04,62.039772033691406,67.83999633789062,69.62000274658203,67.51000213623047,68.73999786376953,4105500
2023-08-07,62.20438003540039,68.0199966430664,68.52999877929688,67.83999633789062,68.0,3197200
2023-08-08,62.92683029174805,68.80999755859375,68.83000183105469,67.68000030517578,68.01000213623047,3567200
2023-08-09,63.27434921264648,69.19000244140625,69.70999908447266,68.75,68.81999969482422,3729200
2023-08-10,63.47554016113281,69.41000366210938,69.97000122070312,69.0999984741211,69.69999694824219,2583800
2023-08-11,63.55783462524414,69.5,69.69999694824219,68.93000030517578,69.33999633789062,3230300
2023-08-14,62.94513320922852,68.83000183105469,69.73999786376953,68.5999984741211,69.41000366210938,2773200
2023-08-15,61.98489761352539,67.77999877929688,68.52999877929688,67.69999694824219,68.37000274658203,3450200
2023-08-16,62.28668975830078,68.11000061035156,68.4800033569336,67.77999877929688,68.08999633789062,2246900
2023-08-17,62.41470336914063,68.25,69.08000183105469,68.12000274658203,68.23999786376953,2620500
2023-08-18,62.65495681762695,67.80999755859375,68.19999694824219,67.45999908447266,67.58000183105469,2682700
2023-08-21,62.47014617919922,67.61000061035156,67.8499984741211,67.13999938964844,67.75,2308900
2023-08-22,62.58103942871094,67.7300033569336,67.95999908447266,67.22000122070312,67.48999786376953,2060700
2023-08-23,62.41471481323242,67.55000305175781,68.1500015258789,67.23999786376953,68.11000061035156,2655000
2023-08-24,62.3038444519043,67.43000030517578,68.63999938964844,67.41000366210938,67.55000305175781,2414700
2023-08-25,62.913665771484375,68.08999633789062,68.44000244140625,67.47000122070312,67.61000061035156,2227400
2023-08-28,62.95062255859375,68.12999725341797,68.41000366210938,67.7300033569336,68.20999908447266,2380400
2023-08-29,63.35718536376953,68.56999969482422,68.5999984741211,67.91000366210938,68.30000305175781,2535700
2023-08-30,63.40337371826172,68.62000274658203,69.18000030517578,68.18000030517578,68.55000305175781,3583400
2023-08-31,62.58103942871094,67.7300033569336,68.83000183105469,67.69999694824219,68.81999969482422,4063800
2023-09-01,62.10980224609375,67.22000122070312,68.52999877929688,66.41000366210938,68.22000122070312,3505400
2023-09-05,61.25974655151367,66.30000305175781,67.33000183105469,65.93000030517578,67.05000305175781,3197800
2023-09-06,61.21354675292969,66.25,66.55000305175781,65.97000122070312,66.45999908447266,5730300
2023-09-07,62.00816345214844,67.11000061035156,67.93000030517578,66.73999786376953,66.79000091552734,3728600
2023-09-08,62.76583099365234,67.93000030517578,67.94000244140625,66.9800033569336,67.19999694824219,4412100
2023-09-11,62.95062255859375,68.12999725341797,68.44999694824219,67.70999908447266,67.83000183105469,2838600
2023-09-12,63.3848762512207,68.5999984741211,68.87999725341797,67.44999694824219,68.08000183105469,3754600
2023-09-13,64.21646881103516,69.5,69.98999786376953,68.73999786376953,68.98999786376953,3632100
2023-09-14,65.51004791259766,70.9000015258789,70.97000122070312,69.73999786376953,69.91000366210938,3698700
2023-09-15,65.68559265136719,71.08999633789062,71.43000030517578,70.51000213623047,70.51000213623047,7353100
2023-09-18,65.55623626708984,70.94999694824219,71.30000305175781,70.41000366210938,71.20999908447266,3686800
2023-09-19,65.519287109375,70.91000366210938,71.23999786376953,70.58999633789062,70.98999786376953,3961500
2023-09-20,65.7872314453125,71.19999694824219,71.73999786376953,70.70999908447266,71.1500015258789,4072900
2023-09-21,64.58606719970703,69.9000015258789,71.19999694824219,69.87000274658203,71.16999816894531,3982700
2023-09-22,64.09635925292969,69.37000274658203,69.98999786376953,69.12000274658203,69.5999984741211,3528500
2023-09-25,64.0224380493164,69.29000091552734,69.4000015258789,68.66999816894531,69.05999755859375,3038000
2023-09-26,62.00816345214844,67.11000061035156,69.11000061035156,66.80000305175781,68.80999755859375,3948400
2023-09-27,61.11190032958984,66.13999938964844,67.44000244140625,66.02999877929688,67.0,4712500
2023-09-28,60.12325668334961,65.06999969482422,66.70999908447266,64.93000030517578,66.52999877929688,5083500
2023-09-29,59.79986190795898,64.72000122070312,65.9000015258789,64.36000061035156,65.81999969482422,4928500
2023-10-02,57.94266128540039,62.709999084472656,64.4800033569336,61.91999816894531,64.30000305175781,7772700
2023-10-03,59.16231536865234,64.02999877929688,64.37999725341797,61.560001373291016,62.29999923706055,8589500
2023-10-04,59.70745849609375,64.62000274658203,64.7300033569336,63.36000061035156,64.30000305175781,5147200
2023-10-05,59.67973709106445,64.58999633789062,65.06999969482422,63.720001220703125,64.43000030517578,5269100
2023-10-06,60.03084945678711,64.97000122070312,65.13999938964844,62.2599983215332,63.4900016784668,5158400
2023-10-09,60.89939880371094,65.91000366210938,65.93000030517578,64.87999725341797,65.0,3845600
2023-10-10,61.389102935791016,66.44000244140625,66.55999755859375,65.68000030517578,66.0,4253000
2023-10-11,61.998931884765625,67.0999984741211,67.27999877929688,66.27999877929688,66.80000305175781,3908100
2023-10-12,60.70534896850586,65.69999694824219,67.1500015258789,65.25,66.91999816894531,4192400
2023-10-13,61.49073791503906,66.55000305175781,66.86000061035156,66.0,66.3499984741211,3368600
2023-10-16,62.3685188293457,67.5,67.72000122070312,66.58000183105469,67.06999969482422,4242000
2023-10-17,62.00816345214844,67.11000061035156,67.55000305175781,66.55000305175781,67.11000061035156,4596300
2023-10-18,61.53693008422852,66.5999984741211,67.5199966430664,66.41000366210938,67.0999984741211,3545000
2023-10-19,61.389102935791016,66.44000244140625,67.33999633789062,66.23999786376953,66.5999984741211,4067000
2023-10-20,60.73307418823242,65.7300033569336,67.11000061035156,65.69999694824219,66.19000244140625,4195000
2023-10-23,60.45588302612305,65.43000030517578,66.2300033569336,64.52999877929688,65.08000183105469,3700200
2023-10-24,61.39833068847656,66.44999694824219,66.63999938964844,65.88999938964844,66.05999755859375,3782100
2023-10-25,61.54617691040039,66.61000061035156,66.73999786376953,65.81999969482422,66.12000274658203,3781700
2023-10-26,62.05435943603516,67.16000366210938,67.63999938964844,66.54000091552734,66.62999725341797,4655100
2023-10-27,61.47225570678711,66.52999877929688,67.58999633789062,66.12000274658203,66.80000305175781,4214300
2023-10-30,61.71249008178711,66.79000091552734,67.31999969482422,66.61000061035156,66.86000061035156,3945800
2023-10-31,62.18373107910156,67.30000305175781,67.5999984741211,66.69999694824219,67.01000213623047,4856500
2023-11-01,63.227813720703125,68.43000030517578,68.80999755859375,67.12999725341797,67.63999938964844,4880600
2023-11-02,64.78933715820312,70.12000274658203,70.55999755859375,67.37999725341797,67.37999725341797,5970700
2023-11-03,65.03881072998047,70.38999938964844,71.33000183105469,70.37000274658203,70.55999755859375,5554400
2023-11-06,63.96700668334961,69.2300033569336,70.72000122070312,69.22000122070312,70.41000366210938,5497000
2023-11-07,63.49577331542969,68.72000122070312,69.4800033569336,68.55000305175781,69.36000061035156,5092600
2023-11-08,63.3848762512207,68.5999984741211,68.66999816894531,67.5199966430664,68.44999694824219,4665700
2023-11-09,62.86746597290039,68.04000091552734,69.19000244140625,67.94999694824219,68.80999755859375,5923300
2023-11-10,62.92290878295898,68.0999984741211,68.44000244140625,67.69999694824219,68.38999938964844,5902500
2023-11-13,62.22067642211914,67.33999633789062,68.19999694824219,67.19000244140625,67.94999694824219,5187100
2023-11-14,63.948516845703125,69.20999908447266,69.29000091552734,68.12999725341797,68.23999786376953,5711500
2023-11-15,63.54196548461914,68.7699966430664,69.80999755859375,68.68000030517578,69.08000183105469,3392300
2023-11-16,64.92792510986328,70.2699966430664,70.3499984741211,69.26000213623047,69.38999938964844,4517100
2023-11-17,65.11458587646484,69.7699966430664,70.05000305175781,69.29000091552734,69.98999786376953,4594500
2023-11-20,64.80661010742188,69.44000244140625,69.6500015258789,68.62999725341797,69.6500015258789,3353000
2023-11-21,65.00260925292969,69.6500015258789,69.88999938964844,68.83000183105469,69.62999725341797,3251400
2023-11-22,64.94660186767578,69.58999633789062,69.94000244140625,69.20999908447266,69.93000030517578,2753000
2023-11-24,64.96527099609375,69.61000061035156,69.81999969482422,69.30999755859375,69.68000030517578,1119300
2023-11-27,65.57189178466797,70.26000213623047,70.41000366210938,69.44000244140625,69.62999725341797,3794300
2023-11-28,65.78654479980469,70.48999786376953,71.1500015258789,69.93000030517578,70.27999877929688,4804700
2023-11-29,65.54389190673828,70.2300033569336,70.97000122070312,69.91000366210938,70.58000183105469,4201800
2023-11-30,66.24385833740234,70.9800033569336,71.27999877929688,70.22000122070312,70.33999633789062,8114700
2023-12-01,66.74781799316406,71.5199966430664,71.52999877929688,70.4000015258789,70.91000366210938,3996100
2023-12-04,66.52383422851562,71.27999877929688,71.79000091552734,71.16000366210938,71.25,4205900
2023-12-05,66.19719696044922,70.93000030517578,71.45999908447266,70.79000091552734,71.37999725341797,3635500
2023-12-06,67.43844604492188,72.26000213623047,72.30000305175781,71.0999984741211,71.0999984741211,4829500
2023-12-07,66.86915588378906,71.6500015258789,72.55000305175781,71.55999755859375,72.47000122070312,3575900
2023-12-08,66.7291488647461,71.5,72.19000244140625,70.94000244140625,71.69000244140625,2711200
2023-12-11,66.59849548339844,71.36000061035156,71.55999755859375,70.83999633789062,71.2300033569336,4000800
2023-12-12,65.76788330078125,70.47000122070312,71.48999786376953,70.12999725341797,71.48999786376953,4376000
2023-12-13,68.2037353515625,73.08000183105469,73.0999984741211,70.0999984741211,70.55999755859375,5762900
2023-12-14,66.7291488647461,71.5,73.41999816894531,71.33000183105469,73.2300033569336,6377300
2023-12-15,66.1318588256836,70.86000061035156,70.9800033569336,70.02999877929688,70.83999633789062,12327600
2023-12-18,66.65450286865234,71.41999816894531,71.68000030517578,70.66000366210938,70.66999816894531,5131900
2023-12-19,66.50517272949219,71.26000213623047,71.94999694824219,71.02999877929688,71.1500015258789,3733500
2023-12-20,65.03993225097656,69.69000244140625,71.44000244140625,69.66999816894531,71.22000122070312,4363800
2023-12-21,64.74128723144531,69.37000274658203,70.16000366210938,68.70999908447266,69.91999816894531,4146700
2023-12-22,64.80661010742188,69.44000244140625,70.19999694824219,69.33000183105469,69.80000305175781,3013400
2023-12-26,64.8159408569336,69.44999694824219,69.8499984741211,69.18000030517578,69.30000305175781,2131000
2023-12-27,64.77861785888672,69.41000366210938,69.66999816894531,69.01000213623047,69.22000122070312,2771900
2023-12-28,65.47856903076172,70.16000366210938,70.31999969482422,69.27999877929688,69.36000061035156,2790500
2023-12-29,65.44123840332031,70.12000274658203,70.26000213623047,69.62999725341797,69.8499984741211,2895500
2024-01-02,66.12252807617188,70.8499984741211,70.95999908447266,69.5999984741211,69.66999816894531,3955100
2024-01-03,67.4197769165039,72.23999786376953,72.30000305175781,70.98999786376953,71.0,6290500
2024-01-04,66.92514038085938,71.70999908447266,72.54000091552734,71.58000183105469,72.30999755859375,3442500
2024-01-05,66.83181762695312,71.61000061035156,71.8499984741211,70.70999908447266,71.73999786376953,5670200
2024-01-08,67.34512329101562,72.16000366210938,72.18000030517578,71.18000030517578,71.5,3296400
2024-01-09,67.07447814941406,71.87000274658203,72.01000213623047,71.33999633789062,71.69999694824219,3073600
2024-01-10,67.03714752197266,71.83000183105469,71.98999786376953,71.3499984741211,71.98999786376953,2563200
2024-01-11,65.87054443359375,70.58000183105469,72.0,70.41999816894531,72.0,3407600
2024-01-12,66.65450286865234,71.41999816894531,71.56999969482422,70.80999755859375,71.05000305175781,3184000
2024-01-16,65.62789154052734,70.31999969482422,71.0999984741211,70.18000030517578,71.0999984741211,3515000
2024-01-17,64.98393249511719,69.62999725341797,70.88999938964844,69.11000061035156,70.0,3775800
2024-01-18,64.18131256103516,68.7699966430664,69.47000122070312,68.44999694824219,69.30999755859375,3797300
2024-01-19,64.34929656982422,68.94999694824219,69.33000183105469,68.44999694824219,68.91000366210938,5003300
2024-01-22,64.22798156738281,68.81999969482422,69.3499984741211,68.08999633789062,68.94000244140625,3670700
2024-01-23,64.23731994628906,68.83000183105469,68.94999694824219,68.47000122070312,68.76000213623047,5660300
2024-01-24,63.64935302734375,68.19999694824219,69.41000366210938,67.69999694824219,69.22000122070312,6257700
2024-01-25,64.61994934082031,69.23999786376953,69.26000213623047,68.29000091552734,68.83999633789062,3897800
2024-01-26,64.49862670898438,69.11000061035156,69.44000244140625,68.58999633789062,69.23999786376953,5987600
2024-01-29,64.57329559326172,69.19000244140625,69.29000091552734,68.68000030517578,69.1500015258789,4673800
2024-01-30,64.6292953491211,69.25,69.58000183105469,68.70999908447266,69.11000061035156,4578700
2024-01-31,64.88127899169922,69.5199966430664,70.33000183105469,69.06999969482422,70.0,8371500
2024-02-01,65.7958755493164,70.5,70.52999877929688,68.80000305175781,69.0999984741211,4554400
2024-02-02,64.06932067871094,68.6500015258789,69.95999908447266,67.95999908447266,69.81999969482422,5652100
2024-02-05,62.69740676879883,67.18000030517578,68.33999633789062,67.06999969482422,68.30000305175781,5015400
2024-02-06,62.90273666381836,67.4000015258789,67.68000030517578,66.94000244140625,67.08000183105469,3471600
2024-02-07,62.48274993896485,66.94999694824219,67.7699966430664,66.80000305175781,67.54000091552734,4406200
2024-02-08,62.47342300415039,66.94000244140625,67.02999877929688,66.36000061035156,66.61000061035156,3811100
2024-02-09,62.445430755615234,66.91000366210938,67.19999694824219,66.51000213623047,66.62999725341797,3792800
2024-02-12,63.75200653076172,68.30999755859375,68.33000183105469,66.62999725341797,66.94000244140625,4782800
2024-02-13,63.00539779663086,67.51000213623047,68.55999755859375,66.48999786376953,68.0,5357500
2024-02-14,63.28538131713867,67.80999755859375,67.88999938964844,67.2300033569336,67.45999908447266,4146900
2024-02-15,62.37076568603516,66.83000183105469,68.19999694824219,66.08000183105469,67.05000305175781,10332900
2024-02-16,62.70087432861328,66.4800033569336,66.63999938964844,65.80000305175781,65.98999786376953,8509100
2024-02-20,63.22903060913086,67.04000091552734,68.33999633789062,66.43000030517578,66.62000274658203,6385800
2024-02-21,63.87982177734375,67.7300033569336,67.8499984741211,67.11000061035156,67.44000244140625,4256500
2024-02-22,63.45538711547852,67.27999877929688,67.58000183105469,66.54000091552734,67.16999816894531,3530400
2024-02-23,63.84208297729492,67.69000244140625,68.05999755859375,67.22000122070312,67.31999969482422,3222200
2024-02-26,62.48394775390625,66.25,67.5,66.23999786376953,67.41000366210938,4060000
2024-02-27,62.68199920654297,66.45999908447266,66.73999786376953,66.08000183105469,66.4000015258789,4146900
2024-02-28,63.01210403442383,66.80999755859375,66.81999969482422,66.19999694824219,66.45999908447266,5211700
2024-02-29,63.42709732055664,67.25,67.63999938964844,66.80000305175781,67.12000274658203,8578100
2024-03-01,63.05926513671875,66.86000061035156,67.12000274658203,65.98999786376953,67.02999877929688,4748200
2024-03-04,64.32308959960938,68.19999694824219,68.29000091552734,66.62000274658203,66.87000274658203,4285900
2024-03-05,64.11559295654297,67.9800033569336,69.26000213623047,67.55000305175781,68.5,4542800
2024-03-06,64.68148040771484,68.58000183105469,68.91999816894531,67.9800033569336,68.47000122070312,4629200
2024-03-07,65.31340026855469,69.25,69.41999816894531,68.76000213623047,69.19999694824219,4896000
2024-03-08,65.08704376220703,69.01000213623047,69.51000213623047,68.55999755859375,69.33000183105469,3705200
2024-03-11,65.81327056884766,69.77999877929688,69.87999725341797,68.69000244140625,68.91999816894531,3490900
2024-03-12,65.40771484375,69.3499984741211,70.0999984741211,69.02999877929688,69.44000244140625,3255400
2024-03-13,65.96419525146484,69.94000244140625,70.43000030517578,69.80000305175781,69.83999633789062,5086200
2024-03-14,65.43601989746094,69.37999725341797,69.93000030517578,68.80000305175781,69.6500015258789,4212500
2024-03-15,65.16249084472656,69.08999633789062,69.7699966430664,68.69999694824219,68.95999908447266,8653700
2024-03-18,65.47372436523438,69.41999816894531,69.62000274658203,68.98999786376953,69.18000030517578,2688800
2024-03-19,66.21882629394531,70.20999908447266,70.33000183105469,69.0199966430664,69.62999725341797,3848600
2024-03-20,66.2376937866211,70.2300033569336,70.66000366210938,69.88999938964844,70.12000274658203,4251000
2024-03-21,65.92645263671875,69.9000015258789,70.80000305175781,69.87000274658203,70.44000244140625,2864700
2024-03-22,65.83214569091797,69.80000305175781,70.5199966430664,69.79000091552734,70.29000091552734,3137900
2024-03-25,65.79441833496094,69.76000213623047,70.0999984741211,69.5199966430664,69.9000015258789,2065200
2024-03-26,65.33226776123047,69.2699966430664,69.72000122070312,69.1500015258789,69.55000305175781,4360500
2024-03-27,67.0110855102539,71.05000305175781,71.06999969482422,69.5999984741211,69.63999938964844,4328300
2024-03-28,67.66185760498047,71.73999786376953,71.91000366210938,70.80000305175781,71.0199966430664,4731200
2024-04-01,67.05823516845703,71.0999984741211,71.69999694824219,70.55999755859375,71.48999786376953,3147500
2024-04-02,67.28459167480469,71.33999633789062,72.08000183105469,71.08999633789062,71.23999786376953,3829400
2024-04-03,66.94506072998047,70.9800033569336,71.70999908447266,70.80000305175781,71.44000244140625,3798400
2024-04-04,66.06792449951172,70.05000305175781,71.37000274658203,69.66000366210938,70.9800033569336,6240900
2024-04-05,65.93589782714844,69.91000366210938,70.16000366210938,69.16000366210938,69.55000305175781,5302600
2024-04-08,66.07733917236328,70.05999755859375,70.31999969482422,69.62999725341797,69.76000213623047,3400300
2024-04-09,66.57722473144531,70.58999633789062,70.5999984741211,69.86000061035156,70.36000061035156,4811600
2024-04-10,65.80384063720703,69.7699966430664,69.91000366210938,68.97000122070312,69.37000274658203,8425000
2024-04-11,65.6246566772461,69.58000183105469,70.11000061035156,68.95999908447266,70.11000061035156,3297600
2024-04-12,64.82296752929688,68.7300033569336,69.93000030517578,68.31999969482422,69.83999633789062,4818400
2024-04-15,64.50228881835938,68.38999938964844,69.4800033569336,67.94999694824219,68.98999786376953,3974100
2024-04-16,63.91753005981445,67.7699966430664,68.23999786376953,67.52999877929688,68.23999786376953,4426800
2024-04-17,65.83214569091797,69.80000305175781,69.9800033569336,68.0199966430664,68.08999633789062,6705800
2024-04-18,66.5583724975586,70.56999969482422,70.69000244140625,69.43000030517578,70.0,4602100
2024-04-19,68.04854583740234,72.1500015258789,72.18000030517578,70.69999694824219,70.87000274658203,6549300
2024-04-22,68.83135986328125,72.9800033569336,73.1500015258789,71.66000366210938,71.9000015258789,5387600
2024-04-23,69.08602905273438,73.25,73.7699966430664,72.55000305175781,72.97000122070312,6054400
2024-04-24,69.70850372314453,73.91000366210938,74.22000122070312,72.11000061035156,72.75,5661800
2024-04-25,70.14234924316406,74.37000274658203,74.8499984741211,73.22000122070312,73.87000274658203,6164400
2024-04-26,69.04829406738281,73.20999908447266,74.44000244140625,73.13999938964844,74.37000274658203,5478800
2024-04-29,70.16121673583984,74.38999938964844,74.4800033569336,73.66999816894531,73.66999816894531,3851400
2024-04-30,69.32181549072266,73.5,74.55000305175781,73.2300033569336,73.91000366210938,5271300
2024-05-01,70.28382110595703,74.5199966430664,75.12999725341797,73.19999694824219,73.37999725341797,5241700
2024-05-02,71.04779052734375,75.33000183105469,75.91999816894531,74.63999938964844,75.01000213623047,5468400
2024-05-03,71.53821563720703,75.8499984741211,75.9800033569336,74.91000366210938,75.8499984741211,4578200
2024-05-06,71.17982482910156,75.47000122070312,76.27999877929688,74.87999725341797,75.51000213623047,8062100
2024-05-07,72.57568359375,76.94999694824219,77.06999969482422,75.19999694824219,75.19999694824219,8919700
2024-05-08,73.21702575683594,77.62999725341797,77.7699966430664,76.66000366210938,76.88999938964844,6695000
2024-05-09,73.8017807006836,78.25,78.30000305175781,77.0999984741211,77.58999633789062,5542600
2024-05-10,73.69803619384766,78.13999938964844,78.73999786376953,77.83999633789062,78.69000244140625,4939800
2024-05-13,74.22621154785156,78.69999694824219,78.94000244140625,78.33999633789062,78.5,4420100
2024-05-14,74.23564147949219,78.70999908447266,79.16000366210938,78.37000274658203,79.0,5224300
2024-05-15,74.78266906738281,79.29000091552734,79.7699966430664,79.02999877929688,79.11000061035156,4130000
2024-05-16,74.86754608154297,79.37999725341797,79.8499984741211,79.2300033569336,79.2300033569336,5718800
2024-05-17,75.70512390136719,79.54000091552734,79.68000030517578,78.2300033569336,78.66999816894531,4833700
2024-05-20,75.37200164794922,79.19000244140625,79.69999694824219,78.97000122070312,79.68000030517578,2984100
2024-05-21,75.93355560302734,79.77999877929688,80.13999938964844,79.25,79.30999755859375,3694100
2024-05-22,74.89611053466797,78.69000244140625,79.61000061035156,78.55999755859375,79.31999969482422,3356200
2024-05-23,73.44939422607422,77.16999816894531,78.33999633789062,77.11000061035156,78.33000183105469,3890000
2024-05-24,74.00141143798828,77.75,77.81999969482422,77.25,77.33000183105469,2424700
2024-05-28,73.80155181884766,77.54000091552734,78.33000183105469,77.27999877929688,77.55999755859375,2941700
2024-05-29,73.47793579101562,77.19999694824219,77.37999725341797,76.63999938964844,77.05000305175781,4413800
2024-05-30,74.31550598144531,78.08000183105469,78.0999984741211,76.87000274658203,77.4000015258789,4237900
2024-05-31,76.27619171142578,80.13999938964844,80.2300033569336,78.1500015258789,78.33000183105469,7168000
2024-06-03,76.5141372680664,80.38999938964844,80.48999786376953,79.27999877929688,79.77999877929688,4539700
2024-06-04,76.81871795654297,80.70999908447266,80.83999633789062,79.55999755859375,80.25,5106500
2024-06-05,75.5909194946289,79.41999816894531,80.66999816894531,79.16999816894531,80.66999816894531,4245700
2024-06-06,74.8580322265625,78.6500015258789,79.87999725341797,78.58999633789062,79.47000122070312,4210900
2024-06-07,74.18226623535156,77.94000244140625,78.61000061035156,77.88999938964844,78.2300033569336,3865800
2024-06-10,75.16260528564453,78.97000122070312,79.01000213623047,77.61000061035156,77.86000061035156,5509200
2024-06-11,74.71526336669922,78.5,79.05000305175781,78.05000305175781,78.44000244140625,3814900
2024-06-12,74.65815734863281,78.44000244140625,79.4000015258789,77.83000183105469,79.4000015258789,2825600
2024-06-13,74.89611053466797,78.69000244140625,78.91000366210938,77.80999755859375,78.55999755859375,2678100
2024-06-14,74.8580322265625,78.6500015258789,78.97000122070312,78.0,78.48999786376953,2444400
2024-06-17,73.93480682373047,77.68000030517578,78.5999984741211,77.44000244140625,78.06999969482422,3747600
2024-06-18,74.18226623535156,77.94000244140625,78.0199966430664,77.25,77.62000274658203,3356300
2024-06-20,75.06742858886719,78.87000274658203,79.06999969482422,77.66000366210938,78.13999938964844,3996500
2024-06-21,74.67719268798828,78.45999908447266,79.43000030517578,78.30000305175781,78.9800033569336,8470400
2024-06-24,75.51476287841797,79.33999633789062,79.58000183105469,78.37000274658203,78.45999908447266,2574400
2024-06-25,74.25840759277344,78.0199966430664,79.30000305175781,77.80999755859375,79.23999786376953,2998900
2024-06-26,74.43924713134766,78.20999908447266,78.44999694824219,77.44999694824219,77.7699966430664,2856000
2024-06-27,74.27745056152344,78.04000091552734,78.33000183105469,77.51000213623047,78.19999694824219,3040800
2024-06-28,73.83010864257812,77.56999969482422,78.19999694824219,77.18000030517578,78.0199966430664,6227000
2024-07-01,73.28758239746094,77.0,78.47000122070312,76.95999908447266,78.02999877929688,2936500
2024-07-02,73.81107330322266,77.55000305175781,77.83999633789062,77.0,77.27999877929688,2766600
2024-07-03,73.97286987304688,77.72000122070312,78.37999725341797,77.55999755859375,77.61000061035156,1432800
2024-07-05,74.27745056152344,78.04000091552734,78.62999725341797,77.47000122070312,77.83000183105469,2343600
2024-07-08,74.04901123046875,77.80000305175781,78.22000122070312,77.62000274658203,78.0199966430664,2359600
2024-07-09,74.35358428955078,78.12000274658203,78.70999908447266,77.70999908447266,77.70999908447266,2623600
2024-07-10,74.65815734863281,78.44000244140625,78.54000091552734,77.79000091552734,78.43000030517578,2443100
2024-07-11,76.00970458984375,79.86000061035156,80.06999969482422,78.61000061035156,78.69999694824219,3542500
2024-07-12,76.1334228515625,79.98999786376953,80.3499984741211,79.62999725341797,80.0,3682300
2024-07-15,76.19053649902344,80.05000305175781,80.25,79.30000305175781,79.5199966430664,4114000
2024-07-16,77.20895385742188,81.12000274658203,81.19000244140625,80.26000213623047,80.5,3211400
2024-07-17,77.69435119628906,81.62999725341797,82.83999633789062,81.18000030517578,81.37999725341797,4313700
2024-07-18,77.38978576660156,81.30999755859375,82.26000213623047,81.05999755859375,81.05999755859375,2921900
2024-07-19,77.47544860839844,81.4000015258789,81.83000183105469,81.04000091552734,81.83000183105469,2729800
2024-07-22,77.90374755859375,81.8499984741211,82.16999816894531,81.33000183105469,81.4800033569336,3619900
2024-07-23,77.42786407470703,81.3499984741211,81.81999969482422,81.29000091552734,81.73999786376953,2188300
2024-07-24,78.68421173095703,82.66999816894531,82.69000244140625,81.51000213623047,82.05000305175781,4190600
2024-07-25,77.72291564941406,81.66000366210938,83.45999908447266,81.31999969482422,82.97000122070312,4028800
2024-07-26,78.20832061767578,82.16999816894531,82.51000213623047,81.81999969482422,81.94999694824219,4010100
2024-07-29,79.04590606689453,83.05000305175781,83.30000305175781,82.19999694824219,82.41999816894531,3571700
2024-07-30,79.3599853515625,83.37999725341797,83.48999786376953,82.54000091552734,82.63999938964844,4032500
2024-07-31,79.49323272705078,83.5199966430664,83.69999694824219,82.29000091552734,82.94000244140625,7362300
2024-08-01,83.34797668457031,87.56999969482422,87.68000030517578,83.33000183105469,83.91999816894531,8598500
2024-08-02,84.30928039550781,88.58000183105469,89.23999786376953,86.41999816894531,88.37999725341797,7196600
2024-08-05,82.39617919921875,86.56999969482422,89.68000030517578,86.4000015258789,88.98999786376953,6380200
2024-08-06,82.28196716308594,86.44999694824219,87.86000061035156,86.44000244140625,86.80000305175781,4332800
2024-08-07,83.08147430419922,87.29000091552734,87.83999633789062,86.5,86.80999755859375,5028600
2024-08-08,82.29149627685547,86.45999908447266,87.43000030517578,86.25,86.45999908447266,4337300
2024-08-09,82.61509704589844,86.80000305175781,86.88999938964844,85.62000274658203,86.55000305175781,3974000
2024-08-12,82.99580383300781,87.19999694824219,87.30000305175781,86.47000122070312,87.0,3641200
2024-08-13,82.99580383300781,87.19999694824219,87.69000244140625,86.80999755859375,87.4000015258789,3408900
2024-08-14,82.98629760742188,87.19000244140625,87.77999877929688,86.58000183105469,86.77999877929688,2284200
2024-08-15,82.8149642944336,87.01000213623047,87.19000244140625,86.2699966430664,86.5,2810600
2024-08-16,83.1480941772461,87.36000061035156,87.8499984741211,86.75,87.38999938964844,3754400
2024-08-19,83.43600463867188,86.94000244140625,87.02999877929688,86.5199966430664,86.83000183105469,2670400
2024-08-20,83.30165100097656,86.80000305175781,87.5199966430664,86.55999755859375,87.02999877929688,3576500
2024-08-21,84.04061889648438,87.56999969482422,87.69999694824219,86.66000366210938,86.76000213623047,4543000
2024-08-22,82.92737579345703,86.41000366210938,87.5199966430664,86.02999877929688,87.5199966430664,5935200
2024-08-23,82.64906311035156,86.12000274658203,86.87999725341797,86.04000091552734,86.68000030517578,3987500
2024-08-26,83.00414276123047,86.48999786376953,86.81999969482422,86.19000244140625,86.27999877929688,3965900
2024-08-27,82.28437805175781,85.73999786376953,86.63999938964844,85.6500015258789,86.31999969482422,3129900
2024-08-28,82.2939682006836,85.75,86.69999694824219,85.51000213623047,86.02999877929688,4115900
2024-08-29,82.34194946289062,85.80000305175781,85.87000274658203,84.87999725341797,85.58999633789062,5020100
2024-08-30,82.91777801513672,86.4000015258789,86.5199966430664,85.62999725341797,85.91000366210938,4137400
2024-09-03,85.32659912109375,88.91000366210938,89.23999786376953,86.36000061035156,86.43000030517578,6486800
2024-09-04,85.53772735595703,89.12999725341797,90.25,88.41000366210938,89.43000030517578,4189800
2024-09-05,85.90242004394531,89.51000213623047,90.33999633789062,88.87000274658203,89.9800033569336,4598200
2024-09-06,84.84675598144531,88.41000366210938,89.8499984741211,88.22000122070312,89.54000091552734,4614200
2024-09-09,85.72008514404297,89.31999969482422,89.41000366210938,88.4000015258789,88.44000244140625,3854300
2024-09-10,86.02719116210938,89.63999938964844,90.1999969482422,89.33999633789062,89.5,4104500
2024-09-11,85.1922378540039,88.7699966430664,89.4000015258789,88.13999938964844,89.31999969482422,3877200
2024-09-12,84.92353057861328,88.48999786376953,89.22000122070312,88.30999755859375,88.86000061035156,3527100
2024-09-13,85.83523559570312,89.44000244140625,89.5,88.22000122070312,88.55999755859375,2311700
2024-09-16,86.2671127319336,89.88999938964844,90.12999725341795,89.0,89.0,3701100
2024-09-17,86.03678131103516,89.6500015258789,89.83999633789062,89.11000061035156,89.77999877929688,3019200
2024-09-18,85.42257690429688,89.01000213623047,89.75,88.47000122070312,89.52999877929688,3676000
2024-09-19,85.27862548828125,88.86000061035156,89.01000213623047,88.0,88.6500015258789,7627700
2024-09-20,86.08476257324219,89.69999694824219,90.13999938964844,88.47000122070312,90.12000274658205,9736500
2024-09-23,86.87171173095703,90.5199966430664,90.58999633789062,89.52999877929688,89.8499984741211,3825100
2024-09-24,86.11357116699219,89.7300033569336,90.8499984741211,89.48999786376953,89.98999786376953,6222400
2024-09-25,85.74887084960938,89.3499984741211,90.5500030517578,88.91999816894531,90.1500015258789,3457200
2024-09-26,85.36499786376953,88.94999694824219,89.62000274658203,88.6500015258789,88.88999938964844,3742400
2024-09-27,86.4686508178711,90.0999984741211,90.12999725341795,88.91000366210938,89.19000244140625,4531700
2024-09-30,86.54541778564453,90.18000030517578,90.62999725341795,89.55000305175781,90.05000305175781,6838500
2024-10-01,87.21721649169922,90.87999725341795,91.7699966430664,90.0,90.45999908447266,4029900
2024-10-02,87.89859008789062,91.58999633789062,91.81999969482422,90.12000274658205,90.25,4869000
2024-10-03,87.0444564819336,90.6999969482422,91.87000274658205,90.19000244140624,91.81999969482422,6120700
2024-10-04,86.6701889038086,90.30999755859376,90.4800033569336,89.3499984741211,89.9000015258789,3432300
2024-10-07,85.30741119384766,88.88999938964844,90.2300033569336,88.66999816894531,90.05999755859375,4871300
2024-10-08,85.69129180908203,89.29000091552734,89.72000122070312,88.80000305175781,89.19999694824219,2865500
2024-10-09,85.3458023071289,88.93000030517578,90.0,88.80999755859375,89.44000244140625,4127800
2024-10-10,84.70281219482422,88.26000213623047,89.80000305175781,88.20999908447266,88.97000122070312,3288000
2024-10-11,85.37458801269531,88.95999908447266,89.08000183105469,88.31999969482422,88.61000061035156,3081200
2024-10-14,86.2191162109375,89.83999633789062,89.94999694824219,88.75,88.75,2764600
2024-10-15,87.05406188964844,90.70999908447266,91.4000015258789,90.36000061035156,90.5,3716600
2024-10-16,88.57038116455078,92.29000091552734,92.45999908447266,90.5999984741211,90.9800033569336,3425700
2024-10-17,88.96385192871094,92.6999969482422,92.8499984741211,92.0199966430664,92.30999755859376,3908700
2024-10-18,89.48209381103516,93.23999786376952,93.3499984741211,92.0199966430664,92.6999969482422,3663400
2024-10-21,88.99264526367188,92.7300033569336,93.7300033569336,92.61000061035156,93.41999816894533,3188100
2024-10-22,89.32854461669922,93.08000183105467,93.19000244140624,92.11000061035156,92.3499984741211,3021100
2024-10-23,90.3554229736328,94.1500015258789,94.18000030517578,92.83000183105467,92.91000366210938,4738900
2024-10-24,89.8371810913086,93.61000061035156,94.4499969482422,93.33000183105467,93.87999725341795,2722300
2024-10-25,88.17691040039062,91.87999725341795,94.19000244140624,91.80999755859376,94.13999938964844,2498800
2024-10-28,88.09053039550781,91.79000091552734,92.69000244140624,91.76000213623048,92.22000122070312,2773000
2024-10-29,86.1999282836914,89.81999969482422,91.02999877929688,89.62999725341797,91.0,5860700
2024-10-30,85.75847625732422,89.36000061035156,90.33000183105467,89.04000091552734,90.33000183105467,7005800
2024-10-31,87.36116027832031,91.02999877929688,92.37999725341795,90.12000274658205,90.69000244140624,10247100
2024-11-01,84.97152709960938,88.54000091552734,91.0,88.30000305175781,91.0,6817400
2024-11-04,84.56845092773438,88.12000274658203,89.20999908447266,87.5,88.54000091552734,4745100
2024-11-05,85.12506103515625,88.69999694824219,88.77999877929688,87.77999877929688,88.18000030517578,4438000
2024-11-06,83.89665222167969,87.41999816894531,88.73999786376953,87.11000061035156,88.19999694824219,4708100
2024-11-07,83.42640686035156,86.93000030517578,87.7300033569336,86.37000274658203,87.51000213623047,4574500
2024-11-08,85.06748962402344,88.63999938964844,88.79000091552734,87.1500015258789,87.44000244140625,3805900
2024-11-11,84.76998901367188,88.33000183105469,89.12999725341797,88.13999938964844,88.13999938964844,2899600
2024-11-12,84.17497253417969,87.70999908447266,88.62999725341797,87.5999984741211,88.4000015258789,4171500
2024-11-13,83.99263000488281,87.5199966430664,88.2300033569336,86.77999877929688,88.2300033569336,3329800
2024-11-14,83.2824478149414,86.77999877929688,87.5,86.61000061035156,87.48999786376953,3316300
2024-11-15,84.38610076904297,87.93000030517578,88.0,86.66999816894531,86.66999816894531,4464500
2024-11-18,85.1892318725586,88.04000091552734,88.16999816894531,86.83999633789062,87.0,4991500
2024-11-19,85.43113708496094,88.29000091552734,88.38999938964844,87.13999938964844,87.80999755859375,3546400
2024-11-20,85.12149047851562,87.97000122070312,88.41000366210938,87.80000305175781,88.0999984741211,4239900
2024-11-21,85.2859878540039,88.13999938964844,88.41000366210938,87.37000274658203,87.8499984741211,5635600
2024-11-22,84.76346588134766,87.5999984741211,88.62999725341797,87.58000183105469,88.55000305175781,3440000
2024-11-25,85.55691528320312,88.41999816894531,88.44000244140625,87.41000366210938,87.94999694824219,5833900
2024-11-26,86.43746185302734,89.33000183105469,89.36000061035156,88.13999938964844,88.52999877929688,3509100
2024-11-27,86.83418273925781,89.73999786376953,90.23999786376952,89.33999633789062,89.68000030517578,3504700
2024-11-29,86.24392700195312,89.12999725341797,90.08999633789062,88.91999816894531,89.91000366210938,2364000
2024-12-02,84.92797088623047,87.7699966430664,89.38999938964844,87.63999938964844,89.38999938964844,4030000
2024-12-03,83.46686553955078,86.26000213623047,88.5,86.23999786376953,88.2699966430664,5724600
2024-12-04,83.07013702392578,85.8499984741211,86.47000122070312,85.5,86.16999816894531,3795700
2024-12-05,83.39912414550781,86.19000244140625,86.6500015258789,85.88999938964844,85.9000015258789,3007600
2024-12-06,82.06381225585938,84.80999755859375,86.44000244140625,84.5,86.12000274658203,4798300
2024-12-09,81.57999420166016,84.30999755859375,85.19999694824219,83.8499984741211,84.9000015258789,3866600
2024-12-10,81.65740966796875,84.38999938964844,84.68000030517578,83.23999786376953,84.11000061035156,3250000
2024-12-11,80.55432891845703,83.25,84.36000061035156,83.0,84.16000366210938,5066800
2024-12-12,80.67044067382812,83.37000274658203,84.16999816894531,83.18000030517578,83.56999969482422,3053900
2024-12-13,80.50594329833984,83.19999694824219,83.38999938964844,82.70999908447266,83.2699966430664,2549300
2024-12-16,79.22869110107422,81.87999725341797,83.33999633789062,81.81999969482422,83.16000366210938,4716300
2024-12-17,80.5833511352539,83.27999877929688,83.36000061035156,81.37999725341797,81.55000305175781,5500700
2024-12-18,78.86099243164062,81.5,83.19999694824219,81.44999694824219,82.88999938964844,4016000
2024-12-19,79.13191986083984,81.77999877929688,82.79000091552734,81.37999725341797,81.5,4044400
2024-12-20,80.17695617675781,82.86000061035156,83.0999984741211,81.4000015258789,81.75,7725000
2024-12-23,80.35113525390625,83.04000091552734,83.0999984741211,81.95999908447266,82.8499984741211,2556400
2024-12-24,80.46724700927734,83.16000366210938,83.16999816894531,82.70999908447266,83.05999755859375,1146300
2024-12-26,80.1575927734375,82.83999633789062,83.18000030517578,82.5,82.70999908447266,2177500
2024-12-27,80.44788360595703,83.13999938964844,83.31999969482422,82.26000213623047,82.31999969482422,2603000
2024-12-30,79.71249389648438,82.37999725341797,82.95999908447266,82.02999877929688,82.79000091552734,3813100
2024-12-31,79.6544418334961,82.31999969482422,82.79000091552734,81.6500015258789,82.44000244140625,2987200
2025-01-02,79.41253662109375,82.06999969482422,82.98999786376953,81.80999755859375,82.87000274658203,2653100
2025-01-03,79.6544418334961,82.31999969482422,83.0,82.0999984741211,82.2699966430664,4648000
2025-01-06,78.3384780883789,80.95999908447266,82.37999725341797,80.45999908447266,82.02999877929688,5375500
2025-01-07,78.4642562866211,81.08999633789062,82.0999984741211,80.97000122070312,81.11000061035156,4533300
2025-01-08,80.33177185058594,83.0199966430664,83.05000305175781,81.30999755859375,81.5199966430664,7807500
2025-01-10,78.68682098388672,81.31999969482422,82.93000030517578,81.19999694824219,82.30000305175781,5002300
2025-01-13,79.2190170288086,81.87000274658203,81.95999908447266,80.5,81.73999786376953,3555600
2025-01-14,79.3931884765625,82.05000305175781,82.23999786376953,81.41000366210938,82.0,3693200
2025-01-15,79.67378997802734,82.33999633789062,83.20999908447266,82.0,82.9000015258789,4113300
2025-01-16,81.1736068725586,83.88999938964844,83.93000030517578,81.95999908447266,82.0999984741211,4452800
2025-01-17,81.18328857421875,83.9000015258789,84.48999786376953,83.3499984741211,83.68000030517578,5407000
2025-01-21,81.98641204833984,84.7300033569336,85.47000122070312,84.0999984741211,84.18000030517578,5647500
2025-01-22,79.84796142578125,82.5199966430664,84.55999755859375,82.45999908447266,84.27999877929688,5195000
2025-01-23,79.59638214111328,82.26000213623047,82.9000015258789,82.12999725341797,82.5199966430664,5846700
2025-01-24,80.77689361572266,83.4800033569336,83.91000366210938,82.05000305175781,82.08999633789062,6574400
2025-01-27,83.69908905029297,86.5,86.6500015258789,82.87000274658203,83.91000366210938,7700200
2025-01-28,80.83494567871094,83.54000091552734,86.27999877929688,83.52999877929688,86.13999938964844,6138500
2025-01-29,80.14793395996094,82.83000183105469,84.44999694824219,82.69000244140625,83.87999725341797,5771800
2025-01-30,82.179931640625,84.93000030517578,85.0999984741211,83.5,83.80000305175781,6408100
2025-01-31,81.23165130615234,83.94999694824219,84.73999786376953,83.43000030517578,84.51000213623047,4685500
2025-02-03,81.25101470947266,83.97000122070312,84.37999725341797,83.0,83.5199966430664,6165300
2025-02-04,80.50594329833984,83.19999694824219,83.88999938964844,82.77999877929688,83.69999694824219,4716200
2025-02-05,81.15425872802734,83.87000274658203,84.19000244140625,83.2300033569336,83.87999725341797,4161500
2025-02-06,81.07685089111328,83.79000091552734,84.2300033569336,82.9000015258789,84.2300033569336,3339000
2025-02-07,81.84126281738281,84.58000183105469,84.66000366210938,83.16000366210938,83.58999633789062,5077900
2025-02-10,82.74114990234375,85.51000213623047,85.52999877929688,84.18000030517578,84.69999694824219,4141600
2025-02-11,83.65071105957031,86.44999694824219,86.52999877929688,84.29000091552734,85.23999786376953,4376900
2025-02-12,83.99905395507812,86.80999755859375,86.87000274658203,85.0,85.45999908447266,4723000
2025-02-13,83.97003173828125,86.77999877929688,87.02999877929688,86.02999877929688,86.79000091552734,4396300
2025-02-14,82.80888366699219,85.58000183105469,87.4800033569336,85.4800033569336,87.0199966430664,4390800
2025-02-18,83.8139877319336,85.88999938964844,85.9000015258789,84.66999816894531,84.9000015258789,4207600
2025-02-19,84.38972473144531,86.4800033569336,86.61000061035156,85.37999725341797,86.0,5049800
2025-02-20,85.69733428955078,87.81999969482422,89.0,84.5,84.5,9109200
2025-02-21,86.26332092285156,88.4000015258789,88.9800033569336,87.0999984741211,87.55000305175781,5347900
2025-02-24,86.74147033691406,88.88999938964844,89.62999725341797,88.06999969482422,88.87999725341797,5476400
2025-02-25,87.67826843261719,89.8499984741211,90.02999877929688,88.93000030517578,89.22000122070312,4871100
2025-02-26,86.60486602783203,88.75,89.45999908447266,88.2300033569336,89.37999725341797,5241800
2025-02-27,86.1559829711914,88.29000091552734,89.06999969482422,87.94999694824219,88.25,5155700
2025-02-28,87.61972045898438,89.79000091552734,89.80000305175781,88.33000183105469,89.33000183105469,6142200
2025-03-03,88.65409851074219,90.8499984741211,90.8499984741211,89.33999633789062,89.61000061035156,5725400
2025-03-04,87.71730041503906,89.88999938964844,92.33000183105467,89.76000213623047,91.4000015258789,8846200
2025-03-05,86.50727844238281,88.6500015258789,90.19000244140624,88.37999725341797,89.20999908447266,4595700
2025-03-06,86.5755844116211,88.72000122070312,89.16000366210938,87.08999633789062,88.25,5368300
2025-03-07,89.19081115722656,91.4000015258789,91.7699966430664,88.5199966430664,88.55000305175781,6728000
2025-03-10,90.71309661865234,92.95999908447266,93.4800033569336,91.1999969482422,91.4499969482422,7370100
2025-03-11,87.92222595214844,90.0999984741211,92.68000030517578,89.95999908447266,92.5,6760600
2025-03-12,86.53655242919922,88.68000030517578,89.61000061035156,88.30000305175781,89.41999816894531,4536200
2025-03-13,87.46358489990234,89.62999725341797,90.0,88.68000030517578,89.11000061035156,3587200
2025-03-14,88.1954574584961,90.37999725341795,90.54000091552734,88.77999877929688,89.36000061035156,2990800
2025-03-17,88.35159301757812,90.54000091552734,91.41000366210938,89.87000274658203,90.3499984741211,3649800
2025-03-18,88.04908752441406,90.2300033569336,90.47000122070312,89.66000366210938,90.12999725341795,3505400
2025-03-19,87.43431091308594,89.5999984741211,90.48999786376952,89.2699966430664,90.0,3366200
2025-03-20,87.79537200927734,89.97000122070312,90.05999755859375,89.13999938964844,89.91999816894531,4652800
2025-03-21,87.20011901855469,89.36000061035156,90.66999816894533,88.75,89.83999633789062,8327300
2025-03-24,86.73171997070312,88.87999725341797,90.13999938964844,88.7699966430664,89.16000366210938,3641000
2025-03-25,85.6095199584961,87.7300033569336,88.91999816894531,87.4000015258789,88.91999816894531,3912800
2025-03-26,86.90736389160156,89.05999755859375,89.19999694824219,87.8499984741211,88.0,3953300
2025-03-27,87.85391998291016,90.02999877929688,90.27999877929688,89.0,89.47000122070312,3830500
2025-03-28,88.92733001708984,91.12999725341795,91.44000244140624,90.2699966430664,90.87999725341795,4483700
2025-03-31,89.72750854492188,91.9499969482422,92.69000244140624,91.08999633789062,91.5500030517578,6340400
2025-04-01,89.60065460205078,91.81999969482422,92.16999816894533,91.1500015258789,91.5999984741211,4178900
2025-04-02,89.09323120117188,91.3000030517578,92.0500030517578,90.70999908447266,92.0,4704500
2025-04-03,90.32276916503906,92.55999755859376,93.3000030517578,92.0,92.7300033569336,6392600
2025-04-04,86.79026794433594,88.94000244140625,93.6500015258789,88.48999786376953,93.20999908447266,8268800
2025-04-07,85.1118392944336,87.22000122070312,89.43000030517578,86.36000061035156,87.75,8150900
2025-04-08,84.76054382324219,86.86000061035156,88.69000244140625,86.16000366210938,88.69000244140625,6248000
2025-04-09,85.67782592773438,87.80000305175781,89.4000015258789,85.0,86.30999755859375,7694500
2025-04-10,86.74147033691406,88.88999938964844,89.69999694824219,87.0,87.9800033569336,7047400
2025-04-11,87.68803405761719,89.86000061035156,90.18000030517578,87.68000030517578,88.45999908447266,4022000
2025-04-14,88.95661163330078,91.16000366210938,91.69000244140624,89.16000366210938,89.7699966430664,3330900
2025-04-15,88.81999206542969,91.0199966430664,91.6999969482422,90.93000030517578,91.55999755859376,2381200
2025-04-16,88.28327941894531,90.47000122070312,91.9000015258789,90.26000213623048,91.9000015258789,2731300
2025-04-17,89.59090423583984,91.80999755859376,93.04000091552734,90.80999755859376,90.88999938964844,3462000
2025-04-21,88.04908752441406,90.2300033569336,91.70999908447266,89.58000183105469,91.62000274658205,3015000
2025-04-22,89.63969421386719,91.86000061035156,92.22000122070312,90.25,90.44000244140624,3849500
2025-04-23,88.92733001708984,91.12999725341795,91.58000183105467,90.16999816894533,91.4800033569336,5214600
2025-04-24,88.8492660522461,91.0500030517578,91.44000244140624,90.2699966430664,91.04000091552734,3018400
2025-04-25,88.24425506591797,90.43000030517578,91.33999633789062,90.1500015258789,91.0500030517578,3442800
2025-04-28,88.5565185546875,90.75,91.0500030517578,89.81999969482422,90.3499984741211,2332200
2025-04-29,89.2396011352539,91.4499969482422,91.5999984741211,90.33999633789062,90.5999984741211,3234900
2025-04-30,89.66896057128906,91.88999938964844,92.2300033569336,90.4000015258789,91.8499984741211,5934700
2025-05-01,89.24935913085938,91.45999908447266,92.44000244140624,90.75,92.44000244140624,5319700
2025-05-02,88.8492660522461,91.0500030517578,91.8499984741211,90.37000274658205,91.33999633789062,4060800
2025-05-05,88.8492660522461,91.0500030517578,91.5500030517578,90.12999725341795,91.3000030517578,3572800
2025-05-06,89.0151596069336,91.22000122070312,91.83999633789062,90.9000015258789,91.06999969482422,2995100
2025-05-07,89.8836441040039,92.11000061035156,92.55999755859376,90.94000244140624,90.94000244140624,5011300
2025-05-08,88.12714385986328,90.30999755859376,92.0500030517578,90.16999816894533,91.6500015258789,3711500
2025-05-09,88.16618347167969,90.3499984741211,90.83999633789062,90.04000091552734,90.31999969482422,2982500
2025-05-12,85.65830993652344,87.77999877929688,89.72000122070312,87.45999908447266,89.3499984741211,6666100
2025-05-13,83.50172424316406,85.56999969482422,88.26000213623047,85.51000213623047,87.79000091552734,7041400
2025-05-14,82.85767364501953,84.91000366210938,85.58000183105469,83.08999633789062,85.19999694824219,8015100
2025-05-15,85.2679672241211,87.37999725341797,87.4000015258789,85.61000061035156,85.61000061035156,5255900
2025-05-16,86.56582641601562,88.70999908447266,88.73999786376953,87.12999725341797,87.29000091552734,4181800
2025-05-19,88.05172729492188,89.4800033569336,89.54000091552734,88.08000183105469,88.55999755859375,5997500
2025-05-20,89.38017272949219,90.83000183105467,91.0,89.19999694824219,89.33999633789062,9612400
2025-05-21,88.2288589477539,89.66000366210938,90.80999755859376,89.29000091552734,90.6999969482422,9104500
2025-05-22,87.42193603515625,88.83999633789062,89.48999786376953,88.38999938964844,89.48999786376953,5055500
2025-05-23,88.20916748046875,89.63999938964844,89.75,88.12000274658203,89.54000091552734,3129500
2025-05-27,88.48469543457031,89.91999816894531,90.2699966430664,89.56999969482422,90.01000213623047,4316700
2025-05-28,86.81183624267578,88.22000122070312,89.91999816894531,87.5999984741211,89.62999725341797,5217900
2025-05-29,87.33338165283203,88.75,88.80000305175781,87.41000366210938,87.88999938964844,3670400
2025-05-30,88.56342315673828,90.0,90.06999969482422,88.33999633789062,88.66000366210938,10682400
2025-06-02,88.50438690185547,89.94000244140625,90.0199966430664,88.83999633789062,89.30000305175781,4338600
2025-06-03,88.15996551513672,89.58999633789062,90.08999633789062,88.70999908447266,89.94000244140625,5353800
2025-06-04,86.88072204589844,88.29000091552734,89.62000274658203,88.2699966430664,89.5999984741211,5816000
2025-06-05,86.96927642822266,88.37999725341797,89.30999755859375,88.08000183105469,89.30000305175781,6725100
2025-06-06,86.8511962890625,88.26000213623047,88.68000030517578,87.7300033569336,88.54000091552734,3995800
2025-06-09,87.08737182617188,88.5,89.16999816894531,87.48999786376953,87.72000122070312,3907800
2025-06-10,87.87460327148438,89.30000305175781,89.52999877929688,88.56999969482422,88.66999816894531,3969000
2025-06-11,88.12061309814453,89.55000305175781,89.6500015258789,88.91999816894531,89.20999908447266,5151500
2025-06-12,88.91767883300781,90.36000061035156,91.0500030517578,89.41999816894531,89.8499984741211,7122500
2025-06-13,88.9078369140625,90.3499984741211,91.06999969482422,89.93000030517578,90.76000213623048,5059000
2025-06-16,87.52034759521484,88.94000244140625,90.93000030517578,88.79000091552734,90.55999755859376,5374100
2025-06-17,87.0086441040039,88.41999816894531,89.18000030517578,87.8499984741211,88.94999694824219,4413400
2025-06-18,87.21529388427734,88.62999725341797,88.95999908447266,88.1500015258789,88.54000091552734,5189700
2025-06-20,87.87460327148438,89.30000305175781,89.95999908447266,88.47000122070312,88.5999984741211,10746100
2025-06-23,89.22272491455078,90.66999816894533,90.73999786376952,89.44000244140625,89.69999694824219,5907600
2025-06-24,89.43921661376953,90.88999938964844,91.29000091552734,90.44000244140624,90.4800033569336,4558100
2025-06-25,88.95704650878906,90.4000015258789,90.69000244140624,89.80999755859375,90.55999755859376,5548300
2025-06-26,88.9078369140625,90.3499984741211,91.0,89.47000122070312,90.43000030517578,6003400
2025-06-27,89.44905853271484,90.9000015258789,91.3000030517578,90.19000244140624,90.23999786376952,5228200
2025-06-30,90.3642120361328,91.83000183105467,91.94000244140624,90.43000030517578,90.58999633789062,4924600
2025-07-01,90.82671356201172,92.3000030517578,92.5199966430664,91.2699966430664,92.0,7399400
2025-07-02,89.695068359375,91.1500015258789,92.1999969482422,90.48999786376952,91.79000091552734,6437200
2025-07-03,90.04932403564453,91.51000213623048,91.97000122070312,90.63999938964844,91.0,3467200
2025-07-07,90.19692993164062,91.66000366210938,91.7300033569336,91.1500015258789,91.44000244140624,3433100
2025-07-08,89.80331420898438,91.26000213623048,91.56999969482422,90.37999725341795,90.9000015258789,4600000
2025-07-09,90.49213409423828,91.95999908447266,91.9800033569336,90.76000213623048,91.4000015258789,3236200
2025-07-10,91.77139282226562,93.26000213623048,93.68000030517578,91.4499969482422,91.4499969482422,6686800
2025-07-11,91.18096923828124,92.66000366210938,93.0199966430664,92.2300033569336,92.8499984741211,5014900
2025-07-14,91.20064544677734,92.68000030517578,93.29000091552734,92.12000274658205,92.62000274658205,7698600
2025-07-15,90.9939956665039,92.47000122070312,93.0,91.87000274658205,92.5500030517578,5215600
2025-07-16,91.81075286865234,93.3000030517578,93.44000244140624,92.26000213623048,92.37999725341795,4498100
2025-07-17,91.84027099609376,93.33000183105467,93.80999755859376,92.77999877929688,93.0,4489200
2025-07-18,92.59798431396484,94.0999984741211,94.62999725341795,93.37000274658205,93.52999877929688,4197800
2025-07-21,93.27696990966795,94.79000091552734,95.29000091552734,94.1500015258789,94.26000213623048,4206800
2025-07-22,94.3200454711914,95.8499984741211,96.44000244140624,94.8000030517578,95.12000274658205,3889500
2025-07-23,93.61154174804688,95.12999725341795,95.94000244140624,94.56999969482422,95.75,4353400
2025-07-24,93.4836196899414,95.0,95.69000244140624,94.93000030517578,95.16999816894533,3904600
2025-07-25,93.8280258178711,95.3499984741211,95.54000091552734,94.91000366210938,94.91000366210938,3069800
2025-07-28,92.79479217529295,94.3000030517578,95.31999969482422,93.95999908447266,95.1999969482422,5481400
2025-07-29,93.680419921875,95.1999969482422,95.23999786376952,94.3499984741211,94.5500030517578,5217400
2025-07-30,93.38521575927734,94.9000015258789,95.62000274658205,94.63999938964844,95.3000030517578,6808000
2025-07-31,92.971923828125,94.4800033569336,95.9000015258789,92.91000366210938,94.87999725341795,12682300
2025-08-01,93.47377014160156,94.98999786376952,95.5199966430664,94.1500015258789,95.23999786376952,7496800
2025-08-04,94.4676513671875,96.0,96.1999969482422,95.0199966430664,95.12000274658205,5838300
2025-08-05,92.88335418701172,94.38999938964844,96.41999816894533,93.95999908447266,95.76000213623048,6033400
2025-08-06,93.1687240600586,94.68000030517578,95.54000091552734,94.16999816894533,94.72000122070312,3656300
2025-08-07,93.8280258178711,95.3499984741211,95.56999969482422,94.30999755859376,94.4000015258789,4162500
2025-08-08,93.1785659790039,94.69000244140624,95.79000091552734,94.47000122070312,95.56999969482422,4148300
2025-08-11,93.06047821044922,94.56999969482422,95.33999633789062,94.2300033569336,95.0199966430664,4313200
2025-08-12,92.46021270751952,93.95999908447266,94.68000030517578,93.27999877929688,94.6500015258789,7908600
2025-08-13,93.27696990966795,94.79000091552734,94.86000061035156,93.4000015258789,93.88999938964844,5478100
2025-08-14,92.6865463256836,94.19000244140624,94.6999969482422,93.75,94.6999969482422,5252500
2025-08-15,92.5684585571289,94.06999969482422,94.76000213623048,93.62999725341795,94.33000183105467,5698500
2025-08-18,92.09237670898438,92.8499984741211,93.63999938964844,92.7699966430664,93.58000183105467,5070500
2025-08-19,93.4115219116211,94.18000030517578,94.22000122070312,92.83999633789062,92.87999725341795,4691000
2025-08-20,94.15540313720705,94.93000030517578,95.63999938964844,94.33000183105467,94.5,5556600
2025-08-21,93.84793853759766,94.62000274658205,95.18000030517578,94.36000061035156,94.95999908447266,3294400
2025-08-22,93.7090835571289,94.4800033569336,95.5,94.08000183105467,95.05999755859376,3304900
2025-08-25,92.37008666992188,93.12999725341795,94.48999786376952,92.98999786376952,94.2300033569336,2559500
2025-08-26,92.33041381835938,93.08999633789062,93.5,92.48999786376952,93.1500015258789,3699500
2025-08-27,92.51886749267578,93.27999877929688,93.45999908447266,92.80999755859376,93.19000244140624,3089900
2025-08-28,91.4873504638672,92.23999786376952,93.04000091552734,92.06999969482422,93.04000091552734,2797400
2025-08-29,91.54686737060548,92.3000030517578,92.80999755859376,92.22000122070312,92.47000122070312,3227600
2025-09-02,91.3385772705078,92.08999633789062,92.81999969482422,91.62999725341795,92.23999786376952,3467500
2025-09-03,90.91209411621094,91.66000366210938,91.97000122070312,91.16999816894533,91.63999938964844,3481000
2025-09-04,91.12037658691406,91.87000274658205,92.44000244140624,91.43000030517578,92.23999786376952,3468700
2025-09-05,91.0311050415039,91.77999877929688,92.37999725341795,91.5500030517578,91.9800033569336,3166400
2025-09-08,90.08885955810548,90.83000183105467,91.8499984741211,90.58999633789062,91.43000030517578,3712000
2025-09-09,90.46575927734376,91.20999908447266,91.5,90.52999877929688,90.68000030517578,2889600
2025-09-10,90.81290435791016,91.55999755859376,91.66999816894533,90.72000122070312,91.0999984741211,4309800
2025-09-11,91.37825012207033,92.12999725341795,92.13999938964844,91.22000122070312,91.5500030517578,3701900
2025-09-12,91.51710510253906,92.2699966430664,92.44000244140624,91.72000122070312,91.87999725341795,4076300
2025-09-15,91.52703094482422,92.27999877929688,92.4000015258789,91.55999755859376,92.01000213623048,3922300
2025-09-16,90.61453247070312,91.36000061035156,92.31999969482422,91.3499984741211,92.0999984741211,6625700
2025-09-17,90.88233184814452,91.62999725341795,92.05999755859376,91.4000015258789,91.58999633789062,5065100
2025-09-18,90.70379638671876,91.4499969482422,91.87999725341795,90.70999908447266,90.7699966430664,6073900
2025-09-19,91.05094909667967,91.8000030517578,92.3000030517578,90.3499984741211,91.04000091552734,9381500
2025-09-22,91.57662200927734,92.33000183105467,92.58000183105467,91.62999725341795,91.87999725341795,5569500
2025-09-23,92.9552764892578,93.72000122070312,93.72000122070312,92.11000061035156,92.3000030517578,4413500
2025-09-24,93.63965606689452,94.41000366210938,94.44000244140624,93.16000366210938,93.61000061035156,4826500
2025-09-25,92.92552947998048,93.69000244140624,95.05999755859376,93.58000183105467,94.58999633789062,6968400
2025-09-26,93.7586669921875,94.52999877929688,94.66999816894533,93.83000183105467,94.08000183105467,5203400
2025-09-29,93.14373016357422,93.91000366210938,94.52999877929688,93.4499969482422,94.5,8002600
2025-09-30,93.9967041015625,94.7699966430664,95.02999877929688,93.63999938964844,93.83000183105467,7481500
2025-10-01,94.0264663696289,94.8000030517578,95.37999725341795,94.61000061035156,94.91999816894533,4625900
2025-10-02,93.12389373779295,93.88999938964844,94.52999877929688,93.52999877929688,94.18000030517578,4436200
2025-10-03,93.76858520507812,94.54000091552734,94.8499984741211,93.5,93.5,6022100
2025-10-06,94.71083068847656,95.48999786376952,95.52999877929688,94.4000015258789,94.43000030517578,4870200
2025-10-07,95.63324737548828,96.41999816894533,96.7699966430664,95.3000030517578,95.48999786376952,5607700
2025-10-08,95.39520263671876,96.18000030517578,96.79000091552734,95.5,96.79000091552734,3700500
2025-10-09,95.34561157226562,96.12999725341795,96.66000366210938,96.01000213623048,96.66000366210938,4113900
2025-10-10,97.4879913330078,98.29000091552734,98.36000061035156,96.4499969482422,96.66000366210938,5296400
2025-10-13,97.27970123291016,98.08000183105467,98.41999816894533,97.19000244140624,97.62000274658205,4261800
2025-10-14,98.86664581298828,99.68000030517578,99.80999755859376,98.45999908447266,98.6999969482422,5343000
2025-10-15,98.90631866455078,99.72000122070312,100.23999786376952,99.16999816894533,99.5999984741211,7287400
2025-10-16,97.62684631347656,98.43000030517578,100.83999633789062,98.37999725341795,100.12000274658205,4927000
2025-10-17,97.00199127197266,97.8000030517578,99.1500015258789,97.61000061035156,99.12000274658205,4916300
2025-10-20,96.89289093017578,97.69000244140624,98.41000366210938,97.33999633789062,98.4000015258789,5044900
2025-10-21,96.20851135253906,97.0,98.29000091552734,96.52999877929688,98.20999908447266,4582900
2025-10-22,96.68460083007812,97.4800033569336,98.11000061035156,96.44000244140624,96.9800033569336,3438200
2025-10-23,95.3654556274414,96.1500015258789,98.0,96.12000274658205,97.87000274658205,3194500
2025-10-24,95.09764862060548,95.87999725341795,96.61000061035156,95.83999633789062,96.26000213623048,4353300
2025-10-27,94.62157440185548,95.4000015258789,95.6999969482422,94.77999877929688,95.6999969482422,4019300
2025-10-28,93.14373016357422,93.91000366210938,95.23999786376952,93.31999969482422,95.0999984741211,6012800
2025-10-29,92.74699401855467,93.51000213623048,94.38999938964844,92.8499984741211,93.56999969482422,6431000
2025-10-30,94.29426574707033,95.06999969482422,95.5199966430664,93.05999755859376,93.05999755859376,7421400
2025-10-31,93.27266693115234,94.04000091552734,94.68000030517578,93.5999984741211,94.4800033569336,5432500
2025-11-03,92.38993072509766,93.1500015258789,95.08999633789062,92.18000030517578,93.56999969482422,14019100
2025-11-04,91.97335815429688,92.7300033569336,93.51000213623048,92.41000366210938,93.1500015258789,12289100
2025-11-05,90.66413116455078,91.41000366210938,92.2300033569336,90.5,91.31999969482422,12553100
2025-11-06,90.15828704833984,90.9000015258789,92.0500030517578,90.86000061035156,91.0,4916100
2025-11-07,90.69388580322266,91.44000244140624,91.91000366210938,90.86000061035156,91.16000366210938,4769600
2025-11-10,90.0194320678711,90.76000213623048,91.3499984741211,89.95999908447266,91.16999816894533,6177900
2025-11-11,90.39633178710938,91.13999938964844,91.4499969482422,90.5500030517578,90.91000366210938,3885400
2025-11-12,91.14021301269533,91.88999938964844,92.0199966430664,90.87999725341795,91.16999816894533,5588400
2025-11-13,90.42608642578124,91.16999816894533,92.37999725341795,91.08000183105467,92.0,5696400
2025-11-14,89.95000457763672,90.69000244140624,91.62000274658205,90.3000030517578,91.3000030517578,4613600
2025-11-17,90.58000183105467,90.58000183105467,90.97000122070312,90.13999938964844,90.48999786376952,5709100
2025-11-18,90.69000244140624,90.69000244140624,91.41000366210938,90.52999877929688,91.04000091552734,4992500
2025-11-19,89.05000305175781,89.05000305175781,90.80999755859376,88.9000015258789,90.77999877929688,5014600
2025-11-20,88.56999969482422,88.56999969482422,89.5,88.43000030517578,89.2300033569336,7947400
2025-11-21,89.2699966430664,89.2699966430664,90.05999755859375,88.5,88.69000244140625,6434600
2025-11-24,89.13999938964844,89.13999938964844,89.72000122070312,88.19999694824219,89.58999633789062,6045200
2025-11-25,89.29000091552734,89.29000091552734,89.52999877929688,88.62000274658203,89.0,5363600
2025-11-26,90.23999786376952,90.23999786376952,90.4000015258789,89.54000091552734,89.73999786376953,3490300
2025-11-28,91.12000274658205,91.12000274658205,91.12000274658205,90.26000213623048,90.38999938964844,2548700
2025-12-01,89.01000213623047,89.01000213623047,90.75,88.98999786376953,90.62000274658205,5749000
2025-12-02,89.04000091552734,89.04000091552734,89.30000305175781,88.31999969482422,89.29000091552734,5825600
2025-12-03,87.9800033569336,87.9800033569336,90.33999633789062,87.06999969482422,89.2300033569336,10934400
2025-12-04,87.33000183105469,87.33000183105469,88.62000274658203,86.95999908447266,87.73999786376953,7651900
2025-12-05,86.27999877929688,86.27999877929688,88.08999633789062,86.1500015258789,87.44000244140625,7255500
2025-12-08,85.55999755859375,85.55999755859375,86.4000015258789,85.47000122070312,86.22000122070312,6726100
2025-12-09,85.48999786376953,85.48999786376953,86.36000061035156,85.44000244140625,86.0,6830100
2025-12-10,84.08000183105469,84.08000183105469,85.37999725341797,83.80000305175781,85.18000030517578,8528200
2025-12-11,84.7300033569336,84.7300033569336,85.47000122070312,84.26000213623047,84.88999938964844,6262600
2025-12-12,84.44000244140625,84.44000244140625,85.1500015258789,84.26000213623047,84.48999786376953,4796100
2025-12-15,86.0,86.0,86.16000366210938,84.51000213623047,84.81999969482422,6826800
2025-12-16,85.70999908447266,85.70999908447266,85.9800033569336,85.0,85.4000015258789,6579500
2025-12-17,87.02999877929688,87.02999877929688,87.58000183105469,85.5999984741211,85.62000274658203,8995400
2025-12-18,87.22000122070312,87.22000122070312,87.45999908447266,86.70999908447266,87.16000366210938,5553400
2025-12-19,85.27999877929688,85.27999877929688,86.91999816894531,85.2300033569336,86.75,11300700
2025-12-22,85.72000122070312,85.72000122070312,85.80999755859375,84.83999633789062,85.27999877929688,5245900
2025-12-23,86.38999938964844,86.38999938964844,86.79000091552734,85.5999984741211,85.70999908447266,4319300
2025-12-24,87.16999816894531,87.16999816894531,87.19999694824219,86.37999725341797,86.52999877929688,1617500
2025-12-26,87.16999816894531,87.16999816894531,87.62999725341797,86.77999877929688,86.91999816894531,2308500
2025-12-29,87.54000091552734,87.54000091552734,88.16999816894531,87.25,87.30000305175781,3491000
2025-12-30,87.56999969482422,87.56999969482422,87.81999969482422,87.16999816894531,87.5999984741211,2975100
2025-12-31,87.19999694824219,87.19999694824219,87.62999725341797,87.16999816894531,87.44000244140625,3234300
2026-01-02,87.18000030517578,87.18000030517578,87.66000366210938,86.5999984741211,87.16999816894531,4273600
2026-01-05,86.87000274658203,86.87000274658203,86.97000122070312,85.22000122070312,86.73999786376953,4947700
2026-01-06,87.5199966430664,87.5199966430664,87.7300033569336,86.58000183105469,87.0,5034100
2026-01-07,86.2699966430664,86.2699966430664,87.9000015258789,85.97000122070312,87.75,3134800
2026-01-08,87.22000122070312,87.22000122070312,87.86000061035156,86.13999938964844,86.2300033569336,4076300
2026-01-09,87.01000213623047,87.01000213623047,87.81999969482422,86.97000122070312,87.22000122070312,3152100
2026-01-12,86.73999786376953,86.73999786376953,87.25,86.11000061035156,87.11000061035156,5749000
2026-01-13,87.55000305175781,87.55000305175781,87.55999755859375,86.01000213623047,86.75,5362800
2026-01-14,88.41999816894531,88.41999816894531,88.68000030517578,87.58000183105469,87.6500015258789,5134500
2026-01-15,88.77999877929688,88.77999877929688,89.11000061035156,87.94000244140625,88.4000015258789,3832600
2026-01-16,88.9000015258789,88.9000015258789,89.4000015258789,88.18000030517578,88.5199966430664,5201600
2026-01-20,88.81999969482422,88.81999969482422,89.18000030517578,87.54000091552734,88.5999984741211,6844500
2026-01-21,89.1500015258789,89.1500015258789,89.55000305175781,88.12000274658203,89.33000183105469,8555900
2026-01-22,87.51000213623047,87.51000213623047,89.44999694824219,87.38999938964844,89.12999725341797,8025700
2026-01-23,87.54000091552734,87.54000091552734,88.5,86.88999938964844,87.7699966430664,5483900
2026-01-26,88.16000366210938,88.16000366210938,89.04000091552734,87.9800033569336,88.0,7611900
2026-01-27,88.83999633789062,88.83999633789062,89.08000183105469,87.77999877929688,88.12999725341797,4470400
2026-01-28,88.33000183105469,88.33000183105469,89.23999786376953,88.1500015258789,88.69000244140625,4251300
2026-01-29,89.13999938964844,89.13999938964844,89.45999908447266,88.41999816894531,88.79000091552734,5943600
2026-01-30,89.30999755859375,89.30999755859375,89.5,88.13999938964844,88.94000244140625,5344800
2026-02-02,88.19000244140625,88.19000244140625,89.97000122070312,87.83999633789062,89.4000015258789,5260600
2026-02-03,90.12999725341795,90.12999725341795,90.2300033569336,87.97000122070312,88.19000244140625,6229900
2026-02-04,90.29000091552734,90.29000091552734,91.27999877929688,90.02999877929688,90.55999755859376,7338300
2026-02-05,91.08000183105467,91.08000183105467,91.63999938964844,90.4000015258789,90.83999633789062,5913400
2026-02-06,90.08000183105467,90.08000183105467,91.6999969482422,89.2699966430664,91.5,5453700
2026-02-09,89.37999725341797,89.37999725341797,90.0,88.83999633789062,89.66000366210938,4422900
2026-02-10,90.0129623413086,90.72000122070312,91.37999725341795,89.45999908447266,89.7300033569336,5783600
2026-02-11,90.15187072753906,90.86000061035156,91.0199966430664,90.1500015258789,90.70999908447266,7290600
2026-02-12,91.838623046875,92.55999755859376,93.26000213623048,91.0,91.19000244140624,13100400
2026-02-13,94.20999145507812,94.9499969482422,94.9800033569336,92.37000274658205,92.44000244140624,9114300
2026-02-17,92.0,92.0,95.12000274658203,91.9800033569336,94.8499984741211,9286400
2026-02-18,91.04000091552734,91.04000091552734,92.41000366210938,90.81999969482422,92.22000122070312,9786800
2026-02-19,95.05000305175781,95.05000305175781,95.66000366210938,93.75,95.5,16064500
2026-02-20,94.30000305175781,94.30000305175781,96.69999694824219,93.70999908447266,96.51000213623047,10713300
