Date,Adj Close,Close,High,Low,Open,Volume
2022-10-06,844.2992553710938,844.2992553710938,851.8649291992188,825.1802978515625,841.2942504882812,39884787
2022-10-07,859.6993408203125,859.6993408203125,864.923828125,835.6102294921875,844.3904418945312,42202799
2022-10-08,877.0706787109375,877.0706787109375,884.3761596679688,857.09814453125,859.5944213867188,32950360
2022-10-09,987.3062744140624,987.3062744140624,1111.144287109375,865.7313842773438,877.3782958984375,61924846
2022-10-10,972.9992065429688,972.9992065429688,1040.62890625,898.0826416015625,985.4884643554688,151236707
2022-10-11,975.5447998046876,975.5447998046876,994.5415649414062,933.7296752929688,974.4415893554688,102862939
2022-10-12,917.8129272460938,917.8129272460938,980.1983032226562,914.3876953125,975.5679321289062,54380172
2022-10-13,916.7904663085938,916.7904663085938,948.470458984375,886.7672119140625,917.8211669921876,73332335
2022-10-14,916.5814208984376,916.5814208984376,941.1568603515624,895.434814453125,916.6106567382812,46349626
2022-10-15,968.6842041015624,968.6842041015624,972.0888671875,915.8397827148438,916.5963745117188,54873471
2022-10-16,999.5003051757812,999.5003051757812,1005.4652709960938,956.7908935546876,968.636962890625,54046735
2022-10-17,1090.247314453125,1090.247314453125,1111.53662109375,980.82421875,999.6888427734376,95860778
2022-10-18,1104.0032958984375,1104.0032958984375,1113.297607421875,1065.72119140625,1090.5162353515625,73921273
2022-10-19,1091.3162841796875,1091.3162841796875,1144.938720703125,1077.475341796875,1103.9989013671875,85894564
2022-10-20,1051.226318359375,1051.226318359375,1091.1561279296875,1029.1827392578125,1091.1561279296875,65965566
2022-10-21,1015.6993408203124,1015.6993408203124,1060.4832763671875,1009.925048828125,1051.256103515625,46795154
2022-10-22,996.7363891601562,996.7363891601562,1036.1007080078125,987.7249145507812,1015.6453857421876,35174897
2022-10-23,978.6962890625,978.6962890625,1002.2332763671876,934.0220947265624,996.6856079101562,41951078
2022-10-24,926.7763671875,926.7763671875,983.1475830078124,915.6458740234376,978.6903686523438,47355017
2022-10-25,945.8887939453124,945.8887939453124,968.368896484375,919.4949951171876,926.9453735351562,44127707
2022-10-26,937.1165161132812,937.1165161132812,976.3744506835938,932.0719604492188,945.5741577148438,49356176
2022-10-27,905.6624755859376,905.6624755859376,964.7584838867188,900.5306396484375,937.1151123046876,52040151
2022-10-28,900.0808715820312,900.0808715820312,910.1490478515624,878.9374389648438,905.6057739257812,42593690
2022-10-29,916.0848388671876,916.0848388671876,927.636962890625,897.1549072265625,900.0696411132812,37549750
2022-10-30,909.8133544921876,909.8133544921876,925.0321044921876,898.162353515625,916.06982421875,27151559
2022-10-31,899.2866821289062,899.2866821289062,921.6068115234376,894.7100830078125,909.7211303710938,29067269
2022-11-01,881.1026000976562,881.1026000976562,902.9404907226562,878.1697387695312,899.2216186523438,25174734
2022-11-02,835.5037231445312,835.5037231445312,886.7926635742188,828.1341552734375,881.0901489257812,38768719
2022-11-03,847.4033203125,847.4033203125,876.120361328125,835.54345703125,835.54345703125,32737074
2022-11-04,914.4552001953124,914.4552001953124,914.9927978515624,844.2605590820312,847.3153076171875,34469304
2022-11-05,897.9317626953125,897.9317626953125,921.1016845703124,897.9317626953125,914.3961791992188,27614891
2022-11-06,840.1747436523438,840.1747436523438,911.7993774414062,837.977294921875,897.8794555664062,34703191
2022-11-07,831.2213745117188,831.2213745117188,850.0316772460938,821.7721557617188,840.2855834960938,33384907
2022-11-08,711.1828002929688,711.1828002929688,834.2154541015625,649.6595458984375,830.993896484375,75826521
2022-11-09,671.5282592773438,671.5282592773438,723.9557495117188,645.1505126953125,711.25732421875,69805944
2022-11-10,882.3718872070312,882.3718872070312,895.1287841796875,665.3405151367188,671.3192749023438,93226856
2022-11-11,780.2360229492188,780.2360229492188,884.0401611328125,757.2472534179688,882.2479858398438,60811955
2022-11-12,698.56884765625,698.56884765625,780.8541259765625,693.2213745117188,780.2992553710938,35814148
2022-11-13,676.7605590820312,676.7605590820312,728.6953125,672.6908569335938,698.475830078125,27647580
2022-11-14,696.3040771484375,696.3040771484375,705.96630859375,655.9995727539062,676.5863647460938,32491341
2022-11-15,707.4132690429688,707.4132690429688,722.6687622070312,691.9054565429688,696.2998657226562,19932447
2022-11-16,660.9922485351562,660.9922485351562,711.8882446289062,657.6131591796875,707.451416015625,24381454
2022-11-17,651.8402709960938,651.8402709960938,669.359375,651.7846069335938,659.9351196289062,25205366
2022-11-18,656.7251586914062,656.7251586914062,664.048583984375,649.2256469726562,651.8748779296875,24317682
2022-11-19,682.3170166015625,682.3170166015625,684.3671875,649.3773803710938,656.7442016601562,19394591
2022-11-20,658.7745971679688,658.7745971679688,682.374267578125,648.45458984375,682.342529296875,20813268
2022-11-21,635.4002685546875,635.4002685546875,658.7158203125,617.3193359375,658.7158203125,27149369
2022-11-22,649.0612182617188,649.0612182617188,668.730712890625,621.9004516601562,635.267578125,24811948
2022-11-23,663.594970703125,663.594970703125,666.4417114257812,647.563232421875,649.10205078125,26899118
2022-11-24,661.2638549804688,661.2638549804688,675.016845703125,655.93212890625,663.6287841796875,19931739
2022-11-25,644.920166015625,644.920166015625,661.1304931640625,634.168212890625,661.1304931640625,22094664
2022-11-26,640.2545166015625,640.2545166015625,655.7490234375,639.2073974609375,644.9530029296875,23768227
2022-11-27,640.1231079101562,640.1231079101562,657.1895141601562,639.8954467773438,640.21142578125,27976842
2022-11-28,645.8034057617188,645.8034057617188,662.8267211914062,620.2244262695312,639.9967041015625,23890933
2022-11-29,646.9882202148438,646.9882202148438,657.8552856445312,643.2460327148438,645.7985229492188,20727162
2022-11-30,661.37353515625,661.37353515625,664.5935668945312,646.1207885742188,647.012451171875,23740631
2022-12-01,646.390625,646.390625,661.8121948242188,645.292724609375,661.3441772460938,18177927
2022-12-02,646.6643676757812,646.6643676757812,650.2852783203125,641.5660400390625,646.5062255859375,27346978
2022-12-03,640.8148193359375,640.8148193359375,648.2789306640625,639.0804443359375,646.6660766601562,14746330
2022-12-04,649.694091796875,649.694091796875,651.6425170898438,640.75341796875,640.8796997070312,14232683
2022-12-05,638.1619873046875,638.1619873046875,656.4193115234375,636.1603393554688,649.614501953125,20621289
2022-12-06,631.7424926757812,631.7424926757812,639.32861328125,629.8291625976562,638.1802368164062,19203406
2022-12-07,606.3676147460938,606.3676147460938,632.6224975585938,606.1107177734375,631.7608032226562,18940407
2022-12-08,621.9346923828125,621.9346923828125,626.0755615234375,603.8416137695312,606.4244995117188,22569886
2022-12-09,611.0866088867188,611.0866088867188,622.6859130859375,610.3637084960938,621.9480590820312,15457703
2022-12-10,613.6802978515625,613.6802978515625,620.34423828125,611.062744140625,611.062744140625,13127295
2022-12-11,602.1458740234375,602.1458740234375,616.391845703125,601.529052734375,613.5883178710938,15385696
2022-12-12,588.908935546875,588.908935546875,602.0985107421875,583.0479736328125,602.0985107421875,25400083
2022-12-13,603.2882690429688,603.2882690429688,606.9571533203125,579.3590698242188,588.97216796875,23077752
2022-12-14,606.1576538085938,606.1576538085938,614.2691650390625,599.6046142578125,603.2688598632812,18896477
2022-12-15,590.2776489257812,590.2776489257812,609.8157958984375,587.9925537109375,606.1909790039062,16631449
2022-12-16,540.0326538085938,540.0326538085938,595.6333618164062,535.0086059570312,590.2528686523438,19843162
2022-12-17,553.341796875,553.341796875,553.451416015625,533.7399291992188,540.0084228515625,15710336
2022-12-18,554.1646118164062,554.1646118164062,561.3287963867188,550.7764282226562,553.2919921875,11082467
2022-12-19,527.2643432617188,527.2643432617188,557.3762817382812,525.148193359375,554.1678466796875,14355080
2022-12-20,558.33984375,558.33984375,558.8259887695312,527.3906860351562,527.3906860351562,14126075
2022-12-21,551.1961669921875,551.1961669921875,558.3251342773438,546.7796020507812,558.0939331054688,13180369
2022-12-22,551.4708862304688,551.4708862304688,555.1783447265625,538.6160888671875,551.273681640625,13849572
2022-12-23,553.7487182617188,553.7487182617188,555.8030395507812,550.2009887695312,551.4696044921875,13498781
2022-12-24,551.2184448242188,551.2184448242188,555.9155883789062,550.4976196289062,553.7757568359375,11919077
2022-12-25,540.2932739257812,540.2932739257812,552.3232421875,535.31982421875,551.2442016601562,13606804
2022-12-26,548.9324951171875,548.9324951171875,548.9383544921875,538.4251708984375,540.22412109375,13079676
2022-12-27,541.7460327148438,541.7460327148438,550.2748413085938,536.2720947265625,548.8946533203125,14515297
2022-12-28,518.1635131835938,518.1635131835938,542.8939819335938,515.6367797851562,541.7562866210938,14924093
2022-12-29,520.0272827148438,520.0272827148438,527.1743774414062,511.73333740234375,518.1737060546875,14501940
2022-12-30,522.248046875,522.248046875,523.4122314453125,510.4425964355469,520.03662109375,16463056
2022-12-31,510.5272216796875,510.5272216796875,529.3020629882812,508.399169921875,522.3773193359375,23700703
2023-01-01,513.0187377929688,513.0187377929688,514.5331420898438,505.8958435058594,510.6647338867188,16845169
2023-01-02,511.6665649414063,511.6665649414063,517.5752563476562,507.6622924804688,513.0529174804688,17552136
2023-01-03,505.0352478027344,505.0352478027344,515.8814697265625,503.7241821289063,511.76959228515625,19088773
2023-01-04,518.8180541992188,518.8180541992188,522.3601684570312,504.2368774414063,504.9839782714844,33049795
2023-01-05,527.2825927734375,527.2825927734375,533.0162353515625,516.7049560546875,518.8431396484375,25958865
2023-01-06,539.4475708007812,539.4475708007812,539.8974609375,517.7249145507812,527.2799682617188,21649093
2023-01-07,552.639892578125,552.639892578125,554.0303344726562,538.6549682617188,539.39453125,26307303
2023-01-08,592.6702270507812,592.6702270507812,592.700439453125,546.8093872070312,552.5842895507812,38920445
2023-01-09,617.2991943359375,617.2991943359375,655.0900268554688,588.45556640625,592.5690307617188,59901332
2023-01-10,631.6663208007812,631.6663208007812,638.3054809570312,613.3475341796875,617.0911865234375,26712489
2023-01-11,636.578125,636.578125,636.9276733398438,609.4974975585938,631.6613159179688,22710675
2023-01-12,652.57568359375,652.57568359375,656.9008178710938,625.327880859375,644.3948364257812,27371749
2023-01-13,688.4780883789062,688.4780883789062,690.9177856445312,644.7638549804688,652.4845581054688,26137928
2023-01-14,709.341796875,709.341796875,740.0059204101562,688.3672485351562,688.3672485351562,49339137
2023-01-15,700.1795043945312,700.1795043945312,712.0473022460938,676.224365234375,709.3961791992188,34089947
2023-01-16,688.28125,688.28125,730.1212768554688,676.5578002929688,700.2012329101562,37467167
2023-01-17,696.421630859375,696.421630859375,725.9534912109375,680.5772705078125,688.5204467773438,29364394
2023-01-18,639.9946899414062,639.9946899414062,714.4053955078125,637.5720825195312,696.3963623046875,33142034
2023-01-19,665.7739868164062,665.7739868164062,668.672607421875,637.033935546875,639.8640747070312,25660238
2023-01-20,716.1292114257812,716.1292114257812,716.1474609375,655.4276733398438,665.7560424804688,22457951
2023-01-21,699.5333862304688,699.5333862304688,731.6527709960938,699.5333862304688,716.1278686523438,29469999
2023-01-22,709.6555786132812,709.6555786132812,736.8298950195312,695.9701538085938,699.5181274414062,23826271
2023-01-23,705.3880615234375,705.3880615234375,724.41162109375,694.9334106445312,709.5509033203125,24565163
2023-01-24,665.3157958984375,665.3157958984375,716.2462158203125,660.6397705078125,705.2213745117188,25586245
2023-01-25,668.8453369140625,668.8453369140625,681.4097290039062,650.2587280273438,665.3349609375,28212528
2023-01-26,658.4266967773438,658.4266967773438,676.5150756835938,654.8795776367188,668.7227783203125,25213499
2023-01-27,670.915283203125,670.915283203125,672.65185546875,646.29345703125,658.325439453125,24640583
2023-01-28,655.5947875976562,655.5947875976562,684.8182983398438,649.6008911132812,670.9788208007812,20285031
2023-01-29,675.1841430664062,675.1841430664062,675.5984497070312,652.15771484375,655.8576049804688,21479087
2023-01-30,634.8710327148438,634.8710327148438,677.0905151367188,627.1050415039062,675.2380981445312,26633817
2023-01-31,655.2039184570312,655.2039184570312,657.4113159179688,632.4869384765625,634.97412109375,20022622
2023-02-01,668.7462768554688,668.7462768554688,671.34375,624.483154296875,655.1658935546875,25030626
2023-02-02,670.57421875,670.57421875,705.3182373046875,668.5676879882812,668.6111450195312,34837766
2023-02-03,696.2058715820312,696.2058715820312,699.0338745117188,669.6213989257812,670.4721069335938,26630822
2023-02-04,701.3508911132812,701.3508911132812,722.9268188476562,691.0188598632812,696.2208862304688,28329493
2023-02-05,695.0135498046875,695.0135498046875,720.5130004882812,680.59521484375,701.2781372070312,33674186
2023-02-06,693.7000122070312,693.7000122070312,706.5719604492188,683.2980346679688,694.7784423828125,31627217
2023-02-07,789.4988403320312,789.4988403320312,794.8770141601562,688.7007446289062,693.7340087890625,50083655
2023-02-08,781.3359375,781.3359375,815.7747802734375,749.353271484375,789.494873046875,51896038
2023-02-09,709.9113159179688,709.9113159179688,792.3031616210938,704.5618896484375,781.4912109375,53668793
2023-02-10,712.9164428710938,712.9164428710938,735.1400756835938,705.2405395507812,709.9450073242188,31878097
2023-02-11,723.5496215820312,723.5496215820312,731.6066284179688,710.8460083007812,712.9603881835938,23975754
2023-02-12,684.7098388671875,684.7098388671875,724.3081665039062,680.8477783203125,723.4820556640625,25921892
2023-02-13,770.1089477539062,770.1089477539062,781.0508422851562,661.6668701171875,684.7735595703125,92102614
2023-02-14,740.756591796875,740.756591796875,773.5319213867188,734.9181518554688,769.947509765625,57427961
2023-02-15,760.2007446289062,760.2007446289062,760.530517578125,726.9636840820312,740.7156982421875,47560869
2023-02-16,706.2236328125,706.2236328125,776.929931640625,705.6185302734375,760.0760498046875,53972684
2023-02-17,726.03759765625,726.03759765625,735.4601440429688,704.3607177734375,706.3125610351562,40039703
2023-02-18,728.9971313476562,728.9971313476562,734.7434692382812,723.0177001953125,726.0988159179688,26458441
2023-02-19,737.3815307617188,737.3815307617188,767.4229736328125,723.1946411132812,728.994873046875,38873628
2023-02-20,770.1691284179688,770.1691284179688,774.0276489257812,721.1243286132812,737.7306518554688,36219723
2023-02-21,786.9889526367188,786.9889526367188,786.9889526367188,756.6099853515625,770.1693115234375,40186852
2023-02-22,760.2623901367188,760.2623901367188,791.799560546875,735.7752685546875,787.0003662109375,37563771
2023-02-23,740.7547607421875,740.7547607421875,780.1890869140625,738.9961547851562,760.2212524414062,28798198
2023-02-24,713.2276000976562,713.2276000976562,746.6627807617188,701.2229614257812,740.75927734375,27600405
2023-02-25,706.3668823242188,706.3668823242188,716.73681640625,683.1876220703125,713.3193359375,25496636
2023-02-26,775.5320434570312,775.5320434570312,777.2294311523438,704.78271484375,706.323486328125,52887692
2023-02-27,788.4426879882812,788.4426879882812,811.6257934570312,763.2188110351562,775.4893188476562,57195325
2023-02-28,791.4266357421875,791.4266357421875,800.2416381835938,765.9241333007812,788.4583740234375,44572661
2023-03-01,927.9334106445312,927.9334106445312,948.4111938476562,787.6492919921875,791.4150390625,163217672
2023-03-02,883.2493286132812,883.2493286132812,945.56982421875,876.046875,927.647216796875,74303183
2023-03-03,893.4088745117188,893.4088745117188,949.5021362304688,839.5932006835938,883.157470703125,111387747
2023-03-04,858.0084838867188,858.0084838867188,919.9215087890624,847.4396362304688,892.0326538085938,55189668
2023-03-05,948.1517944335938,948.1517944335938,971.1785278320312,858.234130859375,858.234130859375,102588030
2023-03-06,910.7695922851562,910.7695922851562,957.1719970703124,909.5127563476562,948.1235961914062,70496369
2023-03-07,922.3786010742188,922.3786010742188,926.2920532226562,881.9448852539062,910.6932373046876,64903147
2023-03-08,874.7227783203125,874.7227783203125,932.9843139648438,858.9799194335938,922.262451171875,71555525
2023-03-09,810.1728515625,810.1728515625,888.32666015625,801.0112915039062,874.2350463867188,60765744
2023-03-10,781.2390747070312,781.2390747070312,810.1616821289062,759.0093383789062,810.1616821289062,63545842
2023-03-11,728.6910400390625,728.6910400390625,797.0821533203125,611.4879760742188,781.2573852539062,253784672
2023-03-12,903.781982421875,903.781982421875,904.42041015625,667.3523559570312,728.6810913085938,157286130
2023-03-13,911.468505859375,911.468505859375,968.9246826171876,847.5374145507812,903.7556762695312,246085014
2023-03-14,862.153564453125,862.153564453125,919.613525390625,843.08349609375,911.5399169921876,128974547
2023-03-15,747.7926635742188,747.7926635742188,883.479736328125,716.346923828125,862.3753051757812,126343325
2023-03-16,707.7316284179688,707.7316284179688,752.34130859375,707.7316284179688,748.0354614257812,96653856
2023-03-17,729.7171630859375,729.7171630859375,757.8916625976562,694.7537841796875,707.6737060546875,171506041
2023-03-18,686.1724853515625,686.1724853515625,753.236572265625,684.9102172851562,730.0723876953125,119808723
2023-03-19,688.5506591796875,688.5506591796875,711.5105590820312,686.1964111328125,686.1964111328125,79605211
2023-03-20,668.9738159179688,668.9738159179688,715.5689697265625,665.833251953125,688.5964965820312,84590818
2023-03-21,692.9022216796875,692.9022216796875,702.7597045898438,654.5497436523438,669.5148315429688,64478549
2023-03-22,670.4651489257812,670.4651489257812,692.8479614257812,648.5303344726562,692.8479614257812,60547510
2023-03-23,680.482666015625,680.482666015625,694.8435668945312,666.2767944335938,670.374267578125,52349912
2023-03-24,672.402587890625,672.402587890625,710.2866821289062,656.334716796875,680.55859375,66136765
2023-03-25,666.7848510742188,666.7848510742188,683.572021484375,656.0633544921875,672.5716552734375,39123806
2023-03-26,671.6508178710938,671.6508178710938,683.3201293945312,663.033447265625,666.7797241210938,35664996
2023-03-27,675.912109375,675.912109375,680.1929931640625,632.8187866210938,671.2283935546875,52392699
2023-03-28,675.6837158203125,675.6837158203125,690.0850219726562,669.0191650390625,675.9410400390625,53090728
2023-03-29,691.730712890625,691.730712890625,704.60009765625,672.5960693359375,675.6748046875,60473166
2023-03-30,675.6600341796875,675.6600341796875,697.9666748046875,664.6885375976562,691.8765869140625,52697410
2023-03-31,686.9022827148438,686.9022827148438,693.706298828125,668.140869140625,675.7958984375,41515986
2023-04-01,686.9337158203125,686.9337158203125,695.0845947265625,682.7615356445312,686.8712158203125,35034932
2023-04-02,673.4818115234375,673.4818115234375,695.3759155273438,666.5654907226562,690.9752197265625,30392710
2023-04-03,673.5184326171875,673.5184326171875,684.9539184570312,657.7930908203125,673.5025634765625,47137039
2023-04-04,680.5634765625,680.5634765625,682.8599243164062,670.5402221679688,673.4282836914062,32190184
2023-04-05,692.920166015625,692.920166015625,696.5108642578125,673.5760498046875,680.5814819335938,43259563
2023-04-06,719.4263916015625,719.4263916015625,733.0841674804688,683.2554321289062,692.9616088867188,96268687
2023-04-07,696.15576171875,696.15576171875,720.1396484375,689.5194702148438,719.4228515625,42480712
2023-04-08,688.7444458007812,688.7444458007812,696.72900390625,685.1412963867188,696.068359375,41962062
2023-04-09,706.52294921875,706.52294921875,710.1400146484375,685.7959594726562,688.6891479492188,32404440
2023-04-10,725.8758544921875,725.8758544921875,728.256103515625,697.9122924804688,706.482421875,46280293
2023-04-11,726.480224609375,726.480224609375,730.1259155273438,714.945068359375,725.88525390625,48237131
2023-04-12,726.69921875,726.69921875,729.0791015625,695.24609375,726.48681640625,41113374
2023-04-13,753.8428344726562,753.8428344726562,753.9965209960938,722.4662475585938,725.8057250976562,45034984
2023-04-14,773.7247924804688,773.7247924804688,785.6102905273438,752.6097412109375,753.8578491210938,65416242
2023-04-15,778.4561767578125,778.4561767578125,784.553955078125,763.8167114257812,773.7046508789062,46751937
2023-04-16,801.0784912109375,801.0784912109375,801.2437744140625,768.4403686523438,778.413818359375,46222072
2023-04-17,780.4559326171875,780.4559326171875,814.7550659179688,778.139892578125,801.0858764648438,46373714
2023-04-18,789.7437744140625,789.7437744140625,802.9395751953125,771.9776000976562,780.5773315429688,35213845
2023-04-19,724.1227416992188,724.1227416992188,789.6087036132812,715.5676879882812,789.6087036132812,51339251
2023-04-20,715.7362670898438,715.7362670898438,737.2413940429688,705.1414794921875,723.885986328125,51309817
2023-04-21,676.9913940429688,676.9913940429688,723.1016235351562,673.7839965820312,715.6742553710938,33473839
2023-04-22,698.8196411132812,698.8196411132812,701.8598022460938,676.0559692382812,676.9685668945312,24782666
2023-04-23,688.8113403320312,688.8113403320312,698.8133544921875,673.1510009765625,698.8133544921875,21653294
2023-04-24,682.2557373046875,682.2557373046875,696.9711303710938,676.29296875,688.8180541992188,20848099
2023-04-25,692.4833984375,692.4833984375,694.9171142578125,669.8626708984375,682.1112670898438,22168549
2023-04-26,689.272705078125,689.272705078125,722.880859375,661.0888671875,692.43310546875,34101454
2023-04-27,702.824462890625,702.824462890625,706.4920043945312,685.622314453125,689.3092651367188,25703181
2023-04-28,698.9267578125,698.9267578125,703.6157836914062,692.7446899414062,702.8929443359375,19929561
2023-04-29,709.2792358398438,709.2792358398438,712.5709838867188,697.3025512695312,698.9194946289062,15885675
2023-04-30,695.3102416992188,695.3102416992188,709.2864990234375,692.783203125,709.2864990234375,16913131
2023-05-01,702.2415161132812,702.2415161132812,704.9573364257812,680.1145629882812,695.326171875,22678213
2023-05-02,699.9617919921875,699.9617919921875,714.18896484375,699.5435791015625,702.2975463867188,21721568
2023-05-03,699.17041015625,699.17041015625,700.9593505859375,684.4616088867188,699.9622192382812,17209621
2023-05-04,689.455078125,689.455078125,704.3818969726562,686.8817749023438,699.2142333984375,13975393
2023-05-05,725.88818359375,725.88818359375,730.2113647460938,688.2559814453125,689.5125122070312,27345459
2023-05-06,691.8599853515625,691.8599853515625,732.468505859375,685.7591552734375,725.9590454101562,23982853
2023-05-07,696.7864990234375,696.7864990234375,705.586181640625,689.6276245117188,691.8311767578125,18367091
2023-05-08,669.2378540039062,669.2378540039062,700.6461791992188,653.18310546875,696.6060791015625,27098810
2023-05-09,671.84521484375,671.84521484375,675.1396484375,665.0662841796875,669.161376953125,19100501
2023-05-10,660.5401611328125,660.5401611328125,677.4514770507812,644.3678588867188,671.870361328125,20865497
2023-05-11,622.2581787109375,622.2581787109375,660.6427001953125,610.8211669921875,660.6427001953125,20612997
2023-05-12,638.0523071289062,638.0523071289062,639.8960571289062,613.1165161132812,622.2425537109375,29845292
2023-05-13,632.569580078125,632.569580078125,638.347412109375,628.6863403320312,638.0479736328125,24767535
2023-05-14,626.3826904296875,626.3826904296875,637.4049072265625,624.0418701171875,632.4406127929688,21713167
2023-05-15,637.2470703125,637.2470703125,645.0975341796875,621.2633666992188,626.3822631835938,15172332
2023-05-16,633.170654296875,633.170654296875,640.6901245117188,624.7116088867188,637.250732421875,20543796
2023-05-17,639.53662109375,639.53662109375,642.250244140625,625.0579223632812,633.2021484375,13436548
2023-05-18,626.032958984375,626.032958984375,640.2579345703125,618.9995727539062,639.5094604492188,12454815
2023-05-19,627.9513549804688,627.9513549804688,631.7102661132812,623.4523315429688,626.0905151367188,10427856
2023-05-20,625.5751342773438,625.5751342773438,628.5391845703125,622.8190307617188,627.9999389648438,12260558
2023-05-21,623.653564453125,623.653564453125,627.4407348632812,619.8768920898438,625.6190185546875,10290023
2023-05-22,629.5314331054688,629.5314331054688,630.1248779296875,617.2539672851562,623.6736450195312,11316972
2023-05-23,633.90234375,633.90234375,641.8811645507812,629.3528442382812,629.49267578125,11940466
2023-05-24,618.8056640625,618.8056640625,633.9358520507812,609.9847412109375,633.9337768554688,13323228
2023-05-25,624.5523071289062,624.5523071289062,630.1734008789062,606.6873779296875,618.7027587890625,13515233
2023-05-26,624.622802734375,624.622802734375,627.1544189453125,619.5660400390625,624.5418090820312,11891642
2023-05-27,633.9202270507812,633.9202270507812,634.496826171875,624.2353515625,624.625732421875,14079191
2023-05-28,648.1211547851562,648.1211547851562,649.5945434570312,632.0214233398438,633.8926391601562,14472342
2023-05-29,637.0950927734375,637.0950927734375,653.7675170898438,635.0149536132812,648.1764526367188,14351137
2023-05-30,643.5025024414062,643.5025024414062,644.3718872070312,635.2713012695312,637.0982666015625,14129821
2023-05-31,635.565673828125,635.565673828125,646.0216674804688,632.7542724609375,643.4743041992188,15479513
2023-06-01,641.6883544921875,641.6883544921875,643.5836791992188,627.416259765625,635.5264892578125,13442901
2023-06-02,663.088134765625,663.088134765625,669.5794677734375,637.5729370117188,641.65380859375,15854640
2023-06-03,674.0145263671875,674.0145263671875,675.8297119140625,657.7447509765625,663.0929565429688,13943694
2023-06-04,682.7871704101562,682.7871704101562,703.88525390625,669.1038818359375,673.9711303710938,20953152
2023-06-05,649.071044921875,649.071044921875,689.3665161132812,636.68603515625,682.75048828125,23769877
2023-06-06,650.2938232421875,650.2938232421875,655.4982299804688,635.697265625,649.0645751953125,15696079
2023-06-07,623.1043090820312,623.1043090820312,650.2715454101562,617.594482421875,650.2715454101562,15528673
2023-06-08,625.4022827148438,625.4022827148438,634.3345947265625,618.751220703125,623.210693359375,12449781
2023-06-09,627.4674682617188,627.4674682617188,634.5075073242188,620.0159912109375,625.5806884765625,14166988
2023-06-10,631.64208984375,631.64208984375,643.09423828125,537.7799072265625,627.4696044921875,47141219
2023-06-11,616.9539794921875,616.9539794921875,631.5241088867188,593.0780639648438,631.5241088867188,20778268
2023-06-12,627.5817260742188,627.5817260742188,628.1127319335938,609.9508056640625,616.9950561523438,16616802
2023-06-13,634.490478515625,634.490478515625,645.0706787109375,626.9290161132812,627.7152709960938,22158651
2023-06-14,628.2760009765625,628.2760009765625,657.4129028320312,618.209228515625,634.4905395507812,23451346
2023-06-15,645.2766723632812,645.2766723632812,650.9437866210938,627.4244995117188,628.2825927734375,17591013
2023-06-16,678.2948608398438,678.2948608398438,679.3470458984375,643.24951171875,645.3164672851562,20027455
2023-06-17,668.6674194335938,668.6674194335938,688.0072631835938,665.3866577148438,678.2779541015625,17497513
2023-06-18,671.3446044921875,671.3446044921875,680.9608764648438,666.0810546875,668.69189453125,18780978
2023-06-19,706.2672119140625,706.2672119140625,720.5660400390625,671.2827758789062,671.4254150390625,29467955
2023-06-20,728.2251586914062,728.2251586914062,730.2504272460938,703.104736328125,706.4657592773438,22582757
2023-06-21,753.89306640625,753.89306640625,768.336669921875,726.8897705078125,728.2173461914062,42664275
2023-06-22,738.4319458007812,738.4319458007812,759.6282348632812,733.4356079101562,753.695068359375,24046086
2023-06-23,727.2885131835938,727.2885131835938,751.0833740234375,724.8082885742188,738.3939208984375,26827254
2023-06-24,681.850341796875,681.850341796875,727.7593994140625,676.865478515625,727.3700561523438,30251736
2023-06-25,705.4319458007812,705.4319458007812,753.142333984375,678.17919921875,681.8458251953125,37041880
2023-06-26,688.5379028320312,688.5379028320312,705.8876342773438,674.6715087890625,705.4462890625,26541298
2023-06-27,689.4496459960938,689.4496459960938,705.9048461914062,678.948486328125,688.5419311523438,23584202
2023-06-28,677.08935546875,677.08935546875,689.7789306640625,664.2240600585938,689.447265625,24481383
2023-06-29,687.5684814453125,687.5684814453125,720.262451171875,675.006591796875,677.0150756835938,28076078
2023-06-30,830.7417602539062,830.7417602539062,849.93310546875,685.26904296875,687.5118408203125,118314201
2023-07-01,842.6096801757812,842.6096801757812,854.276611328125,804.1272583007812,830.771484375,55112173
2023-07-02,858.810546875,858.810546875,890.2681274414062,803.1810302734375,842.5775146484375,64165541
2023-07-03,978.30419921875,978.30419921875,1051.2801513671875,851.177001953125,858.718505859375,117887744
2023-07-04,981.9761352539062,981.9761352539062,1032.583740234375,954.0712280273438,977.9788818359376,86403040
2023-07-05,917.3611450195312,917.3611450195312,1072.544921875,887.7448120117188,982.038818359375,138892217
2023-07-06,968.521484375,968.521484375,1034.446044921875,916.0523681640624,917.3279418945312,103690381
2023-07-07,939.7816162109376,939.7816162109376,1026.90966796875,921.0282592773438,968.5441284179688,89800487
2023-07-08,932.4661254882812,932.4661254882812,987.0595703125,930.1337280273438,940.3873291015624,48195990
2023-07-09,962.68505859375,962.68505859375,986.3397827148438,905.8502197265624,932.4871215820312,58570656
2023-07-10,914.9892578125,914.9892578125,962.6973876953124,908.756591796875,962.6973876953124,49743245
2023-07-11,913.3176879882812,913.3176879882812,941.2997436523438,910.5902099609376,915.1065673828124,48149744
2023-07-12,907.8101196289062,907.8101196289062,931.7049560546876,891.909423828125,913.31494140625,43920964
2023-07-13,924.531005859375,924.531005859375,957.2029418945312,879.8948364257812,907.8109741210938,57448062
2023-07-14,868.15869140625,868.15869140625,952.482421875,852.4320678710938,924.5053100585938,64513039
2023-07-15,889.8560180664062,889.8560180664062,890.5950927734375,855.6091918945312,868.1160278320312,43080346
2023-07-16,970.0057373046876,970.0057373046876,1008.5045776367188,888.8141479492188,889.80908203125,113632351
2023-07-17,936.622802734375,936.622802734375,991.6691284179688,931.5720825195312,970.0247802734376,64600066
2023-07-18,924.593017578125,924.593017578125,941.2022705078124,894.9945678710938,936.5904541015624,59436606
2023-07-19,990.1499633789062,990.1499633789062,994.56396484375,923.349365234375,924.53662109375,82073753
2023-07-20,1032.79443359375,1032.79443359375,1041.576171875,974.3233642578124,990.11865234375,99769592
2023-07-21,1094.58984375,1094.58984375,1203.395263671875,1031.556396484375,1032.847412109375,180443131
2023-07-22,1110.1207275390625,1110.1207275390625,1114.1636962890625,1075.158447265625,1094.5869140625,82341313
2023-07-23,1089.7442626953125,1089.7442626953125,1135.379150390625,1085.8387451171875,1110.8946533203125,74715728
2023-07-24,1067.6744384765625,1067.6744384765625,1089.53515625,1014.7129516601562,1089.53515625,86419437
2023-07-25,1139.34765625,1139.34765625,1172.1221923828125,1064.4930419921875,1067.735107421875,112364305
2023-07-26,1180.986328125,1180.986328125,1192.94873046875,1118.9346923828125,1139.105712890625,107528334
2023-07-27,1164.3546142578125,1164.3546142578125,1270.6085205078125,1141.7647705078125,1181.2135009765625,140985492
2023-07-28,1179.8817138671875,1179.8817138671875,1185.75048828125,1151.20166015625,1164.3900146484375,92611010
2023-07-29,1284.544921875,1284.544921875,1308.5809326171875,1177.1177978515625,1179.8546142578125,146842351
2023-07-30,1249.77734375,1249.77734375,1290.630859375,1240.4091796875,1284.6282958984375,105187173
2023-07-31,1225.9825439453125,1225.9825439453125,1293.5587158203125,1209.589599609375,1249.783447265625,101103407
2023-08-01,1338.3922119140625,1338.3922119140625,1339.926513671875,1193.7464599609375,1226.23388671875,153382169
2023-08-02,1293.515380859375,1293.515380859375,1351.423583984375,1285.928466796875,1338.3729248046875,122689612
2023-08-03,1291.0111083984375,1291.0111083984375,1341.91455078125,1287.6719970703125,1293.6119384765625,96899585
2023-08-04,1302.618408203125,1302.618408203125,1326.6529541015625,1270.0653076171875,1290.773681640625,102606839
2023-08-05,1244.3883056640625,1244.3883056640625,1303.3818359375,1234.88330078125,1302.65771484375,84660400
2023-08-06,1221.453125,1221.453125,1255.364990234375,1211.583984375,1244.316162109375,77351057
2023-08-07,1217.708740234375,1217.708740234375,1253.8575439453125,1181.7752685546875,1221.5286865234375,80816697
2023-08-08,1212.442626953125,1212.442626953125,1237.2091064453125,1209.786376953125,1217.64990234375,66589864
2023-08-09,1212.2203369140625,1212.2203369140625,1222.5888671875,1195.0322265625,1212.5396728515625,72896798
2023-08-10,1255.257080078125,1255.257080078125,1262.143310546875,1209.787109375,1212.0703125,86850407
2023-08-11,1248.885986328125,1248.885986328125,1267.224365234375,1237.921875,1255.2918701171875,70385581
2023-08-12,1224.061279296875,1224.061279296875,1251.2144775390625,1216.1939697265625,1248.82666015625,62376513
2023-08-13,1244.5108642578125,1244.5108642578125,1255.05126953125,1219.97412109375,1224.0291748046875,61528721
2023-08-14,1249.0130615234375,1249.0130615234375,1273.3380126953125,1237.343505859375,1244.4736328125,78843676
2023-08-15,1231.8565673828125,1231.8565673828125,1249.2791748046875,1214.3282470703125,1249.01025390625,59131468
2023-08-16,1129.638427734375,1129.638427734375,1232.9202880859375,1114.0679931640625,1231.6510009765625,82794476
2023-08-17,1083.2806396484375,1083.2806396484375,1146.2891845703125,999.8549194335938,1129.788330078125,84514655
2023-08-18,1071.205322265625,1071.205322265625,1100.9573974609375,1054.696533203125,1083.658935546875,81814884
2023-08-19,1102.1806640625,1102.1806640625,1112.1512451171875,1066.9521484375,1071.2301025390625,48739464
2023-08-20,1110.066650390625,1110.066650390625,1118.5704345703125,1095.823974609375,1102.1650390625,50298771
2023-08-21,1093.564453125,1093.564453125,1110.3280029296875,1066.2889404296875,1110.1131591796875,73026411
2023-08-22,1039.565185546875,1039.565185546875,1116.760986328125,1002.0064086914062,1093.31298828125,85160886
2023-08-23,1073.591552734375,1073.591552734375,1081.6383056640625,1015.121826171875,1039.60107421875,75191057
2023-08-24,1031.26513671875,1031.26513671875,1097.4815673828125,1022.0928344726562,1073.6400146484375,76594678
2023-08-25,1013.16796875,1013.16796875,1031.7755126953125,990.9434204101562,1031.2496337890625,64448513
2023-08-26,1038.81982421875,1038.81982421875,1045.465087890625,1005.5995483398438,1013.1807861328124,57022096
2023-08-27,1073.243408203125,1073.243408203125,1073.3001708984375,1032.3040771484375,1038.8809814453125,52163074
2023-08-28,1027.197265625,1027.197265625,1073.71923828125,1005.7703247070312,1073.3048095703125,66689681
2023-08-29,1047.0699462890625,1047.0699462890625,1073.5675048828125,1021.1170043945312,1027.21142578125,62331794
2023-08-30,1043.8531494140625,1043.8531494140625,1067.48046875,1030.57421875,1047.40380859375,57055557
2023-08-31,1156.1719970703125,1156.1719970703125,1186.7625732421875,1033.4783935546875,1043.74755859375,142676436
2023-09-01,1140.6971435546875,1140.6971435546875,1173.685791015625,1095.0091552734375,1156.1004638671875,97193854
2023-09-02,1139.1229248046875,1139.1229248046875,1178.7760009765625,1117.2862548828125,1140.9842529296875,84164649
2023-09-03,1127.81689453125,1127.81689453125,1150.4571533203125,1121.6436767578125,1139.1607666015625,61687236
2023-09-04,1117.2811279296875,1117.2811279296875,1158.99072265625,1086.7349853515625,1127.8013916015625,128880530
2023-09-05,1133.2359619140625,1133.2359619140625,1134.2947998046875,1110.0621337890625,1117.2794189453125,55756298
2023-09-06,1136.42724609375,1136.42724609375,1139.7042236328125,1094.194091796875,1133.3284912109375,56176341
2023-09-07,1144.74462890625,1144.74462890625,1161.13330078125,1127.8331298828125,1136.35009765625,49122510
2023-09-08,1137.008056640625,1137.008056640625,1146.66650390625,1123.6795654296875,1144.6689453125,45065652
2023-09-09,1127.254638671875,1127.254638671875,1137.9007568359375,1120.8509521484375,1136.9908447265625,31310378
2023-09-10,1116.3094482421875,1116.3094482421875,1132.4552001953125,1106.621826171875,1127.2694091796875,50596232
2023-09-11,1081.4931640625,1081.4931640625,1125.836669921875,1072.3050537109375,1116.2105712890625,63318055
2023-09-12,1119.68359375,1119.68359375,1123.5963134765625,1074.19775390625,1081.4521484375,76517669
2023-09-13,1154.9940185546875,1154.9940185546875,1166.123291015625,1116.8564453125,1119.68017578125,65845917
2023-09-14,1161.2161865234375,1161.2161865234375,1180.1107177734375,1150.7967529296875,1154.9791259765625,63280074
2023-09-15,1278.8741455078125,1278.8741455078125,1281.7735595703125,1157.4658203125,1161.2747802734375,88812990
2023-09-16,1269.780029296875,1269.780029296875,1301.6148681640625,1263.68701171875,1278.9127197265625,72873885
2023-09-17,1252.8275146484375,1252.8275146484375,1289.2440185546875,1245.505615234375,1269.8353271484375,65425810
2023-09-18,1238.59521484375,1238.59521484375,1277.4052734375,1233.01806640625,1252.8414306640625,70694033
2023-09-19,1288.4940185546875,1288.4940185546875,1288.853759765625,1234.2100830078125,1238.5533447265625,76252002
2023-09-20,1347.3638916015625,1347.3638916015625,1353.9375,1281.0404052734375,1288.4915771484375,110991097
2023-09-21,1305.7974853515625,1305.7974853515625,1360.70556640625,1298.783447265625,1347.3284912109375,91186487
2023-09-22,1273.4705810546875,1273.4705810546875,1305.656494140625,1272.5728759765625,1305.656494140625,72821114
2023-09-23,1288.57470703125,1288.57470703125,1288.57470703125,1266.743408203125,1273.45947265625,51293456
2023-09-24,1272.0072021484375,1272.0072021484375,1301.1954345703125,1264.1583251953125,1288.5169677734375,46098850
2023-09-25,1316.3692626953125,1316.3692626953125,1316.840087890625,1265.7381591796875,1271.8338623046875,52481523
2023-09-26,1426.138671875,1426.138671875,1428.8555908203125,1314.642578125,1316.355712890625,118931537
2023-09-27,1496.2706298828125,1496.2706298828125,1525.791015625,1405.018310546875,1425.8863525390625,117047235
2023-09-28,1513.300537109375,1513.300537109375,1545.0277099609375,1483.4993896484375,1496.3634033203125,103440341
2023-09-29,1451.419921875,1451.419921875,1579.5693359375,1440.111083984375,1513.2655029296875,127101706
2023-09-30,1533.16748046875,1533.16748046875,1548.375732421875,1444.8092041015625,1451.4766845703125,71367281
2023-10-01,1481.0548095703125,1481.0548095703125,1584.8765869140625,1470.1580810546875,1533.3009033203125,112162020
2023-10-02,1452.8056640625,1452.8056640625,1510.526123046875,1401.44140625,1480.455078125,144619200
2023-10-03,1424.1239013671875,1424.1239013671875,1481.5322265625,1421.56201171875,1452.544677734375,59524074
2023-10-04,1442.0634765625,1442.0634765625,1446.555419921875,1387.2767333984375,1423.7760009765625,81190071
2023-10-05,1469.6683349609375,1469.6683349609375,1477.287109375,1433.668212890625,1442.059814453125,77697708
2023-10-06,1442.3487548828125,1442.3487548828125,1483.33740234375,1440.12744140625,1469.683349609375,43796498
2023-10-07,1408.0185546875,1408.0185546875,1450.231201171875,1392.2564697265625,1442.372802734375,51617110
2023-10-08,1403.517333984375,1403.517333984375,1417.017578125,1382.701416015625,1407.916015625,36288627
2023-10-09,1375.8250732421875,1375.8250732421875,1420.7701416015625,1345.95458984375,1403.4803466796875,53107810
2023-10-10,1377.7445068359375,1377.7445068359375,1381.8348388671875,1354.5731201171875,1375.5697021484375,39392916
2023-10-11,1399.3125,1399.3125,1410.672607421875,1369.9351806640625,1377.6533203125,43060849
2023-10-12,1362.76318359375,1362.76318359375,1404.5645751953125,1330.684326171875,1400.4425048828125,41846302
2023-10-13,1428.9434814453125,1428.9434814453125,1460.17822265625,1350.27001953125,1362.74267578125,58933525
2023-10-14,1417.005615234375,1417.005615234375,1439.0821533203125,1403.098876953125,1429.3453369140625,41515696
2023-10-15,1432.1561279296875,1432.1561279296875,1445.60693359375,1408.7880859375,1416.9803466796875,42463754
2023-10-16,1417.774658203125,1417.774658203125,1482.6533203125,1404.236083984375,1432.179931640625,94003990
2023-10-17,1392.5687255859375,1392.5687255859375,1417.6171875,1378.5362548828125,1417.6171875,70546647
2023-10-18,1379.921142578125,1379.921142578125,1398.8409423828125,1374.358642578125,1392.521728515625,45058442
2023-10-19,1405.8963623046875,1405.8963623046875,1407.2359619140625,1373.1708984375,1379.9237060546875,45788983
2023-10-20,1429.020751953125,1429.020751953125,1456.90185546875,1403.375732421875,1406.0006103515625,62555442
2023-10-21,1425.6588134765625,1425.6588134765625,1461.24951171875,1419.03466796875,1428.861083984375,51813729
2023-10-22,1448.02099609375,1448.02099609375,1449.8460693359375,1417.165283203125,1425.62841796875,36370797
2023-10-23,1564.7906494140625,1564.7906494140625,1580.3468017578125,1448.902587890625,1449.3663330078125,113520422
2023-10-24,1500.7918701171875,1500.7918701171875,1623.0057373046875,1468.0841064453125,1564.025390625,129687056
2023-10-25,1431.439453125,1431.439453125,1512.2513427734375,1424.00341796875,1501.0361328125,111938760
2023-10-26,1417.578369140625,1417.578369140625,1472.4208984375,1387.42626953125,1431.521484375,97723729
2023-10-27,1390.0460205078125,1390.0460205078125,1417.8958740234375,1369.4404296875,1417.5318603515625,67334158
2023-10-28,1441.7015380859375,1441.7015380859375,1460.77783203125,1389.59375,1389.9930419921875,83615936
2023-10-29,1425.5767822265625,1425.5767822265625,1446.9459228515625,1416.8544921875,1441.7054443359375,54506500
2023-10-30,1394.4534912109375,1394.4534912109375,1426.1065673828125,1386.998046875,1425.5323486328125,72118742
2023-10-31,1367.899658203125,1367.899658203125,1405.5684814453125,1352.685791015625,1394.5106201171875,37652374
2023-11-01,1338.4632568359375,1338.4632568359375,1373.0025634765625,1295.941162109375,1367.8558349609375,83019270
2023-11-02,1307.8626708984375,1307.8626708984375,1365.77734375,1288.8463134765625,1338.4813232421875,92965668
2023-11-03,1339.3514404296875,1339.3514404296875,1343.314453125,1288.3023681640625,1307.8892822265625,51895667
2023-11-04,1338.5408935546875,1338.5408935546875,1345.648193359375,1324.20166015625,1339.306884765625,30424807
2023-11-05,1328.947265625,1328.947265625,1354.6219482421875,1315.87255859375,1338.6678466796875,36509792
2023-11-06,1333.743896484375,1333.743896484375,1347.890625,1323.7916259765625,1328.9439697265625,37394506
2023-11-07,1295.2490234375,1295.2490234375,1336.0535888671875,1270.0201416015625,1333.7901611328125,68604333
2023-11-08,1316.557373046875,1316.557373046875,1339.8553466796875,1288.194580078125,1295.2122802734375,68655683
2023-11-09,1371.9031982421875,1371.9031982421875,1391.6766357421875,1283.1214599609375,1316.5194091796875,118967667
2023-11-10,1325.5950927734375,1325.5950927734375,1379.368408203125,1294.3896484375,1372.3201904296875,94692235
2023-11-11,1287.1011962890625,1287.1011962890625,1330.84326171875,1277.2608642578125,1325.41064453125,83615377
2023-11-12,1286.724365234375,1286.724365234375,1303.103759765625,1256.8548583984375,1287.052978515625,78768511
2023-11-13,1383.8885498046875,1383.8885498046875,1434.6756591796875,1285.9091796875,1286.984375,115165011
2023-11-14,1375.61767578125,1375.61767578125,1423.55126953125,1339.418701171875,1383.62109375,116270069
2023-11-15,1418.576416015625,1418.576416015625,1457.577880859375,1360.740966796875,1376.228759765625,122054139
2023-11-16,1338.859619140625,1338.859619140625,1428.1871337890625,1322.3759765625,1418.5882568359375,117076246
2023-11-17,1358.9879150390625,1358.9879150390625,1389.0751953125,1323.745849609375,1338.6884765625,103105842
2023-11-18,1366.193603515625,1366.193603515625,1369.2764892578125,1314.8427734375,1359.095458984375,85458461
2023-11-19,1386.848388671875,1386.848388671875,1388.251708984375,1348.852783203125,1366.1605224609375,65670957
2023-11-20,1406.33056640625,1406.33056640625,1416.729248046875,1367.1160888671875,1386.5267333984375,77773744
2023-11-21,1380.8280029296875,1380.8280029296875,1447.4696044921875,1377.904052734375,1406.1029052734375,134020243
2023-11-22,1467.264404296875,1467.264404296875,1492.1339111328125,1375.381591796875,1380.6298828125,105533531
2023-11-23,1472.3968505859375,1472.3968505859375,1493.020263671875,1451.9066162109375,1467.28759765625,84766941
2023-11-24,1457.4033203125,1457.4033203125,1493.081787109375,1448.1500244140625,1472.3782958984375,74154601
2023-11-25,1457.854736328125,1457.854736328125,1469.9873046875,1441.139404296875,1457.44677734375,63473996
2023-11-26,1488.2572021484375,1488.2572021484375,1491.6231689453125,1446.8466796875,1457.834228515625,73455162
2023-11-27,1477.5098876953125,1477.5098876953125,1509.9783935546875,1457.8675537109375,1487.907958984375,104643816
2023-11-28,1486.18994140625,1486.18994140625,1491.1502685546875,1452.449462890625,1477.7000732421875,73693350
2023-11-29,1522.1475830078125,1522.1475830078125,1551.8253173828125,1482.501953125,1486.162353515625,86369575
2023-11-30,1527.369384765625,1527.369384765625,1546.121826171875,1520.808349609375,1522.1815185546875,80838900
2023-12-01,1547.3262939453125,1547.3262939453125,1561.74072265625,1525.7186279296875,1527.330810546875,58535911
2023-12-02,1541.4896240234375,1541.4896240234375,1548.422607421875,1523.6224365234375,1547.2406005859375,57300534
2023-12-03,1515.95849609375,1515.95849609375,1546.1031494140625,1507.8289794921875,1541.5943603515625,66583729
2023-12-04,1485.4849853515625,1485.4849853515625,1532.557373046875,1459.1632080078125,1515.8660888671875,92135631
2023-12-05,1485.5909423828125,1485.5909423828125,1491.7105712890625,1450.5032958984375,1485.508056640625,61356420
2023-12-06,1426.55322265625,1426.55322265625,1494.11083984375,1425.37353515625,1485.6197509765625,58535508
2023-12-07,1449.7916259765625,1449.7916259765625,1459.536865234375,1423.2681884765625,1426.757080078125,66153656
2023-12-08,1445.1390380859375,1445.1390380859375,1454.94287109375,1432.121337890625,1449.8115234375,67239584
2023-12-09,1430.7161865234375,1430.7161865234375,1482.68310546875,1427.2664794921875,1445.0205078125,73292693
2023-12-10,1417.314208984375,1417.314208984375,1440.9063720703125,1398.4522705078125,1430.9703369140625,61221329
2023-12-11,1390.9637451171875,1390.9637451171875,1420.2177734375,1316.3673095703125,1417.4534912109375,100539444
2023-12-12,1361.7293701171875,1361.7293701171875,1393.3720703125,1339.7144775390625,1390.96826171875,57388356
2023-12-13,1365.0126953125,1365.0126953125,1374.413818359375,1320.726318359375,1361.6490478515625,56127340
2023-12-14,1362.589599609375,1362.589599609375,1381.1846923828125,1347.8402099609375,1365.0906982421875,59826144
2023-12-15,1312.170166015625,1312.170166015625,1362.876708984375,1310.5032958984375,1362.6007080078125,58235052
2023-12-16,1327.4139404296875,1327.4139404296875,1336.452392578125,1305.0538330078125,1312.183837890625,57016782
2023-12-17,1317.6571044921875,1317.6571044921875,1344.124755859375,1315.029541015625,1327.4248046875,61543470
2023-12-18,1289.3212890625,1289.3212890625,1318.3670654296875,1258.0635986328125,1317.5142822265625,59360504
2023-12-19,1289.804931640625,1289.804931640625,1307.756591796875,1261.867919921875,1289.432861328125,66221728
2023-12-20,1286.2481689453125,1286.2481689453125,1317.16748046875,1276.75732421875,1289.8321533203125,52298050
2023-12-21,1323.2076416015625,1323.2076416015625,1328.4110107421875,1286.100341796875,1286.361328125,47183160
2023-12-22,1391.582275390625,1391.582275390625,1392.0145263671875,1320.687255859375,1323.229248046875,61347603
2023-12-23,1383.7200927734375,1383.7200927734375,1397.9669189453125,1347.684814453125,1391.5262451171875,52808993
2023-12-24,1398.3397216796875,1398.3397216796875,1436.7664794921875,1383.1864013671875,1383.644287109375,67494042
2023-12-25,1407.5068359375,1407.5068359375,1430.868408203125,1394.5167236328125,1398.1531982421875,49675002
2023-12-26,1413.9002685546875,1413.9002685546875,1455.0455322265625,1389.1943359375,1407.5625,62482100
2023-12-27,1527.1658935546875,1527.1658935546875,1530.6905517578125,1400.96826171875,1413.89111328125,79447280
2023-12-28,1561.3564453125,1561.3564453125,1651.4549560546875,1527.5341796875,1527.5341796875,119435970
2023-12-29,1542.3294677734375,1542.3294677734375,1588.500244140625,1520.6517333984375,1561.6348876953125,56906108
2023-12-30,1599.51953125,1599.51953125,1619.0023193359375,1514.2186279296875,1542.1048583984375,54250682
2023-12-31,1698.017578125,1698.017578125,1750.33447265625,1580.5380859375,1599.4530029296875,75704102
2024-01-01,1654.6424560546875,1654.6424560546875,1756.834228515625,1646.5887451171875,1698.169677734375,73466789
2024-01-02,1834.3165283203125,1834.3165283203125,1906.370849609375,1622.9852294921875,1654.523193359375,161113363
2024-01-03,1808.9049072265625,1808.9049072265625,1951.8482666015625,1593.165283203125,1834.3638916015625,193162125
2024-01-04,1778.5853271484375,1778.5853271484375,1846.830078125,1723.1978759765625,1808.8619384765625,115527320
2024-01-05,1739.07177734375,1739.07177734375,1823.7979736328125,1685.9063720703125,1778.38671875,89436128
2024-01-06,1700.136962890625,1700.136962890625,1776.86083984375,1698.3399658203125,1739.4232177734375,72185991
2024-01-07,1747.7952880859375,1747.7952880859375,1853.963134765625,1697.512451171875,1700.1839599609375,77194244
2024-01-08,1819.1207275390625,1819.1207275390625,1951.49951171875,1716.5927734375,1748.230224609375,149996958
2024-01-09,1844.3160400390625,1844.3160400390625,1872.9560546875,1757.187255859375,1819.445556640625,117382090
2024-01-10,2037.2310791015625,2037.2310791015625,2038.2120361328125,1844.5078125,1844.5078125,167696240
2024-01-11,2142.585205078125,2142.585205078125,2249.069091796875,2013.91455078125,2037.162109375,167848546
2024-01-12,2024.192138671875,2024.192138671875,2184.8896484375,1980.0074462890625,2142.22265625,120885812
2024-01-13,2069.8994140625,2069.8994140625,2113.82080078125,2018.8472900390625,2023.968017578125,73782120
2024-01-14,2033.96240234375,2033.96240234375,2109.355712890625,2018.0054931640625,2070.019287109375,72764306
2024-01-15,2017.7286376953125,2017.7286376953125,2079.843994140625,2000.5401611328125,2033.2828369140625,69126471
2024-01-16,2010.7979736328125,2010.7979736328125,2054.89990234375,1973.5511474609373,2017.543701171875,60970125
2024-01-17,1993.091552734375,1993.091552734375,2019.88720703125,1948.6763916015625,2010.595947265625,58838442
2024-01-18,1986.4534912109373,1986.4534912109373,2034.8814697265625,1951.630859375,1993.067626953125,79117402
2024-01-19,1963.3314208984373,1963.3314208984373,2013.7513427734373,1899.3428955078125,1986.3302001953125,73060518
2024-01-20,1970.2037353515625,1970.2037353515625,1988.761962890625,1934.8643798828125,1963.3404541015625,50326946
2024-01-21,1990.29931640625,1990.29931640625,2012.098876953125,1969.8765869140625,1970.1053466796875,45038056
2024-01-22,1928.390380859375,1928.390380859375,2003.5062255859373,1924.7685546875,1990.3453369140625,53969881
2024-01-23,1930.1973876953125,1930.1973876953125,1979.635498046875,1862.5677490234373,1928.3204345703125,62140204
2024-01-24,2122.90771484375,2122.90771484375,2122.90771484375,1922.9488525390625,1930.2769775390625,80306985
2024-01-25,2091.87353515625,2091.87353515625,2142.033935546875,2082.989501953125,2123.139404296875,67234143
2024-01-26,2075.127685546875,2075.127685546875,2101.505615234375,2044.970703125,2091.97412109375,56883887
2024-01-27,2002.8035888671875,2002.8035888671875,2092.861572265625,2000.4017333984373,2075.095703125,46131104
2024-01-28,1959.0283203125,1959.0283203125,2026.534912109375,1953.589599609375,2002.8505859375,42454715
2024-01-29,1974.5030517578125,1974.5030517578125,1987.958984375,1934.2503662109373,1958.9063720703125,47577104
2024-01-30,2025.3939208984373,2025.3939208984373,2043.27197265625,1958.361083984375,1974.5030517578125,53745881
2024-01-31,1960.46435546875,1960.46435546875,2033.0428466796875,1949.069580078125,2025.0667724609373,51408217
2024-02-01,1995.052001953125,1995.052001953125,1996.60595703125,1926.981201171875,1960.4105224609373,50010344
2024-02-02,1980.579345703125,1980.579345703125,2008.2293701171875,1960.9530029296875,1995.082275390625,40902052
2024-02-03,2004.931640625,2004.931640625,2023.472412109375,1979.2073974609373,1980.590087890625,30698274
2024-02-04,1993.4453125,1993.4453125,2024.4044189453125,1982.106201171875,2005.1170654296875,35521916
2024-02-05,1948.566162109375,1948.566162109375,2000.14697265625,1939.610107421875,1993.127197265625,33645504
2024-02-06,1951.7496337890625,1951.7496337890625,1961.8736572265625,1910.489013671875,1948.6812744140625,38393503
2024-02-07,1947.826904296875,1947.826904296875,1963.9036865234373,1922.829833984375,1951.68115234375,36544847
2024-02-08,1939.61865234375,1939.61865234375,1962.3441162109373,1921.1572265625,1947.948486328125,43465313
2024-02-09,1969.1046142578125,1969.1046142578125,1988.017578125,1936.0135498046875,1939.58642578125,47933218
2024-02-10,2006.3892822265625,2006.3892822265625,2010.6058349609373,1968.388427734375,1969.095947265625,40849833
2024-02-11,2026.72216796875,2026.72216796875,2038.2672119140625,1996.4495849609373,2006.1614990234373,44414977
2024-02-12,2075.489501953125,2075.489501953125,2076.814453125,1979.936767578125,2026.750244140625,49526040
2024-02-13,2055.587890625,2055.587890625,2129.63330078125,2044.3768310546875,2075.69970703125,62766384
2024-02-14,2090.31689453125,2090.31689453125,2122.3095703125,2036.0123291015625,2055.6630859375,53012410
2024-02-15,2096.682861328125,2096.682861328125,2119.388916015625,2035.2972412109373,2090.462890625,62634006
2024-02-16,2082.177001953125,2082.177001953125,2126.298583984375,2032.154052734375,2096.827880859375,58605064
2024-02-17,2130.831298828125,2130.831298828125,2144.098876953125,2055.529052734375,2082.19970703125,56639828
2024-02-18,2172.986328125,2172.986328125,2194.844482421875,2100.78271484375,2130.888671875,63030348
2024-02-19,2157.75830078125,2157.75830078125,2223.576904296875,2157.160888671875,2173.054931640625,64998295
2024-02-20,2129.99462890625,2129.99462890625,2160.8134765625,2070.989013671875,2157.77783203125,63899844
2024-02-21,2051.76806640625,2051.76806640625,2135.539794921875,1998.37890625,2130.0400390625,60445840
2024-02-22,2023.6612548828125,2023.6612548828125,2066.626708984375,2016.8817138671875,2051.4697265625,51274413
2024-02-23,1986.624267578125,1986.624267578125,2033.4039306640625,1958.3155517578125,2023.6795654296875,61629029
2024-02-24,2042.15283203125,2042.15283203125,2105.598876953125,1974.8857421875,1986.792724609375,61228620
2024-02-25,2050.569580078125,2050.569580078125,2061.889892578125,2017.6937255859373,2042.2127685546875,48473926
2024-02-26,2104.26953125,2104.26953125,2104.579833984375,2040.0753173828125,2050.324462890625,49757630
2024-02-27,2154.8369140625,2154.8369140625,2170.34326171875,2093.481201171875,2104.199462890625,80147859
2024-02-28,2176.26953125,2176.26953125,2235.37109375,2084.9365234375,2154.729736328125,91695050
2024-02-29,2093.419677734375,2093.419677734375,2261.736572265625,2063.599853515625,2176.220947265625,87520138
2024-03-01,2107.82568359375,2107.82568359375,2136.664794921875,2084.751953125,2092.2666015625,57827057
2024-03-02,2140.00146484375,2140.00146484375,2142.766845703125,2102.431884765625,2107.83203125,60765445
2024-03-03,2094.095458984375,2094.095458984375,2150.32763671875,2044.13916015625,2139.989990234375,65926633
2024-03-04,2097.055908203125,2097.055908203125,2124.440185546875,2046.0469970703125,2094.143798828125,76303575
2024-03-05,1998.6162109375,1998.6162109375,2192.600830078125,1807.237060546875,2097.218505859375,120771899
2024-03-06,2082.189453125,2082.189453125,2125.43359375,1934.2176513671875,1998.7154541015625,87814783
2024-03-07,2103.202880859375,2103.202880859375,2115.765380859375,2040.200439453125,2082.189453125,67763864
2024-03-08,2092.292724609375,2092.292724609375,2128.79541015625,1990.2799072265625,2103.2060546875,67821357
2024-03-09,2422.080322265625,2422.080322265625,2483.776611328125,2092.248291015625,2092.292724609375,157066283
2024-03-10,2823.918212890625,2823.918212890625,2824.4345703125,2418.121337890625,2422.08154296875,190427222
2024-03-11,2605.048583984375,2605.048583984375,2823.938720703125,2570.411376953125,2823.938720703125,145122010
2024-03-12,2632.231201171875,2632.231201171875,2890.781494140625,2469.31982421875,2605.048583984375,183887146
2024-03-13,2896.251708984375,2896.251708984375,2938.985107421875,2631.29833984375,2632.231201171875,207605748
2024-03-14,2902.377197265625,2902.377197265625,2969.779541015625,2773.953857421875,2896.18310546875,180825719
2024-03-15,2821.58935546875,2821.58935546875,2942.10205078125,2613.6337890625,2902.377197265625,188100813
2024-03-16,2845.1748046875,2845.1748046875,2945.309326171875,2647.369384765625,2821.58935546875,168430582
2024-03-17,3280.3056640625,3280.3056640625,3280.34130859375,2845.17724609375,2845.17724609375,288645149
2024-03-18,3049.97216796875,3049.97216796875,3320.8681640625,3032.741943359375,3280.3056640625,163493960
2024-03-19,2780.041259765625,2780.041259765625,3088.837890625,2713.108154296875,3049.97216796875,210803213
2024-03-20,3042.097900390625,3042.097900390625,3075.63330078125,2736.316162109375,2780.041259765625,150909753
2024-03-21,3379.858642578125,3379.858642578125,3457.1005859375,2975.720703125,3042.097900390625,185471203
2024-03-22,3123.893310546875,3123.893310546875,3404.473388671875,3070.50390625,3379.847412109375,129269302
2024-03-23,3052.82470703125,3052.82470703125,3145.71240234375,3052.1767578125,3123.893310546875,71463647
2024-03-24,3154.928955078125,3154.928955078125,3155.968017578125,3033.25146484375,3052.82470703125,69730743
2024-03-25,3296.4052734375,3296.4052734375,3371.19677734375,3123.233154296875,3154.927490234375,99791955
2024-03-26,3216.686279296875,3216.686279296875,3345.5888671875,3198.911865234375,3296.4052734375,92599250
2024-03-27,3291.867431640625,3291.867431640625,3318.92236328125,3134.4189453125,3216.686279296875,123680973
2024-03-28,3632.307373046875,3632.307373046875,3675.618408203125,3291.750244140625,3291.867431640625,170555704
2024-03-29,3668.589111328125,3668.589111328125,3881.5400390625,3488.230712890625,3632.26220703125,216053322
2024-03-30,3750.667724609375,3750.667724609375,3801.169189453125,3667.411376953125,3668.589111328125,108282274
2024-03-31,3934.06396484375,3934.06396484375,4046.05908203125,3718.931396484375,3750.667724609375,142524737
2024-04-01,3749.494873046875,3749.494873046875,3962.52783203125,3616.9853515625,3934.06396484375,140975805
2024-04-02,3751.9931640625,3751.9931640625,3908.734375,3566.380615234375,3749.493408203125,229650966
2024-04-03,3801.458740234375,3801.458740234375,3872.06005859375,225.61358642578125,3751.9931640625,137684038
2024-04-04,3958.494140625,3958.494140625,4064.8349609375,3738.1474609375,3801.458740234375,139286035
2024-04-05,3682.49951171875,3682.49951171875,3981.563720703125,3656.873291015625,3958.494140625,113082706
2024-04-06,3707.854736328125,3707.854736328125,3777.09423828125,3666.5068359375,3682.49951171875,66133662
2024-04-07,3637.387939453125,3637.387939453125,3736.849365234375,3591.3671875,3707.854736328125,69982639
2024-04-08,3737.759033203125,3737.759033203125,3824.138427734375,3521.16650390625,3637.387939453125,104148315
2024-04-09,3394.293212890625,3394.293212890625,3742.818115234375,3392.397705078125,3737.759033203125,100862751
2024-04-10,3338.572998046875,3338.572998046875,3433.455078125,3312.920166015625,3394.293212890625,100824129
2024-04-11,3361.753173828125,3361.753173828125,3424.499755859375,3306.81103515625,3338.572998046875,81499535
2024-04-12,2944.10205078125,2944.10205078125,3389.53271484375,2584.41259765625,3361.753173828125,147166015
2024-04-13,2799.50390625,2799.50390625,2965.7890625,2470.822265625,2944.0986328125,173367364
2024-04-14,3042.549560546875,3042.549560546875,3087.84521484375,2740.108154296875,2799.50390625,152580048
2024-04-15,3076.67822265625,3076.67822265625,3232.86181640625,3012.358154296875,3042.549560546875,134768871
2024-04-16,3260.7470703125,3260.7470703125,3323.211181640625,3011.794189453125,3076.67822265625,149983866
2024-04-17,3144.3359375,3144.3359375,3297.1220703125,3109.02099609375,3260.74365234375,126723414
2024-04-18,2999.39306640625,2999.39306640625,3242.05126953125,2998.829833984375,3144.33349609375,118836305
2024-04-19,2954.861328125,2954.861328125,3043.08935546875,2844.27587890625,2999.39306640625,122337183
2024-04-20,3117.80908203125,3117.80908203125,3140.100830078125,2945.68017578125,2954.81103515625,84376833
2024-04-21,3006.63037109375,3006.63037109375,3157.585205078125,2984.901123046875,3117.80908203125,80644112
2024-04-22,2898.150390625,2898.150390625,3046.796630859375,2880.278564453125,3006.4755859375,95436284
2024-04-23,2921.677490234375,2921.677490234375,2927.15283203125,2810.929931640625,2898.150390625,87555402
2024-04-24,2872.32958984375,2872.32958984375,3031.374267578125,2835.3994140625,2921.67578125,101642811
2024-04-25,2855.673095703125,2855.673095703125,2904.13330078125,2804.059326171875,2872.376953125,69435243
2024-04-26,2870.59765625,2870.59765625,2948.18798828125,2804.699951171875,2855.673095703125,89708425
2024-04-27,2987.546142578125,2987.546142578125,3006.49658203125,2827.470458984375,2870.59765625,80615576
2024-04-28,3070.862548828125,3070.862548828125,3142.321533203125,2986.18896484375,2987.546142578125,77407025
2024-04-29,2839.61962890625,2839.61962890625,3098.037841796875,2736.58984375,3070.862548828125,106086591
2024-04-30,2665.730712890625,2665.730712890625,2848.213134765625,2593.905517578125,2839.625732421875,86255472
2024-05-01,2723.25732421875,2723.25732421875,2731.28125,197.77333068847656,2665.72412109375,75594271
2024-05-02,2768.51513671875,2768.51513671875,2786.36083984375,2655.314208984375,2723.2705078125,61585788
2024-05-03,2961.005615234375,2961.005615234375,2989.476318359375,2702.18994140625,2768.461669921875,110805670
2024-05-04,2871.4580078125,2871.4580078125,2966.53271484375,2870.900634765625,2960.99365234375,67181386
2024-05-05,2913.607177734375,2913.607177734375,2948.876708984375,2855.184326171875,2871.4599609375,55052366
2024-05-06,2783.91259765625,2783.91259765625,2965.2587890625,2783.91259765625,2913.6015625,67257611
2024-05-07,2810.3271484375,2810.3271484375,2854.796875,2774.4306640625,2783.91259765625,49933384
2024-05-08,2694.88134765625,2694.88134765625,2811.101318359375,2680.751220703125,2810.3349609375,61219629
2024-05-09,2748.848876953125,2748.848876953125,2759.172119140625,2670.080810546875,2694.88134765625,52844625
2024-05-10,2673.43115234375,2673.43115234375,2749.5673828125,2642.385498046875,2748.8671875,49412537
2024-05-11,2699.083984375,2699.083984375,2732.412109375,2659.763916015625,2673.43115234375,41905366
2024-05-12,2692.64697265625,2692.64697265625,2725.525390625,2682.73876953125,2699.081298828125,40894593
2024-05-13,2682.348388671875,2682.348388671875,2754.0537109375,2640.9501953125,2692.64697265625,51428918
2024-05-14,2677.490478515625,2677.490478515625,2711.970703125,2660.406494140625,2682.348388671875,58257428
2024-05-15,2812.268798828125,2812.268798828125,2816.73876953125,2670.510009765625,2677.490478515625,62640689
2024-05-16,2693.308837890625,2693.308837890625,2817.887451171875,2690.090576171875,2812.33349609375,63723486
2024-05-17,2786.073486328125,2786.073486328125,2797.863525390625,2666.800537109375,2693.311279296875,90883591
2024-05-18,2826.45654296875,2826.45654296875,2868.428955078125,2780.43701171875,2786.073486328125,88809481
2024-05-19,2775.1669921875,2775.1669921875,2846.07373046875,2748.42333984375,2826.460693359375,54782882
2024-05-20,3163.939697265625,3163.939697265625,3173.878662109375,2742.210205078125,2775.1669921875,129709575
2024-05-21,3062.7939453125,3062.7939453125,3203.842041015625,3053.5693359375,3163.89794921875,152007020
2024-05-22,2939.115966796875,2939.115966796875,3063.720703125,2925.292236328125,3062.79443359375,95841368
2024-05-23,2832.802001953125,2832.802001953125,2968.593017578125,2745.917724609375,2939.115966796875,151647386
2024-05-24,2750.351806640625,2750.351806640625,2862.341796875,2712.44677734375,2832.802001953125,69471169
2024-05-25,2796.37548828125,2796.37548828125,2853.635009765625,2742.827880859375,2750.35888671875,65590097
2024-05-26,2833.00927734375,2833.00927734375,2861.748046875,2777.2412109375,2796.37548828125,59406875
2024-05-27,2765.241943359375,2765.241943359375,2852.998779296875,2747.7998046875,2833.00927734375,83121762
2024-05-28,2714.38818359375,2714.38818359375,2765.241943359375,2692.91552734375,2765.241943359375,69858268
2024-05-29,2685.037353515625,2685.037353515625,2740.016845703125,2671.084228515625,2714.38818359375,51933949
2024-05-30,2703.03076171875,2703.03076171875,2707.742431640625,2653.064208984375,2685.03759765625,67027034
2024-05-31,2721.9228515625,2721.9228515625,2813.2734375,2700.092041015625,2703.03076171875,88667986
2024-06-01,2677.092041015625,2677.092041015625,2725.59814453125,2670.698974609375,2721.9228515625,58884626
2024-06-02,2641.82421875,2641.82421875,2696.437744140625,2620.054443359375,2677.09228515625,53322603
2024-06-03,2576.9091796875,2576.9091796875,2656.059326171875,2571.998291015625,2641.82861328125,66591587
2024-06-04,2633.717041015625,2633.717041015625,2652.783447265625,2559.258544921875,2576.9091796875,69488726
2024-06-05,2679.56396484375,2679.56396484375,2690.193359375,2626.54833984375,2633.717041015625,60483979
2024-06-06,2619.155029296875,2619.155029296875,2721.013916015625,2593.54248046875,2679.56396484375,66476864
2024-06-07,2503.301025390625,2503.301025390625,2619.173828125,2273.721435546875,2619.155029296875,102117201
2024-06-08,2426.885009765625,2426.885009765625,2511.52978515625,2419.06298828125,2503.19482421875,64074902
2024-06-09,2489.131103515625,2489.131103515625,2490.648681640625,2405.82373046875,2426.680419921875,67974528
2024-06-10,2399.475341796875,2399.475341796875,2489.514892578125,2380.036376953125,2489.181884765625,93797676
2024-06-11,2264.59716796875,2264.59716796875,2401.18115234375,2232.57861328125,2399.50341796875,103541961
2024-06-12,2305.63720703125,2305.63720703125,2353.83984375,2250.611572265625,2264.6357421875,65651582
2024-06-13,2247.4736328125,2247.4736328125,2307.083740234375,2240.554443359375,2305.78662109375,52621941
2024-06-14,2275.02392578125,2275.02392578125,2303.38671875,2210.208984375,2247.40234375,58723343
2024-06-15,2308.560546875,2308.560546875,2318.445556640625,2272.407958984375,2274.918212890625,36518777
2024-06-16,2429.468505859375,2429.468505859375,2445.804443359375,2290.302001953125,2308.704345703125,53229294
2024-06-17,2296.222412109375,2296.222412109375,2431.11328125,2277.315673828125,2429.537353515625,61873844
2024-06-18,2226.86376953125,2226.86376953125,2296.52978515625,2131.851318359375,2295.90380859375,90498311
2024-06-19,2474.157470703125,2474.157470703125,2510.70166015625,2212.7158203125,2226.737060546875,122682078
2024-06-20,2483.266845703125,2483.266845703125,2495.622802734375,2357.231689453125,2474.157470703125,83681130
2024-06-21,2481.748046875,2481.748046875,2521.022216796875,2399.11328125,2483.20556640625,72142757
2024-06-22,2357.272705078125,2357.272705078125,2488.225830078125,2271.38037109375,2481.955810546875,72382949
2024-06-23,2254.920166015625,2254.920166015625,2448.166259765625,2250.421142578125,2356.537353515625,77452399
2024-06-24,2195.870361328125,2195.870361328125,2264.333740234375,2114.87646484375,2255.02490234375,83125050
2024-06-25,2364.438720703125,2364.438720703125,2419.640869140625,2160.35302734375,2195.73974609375,95988564
2024-06-26,2452.5595703125,2452.5595703125,2482.903564453125,2331.830078125,2364.371826171875,87029279
2024-06-27,2599.239501953125,2599.239501953125,2663.360595703125,2447.126953125,2452.512939453125,130661496
2024-06-28,2516.40625,2516.40625,2648.371337890625,2508.01171875,2598.220703125,89995592
2024-06-29,2432.0498046875,2432.0498046875,2560.576416015625,2420.71337890625,2516.313720703125,61709004
2024-06-30,2533.204833984375,2533.204833984375,2538.59326171875,2429.1767578125,2432.3388671875,56171151
2024-07-01,2564.81591796875,2564.81591796875,2642.35888671875,2531.980712890625,2533.21142578125,76073338
2024-07-02,2558.911376953125,2558.911376953125,2589.659423828125,2534.114501953125,2564.97265625,46987490
2024-07-03,2315.775390625,2315.775390625,2559.78125,2303.32373046875,2558.973388671875,109741377
2024-07-04,2226.014892578125,2226.014892578125,2326.273681640625,2209.636474609375,2315.539794921875,156830129
2024-07-05,2225.90478515625,2225.90478515625,2238.62158203125,2008.5986328125,2225.709716796875,148347494
2024-07-06,2351.195556640625,2351.195556640625,2351.195556640625,2210.4853515625,2226.880126953125,56757317
2024-07-07,2119.076416015625,2119.076416015625,2352.046142578125,2114.665771484375,2350.8759765625,64909503
2024-07-08,2199.908935546875,2199.908935546875,2216.910888671875,2047.298583984375,2119.513916015625,93227234
2024-07-09,2298.227783203125,2298.227783203125,2302.72265625,2199.251220703125,2200.0302734375,67810766
2024-07-10,2295.5419921875,2295.5419921875,2320.984130859375,2262.435546875,2298.38525390625,58989510
2024-07-11,2379.89501953125,2379.89501953125,2380.978271484375,2256.03662109375,2295.51953125,87186376
2024-07-12,2518.032470703125,2518.032470703125,2547.847900390625,2363.09765625,2380.11083984375,127564775
2024-07-13,2709.529541015625,2709.529541015625,2729.254638671875,2518.250732421875,2518.250732421875,112909303
2024-07-14,2782.2177734375,2782.2177734375,2851.2939453125,2677.589111328125,2710.202392578125,106756249
2024-07-15,2923.361328125,2923.361328125,2957.82958984375,2776.1767578125,2781.8916015625,185823442
2024-07-16,3040.4736328125,3040.4736328125,3042.87646484375,2868.215576171875,2923.569580078125,190815821
2024-07-17,2861.43212890625,2861.43212890625,3115.99609375,2822.872802734375,3040.121826171875,146647818
2024-07-18,2817.205810546875,2817.205810546875,2940.2490234375,2760.253173828125,2860.758544921875,99951710
2024-07-19,2839.811279296875,2839.811279296875,2856.72216796875,2718.681884765625,2817.0458984375,103550559
2024-07-20,2812.579345703125,2812.579345703125,2841.000244140625,2763.638671875,2839.795654296875,71094245
2024-07-21,2888.654541015625,2888.654541015625,2924.870361328125,2739.34765625,2812.6767578125,80333890
2024-07-22,2693.2509765625,2693.2509765625,2951.513427734375,2689.83642578125,2888.654541015625,121924746
2024-07-23,2820.2431640625,2820.2431640625,2849.405517578125,2659.9306640625,2693.2509765625,122338181
2024-07-24,2707.890869140625,2707.890869140625,2830.039306640625,2661.820556640625,2820.500244140625,95691140
2024-07-25,2644.650146484375,2644.650146484375,2730.650146484375,2584.726806640625,2707.917236328125,108954125
2024-07-26,2652.813232421875,2652.813232421875,2781.0751953125,2637.890380859375,2644.602294921875,83867319
2024-07-27,2651.56884765625,2651.56884765625,2680.12646484375,2566.950927734375,2652.969482421875,73224290
2024-07-28,2635.9921875,2635.9921875,2682.819580078125,2583.290283203125,2651.537109375,50511249
2024-07-29,2818.317138671875,2818.317138671875,2838.000732421875,2633.716796875,2636.0244140625,102588798
2024-07-30,2777.66455078125,2777.66455078125,2853.66455078125,2745.55224609375,2818.3720703125,91904591
2024-07-31,2805.01513671875,2805.01513671875,2903.655029296875,2757.616943359375,2777.613525390625,77410712
2024-08-01,2742.944091796875,2742.944091796875,2808.53076171875,2654.4853515625,2805.01513671875,125059498
2024-08-02,2429.375244140625,2429.375244140625,2742.960693359375,2427.26220703125,2742.944091796875,128855121
2024-08-03,2315.400146484375,2315.400146484375,2434.15625,2311.290283203125,2429.375244140625,81699876
2024-08-04,2170.367919921875,2170.367919921875,2315.411865234375,2111.5654296875,2315.3984375,79719325
2024-08-05,1904.9798583984373,1904.9798583984373,2177.8134765625,1779.45849609375,2170.367919921875,252872575
2024-08-06,1863.266845703125,1863.266845703125,2025.4056396484373,1856.5118408203125,1904.9727783203125,124822204
2024-08-07,1793.0045166015625,1793.0045166015625,1923.9178466796875,1759.8323974609375,1863.2801513671875,109775042
2024-08-08,2054.48095703125,2054.48095703125,2064.56396484375,1785.5452880859375,1793.201904296875,119472938
2024-08-09,2008.24951171875,2008.24951171875,2083.555419921875,1982.772705078125,2054.48095703125,82338180
2024-08-10,1971.81640625,1971.81640625,2024.6246337890625,1951.61767578125,2008.24951171875,47246288
2024-08-11,1887.3497314453125,1887.3497314453125,2026.236083984375,1881.11572265625,1971.973876953125,54297255
2024-08-12,2016.778076171875,2016.778076171875,2027.565185546875,1874.43994140625,1887.3497314453125,73497849
2024-08-13,2137.810791015625,2137.810791015625,2157.30078125,1974.602783203125,2016.778076171875,109677242
2024-08-14,2059.36181640625,2059.36181640625,2155.914794921875,2029.3172607421875,2137.810791015625,76050253
2024-08-15,1962.2452392578125,1962.2452392578125,2064.316162109375,1949.1256103515625,2059.36181640625,59085381
2024-08-16,1977.530517578125,1977.530517578125,1995.2027587890625,1941.2435302734373,1962.2452392578125,56985160
2024-08-17,1953.488525390625,1953.488525390625,1978.1263427734373,1939.7137451171875,1977.530517578125,37476368
2024-08-18,1936.262451171875,1936.262451171875,1985.695068359375,1935.8795166015625,1953.488525390625,34386249
2024-08-19,1959.7005615234373,1959.7005615234373,1959.966064453125,1897.6719970703125,1936.262451171875,43681880
2024-08-20,1939.5499267578125,1939.5499267578125,1982.3094482421875,1914.7381591796875,1959.7005615234373,43241419
2024-08-21,2035.6925048828125,2035.6925048828125,2056.748779296875,1920.41943359375,1939.5499267578125,72317934
2024-08-22,2025.138916015625,2025.138916015625,2053.075439453125,1995.4569091796875,2035.6925048828125,42888298
2024-08-23,2175.0498046875,2175.0498046875,2187.643310546875,2023.3984375,2025.138916015625,91112226
2024-08-24,2135.2421875,2135.2421875,2194.544189453125,2113.56787109375,2175.0498046875,73343125
2024-08-25,2133.53564453125,2133.53564453125,2157.845703125,2084.06298828125,2135.2421875,53131435
2024-08-26,2083.650634765625,2083.650634765625,2147.20751953125,2075.2109375,2133.551513671875,50988907
2024-08-27,1968.2374267578125,1968.2374267578125,2165.956787109375,1943.5672607421875,2083.650634765625,136853991
2024-08-28,1818.74609375,1818.74609375,1968.2442626953125,1796.8084716796875,1968.2374267578125,133066820
2024-08-29,1778.558349609375,1778.558349609375,1831.260498046875,1767.2266845703125,1818.7423095703125,59571331
2024-08-30,1769.0838623046875,1769.0838623046875,1795.069091796875,1715.154541015625,1778.558349609375,52301957
2024-08-31,1756.3134765625,1756.3134765625,1771.9200439453125,1746.2452392578125,1769.0838623046875,24930049
2024-09-01,1688.2152099609375,1688.2152099609375,1761.3878173828125,1677.9129638671875,1756.3134765625,45661079
2024-09-02,1757.7462158203125,1757.7462158203125,1776.1724853515625,1687.6064453125,1688.2152099609375,53007611
2024-09-03,1679.0030517578125,1679.0030517578125,1774.0601806640625,1670.565185546875,1757.7462158203125,53264038
2024-09-04,1672.8851318359375,1672.8851318359375,1705.309326171875,1621.58544921875,1679.0030517578125,56056742
2024-09-05,1626.839599609375,1626.839599609375,1686.260009765625,1616.4583740234375,1672.8851318359375,37883305
2024-09-06,1529.70068359375,1529.70068359375,1647.7911376953125,1494.2371826171875,1626.839599609375,57806219
2024-09-07,1540.5546875,1540.5546875,1562.0848388671875,1524.41455078125,1529.70068359375,28045399
2024-09-08,1540.2138671875,1540.2138671875,1572.4654541015625,1508.0980224609375,1540.5546875,37774403
2024-09-09,1610.4000244140625,1610.4000244140625,1671.0919189453125,1529.79541015625,1540.237548828125,84866702
2024-09-10,1608.1282958984375,1608.1282958984375,1614.64013671875,1574.2354736328125,1610.4000244140625,45939844
2024-09-11,1595.514892578125,1595.514892578125,1608.65966796875,1529.3992919921875,1608.1282958984375,59113840
2024-09-12,1621.81103515625,1621.81103515625,1629.2568359375,1591.9415283203125,1595.514892578125,41946743
2024-09-13,1634.7149658203125,1634.7149658203125,1637.6600341796875,1592.4375,1621.81103515625,37950707
2024-09-14,1603.5986328125,1603.5986328125,1655.164794921875,1586.064697265625,1634.7149658203125,44176684
2024-09-15,1539.7894287109375,1539.7894287109375,1620.3656005859375,1532.1527099609375,1603.5986328125,34083272
2024-09-16,1522.0601806640625,1522.0601806640625,1541.289794921875,1502.7088623046875,1539.7894287109375,38191365
2024-09-17,1499.702880859375,1499.702880859375,1566.660888671875,1483.20361328125,1522.0601806640625,41906081
2024-09-18,1512.693359375,1512.693359375,1512.960205078125,1436.274658203125,1499.702880859375,51373213
2024-09-19,1523.4945068359375,1523.4945068359375,1579.560546875,1511.736083984375,1512.693359375,57476696
2024-09-20,1517.7880859375,1517.7880859375,1587.3819580078125,1503.129638671875,1523.4945068359375,75648215
2024-09-21,1584.492431640625,1584.492431640625,1589.0166015625,1482.7568359375,1517.7880859375,47411767
2024-09-22,1582.6591796875,1582.6591796875,1629.2779541015625,1540.883544921875,1584.492431640625,79367188
2024-09-23,1634.1005859375,1634.1005859375,1653.198486328125,1557.804443359375,1582.6591796875,81928034
2024-09-24,1593.9521484375,1593.9521484375,1638.849365234375,1563.4569091796875,1634.1005859375,58696199
2024-09-25,1549.9759521484375,1549.9759521484375,1607.577392578125,1544.3695068359375,1593.9521484375,58544036
2024-09-26,1606.0469970703125,1606.0469970703125,1613.5772705078125,1527.70849609375,1549.9759521484375,61604579
2024-09-27,1706.8150634765625,1706.8150634765625,1719.4727783203125,1602.0335693359375,1606.0469970703125,106585954
2024-09-28,1688.2890625,1688.2890625,1716.0711669921875,1668.157470703125,1706.783447265625,62935531
2024-09-29,1662.927978515625,1662.927978515625,1692.177734375,1642.5040283203125,1688.374267578125,49925630
2024-09-30,1569.8504638671875,1569.8504638671875,1662.927978515625,1556.932861328125,1662.927978515625,70478343
2024-10-01,1487.0166015625,1487.0166015625,1610.8963623046875,1464.7467041015625,1569.8504638671875,85214701
2024-10-02,1454.367431640625,1454.367431640625,1523.9022216796875,1443.7091064453125,1487.0340576171875,65101006
2024-10-03,1433.379638671875,1433.379638671875,1476.8046875,1407.544189453125,1454.367431640625,59988849
2024-10-04,1459.8916015625,1459.8916015625,1465.7628173828125,1427.5421142578125,1433.379638671875,36210151
2024-10-05,1455.77587890625,1455.77587890625,1463.8651123046875,1437.9219970703125,1459.8916015625,22921019
2024-10-06,1452.64404296875,1452.64404296875,1475.2701416015625,1449.92578125,1455.77587890625,23655912
2024-10-07,1400.4498291015625,1400.4498291015625,1491.6807861328125,1389.6572265625,1452.64404296875,92748659
2024-10-08,1409.4453125,1409.4453125,1429.369384765625,1400.376953125,1400.4498291015625,58239032
2024-10-09,1351.449462890625,1351.449462890625,1419.8050537109375,1340.121337890625,1409.4453125,48471423
2024-10-10,1352.531005859375,1352.531005859375,1375.133544921875,1322.2513427734375,1351.449462890625,73280741
2024-10-11,1365.6807861328125,1365.6807861328125,1381.7113037109375,1352.392578125,1352.531005859375,61367534
2024-10-12,1356.772705078125,1356.772705078125,1380.96044921875,1353.135498046875,1365.6807861328125,106608914
2024-10-13,1327.2989501953125,1327.2989501953125,1361.618896484375,1312.1104736328125,1356.688232421875,73724346
2024-10-14,1393.5418701171875,1393.5418701171875,1393.5418701171875,1322.6431884765625,1327.2989501953125,83871729
2024-10-15,1323.950439453125,1323.950439453125,1437.5892333984375,1295.3548583984375,1393.5418701171875,153544468
2024-10-16,1279.6165771484375,1279.6165771484375,1329.1544189453125,1277.3568115234375,1323.950439453125,100808977
2024-10-17,1200.858154296875,1200.858154296875,1294.8131103515625,1191.8226318359375,1279.6165771484375,97188248
2024-10-18,1205.6697998046875,1205.6697998046875,1217.92333984375,1192.20556640625,1200.858154296875,69943386
2024-10-19,1215.7032470703125,1215.7032470703125,1222.0654296875,1200.437255859375,1205.6697998046875,52499807
2024-10-20,1228.820068359375,1228.820068359375,1239.5491943359375,1200.1356201171875,1215.7032470703125,61243779
2024-10-21,1184.046875,1184.046875,1240.8450927734375,1183.76611328125,1228.820068359375,78278624
2024-10-22,1213.4171142578125,1213.4171142578125,1222.1702880859375,1158.328125,1184.046875,103574363
2024-10-23,1159.9188232421875,1159.9188232421875,1217.2008056640625,1138.509033203125,1213.4171142578125,88949145
2024-10-24,1135.864990234375,1135.864990234375,1172.905029296875,1131.268798828125,1161.1922607421875,50012525
2024-10-25,1056.8388671875,1056.8388671875,1136.2962646484375,1017.15234375,1135.864990234375,91871049
2024-10-26,1101.823486328125,1101.823486328125,1130.3505859375,1055.6209716796875,1056.816162109375,59787174
2024-10-27,1102.5833740234375,1102.5833740234375,1113.85400390625,1092.8087158203125,1101.823486328125,35512392
2024-10-28,1116.8516845703125,1116.8516845703125,1123.9490966796875,1093.0059814453125,1102.5833740234375,61820056
2024-10-29,1152.6004638671875,1152.6004638671875,1155.97119140625,1110.1722412109375,1116.8260498046875,63666229
2024-10-30,1246.7841796875,1246.7841796875,1267.6197509765625,1144.914794921875,1152.6004638671875,141527589
2024-10-31,1268.9512939453125,1268.9512939453125,1331.469482421875,1239.161865234375,1246.7841796875,147666732
2024-11-01,1264.92138671875,1264.92138671875,1316.14013671875,1252.814697265625,1268.9512939453125,139744818
2024-11-02,1210.0478515625,1210.0478515625,1266.836669921875,1200.5958251953125,1264.92138671875,118855547
2024-11-03,1176.23291015625,1176.23291015625,1213.43505859375,1150.821044921875,1210.0478515625,100028664
2024-11-04,1146.5643310546875,1146.5643310546875,1186.91845703125,1133.470458984375,1176.23291015625,104713886
2024-11-05,1121.1424560546875,1121.1424560546875,1160.16748046875,1112.0819091796875,1146.5643310546875,114708445
2024-11-06,1384.4715576171875,1384.4715576171875,1417.4747314453125,1120.4232177734375,1121.1424560546875,231623792
2024-11-07,1506.951416015625,1506.951416015625,1645.1849365234375,1368.62548828125,1384.4715576171875,251523764
2024-11-08,1482.63037109375,1482.63037109375,1525.09375,1460.4617919921875,1506.951416015625,129634813
2024-11-09,1492.5562744140625,1492.5562744140625,1521.7823486328125,1446.811279296875,1482.63037109375,99674848
2024-11-10,1471.7655029296875,1471.7655029296875,1551.1456298828125,1424.9765625,1492.5562744140625,169720447
2024-11-11,1537.2506103515625,1537.2506103515625,1558.94677734375,1445.1820068359375,1471.7691650390625,179541085
2024-11-12,1522.2216796875,1522.2216796875,1555.0152587890625,1447.4844970703125,1537.2506103515625,271655835
2024-11-13,1487.746337890625,1487.746337890625,1600.6231689453125,1451.015869140625,1522.2216796875,216675850
2024-11-14,1417.7210693359375,1417.7210693359375,1513.624755859375,1408.405029296875,1487.746337890625,159471858
2024-11-15,1439.4853515625,1439.4853515625,1466.887451171875,1409.0284423828125,1417.7210693359375,110859776
2024-11-16,1503.767578125,1503.767578125,1556.0377197265625,1427.8272705078125,1433.4998779296875,111233711
2024-11-17,1477.4803466796875,1477.4803466796875,1533.958984375,1461.2479248046875,1503.774658203125,98487416
2024-11-18,1554.916748046875,1554.916748046875,1558.5643310546875,1465.7039794921875,1477.4803466796875,100632160
2024-11-19,1496.84423828125,1496.84423828125,1571.3699951171875,1470.3809814453125,1554.916748046875,115589671
2024-11-20,1490.0711669921875,1490.0711669921875,1562.8720703125,1481.1767578125,1496.84423828125,152402843
2024-11-21,1643.4622802734375,1643.4622802734375,1666.75146484375,1469.01904296875,1490.0738525390625,164298359
2024-11-22,1631.8399658203125,1631.8399658203125,1719.3548583984375,1602.7318115234375,1643.5396728515625,128704652
2024-11-23,1660.824462890625,1660.824462890625,1766.1500244140625,1612.15771484375,1631.8399658203125,197636168
2024-11-24,1737.227294921875,1737.227294921875,1789.275146484375,1659.823486328125,1660.824462890625,169294056
2024-11-25,1828.4439697265625,1828.4439697265625,2020.632568359375,1699.1806640625,1737.227294921875,277863794
2024-11-26,1737.91015625,1737.91015625,1848.147216796875,1687.401611328125,1828.4439697265625,141808441
2024-11-27,1871.9197998046875,1871.9197998046875,1878.5703125,1721.983154296875,1737.91015625,136566768
2024-11-28,1821.114013671875,1821.114013671875,1884.6219482421875,1783.9840087890625,1871.91357421875,108296136
2024-11-29,1809.939697265625,1809.939697265625,1838.5521240234373,1788.2899169921875,1821.114990234375,97989012
2024-11-30,1862.5399169921875,1862.5399169921875,1909.9775390625,1786.749267578125,1809.939697265625,125876299
2024-12-01,1838.142333984375,1838.142333984375,1880.39794921875,1807.6915283203125,1862.5369873046875,102314298
2024-12-02,1978.2271728515625,1978.2271728515625,1984.4532470703125,1777.3604736328125,1838.14013671875,225438851
2024-12-03,2303.701416015625,2303.701416015625,2322.55810546875,1973.196044921875,1978.2320556640625,457981450
2024-12-04,2272.09423828125,2272.09423828125,2413.208984375,2240.81396484375,2303.701416015625,301159669
2024-12-05,2112.153564453125,2112.153564453125,2284.55078125,2078.83251953125,2272.09423828125,224700351
2024-12-06,2213.017333984375,2213.017333984375,2314.546142578125,2100.67724609375,2102.061767578125,173081699
2024-12-07,2170.8525390625,2170.8525390625,2239.513671875,2157.538818359375,2213.017333984375,94499991
2024-12-08,2203.190185546875,2203.190185546875,2214.713134765625,2108.208251953125,2179.288818359375,116432327
2024-12-09,1894.9896240234373,1894.9896240234373,2222.368896484375,1698.1854248046875,2203.190185546875,272494203
2024-12-10,1771.028564453125,1771.028564453125,1974.0880126953125,1710.96142578125,1894.9896240234373,203018653
2024-12-11,1880.9986572265625,1880.9986572265625,1901.047607421875,1711.5516357421875,1770.88916015625,134446583
2024-12-12,2026.864501953125,2026.864501953125,2146.888427734375,1877.3480224609373,1880.9986572265625,213519154
2024-12-13,2108.648193359375,2108.648193359375,2115.917236328125,1993.9005126953125,2026.8768310546875,157957730
2024-12-14,1930.3541259765625,1930.3541259765625,2140.669677734375,1897.5107421875,2108.648193359375,117461060
2024-12-15,2050.28955078125,2050.28955078125,2060.13525390625,1895.2349853515625,1930.3541259765625,121147221
2024-12-16,1895.6822509765625,1895.6822509765625,2074.058837890625,1880.4591064453125,2050.28955078125,137356023
2024-12-17,1769.408935546875,1769.408935546875,1896.1591796875,1751.3319091796875,1895.6822509765625,115472235
2024-12-18,1671.8883056640625,1671.8883056640625,1784.2061767578125,1670.5869140625,1769.39306640625,180114702
2024-12-19,1642.9505615234375,1642.9505615234375,1757.981689453125,1594.2152099609375,1671.8883056640625,218878288
2024-12-20,1694.856201171875,1694.856201171875,1716.7974853515625,1497.90771484375,1642.854248046875,199259750
2024-12-21,1620.19140625,1620.19140625,1739.7982177734375,1609.3028564453125,1694.856201171875,106597656
2024-12-22,1580.391357421875,1580.391357421875,1646.920654296875,1554.9976806640625,1620.19140625,92419967
2024-12-23,1622.508056640625,1622.508056640625,1644.30908203125,1510.3365478515625,1580.302001953125,111101548
2024-12-24,1643.2669677734375,1643.2669677734375,1674.973388671875,1583.517578125,1622.50927734375,96682575
2024-12-25,1602.838134765625,1602.838134765625,1666.7962646484375,1593.7811279296875,1643.2669677734375,83129580
2024-12-26,1529.239990234375,1529.239990234375,1607.230712890625,1516.1353759765625,1602.838134765625,107812433
2024-12-27,1572.96435546875,1572.96435546875,1604.486328125,1521.9173583984375,1529.16357421875,106136535
2024-12-28,1546.9945068359375,1546.9945068359375,1574.8758544921875,1522.35205078125,1572.96435546875,81219737
2024-12-29,1505.0953369140625,1505.0953369140625,1548.4168701171875,1489.62939453125,1546.9945068359375,98376143
2024-12-30,1497.610595703125,1497.610595703125,1543.4923095703125,1466.7991943359375,1505.084228515625,102115064
2024-12-31,1490.3321533203125,1490.3321533203125,1532.6038818359375,1471.09228515625,1497.59326171875,113948591
2025-01-01,1508.6737060546875,1508.6737060546875,1513.6141357421875,1479.82421875,1490.3272705078125,122266371
2025-01-02,1546.3858642578125,1546.3858642578125,1566.701416015625,1506.5321044921875,1508.6656494140625,135219246
2025-01-03,1599.1165771484375,1599.1165771484375,1613.5423583984375,1532.6588134765625,1546.369873046875,128665128
2025-01-04,1593.113525390625,1593.113525390625,1631.597412109375,1567.272216796875,1599.1165771484375,121454841
2025-01-05,1574.1085205078125,1574.1085205078125,1595.66259765625,1552.927490234375,1593.113525390625,129002349
2025-01-06,1630.6612548828125,1630.6612548828125,1633.619140625,1562.38720703125,1574.1085205078125,131101479
2025-01-07,1492.7261962890625,1492.7261962890625,1635.5712890625,1492.5147705078125,1630.6654052734375,127879850
2025-01-08,1481.57373046875,1481.57373046875,1507.3773193359375,1419.3231201171875,1492.7261962890625,103884358
2025-01-09,1464.21142578125,1464.21142578125,1529.0804443359375,1439.143310546875,1481.57373046875,103798347
2025-01-10,1473.4893798828125,1473.4893798828125,1487.48583984375,1439.727783203125,1464.21142578125,136065400
2025-01-11,1440.88671875,1440.88671875,1474.573486328125,1436.744140625,1473.61328125,151859119
2025-01-12,1423.224365234375,1423.224365234375,1446.4520263671875,1403.1943359375,1440.88671875,138113844
2025-01-13,1346.849609375,1346.849609375,1446.6898193359375,1283.542724609375,1423.224365234375,116053430
2025-01-14,1378.6151123046875,1378.6151123046875,1385.0953369140625,1345.064453125,1346.849609375,118188674
2025-01-15,1428.7811279296875,1428.7811279296875,1437.0147705078125,1374.5836181640625,1378.613525390625,136498223
2025-01-16,1420.8359375,1420.8359375,1432.5694580078125,1391.3199462890625,1428.800048828125,157988230
2025-01-17,1465.25439453125,1465.25439453125,1473.3643798828125,1420.5889892578125,1420.8359375,128203824
2025-01-18,1379.2430419921875,1379.2430419921875,1474.2318115234375,1356.309326171875,1465.25439453125,125910523
2025-01-19,1274.98046875,1274.98046875,1411.5457763671875,1262.688720703125,1379.2430419921875,167985380
2025-01-20,1292.0693359375,1292.0693359375,1391.8514404296875,1250.464599609375,1274.968017578125,174842316
2025-01-21,1299.522216796875,1299.522216796875,1315.0498046875,1260.8302001953125,1292.0693359375,96829199
2025-01-22,1248.549072265625,1248.549072265625,1309.080322265625,1245.7081298828125,1299.522216796875,109084017
2025-01-23,1272.929931640625,1272.929931640625,1276.23828125,1218.48583984375,1248.5303955078125,119898009
2025-01-24,1255.098388671875,1255.098388671875,1330.1405029296875,1236.46484375,1272.933837890625,104794877
2025-01-25,1232.177001953125,1232.177001953125,1264.3089599609375,1232.1436767578125,1255.100341796875,120860630
2025-01-26,1198.8658447265625,1198.8658447265625,1248.3782958984375,1198.8641357421875,1232.20458984375,129342879
2025-01-27,1204.43310546875,1204.43310546875,1227.82470703125,1122.896728515625,1198.8612060546875,96052430
2025-01-28,1129.36572265625,1129.36572265625,1211.0426025390625,1119.2088623046875,1204.43310546875,100083334
2025-01-29,1099.36376953125,1099.36376953125,1140.5787353515625,1085.8387451171875,1129.36572265625,97307852
2025-01-30,1075.0302734375,1075.0302734375,1144.5860595703125,1075.0302734375,1099.40087890625,97384943
2025-01-31,1149.30712890625,1149.30712890625,1193.7628173828125,1074.8050537109375,1075.0302734375,82902518
2025-02-01,1081.7822265625,1081.7822265625,1156.5587158203125,1074.5185546875,1149.249755859375,74252136
2025-02-02,1019.96826171875,1019.96826171875,1101.359130859375,990.30078125,1081.71337890625,100131449
2025-02-03,990.7489013671876,990.7489013671876,1022.3382568359376,837.03369140625,1019.9625854492188,555683797
2025-02-04,915.7702026367188,915.7702026367188,993.3438110351562,901.854736328125,990.7489013671876,90687101
2025-02-05,916.319580078125,916.319580078125,943.4451904296876,905.0883178710938,915.7557983398438,75015951
2025-02-06,900.2412109375,900.2412109375,936.569580078125,881.8133544921875,916.319580078125,84793693
2025-02-07,925.8655395507812,925.8655395507812,940.287841796875,893.8465576171875,900.2412109375,89598920
2025-02-08,935.5217895507812,935.5217895507812,956.61865234375,913.7794799804688,925.8707885742188,95931258
2025-02-09,904.2360229492188,904.2360229492188,935.5169677734376,879.51904296875,935.5150756835938,102511332
2025-02-10,976.6199340820312,976.6199340820312,985.2073364257812,888.5079345703125,904.2360229492188,110257632
2025-02-11,953.835693359375,953.835693359375,997.5453491210938,943.813720703125,976.6199340820312,106926069
2025-02-12,1015.8068237304688,1015.8068237304688,1033.6622314453125,947.3067016601562,953.8350830078124,104109884
2025-02-13,989.59716796875,989.59716796875,1015.9238891601562,981.7142944335938,1015.8063354492188,100521439
2025-02-14,1001.4127197265624,1001.4127197265624,1021.0003662109376,985.0094604492188,989.59716796875,112764922
2025-02-15,1002.53466796875,1002.53466796875,1012.722412109375,980.9437255859376,1001.4127197265624,117213992
2025-02-16,990.291015625,990.291015625,1022.41357421875,986.9647216796876,1002.53466796875,120314072
2025-02-17,1046.3385009765625,1046.3385009765625,1057.855712890625,980.8374633789062,990.2850341796876,127098324
2025-02-18,1115.21142578125,1115.21142578125,1135.3883056640625,1042.427490234375,1046.3385009765625,132531171
2025-02-19,1173.752197265625,1173.752197265625,1217.416259765625,1115.21142578125,1115.21142578125,121198192
2025-02-20,1427.30419921875,1427.30419921875,1473.3521728515625,1164.2657470703125,1173.752197265625,226815246
2025-02-21,1451.6121826171875,1451.6121826171875,1498.23876953125,1368.2454833984375,1427.26513671875,246813090
2025-02-22,1517.371826171875,1517.371826171875,1572.756591796875,1439.816650390625,1451.59130859375,153972225
2025-02-23,1524.45849609375,1524.45849609375,1635.4788818359375,1469.0987548828125,1517.35107421875,174763353
2025-02-24,1418.197998046875,1418.197998046875,1570.1988525390625,1391.42333984375,1524.45849609375,188799000
2025-02-25,1668.2784423828125,1668.2784423828125,1678.4986572265625,1346.0289306640625,1418.197998046875,271993887
2025-02-26,1626.1585693359375,1626.1585693359375,1735.0889892578125,1557.7435302734375,1668.5306396484375,275941551
2025-02-27,1732.1827392578125,1732.1827392578125,1790.281982421875,1613.38720703125,1626.133544921875,226423917
2025-02-28,1581.5592041015625,1581.5592041015625,1768.9957275390625,1508.3035888671875,1732.20361328125,357384979
2025-03-01,1650.9678955078125,1650.9678955078125,1706.76025390625,1520.8487548828125,1581.5592041015625,167431236
2025-03-02,1552.7362060546875,1552.7362060546875,1725.2320556640625,1551.7802734375,1650.9678955078125,170959004
2025-03-03,1445.41552734375,1445.41552734375,1562.880859375,1346.5406494140625,1552.7353515625,229138297
2025-03-04,1370.81982421875,1370.81982421875,1450.1087646484375,1332.4849853515625,1445.31884765625,182011420
2025-03-05,1371.6756591796875,1371.6756591796875,1448.648681640625,1345.49267578125,1370.81689453125,120870141
2025-03-06,1273.7752685546875,1273.7752685546875,1425.456298828125,1273.7752685546875,1371.6756591796875,121019848
2025-03-07,1303.2315673828125,1303.2315673828125,1329.0179443359375,1220.6832275390625,1273.7691650390625,122829569
2025-03-08,1362.899169921875,1362.899169921875,1362.9051513671875,1264.550048828125,1303.2315673828125,101900446
2025-03-09,1190.368408203125,1190.368408203125,1385.5323486328125,1179.8765869140625,1362.899169921875,121560992
2025-03-10,1117.072509765625,1117.072509765625,1226.7921142578125,1039.4237060546875,1190.368408203125,98635532
2025-03-11,1133.7845458984375,1133.7845458984375,1173.29052734375,1052.6483154296875,1116.8121337890625,98726548
2025-03-12,1129.8463134765625,1129.8463134765625,1144.877197265625,1047.7606201171875,1133.8062744140625,96790503
2025-03-13,1134.16357421875,1134.16357421875,1155.79248046875,1092.991455078125,1129.8463134765625,105891331
2025-03-14,1172.754638671875,1172.754638671875,1214.2919921875,1130.423095703125,1134.16357421875,124925635
2025-03-15,1215.5872802734375,1215.5872802734375,1225.9158935546875,1167.3607177734375,1172.7269287109375,120219217
2025-03-16,1179.0626220703125,1179.0626220703125,1233.5460205078125,1159.8619384765625,1215.5965576171875,142416747
2025-03-17,1209.0367431640625,1209.0367431640625,1220.337158203125,1177.9571533203125,1179.1287841796875,82996955
2025-03-18,1277.373779296875,1277.373779296875,1280.7132568359375,1186.29736328125,1209.0367431640625,98844631
2025-03-19,1293.3251953125,1293.3251953125,1331.177001953125,1270.060546875,1277.373779296875,138195405
2025-03-20,1264.6170654296875,1264.6170654296875,1302.049560546875,1237.00439453125,1293.260986328125,70649633
2025-03-21,1227.11376953125,1227.11376953125,1280.5445556640625,1195.97119140625,1264.613525390625,64052645
2025-03-22,1236.7725830078125,1236.7725830078125,1262.3662109375,1222.2803955078125,1227.0650634765625,35023845
2025-03-23,1227.1923828125,1227.1923828125,1255.2716064453125,1221.348876953125,1236.7725830078125,34688873
2025-03-24,1272.4996337890625,1272.4996337890625,1282.020263671875,1212.346435546875,1227.1923828125,49942848
2025-03-25,1294.4639892578125,1294.4639892578125,1295.0928955078125,1257.1859130859375,1272.516357421875,37927835
2025-03-26,1375.16552734375,1375.16552734375,1383.83544921875,1286.615478515625,1294.4422607421875,94864253
2025-03-27,1446.0361328125,1446.0361328125,1486.93798828125,1375.030517578125,1375.16552734375,145685324
2025-03-28,1445.6160888671875,1445.6160888671875,1482.239013671875,1398.60693359375,1446.0587158203125,124980261
2025-03-29,1297.282958984375,1297.282958984375,1474.509521484375,1291.6898193359375,1445.7274169921875,79490593
2025-03-30,1285.900634765625,1285.900634765625,1320.7049560546875,1261.2471923828125,1297.271728515625,44904882
2025-03-31,1297.4461669921875,1297.4461669921875,1341.87353515625,1257.4578857421875,1285.887939453125,60911997
2025-04-01,1388.49609375,1388.49609375,1408.8160400390625,1289.4306640625,1297.4461669921875,66279518
2025-04-02,1285.095458984375,1285.095458984375,1414.002197265625,1280.714599609375,1388.49658203125,80129245
2025-04-03,1306.9989013671875,1306.9989013671875,1320.2293701171875,1231.1077880859375,1285.0958251953125,55153090
2025-04-04,1331.133544921875,1331.133544921875,1372.930908203125,1269.6483154296875,1306.9989013671875,74955688
2025-04-05,1348.58251953125,1348.58251953125,1352.6866455078125,1310.016845703125,1331.133544921875,38055652
2025-04-06,1146.754150390625,1146.754150390625,1365.2230224609375,1130.272216796875,1348.5833740234375,87775347
2025-04-07,1235.33740234375,1235.33740234375,1256.544921875,1049.5635986328125,1146.754150390625,137246797
2025-04-08,1227.2589111328125,1227.2589111328125,1304.2855224609375,1208.7864990234375,1235.33740234375,84709325
2025-04-09,1397.1962890625,1397.1962890625,1422.935302734375,1173.47705078125,1227.2589111328125,195004513
2025-04-10,1288.7891845703125,1288.7891845703125,1398.1456298828125,1252.35107421875,1397.2147216796875,101727449
2025-04-11,1331.5147705078125,1331.5147705078125,1346.80908203125,1284.640625,1288.7891845703125,57000278
2025-04-12,1401.4349365234375,1401.4349365234375,1418.5194091796875,1310.5933837890625,1331.51318359375,54109213
2025-04-13,1356.083984375,1356.083984375,1404.387939453125,1338.810791015625,1401.4349365234375,58535375
2025-04-14,1382.1558837890625,1382.1558837890625,1434.4534912109375,1355.91455078125,1356.0936279296875,87407016
2025-04-15,1355.938232421875,1355.938232421875,1407.30419921875,1352.63720703125,1382.1558837890625,95061323
2025-04-16,1337.4915771484375,1337.4915771484375,1367.4332275390625,1315.078857421875,1355.938232421875,69642533
2025-04-17,1347.37109375,1347.37109375,1377.5220947265625,1328.2171630859375,1337.466552734375,65240351
2025-04-18,1352.2086181640625,1352.2086181640625,1361.5003662109375,1338.187744140625,1347.37109375,41365075
2025-04-19,1379.5020751953125,1379.5020751953125,1384.14794921875,1351.0440673828125,1352.2086181640625,46930962
2025-04-20,1352.75732421875,1352.75732421875,1381.7320556640625,1337.0836181640625,1379.5020751953125,28605439
2025-04-21,1348.8636474609375,1348.8636474609375,1412.409912109375,1338.7608642578125,1352.75732421875,48072503
2025-04-22,1450.145751953125,1450.145751953125,1460.7288818359375,1323.765380859375,1348.8909912109375,63966115
2025-04-23,1486.0745849609375,1486.0745849609375,1531.0814208984375,1447.91259765625,1450.145751953125,69888226
2025-04-24,1509.430908203125,1509.430908203125,1510.3822021484375,1439.73193359375,1486.0751953125,53349612
2025-04-25,1488.9324951171875,1488.9324951171875,1520.6224365234375,1451.8458251953125,1509.430908203125,78823308
2025-04-26,1529.2901611328125,1529.2901611328125,1529.7103271484375,1478.480712890625,1488.927978515625,35122898
2025-04-27,1477.9097900390625,1477.9097900390625,1555.32470703125,1469.2135009765625,1529.3123779296875,31528769
2025-04-28,1527.751708984375,1527.751708984375,1528.2275390625,1455.77978515625,1477.92236328125,42863795
2025-04-29,1530.1312255859375,1530.1312255859375,1566.6160888671875,1509.728759765625,1527.751708984375,60168269
2025-04-30,1477.033447265625,1477.033447265625,1537.6990966796875,1447.1907958984375,1530.1312255859375,46839224
2025-05-01,1522.5126953125,1522.5126953125,1572.3668212890625,1469.47412109375,1477.033447265625,53630139
2025-05-02,1572.209228515625,1572.209228515625,1572.2958984375,1519.0299072265625,1522.5306396484375,43537206
2025-05-03,1504.01025390625,1504.01025390625,1572.2071533203125,1502.08837890625,1572.2071533203125,37419120
2025-05-04,1526.1390380859375,1526.1390380859375,1548.203125,1495.3111572265625,1504.01025390625,33293480
2025-05-05,1550.2557373046875,1550.2557373046875,1561.9530029296875,1516.093017578125,1526.1495361328125,38866467
2025-05-06,1473.66845703125,1473.66845703125,1553.01806640625,1426.087890625,1550.2557373046875,53833178
2025-05-07,1514.077880859375,1514.077880859375,1522.0963134765625,1446.069580078125,1473.60791015625,43538894
2025-05-08,1703.9190673828125,1703.9190673828125,1721.80908203125,1511.8436279296875,1514.0723876953125,96718615
2025-05-09,1735.7369384765625,1735.7369384765625,1825.18603515625,1688.521728515625,1703.9190673828125,82252585
2025-05-10,1878.2269287109373,1878.2269287109373,1893.7679443359373,1716.704345703125,1735.7369384765625,67433142
2025-05-11,1822.69091796875,1822.69091796875,1885.0174560546875,1786.15185546875,1878.18701171875,61107867
2025-05-12,1791.58740234375,1791.58740234375,1881.03857421875,1747.793701171875,1822.6971435546875,73123765
2025-05-13,1893.0511474609373,1893.0511474609373,1912.876953125,1722.5623779296875,1791.58740234375,68554098
2025-05-14,1876.96142578125,1876.96142578125,1959.1693115234373,1825.3070068359373,1893.0511474609373,70545906
2025-05-15,1810.922119140625,1810.922119140625,1901.3272705078125,1759.662841796875,1876.9251708984373,57849289
2025-05-16,1804.3695068359373,1804.3695068359373,1907.0909423828125,1794.6080322265625,1810.9366455078125,42818474
2025-05-17,1726.5076904296875,1726.5076904296875,1806.947998046875,1715.2459716796875,1804.4361572265625,40473247
2025-05-18,1749.923828125,1749.923828125,1796.4288330078125,1662.86669921875,1726.5299072265625,45121943
2025-05-19,1733.8265380859375,1733.8265380859375,1749.923828125,1633.6439208984375,1749.923828125,57896840
2025-05-20,1726.391357421875,1726.391357421875,1796.8504638671875,1687.68310546875,1734.249755859375,61181863
2025-05-21,1753.276123046875,1753.276123046875,1790.92041015625,1693.280029296875,1726.391357421875,61075230
2025-05-22,1747.408935546875,1747.408935546875,1819.8870849609373,1731.2908935546875,1753.2803955078125,62738877
2025-05-23,1630.2386474609375,1630.2386474609375,1815.51953125,1622.3157958984375,1747.408935546875,75610396
2025-05-24,1651.805419921875,1651.805419921875,1680.0643310546875,1630.3284912109375,1630.4088134765625,33037867
2025-05-25,1642.848388671875,1642.848388671875,1654.1312255859375,1599.6583251953125,1651.805419921875,27458490
2025-05-26,1624.6697998046875,1624.6697998046875,1667.432373046875,1612.8968505859375,1642.848388671875,24900126
2025-05-27,1681.36328125,1681.36328125,1714.8037109375,1602.8428955078125,1625.032958984375,35920814
2025-05-28,1711.753662109375,1711.753662109375,1711.753662109375,1653.378662109375,1681.36279296875,45366954
2025-05-29,1651.4091796875,1651.4091796875,1769.9635009765625,1648.1661376953125,1711.892822265625,50530183
2025-05-30,1549.2408447265625,1549.2408447265625,1662.9678955078125,1542.5211181640625,1651.4219970703125,63699372
2025-05-31,1571.848876953125,1571.848876953125,1586.2879638671875,1516.92724609375,1549.102783203125,28040688
2025-06-01,1602.8209228515625,1602.8209228515625,1611.3494873046875,1548.982666015625,1571.837646484375,20509774
2025-06-02,1741.3179931640625,1741.3179931640625,1771.260009765625,1565.843994140625,1602.822021484375,100380204
2025-06-03,1868.0072021484373,1868.0072021484373,1949.5478515625,1736.9267578125,1741.3026123046875,163763456
2025-06-04,1779.676025390625,1779.676025390625,1917.979248046875,1773.9716796875,1868.1761474609373,136458793
2025-06-05,1737.0921630859375,1737.0921630859375,1859.0224609375,1700.35205078125,1779.6256103515625,143471924
2025-06-06,1702.659912109375,1702.659912109375,1811.7607421875,1693.4783935546875,1737.0302734375,79495077
2025-06-07,1767.552978515625,1767.552978515625,1785.5802001953125,1677.547607421875,1702.6492919921875,55849055
2025-06-08,1760.4171142578125,1760.4171142578125,1785.69775390625,1729.6324462890625,1767.56201171875,44561922
2025-06-09,1946.2593994140625,1946.2593994140625,1950.66650390625,1732.7584228515625,1760.430419921875,74206292
2025-06-10,2143.216796875,2143.216796875,2181.017578125,1926.278564453125,1946.2823486328125,155748284
2025-06-11,2064.281982421875,2064.281982421875,2184.752197265625,2049.038818359375,2143.312255859375,97534139
2025-06-12,1992.93115234375,1992.93115234375,2119.36279296875,1975.251708984375,2064.15576171875,74409670
2025-06-13,2157.079833984375,2157.079833984375,2161.99462890625,1795.0679931640625,1992.8531494140625,153540073
2025-06-14,2083.88134765625,2083.88134765625,2161.517822265625,2055.662841796875,2157.25830078125,92491755
2025-06-15,2139.76416015625,2139.76416015625,2140.9892578125,2038.677001953125,2083.772705078125,52403953
2025-06-16,2149.01171875,2149.01171875,2286.22119140625,2101.40380859375,2139.771484375,139232128
2025-06-17,2030.0198974609373,2030.0198974609373,2251.389404296875,1983.5233154296875,2149.142578125,123956398
2025-06-18,2001.0599365234373,2001.0599365234373,2063.898193359375,1919.13623046875,2029.8477783203125,87998352
2025-06-19,1916.9307861328125,1916.9307861328125,2047.3175048828125,1883.309326171875,2001.15234375,73312983
2025-06-20,1852.4285888671875,1852.4285888671875,1944.72021484375,1811.2113037109373,1916.912841796875,70413159
2025-06-21,1787.408935546875,1787.408935546875,1868.640625,1746.1319580078125,1852.3638916015625,49037625
2025-06-22,1747.4654541015625,1747.4654541015625,1801.2828369140625,1643.923828125,1787.9984130859375,75051781
2025-06-23,2000.3623046875,2000.3623046875,2042.2452392578125,1723.7645263671875,1747.4873046875,138147466
2025-06-24,1993.9993896484373,1993.9993896484373,2068.80908203125,1952.55615234375,2000.19677734375,74257049
2025-06-25,1898.5770263671875,1898.5770263671875,2021.0294189453125,1866.2344970703125,1993.9237060546875,63939182
2025-06-26,1829.8951416015625,1829.8951416015625,1954.2744140625,1813.9771728515625,1898.579345703125,56407980
2025-06-27,1898.7869873046875,1898.7869873046875,1904.372802734375,1824.09765625,1830.1302490234373,47473011
2025-06-28,1921.29833984375,1921.29833984375,1943.04296875,1874.7801513671875,1898.77685546875,30400182
2025-06-29,2032.904052734375,2032.904052734375,2033.1180419921875,1909.8294677734373,1921.3045654296875,46688896
2025-06-30,1941.226318359375,1941.226318359375,2032.9447021484373,1918.185791015625,2032.9447021484373,56260513
2025-07-01,1840.33984375,1840.33984375,1957.1099853515625,1829.8924560546875,1941.1875,42212042
2025-07-02,1980.415771484375,1980.415771484375,2005.0855712890625,1822.6087646484373,1840.2052001953125,59536669
2025-07-03,1938.5469970703125,1938.5469970703125,2002.852783203125,1936.0274658203125,1980.44970703125,50455608
2025-07-04,1866.367431640625,1866.367431640625,1941.180419921875,1823.18017578125,1938.591796875,39217641
2025-07-05,1837.33203125,1837.33203125,1881.05517578125,1808.1627197265625,1866.276611328125,32449362
2025-07-06,1909.19091796875,1909.19091796875,1934.1331787109373,1810.4310302734373,1837.334228515625,41235432
2025-07-07,1897.30126953125,1897.30126953125,1914.8001708984373,1857.7755126953125,1909.2349853515625,38786203
2025-07-08,1927.1805419921875,1927.1805419921875,1938.7049560546875,1867.717529296875,1897.316162109375,47663539
2025-07-09,1958.4263916015625,1958.4263916015625,1969.7122802734373,1891.912841796875,1927.2366943359373,55291734
2025-07-10,2020.1988525390625,2020.1988525390625,2025.374267578125,1942.8115234375,1958.46435546875,73125602
2025-07-11,1897.582275390625,1897.582275390625,2050.5126953125,1870.2630615234373,2020.2001953125,96651978
2025-07-12,1885.48583984375,1885.48583984375,1920.2730712890625,1813.5584716796875,1897.5025634765625,57370833
2025-07-13,1875.230224609375,1875.230224609375,1899.863037109375,1847.46923828125,1885.54833984375,39330873
2025-07-14,1850.6505126953125,1850.6505126953125,1931.98095703125,1820.3931884765625,1875.2230224609373,72763896
2025-07-15,1869.6187744140625,1869.6187744140625,1884.5018310546875,1814.3131103515625,1850.7119140625,61463281
2025-07-16,1910.78466796875,1910.78466796875,1964.16259765625,1853.4453125,1869.6312255859373,98337135
2025-07-17,1881.242919921875,1881.242919921875,1931.9083251953125,1828.4898681640625,1910.8316650390625,108836071
2025-07-18,2015.861083984375,2015.861083984375,2206.97607421875,1872.406005859375,1881.159423828125,272601480
2025-07-19,1988.667724609375,1988.667724609375,2045.345703125,1953.7724609375,2016.0400390625,82871483
2025-07-20,2023.447265625,2023.447265625,2097.416748046875,1981.5166015625,1988.64892578125,101998279
2025-07-21,2099.98095703125,2099.98095703125,2125.982666015625,1988.7296142578125,2023.2177734375,105632119
2025-07-22,2083.94580078125,2083.94580078125,2158.05126953125,1997.0145263671875,2099.960693359375,132417488
2025-07-23,2033.37255859375,2033.37255859375,2095.713623046875,1980.9593505859373,2083.936279296875,92977079
2025-07-24,2013.8690185546875,2013.8690185546875,2079.910400390625,1905.4739990234373,2033.418212890625,155964969
2025-07-25,2207.31982421875,2207.31982421875,2251.439697265625,1980.79150390625,2013.826904296875,203925515
2025-07-26,2282.192138671875,2282.192138671875,2296.73828125,2207.22900390625,2207.313232421875,102295806
2025-07-27,2319.465576171875,2319.465576171875,2351.119140625,2253.912841796875,2282.30859375,89494182
2025-07-28,2162.991943359375,2162.991943359375,2396.384033203125,2153.5908203125,2319.47265625,134626931
2025-07-29,2053.64208984375,2053.64208984375,2173.949462890625,1996.35498046875,2163.078125,120235895
2025-07-30,2052.49755859375,2052.49755859375,2096.56103515625,1969.250244140625,2053.70263671875,93036896
2025-07-31,1977.5277099609373,1977.5277099609373,2078.936279296875,1966.0955810546875,2052.5390625,103211849
2025-08-01,1907.0841064453125,1907.0841064453125,1989.2269287109373,1867.034912109375,1977.5482177734373,114196515
2025-08-02,1840.4981689453125,1840.4981689453125,1920.270263671875,1825.8406982421875,1907.0509033203125,62934802
2025-08-03,1889.8297119140625,1889.8297119140625,1898.9246826171875,1831.6634521484373,1840.4796142578125,39092197
2025-08-04,1968.0614013671875,1968.0614013671875,1974.1170654296875,1885.9046630859373,1889.75537109375,70489300
2025-08-05,1816.3785400390625,1816.3785400390625,1970.2447509765625,1807.8746337890625,1968.0562744140625,97271569
2025-08-06,1926.5938720703125,1926.5938720703125,1929.1661376953125,1775.28564453125,1816.366455078125,84680528
2025-08-07,1994.4061279296875,1994.4061279296875,2007.2579345703125,1906.9654541015625,1926.693115234375,82666937
2025-08-08,2015.5906982421875,2015.5906982421875,2062.35400390625,1959.4984130859373,1994.3812255859373,150809384
2025-08-09,2093.5634765625,2093.5634765625,2139.011962890625,2013.9002685546875,2015.63623046875,75672926
2025-08-10,2093.060302734375,2093.060302734375,2117.59619140625,2053.086669921875,2093.639404296875,65577336
2025-08-11,2009.705322265625,2009.705322265625,2118.245849609375,1985.615234375,2093.035888671875,83693194
2025-08-12,2004.783447265625,2004.783447265625,2051.55908203125,1954.2998046875,2009.6124267578125,104240834
2025-08-13,1967.800048828125,1967.800048828125,2031.687744140625,1938.238037109375,2004.5343017578125,126731317
2025-08-14,1846.9307861328125,1846.9307861328125,2000.1925048828125,1834.0203857421875,1967.7274169921875,131178435
2025-08-15,1833.27001953125,1833.27001953125,1883.6846923828125,1792.0517578125,1846.9833984375,80495155
2025-08-16,1789.379150390625,1789.379150390625,1839.8385009765625,1787.2340087890625,1833.2449951171875,47895401
2025-08-17,1833.8260498046875,1833.8260498046875,1890.2314453125,1788.744384765625,1789.2530517578125,77680816
2025-08-18,1714.9833984375,1714.9833984375,1838.6519775390625,1691.1434326171875,1833.7562255859373,114969903
2025-08-19,1652.91162109375,1652.91162109375,1732.4395751953125,1652.704345703125,1714.89404296875,81276771
2025-08-20,1664.73291015625,1664.73291015625,1686.5023193359375,1591.69970703125,1652.84375,76612428
2025-08-21,1615.4761962890625,1615.4761962890625,1686.443603515625,1612.456298828125,1664.739501953125,87198204
2025-08-22,1712.239501953125,1712.239501953125,1750.4013671875,1508.677001953125,1615.4805908203125,154559670
2025-08-23,1610.6865234375,1610.6865234375,1713.4146728515625,1591.852783203125,1712.263427734375,126664243
2025-08-24,1519.74853515625,1519.74853515625,1636.697998046875,1493.8492431640625,1611.0079345703125,142056353
2025-08-25,1486.5128173828125,1486.5128173828125,1539.02783203125,1453.2122802734375,1519.7874755859375,137087397
2025-08-26,1598.234619140625,1598.234619140625,1620.2156982421875,1468.44384765625,1486.4197998046875,170179093
2025-08-27,1588.9251708984375,1588.9251708984375,1625.159912109375,1564.8660888671875,1598.256103515625,101577995
2025-08-28,1542.340087890625,1542.340087890625,1603.9110107421875,1519.70361328125,1588.953125,67593773
2025-08-29,1534.7537841796875,1534.7537841796875,1549.683837890625,1500.883544921875,1542.397216796875,75066540
2025-08-30,1567.791748046875,1567.791748046875,1568.2254638671875,1505.504638671875,1534.76708984375,38358000
2025-08-31,1543.2991943359375,1543.2991943359375,1583.664794921875,1534.02294921875,1567.978759765625,48076438
2025-09-01,1579.1793212890625,1579.1793212890625,1588.1724853515625,1516.08056640625,1543.3153076171875,62192406
2025-09-02,1749.56005859375,1749.56005859375,1851.5306396484373,1579.5457763671875,1579.5457763671875,211214033
2025-09-03,1784.15185546875,1784.15185546875,1801.5472412109373,1678.0875244140625,1749.475341796875,89011439
2025-09-04,1747.0318603515625,1747.0318603515625,1805.7210693359373,1731.31396484375,1784.1123046875,135043271
2025-09-05,1802.819580078125,1802.819580078125,1845.982666015625,1704.3209228515625,1747.1427001953125,126251159
2025-09-06,1709.3883056640625,1709.3883056640625,1824.5318603515625,1708.8895263671875,1802.8248291015625,70256138
2025-09-07,1702.4228515625,1702.4228515625,1741.31640625,1679.958984375,1709.3878173828125,52864640
2025-09-08,1667.9046630859375,1667.9046630859375,1763.7518310546875,1622.4091796875,1702.38134765625,70489552
2025-09-09,1669.8060302734375,1669.8060302734375,1846.46630859375,1651.7646484375,1667.902587890625,71214957
2025-09-10,1726.7010498046875,1726.7010498046875,1789.2913818359375,1654.5574951171875,1669.834228515625,54848505
2025-09-11,1722.87646484375,1722.87646484375,1795.2503662109375,1705.63330078125,1726.6669921875,39565906
2025-09-12,1755.4815673828125,1755.4815673828125,1776.520263671875,1721.6162109375,1722.614501953125,22729394
2025-09-13,1789.7415771484375,1789.7415771484375,1840.0133056640625,1754.0069580078125,1755.3424072265625,22686668
2025-09-14,1800.2490234375,1800.2490234375,1919.070068359375,1769.7823486328125,1789.698486328125,20458370
2025-09-15,1782.5460205078125,1782.5460205078125,1816.3453369140625,1776.9996337890625,1800.27490234375,8182105
2025-09-16,1777.2801513671875,1777.2801513671875,1814.3431396484373,1758.84423828125,1782.529052734375,5839513
2025-09-17,1814.4794921875,1814.4794921875,1853.7222900390625,1760.9560546875,1777.2801513671875,14655529
2025-09-18,1833.748291015625,1833.748291015625,1840.0574951171875,1794.0638427734375,1814.4794921875,5929234
2025-09-19,1831.41552734375,1831.41552734375,1840.2772216796875,1775.21337890625,1833.748291015625,5428807
2025-09-20,1668.95751953125,1668.95751953125,1842.546142578125,1650.77001953125,1831.41552734375,4244459
2025-09-21,1811.133544921875,1811.133544921875,1821.396484375,1663.7059326171875,1668.95751953125,5417017
2025-09-22,1630.4246826171875,1630.4246826171875,1829.1444091796875,1585.9949951171875,1811.133544921875,8083796
2025-09-23,1775.4871826171875,1775.4871826171875,1779.548095703125,1581.111328125,1630.4246826171875,5878413
2025-09-24,1812.8548583984373,1812.8548583984373,1838.760009765625,1625.870361328125,1775.408447265625,4342890
2025-09-25,1789.5267333984375,1789.5267333984375,1823.17822265625,1568.03759765625,1812.8548583984373,4298828
2025-09-26,1815.0526123046875,1815.0526123046875,1866.927490234375,1601.945556640625,1789.5267333984375,4268161
2025-09-27,1849.1583251953125,1849.1583251953125,1852.527099609375,1812.28955078125,1814.8677978515625,3528149
2025-09-28,1831.431640625,1831.431640625,1875.0916748046875,1642.4119873046875,1849.1583251953125,4012447
2025-09-29,1817.2978515625,1817.2978515625,1877.1953125,1607.68310546875,1831.431640625,3951832
2025-09-30,1666.2705078125,1666.2705078125,1847.0845947265625,1661.8502197265625,1817.2978515625,3784080
2025-10-01,1818.2403564453125,1818.2403564453125,1848.894775390625,1665.22412109375,1666.2705078125,4770962
2025-10-02,1831.712890625,1831.712890625,1841.2518310546875,1687.314697265625,1818.2403564453125,4096314
2025-10-03,1838.1607666015625,1838.1607666015625,1850.0833740234373,1665.850830078125,1831.712890625,3983552
2025-10-04,1852.3450927734373,1852.3450927734373,1852.4776611328125,1666.181396484375,1838.1607666015625,3563051
2025-10-05,1834.548095703125,1834.548095703125,1868.4962158203125,1634.8929443359375,1852.3450927734373,3850684
2025-10-06,1858.7718505859373,1858.7718505859373,1878.75,1638.033203125,1834.548095703125,3627086
2025-10-07,1814.6683349609373,1814.6683349609373,1868.5191650390625,1697.821533203125,1858.7718505859373,4186544
2025-10-08,1860.2760009765625,1860.2760009765625,1860.3016357421875,1605.6087646484375,1814.6683349609373,3547825
2025-10-09,1852.7977294921875,1852.7977294921875,1862.045654296875,1843.648681640625,1860.2760009765625,3526207
2025-10-10,1676.681640625,1676.681640625,1874.049560546875,1511.1124267578125,1852.7977294921875,5843048
2025-10-11,1740.338134765625,1740.338134765625,1740.6571044921875,1428.4488525390625,1679.7572021484375,4212624
2025-10-12,1815.014404296875,1815.014404296875,1821.6124267578125,1557.24560546875,1740.3779296875,3874408
2025-10-13,1840.40576171875,1840.40576171875,1846.8814697265625,1569.54052734375,1815.014404296875,3617353
2025-10-14,1835.444091796875,1835.444091796875,1861.570068359375,1448.546142578125,1840.440185546875,3504216
2025-10-15,1770.729248046875,1770.729248046875,1846.03466796875,1495.7496337890625,1835.444091796875,4006845
2025-10-16,1830.7901611328125,1830.7901611328125,1847.9674072265625,1550.4119873046875,1770.729248046875,3499461
2025-10-17,1775.381591796875,1775.381591796875,1881.507080078125,1763.4791259765625,1830.7900390625,3917216
2025-10-18,1846.4747314453125,1846.4747314453125,1846.9915771484373,1772.096923828125,1775.381591796875,3385749
2025-10-19,1845.1971435546875,1845.1971435546875,1869.8309326171875,1844.939697265625,1846.4747314453125,3383254
2025-10-20,1827.0233154296875,1827.0233154296875,1845.1971435546875,1821.052001953125,1845.1971435546875,3447357
2025-10-21,1720.7354736328125,1720.7354736328125,1832.181884765625,1491.62060546875,1827.057373046875,6700630
2025-10-22,1831.7138671875,1831.7138671875,1835.9102783203125,1613.81787109375,1713.7501220703125,5017155
2025-10-23,1807.3251953125,1807.3251953125,1864.6839599609373,1548.2144775390625,1831.7138671875,3663620
2025-10-24,1827.1060791015625,1827.1060791015625,1871.2081298828125,1442.8092041015625,1807.3251953125,3469069
2025-10-25,1875.812255859375,1875.812255859375,1880.7899169921875,1826.1575927734373,1827.1060791015625,3228615
2025-10-26,1814.4171142578125,1814.4171142578125,1875.9813232421875,1813.9951171875,1875.812255859375,3343191
2025-10-27,1780.635009765625,1780.635009765625,1846.2608642578125,1470.547119140625,1814.4171142578125,3594625
2025-10-28,1777.3780517578125,1777.3780517578125,1860.5631103515625,1772.55029296875,1780.635009765625,3668945
2025-10-29,1832.51904296875,1832.51904296875,1851.769287109375,1774.8907470703125,1777.5372314453125,3228042
2025-10-30,1826.7406005859373,1826.7406005859373,1858.2529296875,1376.026611328125,1832.5546875,3213303
2025-10-31,1707.6942138671875,1707.6942138671875,1854.9725341796875,1707.675537109375,1826.7406005859373,3930671
2025-11-01,1854.624755859375,1854.624755859375,1855.3597412109373,1698.554931640625,1707.6942138671875,3199461
2025-11-02,1787.2657470703125,1787.2657470703125,1862.57177734375,1778.2423095703125,1854.624755859375,3342952
2025-11-03,1724.328857421875,1724.328857421875,1804.3778076171875,1696.5577392578125,1787.2657470703125,3825001
2025-11-04,1629.1929931640625,1629.1929931640625,1738.1044921875,1573.0906982421875,1724.328857421875,4527600
2025-11-05,1703.833251953125,1703.833251953125,1707.2640380859375,1563.1939697265625,1629.2003173828125,3586400
2025-11-06,1743.595703125,1743.595703125,1899.28466796875,1699.9888916015625,1703.833251953125,3367203
2025-11-07,1757.9010009765625,1757.9010009765625,1899.455810546875,1713.92333984375,1743.595703125,3534050
2025-11-08,1825.4703369140625,1825.4703369140625,1826.354248046875,1756.544677734375,1757.9010009765625,3070937
2025-11-09,1855.5557861328125,1855.5557861328125,1862.740478515625,1825.4700927734373,1825.4703369140625,3016831
2025-11-10,1836.4368896484373,1836.4368896484373,1857.81689453125,1836.30712890625,1855.5557861328125,3151279
2025-11-11,1798.1783447265625,1798.1783447265625,1897.3223876953125,1781.805419921875,1836.4130859375,3225540
2025-11-12,1722.6805419921875,1722.6805419921875,1841.5479736328125,1399.219970703125,1798.1783447265625,3942531
2025-11-13,1744.6717529296875,1744.6717529296875,1789.2337646484375,1686.2740478515625,1722.681396484375,3609712
2025-11-14,1743.5452880859375,1743.5452880859375,1795.3524169921875,1735.1884765625,1744.6724853515625,3423719
2025-11-15,1842.483642578125,1842.483642578125,1843.7430419921875,1736.6729736328125,1743.5452880859375,3024620
2025-11-16,1814.076171875,1814.076171875,1861.358642578125,1811.80126953125,1842.483642578125,3116809
2025-11-17,1770.461669921875,1770.461669921875,1898.73828125,1770.461669921875,1814.076171875,3238018
2025-11-18,1764.552734375,1764.552734375,1794.1292724609375,1727.343994140625,1770.461669921875,3286751
2025-11-19,1800.21728515625,1800.21728515625,1832.649169921875,1764.552734375,1764.552734375,3134331
2025-11-20,1770.924560546875,1770.924560546875,1825.3763427734373,1770.924560546875,1799.753173828125,3215744
2025-11-21,1626.4329833984375,1626.4329833984375,1771.8558349609375,1624.357421875,1770.924560546875,4436453
2025-11-22,1356.780517578125,1356.780517578125,1812.1651611328125,1263.57373046875,1626.4329833984375,5143022
2025-11-23,1708.1322021484375,1708.1322021484375,1771.1416015625,1356.780517578125,1356.780517578125,3273489
2025-11-24,1494.857177734375,1494.857177734375,1762.9033203125,1469.3328857421875,1708.1322021484375,4210298
2025-11-25,1755.3402099609375,1755.3402099609375,1800.933837890625,1494.8021240234375,1494.857177734375,3317995
2025-11-26,1683.167724609375,1683.167724609375,1772.0157470703125,1616.521728515625,1755.3402099609375,3537880
2025-11-27,1759.07177734375,1759.07177734375,1765.243896484375,1650.7528076171875,1683.167724609375,3281326
2025-11-28,1705.5693359375,1705.5693359375,1802.2646484375,1705.5693359375,1759.07177734375,3572913
2025-11-29,1738.173583984375,1738.173583984375,1768.4920654296875,1705.5693359375,1705.5693359375,3465038
2025-11-30,1786.5989990234375,1786.5989990234375,1894.27294921875,1720.7137451171875,1737.49853515625,3247222
2025-12-01,1772.4783935546875,1772.4783935546875,1900.361083984375,1731.618408203125,1786.5989990234375,3320723
2025-12-02,1780.6871337890625,1780.6871337890625,1900.1588134765625,1772.4764404296875,1772.4783935546875,3432166
2025-12-03,1768.9996337890625,1768.9996337890625,1900.4697265625,1732.9888916015625,1780.6871337890625,3519669
2025-12-04,1833.6490478515625,1833.6490478515625,1846.2525634765625,1765.7972412109375,1768.9996337890625,3112784
2025-12-05,1806.5250244140625,1806.5250244140625,1845.494140625,1796.7332763671875,1833.6490478515625,3156537
2025-12-06,1838.0640869140625,1838.0640869140625,1853.3699951171875,1806.5250244140625,1806.5250244140625,3058248
2025-12-07,1837.3203125,1837.3203125,1848.448486328125,1827.6932373046875,1838.0640869140625,3074168
2025-12-08,1865.1688232421875,1865.1688232421875,1865.7130126953125,1837.257080078125,1837.3203125,2940983
2025-12-09,1820.0487060546875,1820.0487060546875,1866.051025390625,1819.8341064453125,1865.1688232421875,3154438
2025-12-10,1849.398193359375,1849.398193359375,1859.771484375,1819.675048828125,1820.0487060546875,3072642
2025-12-11,1862.1287841796875,1862.1287841796875,1863.662353515625,1838.1466064453125,1849.407958984375,2983941
2025-12-12,1807.9525146484373,1807.9525146484373,1886.606689453125,1806.784912109375,1862.1287841796875,3266306
2025-12-13,1858.3076171875,1858.3076171875,1873.451171875,1802.4420166015625,1807.9525146484373,3042555
2025-12-14,1806.5208740234373,1806.5208740234373,1874.847900390625,1386.59228515625,1858.3076171875,3291416
2025-12-15,1784.7662353515625,1784.7662353515625,1825.751220703125,1359.068115234375,1806.5208740234373,3426466
2025-12-16,1860.1513671875,1860.1513671875,1872.01025390625,1784.7662353515625,1784.7662353515625,3014992
2025-12-17,1338.8875732421875,1338.8875732421875,1864.6658935546875,1318.2275390625,1860.1513671875,416016
2025-12-18,1340.966064453125,1340.966064453125,1409.7708740234375,1338.3868408203125,1338.8875732421875,353931
2025-12-19,1402.8865966796875,1402.8865966796875,1426.23779296875,1331.1695556640625,1340.966064453125,359327
2025-12-20,1483.4541015625,1483.4541015625,1490.8902587890625,1402.7503662109375,1402.8865966796875,329333
2025-12-21,1536.6259765625,1536.6259765625,1545.963134765625,1469.11279296875,1483.4541015625,423152
2025-12-22,1566.9334716796875,1566.9334716796875,1611.7003173828125,1537.4813232421875,1540.8055419921875,725976
2025-12-23,1511.226318359375,1511.226318359375,1579.7396240234375,1481.5701904296875,1566.9334716796875,393199
2025-12-24,1583.69287109375,1583.69287109375,1597.6243896484375,1509.03369140625,1511.226318359375,755665
2025-12-25,1596.541748046875,1596.541748046875,1616.315185546875,1545.180908203125,1583.69287109375,548311
2025-12-26,1457.008056640625,1457.008056640625,1621.462890625,1445.62255859375,1598.3541259765625,888090
2025-12-27,1460.755615234375,1460.755615234375,1481.4478759765625,1436.6658935546875,1457.528076171875,486609
2025-12-28,1503.1439208984375,1503.1439208984375,1516.8316650390625,1459.3101806640625,1460.1082763671875,206738
2025-12-29,1441.6224365234375,1441.6224365234375,1531.1746826171875,1438.5184326171875,1503.1439208984375,574069
2025-12-30,1418.3944091796875,1418.3944091796875,1456.344482421875,1413.9217529296875,1441.6224365234375,452255
2025-12-31,1347.1397705078125,1347.1397705078125,1418.6917724609375,1342.356201171875,1418.3944091796875,1592931
2026-01-01,1423.89697265625,1423.89697265625,1424.9307861328125,1346.14208984375,1347.1397705078125,189000
2026-01-02,1485.4571533203125,1485.4571533203125,1491.429443359375,1418.9462890625,1424.6776123046875,383529
2026-01-03,1455.446533203125,1455.446533203125,1494.7882080078125,1402.4864501953125,1485.4571533203125,314579
2026-01-04,1457.830322265625,1457.830322265625,1492.4849853515625,1445.912841796875,1455.446533203125,239235
2026-01-05,1514.1470947265625,1514.1470947265625,1517.981201171875,1457.8109130859375,1457.830322265625,323270
2026-01-06,1496.6763916015625,1496.6763916015625,1514.1470947265625,1472.4788818359375,1514.1470947265625,322127
2026-01-07,1442.0345458984375,1442.0345458984375,1504.3587646484375,1430.3182373046875,1496.6763916015625,267469
2026-01-08,1338.3397216796875,1338.3397216796875,1459.7677001953125,1319.082275390625,1442.0345458984375,731959
2026-01-09,1305.1607666015625,1305.1607666015625,1375.9560546875,1288.1026611328125,1338.3397216796875,694465
2026-01-10,1381.40234375,1381.40234375,1383.8177490234375,1296.7796630859375,1305.1607666015625,210830
2026-01-11,1379.4876708984375,1379.4876708984375,1408.4248046875,1346.356201171875,1381.4801025390625,290473
2026-01-12,1302.0528564453125,1302.0528564453125,1402.8740234375,1259.1541748046875,1379.4876708984375,239351
2026-01-13,1402.7164306640625,1402.7164306640625,1448.8641357421875,1302.0523681640625,1302.0528564453125,230181
2026-01-14,1422.2432861328125,1422.2432861328125,1426.6129150390625,1398.9908447265625,1402.7164306640625,42524
2026-01-15,1405.9912109375,1405.9912109375,1455.1510009765625,1395.345703125,1422.2432861328125,62703
2026-01-16,1525.5980224609375,1525.5980224609375,1527.172119140625,1405.900390625,1405.9912109375,98368
2026-01-17,1511.2935791015625,1511.2935791015625,1529.030517578125,1499.5810546875,1525.5980224609375,19700
2026-01-18,1501.864013671875,1501.864013671875,1530.4337158203125,1501.864013671875,1511.2935791015625,58199
2026-01-19,1510.961669921875,1510.961669921875,1569.2576904296875,1475.1705322265625,1501.872802734375,225325
2026-01-20,1476.564208984375,1476.564208984375,1523.339599609375,1455.2432861328125,1510.961669921875,125521
2026-01-21,1527.4521484375,1527.4521484375,1531.9942626953125,1442.4658203125,1476.564208984375,82291
2026-01-22,1574.6842041015625,1574.6842041015625,1611.46337890625,1520.2989501953125,1527.4521484375,319659
2026-01-23,1569.897705078125,1569.897705078125,1593.3446044921875,1534.95361328125,1580.9266357421875,11229
2026-01-24,1566.0738525390625,1566.0738525390625,1577.1507568359375,1553.6641845703125,1569.897705078125,84436
2026-01-25,1507.3870849609375,1507.3870849609375,1596.2608642578125,1502.6383056640625,1566.0738525390625,77606
2026-01-26,1538.2752685546875,1538.2752685546875,1564.3896484375,1507.40478515625,1507.408447265625,159203
2026-01-27,1499.2789306640625,1499.2789306640625,1538.297607421875,1474.6270751953125,1538.2752685546875,81652
2026-01-28,1576.1363525390625,1576.1363525390625,1576.1444091796875,1499.27880859375,1499.2789306640625,116738
2026-01-29,1531.272705078125,1531.272705078125,1576.6075439453125,1493.5794677734375,1576.6075439453125,265747
2026-01-30,1510.8721923828125,1510.8721923828125,1538.2489013671875,1500.35205078125,1531.272705078125,90357
2026-01-31,1433.3853759765625,1433.3853759765625,1529.6236572265625,1376.2744140625,1510.8721923828125,324236
2026-02-01,1431.697509765625,1431.697509765625,1458.695556640625,1411.00341796875,1433.3853759765625,175733
2026-02-02,1472.9110107421875,1472.9110107421875,1479.7122802734375,1395.1138916015625,1431.697509765625,16706
2026-02-03,1437.1326904296875,1437.1326904296875,1478.1181640625,1383.03857421875,1472.9110107421875,152609
2026-02-04,1436.6251220703125,1436.6251220703125,1484.03515625,1405.69921875,1437.1326904296875,57197
2026-02-05,1313.8179931640625,1313.8179931640625,1444.391357421875,1313.8179931640625,1436.6251220703125,475765
2026-02-06,1502.0933837890625,1502.0933837890625,1525.906494140625,1286.583984375,1308.57080078125,294636
2026-02-07,1535.8448486328125,1535.8448486328125,1535.85498046875,1470.49658203125,1502.0933837890625,12571
2026-02-08,1585.0037841796875,1585.0037841796875,1620.319580078125,1519.375,1535.8448486328125,118159
2026-02-09,1642.7698974609375,1642.7698974609375,1804.684814453125,1529.764892578125,1585.0037841796875,154419
2026-02-10,1629.933837890625,1629.933837890625,1780.70361328125,1605.9871826171875,1642.7698974609375,178916
2026-02-11,1554.4674072265625,1554.4674072265625,1629.9354248046875,1508.8726806640625,1629.933837890625,121646
2026-02-12,1574.110595703125,1574.110595703125,1582.4420166015625,1546.9022216796875,1554.4674072265625,74487
2026-02-13,1632.8701171875,1632.8701171875,1729.68408203125,1558.93017578125,1574.1678466796875,117531
2026-02-14,1660.533203125,1660.533203125,1813.0888671875,1602.542724609375,1632.8701171875,45908
2026-02-15,1558.8505859375,1558.8505859375,1813.3284912109373,1546.7369384765625,1660.533203125,144506
2026-02-16,1586.0811767578125,1586.0811767578125,1622.33935546875,1558.850341796875,1558.8505859375,75621
2026-02-17,1517.635498046875,1517.635498046875,1621.8740234375,1517.23779296875,1586.0811767578125,189201
2026-02-18,1558.9310302734375,1558.9310302734375,1575.211181640625,1448.181396484375,1517.5487060546875,145259
2026-02-19,1518.9718017578125,1518.9718017578125,1568.01513671875,1488.606201171875,1557.4241943359375,13187
2026-02-20,1535.010986328125,1535.010986328125,1535.010986328125,1484.96826171875,1518.9718017578125,65490
2026-02-21,1529.4127197265625,1529.4127197265625,1542.6826171875,1523.8048095703125,1535.60986328125,12628
2026-02-22,1521.9525146484375,1521.9525146484375,1542.3052978515625,1521.536865234375,1529.4127197265625,30807
2026-02-23,1480.2947998046875,1480.2947998046875,1521.9525146484375,1452.015625,1521.9525146484375,60922
2026-02-24,1553.7513427734375,1553.7513427734375,1554.3785400390625,1469.044189453125,1480.2947998046875,83401
2026-02-25,1646.242431640625,1646.242431640625,1778.83203125,1538.4713134765625,1553.7513427734375,162317
2026-02-26,1642.97314453125,1642.97314453125,1813.922119140625,1615.314453125,1646.242431640625,104281
2026-02-27,1577.996826171875,1577.996826171875,1813.8702392578125,1575.970458984375,1642.97314453125,34618
2026-02-28,1597.659423828125,1597.659423828125,1604.829833984375,1526.7476806640625,1577.996826171875,36408
2026-03-01,1566.4093017578125,1566.4093017578125,1813.98681640625,1556.638671875,1597.659423828125,102183
2026-03-02,1663.66357421875,1663.66357421875,1796.501220703125,1535.6011962890625,1566.4093017578125,138841
2026-03-03,1676.65380859375,1676.65380859375,1796.6092529296875,1616.331787109375,1663.66357421875,75237
2026-03-04,1802.8028564453125,1802.8028564453125,1825.482666015625,1670.3013916015625,1676.65380859375,220794
2026-03-05,1817.0828857421875,1817.0828857421875,1841.616943359375,1797.395263671875,1802.8028564453125,13138
2026-03-06,1686.77099609375,1686.77099609375,1817.0828857421875,1686.77099609375,1817.0828857421875,108983
2026-03-07,1690.3011474609375,1690.3011474609375,1813.65771484375,1659.2030029296875,1686.77099609375,137923
2026-03-08,1720.08642578125,1720.08642578125,1808.9388427734375,1681.232421875,1690.3011474609375,72094
2026-03-09,1773.262939453125,1773.262939453125,1813.8731689453125,1715.6473388671875,1720.08642578125,119555
2026-03-10,1841.4822998046875,1841.4822998046875,1901.064208984375,1773.1090087890625,1773.262939453125,304746
2026-03-11,1870.1007080078125,1870.1007080078125,1872.84619140625,1721.5299072265625,1841.4822998046875,285373
2026-03-12,1919.6812744140625,1919.6812744140625,1927.0936279296875,1813.6263427734375,1870.1007080078125,123609
2026-03-13,1821.6767578125,1821.6767578125,2010.1983642578125,1821.0677490234375,1919.6812744140625,226351
2026-03-14,1866.2935791015625,1866.2935791015625,1873.947265625,1820.699951171875,1821.6767578125,80414
