Date,Adj Close,Close,High,Low,Open,Volume
2021-03-16,23.35226821899414,27.88999938964844,28.450000762939453,27.8700008392334,28.34000015258789,4547300
2021-03-17,22.481481552124023,26.850000381469727,27.790000915527344,26.3700008392334,27.790000915527344,11942900
2021-03-18,21.769773483276367,26.0,26.979999542236328,25.979999542236328,26.850000381469727,8796100
2021-03-19,22.02933883666992,26.309999465942383,26.549999237060547,25.89999961853028,26.01000022888184,11160700
2021-03-22,21.73628044128418,25.959999084472656,26.459999084472656,25.88999938964844,26.3700008392334,7979800
2021-03-23,21.418109893798828,25.57999992370605,26.020000457763672,25.40999984741211,25.96999931335449,6874200
2021-03-24,21.47671699523925,25.64999961853028,26.40999984741211,25.559999465942383,25.559999465942383,5497100
2021-03-25,21.870250701904297,26.1200008392334,26.25,25.170000076293945,25.3799991607666,5455900
2021-03-26,22.037710189819336,26.31999969482422,26.3799991607666,25.89999961853028,26.170000076293945,5056700
2021-03-29,21.82838249206543,26.06999969482422,26.31999969482422,25.979999542236328,26.190000534057617,3794900
2021-03-30,22.5065975189209,26.8799991607666,26.8799991607666,26.049999237060547,26.11000061035156,4603100
2021-03-31,22.447982788085938,26.809999465942383,27.309999465942383,26.770000457763672,27.07999992370605,5728000
2021-04-01,22.66568183898925,27.06999969482422,27.31999969482422,26.89999961853028,27.040000915527344,6138300
2021-04-05,22.891752243041992,27.34000015258789,27.530000686645508,26.959999084472656,27.43000030517578,6462500
2021-04-06,23.293657302856445,27.81999969482422,28.020000457763672,27.1299991607666,27.26000022888184,5735800
2021-04-07,22.68242835998535,27.09000015258789,27.86000061035156,26.920000076293945,27.790000915527344,6073200
2021-04-08,23.176433563232425,27.68000030517578,27.75,27.26000022888184,27.26000022888184,4565800
2021-04-09,23.20992851257324,27.71999931335449,27.780000686645508,26.950000762939453,27.5,5970800
2021-04-12,23.176433563232425,27.68000030517578,27.850000381469727,27.549999237060547,27.690000534057617,3761100
2021-04-13,23.645326614379883,28.239999771118164,28.270000457763672,27.46999931335449,27.729999542236328,4947500
2021-04-14,23.75417137145996,28.3700008392334,28.59000015258789,28.1200008392334,28.1299991607666,3954600
2021-04-15,23.888139724731445,28.530000686645508,28.709999084472656,28.36000061035156,28.5,4727800
2021-04-16,23.97186851501465,28.6299991607666,28.850000381469727,28.51000022888184,28.780000686645508,5055200
2021-04-19,23.729053497314453,28.34000015258789,28.700000762939453,28.09000015258789,28.56999969482422,5036800
2021-04-20,23.65369987487793,28.25,28.549999237060547,28.030000686645508,28.209999084472656,5736900
2021-04-21,23.77092170715332,28.38999938964844,28.43000030517578,27.84000015258789,28.030000686645508,3878000
2021-04-22,23.71230697631836,28.31999969482422,28.86000061035156,28.299999237060547,28.670000076293945,4960600
2021-04-23,23.695566177368164,28.299999237060547,28.5,28.170000076293945,28.229999542236328,3297100
2021-04-26,23.62020301818848,28.209999084472656,28.440000534057617,27.989999771118164,28.440000534057617,3420100
2021-04-27,23.27691078186035,27.799999237060547,28.290000915527344,27.709999084472656,28.270000457763672,2982300
2021-04-28,23.41925621032715,27.96999931335449,28.020000457763672,27.71999931335449,27.770000457763672,3352200
2021-04-29,23.48744201660156,27.89999961853028,28.309999465942383,27.780000686645508,27.96999931335449,5413800
2021-04-30,23.420095443725582,27.81999969482422,27.940000534057617,27.540000915527344,27.64999961853028,5369000
2021-05-03,23.02443122863769,27.350000381469727,28.07999992370605,27.34000015258789,28.0,5982100
2021-05-04,22.48564720153809,26.709999084472656,27.25,26.559999465942383,27.25,8082200
2021-05-05,22.283605575561523,26.46999931335449,27.18000030517578,26.299999237060547,26.89999961853028,8271700
2021-05-06,21.424924850463867,25.450000762939453,26.3700008392334,24.82999992370605,25.979999542236328,16043700
2021-05-07,21.711151123046875,25.790000915527344,26.0,24.93000030517578,25.56999969482422,10752300
2021-05-10,21.66063690185547,25.729999542236328,26.15999984741211,25.25,25.520000457763672,7076800
2021-05-11,21.332321166992188,25.34000015258789,25.459999084472656,24.90999984741211,25.280000686645508,5083900
2021-05-12,20.726198196411133,24.6200008392334,25.530000686645508,24.559999465942383,25.18000030517578,4838700
2021-05-13,20.574663162231445,24.440000534057617,25.040000915527344,24.1299991607666,24.82999992370605,5307700
2021-05-14,21.35758209228516,25.3700008392334,25.700000762939453,24.64999961853028,24.64999961853028,4893000
2021-05-17,21.18921089172364,25.170000076293945,25.43000030517578,24.8700008392334,25.13999938964844,5523100
2021-05-18,20.953489303588867,24.88999938964844,25.26000022888184,24.86000061035156,25.26000022888184,4574900
2021-05-19,20.99558448791504,24.940000534057617,24.96999931335449,24.34000015258789,24.51000022888184,7925100
2021-05-20,21.340740203857425,25.350000381469727,25.56999969482422,24.950000762939453,25.0,8464600
2021-05-21,21.349159240722656,25.36000061035156,25.690000534057617,25.26000022888184,25.489999771118164,7333900
2021-05-24,21.635387420654297,25.700000762939453,25.86000061035156,25.440000534057617,25.61000061035156,6359100
2021-05-25,21.332321166992188,25.34000015258789,25.850000381469727,25.280000686645508,25.850000381469727,7455900
2021-05-26,21.43334197998047,25.459999084472656,25.64999961853028,25.13999938964844,25.450000762939453,5827700
2021-05-27,21.332321166992188,25.34000015258789,25.65999984741211,25.31999969482422,25.6299991607666,5363900
2021-05-28,21.39124870300293,25.40999984741211,25.540000915527344,25.280000686645508,25.440000534057617,3574900
2021-06-01,21.576454162597656,25.6299991607666,25.799999237060547,25.420000076293945,25.56999969482422,4035200
2021-06-02,21.20604705810547,25.190000534057617,25.59000015258789,25.11000061035156,25.59000015258789,5187700
2021-06-03,21.105026245117188,25.06999969482422,25.34000015258789,24.68000030517578,24.940000534057617,3555000
2021-06-04,21.012422561645508,24.959999084472656,25.290000915527344,24.6299991607666,25.14999961853028,6034500
2021-06-07,21.315486907958984,25.31999969482422,25.34000015258789,24.920000076293945,25.14999961853028,3692600
2021-06-08,21.315486907958984,25.31999969482422,25.57999992370605,25.18000030517578,25.38999938964844,3198800
2021-06-09,21.21446228027344,25.200000762939453,25.5,25.170000076293945,25.450000762939453,3357200
2021-06-10,21.36599922180176,25.3799991607666,25.479999542236328,25.07999992370605,25.26000022888184,3485400
2021-06-11,21.78691673278809,25.8799991607666,25.89999961853028,25.459999084472656,25.540000915527344,3660800
2021-06-14,21.669057846069336,25.739999771118164,26.25,25.489999771118164,25.96999931335449,2618700
2021-06-15,21.938453674316406,26.059999465942383,26.290000915527344,25.670000076293945,25.809999465942383,4043100
2021-06-16,21.66063690185547,25.729999542236328,26.209999084472656,25.709999084472656,26.09000015258789,4970000
2021-06-17,21.94686508178711,26.06999969482422,26.13999938964844,25.46999931335449,25.65999984741211,4101000
2021-06-18,21.163951873779297,25.13999938964844,25.799999237060547,25.1200008392334,25.61000061035156,6538300
2021-06-21,22.01421356201172,26.14999961853028,26.209999084472656,25.25,25.38999938964844,4941300
2021-06-22,21.669057846069336,25.739999771118164,26.11000061035156,25.709999084472656,26.040000915527344,3566600
2021-06-23,21.77008438110352,25.86000061035156,26.059999465942383,25.63999938964844,25.809999465942383,3178200
2021-06-24,21.862680435180664,25.96999931335449,26.049999237060547,25.780000686645508,26.020000457763672,2949800
2021-06-25,22.073143005371094,26.21999931335449,26.26000022888184,26.01000022888184,26.030000686645508,3341300
2021-06-28,22.334115982055664,26.530000686645508,26.6299991607666,26.09000015258789,26.21999931335449,3359800
2021-06-29,22.19942283630371,26.3700008392334,27.0,26.350000381469727,26.489999771118164,4447600
2021-06-30,21.94686508178711,26.06999969482422,26.450000762939453,25.81999969482422,26.36000061035156,6329100
2021-07-01,22.165746688842773,26.32999992370605,26.450000762939453,26.09000015258789,26.32999992370605,4103100
2021-07-02,22.02263641357422,26.15999984741211,26.489999771118164,26.07999992370605,26.489999771118164,3312800
2021-07-06,21.88794136047364,26.0,26.280000686645508,25.68000030517578,26.239999771118164,3579200
2021-07-07,21.8795223236084,25.989999771118164,26.170000076293945,25.82999992370605,25.920000076293945,2948500
2021-07-08,21.45859909057617,25.489999771118164,25.93000030517578,25.1299991607666,25.540000915527344,5596600
2021-07-09,21.66063690185547,25.729999542236328,25.8700008392334,25.520000457763672,25.780000686645508,6073200
2021-07-12,21.845848083496094,25.950000762939453,25.96999931335449,25.39999961853028,25.65999984741211,6083600
2021-07-13,20.978748321533203,24.920000076293945,25.979999542236328,24.8799991607666,25.920000076293945,6107600
2021-07-14,21.004005432128903,24.950000762939453,25.39999961853028,24.940000534057617,25.020000457763672,3645300
2021-07-15,20.69252014160156,24.57999992370605,24.89999961853028,24.38999938964844,24.729999542236328,5489000
2021-07-16,20.5073184967041,24.36000061035156,24.82999992370605,24.209999084472656,24.670000076293945,6356800
2021-07-19,19.85067367553711,23.57999992370605,24.049999237060547,23.43000030517578,23.90999984741211,7643800
2021-07-20,20.28843879699707,24.100000381469727,24.280000686645508,23.61000061035156,23.670000076293945,6737400
2021-07-21,20.5073184967041,24.36000061035156,24.520000457763672,24.200000762939453,24.280000686645508,4619000
2021-07-22,20.221088409423828,24.020000457763672,24.489999771118164,23.940000534057617,24.479999542236328,5477000
2021-07-23,20.12006568908692,23.89999961853028,24.26000022888184,23.65999984741211,24.1299991607666,5729500
2021-07-26,20.204252243041992,24.0,24.18000030517578,23.84000015258789,23.90999984741211,4904300
2021-07-27,20.46522331237793,24.309999465942383,24.309999465942383,23.68000030517578,23.8700008392334,5488400
2021-07-28,20.38945960998535,24.21999931335449,24.489999771118164,24.020000457763672,24.450000762939453,2984300
2021-07-29,20.431549072265625,24.270000457763672,24.46999931335449,24.209999084472656,24.34000015258789,3328000
2021-07-30,20.076610565185547,23.700000762939453,24.21999931335449,23.64999961853028,23.88999938964844,5208900
2021-08-02,19.96648406982422,23.56999969482422,23.920000076293945,23.520000457763672,23.920000076293945,5567500
2021-08-03,20.262969970703125,23.920000076293945,24.1200008392334,23.520000457763672,23.64999961853028,10843600
2021-08-04,20.025779724121094,23.63999938964844,23.89999961853028,23.450000762939453,23.739999771118164,4894500
2021-08-05,21.050785064697266,24.850000381469727,25.26000022888184,23.82999992370605,24.299999237060547,10640800
2021-08-06,20.839012145996094,24.600000381469727,25.479999542236328,24.559999465942383,25.1299991607666,7489800
2021-08-09,20.474754333496094,24.170000076293945,24.59000015258789,24.15999984741211,24.549999237060547,5950600
2021-08-10,20.61876106262207,24.34000015258789,24.739999771118164,24.100000381469727,24.209999084472656,4612800
2021-08-11,21.08467483520508,24.88999938964844,24.93000030517578,24.3700008392334,24.3700008392334,4700600
2021-08-12,21.271039962768555,25.11000061035156,25.200000762939453,24.780000686645508,24.780000686645508,4353900
2021-08-13,20.999961853027344,24.790000915527344,25.190000534057617,24.75,25.0,3286100
2021-08-16,20.635704040527344,24.36000061035156,24.780000686645508,24.36000061035156,24.65999984741211,2679900
2021-08-17,20.406982421875,24.09000015258789,24.239999771118164,23.739999771118164,24.18000030517578,3452300
2021-08-18,20.12743377685547,23.76000022888184,24.200000762939453,23.739999771118164,24.15999984741211,4970600
2021-08-19,20.025779724121094,23.63999938964844,23.940000534057617,23.520000457763672,23.600000381469727,5192600
2021-08-20,20.6018180847168,24.31999969482422,24.36000061035156,23.530000686645508,23.57999992370605,5292600
2021-08-23,20.542526245117188,24.25,24.479999542236328,24.0,24.39999961853028,5704300
2021-08-24,20.500164031982425,24.200000762939453,24.43000030517578,24.020000457763672,24.43000030517578,5848600
2021-08-25,20.55099296569824,24.26000022888184,24.520000457763672,24.07999992370605,24.18000030517578,6158300
2021-08-26,20.22061920166016,23.8700008392334,24.26000022888184,23.86000061035156,24.200000762939453,3919800
2021-08-27,20.491697311401367,24.190000534057617,24.190000534057617,23.709999084472656,23.76000022888184,4578700
2021-08-30,20.41545295715332,24.100000381469727,24.32999992370605,24.07999992370605,24.299999237060547,2120000
2021-08-31,20.22061920166016,23.8700008392334,24.229999542236328,23.770000457763672,24.15999984741211,6436300
2021-09-01,20.43239974975586,24.1200008392334,24.440000534057617,24.030000686645508,24.07999992370605,3941600
2021-09-02,20.77971649169922,24.530000686645508,24.540000915527344,24.11000061035156,24.1299991607666,3283600
2021-09-03,20.872896194458008,24.63999938964844,24.729999542236328,24.39999961853028,24.479999542236328,7178600
2021-09-07,20.711944580078125,24.450000762939453,24.59000015258789,24.280000686645508,24.46999931335449,7112100
2021-09-08,20.45781135559082,24.14999961853028,24.559999465942383,24.1200008392334,24.440000534057617,4804900
2021-09-09,20.38157081604004,24.059999465942383,24.290000915527344,23.989999771118164,24.190000534057617,4377700
2021-09-10,20.13590431213379,23.770000457763672,24.190000534057617,23.76000022888184,24.170000076293945,3686800
2021-09-13,20.22061920166016,23.8700008392334,24.040000915527344,23.709999084472656,24.0,5941400
2021-09-14,20.178260803222656,23.81999969482422,24.13999938964844,23.700000762939453,24.030000686645508,4703200
2021-09-15,20.423927307128903,24.11000061035156,24.18000030517578,23.65999984741211,23.780000686645508,4909500
2021-09-16,20.56793594360352,24.280000686645508,24.36000061035156,24.01000022888184,24.14999961853028,5230700
2021-09-17,20.839012145996094,24.600000381469727,24.850000381469727,24.479999542236328,24.520000457763672,10357800
2021-09-20,20.262969970703125,23.920000076293945,24.43000030517578,23.530000686645508,24.200000762939453,5734000
2021-09-21,20.262969970703125,23.920000076293945,24.15999984741211,23.850000381469727,24.06999969482422,4272000
2021-09-22,20.05119514465332,23.670000076293945,24.170000076293945,23.6200008392334,24.030000686645508,3426600
2021-09-23,19.94106674194336,23.540000915527344,24.059999465942383,23.46999931335449,23.82999992370605,3411200
2021-09-24,19.856353759765625,23.440000534057617,23.690000534057617,23.3700008392334,23.540000915527344,5970300
2021-09-27,19.864830017089844,23.450000762939453,23.93000030517578,23.32999992370605,23.36000061035156,3741900
2021-09-28,19.534454345703125,23.059999465942383,23.729999542236328,23.030000686645508,23.520000457763672,5135500
2021-09-29,19.432804107666016,22.940000534057617,23.15999984741211,22.82999992370605,23.1299991607666,3551000
2021-09-30,19.33962059020996,22.82999992370605,23.030000686645508,22.600000381469727,22.989999771118164,5642000
2021-10-01,19.39891624450684,22.89999961853028,23.209999084472656,22.709999084472656,23.040000915527344,4779600
2021-10-04,19.34808921813965,22.84000015258789,23.01000022888184,22.670000076293945,22.809999465942383,4485700
2021-10-05,19.805530548095703,23.3799991607666,23.440000534057617,22.700000762939453,22.93000030517578,5162200
2021-10-06,19.839414596557617,23.420000076293945,23.440000534057617,22.82999992370605,23.15999984741211,4515300
2021-10-07,20.406982421875,24.09000015258789,24.34000015258789,23.43000030517578,23.51000022888184,10589200
2021-10-08,20.39004135131836,24.06999969482422,24.459999084472656,23.920000076293945,24.049999237060547,9921100
2021-10-11,20.33074188232422,24.0,24.190000534057617,23.84000015258789,24.020000457763672,7662500
2021-10-12,20.347686767578125,24.020000457763672,24.200000762939453,23.89999961853028,24.020000457763672,6733400
2021-10-13,20.28838539123535,23.950000762939453,24.21999931335449,23.81999969482422,24.09000015258789,5890200
2021-10-14,20.56793594360352,24.280000686645508,24.309999465942383,23.920000076293945,24.1299991607666,3200600
2021-10-15,20.67805862426757,24.40999984741211,24.65999984741211,24.309999465942383,24.489999771118164,3537800
2021-10-18,20.203676223754883,23.850000381469727,24.229999542236328,23.799999237060547,24.09000015258789,3269100
2021-10-19,20.45781135559082,24.14999961853028,24.290000915527344,23.920000076293945,24.040000915527344,3291600
2021-10-20,21.203271865844727,25.030000686645508,25.09000015258789,24.18000030517578,24.18000030517578,6982600
2021-10-21,20.999961853027344,24.790000915527344,25.040000915527344,24.540000915527344,24.920000076293945,4068600
2021-10-22,21.118558883666992,24.93000030517578,25.1299991607666,24.799999237060547,24.940000534057617,3740200
2021-10-25,21.32186317443848,25.170000076293945,25.26000022888184,24.84000015258789,24.8799991607666,3834200
2021-10-26,21.49129104614257,25.3700008392334,25.700000762939453,25.170000076293945,25.350000381469727,6284900
2021-10-27,21.73695373535156,25.65999984741211,25.90999984741211,25.34000015258789,25.40999984741211,5546200
2021-10-28,21.66071128845215,25.56999969482422,26.299999237060547,25.46999931335449,25.76000022888184,5746400
2021-10-29,21.287981033325195,25.1299991607666,25.559999465942383,24.93000030517578,25.43000030517578,5021400
2021-11-01,21.621206283569336,25.3700008392334,25.559999465942383,24.940000534057617,25.049999237060547,3070500
2021-11-02,21.621206283569336,25.3700008392334,25.489999771118164,25.1299991607666,25.3700008392334,4968700
2021-11-03,21.56155204772949,25.299999237060547,25.540000915527344,24.979999542236328,25.420000076293945,5918100
2021-11-04,21.40814781188965,25.1200008392334,25.950000762939453,24.71999931335449,25.850000381469727,5778400
2021-11-05,21.29735565185547,24.989999771118164,25.3799991607666,24.940000534057617,25.239999771118164,6858600
2021-11-08,20.376941680908203,23.90999984741211,25.100000381469727,23.770000457763672,25.01000022888184,7360300
2021-11-09,20.359901428222656,23.88999938964844,24.1299991607666,23.670000076293945,24.030000686645508,5107700
2021-11-10,20.538864135742188,24.100000381469727,24.25,23.81999969482422,23.81999969482422,3500000
2021-11-11,21.2036075592041,24.8799991607666,25.020000457763672,24.200000762939453,24.26000022888184,7503900
2021-11-12,21.067251205444336,24.71999931335449,24.86000061035156,24.3700008392334,24.84000015258789,4154500
2021-11-15,21.331443786621094,25.030000686645508,25.09000015258789,24.670000076293945,25.0,3207600
2021-11-16,21.35701370239257,25.059999465942383,25.06999969482422,24.739999771118164,25.0,2730000
2021-11-17,21.09281539916992,24.75,24.89999961853028,24.38999938964844,24.700000762939453,4116100
2021-11-18,20.85419273376465,24.46999931335449,24.82999992370605,24.1200008392334,24.709999084472656,2918700
2021-11-19,20.947938919067383,24.57999992370605,24.6299991607666,24.26000022888184,24.350000381469727,4313600
2021-11-22,21.25474166870117,24.940000534057617,25.14999961853028,24.520000457763672,24.690000534057617,4611800
2021-11-23,20.9735050201416,24.61000061035156,24.989999771118164,24.56999969482422,24.979999542236328,2536800
2021-11-24,21.067251205444336,24.71999931335449,24.920000076293945,24.26000022888184,24.530000686645508,4134900
2021-11-26,20.30876350402832,23.82999992370605,24.270000457763672,23.75,24.229999542236328,2500100
2021-11-29,20.129796981811523,23.6200008392334,24.11000061035156,23.540000915527344,24.100000381469727,4307000
2021-11-30,19.92525863647461,23.3799991607666,23.86000061035156,23.100000381469727,23.600000381469727,10330900
2021-12-01,20.09570503234864,23.57999992370605,24.459999084472656,23.530000686645508,23.71999931335449,9058000
2021-12-02,20.52182388305664,24.07999992370605,24.280000686645508,23.14999961853028,23.51000022888184,5494800
2021-12-03,20.24910545349121,23.76000022888184,24.34000015258789,23.540000915527344,24.200000762939453,6167800
2021-12-06,20.76045227050781,24.36000061035156,24.65999984741211,23.850000381469727,24.049999237060547,5585100
2021-12-07,21.152477264404297,24.81999969482422,25.040000915527344,24.56999969482422,24.6299991607666,3693500
2021-12-08,21.2036075592041,24.8799991607666,25.049999237060547,24.64999961853028,24.850000381469727,3044100
2021-12-09,20.92237091064453,24.549999237060547,24.979999542236328,24.530000686645508,24.8700008392334,4454000
2021-12-10,20.811580657958984,24.420000076293945,24.799999237060547,24.270000457763672,24.709999084472656,3414800
2021-12-13,20.385459899902344,23.920000076293945,24.350000381469727,23.780000686645508,24.350000381469727,5358800
2021-12-14,20.12127113342285,23.61000061035156,24.040000915527344,23.51000022888184,23.799999237060547,5302500
2021-12-15,20.564435958862305,24.1299991607666,24.15999984741211,23.489999771118164,23.549999237060547,3671000
2021-12-16,20.504777908325195,24.059999465942383,24.700000762939453,24.059999465942383,24.14999961853028,4556000
2021-12-17,20.53034400939941,24.09000015258789,24.309999465942383,23.59000015258789,23.8700008392334,6214300
2021-12-20,19.788894653320312,23.21999931335449,23.76000022888184,22.739999771118164,23.700000762939453,5578900
2021-12-21,20.206493377685547,23.709999084472656,24.0,23.3799991607666,23.40999984741211,4944800
2021-12-22,20.08718490600586,23.56999969482422,23.76000022888184,23.46999931335449,23.57999992370605,3587000
2021-12-23,20.07013320922852,23.549999237060547,23.729999542236328,23.51000022888184,23.65999984741211,3790700
2021-12-27,20.172407150268555,23.670000076293945,23.739999771118164,23.440000534057617,23.540000915527344,2798500
2021-12-28,20.23206329345703,23.739999771118164,24.01000022888184,23.64999961853028,23.75,1908700
2021-12-29,20.266149520874023,23.780000686645508,23.90999984741211,23.6200008392334,23.68000030517578,2611100
2021-12-30,20.598522186279297,24.170000076293945,24.290000915527344,23.81999969482422,23.89999961853028,3201700
2021-12-31,20.70931434631348,24.299999237060547,24.43000030517578,24.01000022888184,24.07999992370605,2491100
2022-01-03,20.777490615844727,24.3799991607666,24.700000762939453,24.040000915527344,24.40999984741211,2741200
2022-01-04,20.83715057373047,24.450000762939453,24.65999984741211,24.270000457763672,24.43000030517578,4105000
2022-01-05,19.882644653320312,23.32999992370605,24.479999542236328,23.31999969482422,24.350000381469727,6392500
2022-01-06,19.80595016479492,23.239999771118164,23.700000762939453,23.15999984741211,23.34000015258789,6035900
2022-01-07,19.68663215637207,23.100000381469727,23.46999931335449,22.979999542236328,23.239999771118164,4655400
2022-01-10,19.567325592041016,22.959999084472656,23.309999465942383,22.68000030517578,23.14999961853028,7277100
2022-01-11,19.891172409057617,23.34000015258789,23.38999938964844,23.0,23.0,3959500
2022-01-12,19.967872619628903,23.43000030517578,23.700000762939453,23.25,23.440000534057617,3596600
2022-01-13,19.83151054382324,23.270000457763672,23.68000030517578,23.21999931335449,23.440000534057617,3049000
2022-01-14,19.65254211425781,23.059999465942383,23.25,22.82999992370605,23.18000030517578,4467700
2022-01-18,19.251991271972656,22.59000015258789,22.950000762939453,22.459999084472656,22.799999237060547,4523800
2022-01-19,19.661062240600582,23.06999969482422,23.239999771118164,22.56999969482422,22.600000381469727,5725900
2022-01-20,19.933780670166016,23.38999938964844,24.049999237060547,23.200000762939453,23.26000022888184,7856900
2022-01-21,19.55879783630371,22.950000762939453,23.479999542236328,22.88999938964844,23.309999465942383,5997300
2022-01-24,19.251991271972656,22.59000015258789,22.6299991607666,21.540000915527344,22.5,10357800
2022-01-25,18.8940544128418,22.170000076293945,22.31999969482422,21.770000457763672,22.11000061035156,9369900
2022-01-26,19.10711097717285,22.420000076293945,23.07999992370605,22.190000534057617,22.540000915527344,7061000
2022-01-27,18.80883026123047,22.06999969482422,23.030000686645508,22.040000915527344,22.809999465942383,6652600
2022-01-28,18.87700462341309,22.14999961853028,22.170000076293945,21.6200008392334,21.89999961853028,4187800
2022-01-31,19.03838157653809,22.18000030517578,22.21999931335449,21.600000381469727,21.75,9913700
2022-02-01,19.021211624145508,22.15999984741211,22.31999969482422,21.90999984741211,22.21999931335449,6924800
2022-02-02,19.149965286254883,22.309999465942383,22.36000061035156,21.850000381469727,22.09000015258789,5703500
2022-02-03,18.677867889404297,21.76000022888184,22.26000022888184,21.709999084472656,22.040000915527344,5251400
2022-02-04,18.806623458862305,21.90999984741211,22.09000015258789,21.51000022888184,21.6299991607666,6201000
2022-02-07,18.712203979492188,21.799999237060547,22.06999969482422,21.600000381469727,21.86000061035156,5478400
2022-02-08,19.30447196960449,22.489999771118164,22.559999465942383,21.81999969482422,21.89999961853028,8517400
2022-02-09,19.725067138671875,22.979999542236328,23.06999969482422,22.71999931335449,22.770000457763672,4202100
2022-02-10,19.184303283691406,22.350000381469727,23.059999465942383,22.21999931335449,22.63999938964844,7026300
2022-02-11,18.49761199951172,21.549999237060547,22.6299991607666,21.520000457763672,22.350000381469727,8335400
2022-02-14,18.420360565185547,21.459999084472656,21.700000762939453,21.13999938964844,21.64999961853028,7996200
2022-02-15,18.50619506835937,21.559999465942383,21.8799991607666,21.520000457763672,21.75,6016400
2022-02-16,18.789457321166992,21.88999938964844,22.07999992370605,21.530000686645508,21.549999237060547,5071100
2022-02-17,18.428943634033203,21.46999931335449,21.81999969482422,21.32999992370605,21.76000022888184,4914400
2022-02-18,18.24869155883789,21.26000022888184,21.65999984741211,21.13999938964844,21.43000030517578,3115500
2022-02-22,18.03410148620605,21.01000022888184,21.34000015258789,20.780000686645508,21.229999542236328,5021200
2022-02-23,17.63925552368164,20.549999237060547,21.26000022888184,20.450000762939453,21.040000915527344,6087900
2022-02-24,17.956846237182617,20.920000076293945,21.030000686645508,19.76000022888184,20.030000686645508,10375600
2022-02-25,18.119935989379883,21.11000061035156,21.270000457763672,20.350000381469727,21.1200008392334,5580600
2022-02-28,18.222938537597656,21.229999542236328,21.51000022888184,20.88999938964844,21.0,8264600
2022-03-01,17.742259979248047,20.670000076293945,21.25,20.5,21.13999938964844,5071600
2022-03-02,18.37744331359864,21.40999984741211,21.540000915527344,20.63999938964844,20.790000915527344,6606400
2022-03-03,18.420360565185547,21.459999084472656,21.739999771118164,21.3700008392334,21.46999931335449,12627400
2022-03-04,18.729368209838867,21.81999969482422,21.8799991607666,21.200000762939453,21.270000457763672,8911400
2022-03-07,18.77228736877441,21.8700008392334,22.229999542236328,21.71999931335449,22.030000686645508,7689600
2022-03-08,18.50619506835937,21.559999465942383,22.190000534057617,21.559999465942383,22.0,8533300
2022-03-09,18.84954071044922,21.959999084472656,22.229999542236328,21.75,21.959999084472656,6540500
2022-03-10,19.184303283691406,22.350000381469727,22.40999984741211,21.700000762939453,21.81999969482422,3953100
2022-03-11,19.05554962158203,22.200000762939453,22.739999771118164,22.190000534057617,22.38999938964844,4679500
2022-03-14,18.643535614013672,21.71999931335449,22.51000022888184,21.59000015258789,22.31999969482422,5516900
2022-03-15,19.17571449279785,22.34000015258789,22.420000076293945,21.84000015258789,21.88999938964844,4247700
2022-03-16,19.44181060791016,22.64999961853028,22.93000030517578,22.3700008392334,22.39999961853028,5490400
2022-03-17,20.094158172607425,23.40999984741211,23.59000015258789,22.520000457763672,22.59000015258789,5810700
2022-03-18,20.33449935913086,23.690000534057617,23.809999465942383,23.290000915527344,23.40999984741211,8964900
2022-03-21,20.15424346923828,23.479999542236328,23.84000015258789,23.280000686645508,23.6299991607666,6253600
2022-03-22,20.36025047302246,23.71999931335449,23.950000762939453,23.59000015258789,23.68000030517578,4527200
2022-03-23,20.085573196411133,23.39999961853028,23.75,23.350000381469727,23.63999938964844,5353100
2022-03-24,20.80660057067871,24.239999771118164,24.25,23.3799991607666,23.559999465942383,6925100
2022-03-25,20.91818618774414,24.3700008392334,24.39999961853028,24.09000015258789,24.3700008392334,5146800
2022-03-28,21.15852165222168,24.64999961853028,24.670000076293945,24.25,24.280000686645508,3714200
2022-03-29,21.8452091217041,25.450000762939453,25.549999237060547,24.780000686645508,25.040000915527344,5255100
2022-03-30,21.8452091217041,25.450000762939453,25.549999237060547,25.26000022888184,25.3799991607666,6506800
2022-03-31,22.085548400878903,25.729999542236328,26.01000022888184,25.32999992370605,25.43000030517578,5997800
2022-04-01,22.50614356994629,26.21999931335449,26.25,25.690000534057617,25.799999237060547,4588900
2022-04-04,22.45464515686035,26.15999984741211,26.25,25.790000915527344,26.100000381469727,3804000
2022-04-05,22.26580810546875,25.940000534057617,26.520000457763672,25.799999237060547,26.200000762939453,4404200
2022-04-06,21.870960235595703,25.479999542236328,25.81999969482422,25.290000915527344,25.549999237060547,6107100
2022-04-07,21.656373977661133,25.229999542236328,25.57999992370605,25.18000030517578,25.450000762939453,6435900
2022-04-08,21.31303024291992,24.82999992370605,25.36000061035156,24.75,25.309999465942383,6107300
2022-04-11,21.192859649658203,24.690000534057617,24.959999084472656,24.309999465942383,24.84000015258789,9024500
2022-04-12,20.986852645874023,24.450000762939453,24.940000534057617,24.36000061035156,24.89999961853028,5878800
2022-04-13,21.004018783569336,24.46999931335449,24.56999969482422,24.229999542236328,24.38999938964844,4850800
2022-04-14,20.95251846313477,24.40999984741211,24.780000686645508,24.3700008392334,24.549999237060547,4368800
2022-04-18,20.686426162719727,24.100000381469727,24.57999992370605,23.96999931335449,24.3799991607666,3880700
2022-04-19,20.961101531982425,24.420000076293945,24.479999542236328,24.14999961853028,24.18000030517578,5368700
2022-04-20,21.38170051574707,24.90999984741211,25.39999961853028,24.43000030517578,24.739999771118164,7459100
2022-04-21,19.75082015991211,23.01000022888184,25.059999465942383,22.979999542236328,24.96999931335449,7223600
2022-04-22,19.30447196960449,22.489999771118164,23.209999084472656,22.479999542236328,23.01000022888184,7457000
2022-04-25,18.95254135131836,22.07999992370605,22.479999542236328,21.709999084472656,22.420000076293945,5962500
2022-04-26,18.317359924316406,21.34000015258789,21.950000762939453,21.299999237060547,21.75,7094900
2022-04-27,18.11135482788086,21.100000381469727,21.59000015258789,21.020000457763672,21.3700008392334,6770200
2022-04-28,18.196107864379883,21.040000915527344,21.280000686645508,20.709999084472656,21.170000076293945,4263700
2022-04-29,17.659910202026367,20.420000076293945,21.1299991607666,20.3700008392334,20.989999771118164,5822800
2022-05-02,17.815580368041992,20.600000381469727,20.81999969482422,20.100000381469727,20.57999992370605,5730300
2022-05-03,17.91935920715332,20.71999931335449,21.15999984741211,20.5,20.520000457763672,7434500
2022-05-04,18.9571590423584,21.920000076293945,22.059999465942383,20.780000686645508,20.809999465942383,9105800
2022-05-05,18.446908950805664,21.32999992370605,22.1200008392334,21.049999237060547,21.63999938964844,7265800
2022-05-06,18.109622955322266,20.940000534057617,21.31999969482422,20.09000015258789,20.979999542236328,6054100
2022-05-09,17.34857177734375,20.059999465942383,20.959999084472656,19.920000076293945,20.770000457763672,7248600
2022-05-10,17.262088775634766,19.959999084472656,20.540000915527344,19.3799991607666,20.34000015258789,7188600
2022-05-11,17.262088775634766,19.959999084472656,20.770000457763672,19.88999938964844,19.989999771118164,5472900
2022-05-12,16.82102394104004,19.450000762939453,20.1299991607666,19.13999938964844,19.8700008392334,8280400
2022-05-13,17.504236221313477,20.239999771118164,20.440000534057617,19.729999542236328,19.82999992370605,5685300
2022-05-16,17.34857177734375,20.059999465942383,20.36000061035156,19.979999542236328,20.200000762939453,4846000
2022-05-17,17.95395278930664,20.76000022888184,20.770000457763672,20.26000022888184,20.40999984741211,3971200
2022-05-18,17.495588302612305,20.229999542236328,20.709999084472656,20.11000061035156,20.64999961853028,3547100
2022-05-19,17.876117706298828,20.670000076293945,20.8700008392334,20.170000076293945,20.170000076293945,5312600
2022-05-20,17.755037307739258,20.530000686645508,20.89999961853028,20.1200008392334,20.809999465942383,5709400
2022-05-23,18.27394294738769,21.1299991607666,21.15999984741211,20.6200008392334,20.88999938964844,3943400
2022-05-24,18.369075775146484,21.239999771118164,21.299999237060547,20.459999084472656,21.020000457763672,4420100
2022-05-25,18.53339195251465,21.43000030517578,21.540000915527344,21.15999984741211,21.18000030517578,4470000
2022-05-26,19.026348114013672,22.0,22.229999542236328,21.530000686645508,21.56999969482422,4105200
2022-05-27,19.39822578430176,22.43000030517578,22.540000915527344,22.01000022888184,22.049999237060547,3025000
2022-05-31,19.060937881469727,22.040000915527344,22.3700008392334,21.989999771118164,22.26000022888184,5242300
2022-06-01,18.922563552856445,21.8799991607666,22.15999984741211,21.600000381469727,22.059999465942383,3550900
2022-06-02,19.14742088317871,22.13999938964844,22.14999961853028,21.68000030517578,21.96999931335449,3458400
2022-06-03,19.259855270385746,22.270000457763672,22.3799991607666,21.940000534057617,21.989999771118164,2780500
2022-06-06,19.64037704467773,22.709999084472656,23.690000534057617,22.670000076293945,23.190000534057617,5583100
2022-06-07,19.623083114624023,22.690000534057617,22.71999931335449,22.440000534057617,22.5,4689900
2022-06-08,19.21660804748535,22.21999931335449,22.63999938964844,22.18000030517578,22.40999984741211,4644500
2022-06-09,18.637168884277344,21.549999237060547,22.15999984741211,21.540000915527344,22.100000381469727,4708800
2022-06-10,17.893415451049805,20.690000534057617,21.1200008392334,20.489999771118164,21.100000381469727,5348500
2022-06-13,16.743186950683594,19.36000061035156,20.25,19.25,20.13999938964844,6406400
2022-06-14,16.3540096282959,18.90999984741211,19.46999931335449,18.6200008392334,19.3799991607666,7640600
2022-06-15,16.907501220703125,19.549999237060547,19.920000076293945,19.1200008392334,19.209999084472656,8139500
2022-06-16,16.379953384399414,18.940000534057617,19.270000457763672,18.700000762939453,19.0,11495900
2022-06-17,16.64805030822754,19.25,19.39999961853028,18.8700008392334,18.89999961853028,11788000
2022-06-21,17.20154571533203,19.88999938964844,19.950000762939453,19.450000762939453,19.5,6041500
2022-06-22,17.51288414001465,20.25,20.36000061035156,19.6299991607666,19.65999984741211,6987200
2022-06-23,17.90206527709961,20.700000762939453,20.770000457763672,20.25,20.280000686645508,4685100
2022-06-24,18.52474403381348,21.420000076293945,21.479999542236328,20.809999465942383,20.8799991607666,8178800
2022-06-27,18.550687789916992,21.450000762939453,21.549999237060547,21.13999938964844,21.31999969482422,3791600
2022-06-28,18.32583236694336,21.190000534057617,21.86000061035156,21.13999938964844,21.700000762939453,4235100
2022-06-29,17.608020782470703,20.36000061035156,21.100000381469727,20.14999961853028,21.100000381469727,8174200
2022-06-30,18.17016220092773,21.01000022888184,21.11000061035156,20.030000686645508,20.07999992370605,7777600
2022-07-01,18.576629638671875,21.479999542236328,21.530000686645508,20.989999771118164,21.01000022888184,4741900
2022-07-05,18.31717872619629,21.18000030517578,21.21999931335449,20.61000061035156,21.15999984741211,4844800
2022-07-06,18.196107864379883,21.040000915527344,21.61000061035156,20.940000534057617,21.290000915527344,4473900
2022-07-07,18.516094207763672,21.40999984741211,21.6200008392334,21.13999938964844,21.229999542236328,5086500
2022-07-08,18.593929290771484,21.5,21.63999938964844,21.18000030517578,21.309999465942383,4849500
2022-07-11,18.420961380004883,21.299999237060547,21.5,21.18000030517578,21.36000061035156,3747200
2022-07-12,18.2220516204834,21.06999969482422,21.440000534057617,20.90999984741211,21.06999969482422,2781200
2022-07-13,18.08367919921875,20.90999984741211,21.229999542236328,20.43000030517578,20.709999084472656,3798200
2022-07-14,17.74639320373535,20.520000457763672,20.57999992370605,20.059999465942383,20.520000457763672,4974400
2022-07-15,17.5993709564209,20.350000381469727,20.489999771118164,18.89999961853028,20.299999237060547,6335500
2022-07-18,17.538833618164062,20.280000686645508,20.780000686645508,20.229999542236328,20.61000061035156,3688800
2022-07-19,17.832876205444336,20.6200008392334,20.709999084472656,20.43000030517578,20.56999969482422,6212700
2022-07-20,17.279382705688477,19.979999542236328,20.600000381469727,19.950000762939453,20.5,7499300
2022-07-21,17.218843460083008,19.90999984741211,20.1299991607666,19.770000457763672,19.950000762939453,4754300
2022-07-22,17.063175201416016,19.729999542236328,20.270000457763672,19.40999984741211,20.040000915527344,5321800
2022-07-25,17.296682357788086,20.0,20.01000022888184,19.3799991607666,19.75,4736900
2022-07-26,17.417757034301758,20.13999938964844,20.290000915527344,19.989999771118164,20.020000457763672,3061300
2022-07-27,17.5993709564209,20.350000381469727,20.440000534057617,20.07999992370605,20.270000457763672,4546200
2022-07-28,19.26850128173828,22.280000686645508,22.350000381469727,21.190000534057617,22.229999542236328,9046200
2022-07-29,19.353858947753903,22.21999931335449,22.350000381469727,22.09000015258789,22.100000381469727,4829000
2022-08-01,19.475801467895508,22.36000061035156,22.3799991607666,21.96999931335449,22.14999961853028,3796200
2022-08-02,19.36256599426269,22.229999542236328,22.65999984741211,22.21999931335449,22.32999992370605,4830600
2022-08-03,19.641292572021484,22.549999237060547,22.57999992370605,22.059999465942383,22.489999771118164,3138100
2022-08-04,20.03325080871582,23.0,23.200000762939453,22.40999984741211,22.540000915527344,5486900
2022-08-05,21.095882415771484,24.21999931335449,24.43000030517578,23.350000381469727,23.709999084472656,8553400
2022-08-08,20.791030883789062,23.8700008392334,24.600000381469727,23.790000915527344,24.459999084472656,6019100
2022-08-09,20.7648983001709,23.84000015258789,24.09000015258789,23.75,23.920000076293945,3756000
2022-08-10,21.278791427612305,24.43000030517578,24.440000534057617,23.979999542236328,24.200000762939453,4228900
2022-08-11,21.2091121673584,24.350000381469727,24.65999984741211,24.299999237060547,24.549999237060547,4379200
2022-08-12,21.679462432861328,24.88999938964844,25.01000022888184,24.40999984741211,24.6200008392334,4125200
2022-08-15,21.93205070495605,25.18000030517578,25.209999084472656,24.770000457763672,24.799999237060547,3456000
2022-08-16,21.82752990722656,25.059999465942383,25.299999237060547,24.989999771118164,25.049999237060547,3748700
2022-08-17,21.783979415893555,25.01000022888184,25.13999938964844,24.709999084472656,24.790000915527344,3101400
2022-08-18,22.66370010375977,26.020000457763672,26.040000915527344,25.13999938964844,25.13999938964844,6184100
2022-08-19,22.28045463562012,25.57999992370605,26.01000022888184,25.309999465942383,25.979999542236328,7786000
2022-08-22,21.74913787841797,24.96999931335449,25.290000915527344,24.809999465942383,25.15999984741211,4855500
2022-08-23,21.609777450561523,24.809999465942383,25.170000076293945,24.68000030517578,25.049999237060547,3614900
2022-08-24,22.27174568176269,25.56999969482422,25.56999969482422,24.71999931335449,24.809999465942383,3986000
2022-08-25,22.88145446777344,26.270000457763672,26.32999992370605,25.729999542236328,25.799999237060547,4942700
2022-08-26,22.324005126953125,25.6299991607666,26.3700008392334,25.6200008392334,26.170000076293945,4253100
2022-08-29,22.1933536529541,25.479999542236328,25.81999969482422,25.290000915527344,25.3700008392334,2985800
2022-08-30,22.158519744873047,25.440000534057617,25.729999542236328,25.07999992370605,25.700000762939453,4932900
2022-08-31,22.167224884033203,25.450000762939453,25.600000381469727,25.299999237060547,25.459999084472656,5223100
2022-09-01,22.51563262939453,25.850000381469727,25.8799991607666,25.18000030517578,25.18000030517578,4118800
2022-09-02,22.776931762695312,26.14999961853028,26.68000030517578,25.90999984741211,26.06999969482422,7663400
2022-09-06,22.689830780029297,26.049999237060547,26.31999969482422,25.780000686645508,26.190000534057617,6786000
2022-09-07,23.674072265625,27.18000030517578,27.209999084472656,26.190000534057617,26.190000534057617,7019800
2022-09-08,23.83956718444824,27.3700008392334,27.790000915527344,27.0,27.13999938964844,7397600
2022-09-09,23.891828536987305,27.43000030517578,27.61000061035156,27.280000686645508,27.5,4636900
2022-09-12,24.03118705749512,27.59000015258789,27.64999961853028,27.11000061035156,27.43000030517578,4271500
2022-09-13,23.36922073364257,26.82999992370605,27.420000076293945,26.6200008392334,26.989999771118164,4038100
2022-09-14,23.54342269897461,27.030000686645508,27.1200008392334,26.729999542236328,26.81999969482422,4343900
2022-09-15,23.24728012084961,26.690000534057617,27.030000686645508,26.489999771118164,26.6200008392334,4884400
2022-09-16,22.576601028442383,25.920000076293945,26.6299991607666,25.61000061035156,26.57999992370605,11416500
2022-09-19,23.168886184692383,26.600000381469727,26.6200008392334,25.739999771118164,25.739999771118164,3406900
2022-09-20,22.550466537475582,25.88999938964844,26.479999542236328,25.86000061035156,26.38999938964844,3652400
2022-09-21,22.123674392700195,25.39999961853028,26.209999084472656,25.38999938964844,26.100000381469727,3180400
2022-09-22,21.801401138305664,25.030000686645508,25.40999984741211,24.989999771118164,25.3700008392334,2708200
2022-09-23,21.15685272216797,24.290000915527344,24.6299991607666,23.56999969482422,24.549999237060547,5154800
2022-09-26,19.998411178588867,22.959999084472656,24.209999084472656,22.940000534057617,24.13999938964844,6714700
2022-09-27,19.371280670166016,22.239999771118164,23.3799991607666,22.209999084472656,23.32999992370605,7457800
2022-09-28,20.05937767028809,23.030000686645508,23.14999961853028,22.100000381469727,22.479999542236328,7129700
2022-09-29,19.815492630004883,22.75,22.989999771118164,22.3799991607666,22.670000076293945,8189200
2022-09-30,19.68484306335449,22.600000381469727,23.020000457763672,22.559999465942383,22.809999465942383,8481500
2022-10-03,20.52101325988769,23.559999465942383,23.81999969482422,22.780000686645508,23.059999465942383,5741200
2022-10-04,22.01044273376465,25.270000457763672,25.309999465942383,23.90999984741211,23.920000076293945,7743900
2022-10-05,22.14109230041504,25.420000076293945,25.61000061035156,24.65999984741211,24.780000686645508,4867700
2022-10-06,22.123674392700195,25.39999961853028,25.489999771118164,24.6200008392334,25.32999992370605,6672500
2022-10-07,21.705591201782227,24.920000076293945,25.3700008392334,24.61000061035156,25.190000534057617,4444000
2022-10-10,21.679462432861328,24.88999938964844,25.270000457763672,24.75,24.959999084472656,4360100
2022-10-11,21.49654960632324,24.68000030517578,25.0,24.40999984741211,24.770000457763672,4794200
2022-10-12,21.01748847961425,24.1299991607666,24.600000381469727,23.979999542236328,24.59000015258789,4230600
2022-10-13,21.252662658691406,24.39999961853028,24.56999969482422,23.239999771118164,23.6200008392334,5199900
2022-10-14,20.303266525268555,23.309999465942383,24.90999984741211,23.25,24.6299991607666,4402900
2022-10-17,20.79973793029785,23.8799991607666,24.34000015258789,23.81999969482422,23.88999938964844,3994700
2022-10-18,21.252662658691406,24.39999961853028,24.670000076293945,24.239999771118164,24.40999984741211,3353800
2022-10-19,21.01748847961425,24.1299991607666,24.40999984741211,23.93000030517578,24.06999969482422,3103100
2022-10-20,20.45133209228516,23.479999542236328,24.15999984741211,23.280000686645508,24.100000381469727,2936400
2022-10-21,21.32234573364257,24.479999542236328,24.489999771118164,23.51000022888184,23.799999237060547,4534200
2022-10-24,21.42686462402344,24.600000381469727,24.770000457763672,24.190000534057617,24.690000534057617,2757800
2022-10-25,21.940763473510746,25.190000534057617,25.39999961853028,24.600000381469727,24.68000030517578,4641900
2022-10-26,22.167224884033203,25.450000762939453,25.739999771118164,25.14999961853028,25.299999237060547,3305400
2022-10-27,22.44594955444336,25.770000457763672,26.170000076293945,25.64999961853028,25.770000457763672,3732300
2022-10-28,23.04694366455078,26.459999084472656,26.479999542236328,25.76000022888184,25.90999984741211,5180300
2022-10-31,22.92251777648925,26.15999984741211,26.3799991607666,25.979999542236328,26.25,4763400
2022-11-01,23.080242156982425,26.34000015258789,26.76000022888184,26.290000915527344,26.420000076293945,4851400
2022-11-02,22.633359909057617,25.82999992370605,26.739999771118164,25.729999542236328,26.26000022888184,3976100
2022-11-03,22.948802947998047,26.190000534057617,26.479999542236328,25.5,25.61000061035156,4106100
2022-11-04,23.18539047241211,26.459999084472656,27.170000076293945,25.739999771118164,27.0,4356000
2022-11-07,23.46579360961914,26.780000686645508,27.020000457763672,26.1200008392334,26.549999237060547,5138600
2022-11-08,23.2116813659668,26.489999771118164,26.84000015258789,26.18000030517578,26.81999969482422,4160000
2022-11-09,23.00137710571289,26.25,26.709999084472656,26.100000381469727,26.239999771118164,4489000
2022-11-10,24.727577209472656,28.21999931335449,28.239999771118164,26.959999084472656,27.170000076293945,6382200
2022-11-11,24.604904174804688,28.07999992370605,28.56999969482422,27.93000030517578,28.309999465942383,4518400
2022-11-14,24.12297248840332,27.530000686645508,28.020000457763672,27.520000457763672,28.020000457763672,3022700
2022-11-15,24.342029571533203,27.780000686645508,27.979999542236328,27.39999961853028,27.81999969482422,3895400
2022-11-16,24.49975776672364,27.959999084472656,28.06999969482422,27.61000061035156,27.65999984741211,3190500
2022-11-17,24.07039260864257,27.46999931335449,27.63999938964844,27.09000015258789,27.530000686645508,3238200
2022-11-18,24.23688316345215,27.65999984741211,28.059999465942383,27.270000457763672,27.89999961853028,6902300
2022-11-21,24.59614372253418,28.06999969482422,28.13999938964844,27.520000457763672,27.56999969482422,4659200
2022-11-22,24.604904174804688,28.07999992370605,28.51000022888184,27.88999938964844,28.209999084472656,3461600
2022-11-23,24.95540237426757,28.479999542236328,28.5,27.88999938964844,28.01000022888184,2486400
2022-11-25,25.069313049316406,28.61000061035156,29.11000061035156,28.559999465942383,28.709999084472656,1896600
2022-11-28,24.56985664367676,28.040000915527344,28.489999771118164,27.96999931335449,28.229999542236328,3330900
2022-11-29,24.76262855529785,28.26000022888184,28.3700008392334,27.8799991607666,28.07999992370605,3672800
2022-11-30,25.3409481048584,28.920000076293945,28.989999771118164,28.059999465942383,28.229999542236328,5484700
2022-12-01,25.165700912475582,28.71999931335449,29.61000061035156,28.64999961853028,29.31999969482422,3003600
2022-12-02,25.121889114379883,28.670000076293945,28.81999969482422,28.190000534057617,28.26000022888184,3320300
2022-12-05,24.85901641845703,28.3700008392334,28.600000381469727,28.200000762939453,28.38999938964844,2910800
2022-12-06,24.64871597290039,28.1299991607666,28.520000457763672,27.8700008392334,28.36000061035156,2594800
2022-12-07,24.51728248596192,27.979999542236328,28.239999771118164,27.8799991607666,28.049999237060547,3048700
2022-12-08,24.83272933959961,28.34000015258789,28.96999931335449,28.09000015258789,28.39999961853028,4091400
2022-12-09,24.99045181274414,28.520000457763672,28.75,28.13999938964844,28.229999542236328,3861500
2022-12-12,25.507436752319336,29.11000061035156,29.13999938964844,28.520000457763672,28.709999084472656,2450500
2022-12-13,25.647634506225582,29.270000457763672,29.88999938964844,28.850000381469727,29.780000686645508,6077700
2022-12-14,25.62134552001953,29.239999771118164,29.530000686645508,28.84000015258789,29.309999465942383,4156700
2022-12-15,25.156938552856445,28.709999084472656,29.0,28.5,28.979999542236328,3491800
2022-12-16,24.83272933959961,28.34000015258789,28.56999969482422,28.020000457763672,28.5,6868400
2022-12-19,24.710054397583008,28.200000762939453,28.46999931335449,27.989999771118164,28.3700008392334,2463300
2022-12-20,24.850255966186523,28.36000061035156,28.559999465942383,28.170000076293945,28.170000076293945,2891800
2022-12-21,25.183225631713867,28.739999771118164,28.850000381469727,28.25,28.540000915527344,2610600
2022-12-22,24.806440353393555,28.309999465942383,28.6299991607666,27.82999992370605,28.549999237060547,1916800
2022-12-23,25.130653381347656,28.68000030517578,28.709999084472656,28.14999961853028,28.26000022888184,1532500
2022-12-27,25.25332260131836,28.81999969482422,28.920000076293945,28.6299991607666,28.770000457763672,1605000
2022-12-28,24.81520271301269,28.31999969482422,28.989999771118164,28.15999984741211,28.989999771118164,3244900
2022-12-29,25.24456024169922,28.809999465942383,29.06999969482422,28.51000022888184,28.520000457763672,1421200
2022-12-30,25.20074844360352,28.76000022888184,28.82999992370605,28.3700008392334,28.709999084472656,2233000
2023-01-03,24.631193161010746,28.11000061035156,29.11000061035156,28.06999969482422,28.799999237060547,4295300
2023-01-04,23.90390968322754,27.280000686645508,28.530000686645508,26.93000030517578,28.270000457763672,8624200
2023-01-05,22.668407440185547,25.8700008392334,27.15999984741211,25.690000534057617,26.989999771118164,8116400
2023-01-06,23.15910720825196,26.43000030517578,26.64999961853028,26.020000457763672,26.11000061035156,4184300
2023-01-09,23.87762260437012,27.25,27.309999465942383,26.280000686645508,26.40999984741211,4583600
2023-01-10,23.860095977783203,27.229999542236328,27.3700008392334,26.61000061035156,27.21999931335449,2932500
2023-01-11,24.2982234954834,27.729999542236328,27.739999771118164,27.25,27.290000915527344,3086700
2023-01-12,24.263168334960938,27.690000534057617,27.89999961853028,27.5,27.76000022888184,6403400
2023-01-13,24.41213035583496,27.86000061035156,27.90999984741211,27.290000915527344,27.420000076293945,4944800
2023-01-17,24.184307098388672,27.600000381469727,28.18000030517578,27.59000015258789,27.940000534057617,3161800
2023-01-18,23.588462829589844,26.920000076293945,27.90999984741211,26.88999938964844,27.75,4381700
2023-01-19,23.343116760253903,26.63999938964844,26.93000030517578,26.39999961853028,26.809999465942383,5246000
2023-01-20,23.597227096557617,26.93000030517578,26.940000534057617,26.440000534057617,26.729999542236328,2983000
2023-01-23,23.57969856262207,26.90999984741211,27.26000022888184,26.700000762939453,26.89999961853028,2716100
2023-01-24,23.64980125427246,26.989999771118164,27.059999465942383,26.540000915527344,26.89999961853028,3774700
2023-01-25,23.667325973510746,27.01000022888184,27.11000061035156,26.39999961853028,26.709999084472656,8757300
2023-01-26,24.20183753967285,27.6200008392334,27.6299991607666,26.8700008392334,27.07999992370605,3864100
2023-01-27,23.63227272033692,26.96999931335449,27.709999084472656,26.959999084472656,27.600000381469727,4816600
2023-01-30,23.176631927490234,26.450000762939453,26.920000076293945,26.39999961853028,26.739999771118164,4121100
2023-01-31,24.169509887695312,27.40999984741211,27.420000076293945,26.170000076293945,26.32999992370605,5743000
2023-02-01,23.63162422180176,26.799999237060547,27.26000022888184,26.309999465942383,27.209999084472656,4940400
2023-02-02,23.384729385375977,26.520000457763672,27.059999465942383,26.440000534057617,26.89999961853028,5524400
2023-02-03,23.13783073425293,26.239999771118164,26.43000030517578,26.040000915527344,26.32999992370605,3681400
2023-02-06,23.11137580871582,26.209999084472656,26.229999542236328,25.790000915527344,26.13999938964844,2821700
2023-02-07,23.296550750732425,26.420000076293945,26.56999969482422,25.86000061035156,26.030000686645508,3462800
2023-02-08,23.06728744506836,26.15999984741211,26.38999938964844,26.0,26.290000915527344,4631700
2023-02-09,22.55585670471192,25.57999992370605,26.3700008392334,25.559999465942383,26.270000457763672,3745400
2023-02-10,23.023202896118164,26.11000061035156,26.200000762939453,25.450000762939453,25.600000381469727,3454500
2023-02-13,23.234825134277344,26.350000381469727,26.38999938964844,26.07999992370605,26.11000061035156,2368500
2023-02-14,23.181921005249023,26.290000915527344,26.56999969482422,26.040000915527344,26.26000022888184,2019700
2023-02-15,23.534631729125977,26.690000534057617,26.770000457763672,26.07999992370605,26.11000061035156,3449000
2023-02-16,23.2524642944336,26.3700008392334,26.57999992370605,26.15999984741211,26.270000457763672,3325500
2023-02-17,23.12901306152344,26.229999542236328,26.3799991607666,25.979999542236328,26.350000381469727,3229400
2023-02-21,22.54703712463379,25.56999969482422,26.09000015258789,25.520000457763672,26.059999465942383,2634000
2023-02-22,22.388317108154297,25.38999938964844,25.690000534057617,25.34000015258789,25.6299991607666,2901000
2023-02-23,22.388317108154297,25.38999938964844,25.700000762939453,25.26000022888184,25.559999465942383,7165100
2023-02-24,22.32659721374512,25.31999969482422,25.5,24.90999984741211,25.299999237060547,3863100
2023-02-27,21.938615798950195,24.8799991607666,26.40999984741211,24.63999938964844,25.690000534057617,9350500
2023-02-28,21.76226043701172,24.68000030517578,25.46999931335449,24.670000076293945,24.790000915527344,7601600
2023-03-01,21.718168258666992,24.6299991607666,25.170000076293945,24.56999969482422,24.68000030517578,4371200
2023-03-02,21.72698783874512,24.63999938964844,24.86000061035156,24.25,24.540000915527344,3317300
2023-03-03,22.13260841369629,25.100000381469727,25.1299991607666,24.6200008392334,24.739999771118164,3246500
2023-03-06,22.0444278717041,25.0,25.309999465942383,24.93000030517578,25.14999961853028,4768200
2023-03-07,21.61235618591309,24.51000022888184,25.239999771118164,24.39999961853028,25.14999961853028,2799900
2023-03-08,21.797527313232425,24.71999931335449,25.040000915527344,24.51000022888184,24.56999969482422,4575800
2023-03-09,21.41836738586425,24.290000915527344,25.06999969482422,24.21999931335449,24.65999984741211,3208300
2023-03-10,20.5101375579834,23.26000022888184,24.26000022888184,23.18000030517578,24.239999771118164,5486000
2023-03-13,20.19269561767578,22.89999961853028,23.989999771118164,22.88999938964844,23.100000381469727,5837200
2023-03-14,20.4748649597168,23.21999931335449,23.739999771118164,23.020000457763672,23.420000076293945,5635800
2023-03-15,20.324960708618164,23.049999237060547,23.200000762939453,22.6200008392334,22.940000534057617,4902900
2023-03-16,20.501319885253903,23.25,23.43000030517578,22.780000686645508,22.88999938964844,4643700
2023-03-17,19.74298858642578,22.38999938964844,23.11000061035156,22.290000915527344,23.049999237060547,8431200
2023-03-20,19.97225379943848,22.64999961853028,22.88999938964844,22.38999938964844,22.489999771118164,5717700
2023-03-21,20.254419326782227,22.96999931335449,23.26000022888184,22.709999084472656,22.88999938964844,5516700
2023-03-22,19.60190391540528,22.229999542236328,23.01000022888184,22.21999931335449,22.799999237060547,2989700
2023-03-23,19.36382293701172,21.959999084472656,22.450000762939453,21.729999542236328,22.200000762939453,3238200
2023-03-24,19.58426856994629,22.209999084472656,22.229999542236328,21.530000686645508,21.770000457763672,3925000
2023-03-27,19.92816162109375,22.600000381469727,22.6200008392334,22.26000022888184,22.5,5489200
2023-03-28,20.21914863586425,22.93000030517578,23.1200008392334,22.6200008392334,22.690000534057617,3687500
2023-03-29,20.68649101257324,23.459999084472656,23.479999542236328,23.0,23.15999984741211,4271000
2023-03-30,20.78348731994629,23.56999969482422,23.959999084472656,23.549999237060547,23.68000030517578,5041500
2023-03-31,21.233192443847656,24.07999992370605,24.13999938964844,23.709999084472656,23.739999771118164,4311000
2023-04-03,21.00392723083496,23.81999969482422,24.209999084472656,23.68000030517578,24.0,3467700
2023-04-04,21.00392723083496,23.81999969482422,23.940000534057617,23.59000015258789,23.89999961853028,2781400
2023-04-05,21.25082969665528,24.100000381469727,24.239999771118164,23.780000686645508,23.780000686645508,3539500
2023-04-06,21.515357971191406,24.39999961853028,24.39999961853028,24.040000915527344,24.239999771118164,4738900
2023-04-10,21.95625305175781,24.89999961853028,24.979999542236328,24.209999084472656,24.26000022888184,5365700
2023-04-11,22.353046417236328,25.350000381469727,25.450000762939453,24.8700008392334,24.93000030517578,5145000
2023-04-12,22.317779541015625,25.309999465942383,25.739999771118164,25.1299991607666,25.489999771118164,4044000
2023-04-13,22.520586013793945,25.540000915527344,25.61000061035156,24.8700008392334,25.200000762939453,3830700
2023-04-14,21.92098045349121,24.86000061035156,25.5,24.729999542236328,25.39999961853028,3869200
2023-04-17,21.4536361694336,24.32999992370605,24.600000381469727,23.850000381469727,24.280000686645508,7225000
2023-04-18,21.532995223999023,24.420000076293945,24.559999465942383,24.170000076293945,24.350000381469727,4386500
2023-04-19,21.6035385131836,24.5,24.540000915527344,24.200000762939453,24.32999992370605,2833500
2023-04-20,21.04802322387696,23.8700008392334,24.32999992370605,23.690000534057617,24.270000457763672,4972100
2023-04-21,21.162647247314453,24.0,24.270000457763672,23.8700008392334,23.940000534057617,4430500
2023-04-24,21.303735733032227,24.15999984741211,24.200000762939453,23.770000457763672,23.979999542236328,3268800
2023-04-25,21.04802322387696,23.8700008392334,24.07999992370605,23.799999237060547,24.07999992370605,2764100
2023-04-26,20.33378028869629,23.059999465942383,23.770000457763672,23.020000457763672,23.63999938964844,3910800
2023-04-27,20.78348731994629,23.56999969482422,23.690000534057617,23.280000686645508,23.309999465942383,4640300
2023-04-28,21.010820388793945,23.65999984741211,23.809999465942383,23.309999465942383,23.31999969482422,3752900
2023-05-01,20.566801071166992,23.15999984741211,23.76000022888184,23.13999938964844,23.59000015258789,3848900
2023-05-02,20.06950759887696,22.600000381469727,23.15999984741211,22.31999969482422,23.13999938964844,5597100
2023-05-03,19.936304092407227,22.450000762939453,22.93000030517578,22.38999938964844,22.71999931335449,4575700
2023-05-04,19.96294212341309,22.479999542236328,22.520000457763672,21.96999931335449,22.39999961853028,9565600
2023-05-05,20.13167190551757,22.670000076293945,22.780000686645508,22.1299991607666,22.59000015258789,8358700
2023-05-08,19.27915954589844,21.709999084472656,23.06999969482422,21.38999938964844,23.01000022888184,10712700
2023-05-09,19.776460647583008,22.270000457763672,22.309999465942383,21.239999771118164,21.6200008392334,12860300
2023-05-10,20.10503196716309,22.63999938964844,22.86000061035156,22.3799991607666,22.540000915527344,7297700
2023-05-11,19.56333351135254,22.030000686645508,22.559999465942383,21.950000762939453,22.5,4653900
2023-05-12,19.63437271118164,22.11000061035156,22.40999984741211,22.040000915527344,22.239999771118164,5058700
2023-05-15,19.52781105041504,21.989999771118164,22.32999992370605,21.93000030517578,22.239999771118164,4990300
2023-05-16,18.515453338623047,20.850000381469727,22.030000686645508,20.76000022888184,21.96999931335449,5993100
2023-05-17,18.60425567626953,20.950000762939453,21.209999084472656,20.739999771118164,20.89999961853028,5808800
2023-05-18,18.524333953857425,20.86000061035156,20.8799991607666,20.459999084472656,20.76000022888184,5175700
2023-05-19,18.47993278503418,20.809999465942383,21.13999938964844,20.770000457763672,21.030000686645508,5907500
2023-05-22,18.790742874145508,21.15999984741211,21.170000076293945,20.82999992370605,20.8799991607666,3653100
2023-05-23,18.435529708862305,20.76000022888184,21.14999961853028,20.64999961853028,20.8700008392334,3169100
2023-05-24,17.991514205932617,20.26000022888184,20.700000762939453,20.15999984741211,20.64999961853028,5220400
2023-05-25,17.71622657775879,19.950000762939453,20.26000022888184,19.75,20.200000762939453,5551800
2023-05-26,17.645183563232422,19.8700008392334,19.950000762939453,19.520000457763672,19.950000762939453,4689900
2023-05-30,17.67182159423828,19.89999961853028,20.34000015258789,19.88999938964844,19.979999542236328,7773100
2023-05-31,17.52973747253418,19.739999771118164,19.950000762939453,19.520000457763672,19.81999969482422,7029700
2023-06-01,17.654062271118164,19.8799991607666,20.11000061035156,19.690000534057617,19.8799991607666,4703200
2023-06-02,17.929351806640625,20.190000534057617,20.350000381469727,20.0,20.07999992370605,7185000
2023-06-05,17.8316707611084,20.07999992370605,20.46999931335449,19.979999542236328,20.26000022888184,6366800
2023-06-06,17.876068115234375,20.1299991607666,20.43000030517578,20.020000457763672,20.059999465942383,12934800
2023-06-07,18.364490509033203,20.68000030517578,20.700000762939453,20.040000915527344,20.38999938964844,14685100
2023-06-08,18.124719619750977,20.40999984741211,20.71999931335449,20.07999992370605,20.71999931335449,14641500
2023-06-09,17.84054946899414,20.09000015258789,20.530000686645508,19.84000015258789,20.479999542236328,7058900
2023-06-12,18.01815795898437,20.290000915527344,20.40999984741211,19.89999961853028,20.18000030517578,5614100
2023-06-13,18.497692108154297,20.82999992370605,20.86000061035156,20.209999084472656,20.229999542236328,8249600
2023-06-14,18.417770385742188,20.739999771118164,21.07999992370605,20.6200008392334,21.0,4741800
2023-06-15,19.083789825439453,21.489999771118164,21.549999237060547,20.739999771118164,20.770000457763672,6267800
2023-06-16,18.95059394836425,21.34000015258789,21.670000076293945,21.290000915527344,21.549999237060547,12279000
2023-06-20,18.65753936767578,21.01000022888184,21.25,20.88999938964844,21.25,3434600
2023-06-21,18.630897521972656,20.979999542236328,21.15999984741211,20.709999084472656,20.90999984741211,3938400
2023-06-22,18.568737030029297,20.90999984741211,20.920000076293945,19.8799991607666,20.450000762939453,13166800
2023-06-23,18.142480850219727,20.43000030517578,20.84000015258789,20.3799991607666,20.799999237060547,13059500
2023-06-26,18.39113044738769,20.709999084472656,20.770000457763672,20.40999984741211,20.459999084472656,5520300
2023-06-27,18.568737030029297,20.90999984741211,21.01000022888184,20.38999938964844,20.88999938964844,7256300
2023-06-28,17.938234329223633,20.200000762939453,20.809999465942383,20.1200008392334,20.790000915527344,5914700
2023-06-29,18.142480850219727,20.43000030517578,20.51000022888184,20.0,20.059999465942383,3254000
2023-06-30,18.40888977050781,20.729999542236328,20.780000686645508,20.440000534057617,20.59000015258789,3843600
2023-07-03,18.71082305908203,21.06999969482422,21.1200008392334,20.59000015258789,20.59000015258789,2361000
2023-07-05,19.04827308654785,21.450000762939453,21.59000015258789,20.90999984741211,20.989999771118164,4642200
2023-07-06,18.737462997436523,21.100000381469727,21.170000076293945,20.770000457763672,21.13999938964844,3372200
2023-07-07,18.72858238220215,21.09000015258789,21.350000381469727,20.959999084472656,21.01000022888184,4315900
2023-07-10,18.66642189025879,21.020000457763672,21.229999542236328,20.82999992370605,20.989999771118164,6638300
2023-07-11,19.003870010375977,21.39999961853028,21.40999984741211,21.020000457763672,21.09000015258789,2250400
2023-07-12,19.172595977783203,21.59000015258789,21.82999992370605,21.450000762939453,21.600000381469727,3217700
2023-07-13,19.385725021362305,21.82999992370605,21.86000061035156,21.6200008392334,21.6200008392334,4292700
2023-07-14,19.18147659301757,21.600000381469727,21.780000686645508,21.420000076293945,21.780000686645508,2752900
2023-07-17,18.98611068725586,21.3799991607666,21.57999992370605,21.15999984741211,21.43000030517578,2656000
2023-07-18,19.314682006835938,21.75,21.780000686645508,21.14999961853028,21.209999084472656,4113200
2023-07-19,19.62549018859864,22.100000381469727,22.209999084472656,21.799999237060547,21.799999237060547,4282900
2023-07-20,19.385725021362305,21.82999992370605,22.18000030517578,21.780000686645508,22.1200008392334,4261200
2023-07-21,19.971824645996094,22.489999771118164,22.559999465942383,21.850000381469727,21.93000030517578,3811600
2023-07-24,19.19923973083496,21.6200008392334,22.600000381469727,21.57999992370605,22.57999992370605,7193000
2023-07-25,19.42124366760254,21.8700008392334,21.96999931335449,21.3700008392334,21.479999542236328,6787100
2023-07-26,19.447885513305664,21.89999961853028,22.09000015258789,21.739999771118164,21.790000915527344,4084600
2023-07-27,18.98611068725586,21.3799991607666,22.020000457763672,21.239999771118164,21.89999961853028,4733900
2023-07-28,19.27028083801269,21.700000762939453,21.88999938964844,21.479999542236328,21.739999771118164,4272700
2023-07-31,19.356185913085938,21.6299991607666,21.89999961853028,21.530000686645508,21.75,3825200
2023-08-01,18.80136680603028,21.01000022888184,21.530000686645508,20.90999984741211,21.43000030517578,4716200
2023-08-02,18.82821273803711,21.040000915527344,21.1200008392334,20.6299991607666,20.75,4754800
2023-08-03,18.479209899902344,20.64999961853028,20.959999084472656,20.6299991607666,20.799999237060547,6175400
2023-08-04,17.57538414001465,19.63999938964844,20.690000534057617,19.59000015258789,20.690000534057617,7884000
2023-08-07,17.629077911376953,19.700000762939453,20.18000030517578,19.6299991607666,19.799999237060547,4290500
2023-08-08,17.557485580444336,19.6200008392334,19.670000076293945,19.190000534057617,19.530000686645508,5062300
2023-08-09,17.548538208007812,19.61000061035156,20.170000076293945,19.549999237060547,19.90999984741211,6259900
2023-08-10,17.548538208007812,19.61000061035156,20.01000022888184,19.46999931335449,19.75,4916100
2023-08-11,17.414302825927734,19.459999084472656,19.63999938964844,19.309999465942383,19.6200008392334,3865400
2023-08-14,17.02056312561035,19.020000457763672,19.39999961853028,18.81999969482422,19.3799991607666,4722400
2023-08-15,16.1077880859375,18.0,18.790000915527344,17.93000030517578,18.780000686645508,9257400
2023-08-16,16.47468376159668,18.40999984741211,18.59000015258789,17.940000534057617,18.010000228881836,11081300
2023-08-17,16.152524948120117,18.049999237060547,18.559999465942383,18.020000457763672,18.489999771118164,5883400
2023-08-18,16.116735458374023,18.010000228881836,18.11000061035156,17.899999618530273,17.969999313354492,6197900
2023-08-21,16.02724838256836,17.90999984741211,17.979999542236328,17.770000457763672,17.899999618530273,3849900
2023-08-22,16.071989059448242,17.959999084472656,18.030000686645508,17.75,17.90999984741211,5206300
2023-08-23,16.394145965576172,18.31999969482422,18.3799991607666,18.059999465942383,18.26000022888184,7279300
2023-08-24,15.857220649719238,17.719999313354492,18.459999084472656,17.649999618530273,18.209999084472656,5114100
2023-08-25,16.161476135253906,18.059999465942383,18.200000762939453,17.899999618530273,17.899999618530273,3195400
2023-08-28,16.036197662353516,17.920000076293945,18.239999771118164,17.860000610351562,18.13999938964844,2336000
2023-08-29,16.29570960998535,18.209999084472656,18.309999465942383,17.90999984741211,18.030000686645508,4705600
2023-08-30,16.30466079711914,18.21999931335449,18.3700008392334,18.07999992370605,18.1299991607666,3083400
2023-08-31,16.04514503479004,17.93000030517578,18.32999992370605,17.8700008392334,18.32999992370605,5258000
2023-09-01,16.009347915649414,17.889999389648438,18.11000061035156,17.540000915527344,18.0,5346800
2023-09-05,15.60665512084961,17.440000534057617,17.899999618530273,17.360000610351562,17.84000015258789,5297900
2023-09-06,15.59770679473877,17.43000030517578,17.440000534057617,17.219999313354492,17.420000076293945,10449000
2023-09-07,15.203960418701172,16.989999771118164,17.579999923706055,16.889999389648438,17.56999969482422,9263400
2023-09-08,15.454524993896484,17.270000457763672,17.389999389648438,16.969999313354492,16.989999771118164,6048900
2023-09-11,15.427679061889648,17.239999771118164,17.540000915527344,17.190000534057617,17.350000381469727,4543800
2023-09-12,15.239754676818848,17.030000686645508,17.270000457763672,17.0,17.06999969482422,8104700
2023-09-13,15.203960418701172,16.989999771118164,17.229999542236328,16.979999542236328,17.1200008392334,6629100
2023-09-14,15.56191062927246,17.389999389648438,17.510000228881836,17.079999923706055,17.18000030517578,11388300
2023-09-15,15.427679061889648,17.239999771118164,17.579999923706055,17.200000762939453,17.43000030517578,10176800
2023-09-18,15.284497261047363,17.079999923706055,17.270000457763672,17.010000228881836,17.209999084472656,5241700
2023-09-19,14.998138427734377,16.760000228881836,17.100000381469727,16.739999771118164,17.049999237060547,6291500
2023-09-20,15.024984359741213,16.790000915527344,17.09000015258789,16.770000457763672,16.889999389648438,5185100
2023-09-21,14.702829360961914,16.43000030517578,16.770000457763672,16.420000076293945,16.600000381469727,5510700
2023-09-22,14.28223705291748,15.960000038146973,16.40999984741211,15.920000076293944,16.34000015258789,6984700
2023-09-25,14.532800674438477,16.239999771118164,16.270000457763672,15.770000457763672,15.850000381469728,7299600
2023-09-26,14.192748069763184,15.859999656677246,16.219999313354492,15.75,16.170000076293945,6904400
2023-09-27,14.255390167236328,15.93000030517578,15.970000267028809,15.630000114440918,15.859999656677246,6600800
2023-09-28,13.31576919555664,14.880000114440918,16.139999389648438,14.850000381469728,16.079999923706055,10088100
2023-09-29,13.602128982543944,15.199999809265137,15.4399995803833,15.020000457763672,15.109999656677246,9409600
2023-10-02,12.67145824432373,14.15999984741211,15.130000114440918,14.100000381469728,15.079999923706056,9800200
2023-10-03,12.116634368896484,13.539999961853027,14.0,13.239999771118164,13.899999618530272,16112300
2023-10-04,11.812376022338867,13.199999809265137,13.65999984741211,12.920000076293944,13.609999656677246,10910000
2023-10-05,11.284398078918455,12.609999656677246,13.140000343322754,12.359999656677246,13.140000343322754,16193800
2023-10-06,11.141217231750488,12.449999809265137,12.5,11.43000030517578,12.100000381469728,27880000
2023-10-09,11.347039222717283,12.68000030517578,12.760000228881836,12.380000114440918,12.449999809265137,12585200
2023-10-10,11.633402824401855,13.0,13.25,12.699999809265137,12.859999656677246,10449600
2023-10-11,11.982402801513672,13.390000343322754,13.420000076293944,12.880000114440918,13.09000015258789,9173400
2023-10-12,11.678146362304688,13.050000190734863,13.229999542236328,12.869999885559082,13.1899995803833,13743600
2023-10-13,11.77657985687256,13.15999984741211,13.390000343322754,13.039999961853027,13.1899995803833,9307300
2023-10-16,12.26876163482666,13.710000038146973,13.81999969482422,13.170000076293944,13.260000228881836,10671300
2023-10-17,12.304557800292969,13.75,13.90999984741211,13.350000381469728,13.420000076293944,8952700
2023-10-18,12.411942481994627,13.869999885559082,13.899999618530272,13.56999969482422,13.68000030517578,11462800
2023-10-19,12.385098457336426,13.84000015258789,14.119999885559082,13.770000457763672,13.779999732971191,10553100
2023-10-20,12.376148223876951,13.829999923706056,13.9399995803833,13.600000381469728,13.75,12450700
2023-10-23,12.528276443481444,14.0,14.289999961853027,13.550000190734863,13.619999885559082,8186800
2023-10-24,13.002561569213867,14.529999732971191,14.56999969482422,14.149999618530272,14.15999984741211,8650500
2023-10-25,13.13679313659668,14.68000030517578,14.699999809265137,14.329999923706056,14.34000015258789,7998400
2023-10-26,13.333666801452637,14.899999618530272,14.970000267028809,14.649999618530272,14.729999542236328,6991000
2023-10-27,13.199434280395508,14.75,14.960000038146973,14.529999732971191,14.8100004196167,18329700
2023-10-30,13.378410339355469,14.949999809265137,15.079999923706056,14.720000267028809,14.899999618530272,9187600
2023-10-31,13.483381271362305,14.899999618530272,14.93000030517578,14.670000076293944,14.899999618530272,8905100
2023-11-01,13.438135147094728,14.850000381469728,14.949999809265137,14.699999809265137,14.93000030517578,15484100
2023-11-02,14.026337623596191,15.5,15.520000457763672,15.0,15.029999732971191,12379500
2023-11-03,15.193690299987791,16.790000915527344,16.84000015258789,15.630000114440918,16.0,12325300
2023-11-06,14.786474227905272,16.34000015258789,16.920000076293945,16.31999969482422,16.6299991607666,9131900
2023-11-07,14.605488777160645,16.139999389648438,16.43000030517578,16.100000381469727,16.399999618530273,5877500
2023-11-08,14.677882194519045,16.219999313354492,16.399999618530273,16.079999923706055,16.3700008392334,6343200
2023-11-09,14.143977165222168,15.630000114440918,16.34000015258789,15.59000015258789,16.299999237060547,6536000
2023-11-10,14.207322120666504,15.699999809265137,15.920000076293944,15.579999923706056,15.779999732971191,4816000
2023-11-13,14.062535285949709,15.539999961853027,15.899999618530272,15.510000228881836,15.739999771118164,5024900
2023-11-14,15.329428672790527,16.940000534057617,16.959999084472656,16.149999618530273,16.170000076293945,7531900
2023-11-15,15.39277458190918,17.010000228881836,17.270000457763672,16.780000686645508,16.84000015258789,7047100
2023-11-16,15.302282333374023,16.90999984741211,17.190000534057617,16.75,17.06999969482422,4826900
2023-11-17,15.39277458190918,17.010000228881836,17.1200008392334,16.84000015258789,17.079999923706055,4858200
2023-11-20,15.573760986328123,17.209999084472656,17.260000228881836,16.670000076293945,16.93000030517578,4738200
2023-11-21,15.148445129394531,16.739999771118164,17.190000534057617,16.6299991607666,17.1200008392334,5930500
2023-11-22,15.302282333374023,16.90999984741211,16.920000076293945,16.6299991607666,16.860000610351562,4408200
2023-11-24,15.320380210876465,16.93000030517578,17.079999923706055,16.860000610351562,16.8700008392334,2055800
2023-11-27,15.302282333374023,16.90999984741211,16.969999313354492,16.68000030517578,16.889999389648438,4581000
2023-11-28,15.537561416625977,17.170000076293945,17.270000457763672,16.770000457763672,16.940000534057617,3751000
2023-11-29,15.582808494567873,17.219999313354492,17.479999542236328,17.0,17.290000915527344,5351400
2023-11-30,15.573760986328123,17.209999084472656,17.520000457763672,17.040000915527344,17.290000915527344,8903800
2023-12-01,16.40629005432129,18.1299991607666,18.13999938964844,17.1299991607666,17.1299991607666,5483700
2023-12-04,16.270553588867188,17.979999542236328,18.13999938964844,17.709999084472656,17.899999618530273,7498900
2023-12-05,16.234355926513672,17.940000534057617,18.06999969482422,17.75,17.969999313354492,4779200
2023-12-06,16.234355926513672,17.940000534057617,18.200000762939453,17.860000610351562,18.1299991607666,10153300
2023-12-07,16.442485809326172,18.170000076293945,18.32999992370605,17.940000534057617,18.059999465942383,4040500
2023-12-08,16.487733840942383,18.21999931335449,18.26000022888184,18.030000686645508,18.14999961853028,6169900
2023-12-11,16.333892822265625,18.049999237060547,18.38999938964844,17.899999618530273,18.09000015258789,5257200
2023-12-12,16.47868537902832,18.209999084472656,18.270000457763672,17.860000610351562,18.1299991607666,4472200
2023-12-13,17.492198944091797,19.32999992370605,19.420000076293945,18.100000381469727,18.31999969482422,10544600
2023-12-14,17.763675689697266,19.6299991607666,20.239999771118164,19.450000762939453,19.75,10522500
2023-12-15,17.510297775268555,19.350000381469727,19.76000022888184,19.15999984741211,19.600000381469727,10852600
2023-12-18,17.2116756439209,19.020000457763672,19.440000534057617,18.93000030517578,19.43000030517578,4448500
2023-12-19,17.519344329833984,19.36000061035156,19.5,19.170000076293945,19.270000457763672,5259700
2023-12-20,16.623472213745117,18.3700008392334,19.32999992370605,18.350000381469727,19.299999237060547,6999800
2023-12-21,17.05783462524414,18.850000381469727,19.020000457763672,18.559999465942383,18.600000381469727,4595400
2023-12-22,17.284069061279297,19.100000381469727,19.31999969482422,18.86000061035156,18.959999084472656,2907700
2023-12-26,17.519344329833984,19.36000061035156,19.440000534057617,19.030000686645508,19.1299991607666,2204900
2023-12-27,17.44695281982422,19.280000686645508,19.39999961853028,19.18000030517578,19.32999992370605,2940900
2023-12-28,17.510297775268555,19.350000381469727,19.5,19.1299991607666,19.1299991607666,3077500
2023-12-29,17.4198055267334,19.25,19.40999984741211,19.13999938964844,19.18000030517578,3749600
2024-01-02,17.50124740600586,19.34000015258789,19.530000686645508,19.0,19.13999938964844,4785300
2024-01-03,17.130229949951172,18.93000030517578,19.15999984741211,18.56999969482422,19.11000061035156,7540700
2024-01-04,17.0759334564209,18.8700008392334,19.1299991607666,18.75,19.09000015258789,4501400
2024-01-05,17.012590408325195,18.799999237060547,19.350000381469727,18.6299991607666,18.799999237060547,12185600
2024-01-08,17.25691795349121,19.06999969482422,19.239999771118164,18.690000534057617,18.690000534057617,4824200
2024-01-09,17.06688690185547,18.86000061035156,19.1299991607666,18.76000022888184,18.799999237060547,3265800
2024-01-10,17.084983825683594,18.8799991607666,19.049999237060547,18.729999542236328,18.809999465942383,2884900
2024-01-11,16.3157958984375,18.030000686645508,18.770000457763672,17.770000457763672,18.71999931335449,4921000
2024-01-12,16.686817169189453,18.440000534057617,18.540000915527344,18.18000030517578,18.18000030517578,4861300
2024-01-16,16.18910789489746,17.889999389648438,18.31999969482422,17.799999237060547,18.13999938964844,4828800
2024-01-17,15.745695114135742,17.399999618530273,17.809999465942383,17.149999618530273,17.559999465942383,7030900
2024-01-18,15.727593421936035,17.3799991607666,17.420000076293945,17.100000381469727,17.280000686645508,4630800
2024-01-19,15.284180641174316,16.889999389648438,17.510000228881836,16.780000686645508,17.5,6380700
2024-01-22,15.18463897705078,16.780000686645508,17.3799991607666,16.760000228881836,17.0,7773200
2024-01-23,15.211787223815918,16.809999465942383,16.979999542236328,16.6200008392334,16.940000534057617,5105200
2024-01-24,14.931262969970703,16.5,17.15999984741211,16.479999542236328,17.100000381469727,5300400
2024-01-25,15.50136375427246,17.1299991607666,17.420000076293945,16.719999313354492,16.860000610351562,7909200
2024-01-26,15.519463539123535,17.149999618530273,17.40999984741211,17.1299991607666,17.229999542236328,5193100
2024-01-29,15.637104034423828,17.280000686645508,17.360000610351562,16.829999923706055,17.149999618530273,4556000
2024-01-30,15.356575965881348,16.969999313354492,17.239999771118164,16.790000915527344,17.170000076293945,4965900
2024-01-31,15.249610900878906,16.68000030517578,17.020000457763672,16.579999923706055,16.940000534057617,7354800
2024-02-01,15.688446998596191,17.15999984741211,17.15999984741211,16.530000686645508,16.729999542236328,4543300
2024-02-02,15.560454368591309,17.020000457763672,17.299999237060547,16.350000381469727,16.760000228881836,10426900
2024-02-05,15.094188690185549,16.510000228881836,16.770000457763672,16.229999542236328,16.690000534057617,5550500
2024-02-06,15.085046768188477,16.5,16.649999618530273,16.3700008392334,16.420000076293945,5464400
2024-02-07,14.920480728149414,16.31999969482422,16.709999084472656,16.149999618530273,16.6200008392334,8234000
2024-02-08,14.810773849487305,16.200000762939453,16.329999923706055,15.970000267028809,16.25,6388900
2024-02-09,15.04847526550293,16.459999084472656,16.479999542236328,16.1299991607666,16.190000534057617,5498400
2024-02-12,15.432456970214844,16.8799991607666,16.899999618530273,16.40999984741211,16.520000457763672,6294100
2024-02-13,14.627923965454102,16.0,16.540000915527344,15.699999809265137,16.43000030517578,7946300
2024-02-14,14.7559175491333,16.139999389648438,16.360000610351562,15.890000343322754,16.1299991607666,7907900
2024-02-15,15.34103298187256,16.780000686645508,16.920000076293945,16.299999237060547,16.360000610351562,6395700
2024-02-16,15.331890106201172,16.770000457763672,16.850000381469727,16.40999984741211,16.520000457763672,5774000
2024-02-20,15.011905670166016,16.420000076293945,16.889999389648438,16.399999618530273,16.610000610351562,5732400
2024-02-21,15.130757331848145,16.549999237060547,16.639999389648438,16.31999969482422,16.450000762939453,4480900
2024-02-22,14.627923965454102,16.0,16.559999465942383,15.989999771118164,16.399999618530273,6579900
2024-02-23,14.627923965454102,16.0,16.209999084472656,15.90999984741211,16.030000686645508,5890600
2024-02-26,14.216513633728027,15.550000190734863,15.9399995803833,15.40999984741211,15.880000114440918,10295600
2024-02-27,13.805103302001951,15.100000381469728,16.020000457763672,14.6899995803833,15.789999961853027,14453800
2024-02-28,13.76853370666504,15.0600004196167,15.380000114440918,14.859999656677246,15.020000457763672,11942400
2024-02-29,13.896526336669922,15.199999809265137,15.550000190734863,15.140000343322754,15.260000228881836,8748100
2024-03-01,14.143373489379885,15.470000267028809,15.510000228881836,14.84000015258789,15.199999809265137,7914100
2024-03-04,14.691920280456545,16.06999969482422,16.239999771118164,15.43000030517578,15.479999542236328,7255000
2024-03-05,14.765061378479004,16.149999618530273,17.18000030517578,16.020000457763672,16.100000381469727,16423200
2024-03-06,14.829056739807127,16.219999313354492,16.719999313354492,16.09000015258789,16.610000610351562,13567000
2024-03-07,14.77420425415039,16.15999984741211,16.530000686645508,16.149999618530273,16.5,6692600
2024-03-08,14.856484413146973,16.25,16.399999618530273,16.079999923706055,16.34000015258789,17778700
2024-03-11,14.984479904174805,16.389999389648438,16.670000076293945,16.170000076293945,16.280000686645508,10349400
2024-03-12,14.573068618774414,15.9399995803833,16.360000610351562,15.800000190734863,16.31999969482422,6213800
2024-03-13,14.399362564086914,15.75,16.200000762939453,15.710000038146973,16.010000228881836,12248400
2024-03-14,13.741106033325195,15.029999732971191,15.8100004196167,14.859999656677246,15.649999618530272,14105300
2024-03-15,13.722821235656738,15.010000228881836,15.260000228881836,14.93000030517578,15.0600004196167,16883900
2024-03-18,13.603968620300291,14.880000114440918,15.0600004196167,14.739999771118164,15.0,9107000
2024-03-19,14.207371711730955,15.539999961853027,15.68000030517578,14.859999656677246,14.970000267028809,8790800
2024-03-20,14.207371711730955,15.539999961853027,15.609999656677246,15.270000457763672,15.449999809265137,9195200
2024-03-21,14.408504486083984,15.760000228881836,15.899999618530272,15.5,15.550000190734863,34627800
2024-03-22,14.847342491149902,16.239999771118164,16.34000015258789,15.81999969482422,15.970000267028809,11787400
2024-03-25,15.039334297180176,16.450000762939453,16.530000686645508,16.170000076293945,16.239999771118164,10622700
2024-03-26,15.213041305541992,16.639999389648438,16.8799991607666,16.489999771118164,16.59000015258789,14859300
2024-03-27,15.770730018615724,17.25,17.290000915527344,16.649999618530273,16.8799991607666,10702700
2024-03-28,16.392417907714844,17.93000030517578,17.979999542236328,17.229999542236328,17.329999923706055,11908100
2024-04-01,16.520408630371094,18.06999969482422,18.11000061035156,17.600000381469727,18.06999969482422,8752600
2024-04-02,16.29184913635254,17.81999969482422,18.11000061035156,17.670000076293945,17.950000762939453,7593100
2024-04-03,16.364990234375,17.899999618530273,17.989999771118164,17.670000076293945,17.739999771118164,6434400
2024-04-04,16.584407806396484,18.13999938964844,18.64999961853028,18.06999969482422,18.21999931335449,9475600
2024-04-05,16.529552459716797,18.07999992370605,18.280000686645508,17.770000457763672,18.0,7587100
2024-04-08,16.73068618774414,18.299999237060547,18.3799991607666,18.049999237060547,18.290000915527344,7052000
2024-04-09,16.721546173095703,18.290000915527344,18.540000915527344,18.09000015258789,18.3700008392334,7804200
2024-04-10,16.163856506347656,17.68000030517578,17.81999969482422,17.350000381469727,17.799999237060547,6844500
2024-04-11,16.29184913635254,17.81999969482422,17.920000076293945,17.469999313354492,17.90999984741211,8324800
2024-04-12,15.40503215789795,16.850000381469727,17.969999313354492,16.829999923706055,17.719999313354492,7682500
2024-04-15,14.77420425415039,16.15999984741211,17.200000762939453,15.920000076293944,16.899999618530273,10443200
2024-04-16,14.545641899108888,15.90999984741211,16.229999542236328,15.81999969482422,16.100000381469727,12295200
2024-04-17,14.7559175491333,16.139999389648438,16.329999923706055,15.729999542236328,16.010000228881836,7886800
2024-04-18,14.874770164489746,16.270000457763672,16.510000228881836,16.149999618530273,16.34000015258789,5497500
2024-04-19,14.993622779846191,16.399999618530273,16.489999771118164,16.200000762939453,16.229999542236328,7100700
2024-04-22,15.267898559570312,16.700000762939453,16.760000228881836,16.18000030517578,16.420000076293945,6514900
2024-04-23,15.661019325256348,17.1299991607666,17.329999923706055,16.610000610351562,16.649999618530273,5742400
2024-04-24,15.88043975830078,17.3700008392334,17.440000534057617,16.8700008392334,16.940000534057617,5290100
2024-04-25,15.661019325256348,17.1299991607666,17.360000610351562,17.049999237060547,17.18000030517578,4465600
2024-04-26,15.73416233062744,17.209999084472656,17.469999313354492,17.139999389648438,17.239999771118164,4772200
2024-04-29,16.328420639038086,17.860000610351562,17.959999084472656,17.270000457763672,17.399999618530273,8094100
2024-04-30,16.525060653686523,17.899999618530273,17.940000534057617,17.309999465942383,17.350000381469727,8122400
2024-05-01,16.77431869506836,18.170000076293945,18.549999237060547,17.739999771118164,17.899999618530273,8971500
2024-05-02,17.475942611694336,18.93000030517578,19.01000022888184,18.299999237060547,18.43000030517578,11059100
2024-05-03,17.235912322998047,18.670000076293945,19.68000030517578,18.350000381469727,18.71999931335449,11127600
2024-05-06,17.429780960083008,18.8799991607666,19.01000022888184,18.59000015258789,18.86000061035156,9578100
2024-05-07,17.39285659790039,18.84000015258789,19.299999237060547,18.739999771118164,19.059999465942383,8983200
2024-05-08,17.88214683532715,19.3700008392334,19.540000915527344,18.450000762939453,18.600000381469727,11959500
2024-05-09,18.45452117919922,19.989999771118164,20.049999237060547,19.26000022888184,19.36000061035156,7898300
2024-05-10,18.408361434936523,19.940000534057617,20.450000762939453,19.76000022888184,20.049999237060547,8197900
2024-05-13,18.42682838439941,19.959999084472656,20.209999084472656,19.93000030517578,20.0,7010100
2024-05-14,18.75917053222656,20.31999969482422,20.450000762939453,20.049999237060547,20.190000534057617,9218400
2024-05-15,19.506954193115234,21.1299991607666,21.290000915527344,20.75,20.790000915527344,10406800
2024-05-16,19.580808639526367,21.209999084472656,21.600000381469727,21.01000022888184,21.209999084472656,12829200
2024-05-17,19.64543342590332,21.280000686645508,21.5,20.979999542236328,21.100000381469727,9083200
2024-05-20,19.64543342590332,21.280000686645508,21.46999931335449,21.14999961853028,21.350000381469727,5920300
2024-05-21,19.42387008666992,21.040000915527344,21.299999237060547,20.850000381469727,21.01000022888184,8788700
2024-05-22,19.322315216064453,20.93000030517578,21.299999237060547,20.81999969482422,20.84000015258789,6937800
2024-05-23,18.980737686157227,20.559999465942383,21.0,20.46999931335449,20.93000030517578,6524600
2024-05-24,19.30385398864746,20.90999984741211,21.030000686645508,20.59000015258789,20.709999084472656,7006000
2024-05-28,19.506954193115234,21.1299991607666,21.520000457763672,20.989999771118164,21.030000686645508,6978500
2024-05-29,19.451562881469727,21.06999969482422,21.15999984741211,20.700000762939453,20.799999237060547,5329200
2024-05-30,20.097795486450195,21.770000457763672,21.82999992370605,21.07999992370605,21.170000076293945,7466400
2024-05-31,19.931621551513672,21.59000015258789,22.209999084472656,21.32999992370605,21.90999984741211,11403100
2024-06-03,19.16537857055664,20.76000022888184,21.81999969482422,20.6200008392334,21.81999969482422,7078200
2024-06-04,18.91611671447754,20.489999771118164,20.850000381469727,20.170000076293945,20.65999984741211,7232900
2024-06-05,19.2576961517334,20.86000061035156,21.1200008392334,20.530000686645508,20.549999237060547,6247500
2024-06-06,18.79610061645508,20.36000061035156,20.89999961853028,20.239999771118164,20.600000381469727,6630900
2024-06-07,18.34374046325684,19.8700008392334,20.3799991607666,19.84000015258789,20.020000457763672,5768500
2024-06-10,18.814565658569336,20.3799991607666,20.5,19.75,19.86000061035156,5453900
2024-06-11,18.30681037902832,19.82999992370605,20.280000686645508,19.64999961853028,20.100000381469727,6538600
2024-06-12,18.14986801147461,19.65999984741211,20.6299991607666,19.540000915527344,20.540000915527344,6665400
2024-06-13,18.09447860717773,19.600000381469727,19.93000030517578,19.420000076293945,19.549999237060547,5093500
2024-06-14,17.854446411132812,19.34000015258789,19.6200008392334,19.200000762939453,19.440000534057617,3960500
2024-06-17,17.39285659790039,18.84000015258789,19.209999084472656,18.46999931335449,19.18000030517578,8519300
2024-06-18,17.503637313842773,18.959999084472656,19.11000061035156,18.57999992370605,18.739999771118164,5872000
2024-06-20,17.411319732666016,18.86000061035156,19.0,18.700000762939453,18.950000762939453,4682100
2024-06-21,17.0512752532959,18.46999931335449,18.82999992370605,18.39999961853028,18.46999931335449,17808600
2024-06-24,17.531333923339844,18.989999771118164,19.13999938964844,18.530000686645508,18.56999969482422,4883000
2024-06-25,17.4482479095459,18.89999961853028,19.239999771118164,18.82999992370605,19.14999961853028,3922600
2024-06-26,17.45747947692871,18.90999984741211,19.309999465942383,18.739999771118164,18.75,8909500
2024-06-27,17.623653411865234,19.09000015258789,19.170000076293945,18.729999542236328,18.790000915527344,4599700
2024-06-28,16.22040557861328,17.56999969482422,19.209999084472656,17.350000381469727,19.209999084472656,28445300
2024-07-01,16.10039520263672,17.440000534057617,17.889999389648438,17.149999618530273,17.829999923706055,9712200
2024-07-02,16.183481216430664,17.530000686645508,17.75,17.239999771118164,17.520000457763672,8387000
2024-07-03,16.515825271606445,17.889999389648438,18.040000915527344,17.6200008392334,17.719999313354492,3243100
2024-07-05,16.349651336669922,17.709999084472656,18.049999237060547,17.549999237060547,18.010000228881836,6928000
2024-07-08,16.478899002075195,17.850000381469727,17.93000030517578,17.68000030517578,17.739999771118164,3802800
2024-07-09,16.321958541870117,17.68000030517578,18.010000228881836,17.649999618530273,17.780000686645508,4176200
2024-07-10,16.54352569580078,17.920000076293945,17.989999771118164,17.6200008392334,17.90999984741211,3388200
2024-07-11,17.217449188232422,18.64999961853028,18.71999931335449,18.270000457763672,18.34000015258789,5480700
2024-07-12,17.439014434814453,18.88999938964844,19.1299991607666,18.68000030517578,18.770000457763672,6349800
2024-07-15,15.694189071655272,17.0,18.31999969482422,16.959999084472656,18.25,13899300
2024-07-16,16.294260025024414,17.649999618530273,17.700000762939453,17.1299991607666,17.200000762939453,7590000
2024-07-17,15.59263801574707,16.889999389648438,17.56999969482422,16.770000457763672,17.469999313354492,8844200
2024-07-18,15.768043518066406,17.079999923706055,17.219999313354492,16.770000457763672,17.049999237060547,9984100
2024-07-19,15.786507606506348,17.100000381469727,17.280000686645508,17.059999465942383,17.200000762939453,4641800
2024-07-22,16.17424774169922,17.520000457763672,17.56999969482422,17.15999984741211,17.399999618530273,8080300
2024-07-23,16.21117401123047,17.559999465942383,17.8799991607666,17.309999465942383,17.329999923706055,4993000
2024-07-24,15.980379104614258,17.309999465942383,17.90999984741211,17.280000686645508,17.68000030517578,10045500
2024-07-25,15.906522750854492,17.229999542236328,17.510000228881836,17.139999389648438,17.329999923706055,11284600
2024-07-26,16.17424774169922,17.520000457763672,17.670000076293945,17.3700008392334,17.520000457763672,5224700
2024-07-29,16.238868713378906,17.59000015258789,17.719999313354492,17.329999923706055,17.610000610351562,5334500
2024-07-30,16.201942443847656,17.549999237060547,17.709999084472656,17.3799991607666,17.610000610351562,7028800
2024-07-31,16.423507690429688,17.790000915527344,18.06999969482422,17.65999984741211,17.889999389648438,18534600
2024-08-01,16.696659088134766,17.90999984741211,17.959999084472656,17.600000381469727,17.6200008392334,9614600
2024-08-02,15.96949863433838,17.1299991607666,17.65999984741211,16.850000381469727,17.299999237060547,10660600
2024-08-05,15.186409950256348,16.290000915527344,16.950000762939453,16.0,16.75,8794300
2024-08-06,15.400827407836914,16.520000457763672,16.940000534057617,16.270000457763672,16.280000686645508,6182900
2024-08-07,15.279633522033691,16.389999389648438,17.010000228881836,16.299999237060547,16.799999237060547,7055500
2024-08-08,15.522018432617188,16.649999618530273,16.81999969482422,16.299999237060547,16.389999389648438,11742500
2024-08-09,15.531341552734377,16.65999984741211,16.770000457763672,16.200000762939453,16.559999465942383,7689200
2024-08-12,15.57795238494873,16.709999084472656,16.739999771118164,16.440000534057617,16.649999618530273,6237000
2024-08-13,15.745759963989258,16.889999389648438,16.950000762939453,16.639999389648438,16.899999618530273,6322000
2024-08-14,15.792372703552246,16.940000534057617,17.100000381469727,16.6299991607666,16.940000534057617,5670200
2024-08-15,16.100017547607422,17.270000457763672,17.459999084472656,16.899999618530273,16.940000534057617,7799600
2024-08-16,16.090694427490234,17.260000228881836,17.3799991607666,17.15999984741211,17.260000228881836,6108300
2024-08-19,16.193241119384766,17.3700008392334,17.489999771118164,17.190000534057617,17.239999771118164,5804400
2024-08-20,16.20256233215332,17.3799991607666,17.469999313354492,17.239999771118164,17.290000915527344,7780300
2024-08-21,16.472917556762695,17.670000076293945,17.760000228881836,17.329999923706055,17.43000030517578,5766400
2024-08-22,16.56614112854004,17.770000457763672,17.84000015258789,17.540000915527344,17.65999984741211,6082900
2024-08-23,16.85514259338379,18.07999992370605,18.229999542236328,17.75,17.8700008392334,6788500
2024-08-26,16.687335968017578,17.899999618530273,18.209999084472656,17.889999389648438,18.170000076293945,4255700
2024-08-27,16.193241119384766,17.3700008392334,17.899999618530273,17.34000015258789,17.799999237060547,5240900
2024-08-28,16.034761428833008,17.200000762939453,17.450000762939453,17.1200008392334,17.3799991607666,4646100
2024-08-29,16.090694427490234,17.260000228881836,17.389999389648438,16.979999542236328,17.25,5947700
2024-08-30,15.96949863433838,17.1299991607666,17.450000762939453,17.0,17.40999984741211,5713800
2024-09-03,15.615245819091797,16.75,17.139999389648438,16.649999618530273,17.1299991607666,7982100
2024-09-04,15.792372703552246,16.940000534057617,17.100000381469727,16.719999313354492,16.760000228881836,8667000
2024-09-05,15.792372703552246,16.940000534057617,17.18000030517578,16.829999923706055,17.110000610351562,7326600
2024-09-06,15.093182563781738,16.190000534057617,17.040000915527344,16.18000030517578,17.0,8732000
2024-09-09,15.102505683898926,16.200000762939453,16.31999969482422,16.110000610351562,16.209999084472656,7817700
2024-09-10,15.326247215270996,16.440000534057617,16.700000762939453,16.219999313354492,16.239999771118164,6992100
2024-09-11,16.65004539489746,17.860000610351562,17.8799991607666,16.75,16.780000686645508,13642600
2024-09-12,16.892431259155273,18.1200008392334,18.43000030517578,17.690000534057617,17.950000762939453,9276000
2024-09-13,17.283977508544922,18.540000915527344,18.64999961853028,18.209999084472656,18.34000015258789,7082900
2024-09-16,17.722137451171875,19.01000022888184,19.229999542236328,18.57999992370605,18.57999992370605,10000500
2024-09-17,17.936553955078125,19.239999771118164,19.59000015258789,19.07999992370605,19.200000762939453,12312200
2024-09-18,17.955202102661133,19.26000022888184,19.64999961853028,19.059999465942383,19.299999237060547,10658500
2024-09-19,17.619590759277344,18.89999961853028,19.64999961853028,18.850000381469727,19.559999465942383,13604000
2024-09-20,17.619590759277344,18.89999961853028,19.15999984741211,18.739999771118164,19.15999984741211,19704200
2024-09-23,18.01113510131836,19.31999969482422,19.34000015258789,18.920000076293945,18.93000030517578,10068500
2024-09-24,17.81536102294922,19.11000061035156,19.63999938964844,19.100000381469727,19.350000381469727,9284400
2024-09-25,18.206911087036133,19.530000686645508,19.6299991607666,19.15999984741211,19.15999984741211,8380700
2024-09-26,18.30945587158203,19.63999938964844,20.020000457763672,19.520000457763672,19.700000762939453,6737500
2024-09-27,18.710325241088867,20.06999969482422,20.18000030517578,19.850000381469727,19.850000381469727,6670300
2024-09-30,18.70100212097168,20.059999465942383,20.200000762939453,19.850000381469727,20.09000015258789,7123800
2024-10-01,18.86880874633789,20.239999771118164,20.299999237060547,19.6200008392334,19.979999542236328,6086000
2024-10-02,18.542518615722656,19.88999938964844,20.25,19.770000457763672,20.01000022888184,6538500
2024-10-03,17.834007263183594,19.1299991607666,20.01000022888184,19.100000381469727,19.920000076293945,8837100
2024-10-04,17.6289119720459,18.90999984741211,19.290000915527344,18.770000457763672,19.07999992370605,10667600
2024-10-07,17.405170440673828,18.670000076293945,19.0,18.479999542236328,18.84000015258789,7919000
2024-10-08,16.920398712158203,18.14999961853028,18.57999992370605,18.1200008392334,18.459999084472656,4914400
2024-10-09,16.49156379699707,17.690000534057617,18.14999961853028,17.600000381469727,18.0,7439000
2024-10-10,16.15595245361328,17.329999923706055,17.68000030517578,17.329999923706055,17.68000030517578,7463400
2024-10-11,16.14662742614746,17.31999969482422,17.40999984741211,17.079999923706055,17.229999542236328,7075000
2024-10-14,16.277145385742188,17.459999084472656,17.520000457763672,17.299999237060547,17.31999969482422,5815300
2024-10-15,16.23052978515625,17.40999984741211,18.309999465942383,17.3700008392334,18.06999969482422,10491900
2024-10-16,16.678010940551758,17.889999389648438,17.950000762939453,17.520000457763672,17.59000015258789,10226900
2024-10-17,16.081371307373047,17.25,17.979999542236328,17.18000030517578,17.889999389648438,8137500
2024-10-18,16.286466598510742,17.469999313354492,17.469999313354492,17.190000534057617,17.3799991607666,4422400
2024-10-21,16.04408073425293,17.209999084472656,17.670000076293945,17.09000015258789,17.520000457763672,7460900
2024-10-22,15.848307609558104,17.0,17.139999389648438,16.729999542236328,17.020000457763672,11199300
2024-10-23,15.922887802124023,17.079999923706055,17.329999923706055,16.829999923706055,16.920000076293945,9463600
2024-10-24,15.829663276672363,16.979999542236328,17.170000076293945,16.850000381469727,17.059999465942383,6478700
2024-10-25,15.811017036437988,16.959999084472656,17.219999313354492,16.899999618530273,17.09000015258789,6809000
2024-10-28,15.894919395446776,17.049999237060547,17.3700008392334,17.030000686645508,17.06999969482422,5239100
2024-10-29,15.400827407836914,16.520000457763672,16.860000610351562,16.3700008392334,16.850000381469727,11215700
2024-10-30,15.30760097503662,16.420000076293945,16.649999618530273,16.3700008392334,16.600000381469727,11624000
2024-10-31,15.372858047485352,16.489999771118164,16.610000610351562,16.350000381469727,16.420000076293945,14759600
2024-11-01,13.858843803405762,14.710000038146973,16.200000762939453,14.68000030517578,16.09000015258789,30895200
2024-11-04,14.348753929138184,15.229999542236328,15.670000076293944,14.859999656677246,14.899999618530272,15466000
2024-11-05,14.612554550170898,15.510000228881836,15.520000457763672,14.8100004196167,15.06999969482422,14503200
2024-11-06,13.378353118896484,14.199999809265137,14.710000038146973,13.850000381469728,14.68000030517578,30290800
2024-11-07,12.860177993774414,13.649999618530272,14.229999542236328,13.619999885559082,14.15999984741211,25879800
2024-11-08,12.813071250915527,13.600000381469728,13.829999923706056,13.300000190734863,13.5600004196167,19844700
2024-11-11,13.086291313171388,13.890000343322754,13.9399995803833,13.329999923706056,13.859999656677246,21883800
2024-11-12,12.671749114990234,13.449999809265137,14.119999885559082,13.270000457763672,13.970000267028809,14508400
2024-11-13,12.831912994384766,13.619999885559082,13.649999618530272,13.380000114440918,13.630000114440918,11706100
2024-11-14,13.18992519378662,14.0,14.359999656677246,13.579999923706056,13.6899995803833,13488300
2024-11-15,13.161661148071287,13.970000267028809,14.170000076293944,13.75,14.130000114440918,11948600
2024-11-18,12.944969177246094,13.739999771118164,13.93000030517578,13.729999542236328,13.859999656677246,8499600
2024-11-19,12.954391479492188,13.75,13.829999923706056,13.460000038146973,13.600000381469728,11811200
2024-11-20,12.51158618927002,13.279999732971191,13.81999969482422,13.15999984741211,13.75,17947500
2024-11-21,12.483323097229004,13.25,13.380000114440918,13.039999961853027,13.260000228881836,21346600
2024-11-22,12.285473823547363,13.039999961853027,13.529999732971191,12.970000267028809,13.289999961853027,29753100
2024-11-25,12.398530006408691,13.15999984741211,13.380000114440918,13.050000190734863,13.130000114440918,17646800
2024-11-26,11.852089881896973,12.579999923706056,13.050000190734863,12.529999732971191,13.0,20868700
2024-11-27,12.23836612701416,12.989999771118164,13.1899995803833,12.649999618530272,12.649999618530272,16716300
2024-11-29,12.285473823547363,13.039999961853027,13.15999984741211,12.960000038146973,13.0,7963500
2024-12-02,12.257209777832031,13.010000228881836,13.279999732971191,12.880000114440918,13.0600004196167,11820600
2024-12-03,12.29489517211914,13.050000190734863,13.380000114440918,13.029999732971191,13.109999656677246,13176900
2024-12-04,12.652907371520996,13.43000030517578,13.949999809265137,13.010000228881836,13.010000228881836,24649700
2024-12-05,12.52100944519043,13.289999961853027,13.649999618530272,13.199999809265137,13.5,13809100
2024-12-06,12.29489517211914,13.050000190734863,13.489999771118164,13.010000228881836,13.390000343322754,8687500
2024-12-09,12.813071250915527,13.600000381469728,13.949999809265137,13.220000267028809,13.3100004196167,18021600
2024-12-10,12.850756645202637,13.640000343322754,13.770000457763672,13.40999984741211,13.449999809265137,13348900
2024-12-11,12.803648948669434,13.59000015258789,13.789999961853027,13.510000228881836,13.670000076293944,14140300
2024-12-12,12.737700462341309,13.520000457763672,13.789999961853027,13.510000228881836,13.619999885559082,12058100
2024-12-13,12.577536582946776,13.350000381469728,13.609999656677246,13.09000015258789,13.5,10761000
2024-12-16,12.389108657836914,13.149999618530272,13.3100004196167,13.109999656677246,13.18000030517578,11369200
2024-12-17,12.125309944152832,12.869999885559082,13.25,12.800000190734863,13.079999923706056,10465700
2024-12-18,11.77672004699707,12.5,13.109999656677246,12.489999771118164,12.899999618530272,12404900
2024-12-19,11.72019100189209,12.4399995803833,12.579999923706056,12.239999771118164,12.449999809265137,15220600
2024-12-20,12.24778938293457,13.0,13.109999656677246,12.359999656677246,12.359999656677246,25105700
2024-12-23,12.304316520690918,13.0600004196167,13.09000015258789,12.779999732971191,12.890000343322754,10108300
2024-12-24,12.266632080078123,13.020000457763672,13.050000190734863,12.880000114440918,13.0,3967400
2024-12-26,12.0970458984375,12.84000015258789,12.989999771118164,12.760000228881836,12.960000038146973,7272100
2024-12-27,12.012253761291504,12.75,12.829999923706056,12.579999923706056,12.75,9280700
2024-12-30,11.91804027557373,12.649999618530272,12.710000038146973,12.34000015258789,12.670000076293944,10800300
2024-12-31,12.125309944152832,12.869999885559082,13.100000381469728,12.65999984741211,12.699999809265137,9508000
2025-01-02,12.29489517211914,13.050000190734863,13.210000038146973,12.960000038146973,13.050000190734863,8670100
2025-01-03,12.464479446411133,13.229999542236328,13.380000114440918,13.020000457763672,13.149999618530272,8762900
2025-01-06,12.257209777832031,13.010000228881836,13.4399995803833,13.0,13.300000190734863,12320300
2025-01-07,12.20068073272705,12.949999809265137,13.260000228881836,12.84000015258789,13.220000267028809,12871800
2025-01-08,11.68250560760498,12.399999618530272,12.8100004196167,12.09000015258789,12.8100004196167,17785700
2025-01-10,11.32449436187744,12.020000457763672,12.3100004196167,11.960000038146973,12.300000190734863,16108800
2025-01-13,11.01358699798584,11.6899995803833,12.079999923706056,11.56999969482422,12.0,14181400
2025-01-14,11.16433048248291,11.850000381469728,12.0,11.710000038146973,11.779999732971191,11151300
2025-01-15,11.088960647583008,11.770000457763672,12.329999923706056,11.75,12.18000030517578,9278300
2025-01-16,11.30565071105957,12.0,12.119999885559082,11.710000038146973,11.739999771118164,14563000
2025-01-17,11.136065483093262,11.81999969482422,12.109999656677246,11.710000038146973,12.029999732971191,12469700
2025-01-21,11.07011604309082,11.75,11.979999542236328,11.6899995803833,11.949999809265137,13194000
2025-01-22,10.485990524291992,11.130000114440918,11.710000038146973,11.09000015258789,11.649999618530272,17876100
2025-01-23,10.86284637451172,11.529999732971191,11.579999923706056,11.079999923706056,11.149999618530272,14042700
2025-01-24,10.92879581451416,11.600000381469728,11.84000015258789,11.56999969482422,11.579999923706056,12143900
2025-01-27,10.778053283691406,11.4399995803833,11.720000267028809,11.18000030517578,11.550000190734863,15476500
2025-01-28,10.37293529510498,11.010000228881836,11.479999542236328,10.8100004196167,11.43000030517578,22668100
2025-01-29,10.504834175109863,11.149999618530272,11.260000228881836,11.06999969482422,11.119999885559082,14872400
2025-01-30,10.617891311645508,11.270000457763672,11.420000076293944,11.109999656677246,11.289999961853027,13074100
2025-01-31,10.527924537658691,11.0,11.25,10.920000076293944,11.18000030517578,21783800
2025-02-03,10.250370025634766,10.710000038146973,10.850000381469728,10.390000343322754,10.8100004196167,19129300
2025-02-04,10.154661178588867,10.609999656677246,10.75,10.329999923706056,10.600000381469728,15267800
2025-02-05,10.030240058898926,10.479999542236328,10.729999542236328,10.40999984741211,10.630000114440918,14480200
2025-02-06,10.355648040771484,10.81999969482422,10.90999984741211,10.489999771118164,10.539999961853027,11712800
2025-02-07,10.116377830505373,10.56999969482422,10.84000015258789,10.539999961853027,10.8100004196167,9380100
2025-02-10,10.288652420043944,10.75,10.84000015258789,10.520000457763672,10.600000381469728,10232700
2025-02-11,9.790968894958496,10.229999542236328,10.5,10.0,10.449999809265137,26357200
2025-02-12,9.656977653503418,10.09000015258789,10.15999984741211,10.0,10.09000015258789,14970500
2025-02-13,9.704832077026367,10.140000343322754,10.199999809265137,9.899999618530272,10.149999618530272,13016500
2025-02-14,9.503844261169434,9.93000030517578,10.260000228881836,9.90999984741211,10.15999984741211,18458200
2025-02-18,9.848393440246582,10.289999961853027,10.329999923706056,9.880000114440918,9.979999542236328,16920900
2025-02-19,9.953672409057615,10.399999618530272,10.43000030517578,10.25,10.279999732971191,10035800
2025-02-20,10.212085723876951,10.670000076293944,10.829999923706056,10.420000076293944,10.460000038146973,13167600
2025-02-21,10.135519981384276,10.59000015258789,10.9399995803833,10.550000190734863,10.779999732971191,19723000
2025-02-24,10.25994110107422,10.720000267028809,10.729999542236328,10.359999656677246,10.56999969482422,10345900
2025-02-25,10.393932342529297,10.859999656677246,10.970000267028809,10.600000381469728,10.720000267028809,12792000
2025-02-26,10.4513578414917,10.920000076293944,11.039999961853027,10.699999809265137,10.949999809265137,12192600
2025-02-27,9.934532165527344,10.380000114440918,10.970000267028809,10.380000114440918,10.970000267028809,16285600
2025-02-28,11.09260368347168,11.59000015258789,12.0,10.75,11.050000190734863,71508400
2025-03-03,10.709769248962402,11.1899995803833,11.619999885559082,10.979999542236328,11.149999618530272,25025200
2025-03-04,10.355648040771484,10.81999969482422,11.34000015258789,10.739999771118164,11.260000228881836,20308000
2025-03-05,10.48964023590088,10.960000038146973,11.020000457763672,10.649999618530272,10.800000190734863,13399300
2025-03-06,10.403502464294434,10.869999885559082,10.899999618530272,10.56999969482422,10.859999656677246,10358800
2025-03-07,10.767194747924805,11.25,11.479999542236328,10.829999923706056,10.880000114440918,20483000
2025-03-10,11.274449348449709,11.779999732971191,11.920000076293944,11.149999618530272,11.15999984741211,20807600
2025-03-11,11.47543716430664,11.989999771118164,12.079999923706056,11.720000267028809,11.850000381469728,16320000
2025-03-12,11.322303771972656,11.829999923706056,11.899999618530272,11.529999732971191,11.6899995803833,11100100
2025-03-13,11.752991676330566,12.279999732971191,12.43000030517578,11.869999885559082,11.869999885559082,16779800
2025-03-14,11.78170394897461,12.3100004196167,12.56999969482422,12.06999969482422,12.40999984741211,13828200
2025-03-17,12.489946365356444,13.050000190734863,13.18000030517578,12.270000457763672,12.4399995803833,18247100
2025-03-18,12.365524291992188,12.920000076293944,13.010000228881836,12.6899995803833,12.850000381469728,13361900
2025-03-19,12.42294979095459,12.979999542236328,13.050000190734863,12.800000190734863,12.880000114440918,10427200
2025-03-20,12.59522533416748,13.15999984741211,13.239999771118164,12.90999984741211,13.0,10160200
2025-03-21,12.489946365356444,13.050000190734863,13.170000076293944,12.75,13.109999656677246,23655300
2025-03-24,12.327242851257324,12.880000114440918,13.06999969482422,12.75,12.960000038146973,10513700
2025-03-25,12.116683959960938,12.65999984741211,12.920000076293944,12.479999542236328,12.899999618530272,11417600
2025-03-26,11.9539794921875,12.489999771118164,12.8100004196167,12.420000076293944,12.68000030517578,10499700
2025-03-27,11.896553993225098,12.43000030517578,12.630000114440918,12.359999656677246,12.489999771118164,6917000
2025-03-28,11.877412796020508,12.40999984741211,12.729999542236328,12.399999618530272,12.520000457763672,11105600
2025-03-31,11.886982917785645,12.420000076293944,12.529999732971191,12.029999732971191,12.1899995803833,10863300
2025-04-01,11.839129447937012,12.369999885559082,12.56999969482422,12.239999771118164,12.56999969482422,7998200
2025-04-02,11.94440746307373,12.479999542236328,12.520000457763672,12.270000457763672,12.350000381469728,9354400
2025-04-03,11.389299392700195,11.899999618530272,12.279999732971191,11.859999656677246,12.0,19800900
2025-04-04,10.317364692687988,10.779999732971191,11.449999809265137,10.520000457763672,11.449999809265137,19561200
2025-04-07,10.23122787475586,10.6899995803833,11.010000228881836,10.140000343322754,10.510000228881836,17012000
2025-04-08,9.790968894958496,10.229999542236328,11.0,10.149999618530272,10.93000030517578,16248600
2025-04-09,10.661916732788086,11.140000343322754,11.229999542236328,9.90999984741211,10.09000015258789,19457000
2025-04-10,9.857965469360352,10.300000190734863,10.729999542236328,10.050000190734863,10.600000381469728,17437700
2025-04-11,9.857965469360352,10.300000190734863,10.390000343322754,9.989999771118164,10.329999923706056,12487100
2025-04-14,10.030240058898926,10.479999542236328,10.649999618530272,10.3100004196167,10.470000267028809,13416200
2025-04-15,9.829253196716309,10.270000457763672,10.670000076293944,10.210000038146973,10.460000038146973,12446000
2025-04-16,9.532556533813477,9.960000038146973,10.329999923706056,9.859999656677246,10.220000267028809,15587000
2025-04-17,9.743115425109863,10.18000030517578,10.260000228881836,9.949999809265137,10.020000457763672,10475700
2025-04-21,9.379423141479492,9.800000190734863,10.199999809265137,9.56999969482422,10.0600004196167,13719100
2025-04-22,9.551698684692385,9.979999542236328,10.0600004196167,9.800000190734863,9.93000030517578,9778600
2025-04-23,9.68568992614746,10.119999885559082,10.460000038146973,10.050000190734863,10.279999732971191,10423400
2025-04-24,9.68568992614746,10.119999885559082,10.31999969482422,10.0600004196167,10.220000267028809,13945100
2025-04-25,9.618693351745604,10.050000190734863,10.119999885559082,9.90999984741211,10.079999923706056,13192100
2025-04-28,9.752685546875,10.1899995803833,10.260000228881836,10.0600004196167,10.09000015258789,13953800
2025-04-29,9.92496109008789,10.369999885559082,10.470000267028809,10.140000343322754,10.15999984741211,13877400
2025-04-30,9.570839881896973,10.0,10.300000190734863,9.920000076293944,10.300000190734863,18034800
2025-05-01,9.69359302520752,9.949999809265137,10.260000228881836,9.899999618530272,9.899999618530272,17623700
2025-05-02,9.9176664352417,10.18000030517578,10.390000343322754,9.90999984741211,10.100000381469728,17920100
2025-05-05,9.995604515075684,10.260000228881836,10.279999732971191,9.960000038146973,10.220000267028809,16502400
2025-05-06,10.170965194702148,10.4399995803833,10.600000381469728,10.199999809265137,10.229999542236328,12178400
2025-05-07,10.034574508666992,10.300000190734863,10.489999771118164,10.1899995803833,10.260000228881836,10993400
2025-05-08,10.541172981262209,10.81999969482422,10.9399995803833,10.279999732971191,10.390000343322754,14049100
2025-05-09,10.83344268798828,11.119999885559082,11.25,10.789999961853027,10.920000076293944,14690100
2025-05-12,11.564115524291992,11.869999885559082,11.899999618530272,11.369999885559082,11.510000228881836,24137700
2025-05-13,12.226592063903809,12.550000190734863,12.640000343322754,11.949999809265137,11.949999809265137,23720200
2025-05-14,12.197365760803224,12.520000457763672,12.550000190734863,12.289999961853027,12.460000038146973,23330800
2025-05-15,12.08045768737793,12.399999618530272,12.670000076293944,12.31999969482422,12.420000076293944,14632400
2025-05-16,11.89535427093506,12.210000038146973,12.510000228881836,12.140000343322754,12.510000228881836,13460500
2025-05-19,11.408239364624023,11.710000038146973,12.0600004196167,11.359999656677246,12.020000457763672,19366800
2025-05-20,10.950350761413574,11.239999771118164,11.510000228881836,11.15999984741211,11.279999732971191,25909700
2025-05-21,9.8689546585083,10.130000114440918,11.260000228881836,10.119999885559082,11.260000228881836,44831900
2025-05-22,9.381839752197266,9.630000114440918,9.890000343322754,9.460000038146973,9.850000381469728,40712700
2025-05-23,9.732562065124512,9.989999771118164,10.06999969482422,9.529999732971191,9.539999961853027,22740500
2025-05-27,9.810501098632812,10.06999969482422,10.109999656677246,9.859999656677246,10.06999969482422,13960900
2025-05-28,9.450035095214844,9.699999809265137,10.050000190734863,9.579999923706056,10.0,17583000
2025-05-29,9.791015625,10.050000190734863,10.09000015258789,9.75,9.800000190734863,11828100
2025-05-30,9.829985618591309,10.09000015258789,10.210000038146973,9.920000076293944,10.010000228881836,11261000
2025-06-02,9.9176664352417,10.18000030517578,10.279999732971191,9.960000038146973,10.020000457763672,12773400
2025-06-03,10.00534725189209,10.270000457763672,10.350000381469728,10.0600004196167,10.3100004196167,10549000
2025-06-04,9.907923698425291,10.170000076293944,10.329999923706056,10.09000015258789,10.329999923706056,9996900
2025-06-05,10.23916244506836,10.510000228881836,10.619999885559082,10.039999961853027,10.220000267028809,16978500
2025-06-06,10.609370231628418,10.890000343322754,10.949999809265137,10.520000457763672,10.609999656677246,17205200
2025-06-09,10.599627494812012,10.880000114440918,11.079999923706056,10.670000076293944,10.989999771118164,11537500
2025-06-10,10.999061584472656,11.289999961853027,11.399999618530272,10.90999984741211,11.06999969482422,18812700
2025-06-11,11.184165954589844,11.479999542236328,11.520000457763672,11.300000190734863,11.43000030517578,11586100
2025-06-12,11.242618560791016,11.539999961853027,11.770000457763672,11.460000038146973,11.479999542236328,18362600
2025-06-13,11.145195960998535,11.4399995803833,11.520000457763672,11.079999923706056,11.399999618530272,16793900
2025-06-16,11.164680480957031,11.460000038146973,11.729999542236328,11.300000190734863,11.529999732971191,11948600
2025-06-17,10.25864601135254,10.529999732971191,11.4399995803833,10.399999618530272,11.4399995803833,28143100
2025-06-18,10.24890422821045,10.520000457763672,10.8100004196167,10.449999809265137,10.5,18232800
2025-06-20,10.141738891601562,10.40999984741211,10.699999809265137,10.399999618530272,10.600000381469728,18140300
2025-06-23,9.888439178466797,10.149999618530272,10.489999771118164,10.06999969482422,10.43000030517578,13611700
2025-06-24,10.200193405151367,10.470000267028809,10.489999771118164,10.15999984741211,10.199999809265137,17165100
2025-06-25,10.229419708251951,10.5,10.65999984741211,10.359999656677246,10.43000030517578,9776000
2025-06-26,10.531431198120115,10.8100004196167,10.920000076293944,10.539999961853027,10.579999923706056,11127100
2025-06-27,10.443751335144045,10.720000267028809,10.890000343322754,10.609999656677246,10.850000381469728,13078300
2025-06-30,10.24890422821045,10.520000457763672,10.579999923706056,10.020000457763672,10.199999809265137,24219300
2025-07-01,10.49246311187744,10.770000457763672,11.0600004196167,10.359999656677246,10.550000190734863,27268100
2025-07-02,10.843184471130373,11.130000114440918,11.420000076293944,10.789999961853027,10.850000381469728,20482100
2025-07-03,11.223134994506836,11.520000457763672,11.630000114440918,11.279999732971191,11.359999656677246,13837900
2025-07-07,11.223134994506836,11.520000457763672,11.649999618530272,11.31999969482422,11.399999618530272,11717000
2025-07-08,10.784730911254885,11.06999969482422,11.279999732971191,10.979999542236328,11.130000114440918,19675200
2025-07-09,12.918296813964844,13.260000228881836,13.34000015258789,12.5,12.760000228881836,70142200
2025-07-10,12.090200424194336,12.40999984741211,13.109999656677246,12.359999656677246,13.09000015258789,35389100
2025-07-11,12.265562057495115,12.59000015258789,12.75,12.149999618530272,12.270000457763672,20994400
2025-07-14,12.255819320678713,12.579999923706056,12.8100004196167,12.420000076293944,12.5600004196167,15830000
2025-07-15,12.80138874053955,13.140000343322754,13.210000038146973,12.65999984741211,12.770000457763672,20842500
2025-07-16,12.684481620788574,13.020000457763672,13.449999809265137,12.779999732971191,13.279999732971191,12922400
2025-07-17,12.850099563598633,13.1899995803833,13.380000114440918,13.079999923706056,13.140000343322754,12464500
2025-07-18,13.025461196899414,13.369999885559082,13.43000030517578,13.199999809265137,13.25,9223800
2025-07-21,13.337214469909668,13.6899995803833,13.880000114440918,13.399999618530272,13.510000228881836,18075400
2025-07-22,13.454123497009276,13.8100004196167,13.899999618530272,13.600000381469728,13.779999732971191,10987900
2025-07-23,13.580771446228027,13.9399995803833,14.0,13.670000076293944,13.90999984741211,9254400
2025-07-24,13.444380760192873,13.800000190734863,13.93000030517578,13.550000190734863,13.899999618530272,8090800
2025-07-25,13.444380760192873,13.800000190734863,13.880000114440918,13.670000076293944,13.81999969482422,7837600
2025-07-28,13.161853790283203,13.510000228881836,13.850000381469728,13.4399995803833,13.8100004196167,10307000
2025-07-29,13.08391571044922,13.43000030517578,13.59000015258789,13.229999542236328,13.489999771118164,11333500
2025-07-30,12.742934226989746,13.079999923706056,13.399999618530272,12.920000076293944,13.380000114440918,9419600
2025-07-31,12.811129570007324,13.149999618530272,13.239999771118164,12.970000267028809,13.100000381469728,15200000
2025-08-01,13.063916206359863,13.229999542236328,13.760000228881836,13.0,13.15999984741211,19650900
2025-08-04,13.261406898498535,13.43000030517578,13.5600004196167,13.170000076293944,13.34000015258789,9850700
2025-08-05,12.57019329071045,12.729999542236328,13.479999542236328,12.670000076293944,13.470000267028809,9892100
2025-08-06,12.678812980651855,12.84000015258789,13.109999656677246,12.6899995803833,12.770000457763672,8651300
2025-08-07,12.688687324523926,12.850000381469728,13.25,12.81999969482422,13.100000381469728,6860200
2025-08-08,12.955297470092772,13.119999885559082,13.130000114440918,12.800000190734863,12.859999656677246,6522000
2025-08-11,12.639315605163574,12.800000190734863,13.279999732971191,12.710000038146973,13.149999618530272,6236900
2025-08-12,12.747934341430664,12.90999984741211,13.0600004196167,12.760000228881836,12.869999885559082,5914900
2025-08-13,12.88617706298828,13.050000190734863,13.279999732971191,12.84000015258789,12.93000030517578,6164500
2025-08-14,12.777557373046877,12.9399995803833,13.029999732971191,12.630000114440918,12.829999923706056,5770600
2025-08-15,13.14291286468506,13.3100004196167,13.539999961853027,12.8100004196167,12.979999542236328,13878400
2025-08-18,13.19228458404541,13.359999656677246,13.5,13.289999961853027,13.350000381469728,9581000
2025-08-19,13.133038520812988,13.300000190734863,13.579999923706056,13.270000457763672,13.420000076293944,12492300
2025-08-20,13.034293174743652,13.199999809265137,13.449999809265137,13.010000228881836,13.359999656677246,6568600
2025-08-21,12.807181358337402,12.970000267028809,13.1899995803833,12.890000343322754,13.15999984741211,6464600
2025-08-22,13.320652961730955,13.489999771118164,13.520000457763672,13.029999732971191,13.06999969482422,6481500
2025-08-25,13.320652961730955,13.489999771118164,13.619999885559082,13.3100004196167,13.40999984741211,6339600
2025-08-26,13.17253589630127,13.34000015258789,13.539999961853027,13.34000015258789,13.489999771118164,6535900
2025-08-27,13.19228458404541,13.359999656677246,13.479999542236328,13.220000267028809,13.289999961853027,7315000
2025-08-28,13.310778617858888,13.479999542236328,13.5600004196167,13.300000190734863,13.4399995803833,7638700
2025-08-29,13.370025634765623,13.539999961853027,13.65999984741211,13.43000030517578,13.460000038146973,8383900
2025-09-02,13.241657257080078,13.40999984741211,13.420000076293944,13.15999984741211,13.350000381469728,7490700
2025-09-03,13.063916206359863,13.229999542236328,13.4399995803833,13.1899995803833,13.350000381469728,6474600
2025-09-04,12.649189949035645,12.8100004196167,13.31999969482422,12.34000015258789,13.31999969482422,14742500
2025-09-05,12.767683029174805,12.93000030517578,13.100000381469728,12.670000076293944,12.880000114440918,12318500
2025-09-08,12.560319900512695,12.720000267028809,12.989999771118164,12.630000114440918,12.989999771118164,7808200
2025-09-09,12.560319900512695,12.720000267028809,12.8100004196167,12.5600004196167,12.760000228881836,6095100
2025-09-10,12.57019329071045,12.729999542236328,12.880000114440918,12.649999618530272,12.760000228881836,8260800
2025-09-11,12.688687324523926,12.850000381469728,12.989999771118164,12.779999732971191,12.800000190734863,10472000
2025-09-12,12.718311309814451,12.880000114440918,13.010000228881836,12.699999809265137,12.800000190734863,12349600
2025-09-15,12.866427421569824,13.029999732971191,13.199999809265137,12.869999885559082,12.93000030517578,14860600
2025-09-16,12.540570259094238,12.699999809265137,13.039999961853027,12.6899995803833,13.010000228881836,8826000
2025-09-17,12.35295581817627,12.510000228881836,12.850000381469728,12.329999923706056,12.720000267028809,12631800
2025-09-18,12.787431716918944,12.949999809265137,12.979999542236328,12.520000457763672,12.609999656677246,7340100
2025-09-19,12.88617706298828,13.050000190734863,13.09000015258789,12.75,13.029999732971191,13127500
2025-09-22,12.96517276763916,13.130000114440918,13.18000030517578,12.899999618530272,13.079999923706056,6105000
2025-09-23,12.97504711151123,13.140000343322754,13.5,13.119999885559082,13.1899995803833,7183300
2025-09-24,13.19228458404541,13.359999656677246,13.449999809265137,13.06999969482422,13.15999984741211,10851800
2025-09-25,12.866427421569824,13.029999732971191,13.359999656677246,12.970000267028809,13.31999969482422,7644900
2025-09-26,13.07379150390625,13.239999771118164,13.420000076293944,13.109999656677246,13.109999656677246,5898400
2025-09-29,12.994795799255373,13.15999984741211,13.369999885559082,13.100000381469728,13.300000190734863,9288700
2025-09-30,12.994795799255373,13.15999984741211,13.270000457763672,12.970000267028809,13.119999885559082,6187500
2025-10-01,15.17705249786377,15.369999885559082,15.510000228881836,14.739999771118164,14.920000076293944,58988500
2025-10-02,14.110610008239746,14.289999961853027,15.329999923706056,14.119999885559082,15.329999923706056,29422700
2025-10-03,14.39696979522705,14.579999923706056,14.640000343322754,14.25,14.5,14296000
2025-10-06,14.090862274169922,14.270000457763672,14.68000030517578,14.15999984741211,14.600000381469728,14574500
2025-10-07,14.219228744506836,14.399999618530272,14.579999923706056,14.25,14.270000457763672,10747400
2025-10-08,14.545085906982422,14.729999542236328,14.850000381469728,14.31999969482422,14.510000228881836,13480200
2025-10-09,14.38709545135498,14.56999969482422,14.890000343322754,14.520000457763672,14.800000190734863,8210800
2025-10-10,13.89337158203125,14.06999969482422,14.770000457763672,14.050000190734863,14.649999618530272,9074500
2025-10-13,14.258727073669434,14.4399995803833,14.640000343322754,14.239999771118164,14.4399995803833,11563700
2025-10-14,14.209355354309082,14.390000343322754,14.529999732971191,14.260000228881836,14.300000190734863,7653000
2025-10-15,14.56483554840088,14.75,15.0,14.619999885559082,14.6899995803833,11038300
2025-10-16,14.633956909179688,14.81999969482422,15.0,14.699999809265137,14.859999656677246,6478000
2025-10-17,14.39696979522705,14.579999923706056,14.710000038146973,14.460000038146973,14.6899995803833,8815100
2025-10-20,14.219228744506836,14.399999618530272,14.789999961853027,14.369999885559082,14.699999809265137,6856300
2025-10-21,14.140233039855955,14.31999969482422,14.5,14.1899995803833,14.479999542236328,4900900
2025-10-22,14.110610008239746,14.289999961853027,14.43000030517578,13.979999542236328,14.350000381469728,9979700
2025-10-23,14.021739959716797,14.199999809265137,14.449999809265137,14.130000114440918,14.43000030517578,5771900
2025-10-24,14.36734676361084,14.550000190734863,14.729999542236328,14.369999885559082,14.489999771118164,7043600
2025-10-27,14.308099746704102,14.489999771118164,14.65999984741211,14.390000343322754,14.609999656677246,7837400
2025-10-28,14.27847671508789,14.460000038146973,14.56999969482422,14.229999542236328,14.520000457763672,6781600
2025-10-29,14.189605712890623,14.369999885559082,14.56999969482422,14.279999732971191,14.550000190734863,5900100
2025-10-30,13.843999862670898,14.020000457763672,14.399999618530272,13.989999771118164,14.279999732971191,7956700
2025-10-31,13.869999885559082,13.869999885559082,13.960000038146973,13.550000190734863,13.770000457763672,14090300
2025-11-03,13.619999885559082,13.619999885559082,13.890000343322754,13.4399995803833,13.890000343322754,9559400
2025-11-04,13.4399995803833,13.4399995803833,13.739999771118164,13.210000038146973,13.279999732971191,10859400
2025-11-05,14.220000267028809,14.220000267028809,14.43000030517578,13.369999885559082,13.479999542236328,15497800
2025-11-06,14.1899995803833,14.1899995803833,14.600000381469728,13.920000076293944,14.350000381469728,11561800
2025-11-07,14.130000114440918,14.130000114440918,14.149999618530272,13.720000267028809,14.0,12468900
2025-11-10,14.210000038146973,14.210000038146973,14.34000015258789,13.890000343322754,14.329999923706056,6632800
2025-11-11,14.270000457763672,14.270000457763672,14.369999885559082,14.020000457763672,14.350000381469728,7805000
2025-11-12,14.06999969482422,14.06999969482422,14.270000457763672,13.960000038146973,14.270000457763672,7859200
2025-11-13,13.670000076293944,13.670000076293944,14.140000343322754,13.619999885559082,14.010000228881836,9732800
2025-11-14,13.81999969482422,13.81999969482422,14.029999732971191,13.359999656677246,13.479999542236328,7612600
2025-11-17,13.920000076293944,13.920000076293944,14.18000030517578,13.800000190734863,13.84000015258789,7689500
2025-11-18,13.720000267028809,13.720000267028809,14.140000343322754,13.609999656677246,14.050000190734863,7941600
2025-11-19,13.770000457763672,13.770000457763672,13.989999771118164,13.6899995803833,13.800000190734863,9155100
2025-11-20,13.510000228881836,13.510000228881836,14.109999656677246,13.449999809265137,13.989999771118164,10222500
2025-11-21,13.75,13.75,13.760000228881836,13.279999732971191,13.520000457763672,9306300
2025-11-24,13.880000114440918,13.880000114440918,13.989999771118164,13.720000267028809,13.789999961853027,5428400
2025-11-25,13.8100004196167,13.8100004196167,14.029999732971191,13.770000457763672,13.9399995803833,4853900
2025-11-26,13.90999984741211,13.90999984741211,14.020000457763672,13.829999923706056,13.859999656677246,4373200
2025-11-28,14.0600004196167,14.0600004196167,14.079999923706056,13.90999984741211,13.970000267028809,2200700
2025-12-01,13.989999771118164,13.989999771118164,14.0600004196167,13.850000381469728,13.989999771118164,7534600
2025-12-02,13.960000038146973,13.960000038146973,14.140000343322754,13.9399995803833,14.0600004196167,4755400
2025-12-03,13.710000038146973,13.710000038146973,14.109999656677246,13.699999809265137,14.020000457763672,8534500
2025-12-04,13.93000030517578,13.93000030517578,14.039999961853027,13.699999809265137,13.699999809265137,10009200
2025-12-05,13.920000076293944,13.920000076293944,14.170000076293944,13.899999618530272,14.09000015258789,5815800
2025-12-08,13.859999656677246,13.859999656677246,14.109999656677246,13.81999969482422,13.970000267028809,4816400
2025-12-09,13.960000038146973,13.960000038146973,14.199999809265137,13.890000343322754,13.920000076293944,7054000
2025-12-10,13.800000190734863,13.800000190734863,14.100000381469728,13.75,13.989999771118164,11788000
2025-12-11,14.0,14.0,14.119999885559082,13.65999984741211,13.800000190734863,7595500
2025-12-12,13.829999923706056,13.829999923706056,14.119999885559082,13.760000228881836,14.079999923706056,7114500
2025-12-15,13.859999656677246,13.859999656677246,13.899999618530272,13.649999618530272,13.81999969482422,7835200
2025-12-16,13.619999885559082,13.619999885559082,13.850000381469728,13.520000457763672,13.850000381469728,5183500
2025-12-17,13.479999542236328,13.479999542236328,13.760000228881836,13.359999656677246,13.670000076293944,6537200
2025-12-18,13.68000030517578,13.68000030517578,13.75,13.539999961853027,13.600000381469728,6758200
2025-12-19,13.529999732971191,13.529999732971191,13.890000343322754,13.5,13.720000267028809,11204100
2025-12-22,13.859999656677246,13.859999656677246,13.880000114440918,13.520000457763672,13.579999923706056,7903900
2025-12-23,13.899999618530272,13.899999618530272,14.020000457763672,13.8100004196167,13.920000076293944,4812100
2025-12-24,13.960000038146973,13.960000038146973,13.989999771118164,13.81999969482422,13.869999885559082,2488300
2025-12-26,14.06999969482422,14.06999969482422,14.079999923706056,13.920000076293944,14.010000228881836,3090600
2025-12-29,14.130000114440918,14.130000114440918,14.199999809265137,14.010000228881836,14.0600004196167,5289300
2025-12-30,14.5,14.5,14.5600004196167,14.100000381469728,14.1899995803833,8104100
2025-12-31,14.34000015258789,14.34000015258789,14.5600004196167,14.31999969482422,14.529999732971191,5820800
2026-01-02,14.81999969482422,14.81999969482422,14.869999885559082,14.380000114440918,14.510000228881836,7290500
2026-01-05,14.729999542236328,14.729999542236328,15.020000457763672,14.460000038146973,14.970000267028809,7642300
2026-01-06,14.899999618530272,14.899999618530272,14.989999771118164,14.6899995803833,14.770000457763672,6892900
2026-01-07,14.449999809265137,14.449999809265137,14.920000076293944,14.43000030517578,14.850000381469728,7656500
2026-01-08,14.220000267028809,14.220000267028809,14.5600004196167,14.199999809265137,14.399999618530272,7339400
2026-01-09,14.31999969482422,14.31999969482422,14.729999542236328,14.289999961853027,14.329999923706056,7743800
2026-01-12,14.039999961853027,14.039999961853027,14.25,13.899999618530272,14.25,8247800
2026-01-13,13.970000267028809,13.970000267028809,14.15999984741211,13.90999984741211,14.050000190734863,8807100
2026-01-14,14.0,14.0,14.199999809265137,13.890000343322754,13.899999618530272,9524200
2026-01-15,14.4399995803833,14.4399995803833,14.619999885559082,14.029999732971191,14.079999923706056,14606000
2026-01-16,14.1899995803833,14.1899995803833,14.800000190734863,14.140000343322754,14.31999969482422,10519600
2026-01-20,13.770000457763672,13.770000457763672,14.020000457763672,13.630000114440918,13.949999809265137,14383000
2026-01-21,14.239999771118164,14.239999771118164,14.40999984741211,13.989999771118164,14.039999961853027,10919100
2026-01-22,14.609999656677246,14.609999656677246,14.65999984741211,14.130000114440918,14.420000076293944,8078500
2026-01-23,14.25,14.25,14.619999885559082,14.149999618530272,14.56999969482422,6835800
2026-01-26,14.619999885559082,14.619999885559082,14.880000114440918,14.270000457763672,14.300000190734863,8526100
2026-01-27,14.920000076293944,14.920000076293944,14.989999771118164,14.520000457763672,14.739999771118164,6171500
2026-01-28,15.1899995803833,15.1899995803833,15.279999732971191,14.850000381469728,14.989999771118164,10909900
2026-01-29,15.039999961853027,15.039999961853027,15.350000381469728,14.609999656677246,15.199999809265137,10778100
2026-01-30,14.649999618530272,14.649999618530272,14.93000030517578,14.489999771118164,14.829999923706056,12058200
2026-02-02,14.729999542236328,14.729999542236328,14.880000114440918,14.529999732971191,14.56999969482422,10207500
2026-02-03,16.09000015258789,16.09000015258789,16.190000534057617,15.449999809265137,15.729999542236328,24686500
2026-02-04,15.75,15.75,15.949999809265137,15.539999961853027,15.880000114440918,11717600
2026-02-05,15.59000015258789,15.59000015258789,15.760000228881836,15.350000381469728,15.510000228881836,9630000
2026-02-06,16.049999237060547,16.049999237060547,16.149999618530273,15.710000038146973,15.920000076293944,6637600
2026-02-09,16.059999465942383,16.059999465942383,16.270000457763672,15.850000381469728,15.979999542236328,7516200
2026-02-10,16.25,16.25,16.350000381469727,15.8100004196167,16.09000015258789,8666200
2026-02-11,16.440000534057617,16.440000534057617,16.59000015258789,16.270000457763672,16.420000076293945,8033300
2026-02-12,16.200000762939453,16.200000762939453,16.780000686645508,16.1299991607666,16.420000076293945,11018000
2026-02-13,16.280000686645508,16.280000686645508,16.600000381469727,15.979999542236328,16.040000915527344,10151700
2026-02-17,16.389999389648438,16.389999389648438,16.5,16.15999984741211,16.290000915527344,8085600
2026-02-18,16.290000915527344,16.290000915527344,16.479999542236328,16.219999313354492,16.420000076293945,6417300
2026-02-19,16.360000610351562,16.360000610351562,16.389999389648438,16.170000076293945,16.239999771118164,4505400
2026-02-20,16.510000228881836,16.510000228881836,16.549999237060547,16.059999465942383,16.25,12358900
2026-02-23,16.260000228881836,16.260000228881836,16.489999771118164,16.040000915527344,16.360000610351562,8357600
2026-02-24,16.270000457763672,16.270000457763672,16.459999084472656,16.1299991607666,16.329999923706055,10082100
2026-02-25,16.3700008392334,16.3700008392334,16.469999313354492,16.260000228881836,16.420000076293945,7415000
2026-02-26,16.25,16.25,16.3799991607666,15.920000076293944,16.3700008392334,9300900
2026-02-27,17.280000686645508,17.280000686645508,17.649999618530273,16.899999618530273,17.059999465942383,26333000
2026-03-02,14.210000038146973,14.210000038146973,14.350000381469728,14.1899995803833,14.350000381469728,80209600
2026-03-03,14.18000030517578,14.18000030517578,14.260000228881836,14.109999656677246,14.1899995803833,49900000
2026-03-04,14.289999961853027,14.289999961853027,14.300000190734863,14.15999984741211,14.18000030517578,21344300
2026-03-05,14.220000267028809,14.220000267028809,14.31999969482422,14.220000267028809,14.229999542236328,22575600
2026-03-06,14.149999618530273,14.149999618530273,14.25,14.149999618530273,14.220000267028809,16551600
2026-03-09,14.1899995803833,14.1899995803833,14.229999542236328,14.119999885559082,14.149999618530273,14669200
2026-03-10,14.210000038146973,14.210000038146973,14.279999732971191,14.170000076293945,14.1899995803833,12121800
2026-03-11,14.229999542236328,14.229999542236328,14.25,14.210000038146973,14.229999542236328,11230000
2026-03-12,14.220000267028809,14.220000267028809,14.260000228881836,14.220000267028809,14.229999542236328,8685500
2026-03-13,14.1899995803833,14.1899995803833,14.25,14.1899995803833,14.260000228881836,12067592
