Date,Adj Close,Close,High,Low,Open,Volume
2021-03-16,102.67057800292967,115.83999633789062,117.01000213623048,115.04000091552734,116.5999984741211,3758600
2021-03-17,102.67057800292967,115.83999633789062,116.5199966430664,114.61000061035156,116.5199966430664,2179800
2021-03-18,102.84786224365234,116.04000091552734,117.8000030517578,115.52999877929688,116.5,3051400
2021-03-19,100.3661651611328,113.23999786376952,115.86000061035156,113.0199966430664,115.31999969482422,8756500
2021-03-22,99.4798355102539,112.23999786376952,112.8499984741211,111.12999725341795,112.1500015258789,2714100
2021-03-23,99.14305114746094,111.86000061035156,112.83999633789062,111.47000122070312,111.7699966430664,1801800
2021-03-24,100.02050018310548,112.8499984741211,113.56999969482422,112.16999816894533,112.47000122070312,2653400
2021-03-25,101.6690444946289,114.70999908447266,114.77999877929688,112.8499984741211,113.69000244140624,1560700
2021-03-26,102.8389892578125,116.02999877929688,116.1500015258789,114.58000183105467,114.9499969482422,1459300
2021-03-29,103.52144622802734,116.8000030517578,117.26000213623048,115.72000122070312,116.0500030517578,2648100
2021-03-30,103.79619598388672,117.11000061035156,118.0500030517578,116.79000091552734,117.5,1531700
2021-03-31,101.8374481201172,114.9000015258789,117.0999984741211,114.8000030517578,116.61000061035156,2111500
2021-04-01,102.8389892578125,116.02999877929688,116.30999755859376,114.37999725341795,114.58999633789062,2293000
2021-04-05,104.13299560546876,117.48999786376952,117.61000061035156,116.5500030517578,116.79000091552734,1266700
2021-04-06,104.4343490600586,117.83000183105467,118.3000030517578,117.12999725341795,117.77999877929688,1439000
2021-04-07,103.14917755126952,116.37999725341795,117.8499984741211,115.6999969482422,117.80999755859376,1891600
2021-04-08,103.7430191040039,117.0500030517578,117.37000274658205,115.87000274658205,116.0,1516000
2021-04-09,103.78733825683594,117.0999984741211,118.19000244140624,116.6500015258789,117.69000244140624,1630700
2021-04-12,105.79039764404295,119.36000061035156,119.62000274658205,117.41999816894533,117.52999877929688,1894000
2021-04-13,105.63972473144533,119.19000244140624,119.91999816894533,118.29000091552734,118.52999877929688,1720900
2021-04-14,106.72988891601562,120.41999816894533,120.47000122070312,119.12000274658205,119.36000061035156,1683000
2021-04-15,107.7668914794922,121.58999633789062,121.62999725341795,119.77999877929688,120.38999938964844,1792800
2021-04-16,108.30752563476562,122.1999969482422,122.70999908447266,121.75,122.0,1856200
2021-04-19,108.87478637695312,122.83999633789062,122.95999908447266,121.33999633789062,122.52999877929688,1169600
2021-04-20,108.90135955810548,122.87000274658205,123.56999969482422,122.25,122.6999969482422,1759200
2021-04-21,109.81427764892578,123.9000015258789,124.23999786376952,123.19000244140624,123.2300033569336,1032800
2021-04-22,109.60157012939452,123.66000366210938,124.11000061035156,122.93000030517578,123.25,1159700
2021-04-23,110.83353424072266,125.0500030517578,125.2699966430664,123.69000244140624,124.08999633789062,1181800
2021-04-26,111.05511474609376,125.3000030517578,126.2699966430664,125.08999633789062,125.25,1537200
2021-04-27,111.53370666503906,125.83999633789062,125.91999816894533,125.06999969482422,125.29000091552734,1360200
2021-04-28,111.09942626953124,125.3499984741211,126.87999725341795,125.12000274658205,126.43000030517578,1600100
2021-04-29,113.33292388916016,127.87000274658205,127.97000122070312,125.5199966430664,125.5199966430664,1066300
2021-04-30,112.38458251953124,126.8000030517578,128.0,126.38999938964844,128.0,1404800
2021-05-03,113.5633773803711,128.1300048828125,129.08999633789062,127.2300033569336,127.54000091552734,1575500
2021-05-04,113.30633544921876,127.83999633789062,128.57000732421875,127.41999816894533,128.25,2195600
2021-05-05,112.96066284179688,127.4499969482422,127.76000213623048,125.77999877929688,127.5199966430664,2032800
2021-05-06,117.54290771484376,132.6199951171875,132.8800048828125,128.0399932861328,128.11000061035156,2624100
2021-05-07,117.22384643554688,132.25999450683594,132.82000732421875,128.57000732421875,129.74000549316406,2104800
2021-05-10,119.2003402709961,134.49000549316406,136.17999267578125,133.0,133.0,2377400
2021-05-11,118.88127136230467,134.1300048828125,135.0,132.60000610351562,134.77000427246094,2307800
2021-05-12,117.65811920166016,132.75,135.7100067138672,132.63999938964844,134.9600067138672,2117000
2021-05-13,121.88591003417967,137.52000427246094,138.0800018310547,131.6199951171875,132.16000366210938,2217600
2021-05-14,123.42806243896484,139.25999450683594,139.8800048828125,137.05999755859375,137.74000549316406,2518800
2021-05-17,123.21537017822266,139.02000427246094,139.72000122070312,138.05999755859375,138.75,4020000
2021-05-18,121.54021453857422,137.1300048828125,138.86000061035156,136.94000244140625,138.27999877929688,1764800
2021-05-19,120.26390838623048,135.69000244140625,136.5500030517578,133.25,136.5500030517578,2108100
2021-05-20,120.61843872070312,136.08999633789062,136.72999572753906,134.3000030517578,135.10000610351562,1597000
2021-05-21,121.80606079101562,137.42999267578125,137.8300018310547,136.24000549316406,136.38999938964844,2741400
2021-05-24,121.6376953125,137.24000549316406,138.32000732421875,136.9499969482422,137.4199981689453,1499200
2021-05-25,119.78530883789062,135.14999389648438,137.35000610351562,134.91000366210938,137.1300048828125,1492600
2021-05-26,120.15753936767578,135.57000732421875,140.0,135.0,135.61000061035156,3187200
2021-05-27,120.80455780029295,136.3000030517578,136.60000610351562,134.3300018310547,136.33999633789062,3993900
2021-05-28,121.07933044433594,136.61000061035156,137.61000061035156,135.6999969482422,137.1699981689453,2095500
2021-06-01,122.32904052734376,138.02000427246094,139.44000244140625,137.3800048828125,137.5800018310547,1501400
2021-06-02,122.43533325195312,138.13999938964844,138.9199981689453,137.30999755859375,138.6699981689453,1520100
2021-06-03,121.4813995361328,136.25999450683594,137.0500030517578,135.49000549316406,135.5,1993300
2021-06-04,121.45469665527344,136.22999572753906,136.57000732421875,134.7899932861328,136.00999450683594,1361700
2021-06-07,119.90340423583984,134.49000549316406,136.47999572753906,134.4499969482422,136.3300018310547,2389600
2021-06-08,119.98362731933594,134.5800018310547,134.99000549316406,133.44000244140625,134.00999450683594,1624700
2021-06-09,118.60173797607422,133.02999877929688,134.4199981689453,132.97999572753906,134.1699981689453,1256300
2021-06-10,117.15746307373048,131.41000366210938,134.25999450683594,131.32000732421875,133.5,1359700
2021-06-11,117.44273376464844,131.72999572753906,132.8300018310547,131.4199981689453,131.92999267578125,1538300
2021-06-14,116.77408599853516,130.97999572753906,131.61000061035156,129.5500030517578,131.0,1491300
2021-06-15,117.78152465820312,132.11000061035156,132.72999572753906,130.30999755859375,131.47000122070312,1623000
2021-06-16,116.29264831542967,130.44000244140625,131.6300048828125,129.66000366210938,130.5,1880900
2021-06-17,112.82455444335938,126.5500030517578,131.0,126.16999816894533,131.0,1953500
2021-06-18,110.58677673339844,124.04000091552734,125.75,123.81999969482422,125.22000122070312,3910600
2021-06-21,114.25994873046876,128.16000366210938,128.47000122070312,125.05999755859376,125.05999755859376,1581600
2021-06-22,114.56307220458984,128.5,129.25999450683594,127.25,128.22999572753906,1329000
2021-06-23,113.95681762695312,127.81999969482422,128.69000244140625,127.8000030517578,128.47999572753906,994600
2021-06-24,114.94642639160156,128.92999267578125,129.33999633789062,127.6999969482422,127.93000030517578,1136000
2021-06-25,116.59577941894533,130.77999877929688,131.02999877929688,128.82000732421875,129.1300048828125,1409700
2021-06-28,115.6775131225586,129.75,130.77999877929688,129.10000610351562,130.72999572753906,1574200
2021-06-29,115.51702880859376,129.57000732421875,130.6999969482422,129.24000549316406,129.63999938964844,1357300
2021-06-30,116.29264831542967,130.44000244140625,130.6199951171875,129.2899932861328,129.8300018310547,1206300
2021-07-01,118.38774871826172,132.7899932861328,133.69000244140625,130.57000732421875,131.00999450683594,1648500
2021-07-02,118.78003692626952,133.22999572753906,133.5,131.9600067138672,132.52000427246094,954100
2021-07-06,117.41600036621094,131.6999969482422,132.75999450683594,130.44000244140625,132.75999450683594,1991300
2021-07-07,118.6552505493164,133.08999633789062,133.39999389648438,129.92999267578125,130.9600067138672,1168600
2021-07-08,116.25696563720705,130.39999389648438,132.88999938964844,129.75999450683594,132.02999877929688,1650800
2021-07-09,118.99403381347656,133.47000122070312,133.77000427246094,131.82000732421875,132.3699951171875,1189700
2021-07-12,119.97472381591795,134.57000732421875,134.8300018310547,132.25,133.1199951171875,1478500
2021-07-13,117.93309783935548,132.27999877929688,134.57000732421875,132.08999633789062,134.57000732421875,1126000
2021-07-14,117.4070816040039,131.69000244140625,133.22000122070312,130.61000061035156,132.8300018310547,1317300
2021-07-15,116.33726501464844,130.49000549316406,130.7899932861328,125.04000091552734,128.82000732421875,2880800
2021-07-16,116.30154418945312,130.4499969482422,131.3699951171875,129.97000122070312,130.41000366210938,1631500
2021-07-19,113.66260528564452,127.48999786376952,129.50999450683594,125.93000030517578,128.88999938964844,1983900
2021-07-20,113.96574401855467,127.83000183105467,129.88999938964844,127.08999633789062,127.5199966430664,1918100
2021-07-21,114.82162475585938,128.7899932861328,130.27999877929688,128.5,128.5,1168800
2021-07-22,114.34017944335938,128.25,128.6999969482422,127.4000015258789,128.4600067138672,1304300
2021-07-23,115.66859436035156,129.74000549316406,130.0,128.55999755859375,129.19000244140625,1011800
2021-07-26,116.3461456298828,130.5,131.0399932861328,129.8000030517578,129.9499969482422,830400
2021-07-27,117.19309997558594,131.4499969482422,131.9600067138672,129.3699951171875,130.0,717100
2021-07-28,116.26590728759766,130.41000366210938,132.11000061035156,128.99000549316406,131.55999755859375,1083300
2021-07-29,118.1470718383789,132.52000427246094,133.05999755859375,130.5,131.5800018310547,1003800
2021-07-30,115.94493865966795,130.0500030517578,131.99000549316406,129.63999938964844,131.9499969482422,1423800
2021-08-02,115.68638610839844,129.75999450683594,132.07000732421875,129.64999389648438,130.75999450683594,1022200
2021-08-03,116.53338623046876,130.7100067138672,130.88999938964844,128.66000366210938,130.1999969482422,1674100
2021-08-04,114.94642639160156,128.92999267578125,130.66000366210938,128.92999267578125,130.02000427246094,1109100
2021-08-05,114.0548858642578,127.93000030517578,128.0,124.8000030517578,127.75,1941600
2021-08-06,116.63143920898438,130.82000732421875,131.5399932861328,128.57000732421875,128.57000732421875,2029200
2021-08-09,118.28970336914062,132.67999267578125,133.5500030517578,130.6199951171875,131.1699981689453,1458700
2021-08-10,119.76074981689452,134.3300018310547,134.97999572753906,132.14999389648438,132.6999969482422,1455200
2021-08-11,120.90193176269533,135.61000061035156,135.74000549316406,133.74000549316406,134.61000061035156,1105500
2021-08-12,120.58097076416016,135.25,136.75999450683594,134.9600067138672,135.9600067138672,979500
2021-08-13,120.41156768798828,135.05999755859375,136.27000427246094,134.25999450683594,135.64999389648438,846300
2021-08-16,121.73104095458984,136.5399932861328,136.6300048828125,134.0,134.86000061035156,984600
2021-08-17,120.11735534667967,134.72999572753906,135.39999389648438,133.69000244140625,134.11000061035156,1929700
2021-08-18,119.742919921875,134.30999755859375,136.4600067138672,134.08999633789062,134.1999969482422,1374900
2021-08-19,119.49327850341795,134.02999877929688,134.97999572753906,132.9199981689453,133.22000122070312,1038900
2021-08-20,119.96578979492188,134.55999755859375,135.17999267578125,133.6199951171875,134.0399932861328,1353800
2021-08-23,122.4353485107422,137.3300018310547,138.77999877929688,135.00999450683594,135.3800048828125,2385700
2021-08-24,122.0965805053711,136.9499969482422,138.0,136.86000061035156,137.5399932861328,1227200
2021-08-25,122.9167938232422,137.8699951171875,139.4499969482422,137.33999633789062,137.41000366210938,1457500
2021-08-26,121.44576263427734,136.22000122070312,138.22999572753906,136.17999267578125,137.94000244140625,1425000
2021-08-27,122.59585571289062,137.50999450683594,137.5800018310547,136.35000610351562,136.49000549316406,1067500
2021-08-30,120.64078521728516,134.52000427246094,136.94000244140625,134.47999572753906,136.57000732421875,1155300
2021-08-31,121.32238006591795,135.27999877929688,135.8699951171875,133.4199981689453,134.19000244140625,1825500
2021-09-01,120.41658020019533,134.27000427246094,135.52000427246094,133.75,135.36000061035156,1992100
2021-09-02,120.14754486083984,133.97000122070312,135.4600067138672,133.63999938964844,134.55999755859375,1438000
2021-09-03,120.14754486083984,133.97000122070312,134.3300018310547,133.02999877929688,133.97000122070312,1405300
2021-09-07,117.90545654296876,131.47000122070312,133.91000366210938,131.39999389648438,133.75999450683594,1370700
2021-09-08,119.11620330810548,132.82000732421875,133.22000122070312,131.2100067138672,131.4600067138672,1195700
2021-09-09,118.46148681640624,132.08999633789062,134.30999755859375,132.00999450683594,132.67999267578125,1441900
2021-09-10,117.97723388671876,131.5500030517578,132.97000122070312,130.94000244140625,132.7100067138672,1311400
2021-09-13,119.51974487304688,133.27000427246094,133.49000549316406,131.9199981689453,132.64999389648438,1603600
2021-09-14,118.4973602294922,132.1300048828125,134.14999389648438,131.64999389648438,133.6699981689453,2118900
2021-09-15,118.10276794433594,131.69000244140625,133.6199951171875,131.00999450683594,132.16000366210938,1914200
2021-09-16,117.91442108154295,131.47999572753906,132.30999755859375,130.77000427246094,131.49000549316406,1515600
2021-09-17,117.5108642578125,131.02999877929688,132.07000732421875,130.16000366210938,130.72000122070312,3401200
2021-09-20,116.2194366455078,129.58999633789062,129.72999572753906,127.72000122070312,129.1199951171875,2009400
2021-09-21,116.22840118408205,129.60000610351562,131.02999877929688,129.1699981689453,130.1300048828125,1631400
2021-09-22,116.90998077392578,130.36000061035156,131.4499969482422,130.3000030517578,130.7100067138672,1476100
2021-09-23,117.31353759765624,130.80999755859375,132.3000030517578,130.66000366210938,131.0800018310547,1237000
2021-09-24,117.0355453491211,130.5,131.66000366210938,130.42999267578125,130.7899932861328,1162900
2021-09-27,116.94583892822266,130.39999389648438,131.99000549316406,130.3699951171875,131.02999877929688,1156100
2021-09-28,114.78451538085938,127.98999786376952,131.22999572753906,127.7699966430664,130.3800048828125,1453600
2021-09-29,115.98625946044922,129.3300018310547,130.11000061035156,128.02999877929688,128.02999877929688,908600
2021-09-30,114.17469024658205,127.30999755859376,130.3699951171875,127.25,129.97000122070312,1463500
2021-10-01,114.54237365722656,127.72000122070312,128.9499969482422,126.5199966430664,127.5,1553200
2021-10-04,113.5468978881836,126.61000061035156,129.3300018310547,126.4000015258789,127.76000213623048,1539600
2021-10-05,114.91007995605467,128.1300048828125,128.88999938964844,125.88999938964844,126.83000183105467,1864200
2021-10-06,114.33609771728516,127.48999786376952,128.0,125.79000091552734,127.33999633789062,1247200
2021-10-07,114.20157623291016,127.33999633789062,129.3000030517578,127.18000030517578,128.1300048828125,1309500
2021-10-08,113.7890396118164,126.87999725341795,127.93000030517578,126.33999633789062,127.54000091552734,970000
2021-10-11,114.75759887695312,127.95999908447266,130.05999755859375,127.4499969482422,127.4499969482422,1265000
2021-10-12,113.72624969482422,126.80999755859376,128.85000610351562,126.51000213623048,128.13999938964844,1443900
2021-10-13,112.73077392578124,125.6999969482422,126.80999755859376,124.1999969482422,126.72000122070312,1277100
2021-10-14,113.72624969482422,126.80999755859376,126.91000366210938,125.1999969482422,126.26000213623048,1358200
2021-10-15,113.6814193725586,126.76000213623048,128.0500030517578,126.38999938964844,127.41999816894533,1378100
2021-10-18,113.044677734375,126.0500030517578,126.6500015258789,125.22000122070312,126.26000213623048,1057300
2021-10-19,113.44824981689452,126.5,126.7699966430664,125.27999877929688,126.58000183105467,1419100
2021-10-20,115.098388671875,128.33999633789062,128.4600067138672,126.29000091552734,126.41999816894533,1347400
2021-10-21,113.69036865234376,126.7699966430664,128.30999755859375,125.45999908447266,128.30999755859375,1379800
2021-10-22,114.7934799194336,128.0,128.4600067138672,126.45999908447266,127.26000213623048,1837600
2021-10-25,115.6903076171875,129.0,129.17999267578125,127.79000091552734,128.35000610351562,1355600
2021-10-26,115.0804672241211,128.32000732421875,129.99000549316406,128.30999755859375,129.1199951171875,1179300
2021-10-27,112.01334381103516,124.9000015258789,128.5399932861328,124.80999755859376,128.3699951171875,1260000
2021-10-28,113.19713592529295,126.22000122070312,126.41000366210938,124.81999969482422,125.3000030517578,1418400
2021-10-29,110.91024017333984,123.66999816894533,126.18000030517578,122.94000244140624,126.12999725341795,2162900
2021-11-01,110.76676177978516,123.51000213623048,125.08000183105467,122.66999816894533,124.18000030517578,2072200
2021-11-02,112.2644271850586,125.18000030517578,125.41000366210938,122.0,123.51000213623048,2097300
2021-11-03,113.10746002197266,126.12000274658205,127.83999633789062,125.0,125.18000030517578,1693000
2021-11-04,105.01809692382812,117.0999984741211,121.94000244140624,115.18000030517578,121.0,4434500
2021-11-05,105.07190704345705,117.16000366210938,118.8000030517578,114.6500015258789,117.75,2580200
2021-11-08,104.98223114013672,117.05999755859376,118.48999786376952,116.37999725341795,118.0,1610500
2021-11-09,103.30516052246094,115.19000244140624,117.81999969482422,115.06999969482422,116.30999755859376,1558000
2021-11-10,102.33659362792967,114.11000061035156,115.62000274658205,113.91000366210938,114.08000183105467,2113700
2021-11-11,102.8298568725586,114.66000366210938,115.08999633789062,112.7699966430664,114.12000274658205,1534500
2021-11-12,102.87468719482422,114.70999908447266,115.9499969482422,114.37999725341795,114.63999938964844,2372900
2021-11-15,102.95541381835938,114.8000030517578,115.44000244140624,114.43000030517578,115.1500015258789,1774100
2021-11-16,103.44866180419922,115.3499984741211,116.66000366210938,114.6999969482422,115.2300033569336,3627700
2021-11-17,101.54739379882812,113.2300033569336,115.2699966430664,113.16000366210938,115.06999969482422,2592700
2021-11-18,101.3949203491211,113.05999755859376,113.76000213623048,111.48999786376952,113.37999725341795,2445300
2021-11-19,100.39049530029295,111.94000244140624,113.61000061035156,111.86000061035156,112.77999877929688,2084100
2021-11-22,101.83438873291016,113.5500030517578,114.18000030517578,111.51000213623048,112.25,2216400
2021-11-23,103.04508972167967,114.9000015258789,115.81999969482422,112.12999725341795,112.31999969482422,3013000
2021-11-24,102.86572265625,114.6999969482422,115.88999938964844,114.4000015258789,115.1500015258789,2676600
2021-11-26,103.24237823486328,115.12000274658205,115.4800033569336,111.3000030517578,111.91999816894533,1929900
2021-11-29,102.1856689453125,113.13999938964844,114.66999816894533,112.41999816894533,114.4800033569336,2656200
2021-11-30,98.19361114501952,108.72000122070312,112.3000030517578,108.1999969482422,112.0999984741211,8377100
2021-12-01,96.75755310058594,107.12999725341795,111.12000274658205,107.12000274658205,109.61000061035156,2690200
2021-12-02,99.06067657470705,109.68000030517578,110.6500015258789,107.55999755859376,108.23999786376952,2201400
2021-12-03,97.83233642578124,108.31999969482422,110.80999755859376,107.7300033569336,109.7699966430664,2814700
2021-12-06,99.15099334716795,109.77999877929688,111.51000213623048,109.25,109.52999877929688,2334700
2021-12-07,99.56645965576172,110.23999786376952,110.98999786376952,108.97000122070312,109.76000213623048,2660100
2021-12-08,98.46456909179688,109.0199966430664,110.4800033569336,108.20999908447266,110.1500015258789,2176700
2021-12-09,97.24528503417967,107.66999816894533,108.44000244140624,106.11000061035156,106.4800033569336,2155600
2021-12-10,97.56139373779295,108.0199966430664,108.66000366210938,107.41000366210938,108.66000366210938,1392100
2021-12-13,97.72395324707033,108.1999969482422,108.62000274658205,106.41999816894533,107.88999938964844,1705200
2021-12-14,99.99093627929688,110.70999908447266,111.52999877929688,108.0500030517578,108.4800033569336,2208900
2021-12-15,102.52887725830078,113.5199966430664,114.01000213623048,110.55999755859376,111.1999969482422,2988000
2021-12-16,104.60619354248048,115.81999969482422,116.23999786376952,114.06999969482422,114.18000030517578,2556100
2021-12-17,103.0888442993164,114.13999938964844,115.69000244140624,113.83999633789062,115.37000274658205,4978400
2021-12-20,101.43601989746094,112.30999755859376,113.6500015258789,111.45999908447266,113.04000091552734,1979500
2021-12-21,102.3482437133789,113.31999969482422,114.81999969482422,112.9800033569336,112.9800033569336,1365000
2021-12-22,102.43855285644533,113.41999816894533,113.9499969482422,112.87999725341795,113.18000030517578,1092000
2021-12-23,103.07982635498048,114.12999725341795,115.1999969482422,113.75,114.05999755859376,1063100
2021-12-27,104.8410186767578,116.08000183105467,116.12999725341795,113.76000213623048,114.16000366210938,1116300
2021-12-28,105.75322723388672,117.08999633789062,117.4499969482422,115.91000366210938,115.91999816894533,1311100
2021-12-29,106.52995300292967,117.9499969482422,118.41999816894533,116.9499969482422,117.19000244140624,1511300
2021-12-30,106.28609466552734,117.68000030517578,118.9800033569336,117.58000183105467,118.48999786376952,1251900
2021-12-31,106.2590103149414,117.6500015258789,118.66000366210938,117.58000183105467,117.58000183105467,1144000
2022-01-03,106.81897735595705,118.2699966430664,119.70999908447266,117.37000274658205,117.75,1924600
2022-01-04,109.40206146240234,121.12999725341795,121.48999786376952,119.0,119.41000366210938,1878400
2022-01-05,109.3027114868164,121.0199966430664,123.0,120.9800033569336,121.79000091552734,1840100
2022-01-06,110.54910278320312,122.4000015258789,123.7699966430664,121.22000122070312,122.93000030517578,1510900
2022-01-07,113.75538635253906,125.9499969482422,126.1999969482422,122.1500015258789,122.80999755859376,2314100
2022-01-10,111.5787353515625,123.54000091552734,127.2300033569336,123.0199966430664,126.51000213623048,2672400
2022-01-11,111.83161163330078,123.81999969482422,124.6999969482422,121.8499984741211,124.36000061035156,2019000
2022-01-12,111.80452728271484,123.79000091552734,124.26000213623048,122.5,123.4000015258789,1593100
2022-01-13,112.13870239257812,124.16000366210938,125.44000244140624,123.87000274658205,124.30999755859376,1723900
2022-01-14,112.06644439697266,124.08000183105467,124.47000122070312,122.5,123.9000015258789,1991100
2022-01-18,111.28971862792967,123.22000122070312,124.29000091552734,121.11000061035156,123.63999938964844,2362000
2022-01-19,109.22144317626952,120.93000030517578,123.6999969482422,120.4000015258789,123.6999969482422,1845800
2022-01-20,107.9208526611328,119.48999786376952,122.95999908447266,119.30999755859376,121.31999969482422,2436000
2022-01-21,107.84860229492188,119.41000366210938,121.30999755859376,119.04000091552734,119.8000030517578,3810400
2022-01-24,110.11557006835938,121.91999816894533,122.2699966430664,117.9499969482422,119.68000030517578,2780400
2022-01-25,110.1246109008789,121.93000030517578,122.83999633789062,118.58000183105467,120.20999908447266,2202000
2022-01-26,108.65243530273438,120.3000030517578,122.33999633789062,119.2300033569336,121.37999725341795,2634200
2022-01-27,108.6072769165039,120.25,123.55999755859376,119.45999908447266,121.04000091552734,2184200
2022-01-28,109.15821075439452,120.86000061035156,120.97000122070312,118.2699966430664,120.0,1981000
2022-01-31,108.9865951538086,120.66999816894533,121.08000183105467,118.18000030517578,119.37000274658205,3607800
2022-02-01,107.22541046142578,118.72000122070312,119.5,116.4000015258789,119.2300033569336,3367300
2022-02-02,106.2951431274414,117.69000244140624,119.75,117.19000244140624,118.69000244140624,5549600
2022-02-03,109.88978576660156,121.66999816894533,122.0999984741211,115.61000061035156,117.9499969482422,5012100
2022-02-04,110.29622650146484,122.12000274658205,123.26000213623048,120.44000244140624,120.44000244140624,2637300
2022-02-07,112.68061065673828,124.76000213623048,125.83999633789062,122.36000061035156,122.9800033569336,3108700
2022-02-08,114.86630249023438,127.18000030517578,127.54000091552734,125.4000015258789,125.58000183105467,2871000
2022-02-09,112.6083526611328,124.68000030517578,127.23999786376952,124.5500030517578,126.97000122070312,1983400
2022-02-10,111.34390258789062,123.27999877929688,125.93000030517578,122.9499969482422,124.05999755859376,2199600
2022-02-11,111.4342041015625,123.37999725341795,124.48999786376952,122.02999877929688,122.76000213623048,2841600
2022-02-14,112.71672821044922,124.8000030517578,126.31999969482422,123.08000183105467,125.30999755859376,3268800
2022-02-15,112.18385314941406,124.20999908447266,126.12000274658205,123.48999786376952,125.31999969482422,2209800
2022-02-16,111.52454376220705,123.4800033569336,124.9000015258789,123.31999969482422,123.6999969482422,1796800
2022-02-17,110.76587677001952,122.63999938964844,123.1999969482422,121.22000122070312,122.66999816894533,1801900
2022-02-18,113.7012176513672,125.88999938964844,126.2699966430664,122.3000030517578,122.51000213623048,5359400
2022-02-22,112.97865295410156,125.08999633789062,126.1999969482422,124.13999938964844,125.4800033569336,2961300
2022-02-23,111.34390258789062,123.27999877929688,126.16000366210938,123.05999755859376,125.66999816894533,2100100
2022-02-24,109.1220932006836,120.81999969482422,121.26000213623048,117.5,120.52999877929688,3220300
2022-02-25,112.94229888916016,124.16999816894533,124.3000030517578,120.70999908447266,120.9000015258789,1787900
2022-02-28,111.29598236083984,122.36000061035156,123.12000274658205,120.77999877929688,121.11000061035156,2648700
2022-03-01,109.02204132080078,119.86000061035156,122.9499969482422,118.68000030517578,122.2300033569336,1757500
2022-03-02,112.67852020263672,123.87999725341795,124.26000213623048,121.3499984741211,121.36000061035156,1843300
2022-03-03,114.31576538085938,125.68000030517578,126.08999633789062,122.69000244140624,123.8499984741211,2447200
2022-03-04,116.01668548583984,127.5500030517578,127.5999984741211,123.36000061035156,123.5500030517578,2862400
2022-03-07,113.85189819335938,125.16999816894533,128.57000732421875,125.08999633789062,126.41000366210938,2605800
2022-03-08,110.99581909179688,122.02999877929688,126.2699966430664,122.0,125.68000030517578,2356200
2022-03-09,111.35054779052734,122.41999816894533,124.12999725341795,121.4499969482422,123.62999725341795,1918700
2022-03-10,111.79623413085938,122.91000366210938,123.44000244140624,121.5199966430664,122.3499984741211,1563500
2022-03-11,112.22373962402344,123.37999725341795,125.12999725341795,122.77999877929688,123.43000030517578,1475900
2022-03-14,114.49768829345705,125.87999725341795,127.16999816894533,124.4499969482422,125.58999633789062,1974600
2022-03-15,115.63465881347656,127.12999725341795,127.3499984741211,125.08999633789062,126.73999786376952,1699600
2022-03-16,115.05252838134766,126.48999786376952,127.66999816894533,124.02999877929688,127.5,1940600
2022-03-17,119.08195495605467,130.9199981689453,130.9499969482422,126.5,126.5999984741211,2343800
2022-03-18,121.4286880493164,133.5,133.7899932861328,130.0800018310547,132.44000244140625,6081800
2022-03-21,122.36555480957033,134.52999877929688,134.89999389648438,131.97000122070312,133.86000061035156,2523600
2022-03-22,124.64856719970705,137.0399932861328,137.47999572753906,134.60000610351562,135.0,2475700
2022-03-23,124.6576690673828,137.0500030517578,138.05999755859375,135.86000061035156,136.9199981689453,2855500
2022-03-24,126.20393371582033,138.75,138.82000732421875,136.6999969482422,136.75,1653300
2022-03-25,128.97816467285156,141.8000030517578,141.82000732421875,138.75,138.86000061035156,1897900
2022-03-28,127.88668060302734,140.60000610351562,141.5,139.83999633789062,141.32000732421875,2542900
2022-03-29,126.96800231933594,139.58999633789062,140.91000366210938,138.3699951171875,140.86000061035156,1627000
2022-03-30,127.6956558227539,140.38999938964844,141.19000244140625,139.6300048828125,140.0,1310500
2022-03-31,125.98567962646484,138.50999450683594,141.57000732421875,138.47999572753906,140.47000122070312,2346400
2022-04-01,126.92251586914062,139.5399932861328,140.02000427246094,138.3300018310547,139.52000427246094,1276300
2022-04-04,124.6940689086914,137.08999633789062,139.52999877929688,136.8300018310547,139.22999572753906,1815800
2022-04-05,124.83050537109376,137.24000549316406,139.05999755859375,137.00999450683594,137.0399932861328,1394800
2022-04-06,126.44957733154295,139.02000427246094,140.08999633789062,136.32000732421875,137.1199951171875,1610500
2022-04-07,127.71385955810548,140.41000366210938,140.97000122070312,138.24000549316406,139.3699951171875,1703200
2022-04-08,129.09642028808594,141.92999267578125,142.47000122070312,140.39999389648438,142.0,1682300
2022-04-11,129.97872924804688,142.89999389648438,144.41000366210938,142.66000366210938,142.66000366210938,1896800
2022-04-12,129.26922607421875,142.1199951171875,143.89999389648438,141.47000122070312,142.86000061035156,1872600
2022-04-13,129.0509490966797,141.8800048828125,143.7100067138672,140.17999267578125,141.3699951171875,1367700
2022-04-14,128.3960418701172,141.16000366210938,141.64999389648438,139.89999389648438,141.64999389648438,3787400
2022-04-18,127.0953598022461,139.72999572753906,141.0399932861328,139.24000549316406,139.88999938964844,1440200
2022-04-19,128.92361450195312,141.74000549316406,142.0500030517578,138.77000427246094,139.86000061035156,1807000
2022-04-20,130.8518524169922,143.86000061035156,144.10000610351562,141.74000549316406,142.13999938964844,1437100
2022-04-21,128.36874389648438,141.1300048828125,144.4600067138672,141.02000427246094,144.22999572753906,1276000
2022-04-22,120.12798309326172,132.07000732421875,140.02999877929688,131.94000244140625,139.0,2305700
2022-04-25,119.9005889892578,131.82000732421875,132.47000122070312,129.1300048828125,131.6300048828125,1903100
2022-04-26,117.31737518310548,128.97999572753906,132.5,128.89999389648438,130.52999877929688,1600600
2022-04-27,116.76252746582033,128.3699951171875,129.69000244140625,127.75,129.19000244140625,1403600
2022-04-28,118.55438232421876,130.33999633789062,131.11000061035156,128.75999450683594,129.6699981689453,1355200
2022-04-29,115.09801483154295,126.54000091552734,129.88999938964844,126.16999816894533,129.27000427246094,1614100
2022-05-02,116.18040466308594,127.7300033569336,129.41000366210938,125.43000030517578,127.38999938964844,1587800
2022-05-03,118.04503631591795,129.77999877929688,132.05999755859375,128.3300018310547,128.66000366210938,1662300
2022-05-04,121.5923843383789,133.67999267578125,133.89999389648438,128.69000244140625,129.75,1688600
2022-05-05,119.6822738647461,131.5800018310547,133.08999633789062,129.61000061035156,131.30999755859375,2465100
2022-05-06,118.75448608398438,130.55999755859375,132.0,129.4600067138672,131.25999450683594,1851900
2022-05-09,117.29920959472656,128.9600067138672,130.02999877929688,127.91000366210938,129.8699951171875,1405400
2022-05-10,117.87223052978516,129.58999633789062,132.0800018310547,128.38999938964844,129.86000061035156,1739500
2022-05-11,116.92626953125,128.5500030517578,131.64999389648438,128.41000366210938,129.63999938964844,1585500
2022-05-12,116.01668548583984,127.5500030517578,129.35000610351562,125.4800033569336,128.5500030517578,1867200
2022-05-13,116.59880828857422,128.19000244140625,128.89999389648438,127.0999984741211,128.1199951171875,1384700
2022-05-16,115.74381256103516,127.25,128.8300018310547,126.98999786376952,128.58999633789062,1465900
2022-05-17,117.52659606933594,129.2100067138672,129.3699951171875,127.18000030517578,128.22999572753906,1208300
2022-05-18,116.4351043701172,128.00999450683594,130.02999877929688,127.58000183105467,128.49000549316406,1604600
2022-05-19,114.41582489013672,125.79000091552734,127.44000244140624,123.95999908447266,126.51000213623048,1470300
2022-05-20,111.9053955078125,123.02999877929688,125.91999816894533,120.56999969482422,125.1999969482422,2070000
2022-05-23,114.29759216308594,125.66000366210938,126.23999786376952,122.83000183105467,124.54000091552734,1498100
2022-05-24,117.1809539794922,128.8300018310547,128.99000549316406,124.95999908447266,126.72000122070312,1540200
2022-05-25,119.10922241210938,130.9499969482422,131.57000732421875,127.87000274658205,128.3300018310547,2035600
2022-05-26,121.60148620605467,133.69000244140625,134.1300048828125,131.58999633789062,132.05999755859375,1676300
2022-05-27,124.51213836669922,136.88999938964844,136.91000366210938,132.72000122070312,133.63999938964844,1539500
2022-05-31,124.3302230834961,136.69000244140625,137.5,133.82000732421875,135.1999969482422,6403500
2022-06-01,122.5201644897461,134.6999969482422,137.5399932861328,133.1999969482422,137.32000732421875,1476900
2022-06-02,122.79480743408205,134.14999389648438,134.25,132.6300048828125,134.19000244140625,1205600
2022-06-03,120.79930877685548,131.97000122070312,134.02000427246094,131.8800048828125,133.4499969482422,1031600
2022-06-06,121.14715576171876,132.35000610351562,133.75999450683594,131.64999389648438,133.1699981689453,1445800
2022-06-07,121.321044921875,132.5399932861328,132.5399932861328,130.1199951171875,131.50999450683594,1604500
2022-06-08,119.96631622314452,131.05999755859375,132.47999572753906,130.4199981689453,132.19000244140625,957000
2022-06-09,117.03720092773438,127.86000061035156,131.94000244140625,127.83999633789062,131.22999572753906,1137300
2022-06-10,114.0439910888672,124.58999633789062,125.88999938964844,124.3499984741211,125.54000091552734,1582900
2022-06-13,112.68011474609376,123.0999984741211,125.62000274658205,121.63999938964844,121.63999938964844,1970400
2022-06-14,111.66407775878906,121.98999786376952,124.56999969482422,121.3499984741211,123.62000274658205,1634000
2022-06-15,111.37114715576172,121.66999816894533,123.87999725341795,119.87999725341795,122.8499984741211,1661400
2022-06-16,109.41230010986328,119.52999877929688,120.36000061035156,117.63999938964844,119.91999816894533,2362100
2022-06-17,110.35511016845705,120.55999755859376,121.36000061035156,118.2699966430664,119.86000061035156,4120600
2022-06-21,111.49016571044922,121.8000030517578,122.52999877929688,120.77999877929688,122.33000183105467,1161200
2022-06-22,111.7372817993164,122.06999969482422,123.05999755859376,119.86000061035156,120.30999755859376,1245600
2022-06-23,111.49929809570312,121.80999755859376,123.2699966430664,120.62000274658205,122.33999633789062,1368800
2022-06-24,116.39645385742188,127.16000366210938,127.7699966430664,122.2300033569336,122.70999908447266,5383200
2022-06-27,115.5085678100586,126.19000244140624,127.56999969482422,125.52999877929688,126.5199966430664,953600
2022-06-28,115.0600357055664,125.6999969482422,128.13999938964844,125.61000061035156,127.22000122070312,1341300
2022-06-29,114.80374908447266,125.41999816894533,126.52999877929688,124.93000030517578,126.16000366210938,1101300
2022-06-30,116.00285339355467,126.7300033569336,127.11000061035156,123.7300033569336,124.4800033569336,1472700
2022-07-01,119.63679504394533,130.6999969482422,131.32000732421875,126.5,127.13999938964844,2525800
2022-07-05,117.98917388916016,128.89999389648438,129.35000610351562,125.16000366210938,128.9499969482422,2336900
2022-07-06,120.03955841064452,131.13999938964844,132.08999633789062,128.07000732421875,128.3800048828125,1853600
2022-07-07,120.094482421875,131.1999969482422,133.32000732421875,131.00999450683594,131.89999389648438,1295800
2022-07-08,119.79241180419922,130.8699951171875,132.22999572753906,130.8000030517578,132.1999969482422,1116900
2022-07-11,119.2981185913086,130.3300018310547,131.39999389648438,129.77999877929688,130.27000427246094,1442500
2022-07-12,117.19281005859376,128.02999877929688,130.1699981689453,127.94000244140624,129.13999938964844,1704700
2022-07-13,116.12185668945312,126.86000061035156,128.5,126.7300033569336,127.2699966430664,1855000
2022-07-14,110.68464660644533,120.91999816894533,124.04000091552734,120.33000183105467,123.72000122070312,2481300
2022-07-15,112.03936004638672,122.4000015258789,123.37000274658205,121.7699966430664,122.48999786376952,4448600
2022-07-18,109.63199615478516,119.7699966430664,123.33999633789062,119.41000366210938,122.88999938964844,1531600
2022-07-19,112.24989318847656,122.62999725341795,122.93000030517578,120.6500015258789,121.0,1345200
2022-07-20,111.98442840576172,122.33999633789062,123.5500030517578,121.6500015258789,122.76000213623048,1581900
2022-07-21,106.0895538330078,115.9000015258789,119.3499984741211,111.8499984741211,118.58999633789062,4386800
2022-07-22,106.36416625976562,116.1999969482422,118.20999908447266,115.76000213623048,116.12000274658205,2157900
2022-07-25,106.84014892578124,116.72000122070312,117.6500015258789,116.16999816894533,117.16000366210938,1239300
2022-07-26,105.3755874633789,115.12000274658205,117.33999633789062,115.05999755859376,116.41000366210938,1457800
2022-07-27,107.07813262939452,116.9800033569336,117.06999969482422,114.12999725341795,114.93000030517578,2099900
2022-07-28,105.94310760498048,115.73999786376952,117.4000015258789,113.88999938964844,116.94000244140624,1849100
2022-07-29,107.06900787353516,116.97000122070312,117.54000091552734,116.11000061035156,116.13999938964844,1332100
2022-08-01,106.32756805419922,116.16000366210938,116.44000244140624,114.3499984741211,115.8499984741211,1871600
2022-08-02,105.906494140625,115.6999969482422,117.25,115.62999725341795,116.5500030517578,1501600
2022-08-03,105.32067108154295,115.05999755859376,116.0999984741211,113.44000244140624,116.0,2062800
2022-08-04,104.27716064453124,113.91999816894533,116.69000244140624,112.0500030517578,113.95999908447266,2168400
2022-08-05,107.09644317626952,117.0,117.0500030517578,113.45999908447266,113.9000015258789,1454300
2022-08-08,108.27726745605467,118.29000091552734,119.4800033569336,117.43000030517578,117.55999755859376,1346100
2022-08-09,109.6045150756836,119.73999786376952,120.0,118.44000244140624,118.9000015258789,1159700
2022-08-10,113.31171417236328,123.79000091552734,123.87999725341795,120.37999725341795,120.70999908447266,1675000
2022-08-11,116.19508361816406,126.94000244140624,127.79000091552734,124.33000183105467,124.48999786376952,1926200
2022-08-12,118.48345947265624,129.44000244140625,129.6300048828125,127.20999908447266,127.66000366210938,1834400
2022-08-15,116.94566345214844,127.76000213623048,129.42999267578125,127.41999816894533,128.27000427246094,1615500
2022-08-16,118.74890899658205,129.72999572753906,130.32000732421875,127.27999877929688,127.5199966430664,1590400
2022-08-17,120.86338806152344,132.0399932861328,132.66000366210938,128.8300018310547,128.8300018310547,1907500
2022-08-18,121.76042938232422,133.02000427246094,133.1199951171875,131.82000732421875,132.13999938964844,1145100
2022-08-19,119.17914581298828,130.1999969482422,133.07000732421875,130.11000061035156,132.75,1289200
2022-08-22,114.9227294921875,125.5500030517578,128.9199981689453,125.29000091552734,128.9199981689453,1474100
2022-08-23,114.87696838378906,125.5,126.37000274658205,125.26000213623048,125.66999816894533,1445400
2022-08-24,116.21337890625,126.95999908447266,127.3499984741211,125.0999984741211,125.41000366210938,1295400
2022-08-25,117.16533660888672,128.0,128.07000732421875,126.16999816894533,127.18000030517578,912200
2022-08-26,114.4650421142578,125.0500030517578,128.3300018310547,125.02999877929688,128.22999572753906,1079900
2022-08-29,113.58631134033205,124.08999633789062,125.0500030517578,122.95999908447266,124.13999938964844,1343000
2022-08-30,112.75680541992188,122.33999633789062,123.83000183105467,121.83000183105467,123.2300033569336,1582000
2022-08-31,111.06095886230467,120.5,123.02999877929688,120.43000030517578,122.93000030517578,2548900
2022-09-01,111.8812255859375,121.38999938964844,121.79000091552734,119.88999938964844,120.70999908447266,1719400
2022-09-02,111.96418762207033,121.4800033569336,124.4499969482422,120.9499969482422,122.27999877929688,1374300
2022-09-06,111.97339630126952,121.48999786376952,123.06999969482422,121.1500015258789,122.12999725341795,1211900
2022-09-07,115.31905364990234,125.12000274658205,125.18000030517578,121.36000061035156,121.58000183105467,1296000
2022-09-08,116.98726654052734,126.93000030517578,127.01000213623048,123.97000122070312,124.75,1590800
2022-09-09,116.53565216064452,126.44000244140624,127.79000091552734,126.38999938964844,127.05999755859376,1475300
2022-09-12,117.14395904541016,127.0999984741211,128.0,125.95999908447266,126.62999725341795,1063300
2022-09-13,112.9411392211914,122.54000091552734,126.0,122.1500015258789,125.41999816894533,1189900
2022-09-14,114.28678894042967,124.0,124.12000274658205,121.83000183105467,122.93000030517578,1933600
2022-09-15,118.9135513305664,129.02000427246094,129.77000427246094,124.19000244140624,124.93000030517578,2584300
2022-09-16,119.28221893310548,129.4199981689453,130.16000366210938,127.72000122070312,128.9600067138672,4847200
2022-09-19,121.73387145996094,132.0800018310547,132.17999267578125,128.22999572753906,128.41000366210938,1728000
2022-09-20,119.8905258178711,130.0800018310547,131.89999389648438,128.6999969482422,131.4499969482422,1677900
2022-09-21,117.83519744873048,127.8499984741211,131.82000732421875,127.83999633789062,130.85000610351562,1744400
2022-09-22,117.94580078125,127.97000122070312,131.07000732421875,125.77999877929688,127.95999908447266,1751000
2022-09-23,117.62321472167967,127.62000274658205,127.9499969482422,125.79000091552734,127.02999877929688,1777800
2022-09-26,114.22225952148438,123.93000030517578,127.61000061035156,123.80999755859376,126.66000366210938,1583600
2022-09-27,114.12088775634766,123.81999969482422,124.91000366210938,121.76000213623048,124.33000183105467,1822600
2022-09-28,116.50800323486328,126.41000366210938,127.12999725341795,123.70999908447266,124.62000274658205,1403600
2022-09-29,116.24994659423828,126.12999725341795,126.66999816894533,123.63999938964844,126.05999755859376,1968400
2022-09-30,114.77528381347656,124.52999877929688,126.9800033569336,124.23999786376952,126.29000091552734,2601500
2022-10-03,118.23152923583984,128.27999877929688,128.3300018310547,124.19000244140624,126.18000030517578,1933400
2022-10-04,122.40666961669922,132.80999755859375,132.92999267578125,129.16000366210938,129.16000366210938,2098300
2022-10-05,122.58177185058594,133.0,133.97999572753906,130.85000610351562,131.3000030517578,1620600
2022-10-06,120.31449127197266,130.5399932861328,132.8300018310547,130.2899932861328,132.74000549316406,1546800
2022-10-07,120.40666198730467,130.63999938964844,130.72000122070312,128.2100067138672,130.25999450683594,2223300
2022-10-10,121.09790802001952,131.38999938964844,132.25,130.1300048828125,131.27000427246094,1237300
2022-10-11,122.55414581298828,132.97000122070312,135.2100067138672,130.99000549316406,131.3699951171875,1570200
2022-10-12,120.8582763671875,131.1300048828125,135.05999755859375,130.99000549316406,133.80999755859375,2256100
2022-10-13,124.38826751708984,134.9600067138672,135.4600067138672,122.9000015258789,127.86000061035156,3423000
2022-10-14,122.06565856933594,132.44000244140625,136.8800048828125,132.27000427246094,136.24000549316406,1837700
2022-10-17,123.04261779785156,133.5,136.30999755859375,133.0399932861328,134.32000732421875,1193900
2022-10-18,126.61870574951172,137.3800048828125,137.4600067138672,135.24000549316406,136.08999633789062,1615000
2022-10-19,124.56338500976562,135.14999389648438,138.92999267578125,134.61000061035156,137.80999755859375,2068600
2022-10-20,108.48948669433594,117.70999908447266,122.79000091552734,116.51000213623048,116.55999755859376,9420300
2022-10-21,110.6738510131836,120.08000183105467,123.56999969482422,117.94000244140624,118.30999755859376,3193700
2022-10-24,115.0886459350586,124.87000274658205,125.37999725341795,120.8000030517578,120.8000030517578,2682000
2022-10-25,114.88587951660156,124.6500015258789,125.12999725341795,122.5199966430664,123.63999938964844,1665900
2022-10-26,114.5356216430664,124.2699966430664,127.3499984741211,124.20999908447266,125.63999938964844,1799200
2022-10-27,112.96881103515624,122.56999969482422,125.70999908447266,122.36000061035156,125.0,2234800
2022-10-28,116.48957824707033,126.38999938964844,126.63999938964844,122.75,123.12000274658205,2222600
2022-10-31,116.36053466796876,126.25,127.29000091552734,125.83000183105467,126.38999938964844,1892200
2022-11-01,115.89969635009766,125.75,127.12000274658205,125.41000366210938,127.11000061035156,1508000
2022-11-02,113.67847442626952,123.33999633789062,126.58000183105467,122.95999908447266,125.72000122070312,2446000
2022-11-03,114.24990844726562,123.95999908447266,125.3000030517578,119.01000213623048,120.88999938964844,2815400
2022-11-04,119.0057144165039,129.1199951171875,129.91000366210938,125.83000183105467,128.1999969482422,2337800
2022-11-07,118.7292251586914,128.82000732421875,129.7100067138672,127.0199966430664,129.7100067138672,1284600
2022-11-08,120.05643463134766,130.25999450683594,131.6699981689453,127.7699966430664,128.88999938964844,1362500
2022-11-09,117.91815948486328,127.94000244140624,131.36000061035156,127.80999755859376,129.85000610351562,1178800
2022-11-10,119.99190521240234,130.19000244140625,131.39999389648438,128.19000244140625,131.00999450683594,1631800
2022-11-11,121.7430648803711,132.08999633789062,132.7100067138672,127.86000061035156,130.3800048828125,1533400
2022-11-14,118.9320068359375,129.0399932861328,133.1199951171875,128.9199981689453,132.33999633789062,1075000
2022-11-15,121.6877899169922,132.02999877929688,132.8699951171875,128.8000030517578,129.67999267578125,2004100
2022-11-16,121.94583892822266,132.30999755859375,133.0,130.9600067138672,131.4199981689453,1531300
2022-11-17,124.065673828125,134.61000061035156,134.74000549316406,131.07000732421875,131.63999938964844,1190500
2022-11-18,122.3421630859375,132.74000549316406,136.8699951171875,132.08999633789062,136.02999877929688,1756000
2022-11-21,123.7431182861328,134.25999450683594,134.75999450683594,131.72999572753906,132.5399932861328,1629800
2022-11-22,123.38365936279295,133.8699951171875,135.67999267578125,133.75,135.24000549316406,877700
2022-11-23,123.82605743408205,134.35000610351562,134.3699951171875,132.6300048828125,133.72999572753906,935000
2022-11-25,124.81222534179688,135.4199981689453,135.5399932861328,134.1199951171875,134.9600067138672,513800
2022-11-28,122.32373809814452,132.72000122070312,135.27999877929688,132.5800018310547,135.22000122070312,1206800
2022-11-29,123.7244110107422,133.3800048828125,133.52000427246094,130.02999877929688,131.33999633789062,1263700
2022-11-30,124.206787109375,133.89999389648438,134.02999877929688,130.1199951171875,132.5399932861328,3212800
2022-12-01,122.4535903930664,132.00999450683594,134.5399932861328,130.9199981689453,134.5399932861328,1925600
2022-12-02,121.3775634765625,130.85000610351562,131.8800048828125,129.88999938964844,130.80999755859375,1298100
2022-12-05,119.14202117919922,128.44000244140625,130.1699981689453,127.16999816894533,130.1699981689453,1246600
2022-12-06,120.87664794921876,130.30999755859375,130.58999633789062,127.97000122070312,128.44000244140625,1464800
2022-12-07,120.6911392211914,130.11000061035156,132.75999450683594,128.97000122070312,130.22999572753906,1717500
2022-12-08,120.61691284179688,130.02999877929688,131.6999969482422,129.5399932861328,130.85000610351562,1194900
2022-12-09,119.24407958984376,128.5500030517578,130.22999572753906,127.83000183105467,129.58999633789062,1237600
2022-12-12,119.50379943847656,128.8300018310547,129.22000122070312,127.41000366210938,128.80999755859375,1220300
2022-12-13,120.88594818115234,130.32000732421875,132.22999572753906,128.9600067138672,131.47000122070312,2135800
2022-12-14,120.49632263183594,129.89999389648438,132.24000549316406,128.92999267578125,130.5500030517578,1524500
2022-12-15,122.71331787109376,132.2899932861328,133.60000610351562,128.27000427246094,128.5500030517578,2416300
2022-12-16,121.69294738769533,131.19000244140625,132.19000244140625,129.82000732421875,130.75,4120000
2022-12-19,121.5074462890625,130.99000549316406,132.42999267578125,130.39999389648438,131.0,1188900
2022-12-20,124.002685546875,133.67999267578125,134.4499969482422,130.57000732421875,131.61000061035156,1616000
2022-12-21,124.8932113647461,134.63999938964844,136.4499969482422,134.5500030517578,135.00999450683594,1261500
2022-12-22,125.62601470947266,135.42999267578125,135.52999877929688,133.2899932861328,134.36000061035156,1382500
2022-12-23,126.49797058105467,136.3699951171875,136.58999633789062,134.9199981689453,135.58999633789062,872600
2022-12-27,126.17330169677734,136.02000427246094,136.97999572753906,135.5399932861328,136.47000122070312,737500
2022-12-28,125.62601470947266,135.42999267578125,136.74000549316406,135.3300018310547,136.22000122070312,661300
2022-12-29,126.54434967041016,136.4199981689453,136.85000610351562,135.27000427246094,135.97999572753906,629100
2022-12-30,125.78370666503906,135.60000610351562,136.41000366210938,134.75999450683594,135.72999572753906,706000
2023-01-03,126.7669677734375,136.66000366210938,137.22000122070312,135.2100067138672,135.5399932861328,1248300
2023-01-04,128.9004669189453,138.9600067138672,139.5399932861328,136.8800048828125,137.32000732421875,1466000
2023-01-05,129.25296020507812,139.33999633789062,139.52000427246094,137.1999969482422,138.25999450683594,1108800
2023-01-06,131.13600158691406,141.3699951171875,142.0500030517578,139.2899932861328,140.0,1308100
2023-01-09,129.87445068359375,140.00999450683594,142.05999755859375,139.3300018310547,141.72999572753906,1534200
2023-01-10,131.03395080566406,141.25999450683594,142.14999389648438,140.13999938964844,140.4600067138672,905700
2023-01-11,128.2233123779297,138.22999572753906,140.9199981689453,137.8699951171875,140.38999938964844,1553500
2023-01-12,127.14729309082033,137.07000732421875,139.0800018310547,136.89999389648438,138.61000061035156,1365600
2023-01-13,128.90975952148438,138.97000122070312,139.33999633789062,135.6999969482422,136.24000549316406,1203300
2023-01-17,125.7094955444336,135.52000427246094,138.85000610351562,134.1999969482422,138.85000610351562,1798400
2023-01-18,122.84318542480467,132.42999267578125,135.6300048828125,131.9199981689453,135.35000610351562,1900100
2023-01-19,115.61711120605467,124.63999938964844,127.16000366210938,122.0,126.0500030517578,4888600
2023-01-20,116.55399322509766,125.6500015258789,125.9800033569336,123.27999877929688,125.05999755859376,2522200
2023-01-23,116.1736831665039,125.23999786376952,126.66000366210938,124.81999969482422,125.72000122070312,2064900
2023-01-24,118.04743957519533,127.26000213623048,127.77999877929688,124.61000061035156,125.0,1852900
2023-01-25,119.30900573730467,128.6199951171875,129.47999572753906,126.01000213623048,126.70999908447266,1454300
2023-01-26,119.29045104980467,128.60000610351562,128.9600067138672,127.62000274658205,128.77999877929688,1256500
2023-01-27,118.57617950439452,127.83000183105467,129.1199951171875,127.54000091552734,128.27999877929688,1075600
2023-01-30,118.73388671875,128.0,128.64999389648438,127.43000030517578,127.9499969482422,1159200
2023-01-31,119.16986846923828,128.47000122070312,128.82000732421875,127.01000213623048,128.82000732421875,1414400
2023-02-01,118.88230895996094,128.16000366210938,128.85000610351562,126.06999969482422,127.4499969482422,1794100
2023-02-02,122.34228515625,131.88999938964844,132.11000061035156,123.08000183105467,125.0,4016400
2023-02-03,121.82282257080078,131.3300018310547,132.22000122070312,128.4499969482422,131.75999450683594,1760800
2023-02-06,125.20858001708984,134.97999572753906,135.0399932861328,130.67999267578125,131.3000030517578,2233700
2023-02-07,126.82263946533205,136.72000122070312,137.64999389648438,134.05999755859375,134.7100067138672,1493300
2023-02-08,126.92465209960938,136.8300018310547,138.25,135.86000061035156,135.99000549316406,1483300
2023-02-09,123.89139556884766,133.55999755859375,137.8300018310547,132.35000610351562,137.5,1842000
2023-02-10,125.60745239257812,135.41000366210938,135.63999938964844,133.14999389648438,133.58999633789062,1391700
2023-02-13,126.6278305053711,136.50999450683594,137.27999877929688,135.5399932861328,135.66000366210938,1215800
2023-02-14,125.2642593383789,135.0399932861328,136.91000366210938,133.99000549316406,136.3699951171875,1276500
2023-02-15,127.2214584350586,137.14999389648438,137.44000244140625,134.35000610351562,134.42999267578125,1308400
2023-02-16,127.1751480102539,137.10000610351562,139.02000427246094,135.72999572753906,136.0,1539200
2023-02-17,125.27351379394533,135.0500030517578,136.94000244140625,134.63999938964844,136.72000122070312,1460000
2023-02-21,124.67987060546876,134.41000366210938,134.9499969482422,132.8000030517578,134.41000366210938,1808700
2023-02-22,123.63166046142578,133.27999877929688,135.1999969482422,133.11000061035156,135.1999969482422,1439500
2023-02-23,122.30516815185548,131.85000610351562,134.42999267578125,130.69000244140625,133.69000244140625,1318800
2023-02-24,122.0639877319336,131.58999633789062,132.02999877929688,130.00999450683594,131.10000610351562,1365700
2023-02-27,120.42962646484376,128.9499969482422,131.66000366210938,128.47999572753906,131.1300048828125,1847800
2023-02-28,120.27085876464844,128.77999877929688,129.49000549316406,127.63999938964844,129.10000610351562,2013000
2023-03-01,119.17814636230467,127.61000061035156,128.75,126.86000061035156,128.14999389648438,1681600
2023-03-02,117.9360580444336,126.27999877929688,126.98999786376952,125.45999908447266,126.88999938964844,1730000
2023-03-03,119.66381072998048,128.1300048828125,128.1300048828125,125.56999969482422,126.38999938964844,1592300
2023-03-06,119.16883850097656,127.5999984741211,129.49000549316406,127.30999755859376,128.49000549316406,1372400
2023-03-07,116.34838104248048,124.58000183105467,127.70999908447266,124.5500030517578,127.70999908447266,1222000
2023-03-08,114.31242370605467,122.4000015258789,125.1999969482422,121.16000366210938,125.1999969482422,1824800
2023-03-09,111.51065826416016,119.4000015258789,122.52999877929688,118.44000244140624,122.4800033569336,1651700
2023-03-10,110.3899383544922,118.1999969482422,120.6999969482422,117.68000030517578,118.68000030517578,1979700
2023-03-13,106.63555908203124,114.18000030517578,117.16000366210938,113.8000030517578,115.9499969482422,3208000
2023-03-14,106.80364990234376,114.36000061035156,118.01000213623048,112.93000030517578,117.11000061035156,2513800
2023-03-15,103.30143737792967,110.61000061035156,111.7699966430664,107.86000061035156,111.16000366210938,2826400
2023-03-16,104.6929931640625,112.0999984741211,112.7300033569336,108.75,110.27999877929688,2727900
2023-03-17,98.16485595703124,105.11000061035156,111.0199966430664,104.31999969482422,110.77999877929688,9352100
2023-03-20,101.9845962524414,109.1999969482422,110.13999938964844,105.8000030517578,105.8000030517578,2990200
2023-03-21,105.10392761230467,112.54000091552734,114.05999755859376,110.41999816894533,111.18000030517578,2577000
2023-03-22,101.35888671875,108.52999877929688,113.0199966430664,108.51000213623048,112.31999969482422,1856400
2023-03-23,98.6038055419922,105.58000183105467,108.66999816894533,105.23999786376952,108.44000244140624,2139700
2023-03-24,98.6131362915039,105.58999633789062,105.62000274658205,103.1999969482422,104.30999755859376,2893000
2023-03-27,99.92062377929688,106.98999786376952,108.0,106.08999633789062,107.55999755859376,1771400
2023-03-28,99.31358337402344,106.33999633789062,107.31999969482422,105.6500015258789,106.29000091552734,1585200
2023-03-29,102.45156860351562,109.6999969482422,109.8499984741211,107.0500030517578,107.58999633789062,2263500
2023-03-30,101.88187408447266,109.08999633789062,110.4000015258789,108.0,110.25,1324100
2023-03-31,103.48821258544922,110.80999755859376,111.27999877929688,109.8499984741211,109.97000122070312,1901100
2023-04-03,106.700927734375,114.25,115.30999755859376,112.20999908447266,112.68000030517578,2381600
2023-04-04,105.69229888916016,113.16999816894533,114.9800033569336,111.58999633789062,114.4499969482422,1421900
2023-04-05,107.28929901123048,114.87999725341795,115.47000122070312,111.13999938964844,111.69000244140624,1396600
2023-04-06,107.60684204101562,115.22000122070312,116.5999984741211,114.8000030517578,115.37000274658205,1414500
2023-04-10,108.43802642822266,116.11000061035156,116.20999908447266,115.1999969482422,115.30999755859376,989500
2023-04-11,108.42870330810548,116.0999984741211,117.0,115.12999725341795,115.76000213623048,1062200
2023-04-12,108.40999603271484,116.08000183105467,117.88999938964844,115.6500015258789,116.38999938964844,1377100
2023-04-13,106.57018280029295,114.11000061035156,114.86000061035156,113.0,114.11000061035156,2889600
2023-04-14,104.72101593017578,112.12999725341795,115.12000274658205,111.2699966430664,114.29000091552734,2287600
2023-04-17,107.2986297607422,114.88999938964844,114.91000366210938,111.41999816894533,112.3499984741211,2210600
2023-04-18,106.59821319580078,114.13999938964844,115.41999816894533,113.36000061035156,114.98999786376952,1856400
2023-04-19,108.81159973144533,116.51000213623048,116.80999755859376,113.76000213623048,114.77999877929688,1962400
2023-04-20,109.6241226196289,117.37999725341795,122.5,117.08999633789062,118.3499984741211,3165400
2023-04-21,108.12982177734376,115.77999877929688,117.06999969482422,115.70999908447266,116.6999969482422,1503900
2023-04-24,108.24192810058594,115.9000015258789,117.37000274658205,115.75,115.8499984741211,1034400
2023-04-25,107.31732177734376,114.91000366210938,116.12000274658205,114.31999969482422,115.1999969482422,963300
2023-04-26,106.5234832763672,114.05999755859376,115.61000061035156,113.44000244140624,114.12999725341795,1141000
2023-04-27,107.6348648071289,115.25,115.70999908447266,113.62000274658205,113.86000061035156,1155500
2023-04-28,108.11116790771484,115.76000213623048,116.66999816894533,115.36000061035156,115.7699966430664,2228700
2023-05-01,108.20455169677734,115.86000061035156,117.25,115.38999938964844,115.5500030517578,1188800
2023-05-02,104.96382904052734,112.38999938964844,115.33000183105467,110.55999755859376,115.12999725341795,2224300
2023-05-03,104.13264465332033,111.5,112.98999786376952,111.0199966430664,112.98999786376952,2979700
2023-05-04,106.48612213134766,114.0199966430664,114.72000122070312,109.5,109.97000122070312,3413800
2023-05-05,108.08314514160156,115.7300033569336,117.98999786376952,115.45999908447266,115.45999908447266,2244500
2023-05-08,108.44737243652344,116.12000274658205,116.8499984741211,115.11000061035156,115.91999816894533,1323900
2023-05-09,110.59540557861328,118.41999816894533,118.58000183105467,115.45999908447266,115.54000091552734,1945200
2023-05-10,109.89494323730467,117.66999816894533,119.44000244140624,116.4800033569336,118.55999755859376,1642800
2023-05-11,110.5113525390625,118.33000183105467,118.5,116.43000030517578,117.01000213623048,1730900
2023-05-12,110.44597625732422,118.26000213623048,119.63999938964844,117.70999908447266,119.13999938964844,1689700
2023-05-15,110.13777160644533,117.93000030517578,118.58999633789062,117.1999969482422,118.54000091552734,2144500
2023-05-16,109.091796875,116.80999755859376,118.08999633789062,116.43000030517578,118.0199966430664,1196700
2023-05-17,111.1370849609375,119.0,119.47000122070312,116.72000122070312,117.0,1719100
2023-05-18,111.03434753417967,118.88999938964844,119.06999969482422,117.4800033569336,118.58000183105467,1512400
2023-05-19,109.99769592285156,117.77999877929688,119.98999786376952,117.75,119.83000183105467,2027600
2023-05-22,110.28720092773438,118.08999633789062,118.58000183105467,117.3000030517578,117.5,1579200
2023-05-23,108.57811737060548,116.26000213623048,118.61000061035156,115.87000274658205,118.16999816894533,1848200
2023-05-24,105.90709686279295,113.4000015258789,116.11000061035156,113.33999633789062,115.4800033569336,1730500
2023-05-25,103.7030258178711,111.04000091552734,113.56999969482422,110.6999969482422,112.55999755859376,2013600
2023-05-26,102.29280090332033,109.52999877929688,111.16000366210938,108.62999725341795,110.8000030517578,1697200
2023-05-30,103.3481216430664,110.66000366210938,110.77999877929688,108.52999877929688,109.13999938964844,1607900
2023-05-31,101.28417205810548,108.4499969482422,110.8000030517578,108.31999969482422,110.27999877929688,3870900
2023-06-01,102.8284683227539,109.1999969482422,109.9499969482422,106.31999969482422,108.1999969482422,1618900
2023-06-02,103.6571273803711,110.08000183105467,110.8499984741211,109.3000030517578,109.94000244140624,1119200
2023-06-05,103.09214782714844,109.4800033569336,111.22000122070312,109.26000213623048,110.56999969482422,1307300
2023-06-06,103.5723876953125,109.98999786376952,110.62000274658205,109.43000030517578,109.51000213623048,1693300
2023-06-07,105.67225646972656,112.22000122070312,112.61000061035156,109.66000366210938,110.27999877929688,1337800
2023-06-08,105.38035583496094,111.91000366210938,112.20999908447266,110.62999725341795,112.12000274658205,1213500
2023-06-09,105.42743682861328,111.95999908447266,112.9499969482422,110.5,111.20999908447266,1602900
2023-06-12,105.79469299316406,112.3499984741211,113.19000244140624,111.66000366210938,111.87000274658205,1119100
2023-06-13,106.83050537109376,113.4499969482422,114.97000122070312,112.41000366210938,112.41000366210938,1308900
2023-06-14,104.9001235961914,111.4000015258789,113.79000091552734,111.30999755859376,113.5,2878600
2023-06-15,104.09030151367188,110.54000091552734,111.88999938964844,109.56999969482422,110.52999877929688,3260100
2023-06-16,104.68354034423828,111.16999816894533,111.6500015258789,109.95999908447266,111.0,3778800
2023-06-20,102.27291107177734,108.61000061035156,110.22000122070312,108.08000183105467,109.86000061035156,3393800
2023-06-21,101.44425201416016,107.7300033569336,108.58999633789062,105.54000091552734,108.1999969482422,4040100
2023-06-22,101.69850158691406,108.0,108.20999908447266,106.80999755859376,108.20999908447266,1801100
2023-06-23,101.25592041015624,107.52999877929688,107.75,106.58999633789062,107.5,3587800
2023-06-26,102.60247802734376,108.95999908447266,109.0,107.3499984741211,107.6500015258789,1693300
2023-06-27,102.30116271972656,108.63999938964844,109.66999816894533,108.33999633789062,109.0999984741211,990100
2023-06-28,102.50831604003906,108.86000061035156,108.91000366210938,107.4000015258789,108.38999938964844,2185100
2023-06-29,102.72490692138672,109.08999633789062,109.43000030517578,108.62000274658205,109.06999969482422,1416900
2023-06-30,102.67781066894533,109.04000091552734,109.80999755859376,108.72000122070312,109.62000274658205,1825900
2023-07-03,104.06204223632812,110.51000213623048,111.73999786376952,108.87999725341795,108.97000122070312,952100
2023-07-05,103.61946105957033,110.04000091552734,110.06999969482422,108.12999725341795,109.63999938964844,2430800
2023-07-06,102.4141616821289,108.76000213623048,109.76000213623048,108.13999938964844,109.56999969482422,2118100
2023-07-07,101.95274353027344,108.2699966430664,109.4000015258789,107.97000122070312,107.97000122070312,1850500
2023-07-10,100.52143096923828,106.75,108.6999969482422,106.44000244140624,107.83000183105467,1541000
2023-07-11,102.70606231689452,109.06999969482422,109.16000366210938,106.69000244140624,106.77999877929688,2003300
2023-07-12,101.32183837890624,107.5999984741211,110.08999633789062,106.75,109.68000030517578,1745600
2023-07-13,98.71345520019533,104.83000183105467,106.8000030517578,103.91000366210938,104.0500030517578,3209400
2023-07-14,95.27642822265624,101.18000030517578,104.8499984741211,100.97000122070312,104.8499984741211,3465000
2023-07-17,96.43465423583984,102.41000366210938,102.55999755859376,100.56999969482422,101.3000030517578,1950900
2023-07-18,97.3857192993164,103.41999816894533,104.5199966430664,102.0999984741211,102.0999984741211,1742600
2023-07-19,99.61744689941406,105.79000091552734,106.04000091552734,103.55999755859376,103.69000244140624,2726700
2023-07-20,105.4462661743164,111.9800033569336,112.0999984741211,106.4000015258789,106.8499984741211,3263200
2023-07-21,104.35395050048828,110.81999969482422,112.33999633789062,110.23999786376952,112.0199966430664,1467900
2023-07-24,105.56869506835938,112.11000061035156,113.02999877929688,111.02999877929688,111.13999938964844,1138000
2023-07-25,104.02438354492188,110.47000122070312,112.62000274658205,110.16999816894533,111.75,1064800
2023-07-26,106.36910247802734,112.95999908447266,113.44000244140624,110.45999908447266,111.36000061035156,1282400
2023-07-27,106.19959259033205,112.77999877929688,113.20999908447266,112.01000213623048,113.20999908447266,1088300
2023-07-28,105.89826965332033,112.45999908447266,114.08999633789062,111.77999877929688,113.8499984741211,1165500
2023-07-31,106.10543060302734,112.68000030517578,113.81999969482422,112.05999755859376,112.66000366210938,890400
2023-08-01,106.43499755859376,113.02999877929688,113.36000061035156,111.54000091552734,112.44000244140624,1459700
2023-08-02,100.29542541503906,106.51000213623048,112.2300033569336,105.4000015258789,111.73999786376952,2844000
2023-08-03,104.8624496459961,111.36000061035156,111.91999816894533,105.8499984741211,105.9499969482422,2727100
2023-08-04,103.45938873291016,109.87000274658205,111.33000183105467,109.5,111.31999969482422,1518200
2023-08-07,104.27861785888672,110.73999786376952,111.9800033569336,110.0,110.47000122070312,905700
2023-08-08,103.99613189697266,110.44000244140624,111.08999633789062,108.52999877929688,109.44000244140624,1432900
2023-08-09,103.20513916015624,109.5999984741211,111.58999633789062,109.51000213623048,110.2699966430664,1053600
2023-08-10,104.2315444946289,110.69000244140624,112.36000061035156,110.38999938964844,110.38999938964844,1002000
2023-08-11,102.67781066894533,109.04000091552734,111.12000274658205,108.6999969482422,110.7300033569336,1365500
2023-08-14,100.66268157958984,106.9000015258789,109.41999816894533,106.3000030517578,108.98999786376952,1524200
2023-08-15,98.939453125,105.06999969482422,106.1500015258789,104.6500015258789,105.19000244140624,1474100
2023-08-16,103.33697509765624,109.73999786376952,110.66000366210938,106.45999908447266,107.0,2269100
2023-08-17,101.6137466430664,107.91000366210938,111.5199966430664,107.70999908447266,110.58000183105467,1724500
2023-08-18,99.99410247802734,106.19000244140624,108.33000183105467,106.06999969482422,107.23999786376952,1464000
2023-08-21,99.14661407470705,105.29000091552734,106.55999755859376,104.29000091552734,106.0500030517578,1547900
2023-08-22,98.98654174804688,105.12000274658205,106.19000244140624,104.56999969482422,105.05999755859376,1001800
2023-08-23,99.45736694335938,105.62000274658205,106.47000122070312,105.12999725341795,105.12999725341795,897100
2023-08-24,99.19369506835938,105.33999633789062,107.18000030517578,105.08999633789062,105.33000183105467,1104600
2023-08-25,99.00537109375,105.13999938964844,106.75,104.83999633789062,105.37999725341795,1217300
2023-08-28,99.26902770996094,105.41999816894533,106.27999877929688,104.6999969482422,105.52999877929688,1027800
2023-08-29,100.34252166748048,106.55999755859376,106.9499969482422,105.01000213623048,105.81999969482422,1178000
2023-08-30,103.75152587890624,109.26000213623048,109.45999908447266,105.56999969482422,105.56999969482422,1855900
2023-08-31,102.3746109008789,107.80999755859376,109.73999786376952,107.68000030517578,109.73999786376952,2218900
2023-09-01,104.98597717285156,110.55999755859376,110.91000366210938,108.1500015258789,108.58999633789062,1330000
2023-09-05,101.81436920166016,107.22000122070312,110.55999755859376,107.1500015258789,110.33999633789062,1444800
2023-09-06,102.4885711669922,107.93000030517578,108.93000030517578,106.87999725341795,107.31999969482422,1360300
2023-09-07,102.29866027832033,107.7300033569336,109.05999755859376,107.5,108.05999755859376,1493800
2023-09-08,100.84578704833984,106.1999969482422,107.75,105.8499984741211,107.6500015258789,1707500
2023-09-11,102.34613037109376,107.77999877929688,108.47000122070312,106.73999786376952,107.04000091552734,1386700
2023-09-12,103.9699249267578,109.48999786376952,109.93000030517578,107.8499984741211,108.05999755859376,1305400
2023-09-13,103.40966033935548,108.9000015258789,110.48999786376952,108.12000274658205,110.0,2446800
2023-09-14,104.97648620605467,110.5500030517578,111.02999877929688,109.0500030517578,109.7699966430664,2585300
2023-09-15,103.29570770263672,108.77999877929688,110.04000091552734,108.66000366210938,109.95999908447266,2901900
2023-09-18,105.44178009033205,111.04000091552734,111.3499984741211,108.16000366210938,109.23999786376952,2140500
2023-09-19,107.66381072998048,113.37999725341795,114.4499969482422,111.12000274658205,111.51000213623048,2654500
2023-09-20,108.39498138427734,114.1500015258789,115.79000091552734,113.38999938964844,113.97000122070312,2142200
2023-09-21,108.11009216308594,113.8499984741211,115.05999755859376,112.51000213623048,114.06999969482422,1935400
2023-09-22,108.33800506591795,114.08999633789062,114.87000274658205,113.5199966430664,114.4000015258789,1741100
2023-09-25,109.43003845214844,115.23999786376952,116.12000274658205,113.02999877929688,113.70999908447266,1983400
2023-09-26,107.55934143066406,113.2699966430664,115.36000061035156,112.7300033569336,114.83000183105467,1247100
2023-09-27,107.32196044921876,113.0199966430664,113.4499969482422,111.41999816894533,112.75,1262800
2023-09-28,106.81867980957033,112.48999786376952,113.62000274658205,112.33999633789062,113.16000366210938,910000
2023-09-29,105.79314422607422,111.41000366210938,112.69000244140624,111.25,112.41000366210938,1206900
2023-10-02,105.31835174560548,110.91000366210938,111.4800033569336,110.02999877929688,110.93000030517578,1338000
2023-10-03,104.3687515258789,109.91000366210938,111.27999877929688,109.33000183105467,110.29000091552734,1192800
2023-10-04,105.83110809326172,111.4499969482422,111.62999725341795,109.01000213623048,110.12000274658205,1009800
2023-10-05,106.7047348022461,112.37000274658205,112.83000183105467,110.73999786376952,111.41999816894533,1014700
2023-10-06,107.44539642333984,113.1500015258789,113.97000122070312,111.83999633789062,112.18000030517578,1186100
2023-10-09,108.41397094726562,114.16999816894533,114.4000015258789,112.41999816894533,112.75,831800
2023-10-10,108.9362564086914,114.72000122070312,115.45999908447266,113.94000244140624,114.44000244140624,1247900
2023-10-11,108.98372650146484,114.7699966430664,115.6500015258789,114.0199966430664,114.76000213623048,941200
2023-10-12,108.23356628417967,113.9800033569336,115.29000091552734,113.04000091552734,115.27999877929688,1125200
2023-10-13,114.25392150878906,120.31999969482422,120.88999938964844,115.63999938964844,115.63999938964844,2897400
2023-10-16,118.62199401855467,124.91999816894533,127.87000274658205,119.61000061035156,121.0,3982700
2023-10-17,121.47075653076172,127.91999816894533,129.25,125.13999938964844,125.1500015258789,3391500
2023-10-18,120.98645782470705,127.41000366210938,128.9199981689453,126.98999786376952,128.1300048828125,1647500
2023-10-19,118.4510726928711,124.73999786376952,129.10000610351562,124.44000244140624,126.91000366210938,1863300
2023-10-20,116.9792251586914,123.19000244140624,125.77999877929688,123.1500015258789,125.05999755859376,1511600
2023-10-23,115.68778228759766,121.83000183105467,123.3000030517578,121.6999969482422,122.52999877929688,1004900
2023-10-24,118.02376556396484,124.29000091552734,124.5199966430664,122.47000122070312,123.43000030517578,2456200
2023-10-25,118.8783950805664,125.19000244140624,126.9499969482422,124.5199966430664,124.98999786376952,2001700
2023-10-26,119.28671264648438,125.62000274658205,126.55999755859376,124.87999725341795,125.58999633789062,1828000
2023-10-27,117.08367919921876,123.3000030517578,124.80999755859376,122.52999877929688,124.62000274658205,2431500
2023-10-30,119.14427185058594,125.47000122070312,125.56999969482422,123.41999816894533,124.0500030517578,1767700
2023-10-31,121.670166015625,128.1300048828125,128.63999938964844,125.62999725341795,125.62999725341795,2475000
2023-11-01,123.20849609375,129.75,130.47999572753906,127.58999633789062,129.0,2992500
2023-11-02,124.73731994628906,131.36000061035156,137.99000549316406,129.47999572753906,135.24000549316406,3689200
2023-11-03,125.08863830566406,131.72999572753906,133.32000732421875,131.4199981689453,132.1699981689453,2006600
2023-11-06,123.93968200683594,130.52000427246094,132.3000030517578,129.47000122070312,131.8000030517578,1266100
2023-11-07,123.12303161621094,129.66000366210938,130.6199951171875,128.9199981689453,130.52000427246094,1353100
2023-11-08,122.7621841430664,129.27999877929688,129.77999877929688,127.93000030517578,129.4199981689453,795700
2023-11-09,122.48681640625,128.99000549316406,129.85000610351562,128.6199951171875,129.4600067138672,1133600
2023-11-10,123.74974822998048,130.32000732421875,130.42999267578125,128.3300018310547,129.50999450683594,818100
2023-11-13,123.30345153808594,129.85000610351562,131.1199951171875,129.1699981689453,130.6699981689453,1133100
2023-11-14,125.01271057128906,131.64999389648438,132.30999755859375,129.17999267578125,129.9199981689453,1091300
2023-11-15,124.93670654296876,131.57000732421875,132.83999633789062,130.77000427246094,131.55999755859375,1279400
2023-11-16,127.95641326904295,134.75,135.3000030517578,131.64999389648438,131.99000549316406,2361000
2023-11-17,127.42462921142578,134.19000244140625,135.67999267578125,133.3000030517578,135.0,1125500
2023-11-20,127.85195922851562,134.63999938964844,134.8800048828125,132.74000549316406,133.2100067138672,1205600
2023-11-21,128.1558074951172,134.9600067138672,135.72999572753906,134.38999938964844,135.00999450683594,1119900
2023-11-22,129.22885131835938,136.08999633789062,136.6199951171875,134.77000427246094,135.3800048828125,1034300
2023-11-24,129.72264099121094,136.61000061035156,136.97000122070312,135.86000061035156,136.1999969482422,443200
2023-11-27,130.53929138183594,137.47000122070312,137.82000732421875,136.27999877929688,136.4499969482422,1167700
2023-11-28,129.5516815185547,136.42999267578125,137.39999389648438,135.9199981689453,137.3800048828125,754300
2023-11-29,129.50392150878906,135.49000549316406,136.35000610351562,134.60000610351562,135.4600067138672,1041400
2023-11-30,131.7787628173828,137.8699951171875,137.99000549316406,134.97000122070312,134.97000122070312,2574300
2023-12-01,131.59715270996094,137.67999267578125,138.0,136.52999877929688,136.94000244140625,1033500
2023-12-04,132.51475524902344,138.63999938964844,139.7100067138672,136.57000732421875,136.88999938964844,1320600
2023-12-05,132.55296325683594,138.67999267578125,139.67999267578125,137.47999572753906,138.6999969482422,1504400
2023-12-06,132.3713836669922,138.49000549316406,139.97999572753906,138.19000244140625,138.82000732421875,1008100
2023-12-07,132.8779754638672,139.02000427246094,139.89999389648438,138.02000427246094,138.82000732421875,1685800
2023-12-08,133.1647186279297,139.32000732421875,139.97999572753906,138.55999755859375,139.77999877929688,806300
2023-12-11,136.74903869628906,143.07000732421875,144.99000549316406,140.0,140.99000549316406,2447900
2023-12-12,137.9820556640625,144.36000061035156,144.52000427246094,142.0800018310547,143.0,1809500
2023-12-13,137.97247314453125,144.35000610351562,144.55999755859375,143.05999755859375,143.74000549316406,1397500
2023-12-14,133.08822631835938,139.24000549316406,144.08999633789062,139.02000427246094,143.9499969482422,2535500
2023-12-15,132.91619873046875,139.05999755859375,141.9499969482422,138.0,138.11000061035156,3198700
2023-12-18,132.61988830566406,138.75,139.63999938964844,137.6999969482422,139.10000610351562,1612600
2023-12-19,132.14198303222656,138.25,138.8699951171875,137.67999267578125,138.75,1738300
2023-12-20,129.62815856933594,135.6199951171875,137.8699951171875,135.5500030517578,137.47999572753906,1508700
2023-12-21,129.4178924560547,135.39999389648438,135.9199981689453,134.1699981689453,135.6999969482422,1511800
2023-12-22,131.3295440673828,137.39999389648438,137.67999267578125,135.2899932861328,135.85000610351562,1227300
2023-12-26,131.97947692871094,138.0800018310547,138.69000244140625,137.07000732421875,137.39999389648438,704800
2023-12-27,132.2758026123047,138.38999938964844,138.4199981689453,137.42999267578125,137.60000610351562,714400
2023-12-28,133.6426239013672,139.82000732421875,139.8699951171875,138.07000732421875,138.07000732421875,900500
2023-12-29,133.79554748535156,139.97999572753906,140.38999938964844,139.41000366210938,139.8300018310547,723400
2024-01-02,137.45635986328125,143.80999755859375,143.91000366210938,140.3300018310547,140.3300018310547,2263600
2024-01-03,138.59376525878906,145.0,145.4499969482422,143.8000030517578,144.0800018310547,1701200
2024-01-04,141.93914794921875,148.5,151.4600067138672,147.0800018310547,147.0800018310547,3176500
2024-01-05,143.35372924804688,149.97999572753906,150.22000122070312,147.60000610351562,149.33999633789062,1551200
2024-01-08,142.78025817871094,149.3800048828125,150.7899932861328,148.5800018310547,149.94000244140625,2398600
2024-01-09,144.30953979492188,150.97999572753906,151.36000061035156,148.66000366210938,150.25,1599700
2024-01-10,143.66915893554688,150.30999755859375,152.0,149.91000366210938,151.0500030517578,1335100
2024-01-11,143.7265167236328,150.3699951171875,150.60000610351562,148.22999572753906,149.86000061035156,1532400
2024-01-12,144.35733032226562,151.02999877929688,151.1999969482422,148.86000061035156,151.0,1115400
2024-01-16,144.80657958984375,151.5,152.39999389648438,150.44000244140625,151.42999267578125,1187500
2024-01-17,145.81021118164062,152.5500030517578,153.8800048828125,150.97000122070312,151.55999755859375,1615300
2024-01-18,146.16383361816406,152.9199981689453,153.3000030517578,150.1699981689453,151.77999877929688,1573700
2024-01-19,148.03724670410156,154.8800048828125,156.52000427246094,154.1300048828125,155.0,1989700
2024-01-22,148.5247344970703,155.38999938964844,156.32000732421875,155.1699981689453,155.42999267578125,940600
2024-01-23,147.30125427246094,154.11000061035156,156.7899932861328,153.83999633789062,155.38999938964844,1140700
2024-01-24,150.46502685546875,157.4199981689453,159.60000610351562,155.57000732421875,155.6300048828125,2374600
2024-01-25,152.03256225585938,159.05999755859375,159.36000061035156,156.92999267578125,158.38999938964844,1253300
2024-01-26,151.37306213378906,158.3699951171875,159.02000427246094,157.88999938964844,158.8800048828125,1034900
2024-01-29,149.16513061523438,156.05999755859375,158.1199951171875,155.72999572753906,157.27999877929688,1277000
2024-01-30,149.5760955810547,156.49000549316406,156.85000610351562,154.97000122070312,155.9600067138672,1135500
2024-01-31,148.3909149169922,155.25,157.2899932861328,154.99000549316406,156.85000610351562,1349800
2024-02-01,149.28936767578125,156.19000244140625,156.52999877929688,153.4199981689453,154.33999633789062,1005100
2024-02-02,150.41722106933594,157.3699951171875,158.1999969482422,156.6199951171875,156.99000549316406,1088300
2024-02-05,149.90110778808594,156.8300018310547,157.44000244140625,155.69000244140625,156.4600067138672,1331400
2024-02-06,150.39813232421875,157.35000610351562,157.85000610351562,156.02000427246094,156.4499969482422,965300
2024-02-07,151.59291076660156,158.60000610351562,159.3300018310547,157.5399932861328,157.6999969482422,1871300
2024-02-08,154.60372924804688,161.75,168.0500030517578,159.9499969482422,163.0,3791900
2024-02-09,152.95970153808594,160.02999877929688,160.58999633789062,158.52999877929688,160.35000610351562,1563900
2024-02-12,152.2810821533203,159.32000732421875,160.99000549316406,158.91000366210938,160.7899932861328,1196300
2024-02-13,151.57376098632812,158.5800018310547,160.8300018310547,157.1300048828125,160.8300018310547,1383300
2024-02-14,154.2596435546875,161.38999938964844,161.75999450683594,157.9499969482422,159.1699981689453,1467600
2024-02-15,154.73753356933594,161.88999938964844,162.61000061035156,160.13999938964844,162.22999572753906,1757300
2024-02-16,154.63241577148438,161.77999877929688,164.42999267578125,161.5,162.0,1777700
2024-02-20,152.6634063720703,159.72000122070312,162.9499969482422,159.6300048828125,161.5,1740600
2024-02-21,152.13771057128906,159.1699981689453,161.11000061035156,158.17999267578125,160.3000030517578,1977700
2024-02-22,153.11264038085938,160.19000244140625,160.99000549316406,156.4499969482422,159.1699981689453,1851600
2024-02-23,152.09947204589844,159.1300048828125,161.1999969482422,158.8699951171875,160.16000366210938,1636300
2024-02-26,152.7398681640625,159.8000030517578,160.69000244140625,158.80999755859375,159.42999267578125,1311900
2024-02-27,152.49136352539062,159.5399932861328,160.1699981689453,158.25999450683594,159.44000244140625,1270600
2024-02-28,153.49497985839844,160.58999633789062,160.9600067138672,159.55999755859375,159.55999755859375,1083500
2024-02-29,152.47227478027344,159.52000427246094,160.88999938964844,158.3000030517578,160.88999938964844,2637200
2024-03-01,149.15553283691406,155.14999389648438,158.8000030517578,154.6199951171875,158.4600067138672,2931100
2024-03-04,150.33802795410156,156.3800048828125,156.4499969482422,153.8699951171875,154.32000732421875,1661800
2024-03-05,150.71295166015625,156.77000427246094,157.9199981689453,155.99000549316406,156.42999267578125,1356500
2024-03-06,150.97251892089844,157.0399932861328,157.2100067138672,154.75999450683594,156.41000366210938,1804100
2024-03-07,150.58795166015625,156.63999938964844,157.10000610351562,155.39999389648438,156.97999572753906,1316700
2024-03-08,150.85714721679688,156.9199981689453,157.42999267578125,155.58999633789062,156.1699981689453,1145300
2024-03-11,153.76048278808594,159.94000244140625,159.97999572753906,156.4499969482422,156.57000732421875,1582100
2024-03-12,153.43360900878906,159.60000610351562,160.6999969482422,158.02000427246094,160.0,1798600
2024-03-13,153.89508056640625,160.0800018310547,160.49000549316406,158.5399932861328,160.1199951171875,1457600
2024-03-14,153.2221221923828,159.3800048828125,160.55999755859375,158.1199951171875,159.75999450683594,1596700
2024-03-15,155.9331512451172,162.1999969482422,162.7100067138672,157.4600067138672,157.86000061035156,9247300
2024-03-18,156.71185302734375,163.00999450683594,163.3300018310547,160.8300018310547,161.3300018310547,1525800
2024-03-19,156.0869903564453,162.36000061035156,164.3000030517578,161.27000427246094,164.10000610351562,1994900
2024-03-20,154.9429473876953,161.1699981689453,162.86000061035156,160.52000427246094,162.11000061035156,1548400
2024-03-21,155.90432739257812,162.1699981689453,162.72999572753906,159.7100067138672,160.11000061035156,1954600
2024-03-22,158.86534118652344,165.25,165.57000732421875,162.5,163.0,1572500
2024-03-25,162.4416046142578,168.97000122070312,169.66000366210938,166.22000122070312,166.52000427246094,2459700
2024-03-26,164.2104949951172,170.80999755859375,171.61000061035156,169.1300048828125,169.3699951171875,1704600
2024-03-27,163.27796936035156,169.83999633789062,171.60000610351562,168.4499969482422,171.0800018310547,1469600
2024-03-28,166.3255157470703,173.00999450683594,173.47000122070312,171.10000610351562,172.02999877929688,1735800
2024-04-01,165.90248107910156,172.57000732421875,173.5,171.2899932861328,173.0800018310547,1397800
2024-04-02,165.8736572265625,172.5399932861328,173.77000427246094,171.92999267578125,173.00999450683594,1503100
2024-04-03,166.7196502685547,173.4199981689453,173.8000030517578,172.3000030517578,172.63999938964844,930300
2024-04-04,164.6142578125,171.22999572753906,174.57000732421875,170.38999938964844,174.0500030517578,1242300
2024-04-05,166.14283752441406,172.82000732421875,173.4600067138672,171.25,171.92999267578125,999000
2024-04-08,165.70062255859375,172.36000061035156,173.58999633789062,172.0,173.30999755859375,1004400
2024-04-09,161.8263397216797,168.3300018310547,172.9199981689453,166.92999267578125,172.44000244140625,1218600
2024-04-10,163.1914520263672,169.75,170.0,167.0800018310547,167.72000122070312,1288100
2024-04-11,159.21141052246094,165.61000061035156,168.8800048828125,165.52999877929688,168.8800048828125,1270300
2024-04-12,160.3650360107422,166.80999755859375,168.99000549316406,165.8699951171875,166.0,1711200
2024-04-15,159.3555908203125,165.75999450683594,168.86000061035156,165.47000122070312,168.77999877929688,1127000
2024-04-16,157.86550903320312,164.2100067138672,166.72000122070312,164.0800018310547,166.41000366210938,974800
2024-04-17,156.62533569335938,162.9199981689453,164.00999450683594,161.05999755859375,162.27000427246094,1581500
2024-04-18,162.57618713378906,169.11000061035156,169.52999877929688,164.67999267578125,165.10000610351562,2068300
2024-04-19,166.27745056152344,172.9600067138672,173.85000610351562,169.77000427246094,170.00999450683594,2368200
2024-04-22,168.63275146484375,175.41000366210938,176.1199951171875,172.41000366210938,173.16000366210938,1698300
2024-04-23,168.50779724121094,175.27999877929688,176.92999267578125,174.6699981689453,176.14999389648438,1410800
2024-04-24,165.6140899658203,172.27000427246094,174.85000610351562,171.32000732421875,174.85000610351562,1772400
2024-04-25,165.68136596679688,172.33999633789062,173.0800018310547,171.2899932861328,172.3000030517578,1161200
2024-04-26,163.49911499023438,170.07000732421875,170.9199981689453,168.02999877929688,170.75,1279000
2024-04-29,163.02801513671875,169.5800018310547,170.77999877929688,169.0500030517578,170.61000061035156,1238400
2024-04-30,163.48948669433594,170.05999755859375,170.67999267578125,168.5399932861328,169.74000549316406,1124600
2024-05-01,164.9315185546875,171.55999755859375,173.7899932861328,170.05999755859375,170.05999755859375,1693800
2024-05-02,162.64346313476562,169.17999267578125,177.3699951171875,168.2899932861328,176.0,3182100
2024-05-03,161.68209838867188,168.17999267578125,169.05999755859375,165.24000549316406,167.9600067138672,1668300
2024-05-06,163.5087127685547,170.0800018310547,170.86000061035156,168.85000610351562,169.52000427246094,1183300
2024-05-07,161.6917266845703,168.19000244140625,170.74000549316406,167.8000030517578,170.35000610351562,1743400
2024-05-08,163.7009735107422,170.27999877929688,171.16000366210938,168.94000244140625,168.94000244140625,1295200
2024-05-09,164.83538818359375,171.4600067138672,171.67999267578125,169.38999938964844,169.77999877929688,986300
2024-05-10,166.03707885742188,172.7100067138672,173.02999877929688,171.32000732421875,172.1999969482422,901000
2024-05-13,163.31643676757812,169.8800048828125,173.75999450683594,169.66000366210938,172.91000366210938,1096000
2024-05-14,162.54734802246094,169.0800018310547,170.86000061035156,168.64999389648438,170.39999389648438,1135200
2024-05-15,159.8459014892578,166.27000427246094,169.24000549316406,165.10000610351562,167.69000244140625,1482300
2024-05-16,162.54734802246094,169.0800018310547,169.66000366210938,167.1300048828125,167.64999389648438,1173700
2024-05-17,162.96070861816406,169.50999450683594,170.6999969482422,168.9600067138672,170.5500030517578,988200
2024-05-20,161.37448120117188,167.86000061035156,169.75,167.55999755859375,169.50999450683594,823400
2024-05-21,161.6917266845703,168.19000244140625,170.0500030517578,167.83999633789062,168.32000732421875,1901000
2024-05-22,159.74977111816406,166.1699981689453,168.99000549316406,165.08999633789062,168.14999389648438,1144600
2024-05-23,157.66360473632812,164.0,165.85000610351562,163.50999450683594,165.0,2039800
2024-05-24,158.47116088867188,164.83999633789062,164.97999572753906,164.0,164.5,988500
2024-05-28,158.30770874023438,164.6699981689453,165.24000549316406,162.80999755859375,164.36000061035156,1460200
2024-05-29,157.1829071044922,163.5,164.55999755859375,162.9199981689453,164.30999755859375,827900
2024-05-30,158.60574340820312,164.97999572753906,165.22000122070312,162.5500030517578,163.22000122070312,1366200
2024-05-31,161.95071411132812,167.52000427246094,167.77000427246094,164.2899932861328,164.57000732421875,2329200
2024-06-03,158.66372680664062,164.1199951171875,167.7100067138672,162.72000122070312,166.8800048828125,1503800
2024-06-04,157.98703002929688,163.4199981689453,164.60000610351562,162.22999572753906,163.1699981689453,1680300
2024-06-05,157.87100219726562,163.3000030517578,164.41000366210938,160.83999633789062,163.50999450683594,1181700
2024-06-06,157.69699096679688,163.1199951171875,164.52999877929688,161.94000244140625,163.52999877929688,942100
2024-06-07,159.572509765625,165.05999755859375,166.33999633789062,163.13999938964844,163.99000549316406,1351800
2024-06-10,158.36407470703125,163.80999755859375,165.07000732421875,162.9499969482422,165.00999450683594,818900
2024-06-11,156.22752380371094,161.60000610351562,163.5399932861328,161.19000244140625,163.5399932861328,1111100
2024-06-12,155.28977966308594,160.6300048828125,163.3000030517578,159.83999633789062,161.0,1280700
2024-06-13,155.48312377929688,160.8300018310547,160.91000366210938,158.42999267578125,160.60000610351562,1188100
2024-06-14,151.84814453125,157.07000732421875,159.27999877929688,156.75999450683594,158.4499969482422,1986600
2024-06-17,153.46261596679688,158.74000549316406,158.75,156.66000366210938,157.52999877929688,2557800
2024-06-18,154.73873901367188,160.05999755859375,161.83999633789062,156.8699951171875,157.27999877929688,1920000
2024-06-20,157.1846160888672,162.58999633789062,164.5500030517578,160.27999877929688,164.1699981689453,1909800
2024-06-21,155.17376708984375,160.50999450683594,161.0500030517578,158.67999267578125,161.0500030517578,2016600
2024-06-24,157.0106201171875,162.41000366210938,164.10000610351562,160.5500030517578,160.6699981689453,1301700
2024-06-25,155.97618103027344,161.33999633789062,163.0399932861328,160.4499969482422,162.89999389648438,1165000
2024-06-26,153.09524536132812,158.36000061035156,160.91000366210938,157.47999572753906,160.91000366210938,1196900
2024-06-27,154.69036865234375,160.00999450683594,160.14999389648438,157.88999938964844,158.7100067138672,1222200
2024-06-28,154.35202026367188,159.66000366210938,160.9600067138672,158.57000732421875,160.25,2576300
2024-07-01,155.2027587890625,160.5399932861328,161.74000549316406,159.60000610351562,161.33999633789062,1187300
2024-07-02,154.85472106933594,160.17999267578125,160.22000122070312,158.27000427246094,159.2899932861328,1245800
2024-07-03,154.1393585205078,159.44000244140625,160.74000549316406,158.77000427246094,159.89999389648438,701200
2024-07-05,153.1629180908203,158.42999267578125,159.19000244140625,157.5,159.19000244140625,920100
2024-07-08,154.23602294921875,159.5399932861328,160.58999633789062,158.38999938964844,158.8800048828125,1278700
2024-07-09,153.4432830810547,158.72000122070312,160.89999389648438,158.5399932861328,159.17999267578125,1050900
2024-07-10,154.65171813964844,159.97000122070312,160.42999267578125,158.17999267578125,159.2899932861328,1172700
2024-07-11,156.65289306640625,162.0399932861328,162.16000366210938,158.0399932861328,159.44000244140625,1085300
2024-07-12,158.24806213378906,163.69000244140625,164.25999450683594,161.82000732421875,162.5,1097000
2024-07-15,161.3610076904297,166.91000366210938,167.22000122070312,164.0500030517578,164.25,1259900
2024-07-16,162.23106384277344,167.80999755859375,169.22999572753906,166.8800048828125,168.07000732421875,1307200
2024-07-17,165.02499389648438,170.6999969482422,171.0399932861328,168.63999938964844,168.63999938964844,1079000
2024-07-18,170.8158721923828,176.69000244140625,179.92999267578125,173.07000732421875,173.5,2535100
2024-07-19,168.58265686035156,174.3800048828125,177.5399932861328,174.02999877929688,177.5399932861328,1239500
2024-07-22,169.01771545410156,174.8300018310547,175.7100067138672,174.00999450683594,175.5,960700
2024-07-23,167.82859802246094,173.60000610351562,175.88999938964844,173.38999938964844,174.50999450683594,903500
2024-07-24,166.61045837402344,172.33999633789062,176.44000244140625,172.25,174.6199951171875,1232700
2024-07-25,159.9011993408203,165.39999389648438,176.22000122070312,162.27000427246094,172.88999938964844,3802300
2024-07-26,163.5458526611328,169.1699981689453,171.17999267578125,166.4600067138672,166.4600067138672,1913700
2024-07-29,163.60385131835938,169.22999572753906,171.27999877929688,168.2899932861328,169.47999572753906,1471600
2024-07-30,167.81890869140625,173.58999633789062,173.91000366210938,169.99000549316406,169.99000549316406,1172900
2024-07-31,165.43104553222656,171.1199951171875,173.61000061035156,171.0,172.9600067138672,1194200
2024-08-01,171.48291015625,177.3800048828125,180.8699951171875,173.0,174.5,2443500
2024-08-02,170.94155883789062,176.82000732421875,179.9600067138672,173.88999938964844,176.52000427246094,1699600
2024-08-05,163.40086364746094,169.02000427246094,176.85000610351562,168.36000061035156,176.85000610351562,1922600
2024-08-06,164.14524841308594,169.7899932861328,172.22000122070312,169.2100067138672,169.27999877929688,2327900
2024-08-07,164.9960174560547,170.6699981689453,174.75,170.14999389648438,170.47000122070312,1155000
2024-08-08,164.8509979248047,170.52000427246094,171.5800018310547,169.1999969482422,169.94000244140625,1006800
2024-08-09,165.34402465820312,171.02999877929688,171.6699981689453,170.13999938964844,170.6699981689453,1000100
2024-08-12,165.66305541992188,171.36000061035156,173.02999877929688,170.5399932861328,172.83999633789062,1026100
2024-08-13,166.24313354492188,171.9600067138672,173.42999267578125,169.9499969482422,171.5800018310547,1066500
2024-08-14,174.93423461914062,180.9499969482422,181.33999633789065,175.75999450683594,176.0,2231000
2024-08-15,172.1886444091797,178.11000061035156,184.3099975585937,177.60000610351562,182.8800048828125,2263300
2024-08-16,173.66778564453125,179.63999938964844,180.17999267578125,176.89999389648438,178.5399932861328,1236000
2024-08-19,174.6151885986328,180.6199951171875,180.83999633789065,179.0399932861328,179.0399932861328,1039000
2024-08-20,174.4121856689453,180.41000366210932,181.1499938964844,179.39999389648438,180.7400054931641,1261500
2024-08-21,172.8943634033203,178.83999633789062,182.2700042724609,178.33999633789062,181.5599975585937,1866000
2024-08-22,175.20494079589844,181.22999572753903,181.3000030517578,178.35000610351562,179.41000366210938,2559700
2024-08-23,174.50885009765625,180.509994506836,181.8800048828125,179.00999450683594,181.8500061035156,1527500
2024-08-26,177.00308227539062,183.08999633789065,184.009994506836,180.1499938964844,180.4499969482422,1858100
2024-08-27,178.98492431640625,185.13999938964844,185.5200042724609,183.009994506836,183.6000061035156,1204400
2024-08-28,180.8411102294922,187.0599975585937,187.6000061035156,184.7400054931641,185.27999877929688,1569700
2024-08-29,182.08822631835932,188.3500061035156,188.8000030517578,185.5200042724609,186.8000030517578,1397700
2024-08-30,183.55517578125,188.94000244140625,189.259994506836,186.82000732421875,187.4600067138672,1430400
2024-09-03,183.80776977539065,189.1999969482422,191.3300018310547,188.8699951171875,190.0,2314600
2024-09-04,184.4586639404297,189.8699951171875,190.75,188.1699981689453,190.7100067138672,1212700
2024-09-05,180.46583557128903,185.759994506836,190.1699981689453,183.8300018310547,190.1699981689453,1723700
2024-09-06,180.07720947265625,185.3600006103516,188.44000244140625,184.3500061035156,187.63999938964844,1687600
2024-09-09,181.8647918701172,187.1999969482422,189.0500030517578,185.4900054931641,186.4199981689453,1274300
2024-09-10,179.6011505126953,184.8699951171875,188.1699981689453,184.3300018310547,187.69000244140625,1298100
2024-09-11,179.13487243652344,184.38999938964844,184.9900054931641,181.08999633789065,184.4600067138672,1765600
2024-09-12,180.796127319336,186.1000061035156,186.38999938964844,182.97000122070312,183.759994506836,994200
2024-09-13,182.93341064453125,188.3000030517578,188.63999938964844,186.6199951171875,187.5,1058500
2024-09-16,185.1289978027344,190.5599975585937,191.3000030517578,188.5,189.6000061035156,994900
2024-09-17,184.83755493164065,190.259994506836,191.17999267578125,187.4199981689453,190.3999938964844,948800
2024-09-18,185.5661773681641,191.009994506836,191.5599975585937,189.42999267578125,190.2400054931641,1235400
2024-09-19,185.24560546875,190.67999267578125,192.5,187.3000030517578,191.5,1594900
2024-09-20,185.55645751953125,191.0,193.19000244140625,190.13999938964844,191.1000061035156,4397100
2024-09-23,187.3926239013672,192.88999938964844,193.97000122070312,191.47000122070312,191.63999938964844,1712000
2024-09-24,186.3531036376953,191.82000732421875,193.0,190.5399932861328,193.0,1339700
2024-09-25,184.58497619628903,190.0,192.97000122070312,189.6999969482422,192.5800018310547,1234900
2024-09-26,183.3123016357422,188.69000244140625,190.92999267578125,188.0,189.16000366210932,835700
2024-09-27,182.99172973632807,188.3600006103516,189.5200042724609,188.0,188.0,890700
2024-09-30,184.2449493408203,189.6499938964844,189.8800048828125,186.0,189.0,1024500
2024-10-01,184.4683837890625,189.8800048828125,191.5599975585937,188.0,189.22000122070312,1142500
2024-10-02,184.79869079589844,190.22000122070312,190.8699951171875,189.3800048828125,189.57000732421875,729700
2024-10-03,182.4865264892578,187.83999633789065,190.509994506836,187.0599975585937,190.3300018310547,1295500
2024-10-04,185.1387481689453,190.57000732421875,190.7899932861328,187.16000366210932,187.3800048828125,704700
2024-10-07,176.08436584472656,181.25,190.07000732421875,179.0500030517578,189.9499969482422,2924000
2024-10-08,177.65817260742188,182.8699951171875,183.91000366210932,181.63999938964844,182.2400054931641,1167900
2024-10-09,179.64002990722656,184.91000366210932,185.6699981689453,181.02999877929688,182.0399932861328,1003200
2024-10-10,180.49493408203125,185.7899932861328,191.759994506836,185.1000061035156,191.759994506836,1271600
2024-10-11,182.9140014648437,188.27999877929688,188.67999267578125,186.3600006103516,187.6000061035156,1240600
2024-10-14,185.0998687744141,190.52999877929688,191.19000244140625,186.97000122070312,188.3099975585937,1200100
2024-10-15,187.5091857910156,193.009994506836,195.8699951171875,190.97999572753903,191.97999572753903,2423500
2024-10-16,190.07394409179688,195.6499938964844,195.8699951171875,192.1999969482422,192.1999969482422,1459200
2024-10-17,189.9379272460937,195.509994506836,198.7899932861328,193.58999633789065,197.5,1918200
2024-10-18,189.80194091796875,195.3699951171875,195.72000122070312,193.5200042724609,194.82000732421875,1051600
2024-10-21,187.14974975585932,192.63999938964844,195.27999877929688,192.4199981689453,194.9499969482422,1163200
2024-10-22,187.28575134277344,192.77999877929688,193.1300048828125,190.32000732421875,191.69000244140625,777700
2024-10-23,187.28575134277344,192.77999877929688,193.8000030517578,191.47000122070312,192.009994506836,1166600
2024-10-24,186.5279693603516,192.0,194.4600067138672,191.6000061035156,193.41000366210932,977700
2024-10-25,182.758529663086,188.1199951171875,193.1199951171875,187.94000244140625,192.0,1154000
2024-10-28,183.8175048828125,189.2100067138672,189.94000244140625,188.25,189.0,1778300
2024-10-29,181.25274658203125,186.57000732421875,189.6300048828125,186.4600067138672,189.13999938964844,1207200
2024-10-30,184.0409240722656,189.44000244140625,189.759994506836,187.38999938964844,187.38999938964844,1469100
2024-10-31,181.2041778564453,186.5200042724609,195.1000061035156,185.6199951171875,195.0,3914800
2024-11-01,178.9016876220703,184.1499938964844,187.52999877929688,183.75,186.1499938964844,1533700
2024-11-04,177.17242431640625,182.3699951171875,185.17999267578125,182.009994506836,185.17999267578125,1431200
2024-11-05,179.78575134277344,185.0599975585937,185.4900054931641,181.2400054931641,182.52999877929688,1626500
2024-11-06,183.4094390869141,188.7899932861328,195.19000244140625,186.94000244140625,195.19000244140625,2349500
2024-11-07,185.1193084716797,190.5500030517578,191.1999969482422,186.8600006103516,189.6000061035156,1282300
2024-11-08,191.288330078125,196.8999938964844,198.5599975585937,191.75,193.509994506836,2018600
2024-11-11,191.89065551757807,197.5200042724609,201.0,197.1699981689453,197.9900054931641,1339700
2024-11-12,192.45411682128903,198.1000061035156,199.22000122070312,196.57000732421875,197.6300048828125,959600
2024-11-13,191.67694091796875,197.3000030517578,199.75,196.9900054931641,198.0,1128100
2024-11-14,190.20022583007807,195.77999877929688,197.91000366210932,194.9600067138672,196.72000122070312,953100
2024-11-15,191.26889038085932,196.8800048828125,198.4199981689453,196.0200042724609,196.0200042724609,1397400
2024-11-18,194.27084350585932,199.97000122070312,200.07000732421875,196.3800048828125,196.6199951171875,1108700
2024-11-19,190.9968719482422,196.6000061035156,199.5,196.3500061035156,198.88999938964844,1134400
2024-11-20,191.66720581054688,197.2899932861328,198.6300048828125,196.13999938964844,197.6999969482422,983200
2024-11-21,197.6807861328125,203.47999572753903,203.5399932861328,197.8800048828125,199.63999938964844,2437200
2024-11-22,197.9916839599609,203.8000030517578,205.3500061035156,202.2100067138672,202.8500061035156,2346300
2024-11-25,196.2721099853516,202.02999877929688,205.17999267578125,201.77999877929688,202.83999633789065,4504400
2024-11-26,201.9456787109375,207.8699951171875,208.22999572753903,202.38999938964844,204.3800048828125,2010500
2024-11-27,202.2662506103516,208.1999969482422,209.8800048828125,206.6300048828125,207.75,1429600
2024-11-29,202.3736267089844,207.38999938964844,208.72000122070312,207.02999877929688,207.8800048828125,698700
2024-12-02,199.4461669921875,204.38999938964844,208.3099975585937,204.259994506836,207.8099975585937,1282900
2024-12-03,198.4801177978516,203.3999938964844,205.509994506836,202.58999633789065,205.27999877929688,1277300
2024-12-04,199.9926300048828,204.9499969482422,205.8300018310547,202.0399932861328,203.17999267578125,1360900
2024-12-05,199.2900238037109,204.22999572753903,206.88999938964844,204.1100006103516,205.75,1165000
2024-12-06,198.71432495117188,203.63999938964844,204.88999938964844,201.5399932861328,203.27999877929688,1050700
2024-12-09,194.2255706787109,199.0399932861328,204.4199981689453,198.8999938964844,202.7100067138672,2307200
2024-12-10,190.34185791015625,195.0599975585937,199.69000244140625,194.8000030517578,199.4499969482422,1667300
2024-12-11,188.62440490722656,193.3000030517578,196.07000732421875,191.13999938964844,195.1100006103516,1541400
2024-12-12,187.64862060546875,192.3000030517578,195.1300048828125,191.94000244140625,194.5200042724609,1113000
2024-12-13,191.5128173828125,196.259994506836,197.69000244140625,193.6300048828125,193.82000732421875,1803000
2024-12-16,190.3028259277344,195.0200042724609,198.6000061035156,194.8800048828125,197.009994506836,1409100
2024-12-17,188.7220001220703,193.3999938964844,194.509994506836,191.6300048828125,194.16000366210932,1324400
2024-12-18,184.67239379882807,189.25,193.69000244140625,189.08999633789065,192.4900054931641,1378400
2024-12-19,185.19932556152344,189.7899932861328,192.1300048828125,188.3800048828125,189.66000366210932,1478500
2024-12-20,188.8781280517578,193.5599975585937,194.9199981689453,187.41000366210932,188.42999267578125,2351800
2024-12-23,188.9464569091797,193.6300048828125,193.83999633789065,191.6999969482422,192.5500030517578,1336100
2024-12-24,190.79074096679688,195.5200042724609,195.82000732421875,192.9199981689453,193.8699951171875,453200
2024-12-26,190.8883056640625,195.6199951171875,195.9199981689453,194.5200042724609,195.4600067138672,563300
2024-12-27,189.11233520507807,193.8000030517578,195.7899932861328,192.58999633789065,194.16000366210932,1094400
2024-12-30,187.8925628662109,192.5500030517578,193.1300048828125,189.759994506836,192.8500061035156,1041700
2024-12-31,188.1267547607422,192.7899932861328,193.3999938964844,191.8000030517578,192.52999877929688,758000
2025-01-02,187.3070678710937,191.9499969482422,193.759994506836,190.4199981689453,193.02999877929688,1721900
2025-01-03,186.81918334960932,191.4499969482422,193.5,190.83999633789065,192.72000122070312,1431600
2025-01-06,181.4131622314453,185.91000366210932,192.5500030517578,185.3500061035156,191.6199951171875,2622900
2025-01-07,181.54000854492188,186.0399932861328,187.6000061035156,184.19000244140625,186.08999633789065,2265500
2025-01-08,187.1606903076172,191.8000030517578,191.83999633789065,185.0200042724609,188.72000122070312,2401700
2025-01-10,176.61216735839844,180.9900054931641,190.75,176.4600067138672,188.6199951171875,4642100
2025-01-13,178.1246795654297,182.5399932861328,184.3500061035156,178.1300048828125,178.39999389648438,2381500
2025-01-14,182.2914123535156,186.8099975585937,187.07000732421875,181.94000244140625,183.2899932861328,1554500
2025-01-15,183.4818878173828,188.02999877929688,190.16000366210932,186.9499969482422,189.0,1672300
2025-01-16,186.47764587402344,191.1000061035156,191.9600067138672,187.77999877929688,188.41000366210932,1502000
2025-01-17,184.33084106445312,188.8999938964844,192.88999938964844,188.6300048828125,191.3099975585937,1519000
2025-01-21,185.1602935791016,189.75,193.32000732421875,189.509994506836,190.22999572753903,1609200
2025-01-22,180.7691345214844,185.25,191.88999938964844,184.8999938964844,191.0200042724609,1856800
2025-01-23,180.1934051513672,184.66000366210932,188.0200042724609,184.2100067138672,185.25,2241700
2025-01-24,181.5693206787109,186.07000732421875,186.5,183.8999938964844,184.5500030517578,1215500
2025-01-27,188.51708984375,193.19000244140625,193.2700042724609,187.2100067138672,187.32000732421875,1518700
2025-01-28,186.34103393554688,190.9600067138672,192.9199981689453,190.22999572753903,192.0800018310547,875600
2025-01-29,186.1946563720703,190.8099975585937,192.9499969482422,189.8099975585937,189.97000122070312,724800
2025-01-30,189.14161682128903,193.8300018310547,194.41000366210932,191.7899932861328,192.82000732421875,879600
2025-01-31,187.67788696289065,192.3300018310547,194.5800018310547,192.27999877929688,194.0,1619400
2025-02-03,187.3363494873047,191.97999572753903,192.7700042724609,187.4900054931641,190.8800048828125,1223700
2025-02-04,186.2531890869141,190.8699951171875,193.47999572753903,190.47999572753903,191.17999267578125,1109100
2025-02-05,188.3414306640625,193.009994506836,193.3300018310547,190.9199981689453,193.3300018310547,1288600
2025-02-06,187.23878479003903,191.8800048828125,199.0399932861328,189.91000366210932,195.0,2641200
2025-02-07,185.6384429931641,190.2400054931641,192.759994506836,188.02999877929688,192.0,1928100
2025-02-10,182.0669708251953,186.5800018310547,190.1499938964844,185.52999877929688,189.72999572753903,1544200
2025-02-11,184.8480224609375,189.42999267578125,190.8600006103516,184.7400054931641,186.8999938964844,1374600
2025-02-12,184.75045776367188,189.3300018310547,189.4600067138672,186.02999877929688,188.08999633789065,2641300
2025-02-13,188.10726928710932,192.7700042724609,193.0800018310547,188.2100067138672,190.0,1889100
2025-02-14,183.0915679931641,187.6300048828125,192.69000244140625,185.8000030517578,192.1100006103516,3917900
2025-02-18,184.3796539306641,188.9499969482422,190.8500061035156,187.72999572753903,188.2400054931641,3622000
2025-02-19,186.96554565429688,191.6000061035156,191.7899932861328,187.97999572753903,188.6999969482422,1142800
2025-02-20,184.60406494140625,189.17999267578125,190.4900054931641,185.6000061035156,190.0,1382200
2025-02-21,181.16921997070312,185.66000366210932,189.75,185.3999938964844,188.92999267578125,1428000
2025-02-24,184.1844940185547,188.75,190.3000030517578,186.4900054931641,186.63999938964844,2009400
2025-02-25,185.8726348876953,190.47999572753903,191.4199981689453,188.9199981689453,190.25,912200
2025-02-26,183.8722076416016,188.42999267578125,190.9499969482422,187.5500030517578,190.1100006103516,1269200
2025-02-27,190.34185791015625,195.0599975585937,195.17999267578125,189.38999938964844,190.47000122070312,1397600
2025-02-28,194.3329162597656,199.1499938964844,199.94000244140625,195.6699981689453,196.94000244140625,3365900
2025-03-03,197.1725311279297,202.0599975585937,203.3000030517578,199.52999877929688,199.52999877929688,1775200
2025-03-04,194.21583557128903,199.02999877929688,202.5,198.4199981689453,202.259994506836,2513400
2025-03-05,194.7329864501953,199.5599975585937,201.4900054931641,196.92999267578125,200.9499969482422,1598200
2025-03-06,192.654525756836,197.42999267578125,198.5399932861328,195.5399932861328,198.1499938964844,1460100
2025-03-07,195.8747100830078,200.72999572753903,201.4199981689453,195.77999877929688,197.3000030517578,1957900
2025-03-10,194.90383911132807,198.7400054931641,203.52999877929688,197.32000732421875,198.6300048828125,2711800
2025-03-11,197.6890106201172,201.5800018310547,203.6000061035156,194.16000366210932,198.4900054931641,3412600
2025-03-12,194.4232788085937,198.25,201.4199981689453,192.8300018310547,201.2100067138672,2688800
2025-03-13,198.10089111328125,202.0,202.25,199.0,199.0,1674200
2025-03-14,203.48492431640625,207.4900054931641,207.8600006103516,201.25,202.6499938964844,2546000
2025-03-17,206.04454040527344,210.1000061035156,211.1499938964844,205.7100067138672,206.1199951171875,3318900
2025-03-18,201.3764190673828,205.33999633789065,209.9499969482422,204.97000122070312,209.4600067138672,1894300
2025-03-19,200.9154663085937,204.8699951171875,205.3000030517578,202.8000030517578,204.57000732421875,1787800
2025-03-20,206.1229858398437,210.17999267578125,212.91000366210932,207.13999938964844,207.13999938964844,2542700
2025-03-21,202.484603881836,206.47000122070312,210.9199981689453,205.509994506836,208.4600067138672,2888200
2025-03-24,203.2985992431641,207.3000030517578,208.009994506836,205.72999572753903,207.0,1240800
2025-03-25,204.1027374267578,208.1199951171875,209.3500061035156,206.1100006103516,207.8500061035156,1064600
2025-03-26,205.2403717041016,209.27999877929688,211.22999572753903,208.02999877929688,209.32000732421875,1086700
2025-03-27,205.2501678466797,209.2899932861328,210.6199951171875,207.5,210.6199951171875,1827500
2025-03-28,202.4649810791016,206.4499969482422,209.83999633789065,204.8000030517578,209.83999633789065,2113400
2025-03-31,203.07302856445312,207.07000732421875,208.4600067138672,205.08999633789065,206.0399932861328,1926300
2025-04-01,203.49473571777344,207.5,210.17999267578125,206.3600006103516,207.7899932861328,1583600
2025-04-02,201.4646759033203,205.42999267578125,207.52999877929688,203.7700042724609,206.63999938964844,1674700
2025-04-03,201.3568115234375,205.32000732421875,208.44000244140625,202.27999877929688,202.47000122070312,2010700
2025-04-04,182.9687347412109,186.57000732421875,203.6499938964844,186.22999572753903,202.3500061035156,3352200
2025-04-07,177.04531860351562,180.52999877929688,187.38999938964844,176.0,183.1999969482422,4062000
2025-04-08,179.92855834960938,183.47000122070312,189.58999633789065,180.8099975585937,186.8099975585937,3087000
2025-04-09,189.27459716796875,193.0,194.22999572753903,180.0,180.0,2844000
2025-04-10,187.10726928710932,190.7899932861328,193.9900054931641,186.6300048828125,191.8099975585937,1895500
2025-04-11,188.8332977294922,192.5500030517578,193.3699951171875,187.02999877929688,189.4199981689453,1876900
2025-04-14,191.72634887695312,195.5,197.44000244140625,193.3699951171875,194.22000122070312,1631900
2025-04-15,190.78488159179688,194.5399932861328,197.9199981689453,194.33999633789065,196.2100067138672,1691600
2025-04-16,190.4906768798828,194.2400054931641,197.72000122070312,192.9199981689453,196.0800018310547,1596100
2025-04-17,190.902587890625,194.66000366210932,196.8300018310547,193.16000366210932,195.8000030517578,1905800
2025-04-21,183.3413848876953,186.9499969482422,192.9900054931641,184.6199951171875,192.0599975585937,1296100
2025-04-22,190.15724182128903,193.8999938964844,194.47999572753903,188.9499969482422,190.4199981689453,1499300
2025-04-23,190.97122192382807,194.72999572753903,196.41000366210932,192.8500061035156,194.6999969482422,1137700
2025-04-24,191.0987091064453,194.8600006103516,195.88999938964844,192.33999633789065,193.8999938964844,914300
2025-04-25,189.18634033203125,192.91000366210932,194.8600006103516,190.6300048828125,194.7400054931641,1156100
2025-04-28,191.6381072998047,195.41000366210932,195.6300048828125,192.33999633789065,193.66000366210932,1504100
2025-04-29,194.95285034179688,198.7899932861328,199.3500061035156,194.72999572753903,194.7400054931641,1462300
2025-04-30,194.56057739257807,198.38999938964844,198.6100006103516,194.52999877929688,197.72999572753903,2307700
2025-05-01,193.4327850341797,197.2400054931641,198.3800048828125,192.5200042724609,194.69000244140625,2985100
2025-05-02,195.45301818847656,199.3000030517578,200.759994506836,196.41000366210932,198.1300048828125,1508500
2025-05-05,196.3846740722656,200.25,201.4900054931641,197.16000366210932,198.6699981689453,1292700
2025-05-06,198.15972900390625,202.0599975585937,202.58999633789065,199.6199951171875,200.0,1119900
2025-05-07,200.1309356689453,204.07000732421875,204.5599975585937,202.0800018310547,202.75,1170000
2025-05-08,198.7089233398437,202.6199951171875,206.1100006103516,202.5500030517578,203.5599975585937,1185900
2025-05-09,198.728515625,202.63999938964844,203.27999877929688,202.1100006103516,202.6199951171875,707200
2025-05-12,198.58143615722656,202.4900054931641,204.77999877929688,199.3500061035156,203.5,1331600
2025-05-13,198.6500701904297,202.5599975585937,204.259994506836,201.3000030517578,202.7899932861328,1077500
2025-05-14,196.71810913085932,200.58999633789065,203.0,197.42999267578125,203.0,1458800
2025-05-15,201.30776977539065,205.2700042724609,205.6000061035156,200.8500061035156,201.58999633789065,1126000
2025-05-16,205.0246124267578,209.0599975585937,209.13999938964844,204.67999267578125,205.6300048828125,1111000
2025-05-19,205.89743041992188,209.9499969482422,210.67999267578125,208.3600006103516,209.2700042724609,1029900
2025-05-20,204.1027374267578,208.1199951171875,210.22999572753903,207.9499969482422,209.02999877929688,1058600
2025-05-21,201.3470001220703,205.3099975585937,207.8099975585937,204.47000122070312,207.2899932861328,1516000
2025-05-22,198.61083984375,202.5200042724609,205.4499969482422,200.5,205.4499969482422,1180000
2025-05-23,199.31695556640625,203.2400054931641,204.08999633789065,201.4199981689453,202.5200042724609,821300
2025-05-27,203.2495574951172,207.25,207.3999938964844,203.0500030517578,204.7400054931641,1095400
2025-05-28,200.97433471679688,204.92999267578125,207.8699951171875,204.69000244140625,206.5399932861328,931100
2025-05-29,202.76901245117188,206.759994506836,206.7899932861328,204.0,204.9600067138672,839000
2025-05-30,205.8189849853516,209.8699951171875,210.38999938964844,205.0,206.1499938964844,2491900
2025-06-02,208.53549194335932,212.63999938964844,212.6699981689453,206.9199981689453,208.42999267578125,1567800
2025-06-03,207.18214416503903,211.259994506836,213.17999267578125,207.2400054931641,211.88999938964844,1263500
2025-06-04,202.7984161376953,206.7899932861328,212.4499969482422,206.7100067138672,211.0599975585937,1346600
2025-06-05,202.6611328125,206.6499938964844,207.5399932861328,204.88999938964844,207.5399932861328,1000000
2025-06-06,204.04391479492188,208.0599975585937,209.19000244140625,207.0399932861328,208.0500030517578,1174000
2025-06-09,197.8455352783203,200.7700042724609,206.9600067138672,197.1999969482422,206.1000061035156,2427000
2025-06-10,193.5391845703125,196.3999938964844,200.1999969482422,195.47000122070312,200.0399932861328,1303100
2025-06-11,193.32237243652344,196.17999267578125,197.1199951171875,193.509994506836,195.8999938964844,1904000
2025-06-12,197.402084350586,200.32000732421875,200.4900054931641,195.63999938964844,196.1699981689453,1088900
2025-06-13,196.02247619628903,198.9199981689453,201.6699981689453,198.44000244140625,200.38999938964844,1330200
2025-06-16,196.70242309570312,199.6100006103516,201.8500061035156,199.1499938964844,199.5,1199800
2025-06-17,195.30311584472656,198.19000244140625,199.3699951171875,197.0,198.7400054931641,1060800
2025-06-18,192.81982421875,195.6699981689453,196.72999572753903,191.0,195.4499969482422,3093600
2025-06-20,192.4847717285156,195.3300018310547,198.41000366210932,195.1999969482422,196.07000732421875,3101500
2025-06-23,195.4410858154297,198.3300018310547,198.42999267578125,194.83999633789065,196.0599975585937,1448000
2025-06-24,193.1942901611328,196.0500030517578,198.0200042724609,195.3800048828125,198.0200042724609,1771600
2025-06-25,188.1587371826172,190.94000244140625,195.75,190.33999633789065,195.0,2291400
2025-06-26,191.32196044921875,194.1499938964844,194.4499969482422,191.27999877929688,191.97999572753903,1611600
2025-06-27,192.90850830078125,195.759994506836,196.1699981689453,192.94000244140625,194.27999877929688,3249500
2025-06-30,198.377670288086,201.3099975585937,201.92999267578125,196.22999572753903,196.47000122070312,2385800
2025-07-01,197.22471618652344,200.13999938964844,201.9900054931641,197.72000122070312,201.32000732421875,1533500
2025-07-02,191.8540954589844,194.69000244140625,200.25,192.2700042724609,200.25,1516100
2025-07-03,195.11587524414065,198.0,198.0,195.42999267578125,195.8500061035156,963000
2025-07-07,191.70626831054688,194.5399932861328,198.5,193.57000732421875,197.38999938964844,1597800
2025-07-08,190.5828857421875,193.3999938964844,195.5599975585937,192.3000030517578,193.1999969482422,2182200
2025-07-09,191.2628173828125,194.08999633789065,194.5,192.22000122070312,194.5,1018300
2025-07-10,191.84423828125,194.67999267578125,194.72000122070312,192.6100006103516,193.7899932861328,1379200
2025-07-11,190.513916015625,193.3300018310547,194.19000244140625,192.33999633789065,193.8300018310547,1049200
2025-07-14,193.34210205078125,196.1999969482422,196.38999938964844,192.5,192.57000732421875,1287100
2025-07-15,189.62701416015625,192.42999267578125,196.1999969482422,191.47999572753903,195.1100006103516,1964400
2025-07-16,192.7705535888672,195.6199951171875,196.1999969482422,193.17999267578125,193.7899932861328,1448200
2025-07-17,190.2084350585937,193.0200042724609,194.0399932861328,189.1000061035156,193.259994506836,2082100
2025-07-18,191.2529754638672,194.0800018310547,194.83999633789065,192.91000366210932,193.27999877929688,1617500
2025-07-21,190.10986328125,192.9199981689453,195.259994506836,192.72999572753903,193.4499969482422,1211400
2025-07-22,194.5541839599609,197.42999267578125,197.6999969482422,193.25,193.38999938964844,1413500
2025-07-23,194.7315673828125,197.6100006103516,198.47000122070312,195.8999938964844,198.33999633789065,1742600
2025-07-24,191.11502075195312,193.94000244140625,196.8300018310547,193.83999633789065,196.759994506836,1601000
2025-07-25,192.8493804931641,195.6999969482422,196.7100067138672,194.27999877929688,194.27999877929688,1370900
2025-07-28,189.20327758789065,192.0,195.72999572753903,191.5500030517578,195.1199951171875,1583600
2025-07-29,191.0755920410156,193.8999938964844,194.5500030517578,192.25,193.4199981689453,1419200
2025-07-30,189.4792022705078,192.27999877929688,195.009994506836,191.47000122070312,195.009994506836,1892000
2025-07-31,200.28941345214844,203.25,207.08999633789065,196.6699981689453,197.08999633789065,4538200
2025-08-01,196.860107421875,199.7700042724609,203.17999267578125,198.2700042724609,202.0,2041500
2025-08-04,200.07261657714844,203.02999877929688,203.3300018310547,199.22999572753903,201.4499969482422,1531300
2025-08-05,202.555908203125,205.5500030517578,207.1999969482422,203.9600067138672,203.9900054931641,1785600
2025-08-06,205.9654998779297,209.009994506836,209.83999633789065,205.3699951171875,206.9600067138672,1422200
2025-08-07,202.013916015625,205.0,209.8600006103516,203.8999938964844,209.27999877929688,1213300
2025-08-08,203.78770446777344,206.8000030517578,207.63999938964844,205.1000061035156,205.8300018310547,1189400
2025-08-11,203.49208068847656,206.5,208.2899932861328,206.0,207.08999633789065,843800
2025-08-12,203.748275756836,206.759994506836,207.5200042724609,205.1499938964844,207.16000366210932,1246100
2025-08-13,205.76841735839844,208.8099975585937,209.97000122070312,206.7400054931641,207.2899932861328,975500
2025-08-14,205.66001892089844,208.6999969482422,209.72999572753903,207.3300018310547,208.6499938964844,879300
2025-08-15,203.7679901123047,206.77999877929688,209.8300018310547,206.4900054931641,209.8300018310547,1049500
2025-08-18,204.073471069336,207.08999633789065,207.8000030517578,205.5399932861328,206.1199951171875,922000
2025-08-19,207.3155670166016,210.3800048828125,210.47000122070312,207.1999969482422,207.1999969482422,1324500
2025-08-20,210.5083465576172,213.6199951171875,214.759994506836,210.3000030517578,210.3699951171875,1720000
2025-08-21,203.5413360595703,206.5500030517578,212.9900054931641,206.42999267578125,212.7400054931641,1991800
2025-08-22,202.52633666992188,205.5200042724609,209.009994506836,204.94000244140625,208.2100067138672,1278600
2025-08-25,199.136459350586,202.0800018310547,205.75,202.009994506836,205.75,1068800
2025-08-26,200.2204132080078,203.17999267578125,203.17999267578125,201.17999267578125,201.17999267578125,1498100
2025-08-27,200.8412475585937,203.8099975585937,204.4499969482422,202.6000061035156,202.72000122070312,859500
2025-08-28,200.7919769287109,203.759994506836,204.259994506836,202.8300018310547,203.1499938964844,1016000
2025-08-29,201.47528076171875,203.4499969482422,204.8699951171875,202.97999572753903,203.3500061035156,993200
2025-09-02,201.3663482666016,203.33999633789065,205.13999938964844,202.0399932861328,204.32000732421875,1100100
2025-09-03,202.5844268798828,204.57000732421875,204.6100006103516,201.9900054931641,202.17999267578125,1057800
2025-09-04,206.30792236328125,208.3300018310547,208.4600067138672,205.6300048828125,206.1999969482422,1213900
2025-09-05,199.57391357421875,201.52999877929688,208.1499938964844,200.8000030517578,207.94000244140625,1405000
2025-09-08,198.36575317382807,200.3099975585937,201.0399932861328,198.0,201.0399932861328,1536600
2025-09-09,198.17759704589844,200.1199951171875,201.77999877929688,200.009994506836,200.5599975585937,1541100
2025-09-10,198.08848571777344,200.02999877929688,200.9900054931641,198.5800018310547,199.1999969482422,1176100
2025-09-11,200.5047912597656,202.47000122070312,202.759994506836,199.6699981689453,199.6699981689453,1293000
2025-09-12,198.44497680664065,200.38999938964844,202.57000732421875,200.25,201.63999938964844,1136400
2025-09-15,194.9789581298828,196.88999938964844,201.0399932861328,196.69000244140625,200.47000122070312,1542400
2025-09-16,194.39468383789065,196.3000030517578,198.5500030517578,194.77999877929688,198.0500030517578,1489200
2025-09-17,195.33546447753903,197.25,199.1199951171875,196.1999969482422,196.7100067138672,1628100
2025-09-18,203.68362426757807,205.67999267578125,207.2700042724609,198.19000244140625,199.0,2215700
2025-09-19,204.0401306152344,206.0399932861328,206.4900054931641,203.8999938964844,206.3800048828125,3162100
2025-09-22,204.45606994628903,206.4600067138672,207.0399932861328,204.22999572753903,204.22999572753903,1821900
2025-09-23,205.71372985839844,207.72999572753903,209.22999572753903,205.66000366210932,205.66000366210932,1241500
2025-09-24,207.3774261474609,209.41000366210932,209.58999633789065,207.1100006103516,207.25,967900
2025-09-25,207.7834625244141,209.82000732421875,210.6000061035156,208.1699981689453,209.42999267578125,1227000
2025-09-26,210.6949005126953,212.759994506836,214.25,211.0500030517578,211.97999572753903,1156600
2025-09-29,209.22927856445312,211.27999877929688,213.5,209.9900054931641,212.9499969482422,1146000
2025-09-30,212.5665740966797,214.6499938964844,215.6999969482422,211.6000061035156,211.6000061035156,1563500
2025-10-01,208.6350860595703,210.67999267578125,214.44000244140625,210.6499938964844,213.0,1622600
2025-10-02,207.9716033935547,210.009994506836,211.1699981689453,208.6499938964844,211.0,1369400
2025-10-03,208.77374267578125,210.82000732421875,211.72000122070312,209.3300018310547,209.77999877929688,962400
2025-10-06,206.80307006835932,208.8300018310547,211.47000122070312,208.0399932861328,211.0,1102100
2025-10-07,209.7343292236328,211.7899932861328,213.3099975585937,208.9900054931641,209.9900054931641,1277000
2025-10-08,210.28890991210932,212.3500061035156,214.16000366210932,211.1100006103516,212.8699951171875,952500
2025-10-09,206.9615020751953,208.9900054931641,213.2400054931641,208.22999572753903,212.88999938964844,1103600
2025-10-10,203.6737365722656,205.6699981689453,210.38999938964844,205.3600006103516,209.259994506836,990000
2025-10-13,203.64401245117188,205.63999938964844,206.69000244140625,203.27999877929688,204.4900054931641,773500
2025-10-14,207.48635864257807,209.5200042724609,209.91000366210932,206.3300018310547,206.57000732421875,994800
2025-10-15,198.4747009277344,200.4199981689453,206.5,198.13999938964844,206.07000732421875,2509100
2025-10-16,192.98846435546875,194.8800048828125,199.13999938964844,194.67999267578125,197.1000061035156,2560900
2025-10-17,193.96885681152344,195.8699951171875,196.7400054931641,194.27999877929688,195.0200042724609,1081900
2025-10-20,191.90904235839844,193.7899932861328,196.57000732421875,193.02999877929688,196.1199951171875,1139700
2025-10-21,191.85952758789065,193.7400054931641,195.2899932861328,193.69000244140625,195.2899932861328,1241000
2025-10-22,192.8993225097656,194.7899932861328,194.9600067138672,191.8699951171875,193.9600067138672,1549500
2025-10-23,192.5725555419922,194.4600067138672,196.1100006103516,193.6000061035156,196.1100006103516,965800
2025-10-24,191.3148651123047,193.19000244140625,194.8300018310547,193.0599975585937,193.8699951171875,1125700
2025-10-27,191.32476806640625,193.1999969482422,193.8000030517578,191.8600006103516,193.009994506836,1128800
2025-10-28,188.99757385253903,190.8500061035156,193.07000732421875,190.1499938964844,192.3699951171875,942200
2025-10-29,188.15582275390625,190.0,190.3999938964844,188.0800018310547,189.8000030517578,1302200
2025-10-30,190.017578125,191.8800048828125,193.009994506836,190.8600006103516,190.91000366210932,1127200
2025-10-31,189.6610717773437,191.5200042724609,192.22000122070312,190.0800018310547,191.2100067138672,1425900
2025-11-03,189.3936920166016,191.25,192.0399932861328,188.1499938964844,191.6699981689453,1706800
2025-11-04,193.36476135253903,195.259994506836,195.4199981689453,191.42999267578125,192.1999969482422,1565500
2025-11-05,192.85972595214844,194.75,197.4499969482422,194.47999572753903,195.83999633789065,1381000
2025-11-06,196.08807373046875,198.009994506836,202.7400054931641,194.7100067138672,202.0,1697500
2025-11-07,200.3265380859375,202.2899932861328,203.16000366210932,199.0,199.32000732421875,1360100
2025-11-10,201.9110107421875,203.88999938964844,204.8500061035156,200.3800048828125,200.72000122070312,1133700
2025-11-11,205.3473358154297,207.3600006103516,207.58999633789065,203.3099975585937,204.8699951171875,921000
2025-11-12,207.17938232421875,209.2100067138672,209.5399932861328,206.6999969482422,207.2899932861328,961500
2025-11-13,209.11045837402344,211.16000366210932,211.75,207.97000122070312,209.5800018310547,1669700
2025-11-14,212.2199859619141,214.3000030517578,215.07000732421875,211.32000732421875,212.2100067138672,2489700
2025-11-17,207.17938232421875,209.2100067138672,215.44000244140625,208.2899932861328,215.1999969482422,1738700
2025-11-18,207.922103881836,209.9600067138672,212.1100006103516,209.2100067138672,209.9499969482422,1507800
2025-11-19,207.8923797607422,209.92999267578125,212.57000732421875,208.33999633789065,210.5,1749900
2025-11-20,209.684814453125,211.7400054931641,213.0500030517578,210.3600006103516,211.8099975585937,1772200
2025-11-21,212.23977661132807,214.32000732421875,215.88999938964844,212.009994506836,213.33999633789065,1633400
2025-11-24,210.3086853027344,212.3699951171875,215.1999969482422,212.32000732421875,215.0500030517578,2505100
2025-11-25,210.58596801757807,212.6499938964844,214.509994506836,212.4600067138672,212.8600006103516,1732800
2025-11-26,211.7941436767578,213.8699951171875,215.02999877929688,212.5500030517578,212.6000061035156,1373500
2025-11-28,210.91278076171875,212.97999572753903,215.3699951171875,212.75,214.0,623300
2025-12-01,208.9427490234375,210.0,213.5800018310547,209.8699951171875,212.6499938964844,1696900
2025-12-02,207.85824584960932,208.91000366210932,210.38999938964844,208.5200042724609,210.02999877929688,2089900
2025-12-03,207.5697021484375,208.6199951171875,211.1300048828125,206.97000122070312,209.25,1825900
2025-12-04,205.33102416992188,206.3699951171875,210.4199981689453,206.2700042724609,208.9900054931641,1470000
2025-12-05,201.25167846679688,202.2700042724609,206.47000122070312,201.82000732421875,206.47000122070312,1575400
2025-12-08,199.8587188720703,200.8699951171875,203.88999938964844,199.259994506836,203.88999938964844,2049900
2025-12-09,200.03781127929688,201.0500030517578,203.27999877929688,200.6199951171875,201.0,1023500
2025-12-10,200.17710876464844,201.19000244140625,202.58999633789065,199.97000122070312,201.1300048828125,1565200
2025-12-11,205.77877807617188,206.82000732421875,207.72999572753903,201.7100067138672,202.22999572753903,1318100
2025-12-12,206.136947631836,207.17999267578125,207.8800048828125,206.3999938964844,207.6499938964844,1443000
2025-12-15,210.8729858398437,211.94000244140625,211.9900054931641,207.72999572753903,208.3600006103516,1532500
2025-12-16,208.4552154541016,209.509994506836,212.759994506836,208.3999938964844,210.7400054931641,1709400
2025-12-17,208.0273895263672,209.0800018310547,209.7700042724609,206.63999938964844,208.3500061035156,1919600
2025-12-18,203.8982696533203,204.92999267578125,208.3600006103516,203.7100067138672,208.3600006103516,2542100
2025-12-19,203.96792602539065,205.0,206.44000244140625,203.57000732421875,204.97000122070312,4280600
2025-12-22,207.23141479492188,208.27999877929688,208.3300018310547,203.5500030517578,203.8699951171875,1453600
2025-12-23,208.4950256347656,209.5500030517578,210.3500061035156,208.1699981689453,208.1999969482422,1297000
2025-12-24,207.9975433349609,209.0500030517578,210.1000061035156,208.8500061035156,209.5500030517578,411400
2025-12-26,206.7538299560547,207.8000030517578,209.9499969482422,207.38999938964844,208.72999572753903,521100
2025-12-29,207.6094970703125,208.66000366210932,209.3999938964844,207.16000366210932,208.509994506836,830800
2025-12-30,208.0472869873047,209.1000061035156,209.69000244140625,208.1499938964844,209.22000122070312,632200
2025-12-31,207.10206604003903,208.1499938964844,209.8300018310547,208.08999633789065,208.75,817400
2026-01-02,202.7938690185547,203.82000732421875,208.3500061035156,203.1300048828125,207.0399932861328,1482900
2026-01-05,204.5350646972656,205.57000732421875,206.4900054931641,201.3099975585937,202.3699951171875,1516400
2026-01-06,206.87322998046875,207.9199981689453,209.4600067138672,204.3000030517578,204.3000030517578,1623400
2026-01-07,206.2265014648437,207.2700042724609,210.1000061035156,206.82000732421875,208.52999877929688,1287500
2026-01-08,210.03721618652344,211.1000061035156,211.4900054931641,207.509994506836,208.009994506836,1640100
2026-01-09,211.14163208007807,212.2100067138672,215.0,210.2700042724609,210.83999633789065,1891000
2026-01-12,207.6094970703125,208.66000366210932,210.72999572753903,205.1499938964844,208.8800048828125,3476200
2026-01-13,196.6549224853516,197.6499938964844,210.1000061035156,197.0,208.52999877929688,4468000
2026-01-14,195.0331420898437,196.0200042724609,200.1999969482422,194.5599975585937,197.1699981689453,3071100
2026-01-15,194.48590087890625,195.47000122070312,198.8500061035156,195.0399932861328,197.75,1709400
2026-01-16,191.3119659423828,192.27999877929688,195.72999572753903,191.8000030517578,195.0500030517578,2401300
2026-01-20,192.57557678222656,193.5500030517578,196.0399932861328,191.5,191.5,1786000
2026-01-21,192.68502807617188,193.66000366210932,196.08999633789065,191.5599975585937,194.3999938964844,1986900
2026-01-22,194.2968597412109,195.27999877929688,195.4900054931641,191.1300048828125,192.58999633789065,1572200
2026-01-23,192.6750640869141,193.6499938964844,194.83999633789065,191.6300048828125,194.33999633789065,1460600
2026-01-26,195.0331420898437,196.0200042724609,196.8300018310547,194.4499969482422,194.6300048828125,1058300
2026-01-27,193.7894287109375,194.7700042724609,196.25,192.6699981689453,196.0,1233100
2026-01-28,196.3365478515625,197.3300018310547,198.3300018310547,193.0,194.0,1151500
2026-01-29,197.3912048339844,198.38999938964844,200.0399932861328,196.1000061035156,198.8099975585937,1490200
2026-01-30,197.9881896972656,198.9900054931641,199.1999969482422,196.5200042724609,197.3600006103516,1199000
2026-02-02,199.749267578125,200.759994506836,202.3500061035156,198.22000122070312,199.9499969482422,1462400
2026-02-03,200.7541961669922,201.7700042724609,204.13999938964844,199.5,201.1000061035156,1234600
2026-02-04,206.07725524902344,207.1199951171875,208.44000244140625,201.8300018310547,201.8600006103516,2430900
2026-02-05,214.10662841796875,215.19000244140625,216.75,210.5800018310547,212.44000244140625,3404700
2026-02-06,206.50509643554688,207.5500030517578,215.7400054931641,205.3600006103516,215.0,2325300
2026-02-09,198.93341064453125,199.94000244140625,208.58999633789065,199.1699981689453,207.0,2159000
2026-02-10,200.1372985839844,201.1499938964844,201.8099975585937,198.1699981689453,200.0800018310547,2184800
2026-02-11,203.69927978515625,204.72999572753903,206.1699981689453,198.47999572753903,201.0,1718600
2026-02-12,205.5200653076172,206.5599975585937,208.3000030517578,203.97000122070312,205.8800048828125,1715100
2026-02-13,206.4652862548828,207.509994506836,207.72999572753903,204.16000366210932,206.44000244140625,1591700
2026-02-17,211.25108337402344,212.32000732421875,213.2400054931641,208.25,210.1300048828125,2381500
2026-02-18,208.3756103515625,209.42999267578125,213.63999938964844,205.3000030517578,212.0,2234900
2026-02-19,202.19688415527344,203.22000122070312,208.8500061035156,202.6199951171875,208.8500061035156,1754800
2026-02-20,205.33102416992188,206.3699951171875,206.57000732421875,201.22000122070312,204.7100067138672,1226200
2026-02-23,205.12208557128903,206.16000366210932,208.1000061035156,204.77999877929688,206.3099975585937,1692400
2026-02-24,208.763671875,209.82000732421875,210.3500061035156,205.0399932861328,206.0,1385900
2026-02-25,208.276123046875,209.3300018310547,211.2100067138672,206.7100067138672,210.8999938964844,1407800
2026-02-26,211.68885803222656,212.759994506836,213.8500061035156,210.0,210.8999938964844,1265700
2026-02-27,213.44000244140625,214.5200042724609,215.509994506836,210.8699951171875,210.8699951171875,2318500
2026-03-02,212.759994506836,212.759994506836,214.72000122070312,211.25,213.509994506836,1437200
2026-03-03,213.6100006103516,213.6100006103516,214.8099975585937,209.88999938964844,210.13999938964844,1545500
2026-03-04,214.17999267578125,214.17999267578125,215.1300048828125,210.3800048828125,214.3500061035156,1232900
2026-03-05,211.6199951171875,211.6199951171875,213.8699951171875,209.6000061035156,211.2400054931641,1537800
2026-03-06,212.32000732421875,212.32000732421875,212.83999633789062,207.47000122070312,211.2899932861328,950300
2026-03-09,207.69000244140625,207.69000244140625,211.63999938964844,205.75999450683594,211.3000030517578,1407700
2026-03-10,207.5,207.5,210.3800048828125,206.1999969482422,207.07000732421875,1099800
2026-03-11,205.58999633789062,205.58999633789062,207.66000366210938,204.32000732421875,206.27000427246094,1401400
2026-03-12,205.02999877929688,205.02999877929688,208.1199951171875,203.02999877929688,203.50999450683594,1387400
2026-03-13,206.1699981689453,206.1699981689453,208.5612030029297,205.92999267578125,207.49000549316406,747313
