Date,Open,High,Low,Close,Adj Close,Volume
2015-01-02,91.7699966430664,92.37000274658203,90.66000366210938,91.87999725341797,69.15856170654297,3767900
2015-01-05,90.3499984741211,90.41999816894531,86.5999984741211,87.02999877929688,65.50792694091797,11301400
2015-01-06,87.27999877929688,87.68000030517578,85.16999816894531,86.47000122070312,65.08643341064453,8660600
2015-01-07,87.37000274658203,88.13999938964844,86.41999816894531,87.80999755859375,66.09506225585938,6511100
2015-01-08,89.18000030517578,89.27999877929688,87.83999633789062,88.70999908447266,66.77249908447266,7617800
2015-01-09,88.76000213623047,88.88999938964844,87.0199966430664,87.6500015258789,65.97463989257812,4857100
2015-01-12,87.7300033569336,87.7699966430664,86.06999969482422,86.88999938964844,65.40257263183594,4351600
2015-01-13,87.68000030517578,87.9000015258789,85.19999694824219,86.37000274658203,65.01115417480469,5078100
2015-01-14,84.88999938964844,86.22000122070312,84.2699966430664,86.06999969482422,64.78533935546875,10366700
2015-01-15,86.02999877929688,86.16999816894531,84.30000305175781,84.31999969482422,63.98855209350586,6683900
2015-01-16,84.23999786376953,84.31999969482422,83.05000305175781,83.86000061035156,63.63945388793945,10424800
2015-01-20,84.41999816894531,84.5,83.19000244140625,83.97000122070312,63.7229118347168,5937300
2015-01-21,83.58999633789062,85.4000015258789,83.58999633789062,85.37000274658203,64.78533935546875,6613100
2015-01-22,86.05000305175781,87.36000061035156,85.43000030517578,86.81999969482422,65.8857421875,5567800
2015-01-23,86.79000091552734,87.0,85.19999694824219,85.61000061035156,64.96748352050781,5027500
2015-01-26,85.36000061035156,86.26000213623047,84.9000015258789,86.02999877929688,65.2862319946289,8140500
2015-01-27,79.73999786376953,81.3499984741211,79.0999984741211,79.8499984741211,60.59635543823242,27489500
2015-01-28,80.4000015258789,81.19999694824219,79.95999908447266,80.01000213623047,60.71775436401367,14269300
2015-01-29,79.91000366210938,80.18000030517578,78.80999755859375,80.0,60.710182189941406,9157000
2015-01-30,79.51000213623047,80.81999969482422,79.41999816894531,79.97000122070312,60.68741989135742,8150700
2015-02-02,80.08000183105469,80.87999725341797,79.48999786376953,80.83999633789062,61.347633361816406,7149000
2015-02-03,81.22000122070312,84.11000061035156,81.1500015258789,83.91999816894531,63.684974670410156,10895300
2015-02-04,82.77999877929688,83.31999969482422,81.66000366210938,81.94999694824219,62.19001007080078,8806500
2015-02-05,82.4000015258789,83.62999725341797,81.87000274658203,83.56999969482422,63.41936111450195,6640200
2015-02-06,83.5999984741211,84.13999938964844,82.80000305175781,83.20999908447266,63.14617156982422,5581500
2015-02-09,83.05000305175781,84.87000274658203,82.94999694824219,84.66999816894531,64.2541275024414,7693800
2015-02-10,85.0,85.0,83.45999908447266,83.9000015258789,63.66978073120117,6569100
2015-02-11,83.55999755859375,83.66999816894531,82.23999786376953,83.41000366210938,63.297943115234375,5722600
2015-02-12,84.08000183105469,84.25,83.30999755859375,83.52999877929688,63.389034271240234,4623000
2015-02-13,84.11000061035156,85.48999786376953,84.02999877929688,85.12999725341797,64.60321044921875,5645500
2015-02-17,84.86000061035156,85.58000183105469,84.19999694824219,85.37999725341797,64.7929458618164,3924400
2015-02-18,84.91999816894531,85.80999755859375,84.58000183105469,84.80000305175781,64.352783203125,3568600
2015-02-19,83.80999755859375,84.0,82.20999908447266,83.30000305175781,63.21446228027344,5733500
2015-02-20,83.30000305175781,84.62000274658203,82.4000015258789,84.44000244140625,64.07960510253906,6029400
2015-02-23,83.9000015258789,83.9800033569336,83.13999938964844,83.48999786376953,63.35866165161133,5180000
2015-02-24,83.7699966430664,84.69000244140625,83.5999984741211,84.5,64.12512969970703,3678700
2015-02-25,84.5199966430664,85.36000061035156,84.16999816894531,85.1500015258789,64.6183853149414,3449500
2015-02-26,85.0999984741211,85.0999984741211,83.55999755859375,83.80000305175781,63.593894958496094,4457000
2015-02-27,84.18000030517578,84.18000030517578,82.88999938964844,82.9000015258789,62.9109001159668,4370500
2015-03-02,82.9000015258789,83.06999969482422,82.23999786376953,83.0,62.98681640625,4155000
2015-03-03,82.70999908447266,83.79000091552734,82.6500015258789,82.83999633789062,62.86537170410156,4331700
2015-03-04,82.56999969482422,82.61000061035156,80.83000183105469,81.7300033569336,62.02302932739258,6863600
2015-03-05,81.7300033569336,81.7300033569336,80.05999755859375,81.51000213623047,61.856082916259766,7123500
2015-03-06,80.37000274658203,81.20999908447266,79.55000305175781,80.05999755859375,60.755714416503906,7913800
2015-03-09,80.16999816894531,81.33999633789062,80.0999984741211,80.80999755859375,61.32487106323242,4740500
2015-03-10,80.0199966430664,80.76000213623047,79.73999786376953,79.91000366210938,60.64189910888672,4850500
2015-03-11,80.1500015258789,80.1500015258789,79.26000213623047,79.69999694824219,60.482513427734375,4612200
2015-03-12,80.2699966430664,80.4800033569336,79.80000305175781,80.19000244140625,60.854366302490234,3612500
2015-03-13,79.9000015258789,79.91000366210938,78.19000244140625,79.2300033569336,60.12586212158203,7272700
2015-03-16,79.56999969482422,80.0,79.05999755859375,79.97000122070312,60.68741989135742,3598500
2015-03-17,79.3499984741211,79.3499984741211,78.25,78.44999694824219,59.53392791748047,6979900
2015-03-18,78.25,81.44000244140625,78.25,81.33000183105469,61.719482421875,12154300
2015-03-19,80.5,80.5,79.55999755859375,80.08999633789062,60.778465270996094,5236200
2015-03-20,80.62000274658203,81.25,80.19000244140625,81.19000244140625,61.61323928833008,8216600
2015-03-23,81.19000244140625,81.91999816894531,81.0199966430664,81.08999633789062,61.537330627441406,4704000
2015-03-24,81.1500015258789,81.19999694824219,80.19999694824219,80.4800033569336,61.074440002441406,3978700
2015-03-25,81.02999877929688,81.04000091552734,79.83000183105469,79.86000061035156,60.60393142700195,4803000
2015-03-26,79.63999938964844,80.80000305175781,79.51000213623047,79.87999725341797,60.619110107421875,4238500
2015-03-27,79.45999908447266,79.87999725341797,78.76000213623047,79.66999816894531,60.459747314453125,6336900
2015-03-30,80.01000213623047,81.5199966430664,80.0,81.37000274658203,61.749874114990234,4621200
2015-03-31,80.51000213623047,80.6500015258789,79.80999755859375,80.02999877929688,60.73294448852539,4848600
2015-04-01,80.02999877929688,80.5199966430664,79.38999938964844,79.63999938964844,60.4370002746582,4446200
2015-04-02,79.5999984741211,80.5,79.4000015258789,80.23999786376953,60.892311096191406,3555300
2015-04-06,80.3499984741211,82.0,79.9800033569336,81.48999786376953,61.840919494628906,4495400
2015-04-07,81.22000122070312,81.43000030517578,80.5,80.54000091552734,61.11994171142578,3526300
2015-04-08,80.83999633789062,81.23999786376953,79.91999816894531,80.44000244140625,61.0440788269043,4196200
2015-04-09,80.5,81.20999908447266,80.27999877929688,80.68000030517578,61.22620391845703,4291900
2015-04-10,81.0999984741211,82.80000305175781,80.73999786376953,82.5999984741211,62.68324279785156,6831900
2015-04-13,82.5999984741211,82.61000061035156,81.5999984741211,82.13999938964844,62.334190368652344,5293900
2015-04-14,82.55000305175781,83.23999786376953,81.54000091552734,83.0,62.98681640625,5898700
2015-04-15,83.29000091552734,85.7300033569336,83.0,85.16000366210938,64.6259994506836,9643800
2015-04-16,84.4000015258789,84.9000015258789,84.0,84.33999633789062,64.53416442871094,5692300
2015-04-17,83.5,83.58999633789062,82.66000366210938,83.27999877929688,63.72307586669922,5314000
2015-04-20,83.95999908447266,84.75,83.87999725341797,84.5999984741211,64.73311614990234,3914600
2015-04-21,84.66000366210938,84.97000122070312,83.61000061035156,83.91999816894531,64.2127914428711,5620900
2015-04-22,84.12999725341797,84.94000244140625,83.08999633789062,84.87000274658203,64.93971252441406,6520700
2015-04-23,86.8499984741211,87.5,83.8499984741211,84.79000091552734,64.87850189208984,18917600
2015-04-24,84.69999694824219,85.16999816894531,84.0199966430664,84.5999984741211,64.73311614990234,5848100
2015-04-27,84.7699966430664,85.94000244140625,84.4000015258789,85.33000183105469,65.29167175292969,5912000
2015-04-28,85.41999816894531,86.22000122070312,84.5,86.19999694824219,65.95736694335938,5736500
2015-04-29,85.69000244140625,87.91999816894531,85.45999908447266,87.5,66.95208740234375,7021800
2015-04-30,86.8499984741211,87.30000305175781,86.2300033569336,86.87999725341797,66.47769927978516,5460100
2015-05-01,87.69000244140625,88.27999877929688,86.76000213623047,87.37000274658203,66.85261535644531,4850100
2015-05-04,87.7300033569336,87.95999908447266,87.16999816894531,87.30000305175781,66.79903411865234,2754500
2015-05-05,87.56999969482422,88.22000122070312,86.69999694824219,87.0,66.56948852539062,4623700
2015-05-06,87.75,87.94000244140625,86.41999816894531,86.98999786376953,66.56185913085938,4464700
2015-05-07,86.6500015258789,86.87999725341797,85.88999938964844,86.43000030517578,66.13334655761719,3892800
2015-05-08,87.77999877929688,87.83999633789062,86.69999694824219,87.30999755859375,66.80670928955078,3577100
2015-05-11,88.4000015258789,89.44000244140625,88.08999633789062,88.7699966430664,67.92384338378906,6882600
2015-05-12,88.19000244140625,88.33999633789062,87.26000213623047,88.16000366210938,67.45710754394531,4066400
2015-05-13,88.58999633789062,89.06999969482422,88.20999908447266,88.44000244140625,67.6713638305664,3178300
2015-05-14,88.77999877929688,89.58999633789062,88.6500015258789,88.73999786376953,67.90088653564453,3228400
2015-05-15,88.5,88.55999755859375,87.5999984741211,88.43000030517578,67.6636734008789,3205000
2015-05-18,88.38999938964844,88.5,87.6500015258789,88.29000091552734,67.55656433105469,3074400
2015-05-19,87.88999938964844,87.91000366210938,86.51000213623047,87.23999786376953,66.75313568115234,5676800
2015-05-20,87.62999725341797,88.12999725341797,87.12999725341797,87.93000030517578,67.28112030029297,3841500
2015-05-21,88.2300033569336,89.62000274658203,87.94000244140625,89.33000183105469,68.35234069824219,8155500
2015-05-22,89.18000030517578,89.5,88.62999725341797,88.62999725341797,67.81671905517578,3483800
2015-05-26,88.12999725341797,88.1500015258789,87.29000091552734,87.83999633789062,67.21221160888672,3149600
2015-05-27,87.98999786376953,88.81999969482422,87.6500015258789,87.91999816894531,67.27346801757812,4517100
2015-05-28,87.33000183105469,87.44999694824219,85.7300033569336,86.01000213623047,65.81198120117188,5899100
2015-05-29,85.73999786376953,86.33000183105469,85.11000061035156,85.31999969482422,65.28404235839844,4685700
2015-06-01,86.05999755859375,86.37000274658203,84.69999694824219,85.52999877929688,65.4447021484375,3976900
2015-06-02,85.20999908447266,86.68000030517578,85.06999969482422,86.16999816894531,65.93440246582031,2817800
2015-06-03,86.5999984741211,87.05999755859375,85.80999755859375,86.2300033569336,65.98033905029297,2841800
2015-06-04,85.5,86.4000015258789,85.31999969482422,85.47000122070312,65.39881896972656,3775200
2015-06-05,85.01000213623047,86.5,84.91000366210938,86.05000305175781,65.8426284790039,3937600
2015-06-08,85.80000305175781,86.4800033569336,85.77999877929688,86.1500015258789,65.91912078857422,3355800
2015-06-09,86.45999908447266,87.62000274658203,86.41999816894531,86.7300033569336,66.36293029785156,3984900
2015-06-10,87.44999694824219,88.70999908447266,87.36000061035156,88.4800033569336,67.70197296142578,4717100
2015-06-11,88.62000274658203,88.76000213623047,87.91999816894531,88.16999816894531,67.46475982666016,2872900
2015-06-12,87.94999694824219,88.41000366210938,87.56999969482422,87.8499984741211,67.21989440917969,2212800
2015-06-15,87.13999938964844,87.38999938964844,86.3499984741211,87.12999725341797,66.66899108886719,2721000
2015-06-16,86.79000091552734,87.0199966430664,86.23999786376953,86.58999633789062,66.25577545166016,2895000
2015-06-17,86.88999938964844,87.55000305175781,86.31999969482422,87.25,66.76081848144531,3402800
2015-06-18,86.83000183105469,87.73999786376953,86.83000183105469,87.44000244140625,66.90616607666016,3372600
2015-06-19,87.2699966430664,87.95999908447266,87.1500015258789,87.5199966430664,66.96737670898438,3910900
2015-06-22,87.97000122070312,88.31999969482422,87.70999908447266,88.2699966430664,67.54127502441406,3648600
2015-06-23,88.41999816894531,88.62000274658203,88.01000213623047,88.44999694824219,67.67898559570312,2539000
2015-06-24,88.79000091552734,88.80999755859375,88.06999969482422,88.16999816894531,67.46475982666016,3413600
2015-06-25,88.22000122070312,88.33000183105469,86.66000366210938,86.72000122070312,66.35526275634766,3239100
2015-06-26,86.5,86.94999694824219,85.80999755859375,86.81999969482422,66.4317626953125,4387300
2015-06-29,86.22000122070312,86.73999786376953,85.0999984741211,85.30000305175781,65.26872253417969,4747300
2015-06-30,86.08999633789062,86.25,84.80000305175781,84.81999969482422,64.90142059326172,4077900
2015-07-01,85.38999938964844,85.44999694824219,83.54000091552734,83.94999694824219,64.23576354980469,5296200
2015-07-02,84.52999877929688,84.77999877929688,83.8499984741211,84.37999725341797,64.56476593017578,2582200
2015-07-06,83.6500015258789,84.1500015258789,82.7300033569336,83.1500015258789,63.62361526489258,4896600
2015-07-07,82.98999786376953,84.12000274658203,81.8499984741211,83.98999786376953,64.26636505126953,5192000
2015-07-08,83.05000305175781,83.2300033569336,81.76000213623047,82.2699966430664,62.95026397705078,4325100
2015-07-09,83.43000030517578,83.69999694824219,81.45999908447266,81.69000244140625,62.506473541259766,4570700
2015-07-10,82.63999938964844,82.91000366210938,81.87000274658203,82.1500015258789,62.85845184326172,3495000
2015-07-13,82.87000274658203,84.02999877929688,82.68000030517578,83.63999938964844,63.99851989746094,4228500
2015-07-14,83.52999877929688,84.68000030517578,83.5199966430664,84.45999908447266,64.6259994506836,3797700
2015-07-15,84.55000305175781,84.86000061035156,83.75,84.16000366210938,64.39644622802734,3661700
2015-07-16,84.75,84.88999938964844,83.41000366210938,83.76000213623047,64.68216705322266,3686000
2015-07-17,83.55000305175781,83.6500015258789,82.76000213623047,83.16000366210938,64.21884155273438,2931500
2015-07-20,83.05999755859375,83.29000091552734,82.13999938964844,82.25,63.516090393066406,4291400
2015-07-21,81.80000305175781,82.88999938964844,81.25,82.22000122070312,63.49292755126953,4691900
2015-07-22,81.0,81.12000274658203,79.1500015258789,79.76000213623047,61.593238830566406,10180700
2015-07-23,77.69999694824219,79.04000091552734,76.6500015258789,76.87999725341797,59.36919403076172,13909900
2015-07-24,76.91000366210938,77.08999633789062,75.8499984741211,76.0999984741211,58.76685333251953,9175900
2015-07-27,75.18000030517578,75.72000122070312,74.7699966430664,75.31999969482422,58.164512634277344,10269600
2015-07-28,75.91999816894531,78.1500015258789,75.79000091552734,77.77999877929688,60.064212799072266,15699000
2015-07-29,77.30000305175781,77.45999908447266,76.51000213623047,77.33000183105469,59.71672439575195,13794800
2015-07-30,76.9800033569336,78.37000274658203,76.68000030517578,78.3499984741211,60.50441360473633,7386200
2015-07-31,78.5999984741211,79.04000091552734,78.1500015258789,78.62999725341797,60.72062301635742,6203600
2015-08-03,78.41999816894531,78.43000030517578,76.75,77.26000213623047,59.662662506103516,6443300
2015-08-04,77.33000183105469,77.86000061035156,76.31999969482422,76.5999984741211,59.152984619140625,5822300
2015-08-05,77.5,77.91999816894531,76.72000122070312,76.87999725341797,59.36919403076172,4581900
2015-08-06,76.9800033569336,77.6500015258789,76.18000030517578,77.45999908447266,59.81711959838867,5609500
2015-08-07,77.5199966430664,78.1500015258789,76.94000244140625,77.29000091552734,59.685821533203125,7851300
2015-08-10,78.04000091552734,80.30999755859375,77.9000015258789,80.16000366210938,61.902137756347656,9041600
2015-08-11,78.7300033569336,78.93000030517578,77.2300033569336,78.04000091552734,60.26499938964844,8992500
2015-08-12,77.30999755859375,79.12000274658203,76.91999816894531,78.91999816894531,60.94456481933594,7236800
2015-08-13,78.55000305175781,78.58000183105469,77.69999694824219,77.76000213623047,60.04876708984375,5662500
2015-08-14,77.66000366210938,78.7300033569336,77.5999984741211,78.48999786376953,60.61249923706055,3811500
2015-08-17,78.12999725341797,78.63999938964844,77.20999908447266,78.54000091552734,60.65110397338867,5226800
2015-08-18,78.51000213623047,79.0,78.18000030517578,78.81999969482422,60.86733627319336,5146400
2015-08-19,78.25,78.54000091552734,77.05000305175781,77.41000366210938,59.77847671508789,5862700
2015-08-20,77.27999877929688,77.83000183105469,76.41000366210938,76.41000366210938,59.00625228881836,7767300
2015-08-21,75.94000244140625,76.30000305175781,74.95999908447266,75.0,57.917381286621094,11805500
2015-08-24,71.81999969482422,74.87999725341797,70.2300033569336,72.81999969482422,56.23393249511719,15209300
2015-08-25,75.22000122070312,75.48999786376953,72.02999877929688,72.05999755859375,55.647056579589844,9427200
2015-08-26,73.81999969482422,74.08000183105469,72.52999877929688,73.87000274658203,57.044776916503906,8288100
2015-08-27,75.04000091552734,76.22000122070312,74.2300033569336,75.66000366210938,58.42708206176758,8537700
2015-08-28,75.19000244140625,76.0199966430664,74.62999725341797,75.94999694824219,58.651031494140625,6649500
2015-08-31,75.31999969482422,76.7699966430664,74.9000015258789,76.44000244140625,59.0294303894043,7019600
2015-09-01,74.5,75.94000244140625,74.45999908447266,74.9000015258789,57.84019470214844,9053100
2015-09-02,75.9000015258789,76.16000366210938,74.94999694824219,76.0999984741211,58.76685333251953,5325900
2015-09-03,75.94999694824219,76.01000213623047,73.77999877929688,74.44999694824219,57.49266815185547,11077100
2015-09-04,73.0,73.66000366210938,72.3499984741211,73.0999984741211,56.45015335083008,12007300
2015-09-08,74.58000183105469,74.62000274658203,73.55999755859375,74.30000305175781,57.37686538696289,5647800
2015-09-09,75.0,75.19999694824219,72.77999877929688,72.95999908447266,56.3420524597168,5859200
2015-09-10,72.88999938964844,73.30999755859375,72.02999877929688,72.41999816894531,55.9250373840332,6109100
2015-09-11,72.2300033569336,72.91999816894531,71.87999725341797,72.62999725341797,56.087215423583984,4413800
2015-09-14,72.3499984741211,72.88999938964844,72.01000213623047,72.7699966430664,56.195335388183594,4231800
2015-09-15,73.0199966430664,74.73999786376953,72.6500015258789,74.58000183105469,57.59306335449219,5109400
2015-09-16,74.8499984741211,75.87000274658203,74.58000183105469,75.63999938964844,58.41163635253906,5225800
2015-09-17,75.4000015258789,75.68000030517578,73.91000366210938,74.05999755859375,57.19150161743164,7745000
2015-09-18,73.33000183105469,73.5,71.61000061035156,71.86000061035156,55.49259567260742,9260100
2015-09-21,72.30000305175781,72.83999633789062,71.91000366210938,72.16000366210938,55.72425842285156,7594900
2015-09-22,71.12000274658203,71.80000305175781,70.63999938964844,71.68000030517578,55.35358810424805,5717300
2015-09-23,71.66999816894531,71.80999755859375,70.16000366210938,70.19999694824219,54.210697174072266,4754300
2015-09-24,66.19999694824219,66.69999694824219,64.6500015258789,65.80000305175781,50.8128776550293,22589600
2015-09-25,65.0,65.7699966430664,64.73999786376953,64.9800033569336,50.17964553833008,12365100
2015-09-28,64.23999786376953,64.31999969482422,62.9900016784668,63.790000915527344,49.260684967041016,12572000
2015-09-29,63.650001525878906,65.38999938964844,63.599998474121094,64.30999755859375,49.6622428894043,8784400
2015-09-30,64.94999694824219,65.63999938964844,64.1500015258789,65.36000061035156,50.47308349609375,7850300
2015-10-01,65.62999725341797,66.0999984741211,63.61000061035156,64.38999938964844,49.724029541015625,7933000
2015-10-02,63.790000915527344,65.7300033569336,63.099998474121094,65.69999694824219,50.73564529418945,8782700
2015-10-05,66.69000244140625,69.4800033569336,66.5199966430664,69.18000030517578,53.423011779785156,10661900
2015-10-06,69.54000091552734,71.1500015258789,69.08000183105469,70.81999969482422,54.68948745727539,9664100
2015-10-07,71.36000061035156,72.70999908447266,69.1500015258789,70.37999725341797,54.34968185424805,8307700
2015-10-08,70.31999969482422,72.18000030517578,69.8499984741211,71.83999633789062,55.47715377807617,6091600
2015-10-09,71.83999633789062,72.48999786376953,70.86000061035156,71.30000305175781,55.060157775878906,5573500
2015-10-12,71.51000213623047,71.52999877929688,70.31999969482422,70.5,54.442359924316406,4643500
2015-10-13,69.95999908447266,71.02999877929688,69.26000213623047,70.16999816894531,54.187522888183594,4724800
2015-10-14,70.11000061035156,71.05999755859375,69.56999969482422,70.70999908447266,54.604530334472656,4042700
2015-10-15,70.47000122070312,70.91999816894531,69.76000213623047,70.83000183105469,54.69718933105469,4547900
2015-10-16,70.62000274658203,70.83000183105469,69.11000061035156,69.68000030517578,53.809139251708984,8310000
2015-10-19,69.25,69.47000122070312,68.80000305175781,69.2699966430664,53.492515563964844,5712000
2015-10-20,68.86000061035156,71.19000244140625,68.51000213623047,70.2699966430664,54.2647590637207,6385800
2015-10-21,70.58999633789062,71.9000015258789,69.58000183105469,69.66999816894531,53.80139923095703,8679400
2015-10-22,67.91999816894531,72.83000183105469,67.80999755859375,70.87999725341797,55.34751892089844,13909200
2015-10-23,71.70999908447266,72.43000030517578,70.66000366210938,71.75,56.026878356933594,7942500
2015-10-26,71.79000091552734,72.30000305175781,71.41999816894531,71.5199966430664,55.84726333618164,6254500
2015-10-27,70.18000030517578,71.08000183105469,68.33999633789062,70.38999938964844,54.96491241455078,8280500
2015-10-28,70.75,72.11000061035156,70.4800033569336,71.97000122070312,56.19866180419922,5486900
2015-10-29,71.48999786376953,72.56999969482422,71.27999877929688,71.97000122070312,56.19866180419922,4321300
2015-10-30,72.2699966430664,73.27999877929688,71.62999725341797,72.98999786376953,56.995147705078125,7388700
2015-11-02,73.0,74.63999938964844,72.83000183105469,74.33999633789062,58.04929733276367,5876500
2015-11-03,74.44000244140625,75.31999969482422,74.19999694824219,74.75,58.36945724487305,5006100
2015-11-04,75.33999633789062,75.93000030517578,74.33000183105469,74.55000305175781,58.21330642700195,5477800
2015-11-05,74.6500015258789,75.55999755859375,73.20999908447266,74.22000122070312,57.95560836791992,6238900
2015-11-06,73.41999816894531,73.8499984741211,72.33000183105469,73.83999633789062,57.65884780883789,5538600
2015-11-09,73.43000030517578,73.61000061035156,71.4800033569336,71.88999938964844,56.136207580566406,5914800
2015-11-10,71.79000091552734,72.58000183105469,71.62999725341797,72.43000030517578,56.557857513427734,4373800
2015-11-11,72.54000091552734,72.8499984741211,71.81999969482422,71.91000366210938,56.15181350708008,4190700
2015-11-12,70.81999969482422,70.98999786376953,68.41000366210938,68.66000366210938,53.614017486572266,8731700
2015-11-13,68.69999694824219,70.12999725341797,68.5,69.62999725341797,54.37144088745117,6429600
2015-11-16,69.4800033569336,70.62000274658203,69.2300033569336,70.38999938964844,54.96491241455078,5167600
2015-11-17,70.12999725341797,70.36000061035156,69.05000305175781,69.38999938964844,54.18403625488281,4812000
2015-11-18,69.9000015258789,70.44999694824219,69.37999725341797,70.31999969482422,54.91021728515625,3788300
2015-11-19,69.5,70.11000061035156,68.5999984741211,70.0199966430664,54.67597198486328,6296000
2015-11-20,70.4800033569336,71.20999908447266,70.16000366210938,71.13999938964844,55.550537109375,6495100
2015-11-23,70.9800033569336,71.9000015258789,70.88999938964844,71.0199966430664,55.45684814453125,3847600
2015-11-24,70.77999877929688,71.70999908447266,70.44000244140625,71.4000015258789,55.7535514831543,3846500
2015-11-25,71.73999786376953,71.88999938964844,70.72000122070312,71.48999786376953,55.823848724365234,3493000
2015-11-27,71.18000030517578,71.52999877929688,70.69999694824219,71.22000122070312,55.613014221191406,1642100
2015-11-30,71.33000183105469,72.79000091552734,71.1500015258789,72.6500015258789,56.72962951660156,5632900
2015-12-01,72.33000183105469,72.63999938964844,70.8499984741211,71.55999755859375,55.87852096557617,6578400
2015-12-02,71.19999694824219,72.12999725341797,70.62000274658203,71.02999877929688,55.46464538574219,5068200
2015-12-03,71.1500015258789,71.22000122070312,69.37000274658203,69.63999938964844,54.37925338745117,8130800
2015-12-04,69.36000061035156,70.02999877929688,68.80000305175781,69.9800033569336,54.64474868774414,5252000
2015-12-07,68.68000030517578,68.7300033569336,67.72000122070312,68.36000061035156,53.379756927490234,6805900
2015-12-08,66.98999786376953,67.16000366210938,66.18000030517578,66.54000091552734,51.95857620239258,6866300
2015-12-09,66.30000305175781,67.0199966430664,65.16000366210938,65.91000366210938,51.46663284301758,8578000
2015-12-10,65.9800033569336,67.08999633789062,65.91000366210938,66.37999725341797,51.833641052246094,5768700
2015-12-11,65.37999725341797,66.0999984741211,64.4800033569336,65.43000030517578,51.091827392578125,7572600
2015-12-14,65.62999725341797,66.18000030517578,64.7300033569336,66.12000274658203,51.630611419677734,7371100
2015-12-15,65.45999908447266,66.95999908447266,65.23999786376953,66.75,52.12255859375,6061200
2015-12-16,66.22000122070312,67.87999725341797,66.13999938964844,67.72000122070312,52.880001068115234,6747600
2015-12-17,67.18000030517578,67.51000213623047,64.87999725341797,64.9000015258789,50.677955627441406,6800000
2015-12-18,64.5999984741211,65.87000274658203,64.0999984741211,65.11000061035156,50.84195327758789,13490900
2015-12-21,65.58999633789062,65.81999969482422,64.37999725341797,65.23999786376953,50.94344711303711,5311500
2015-12-22,66.25,68.79000091552734,66.11000061035156,68.41000366210938,53.41878890991211,9697200
2015-12-23,69.58999633789062,70.48999786376953,68.98999786376953,69.88999938964844,54.5744743347168,7586300
2015-12-24,69.75,69.9000015258789,69.05999755859375,69.37999725341797,54.17621994018555,2322100
2015-12-28,69.12000274658203,69.18000030517578,68.02999877929688,68.58000183105469,53.55154037475586,3884000
2015-12-29,69.22000122070312,69.56999969482422,68.62000274658203,69.19000244140625,54.027862548828125,3539500
2015-12-30,68.66000366210938,69.62999725341797,68.56999969482422,68.69000244140625,53.637454986572266,3158500
2015-12-31,68.44999694824219,69.0999984741211,67.94000244140625,67.95999908447266,53.06740951538086,4356400
2016-01-04,66.87999725341797,68.08000183105469,65.72000122070312,67.98999786376953,53.09082794189453,8586900
2016-01-05,68.37999725341797,68.44000244140625,66.41999816894531,67.27999877929688,52.53642272949219,6139100
2016-01-06,65.9800033569336,66.8499984741211,65.62000274658203,66.22000122070312,51.70869827270508,6639300
2016-01-07,65.08000183105469,65.5199966430664,63.65999984741211,63.939998626708984,49.92832565307617,8601500
2016-01-08,64.33000183105469,64.52999877929688,62.93000030517578,63.290000915527344,49.420772552490234,8278500
2016-01-11,63.66999816894531,63.70000076293945,60.849998474121094,61.470001220703125,47.999603271484375,9669400
2016-01-12,62.439998626708984,62.5,60.38999938964844,61.599998474121094,48.10110855102539,8593100
2016-01-13,62.06999969482422,62.7599983215332,60.38999938964844,60.88999938964844,47.54670715332031,7237300
2016-01-14,61.2400016784668,62.970001220703125,60.380001068115234,62.27000045776367,48.62429428100586,9241800
2016-01-15,59.52000045776367,60.09000015258789,58.75,59.869998931884766,47.335548400878906,12674500
2016-01-19,60.2599983215332,60.540000915527344,58.47999954223633,59.029998779296875,46.67140579223633,8501100
2016-01-20,58.08000183105469,59.380001068115234,56.36000061035156,58.810001373291016,46.497474670410156,10857700
2016-01-21,59.0,60.41999816894531,58.25,59.689998626708984,47.1932487487793,8798300
2016-01-22,61.22999954223633,62.560001373291016,60.599998474121094,60.97999954223633,48.213157653808594,7815600
2016-01-25,58.959999084472656,59.349998474121094,57.7599983215332,57.90999984741211,45.78590774536133,10971500
2016-01-26,58.400001525878906,59.65999984741211,58.09000015258789,59.15999984741211,46.77419662475586,8141900
2016-01-27,58.43000030517578,59.88999938964844,57.459999084472656,58.31999969482422,46.11005783081055,11013800
2016-01-28,62.0099983215332,62.45000076293945,58.56999969482422,61.08000183105469,48.2922248840332,13567000
2016-01-29,61.689998626708984,62.290000915527344,60.7599983215332,62.2400016784668,49.209373474121094,8221000
2016-02-01,61.970001220703125,63.08000183105469,61.380001068115234,62.70000076293945,49.573062896728516,5955700
2016-02-02,61.279998779296875,61.54999923706055,60.47999954223633,60.66999816894531,47.96807098388672,6282300
2016-02-03,61.470001220703125,63.599998474121094,59.79999923706055,63.27000045776367,50.02372360229492,8332100
2016-02-04,63.599998474121094,66.98999786376953,63.599998474121094,65.95999908447266,52.15054702758789,12598000
2016-02-05,65.66999816894531,66.76000213623047,65.18000030517578,66.12000274658203,52.277042388916016,7463700
2016-02-08,65.41999816894531,65.63999938964844,63.65999984741211,64.58000183105469,51.05946350097656,6315500
2016-02-09,63.900001525878906,64.41000366210938,63.119998931884766,63.93000030517578,50.54554748535156,5638500
2016-02-10,64.2699966430664,64.37999725341797,62.0,62.13999938964844,49.13029861450195,5955400
2016-02-11,60.90999984741211,62.310001373291016,60.5099983215332,61.40999984741211,48.55314254760742,7055000
2016-02-12,61.9900016784668,63.470001220703125,61.81999969482422,63.150001525878906,49.92885971069336,4297400
2016-02-16,64.16000366210938,65.55000305175781,63.5099983215332,65.20999908447266,51.55757141113281,4819400
2016-02-17,66.0,67.79000091552734,65.72000122070312,67.26000213623047,53.178367614746094,7373800
2016-02-18,67.1500015258789,67.5999984741211,65.13999938964844,66.12000274658203,52.277042388916016,6175500
2016-02-19,64.91999816894531,65.5199966430664,64.08000183105469,65.41999816894531,51.723594665527344,4994900
2016-02-22,65.41999816894531,67.5199966430664,65.41999816894531,67.30999755859375,53.217926025390625,5787700
2016-02-23,67.11000061035156,67.23999786376953,65.69999694824219,65.77999877929688,52.00822448730469,5599400
2016-02-24,64.69999694824219,65.97000122070312,63.06999969482422,65.87999725341797,52.08729553222656,6439200
2016-02-25,65.88999938964844,66.47000122070312,64.83999633789062,66.47000122070312,52.55377960205078,4277200
2016-02-26,67.38999938964844,68.0,66.44999694824219,66.87000274658203,52.87002944946289,4149800
2016-02-29,67.13999938964844,68.58000183105469,66.48999786376953,67.69999694824219,53.52626037597656,8643200
2016-03-01,68.44000244140625,69.48999786376953,67.33999633789062,69.08999633789062,54.625247955322266,4451600
2016-03-02,68.75,69.93000030517578,68.20999908447266,69.37999725341797,54.85452651977539,4801300
2016-03-03,69.62000274658203,72.08000183105469,69.38999938964844,71.75,56.728355407714844,7172700
2016-03-04,72.08999633789062,73.95999908447266,71.54000091552734,72.83999633789062,57.59013748168945,9521500
2016-03-07,72.80000305175781,75.7300033569336,72.80000305175781,74.7699966430664,59.11609649658203,10740400
2016-03-08,73.77999877929688,74.11000061035156,71.5199966430664,71.7300033569336,56.71253967285156,8748400
2016-03-09,72.33000183105469,72.69999694824219,71.26000213623047,71.87000274658203,56.8232307434082,4907900
2016-03-10,72.02999877929688,72.02999877929688,70.48999786376953,71.36000061035156,56.42000198364258,6352400
2016-03-11,72.36000061035156,73.0999984741211,72.27999877929688,72.80000305175781,57.55851364135742,4787000
2016-03-14,72.7300033569336,73.44000244140625,72.12999725341797,72.7300033569336,57.503177642822266,5060000
2016-03-15,71.44000244140625,72.47000122070312,70.86000061035156,72.44000244140625,57.27389144897461,4674400
2016-03-16,72.58999633789062,74.51000213623047,72.19999694824219,74.33999633789062,58.776092529296875,6641200
2016-03-17,74.19999694824219,76.30000305175781,73.5199966430664,75.9000015258789,60.00950241088867,13316000
2016-03-18,76.08000183105469,76.94000244140625,74.63999938964844,75.47000122070312,59.669525146484375,13750200
2016-03-21,75.52999877929688,76.3499984741211,75.04000091552734,75.88999938964844,60.00159454345703,4315700
2016-03-22,75.58999633789062,76.08000183105469,75.23999786376953,75.55000305175781,59.7327880859375,3625600
2016-03-23,74.97000122070312,75.12000274658203,73.56999969482422,73.68000030517578,58.25428009033203,5352900
2016-03-24,72.93000030517578,75.3499984741211,72.7300033569336,75.29000091552734,59.5272216796875,7036100
2016-03-28,75.1500015258789,75.55000305175781,74.45999908447266,75.31999969482422,59.55092239379883,3425400
2016-03-29,74.97000122070312,76.05000305175781,74.19000244140625,76.01000213623047,60.096458435058594,4085000
2016-03-30,76.94000244140625,77.25,76.01000213623047,76.51000213623047,60.49177551269531,4886800
2016-03-31,76.30000305175781,77.12999725341797,76.23999786376953,76.54000091552734,60.51548385620117,4348700
2016-04-01,75.6500015258789,76.87000274658203,74.66999816894531,76.79000091552734,60.7131462097168,4878300
2016-04-04,76.55999755859375,77.04000091552734,75.41999816894531,75.72000122070312,59.8671989440918,4349500
2016-04-05,75.31999969482422,75.8499984741211,74.5999984741211,75.23999786376953,59.48767852783203,4386800
2016-04-06,75.5199966430664,75.56999969482422,73.69999694824219,75.22000122070312,59.47186279296875,4929800
2016-04-07,74.48999786376953,74.68000030517578,73.76000213623047,74.16999816894531,58.641693115234375,4800800
2016-04-08,75.02999877929688,75.25,74.0,74.3499984741211,58.78399658203125,4911000
2016-04-11,74.61000061035156,75.77999877929688,74.61000061035156,74.62999725341797,59.005374908447266,3904800
2016-04-12,75.05999755859375,76.73999786376953,74.47000122070312,76.0999984741211,60.1676139831543,5129600
2016-04-13,76.87000274658203,79.16000366210938,76.55999755859375,79.12999725341797,62.56327819824219,9365700
2016-04-14,79.44000244140625,79.72000122070312,78.37000274658203,79.05000305175781,62.500003814697266,5372300
2016-04-15,79.37999725341797,79.77999877929688,78.7300033569336,79.16999816894531,62.59489059448242,5508500
2016-04-18,78.47000122070312,79.87000274658203,78.13999938964844,79.25,62.65814208984375,4822200
2016-04-19,79.98999786376953,80.88999938964844,79.45999908447266,80.38999938964844,63.559486389160156,6283500
2016-04-20,80.25,80.5999984741211,79.30000305175781,79.73999786376953,63.045536041259766,5356800
2016-04-21,78.75,79.58000183105469,78.19000244140625,78.66000366210938,62.798057556152344,6509100
2016-04-22,78.93000030517578,79.18000030517578,77.19999694824219,78.31999969482422,62.52663803100586,10099600
2016-04-25,78.5,78.86000061035156,76.19999694824219,76.79000091552734,61.30513381958008,8079800
2016-04-26,77.1500015258789,77.73999786376953,76.47000122070312,77.6500015258789,61.991737365722656,6085900
2016-04-27,77.9800033569336,78.88999938964844,77.5999984741211,78.68000030517578,62.814029693603516,4459300
2016-04-28,78.02999877929688,79.16999816894531,77.5999984741211,77.75,62.07155227661133,4844600
2016-04-29,78.0199966430664,79.0,77.31999969482422,77.72000122070312,62.04762649536133,7702700
2016-05-02,77.3499984741211,78.06999969482422,76.62000274658203,77.83999633789062,62.14338684082031,3330100
2016-05-03,76.8499984741211,77.0999984741211,75.58000183105469,76.36000061035156,60.96185302734375,4790900
2016-05-04,76.18000030517578,76.30999755859375,73.9000015258789,74.23999786376953,59.26935577392578,6938100
2016-05-05,74.1500015258789,74.5999984741211,72.69999694824219,72.79000091552734,58.11177444458008,8071200
2016-05-06,72.16000366210938,73.41999816894531,71.62000274658203,73.36000061035156,58.56681823730469,6942800
2016-05-09,72.33000183105469,72.62999725341797,70.56999969482422,70.77999877929688,56.5070686340332,9405000
2016-05-10,70.77999877929688,72.70999908447266,70.58999633789062,72.51000213623047,57.888221740722656,6507300
2016-05-11,72.8499984741211,73.61000061035156,72.36000061035156,72.43000030517578,57.824344635009766,4691900
2016-05-12,72.91999816894531,73.23999786376953,71.18000030517578,71.69999694824219,57.241546630859375,4526500
2016-05-13,71.62999725341797,71.77999877929688,70.05999755859375,70.06999969482422,55.94025421142578,6417200
2016-05-16,70.38999938964844,71.69999694824219,70.0999984741211,70.69999694824219,56.443199157714844,4515900
2016-05-17,70.69999694824219,72.18000030517578,70.44999694824219,71.05000305175781,56.7226448059082,4841900
2016-05-18,70.62000274658203,71.87000274658203,70.08000183105469,70.58999633789062,56.35539245605469,5166000
2016-05-19,69.93000030517578,70.12000274658203,69.04000091552734,69.43000030517578,55.4293212890625,6137100
2016-05-20,70.0,70.77999877929688,69.75,69.87000274658203,55.78056716918945,5731600
2016-05-23,69.80000305175781,70.94999694824219,69.58999633789062,70.4000015258789,56.20369338989258,4002000
2016-05-24,70.77999877929688,71.25,70.25,71.08999633789062,56.75455856323242,3872400
2016-05-25,71.62999725341797,72.69999694824219,71.26000213623047,72.56999969482422,57.93613052368164,5035400
2016-05-26,73.23999786376953,73.58999633789062,72.05999755859375,72.08000183105469,57.54491424560547,4146400
2016-05-27,72.1500015258789,72.19999694824219,71.5,71.95999908447266,57.44913864135742,3002100
2016-05-31,72.02999877929688,73.16999816894531,71.94999694824219,72.51000213623047,57.888221740722656,4072600
2016-06-01,71.9800033569336,72.48999786376953,71.2699966430664,72.2699966430664,57.696617126464844,2699900
2016-06-02,72.5999984741211,73.63999938964844,72.27999877929688,73.62000274658203,58.77440643310547,4615300
2016-06-03,73.6500015258789,75.13999938964844,73.0999984741211,75.04000091552734,59.90803527832031,6619300
2016-06-06,75.36000061035156,76.52999877929688,75.11000061035156,76.41999816894531,61.009769439697266,4775100
2016-06-07,76.52999877929688,77.27999877929688,76.44000244140625,76.80999755859375,61.321128845214844,4235200
2016-06-08,77.5,78.69999694824219,77.26000213623047,78.11000061035156,62.358970642089844,5987800
2016-06-09,77.38999938964844,77.5,76.63999938964844,77.16000366210938,61.60054016113281,3784600
2016-06-10,76.31999969482422,76.55999755859375,75.37999725341797,76.02999877929688,60.69841384887695,4879500
2016-06-13,75.69999694824219,76.33999633789062,75.2300033569336,75.2300033569336,60.05971145629883,4086700
2016-06-14,75.05999755859375,75.55000305175781,73.94999694824219,74.86000061035156,59.76433181762695,4058400
2016-06-15,75.19000244140625,75.94999694824219,74.33999633789062,75.06999969482422,59.9320068359375,3802000
2016-06-16,74.41000366210938,75.13999938964844,73.3499984741211,74.98999786376953,59.86812973022461,4064800
2016-06-17,75.3499984741211,76.66000366210938,75.23999786376953,75.93000030517578,60.61857986450195,5442000
2016-06-20,76.91000366210938,77.3499984741211,76.38999938964844,76.43000030517578,61.017757415771484,4090800
2016-06-21,76.44999694824219,76.9000015258789,76.01000213623047,76.48999786376953,61.06564712524414,3292100
2016-06-22,76.88999938964844,77.08999633789062,76.18000030517578,76.43000030517578,61.017757415771484,3056800
2016-06-23,77.66000366210938,78.25,77.22000122070312,78.22000122070312,62.44679641723633,3600800
2016-06-24,75.19999694824219,75.61000061035156,72.98999786376953,73.02999877929688,58.303375244140625,12179500
2016-06-27,72.5,72.70999908447266,70.52999877929688,71.37999725341797,56.986083984375,7337400
2016-06-28,72.23999786376953,72.9000015258789,71.51000213623047,72.5199966430664,57.89619827270508,4743700
2016-06-29,73.25,74.4000015258789,72.79000091552734,74.2300033569336,59.26138687133789,4015400
2016-06-30,74.16999816894531,75.8499984741211,73.97000122070312,75.80999755859375,60.52277755737305,4695500
2016-07-01,75.37999725341797,76.98999786376953,75.31999969482422,76.44999694824219,61.03372573852539,4630100
2016-07-05,75.66000366210938,75.94999694824219,73.69999694824219,74.37999725341797,59.381126403808594,4776300
2016-07-06,74.58999633789062,74.87000274658203,73.45999908447266,74.83000183105469,59.740379333496094,3740500
2016-07-07,75.06999969482422,75.7300033569336,74.37999725341797,75.05000305175781,59.916011810302734,3080900
2016-07-08,75.91999816894531,77.43000030517578,75.77999877929688,77.37000274658203,61.768211364746094,5491500
2016-07-11,78.0,78.54000091552734,77.31999969482422,77.80000305175781,62.11149215698242,4511300
2016-07-12,78.72000122070312,79.94000244140625,78.30000305175781,79.80000305175781,63.70817947387695,5545800
2016-07-13,79.9800033569336,80.33000183105469,79.06999969482422,79.69000244140625,63.620384216308594,5162500
2016-07-14,80.5,81.0,79.97000122070312,80.05999755859375,63.91572952270508,5441700
2016-07-15,80.48999786376953,80.80000305175781,80.16000366210938,80.69999694824219,64.42668914794922,4642100
2016-07-18,79.87999725341797,79.88999938964844,78.87000274658203,79.81999969482422,64.3380355834961,4136700
2016-07-19,79.33999633789062,79.7699966430664,79.1500015258789,79.73999786376953,64.27355194091797,3308400
2016-07-20,79.44999694824219,79.86000061035156,78.93000030517578,79.69000244140625,64.23324584960938,4185500
2016-07-21,80.44999694824219,81.37999725341797,79.73999786376953,80.01000213623047,64.49118041992188,6472300
2016-07-22,79.77999877929688,79.79000091552734,78.86000061035156,79.37999725341797,63.98335266113281,4133800
2016-07-25,79.1500015258789,79.19000244140625,78.33999633789062,78.69000244140625,63.42720413208008,5798100
2016-07-26,79.04000091552734,83.0,78.73999786376953,82.75,66.69972229003906,11007600
2016-07-27,82.72000122070312,84.29000091552734,82.72000122070312,84.0999984741211,67.78787994384766,8460900
2016-07-28,83.69999694824219,83.70999908447266,82.44999694824219,82.91999816894531,66.83675384521484,5065600
2016-07-29,82.80000305175781,83.13999938964844,82.12999725341797,82.76000213623047,66.70777130126953,4274200
2016-08-01,82.76000213623047,82.87999725341797,81.52999877929688,81.94999694824219,66.05489349365234,3377100
2016-08-02,82.0,82.19000244140625,80.91999816894531,81.23999786376953,65.48259735107422,3909500
2016-08-03,81.1500015258789,82.30000305175781,80.93000030517578,82.02999877929688,66.11936950683594,3101700
2016-08-04,81.81999969482422,82.54000091552734,81.4000015258789,81.7699966430664,65.90980529785156,2407500
2016-08-05,82.22000122070312,82.95999908447266,82.0,82.55999755859375,66.54656219482422,3286100
2016-08-08,83.0,83.79000091552734,82.80000305175781,83.44000244140625,67.25589752197266,3544800
2016-08-09,83.5199966430664,83.75,82.69999694824219,82.83000183105469,66.76420593261719,2314900
2016-08-10,83.30999755859375,83.30999755859375,82.4800033569336,82.6500015258789,66.61911010742188,2290300
2016-08-11,83.0,83.6500015258789,82.98999786376953,83.23999786376953,67.09465789794922,2229300
2016-08-12,83.26000213623047,83.77999877929688,82.58000183105469,83.0,66.90123748779297,4342800
2016-08-15,83.0,84.27999877929688,82.95999908447266,84.1500015258789,67.82816314697266,4056000
2016-08-16,84.20999908447266,84.36000061035156,83.63999938964844,84.29000091552734,67.94104766845703,3161800
2016-08-17,84.41000366210938,84.7300033569336,83.83999633789062,84.41000366210938,68.0377426147461,2983400
2016-08-18,83.41000366210938,83.61000061035156,82.51000213623047,83.37999725341797,67.20751953125,5003100
2016-08-19,83.05999755859375,84.37999725341797,82.76000213623047,83.83999633789062,67.57830047607422,3823900
2016-08-22,83.62000274658203,83.77999877929688,83.0,83.58999633789062,67.37679290771484,2885000
2016-08-23,83.9800033569336,84.68000030517578,83.94999694824219,84.01000213623047,67.71533966064453,3178400
2016-08-24,83.41000366210938,84.0999984741211,82.97000122070312,83.1500015258789,67.02212524414062,2200600
2016-08-25,83.06999969482422,83.16999816894531,82.58999633789062,82.83999633789062,66.77225494384766,3082900
2016-08-26,83.20999908447266,83.9000015258789,82.27999877929688,82.66000366210938,66.6271743774414,3596800
2016-08-29,82.51000213623047,83.3499984741211,82.41000366210938,83.0999984741211,66.98184967041016,2253600
2016-08-30,82.86000061035156,83.1500015258789,82.30999755859375,82.4800033569336,66.48210906982422,3468700
2016-08-31,82.05999755859375,82.33999633789062,81.61000061035156,81.94999694824219,66.05489349365234,4041700
2016-09-01,81.58999633789062,82.0,80.56999969482422,81.44999694824219,65.65184783935547,4102200
2016-09-02,82.19000244140625,82.37000274658203,81.47000122070312,81.69000244140625,65.84532928466797,2449400
2016-09-06,82.01000213623047,82.2300033569336,81.4800033569336,82.08000183105469,66.1596908569336,3071000
2016-09-07,82.5,83.7300033569336,82.41000366210938,83.72000122070312,67.48157501220703,3996700
2016-09-08,83.5,83.95999908447266,83.08000183105469,83.54000091552734,67.33649444580078,3400500
2016-09-09,82.88999938964844,83.0,80.76000213623047,80.79000091552734,65.11988067626953,5311600
2016-09-12,80.2699966430664,82.12000274658203,80.0999984741211,81.91999816894531,66.03070068359375,4110800
2016-09-13,81.0999984741211,81.26000213623047,79.93000030517578,80.2300033569336,64.66851806640625,4740600
2016-09-14,80.37999725341797,81.62000274658203,80.2300033569336,81.0199966430664,65.30526733398438,5324800
2016-09-15,80.83000183105469,82.3499984741211,80.73999786376953,82.02999877929688,66.11936950683594,3499400
2016-09-16,81.62000274658203,82.08000183105469,81.20999908447266,82.05000305175781,66.13549041748047,6715400
2016-09-19,82.18000030517578,82.3499984741211,81.3499984741211,81.87999725341797,65.99845886230469,4351200
2016-09-20,82.45999908447266,82.66999816894531,81.66000366210938,81.69999694824219,65.8533706665039,2774600
2016-09-21,82.30000305175781,83.48999786376953,82.01000213623047,83.47000122070312,67.28008270263672,4264300
2016-09-22,83.97000122070312,84.44999694824219,83.30999755859375,83.5,67.30425262451172,3925200
2016-09-23,83.51000213623047,83.58000183105469,82.38999938964844,82.44000244140625,66.44987487792969,3031500
2016-09-26,82.19999694824219,82.68000030517578,82.01000213623047,82.37000274658203,66.39344024658203,3340800
2016-09-27,82.19000244140625,82.87999725341797,81.66999816894531,82.87999725341797,66.80451202392578,4295600
2016-09-28,83.25,86.66000366210938,83.13999938964844,86.58999633789062,69.79490661621094,9497100
2016-09-29,86.27999877929688,88.8499984741211,86.27999877929688,87.47000122070312,70.50425720214844,10616400
2016-09-30,87.98999786376953,88.9800033569336,87.80999755859375,88.7699966430664,71.55206298828125,6379100
2016-10-03,88.2300033569336,89.19000244140625,88.16999816894531,88.27999877929688,71.15709686279297,4294600
2016-10-04,88.5,88.94999694824219,87.18000030517578,87.51000213623047,70.53645324707031,4743300
2016-10-05,88.12000274658203,89.87000274658203,88.04000091552734,89.41999816894531,72.07598114013672,5189500
2016-10-06,88.95999908447266,89.66000366210938,88.70999908447266,89.29000091552734,71.9712142944336,3786900
2016-10-07,89.5199966430664,89.73999786376953,87.94000244140625,88.47000122070312,71.31025695800781,3774200
2016-10-10,89.0999984741211,89.5,88.13999938964844,88.22000122070312,71.10877227783203,3785700
2016-10-11,89.0999984741211,89.31999969482422,87.26000213623047,87.47000122070312,70.50425720214844,6471900
2016-10-12,87.5,87.75,87.0199966430664,87.58000183105469,70.59288787841797,3950000
2016-10-13,86.9000015258789,87.06999969482422,86.26000213623047,86.97000122070312,70.10121154785156,5677000
2016-10-14,87.83000183105469,88.41999816894531,87.55999755859375,87.66999816894531,70.66542053222656,3601000
2016-10-17,87.37999725341797,87.72000122070312,86.9000015258789,87.29000091552734,70.35914611816406,4479700
2016-10-18,88.11000061035156,88.19999694824219,86.7699966430664,87.22000122070312,70.30271911621094,3715700
2016-10-19,87.30999755859375,88.27999877929688,86.86000061035156,88.0,70.93143463134766,5943900
2016-10-20,87.05999755859375,87.2699966430664,86.2300033569336,86.62999725341797,70.44355010986328,4576600
2016-10-21,85.7300033569336,86.62999725341797,85.36000061035156,86.33000183105469,70.19959259033203,3592500
2016-10-24,86.12000274658203,87.12999725341797,85.54000091552734,85.98999786376953,69.9231185913086,5096500
2016-10-25,85.86000061035156,87.6500015258789,83.87999725341797,84.4800033569336,68.69525909423828,11639200
2016-10-26,83.80999755859375,84.38999938964844,82.87999725341797,84.12999725341797,68.4106674194336,6582100
2016-10-27,84.27999877929688,84.33999633789062,82.70999908447266,83.01000213623047,67.49991607666016,5003200
2016-10-28,83.31999969482422,84.16999816894531,83.0,83.87999725341797,68.20736694335938,4974000
2016-10-31,84.19000244140625,84.37999725341797,83.41000366210938,83.45999908447266,67.8658676147461,4679400
2016-11-01,83.47000122070312,83.6500015258789,81.6500015258789,82.23999786376953,66.87378692626953,5139600
2016-11-02,82.1500015258789,82.1500015258789,80.33000183105469,81.11000061035156,65.95494079589844,5228600
2016-11-03,81.63999938964844,81.66999816894531,80.68000030517578,81.2699966430664,66.08502197265625,3859000
2016-11-04,81.33999633789062,82.9000015258789,80.58999633789062,82.30999755859375,66.93070983886719,5745800
2016-11-07,83.73999786376953,84.16000366210938,82.97000122070312,83.75,68.10164642333984,3786400
2016-11-08,83.7699966430664,85.0,83.05999755859375,84.68000030517578,68.8578872680664,3407700
2016-11-09,89.77999877929688,93.19999694824219,89.36000061035156,91.19999694824219,74.15963745117188,19281900
2016-11-10,92.04000091552734,94.94999694824219,91.83999633789062,93.44999694824219,75.98924255371094,14174400
2016-11-11,93.38999938964844,94.33999633789062,91.81999969482422,93.01000213623047,75.6314468383789,7369900
2016-11-14,93.25,95.5,93.0199966430664,94.16999816894531,76.57469940185547,7552800
2016-11-15,93.45999908447266,94.45999908447266,92.63999938964844,94.44000244140625,76.79425048828125,4645400
2016-11-16,93.7699966430664,94.4000015258789,92.83999633789062,93.3499984741211,75.9079360961914,3297200
2016-11-17,93.5,93.5,92.4000015258789,92.77999877929688,75.44442749023438,3942200
2016-11-18,93.01000213623047,93.4000015258789,91.9000015258789,92.33999633789062,75.08663177490234,4715900
2016-11-21,93.12999725341797,93.8499984741211,92.77999877929688,92.9000015258789,75.54202270507812,3783200
2016-11-22,93.4000015258789,93.70999908447266,92.80000305175781,93.62000274658203,76.12748718261719,3172800
2016-11-23,94.80999755859375,96.41999816894531,94.22000122070312,96.18000030517578,78.20914459228516,6535900
2016-11-25,95.95999908447266,96.44000244140625,95.20999908447266,95.80999755859375,77.90829467773438,2006900
2016-11-28,95.51000213623047,95.86000061035156,94.47000122070312,94.9000015258789,77.16831970214844,4916000
2016-11-29,94.0,94.56999969482422,93.62999725341797,94.04000091552734,76.46900177001953,3806000
2016-11-30,95.75,95.9000015258789,94.3499984741211,95.55999755859375,77.7049789428711,4641900
2016-12-01,96.0,97.38999938964844,94.05000305175781,96.23999786376953,78.2579574584961,9361600
2016-12-02,95.36000061035156,96.1500015258789,94.93000030517578,95.13999938964844,77.36348724365234,5038300
2016-12-05,95.87000274658203,95.98999786376953,94.1500015258789,94.44999694824219,76.80239868164062,4980300
2016-12-06,94.0999984741211,95.30999755859375,94.06999969482422,95.22000122070312,77.42855072021484,3663100
2016-12-07,95.25,97.33000183105469,94.93000030517578,97.33000183105469,79.14427947998047,4901100
2016-12-08,97.26000213623047,97.4000015258789,96.12999725341797,96.2699966430664,78.28235626220703,3861600
2016-12-09,96.2300033569336,96.30000305175781,95.19000244140625,95.52999877929688,77.68058776855469,6550200
2016-12-12,96.01000213623047,96.6500015258789,94.91000366210938,95.08000183105469,77.31468963623047,3596700
2016-12-13,95.73999786376953,96.5,95.18000030517578,96.0199966430664,78.07905578613281,3803300
2016-12-14,95.7699966430664,96.0,93.61000061035156,93.73999786376953,76.22505187988281,5647400
2016-12-15,93.80000305175781,94.7300033569336,93.05000305175781,94.52999877929688,76.867431640625,4200100
2016-12-16,94.3499984741211,94.4800033569336,92.52999877929688,92.58000183105469,75.28179168701172,7872700
2016-12-19,91.93000030517578,92.77999877929688,91.0,92.70999908447266,75.38749694824219,3856300
2016-12-20,93.63999938964844,94.83000183105469,93.30000305175781,94.33999633789062,76.71295928955078,4302400
2016-12-21,94.26000213623047,94.30000305175781,93.68000030517578,93.81999969482422,76.29010772705078,2829300
2016-12-22,93.77999877929688,94.44999694824219,93.72000122070312,94.12000274658203,76.53404235839844,2534900
2016-12-23,93.79000091552734,94.4000015258789,93.63999938964844,94.31999969482422,76.69670104980469,1545900
2016-12-27,94.33999633789062,94.80000305175781,94.0999984741211,94.55000305175781,76.88373565673828,1735200
2016-12-28,94.5999984741211,94.9000015258789,92.81999969482422,93.1500015258789,75.74530029296875,2700300
2016-12-29,93.27999877929688,93.8499984741211,93.0,93.29000091552734,75.85912322998047,2387200
2016-12-30,93.04000091552734,93.25,92.33000183105469,92.73999786376953,75.41190338134766,3471200
2017-01-03,94.0,95.19000244140625,93.25,93.98999786376953,76.42835998535156,5054900
2017-01-04,94.45999908447266,94.5,93.43000030517578,93.56999969482422,76.08682250976562,3772100
2017-01-05,93.18000030517578,94.45999908447266,92.41999816894531,93.0,75.6233139038086,4698800
2017-01-06,93.44999694824219,93.5999984741211,92.41000366210938,93.04000091552734,75.6558837890625,4023100
2017-01-09,92.93000030517578,93.48999786376953,92.19999694824219,92.37000274658203,75.11105346679688,3095000
2017-01-10,92.9800033569336,94.44000244140625,92.7699966430664,93.83000183105469,76.29825592041016,3980200
2017-01-11,94.47000122070312,94.75,93.38999938964844,94.6500015258789,76.96503448486328,3720500
2017-01-12,94.37000274658203,94.37000274658203,92.77999877929688,93.98999786376953,76.42835998535156,3102700
2017-01-13,94.06999969482422,94.62999725341797,93.68000030517578,94.4800033569336,76.8268051147461,2609500
2017-01-17,94.23999786376953,94.29000091552734,93.22000122070312,93.56999969482422,76.08682250976562,5040300
2017-01-18,92.79000091552734,93.41999816894531,92.52999877929688,93.33000183105469,76.52139282226562,3425700
2017-01-19,93.58000183105469,93.9800033569336,92.95999908447266,93.37999725341797,76.56237030029297,3540100
2017-01-20,94.01000213623047,95.0,93.62000274658203,94.58000183105469,77.54627227783203,5045200
2017-01-23,94.5999984741211,94.73999786376953,93.55999755859375,94.45999908447266,77.4478530883789,3254900
2017-01-24,95.0199966430664,96.7300033569336,94.80000305175781,96.23999786376953,78.90729522705078,5768200
2017-01-25,97.81999969482422,98.58999633789062,97.31999969482422,98.1500015258789,80.47329711914062,7557900
2017-01-26,98.44999694824219,98.9800033569336,96.0199966430664,97.22000122070312,79.7107925415039,9097300
2017-01-27,97.69000244140625,99.45999908447266,97.5,98.98999786376953,81.16199493408203,6371400
2017-01-30,98.4000015258789,98.58999633789062,96.56999969482422,96.79000091552734,79.35821533203125,5221800
2017-01-31,96.58999633789062,96.62999725341797,94.58999633789062,95.66000366210938,78.43175506591797,5724700
2017-02-01,95.80999755859375,96.5199966430664,94.4000015258789,95.11000061035156,77.98078918457031,3582500
2017-02-02,94.7699966430664,95.12999725341797,93.5,93.7699966430664,76.88213348388672,3807500
2017-02-03,94.31999969482422,94.44999694824219,92.80999755859375,93.27999877929688,76.48039245605469,4677900
2017-02-06,92.80999755859375,93.12000274658203,92.43000030517578,92.87000274658203,76.14421844482422,4621300
2017-02-07,94.31999969482422,94.91999816894531,93.0199966430664,93.30999755859375,76.5049819946289,4995600
2017-02-08,93.0,93.0,92.11000061035156,92.91000366210938,76.17700958251953,4083500
2017-02-09,93.05999755859375,94.18000030517578,92.69000244140625,93.95999908447266,77.03792572021484,3994300
2017-02-10,94.87000274658203,96.62000274658203,94.5,96.30999755859375,78.96466064453125,5600200
2017-02-13,97.69000244140625,99.05000305175781,97.16000366210938,98.5,80.76025390625,6995100
2017-02-14,98.29000091552734,98.73999786376953,97.26000213623047,98.08999633789062,80.424072265625,4342600
2017-02-15,98.11000061035156,99.0199966430664,98.0,99.0199966430664,81.18659973144531,4326000
2017-02-16,99.05000305175781,99.06999969482422,97.80000305175781,98.26000213623047,80.56349182128906,3062400
2017-02-17,98.06999969482422,98.94999694824219,97.54000091552734,98.8499984741211,81.0472183227539,3631500
2017-02-21,98.87000274658203,99.19999694824219,97.91999816894531,98.0999984741211,80.43231201171875,3916600
2017-02-22,98.04000091552734,98.7300033569336,97.62000274658203,98.19999694824219,80.51428985595703,3031100
2017-02-23,98.44000244140625,98.5,95.12000274658203,95.55000305175781,78.341552734375,6024800
2017-02-24,94.86000061035156,95.5,93.5,95.4800033569336,78.28417205810547,5018200
2017-02-27,95.4800033569336,97.5199966430664,95.12000274658203,97.44000244140625,79.89118957519531,5445000
2017-02-28,97.23999786376953,97.5999984741211,96.44000244140625,96.66000366210938,79.25165557861328,3951700
2017-03-01,98.19999694824219,98.97000122070312,97.43000030517578,98.58000183105469,80.82584381103516,5564900
2017-03-02,98.48999786376953,98.7300033569336,92.83999633789062,94.36000061035156,77.3658676147461,23059200
2017-03-03,94.36000061035156,95.9000015258789,94.20999908447266,95.12000274658203,77.98899841308594,8163300
2017-03-06,94.31999969482422,95.94000244140625,94.0999984741211,95.66000366210938,78.43175506591797,4706100
2017-03-07,95.6500015258789,96.2300033569336,94.76000213623047,95.93000030517578,78.65312194824219,4683100
2017-03-08,94.0999984741211,95.4800033569336,92.86000061035156,93.2300033569336,76.43939208984375,9370400
2017-03-09,92.44999694824219,93.22000122070312,90.41000366210938,91.38999938964844,74.93079376220703,9260900
2017-03-10,91.88999938964844,93.0999984741211,90.80999755859375,92.30999755859375,75.6850814819336,7169000
2017-03-13,93.33000183105469,93.52999877929688,92.26000213623047,92.63999938964844,75.95564270019531,4376100
2017-03-14,91.22000122070312,92.0,90.62000274658203,91.86000061035156,75.31610870361328,5781100
2017-03-15,92.37000274658203,93.79000091552734,92.05999755859375,93.36000061035156,76.54596710205078,6434600
2017-03-16,93.97000122070312,94.08999633789062,92.63999938964844,92.8499984741211,76.12782287597656,3717900
2017-03-17,92.98999786376953,93.31999969482422,92.6500015258789,92.91000366210938,76.17700958251953,7141400
2017-03-20,93.12999725341797,95.4800033569336,92.88999938964844,95.4000015258789,78.21858978271484,6516200
2017-03-21,95.37999725341797,95.38999938964844,92.08999633789062,92.43000030517578,75.78346252441406,7720200
2017-03-22,92.0,93.12999725341797,91.72000122070312,92.43000030517578,75.78346252441406,5035600
2017-03-23,92.44999694824219,93.0,91.95999908447266,92.2300033569336,75.61949157714844,2585700
2017-03-24,92.23999786376953,93.23999786376953,91.55999755859375,92.1500015258789,75.55389404296875,3634600
2017-03-27,90.9000015258789,91.97000122070312,90.33999633789062,91.51000213623047,75.0291748046875,3425700
2017-03-28,91.55999755859375,93.16000366210938,91.51000213623047,92.94999694824219,76.20982360839844,3866100
2017-03-29,92.76000213623047,93.25,92.4000015258789,92.86000061035156,76.13603210449219,2513700
2017-03-30,92.9800033569336,93.37000274658203,92.4000015258789,93.22000122070312,76.43118286132812,3672600
2017-03-31,92.62999725341797,93.23999786376953,92.0199966430664,92.76000213623047,76.05401611328125,4020600
2017-04-03,92.43000030517578,92.83999633789062,91.0,92.2699966430664,75.65228271484375,3685800
2017-04-04,93.88999938964844,94.77999877929688,93.05999755859375,94.12999725341797,77.17729949951172,5797500
2017-04-05,94.91999816894531,96.7300033569336,93.95999908447266,94.23999786376953,77.2674789428711,6061300
2017-04-06,94.41999816894531,96.41999816894531,94.26000213623047,95.81999969482422,78.56292724609375,5421600
2017-04-07,95.87000274658203,96.62000274658203,95.41999816894531,95.5199966430664,78.31694793701172,4463800
2017-04-10,96.30999755859375,97.88999938964844,96.0999984741211,97.13999938964844,79.64518737792969,5168300
2017-04-11,97.30000305175781,97.30999755859375,95.66999816894531,97.0999984741211,79.6124038696289,4250400
2017-04-12,96.69000244140625,96.7699966430664,94.66000366210938,94.86000061035156,77.77583312988281,4773900
2017-04-13,94.5999984741211,94.86000061035156,93.08999633789062,93.0999984741211,76.33279418945312,4706000
2017-04-17,93.69000244140625,94.3499984741211,93.48999786376953,94.13999938964844,77.18547058105469,3719100
2017-04-18,93.5,94.54000091552734,93.12000274658203,94.38999938964844,77.39048767089844,3310400
2017-04-19,94.86000061035156,95.97000122070312,93.29000091552734,93.47000122070312,76.63614654541016,5550400
2017-04-20,93.27999877929688,94.95999908447266,92.9800033569336,94.66000366210938,78.25653076171875,4852500
2017-04-21,95.19000244140625,95.25,93.80999755859375,94.31999969482422,77.97542572021484,4128700
2017-04-24,95.83999633789062,97.05999755859375,95.80000305175781,96.80999755859375,80.03392791748047,6739400
2017-04-25,102.87999725341797,104.88999938964844,102.0,104.41999816894531,86.32522583007812,18383500
2017-04-26,103.80000305175781,105.9800033569336,103.63999938964844,104.66000366210938,86.52362823486328,9856100
2017-04-27,104.05000305175781,104.23999786376953,102.55999755859375,102.68000030517578,84.88674926757812,6727400
2017-04-28,102.83000183105469,103.52999877929688,102.2300033569336,102.26000213623047,84.53951263427734,4016000
2017-05-01,102.6500015258789,102.98999786376953,101.41000366210938,102.0,84.32456970214844,4512100
2017-05-02,102.2699966430664,102.70999908447266,101.25,101.51000213623047,83.91948699951172,4516400
2017-05-03,101.04000091552734,102.16999816894531,100.77999877929688,101.54000091552734,83.94429016113281,4278400
2017-05-04,101.44000244140625,101.5,98.63999938964844,99.38999938964844,82.16685485839844,7271600
2017-05-05,99.5,99.98999786376953,99.0199966430664,99.63999938964844,82.3735122680664,4086800
2017-05-08,99.4800033569336,100.0999984741211,98.94000244140625,99.37000274658203,82.15032958984375,5094600
2017-05-09,99.72000122070312,100.20999908447266,99.25,99.29000091552734,82.08418273925781,9742000
2017-05-10,99.72000122070312,100.70999908447266,99.30000305175781,100.36000061035156,82.96878051757812,4696700
2017-05-11,101.9000015258789,101.91999816894531,100.1500015258789,100.98999786376953,83.4896011352539,5220300
2017-05-12,100.58999633789062,100.94999694824219,100.16999816894531,100.70999908447266,83.25813293457031,4112000
2017-05-15,101.58999633789062,102.55999755859375,101.41000366210938,102.41999816894531,84.67179107666016,3756100
2017-05-16,102.75,102.80000305175781,101.2699966430664,102.33999633789062,84.60565948486328,3115900
2017-05-17,102.33999633789062,102.33999633789062,99.88999938964844,100.13999938964844,82.78688049316406,4618500
2017-05-18,99.13999938964844,100.66999816894531,97.73999786376953,100.22000122070312,82.85304260253906,5931500
2017-05-19,101.56999969482422,102.86000061035156,101.2699966430664,102.43000030517578,84.68006896972656,4636500
2017-05-22,102.66999816894531,103.05000305175781,101.80999755859375,102.29000091552734,84.56432342529297,4376300
2017-05-23,102.30000305175781,103.75,102.05999755859375,103.62999725341797,85.67212677001953,3327200
2017-05-24,103.33000183105469,104.91000366210938,103.1500015258789,103.94999694824219,85.93666076660156,5170900
2017-05-25,104.44999694824219,105.94000244140625,104.23999786376953,105.0199966430664,86.82127380371094,5220000
2017-05-26,105.0,105.70999908447266,104.62000274658203,105.66000366210938,87.350341796875,2894100
2017-05-30,105.26000213623047,105.86000061035156,105.01000213623047,105.47000122070312,87.19327545166016,3211700
2017-05-31,105.25,105.76000213623047,103.5999984741211,105.43000030517578,87.16018676757812,4131400
2017-06-01,105.7699966430664,106.43000030517578,105.16000366210938,105.6500015258789,87.34207916259766,4211300
2017-06-02,105.66999816894531,106.76000213623047,105.18000030517578,105.94999694824219,87.5900650024414,3702800
2017-06-05,105.58000183105469,107.16999816894531,105.13999938964844,105.19999694824219,86.97005462646484,4319500
2017-06-06,104.79000091552734,105.5199966430664,104.05999755859375,104.55000305175781,86.43268585205078,3800200
2017-06-07,104.30000305175781,104.69000244140625,102.44999694824219,103.51000213623047,85.57292175292969,5121700
2017-06-08,103.51000213623047,105.38999938964844,103.51000213623047,105.01000213623047,86.8129653930664,4649300
2017-06-09,105.08999633789062,107.0199966430664,105.02999877929688,105.91999816894531,87.5652847290039,3881000
2017-06-12,105.91999816894531,106.3499984741211,104.9000015258789,106.06999969482422,87.68928527832031,4167400
2017-06-13,106.18000030517578,106.66000366210938,105.51000213623047,105.75,87.42474365234375,3522700
2017-06-14,105.80000305175781,105.98999786376953,103.98999786376953,104.70999908447266,86.56495666503906,4100200
2017-06-15,103.80000305175781,106.63999938964844,103.80000305175781,106.4000015258789,87.96210479736328,5974100
2017-06-16,106.76000213623047,107.91000366210938,106.4000015258789,107.5999984741211,88.95414733886719,7350400
2017-06-19,107.94999694824219,108.04000091552734,106.66999816894531,107.48999786376953,88.86322784423828,4347600
2017-06-20,108.05999755859375,108.18000030517578,106.91999816894531,107.04000091552734,88.49119567871094,5314100
2017-06-21,106.62999725341797,106.76000213623047,103.1500015258789,103.47000122070312,85.53984069824219,6274100
2017-06-22,103.56999969482422,104.66000366210938,103.48999786376953,103.83999633789062,85.84571838378906,3652500
2017-06-23,102.5,104.2699966430664,102.30000305175781,104.11000061035156,86.06892395019531,12089800
2017-06-26,104.66000366210938,105.62999725341797,103.44000244140625,104.25,86.18466186523438,2857700
2017-06-27,104.5,105.2300033569336,103.69000244140625,103.93000030517578,85.92012023925781,3380700
2017-06-28,104.8499984741211,106.62999725341797,104.76000213623047,106.44999694824219,88.0034408569336,4118300
2017-06-29,106.44999694824219,106.97000122070312,104.80999755859375,105.63999938964844,87.33380126953125,3550000
2017-06-30,106.0999984741211,108.04000091552734,105.83000183105469,107.45999908447266,88.83840942382812,4702100
2017-07-03,106.51000213623047,107.83999633789062,106.4800033569336,106.97000122070312,88.43335723876953,2404900
2017-07-05,107.0,107.87999725341797,106.6500015258789,107.48999786376953,88.86322784423828,3483600
2017-07-06,107.2300033569336,107.88999938964844,106.30000305175781,106.51000213623047,88.05303955078125,2921700
2017-07-07,106.61000061035156,107.58000183105469,105.8499984741211,106.91999816894531,88.3919906616211,2767900
2017-07-10,106.7300033569336,108.48999786376953,106.23999786376953,107.83999633789062,89.15258026123047,2951500
2017-07-11,107.91000366210938,108.47000122070312,107.05000305175781,108.23999786376953,89.4832534790039,2559900
2017-07-12,108.91999816894531,110.0,108.83999633789062,108.95999908447266,90.07849884033203,3611600
2017-07-13,108.88999938964844,109.25,107.97000122070312,108.47000122070312,89.67340850830078,3051100
2017-07-14,108.55000305175781,109.36000061035156,108.05000305175781,108.7699966430664,89.9214096069336,4480200
2017-07-17,108.0,109.37999725341797,107.9800033569336,108.83999633789062,89.97927856445312,2969500
2017-07-18,108.22000122070312,108.22000122070312,106.56999969482422,107.06999969482422,89.15494537353516,3984400
2017-07-19,107.30000305175781,108.0,107.13999938964844,107.8499984741211,89.8044204711914,2857900
2017-07-20,107.87999725341797,108.1500015258789,107.05999755859375,107.31999969482422,89.36309814453125,3759700
2017-07-21,106.70999908447266,106.94999694824219,105.11000061035156,106.58999633789062,88.75524139404297,4258100
2017-07-24,107.86000061035156,108.5,107.29000091552734,108.18000030517578,90.07919311523438,5980400
2017-07-25,113.23999786376953,114.88999938964844,111.80000305175781,114.54000091552734,95.37506866455078,14264600
2017-07-26,114.25,114.54000091552734,113.08000183105469,113.5199966430664,94.52571105957031,5741200
2017-07-27,113.72000122070312,114.38999938964844,113.25,114.37000274658203,95.23350524902344,5583500
2017-07-28,114.44999694824219,114.9000015258789,113.4800033569336,114.0999984741211,95.00867462158203,4704500
2017-07-31,114.5,114.66000366210938,113.69000244140625,113.94999694824219,94.88378143310547,4477200
2017-08-01,114.2699966430664,114.43000030517578,112.5199966430664,113.0999984741211,94.17598724365234,3683700
2017-08-02,113.1500015258789,113.58000183105469,112.08999633789062,113.08999633789062,94.16765594482422,2830600
2017-08-03,112.8499984741211,113.72000122070312,112.8499984741211,113.55999755859375,94.55902099609375,2438900
2017-08-04,113.87999725341797,114.63999938964844,113.44999694824219,114.3499984741211,95.2168197631836,2631900
2017-08-07,114.4800033569336,114.98999786376953,114.30000305175781,114.70999908447266,95.51658630371094,2269400
2017-08-08,114.58999633789062,115.25,114.19000244140625,114.41000366210938,95.26679992675781,2601200
2017-08-09,114.38999938964844,115.45999908447266,114.11000061035156,114.33999633789062,95.20849609375,3170100
2017-08-10,113.88999938964844,114.12999725341797,112.86000061035156,113.1500015258789,94.2176284790039,3186700
2017-08-11,113.06999969482422,113.66999816894531,112.75,112.8499984741211,93.96781921386719,2130300
2017-08-14,113.45999908447266,114.37000274658203,113.2699966430664,113.70999908447266,94.68390655517578,1968900
2017-08-15,114.0,114.2300033569336,113.31999969482422,113.6500015258789,94.63396453857422,2826800
2017-08-16,113.80999755859375,114.51000213623047,113.62999725341797,114.12000274658203,95.02532958984375,2268600
2017-08-17,114.0,114.37000274658203,113.13999938964844,113.13999938964844,94.20928955078125,2905100
2017-08-18,112.98999786376953,114.63999938964844,112.69000244140625,113.91999816894531,94.85877990722656,3875700
2017-08-21,113.75,114.08999633789062,113.2699966430664,113.5999984741211,94.59233856201172,3137400
2017-08-22,114.20999908447266,115.86000061035156,114.0,115.81999969482422,96.44087219238281,3881100
2017-08-23,115.0,115.37999725341797,114.75,114.75,95.54988861083984,2447600
2017-08-24,115.0,115.05000305175781,114.38999938964844,114.77999877929688,95.57490539550781,1861200
2017-08-25,115.47000122070312,116.63999938964844,115.1500015258789,115.3499984741211,96.04950714111328,3282200
2017-08-28,115.76000213623047,116.05999755859375,114.66000366210938,115.06999969482422,95.81636047363281,2011000
2017-08-29,114.37999725341797,116.5999984741211,114.30000305175781,116.01000213623047,96.59907531738281,4355700
2017-08-30,116.12000274658203,117.69000244140625,115.87999725341797,117.55000305175781,97.88140106201172,3401000
2017-08-31,117.94999694824219,118.83000183105469,117.3499984741211,117.48999786376953,97.8314437866211,3357700
2017-09-01,117.48999786376953,118.81999969482422,117.4000015258789,118.27999877929688,98.48926544189453,2992200
2017-09-05,118.13999938964844,119.12999725341797,117.81999969482422,118.30000305175781,98.50592803955078,3826800
2017-09-06,118.75,119.19000244140625,116.9800033569336,116.9800033569336,97.40678405761719,4292600
2017-09-07,117.37999725341797,117.93000030517578,116.5,117.7699966430664,98.06459045410156,3270100
2017-09-08,117.2300033569336,118.8499984741211,117.0,117.81999969482422,98.1062240600586,2787000
2017-09-11,118.81999969482422,118.91999816894531,117.47000122070312,118.87000274658203,98.98054504394531,3527500
2017-09-12,119.19000244140625,121.38999938964844,119.05999755859375,120.94000244140625,100.70420837402344,5554000
2017-09-13,120.5,121.0,119.41000366210938,119.62999725341797,99.61338806152344,2532200
2017-09-14,119.79000091552734,120.79000091552734,119.20999908447266,120.4800033569336,100.3211669921875,2904900
2017-09-15,121.01000213623047,121.56999969482422,120.30999755859375,121.37000274658203,101.06224822998047,4610100
2017-09-18,123.62000274658203,124.43000030517578,122.8499984741211,123.83000183105469,103.11062622070312,4349000
2017-09-19,123.95999908447266,124.93000030517578,123.76000213623047,124.73999786376953,103.86834716796875,3050000
2017-09-20,124.97000122070312,125.27999877929688,124.18000030517578,124.8499984741211,103.9599609375,3151600
2017-09-21,124.5199966430664,125.04000091552734,123.81999969482422,124.79000091552734,103.91000366210938,2615400
2017-09-22,124.58000183105469,125.41999816894531,124.3499984741211,124.43000030517578,103.61023712158203,2616700
2017-09-25,124.37000274658203,124.77999877929688,123.6500015258789,124.31999969482422,103.51866149902344,3268500
2017-09-26,124.69999694824219,125.06999969482422,124.31999969482422,124.51000213623047,103.67684173583984,2301900
2017-09-27,125.20999908447266,125.41999816894531,124.33999633789062,124.5199966430664,103.68516540527344,2140600
2017-09-28,123.91000366210938,125.27999877929688,123.62000274658203,125.2300033569336,104.2763900756836,2067800
2017-09-29,125.3499984741211,125.55000305175781,124.51000213623047,124.70999908447266,103.84337615966797,2273500
2017-10-02,124.4000015258789,124.83000183105469,123.94999694824219,124.72000122070312,103.85171508789062,2502600
2017-10-03,124.9800033569336,125.52999877929688,124.3499984741211,125.51000213623047,104.5095443725586,2166100
2017-10-04,125.69000244140625,127.08999633789062,125.5999984741211,126.73999786376953,105.5337142944336,2792300
2017-10-05,126.80000305175781,126.91000366210938,126.01000213623047,126.4000015258789,105.2506103515625,2496200
2017-10-06,126.12000274658203,126.98999786376953,125.9800033569336,126.93000030517578,105.69195556640625,2697400
2017-10-09,126.91999816894531,126.93000030517578,125.94000244140625,126.87999725341797,105.65030670166016,1979600
2017-10-10,127.5199966430664,128.2899932861328,127.2699966430664,128.19000244140625,106.74111938476562,4414300
2017-10-11,128.1699981689453,128.85000610351562,127.66999816894531,128.60000610351562,107.08251190185547,2177800
2017-10-12,128.39999389648438,130.16000366210938,128.3800048828125,129.99000549316406,108.2399673461914,3372300
2017-10-13,131.0,131.41000366210938,129.1999969482422,130.7100067138672,108.8394546508789,3478200
2017-10-16,131.25,132.1199951171875,130.94000244140625,131.47000122070312,109.4722900390625,2914200
2017-10-17,131.13999938964844,131.47000122070312,130.32000732421875,130.5399932861328,108.6978988647461,2380300
2017-10-18,130.5,131.64999389648438,130.5,131.2899932861328,109.32241821289062,2511400
2017-10-19,131.0,131.6300048828125,129.39999389648438,131.5500030517578,109.53890991210938,4837600
2017-10-20,131.33999633789062,131.91000366210938,130.47999572753906,131.36000061035156,110.03313446044922,3086800
2017-10-23,131.9499969482422,132.33999633789062,131.16000366210938,131.67999267578125,110.3011703491211,5549500
2017-10-24,140.05999755859375,140.44000244140625,136.6300048828125,138.24000549316406,115.79615020751953,18886700
2017-10-25,137.2100067138672,137.8300018310547,134.7899932861328,136.83999633789062,114.6233901977539,7438600
2017-10-26,136.8800048828125,138.24000549316406,136.85000610351562,136.94000244140625,114.70716857910156,5745400
2017-10-27,136.9199981689453,138.39999389648438,136.89999389648438,137.80999755859375,115.4359130859375,4064600
2017-10-30,137.3000030517578,137.80999755859375,136.47999572753906,136.49000549316406,114.33024597167969,3044500
2017-10-31,136.5,136.6199951171875,135.0800018310547,135.8000030517578,113.75227355957031,3988300
2017-11-01,135.6699981689453,137.3000030517578,135.42999267578125,136.2899932861328,114.1627197265625,3629000
2017-11-02,136.4199981689453,136.99000549316406,135.69000244140625,136.47000122070312,114.31349182128906,2722600
2017-11-03,136.47999572753906,136.9499969482422,136.36000061035156,136.6300048828125,114.447509765625,2105400
2017-11-06,136.8000030517578,138.4499969482422,136.7899932861328,137.7100067138672,115.35216522216797,2780900
2017-11-07,137.8000030517578,138.89999389648438,136.66000366210938,138.80999755859375,116.27360534667969,3222100
2017-11-08,138.39999389648438,138.75,137.17999267578125,137.2899932861328,115.00032806396484,1933300
2017-11-09,136.44000244140625,136.75,134.64999389648438,135.33999633789062,113.366943359375,2940300
2017-11-10,135.08999633789062,136.88999938964844,135.07000732421875,136.47999572753906,114.3218765258789,2016900
2017-11-13,135.52999877929688,136.5500030517578,134.8699951171875,136.52999877929688,114.36377716064453,1894100
2017-11-14,138.0,138.1199951171875,136.47000122070312,137.5399932861328,115.20977783203125,3041300
2017-11-15,136.47999572753906,136.75999450683594,133.80999755859375,134.10000610351562,112.32831573486328,3746200
2017-11-16,135.47000122070312,137.41000366210938,135.10000610351562,136.36000061035156,114.22135162353516,2812900
2017-11-17,135.8000030517578,136.36000061035156,135.02000427246094,136.1300048828125,114.0286865234375,2312700
2017-11-20,136.44000244140625,137.80999755859375,136.25,136.91000366210938,114.68205261230469,2124000
2017-11-21,137.77000427246094,138.0,137.1699981689453,137.60000610351562,115.26002502441406,2221400
2017-11-22,138.22000122070312,138.4199981689453,137.1999969482422,138.00999450683594,115.60343933105469,4887500
2017-11-24,138.10000610351562,138.4199981689453,137.33999633789062,137.38999938964844,115.0841064453125,944400
2017-11-27,137.47000122070312,138.27000427246094,136.88999938964844,137.19000244140625,114.9166259765625,2585400
2017-11-28,137.50999450683594,139.0,137.27000427246094,138.99000549316406,116.42440795898438,2592700
2017-11-29,138.1699981689453,139.2100067138672,137.1999969482422,138.05999755859375,115.64532470703125,3098200
2017-11-30,138.89999389648438,141.3300018310547,137.11000061035156,141.14999389648438,118.2336654663086,7507800
2017-12-01,141.60000610351562,142.39999389648438,138.3800048828125,141.52000427246094,118.54362487792969,5481600
2017-12-04,144.25,145.19000244140625,141.44000244140625,141.5,118.52682495117188,4922300
2017-12-05,141.75,142.19000244140625,139.72999572753906,140.13999938964844,117.3876724243164,3884100
2017-12-06,140.14999389648438,141.13999938964844,139.5,140.33999633789062,117.55522918701172,2881400
2017-12-07,139.77999877929688,143.0,139.19000244140625,142.88999938964844,119.69119262695312,2977100
2017-12-08,143.8699951171875,144.32000732421875,142.92999267578125,143.86000061035156,120.50370025634766,2490100
2017-12-11,144.6300048828125,144.7100067138672,143.47999572753906,143.77000427246094,120.42829132080078,1913500
2017-12-12,144.0399932861328,144.8000030517578,143.2100067138672,143.4199981689453,120.13513946533203,3397100
2017-12-13,144.17999267578125,149.0500030517578,144.07000732421875,148.57000732421875,124.44898986816406,6486500
2017-12-14,148.85000610351562,149.0,145.8800048828125,146.27999877929688,122.5307846069336,4616900
2017-12-15,147.35000610351562,147.83999633789062,145.49000549316406,146.69000244140625,122.87422943115234,7931700
2017-12-18,147.75,149.80999755859375,146.8000030517578,149.77000427246094,125.45417022705078,3534800
2017-12-19,149.89999389648438,151.08999633789062,148.52999877929688,150.91000366210938,126.40911865234375,3554100
2017-12-20,151.92999267578125,152.60000610351562,150.6999969482422,152.52000427246094,127.75768280029297,3076000
2017-12-21,152.69000244140625,155.10000610351562,151.80999755859375,154.63999938964844,129.5334930419922,4017400
2017-12-22,154.77000427246094,155.8000030517578,153.9499969482422,155.75,130.4633331298828,2486400
2017-12-26,156.0399932861328,156.97999572753906,155.66000366210938,156.44000244140625,131.04124450683594,1870600
2017-12-27,156.94000244140625,157.69000244140625,156.30999755859375,157.52000427246094,131.94595336914062,2520500
2017-12-28,157.94000244140625,158.64999389648438,157.22999572753906,158.4199981689453,132.69984436035156,4064000
2017-12-29,158.0500030517578,158.5,157.50999450683594,157.5800018310547,131.99620056152344,2616100
2018-01-02,158.3000030517578,159.38999938964844,156.02999877929688,157.0399932861328,131.5438690185547,5108400
2018-01-03,157.0399932861328,157.49000549316406,155.39999389648438,157.27999877929688,131.74490356445312,4146100
2018-01-04,157.88999938964844,159.5800018310547,157.02000427246094,159.44000244140625,133.55422973632812,4865800
2018-01-05,160.25999450683594,162.0500030517578,159.63999938964844,161.9600067138672,135.6651153564453,3945400
2018-01-08,164.11000061035156,166.42999267578125,162.5500030517578,166.02999877929688,139.0743408203125,5929200
2018-01-09,166.3300018310547,167.41000366210938,165.08999633789062,166.42999267578125,139.4093475341797,4522900
2018-01-10,165.89999389648438,167.52999877929688,164.5,165.8699951171875,138.94027709960938,5478600
2018-01-11,166.89999389648438,169.52999877929688,165.63999938964844,169.1999969482422,141.72964477539062,4199000
2018-01-12,169.99000549316406,170.6699981689453,169.22999572753906,170.3000030517578,142.65103149414062,4127900
2018-01-16,172.89999389648438,173.24000549316406,167.57000732421875,169.30999755859375,141.82176208496094,8530600
2018-01-17,169.32000732421875,170.11000061035156,168.5,168.5,141.1432647705078,5571400
2018-01-18,169.3300018310547,170.75999450683594,168.08999633789062,168.8300018310547,141.41966247558594,4668800
2018-01-19,169.6300048828125,170.4499969482422,168.61000061035156,170.41000366210938,143.40574645996094,5796700
2018-01-22,170.32000732421875,170.91000366210938,168.47999572753906,170.88999938964844,143.80967712402344,3540900
2018-01-23,172.0,172.0500030517578,169.1999969482422,169.42999267578125,142.58103942871094,5036500
2018-01-24,171.39999389648438,172.4499969482422,167.6699981689453,168.33999633789062,141.6637725830078,8241000
2018-01-25,173.10000610351562,173.10000610351562,162.4600067138672,169.3699951171875,142.53053283691406,16937100
2018-01-26,168.80999755859375,169.0,164.5500030517578,167.05999755859375,140.58657836914062,9045300
2018-01-29,165.5800018310547,165.8800048828125,159.4199981689453,162.5800018310547,136.8165283203125,9496800
2018-01-30,160.3300018310547,164.7100067138672,159.80999755859375,163.75999450683594,137.80950927734375,8694800
2018-01-31,164.6999969482422,165.7899932861328,161.88999938964844,162.77999877929688,136.98486328125,7014000
2018-02-01,161.24000549316406,163.74000549316406,160.17999267578125,162.24000549316406,136.5303955078125,4323600
2018-02-02,160.77000427246094,160.8000030517578,156.52999877929688,157.49000549316406,132.53314208984375,7602800
2018-02-05,154.92999267578125,158.92999267578125,142.85000610351562,151.0800018310547,127.13887023925781,11390500
2018-02-06,148.07000732421875,156.55999755859375,146.80999755859375,156.41000366210938,131.624267578125,13908700
2018-02-07,155.36000061035156,158.08999633789062,154.27999877929688,154.33999633789062,129.8822479248047,7156500
2018-02-08,153.85000610351562,154.19000244140625,145.9199981689453,145.99000549316406,122.85546875,9101900
2018-02-09,148.7100067138672,150.88999938964844,142.8800048828125,149.2100067138672,125.56522369384766,9528100
2018-02-12,151.8699951171875,153.4499969482422,150.25,152.2899932861328,128.15711975097656,5756800
2018-02-13,151.25,155.1999969482422,151.0,153.97000122070312,129.57090759277344,5512100
2018-02-14,152.38999938964844,158.58999633789062,152.33999633789062,158.05999755859375,133.01280212402344,5560100
2018-02-15,159.8000030517578,160.33999633789062,157.47999572753906,159.97999572753906,134.62850952148438,4914500
2018-02-16,160.1300048828125,161.0,156.08999633789062,156.2899932861328,131.5232696533203,5991600
2018-02-20,155.1699981689453,158.25,154.27000427246094,155.55999755859375,130.908935546875,5094600
2018-02-21,155.6999969482422,158.39999389648438,155.0399932861328,155.22999572753906,130.6312255859375,4179400
2018-02-22,156.41000366210938,159.77999877929688,156.1999969482422,158.86000061035156,133.68600463867188,4723300
2018-02-23,159.39999389648438,162.47999572753906,159.22000122070312,162.41000366210938,136.6734619140625,4450800
2018-02-26,163.0500030517578,164.0500030517578,161.5500030517578,163.69000244140625,137.7506103515625,6254400
2018-02-27,163.25999450683594,164.60000610351562,161.24000549316406,161.25999450683594,135.70570373535156,4127700
2018-02-28,161.5,162.33999633789062,154.1699981689453,154.6300048828125,130.1263427734375,7298600
2018-03-01,153.6699981689453,156.19000244140625,148.50999450683594,150.22999572753906,126.4235610961914,9434800
2018-03-02,149.1300048828125,149.8800048828125,145.86000061035156,146.3800048828125,123.18368530273438,9509400
2018-03-05,145.14999389648438,151.86000061035156,144.00999450683594,151.1199951171875,127.17253875732422,8453000
2018-03-06,152.63999938964844,154.97999572753906,151.6699981689453,153.75,129.3857879638672,5795600
2018-03-07,150.0,152.27000427246094,148.80999755859375,151.50999450683594,127.50074005126953,5491000
2018-03-08,151.72999572753906,153.97000122070312,150.2899932861328,153.58999633789062,129.25112915039062,4105000
2018-03-09,155.1199951171875,158.4199981689453,154.3300018310547,158.25,133.17269897460938,4576700
2018-03-12,158.24000549316406,159.33999633789062,153.85000610351562,154.5,130.01693725585938,4880400
2018-03-13,156.3000030517578,157.8699951171875,153.1999969482422,153.69000244140625,129.33531188964844,4819100
2018-03-14,154.8000030517578,155.25,151.30999755859375,152.5399932861328,128.36752319335938,4873600
2018-03-15,153.17999267578125,155.58999633789062,151.64999389648438,154.57000732421875,130.07586669921875,5268800
2018-03-16,154.32000732421875,157.4499969482422,153.30999755859375,156.4600067138672,131.6663360595703,10897600
2018-03-19,154.24000549316406,154.8300018310547,150.82000732421875,152.14999389648438,128.03932189941406,5479200
2018-03-20,153.0,155.1999969482422,152.5399932861328,154.05999755859375,129.64662170410156,3557600
2018-03-21,154.16000366210938,157.27999877929688,153.2100067138672,155.8000030517578,131.1109161376953,3887400
2018-03-22,152.8699951171875,153.5,146.25,146.89999389648438,123.62127685546875,8225600
2018-03-23,147.6999969482422,148.57000732421875,143.7899932861328,144.2899932861328,121.42485809326172,6533100
2018-03-26,147.82000732421875,149.55999755859375,145.25999450683594,149.19000244140625,125.54839324951172,5454900
2018-03-27,149.89999389648438,151.1199951171875,145.7899932861328,146.99000549316406,123.69700622558594,4915300
2018-03-28,146.99000549316406,148.24000549316406,143.6300048828125,145.16000366210938,122.156982421875,4933900
2018-03-29,146.2100067138672,148.77000427246094,145.57000732421875,147.3800048828125,124.0252456665039,4209400
2018-04-02,146.44000244140625,147.35000610351562,141.75999450683594,143.88999938964844,121.0882568359375,5397500
2018-04-03,144.8000030517578,145.64999389648438,142.3800048828125,145.05999755859375,122.07281494140625,4845700
2018-04-04,139.8800048828125,145.4600067138672,138.0500030517578,145.17999267578125,122.17379760742188,6188200
2018-04-05,146.50999450683594,148.8800048828125,146.47000122070312,148.1300048828125,124.6563491821289,4584800
2018-04-06,145.77000427246094,147.0,140.82000732421875,142.99000549316406,120.33087158203125,5707400
2018-04-09,144.8000030517578,146.7899932861328,142.8000030517578,143.0800018310547,120.40663146972656,4050800
2018-04-10,146.75,149.00999450683594,145.6199951171875,148.08999633789062,124.62268829345703,3991600
2018-04-11,146.67999267578125,148.35000610351562,146.32000732421875,146.7899932861328,123.52867889404297,3218900
2018-04-12,147.63999938964844,151.16000366210938,147.63999938964844,150.13999938964844,126.34781646728516,3958000
2018-04-13,151.75,152.91000366210938,148.99000549316406,150.22999572753906,126.4235610961914,3603200
2018-04-16,151.74000549316406,153.4199981689453,150.27999877929688,152.13999938964844,128.03089904785156,3055600
2018-04-17,153.33999633789062,155.5399932861328,153.00999450683594,153.30999755859375,129.01548767089844,3817200
2018-04-18,155.19000244140625,157.1199951171875,154.57000732421875,155.9499969482422,131.23707580566406,3087100
2018-04-19,155.38999938964844,156.32000732421875,153.9600067138672,155.6999969482422,131.0267791748047,4013200
2018-04-20,155.25,156.13999938964844,152.3699951171875,153.25,129.6143341064453,4057800
2018-04-23,154.64999389648438,155.74000549316406,152.17999267578125,153.99000549316406,130.24017333984375,5350300
2018-04-24,159.75,161.10000610351562,143.36000061035156,144.44000244140625,122.1630859375,24122300
2018-04-25,143.8300018310547,147.60000610351562,142.16000366210938,145.19000244140625,122.79743957519531,9963700
2018-04-26,145.32000732421875,147.39999389648438,144.00999450683594,146.30999755859375,123.74468231201172,6558900
2018-04-27,145.6699981689453,146.60000610351562,144.16000366210938,144.72000122070312,122.39990997314453,3860600
2018-04-30,145.2100067138672,146.1999969482422,143.60000610351562,144.36000061035156,122.09539031982422,4764800
2018-05-01,143.0800018310547,144.42999267578125,140.3000030517578,144.4199981689453,122.14619445800781,5004400
2018-05-02,143.99000549316406,146.64999389648438,143.47999572753906,143.86000061035156,121.67259216308594,4637600
2018-05-03,141.69000244140625,145.14999389648438,138.14999389648438,143.77999877929688,121.60491180419922,7703200
2018-05-04,142.24000549316406,147.19000244140625,141.0500030517578,146.3699951171875,123.79541015625,4678400
2018-05-07,148.17999267578125,151.4600067138672,148.0,149.82000732421875,126.71336364746094,6844600
2018-05-08,150.64999389648438,151.07000732421875,148.57000732421875,149.92999267578125,126.80635833740234,3853600
2018-05-09,150.75,153.35000610351562,150.5,152.61000061035156,129.0730743408203,4668200
2018-05-10,153.1999969482422,155.44000244140625,152.80999755859375,153.97000122070312,130.2232666015625,3911000
2018-05-11,154.25,156.74000549316406,153.77000427246094,154.86000061035156,130.9760284423828,3507900
2018-05-14,155.61000061035156,156.39999389648438,154.38999938964844,155.27999877929688,131.3312530517578,3563900
2018-05-15,153.82000732421875,154.39999389648438,151.7100067138672,152.58999633789062,129.05613708496094,4127200
2018-05-16,152.5500030517578,153.8699951171875,152.35000610351562,153.8000030517578,130.07948303222656,2693400
2018-05-17,153.6999969482422,155.25,152.75999450683594,153.69000244140625,129.98651123046875,2885800
2018-05-18,154.14999389648438,156.83999633789062,154.00999450683594,155.7100067138672,131.69493103027344,3889300
2018-05-21,159.25999450683594,161.60000610351562,158.6999969482422,158.9199981689453,134.409912109375,5849700
2018-05-22,159.02999877929688,159.35000610351562,156.13999938964844,156.1999969482422,132.1093292236328,3512400
2018-05-23,154.64999389648438,158.0,153.72000122070312,157.74000549316406,133.41183471679688,4010000
2018-05-24,157.2100067138672,158.39999389648438,156.02999877929688,157.6999969482422,133.37799072265625,2891000
2018-05-25,156.9199981689453,157.57000732421875,155.22999572753906,155.85000610351562,131.81333923339844,2359700
2018-05-29,154.25999450683594,155.72000122070312,152.63999938964844,153.6199951171875,129.92727661132812,3795800
2018-05-30,154.60000610351562,155.97999572753906,153.83999633789062,155.4600067138672,131.4834747314453,2688200
2018-05-31,155.3000030517578,155.30999755859375,151.5,151.91000366210938,128.48098754882812,4546000
2018-06-01,153.3000030517578,154.19000244140625,152.25999450683594,153.52000427246094,129.8426971435547,2755500
2018-06-04,154.7899932861328,154.92999267578125,152.0800018310547,152.5,128.98001098632812,2470900
2018-06-05,152.39999389648438,153.10000610351562,152.02000427246094,153.00999450683594,129.4113311767578,2916600
2018-06-06,153.64999389648438,156.5399932861328,153.00999450683594,156.50999450683594,132.37152099609375,3689300
2018-06-07,157.11000061035156,157.92999267578125,155.52999877929688,156.2899932861328,132.1855010986328,3149100
2018-06-08,156.19000244140625,156.64999389648438,155.0399932861328,155.32000732421875,131.36502075195312,3254100
2018-06-11,155.19000244140625,157.0800018310547,154.72000122070312,156.3000030517578,132.19393920898438,2758300
2018-06-12,156.4499969482422,159.19000244140625,156.38999938964844,157.49000549316406,133.2003936767578,2595600
2018-06-13,157.17999267578125,157.35000610351562,154.50999450683594,154.7100067138672,130.8491668701172,4189300
2018-06-14,155.6999969482422,157.36000061035156,152.75999450683594,153.13999938964844,129.5213165283203,3967600
2018-06-15,150.85000610351562,151.0,148.42999267578125,150.02000427246094,126.88247680664062,8852500
2018-06-18,148.4199981689453,149.4600067138672,147.72000122070312,148.67999267578125,125.74913787841797,3651600
2018-06-19,146.0,146.3000030517578,142.32000732421875,143.3000030517578,121.19891357421875,6792000
2018-06-20,144.22000122070312,144.69000244140625,141.82000732421875,143.1300048828125,121.05511474609375,4128300
2018-06-21,142.25,142.38999938964844,139.1199951171875,139.52999877929688,118.01036834716797,5914900
2018-06-22,140.89999389648438,142.5,139.77000427246094,139.94000244140625,118.35714721679688,5114700
2018-06-25,138.86000061035156,138.97999572753906,135.17999267578125,136.5800018310547,115.51532745361328,6078200
2018-06-26,136.75,137.3300018310547,135.27999877929688,135.5399932861328,114.63571166992188,4285300
2018-06-27,136.77000427246094,139.4600067138672,134.5800018310547,134.61000061035156,113.84917449951172,5665000
2018-06-28,134.17999267578125,136.72000122070312,132.67999267578125,136.02999877929688,115.05015563964844,4215900
2018-06-29,136.61000061035156,137.85000610351562,135.5800018310547,135.6699981689453,114.74567413330078,4107900
2018-07-02,133.8000030517578,136.42999267578125,133.1999969482422,136.2899932861328,115.27005004882812,3172600
2018-07-03,137.0,137.35000610351562,133.3300018310547,133.8300018310547,113.18948364257812,1837400
2018-07-05,135.00999450683594,136.08999633789062,134.08999633789062,135.80999755859375,114.86412048339844,3366300
2018-07-06,135.11000061035156,135.86000061035156,133.32000732421875,135.41000366210938,114.52579498291016,3179600
2018-07-09,136.22000122070312,141.0500030517578,136.10000610351562,140.97000122070312,119.22826385498047,5562300
2018-07-10,141.61000061035156,141.86000061035156,140.13999938964844,141.25,119.46509552001953,3761700
2018-07-11,138.1300048828125,139.38999938964844,135.83999633789062,136.75999450683594,115.66755676269531,5231700
2018-07-12,138.5,139.72999572753906,136.8300018310547,139.4199981689453,117.91732788085938,4250800
2018-07-13,139.5399932861328,141.25,139.07000732421875,140.75,119.04220581054688,2838700
2018-07-16,140.8800048828125,140.8800048828125,137.89999389648438,138.0800018310547,116.78399658203125,3723100
2018-07-17,136.97999572753906,139.3300018310547,136.52999877929688,138.9499969482422,117.51980590820312,3306000
2018-07-18,139.0,141.5,138.3300018310547,141.1199951171875,119.35511779785156,4394800
2018-07-19,139.57000732421875,140.5399932861328,139.0500030517578,139.4199981689453,118.64033508300781,3576700
2018-07-20,138.36000061035156,138.5800018310547,136.63999938964844,136.82000732421875,116.42786407470703,5247000
2018-07-23,136.6199951171875,136.8000030517578,135.60000610351562,136.27999877929688,115.96829223632812,3542300
2018-07-24,138.89999389648438,140.60000610351562,137.36000061035156,137.97000122070312,117.40644836425781,5064700
2018-07-25,138.0,141.0500030517578,136.6699981689453,140.47999572753906,119.5423355102539,5041800
2018-07-26,140.75,143.5500030517578,140.07000732421875,142.5800018310547,121.32936096191406,5385600
2018-07-27,143.9499969482422,143.9499969482422,140.77999877929688,142.55999755859375,121.31236267089844,4649400
2018-07-30,145.7100067138672,146.6999969482422,139.05999755859375,139.75,118.9211196899414,13837700
2018-07-31,141.97000122070312,144.77999877929688,140.1699981689453,143.8000030517578,122.36749267578125,7608700
2018-08-01,142.97000122070312,143.07000732421875,138.11000061035156,138.5399932861328,117.89149475097656,6364500
2018-08-02,137.07000732421875,138.7100067138672,135.69000244140625,138.00999450683594,117.44046020507812,4195000
2018-08-03,138.1999969482422,138.60000610351562,137.07000732421875,138.50999450683594,117.86595153808594,3594100
2018-08-06,138.52000427246094,140.6699981689453,137.97000122070312,139.47999572753906,118.69137573242188,3125200
2018-08-07,140.61000061035156,143.32000732421875,140.3000030517578,142.3800048828125,121.1591567993164,4813000
2018-08-08,142.32000732421875,142.39999389648438,139.25999450683594,139.7100067138672,118.88713836669922,3435100
2018-08-09,140.10000610351562,140.89999389648438,138.25,138.52000427246094,117.87449645996094,3338500
2018-08-10,137.52000427246094,137.52000427246094,134.72999572753906,135.9199981689453,115.66199493408203,6268600
2018-08-13,135.9199981689453,136.72999572753906,134.72000122070312,135.02000427246094,114.89614868164062,3879400
2018-08-14,135.60000610351562,136.4499969482422,134.6699981689453,134.9199981689453,114.81103515625,3537900
2018-08-15,133.25,133.25,129.42999267578125,132.02000427246094,112.34326171875,5682200
2018-08-16,133.72000122070312,136.5500030517578,133.64999389648438,136.25999450683594,115.95128631591797,5539400
2018-08-17,135.64999389648438,140.2100067138672,135.44000244140625,139.33999633789062,118.57222747802734,6611700
2018-08-20,139.82000732421875,140.5500030517578,138.55999755859375,138.6699981689453,118.00210571289062,3311100
2018-08-21,139.07000732421875,140.9600067138672,139.07000732421875,139.99000549316406,119.1253890991211,3021400
2018-08-22,140.32000732421875,140.6999969482422,139.36000061035156,139.6300048828125,118.81903839111328,2209500
2018-08-23,139.0500030517578,139.1699981689453,136.4199981689453,136.7899932861328,116.40230560302734,3905300
2018-08-24,137.82000732421875,138.5500030517578,136.88999938964844,138.2100067138672,117.61070251464844,2565400
2018-08-27,139.39999389648438,142.3800048828125,139.3000030517578,142.0399932861328,120.86981201171875,4770900
2018-08-28,143.4199981689453,143.77000427246094,141.49000549316406,142.0,120.83578491210938,3234000
2018-08-29,142.42999267578125,142.58999633789062,141.2899932861328,141.86000061035156,120.71665954589844,3369900
2018-08-30,141.02999877929688,141.47000122070312,138.4499969482422,139.05999755859375,118.33397674560547,4773300
2018-08-31,138.52000427246094,140.22000122070312,138.3800048828125,138.85000610351562,118.1552734375,4552200
2018-09-04,137.86000061035156,139.0,136.92999267578125,138.24000549316406,117.63623046875,3955600
2018-09-05,138.3300018310547,141.10000610351562,137.67999267578125,140.58999633789062,119.63593292236328,4579400
2018-09-06,140.33999633789062,141.8699951171875,140.05999755859375,141.57000732421875,120.4698715209961,4588100
2018-09-07,140.72999572753906,142.13999938964844,140.0500030517578,141.32000732421875,120.25715637207031,4173400
2018-09-10,141.77000427246094,142.50999450683594,141.69000244140625,142.0500030517578,120.87835693359375,3069100
2018-09-11,140.61000061035156,142.4499969482422,140.3699951171875,142.02999877929688,120.8613052368164,2583200
2018-09-12,141.5800018310547,144.75,140.6199951171875,144.27999877929688,122.7759780883789,5630600
2018-09-13,145.0500030517578,146.4600067138672,144.52000427246094,145.5399932861328,123.84818267822266,3670700
2018-09-14,145.6300048828125,147.1999969482422,143.22999572753906,144.89999389648438,123.30355072021484,4699600
2018-09-17,144.85000610351562,148.05999755859375,144.5500030517578,146.22000122070312,124.42683410644531,3827100
2018-09-18,147.0,149.27999877929688,146.27000427246094,149.07000732421875,126.85205078125,4496400
2018-09-19,149.75999450683594,153.11000061035156,149.3699951171875,152.75999450683594,129.99203491210938,6000100
2018-09-20,155.41000366210938,157.72000122070312,154.4600067138672,156.0,132.7491912841797,6774100
2018-09-21,156.6300048828125,157.2899932861328,154.8000030517578,156.3800048828125,133.07257080078125,5932100
2018-09-24,156.0,156.10000610351562,153.77000427246094,154.0,131.04725646972656,3844500
2018-09-25,154.1199951171875,154.5,152.80999755859375,154.08999633789062,131.12387084960938,3454600
2018-09-26,153.9499969482422,155.14999389648438,152.88999938964844,153.1699981689453,130.34092712402344,3096100
2018-09-27,153.02000427246094,154.0500030517578,151.1999969482422,152.47000122070312,129.7452850341797,2674100
2018-09-28,152.0,152.91000366210938,150.55999755859375,152.49000549316406,129.76231384277344,3599900
2018-10-01,153.61000061035156,154.5,151.67999267578125,152.27999877929688,129.5836181640625,3736300
2018-10-02,152.2899932861328,155.3800048828125,151.5,154.82000732421875,131.7450714111328,4344000
2018-10-03,156.0,159.3699951171875,155.7899932861328,158.22000122070312,134.63832092285156,6043300
2018-10-04,158.02999877929688,158.5500030517578,155.1999969482422,156.75,133.3874053955078,4130800
2018-10-05,156.50999450683594,156.80999755859375,151.61000061035156,153.30999755859375,130.4600830078125,4955100
2018-10-08,151.9499969482422,153.66000366210938,150.8800048828125,153.35000610351562,130.49412536621094,3463200
2018-10-09,152.61000061035156,152.61000061035156,149.0800018310547,149.4600067138672,127.1839370727539,4996900
2018-10-10,148.6999969482422,149.1699981689453,143.72000122070312,143.72000122070312,122.29944610595703,9419300
2018-10-11,142.9499969482422,145.88999938964844,139.83999633789062,140.97000122070312,119.95931243896484,7608300
2018-10-12,144.02000427246094,144.39999389648438,139.75,142.07000732421875,120.8953628540039,5596200
2018-10-15,142.0,143.17999267578125,141.1199951171875,141.8000030517578,120.66558074951172,3741700
2018-10-16,143.35000610351562,143.88999938964844,141.27000427246094,143.7100067138672,122.2909164428711,3573400
2018-10-17,143.0800018310547,143.52000427246094,141.11000061035156,141.33999633789062,120.27416229248047,4807500
2018-10-18,140.16000366210938,140.8000030517578,134.47000122070312,135.8000030517578,115.55987548828125,10250200
2018-10-19,136.19000244140625,136.92999267578125,131.27000427246094,131.32000732421875,112.45978546142578,7055100
2018-10-22,132.67999267578125,133.1300048828125,128.66000366210938,128.7100067138672,110.22462463378906,7858900
2018-10-23,119.68000030517578,122.5,115.62000274658203,118.9800033569336,101.89203643798828,24113300
2018-10-24,120.0,121.63999938964844,112.25,112.33999633789062,96.20567321777344,15304200
2018-10-25,114.83000183105469,117.08999633789062,112.5,115.62999725341797,99.0231704711914,13568900
2018-10-26,114.0999984741211,116.43000030517578,112.36000061035156,115.05000305175781,98.5264892578125,10820400
2018-10-29,116.87999725341797,118.3499984741211,112.05999755859375,113.9800033569336,97.61014556884766,8069600
2018-10-30,114.0,117.73999786376953,113.0999984741211,117.45999908447266,100.59033203125,8057600
2018-10-31,119.41000366210938,122.88999938964844,119.26000213623047,121.31999969482422,103.8959732055664,10341300
2018-11-01,122.58999633789062,125.2300033569336,120.94000244140625,124.69999694824219,106.79053497314453,10138900
2018-11-02,127.05000305175781,128.3000030517578,124.26000213623047,125.79000091552734,107.72399139404297,7683900
2018-11-05,126.08999633789062,126.94999694824219,124.55000305175781,126.41000366210938,108.25493621826172,4844200
2018-11-06,126.4000015258789,129.5,126.30999755859375,129.3300018310547,110.7555923461914,4728200
2018-11-07,133.52000427246094,135.22000122070312,130.8800048828125,135.10000610351562,115.6968765258789,7551900
2018-11-08,133.8300018310547,134.6999969482422,130.89999389648438,131.38999938964844,112.51971435546875,6269400
2018-11-09,129.58999633789062,129.60000610351562,125.7300033569336,126.91000366210938,108.6831283569336,7248400
2018-11-12,127.18000030517578,128.41000366210938,124.58999633789062,125.0,107.04744720458984,5870100
2018-11-13,125.5,129.7899932861328,125.27999877929688,125.95999908447266,107.86957550048828,5820200
2018-11-14,127.2699966430664,129.0,123.7300033569336,125.0999984741211,107.13309478759766,5516300
2018-11-15,124.31999969482422,130.27999877929688,123.12999725341797,129.4199981689453,110.83264923095703,5815200
2018-11-16,128.7899932861328,131.9199981689453,128.0500030517578,129.9600067138672,111.29511260986328,5957700
2018-11-19,129.14999389648438,129.49000549316406,125.5999984741211,125.9800033569336,107.8866958618164,5385600
2018-11-20,123.8499984741211,123.97000122070312,121.2300033569336,122.2699966430664,104.70953369140625,7746200
2018-11-21,122.81999969482422,126.22000122070312,122.51000213623047,123.87000274658203,106.07974243164062,4759500
2018-11-23,121.95999908447266,124.05000305175781,121.56999969482422,122.31999969482422,104.75234985351562,3130100
2018-11-26,123.6500015258789,125.79000091552734,123.16000366210938,124.80000305175781,106.87617492675781,4696600
2018-11-27,124.0,124.5999984741211,122.38999938964844,124.5999984741211,106.70492553710938,4049400
2018-11-28,125.30000305175781,130.77999877929688,123.83999633789062,130.77000427246094,111.98875427246094,5745200
2018-11-29,130.8000030517578,130.91000366210938,127.58999633789062,130.22999572753906,111.52632904052734,4999600
2018-11-30,130.0500030517578,135.97000122070312,129.83999633789062,135.6699981689453,116.18501281738281,8458200
2018-12-03,141.8800048828125,142.41000366210938,138.52999877929688,138.9499969482422,118.99393463134766,9365800
2018-12-04,138.0800018310547,138.0800018310547,129.0399932861328,129.32000732421875,110.74702453613281,8113400
2018-12-06,125.22000122070312,128.69000244140625,124.05000305175781,128.3699951171875,109.93344116210938,6595200
2018-12-07,129.10000610351562,129.97999572753906,122.75,123.55000305175781,105.80569458007812,6413700
2018-12-10,122.41000366210938,124.37000274658203,121.16000366210938,123.38999938964844,105.6686782836914,5970900
2018-12-11,127.18000030517578,127.9800033569336,122.25,123.23999786376953,105.54022979736328,4449900
2018-12-12,125.73999786376953,127.97000122070312,125.0999984741211,125.37000274658203,107.36431121826172,5544100
2018-12-13,126.44999694824219,129.11000061035156,125.04000091552734,125.9000015258789,107.81818389892578,4544100
2018-12-14,123.41999816894531,127.73999786376953,123.1500015258789,126.7699966430664,108.563232421875,4483300
2018-12-17,126.80000305175781,127.6500015258789,123.68000030517578,124.47000122070312,106.59358215332031,5662300
2018-12-18,125.87000274658203,128.75,123.5999984741211,124.2699966430664,106.42228698730469,5377900
2018-12-19,125.06999969482422,128.9499969482422,120.80000305175781,122.33000183105469,104.76090240478516,6416500
2018-12-20,121.73999786376953,124.54000091552734,120.76000213623047,121.55000305175781,104.09293365478516,7563500
2018-12-21,121.7300033569336,123.7300033569336,119.56999969482422,120.06999969482422,102.82550048828125,10034100
2018-12-24,118.16999816894531,119.58999633789062,116.66999816894531,116.94999694824219,100.15357971191406,2986600
2018-12-26,118.0,124.7699966430664,116.08999633789062,124.76000213623047,106.84191131591797,5093700
2018-12-27,121.80000305175781,126.69000244140625,120.93000030517578,126.66999816894531,108.47760009765625,4599000
2018-12-28,127.12999725341797,128.25,125.05000305175781,125.61000061035156,107.56983947753906,3813500
2018-12-31,126.5999984741211,128.11000061035156,124.5,127.06999969482422,108.8201675415039,3455200
2019-01-02,124.02999877929688,127.87999725341797,123.0,126.37999725341797,108.22923278808594,4783200
2019-01-03,125.30999755859375,125.5,120.44000244140625,121.51000213623047,104.05867004394531,6165800
2019-01-04,124.16999816894531,128.58999633789062,123.69999694824219,128.14999389648438,109.74504852294922,5456600
2019-01-07,128.58999633789062,129.60000610351562,126.69999694824219,128.22999572753906,109.81356048583984,4653400
2019-01-08,129.89999389648438,131.5,128.22999572753906,129.77000427246094,111.13238525390625,4202600
2019-01-09,131.08999633789062,132.22000122070312,129.91000366210938,130.27000427246094,111.5605697631836,4865600
2019-01-10,128.61000061035156,133.1199951171875,127.25,132.9600067138672,113.8642349243164,3418500
2019-01-11,131.0800018310547,132.32000732421875,130.0500030517578,132.10000610351562,113.12775421142578,2908600
2019-01-14,130.30999755859375,132.38999938964844,129.1300048828125,131.8000030517578,112.87080383300781,4482300
2019-01-15,132.11000061035156,133.11000061035156,129.55999755859375,130.69000244140625,111.92024993896484,3224100
2019-01-16,130.75999450683594,132.52000427246094,130.24000549316406,131.66000366210938,112.7509536743164,3636900
2019-01-17,130.47000122070312,135.89999389648438,129.16000366210938,134.5399932861328,115.21731567382812,6878500
2019-01-18,135.10000610351562,137.72000122070312,133.66000366210938,136.60000610351562,117.73403930664062,6122400
2019-01-22,134.92999267578125,134.94000244140625,131.1699981689453,132.24000549316406,113.97621154785156,5188700
2019-01-23,133.0399932861328,133.49000549316406,130.14999389648438,131.82000732421875,113.61422729492188,3123600
2019-01-24,131.41000366210938,132.99000549316406,131.1999969482422,132.72999572753906,114.39850616455078,3943600
2019-01-25,134.77000427246094,136.88999938964844,133.88999938964844,136.86000061035156,117.95813751220703,6417400
2019-01-28,126.98999786376953,127.80000305175781,123.1500015258789,124.37000274658203,107.19312286376953,17421400
2019-01-29,125.61000061035156,128.38999938964844,125.61000061035156,126.52999877929688,109.0548095703125,8550800
2019-01-30,127.93000030517578,131.35000610351562,126.30999755859375,130.11000061035156,112.1403579711914,7181600
2019-01-31,130.32000732421875,133.33999633789062,129.0399932861328,133.16000366210938,114.76911926269531,6643300
2019-02-01,133.02999877929688,133.86000061035156,130.11000061035156,130.91000366210938,112.82988739013672,5646700
2019-02-04,130.8800048828125,131.30999755859375,130.10000610351562,130.8800048828125,112.80402374267578,4541700
2019-02-05,130.6300048828125,132.10000610351562,130.60000610351562,132.0,113.76935577392578,3614500
2019-02-06,131.27000427246094,132.10000610351562,130.36000061035156,130.5399932861328,112.5109634399414,3098200
2019-02-07,129.2899932861328,130.44000244140625,127.36000061035156,128.77999877929688,110.99405670166016,3682100
2019-02-08,127.4800033569336,128.60000610351562,126.55000305175781,128.60000610351562,110.83892822265625,3135000
2019-02-11,128.9499969482422,130.07000732421875,128.69000244140625,128.92999267578125,111.12334442138672,2648100
2019-02-12,130.25999450683594,133.55999755859375,130.0,132.6699981689453,114.34679412841797,4505600
2019-02-13,134.1999969482422,134.30999755859375,132.4499969482422,133.10000610351562,114.7174072265625,3189600
2019-02-14,131.77999877929688,133.25,131.27000427246094,132.6199951171875,114.30371856689453,2877500
2019-02-15,134.10000610351562,136.25,133.67999267578125,136.1999969482422,117.38926696777344,5217500
2019-02-19,135.35000610351562,136.97999572753906,135.0,135.8000030517578,117.04450988769531,3881300
2019-02-20,136.38999938964844,140.69000244140625,136.33999633789062,140.30999755859375,120.9316635131836,6199000
2019-02-21,139.75,140.97999572753906,138.41000366210938,138.8800048828125,119.6991195678711,4051100
2019-02-22,138.77999877929688,139.69000244140625,137.92999267578125,138.67999267578125,119.52674865722656,3485000
2019-02-25,140.99000549316406,142.5500030517578,140.17999267578125,141.41000366210938,121.87971496582031,4444100
2019-02-26,136.52999877929688,139.02999877929688,135.27000427246094,137.97999572753906,118.9234390258789,7275600
2019-02-27,137.86000061035156,139.63999938964844,137.13999938964844,139.5800018310547,120.30245208740234,3441000
2019-02-28,138.5500030517578,139.0,137.13999938964844,137.33999633789062,118.371826171875,4024000
2019-03-01,138.86000061035156,139.5,136.94000244140625,137.47000122070312,118.48387908935547,3811000
2019-03-04,138.8000030517578,139.77000427246094,137.10000610351562,138.35000610351562,119.24235534667969,3859800
2019-03-05,138.05999755859375,138.4600067138672,137.0,137.13999938964844,118.19947052001953,3122900
2019-03-06,137.5399932861328,137.66000366210938,134.72999572753906,134.8300018310547,116.20848083496094,3886000
2019-03-07,134.3800048828125,134.80999755859375,131.6199951171875,132.8000030517578,114.45886993408203,4290800
2019-03-08,130.5,132.1300048828125,130.22999572753906,131.35000610351562,113.20911407470703,4238000
2019-03-11,131.91000366210938,133.39999389648438,131.60000610351562,133.11000061035156,114.72603607177734,3914800
2019-03-12,133.24000549316406,133.3800048828125,131.9199981689453,132.47999572753906,114.18304443359375,4208800
2019-03-13,133.97999572753906,134.30999755859375,132.69000244140625,133.5,115.06219482421875,4285200
2019-03-14,132.83999633789062,134.07000732421875,132.02000427246094,133.69000244140625,115.2259521484375,3742200
2019-03-15,133.8699951171875,134.52999877929688,131.97999572753906,132.6699981689453,114.34679412841797,7049900
2019-03-18,132.6999969482422,134.1999969482422,132.52999877929688,134.10000610351562,115.57929229736328,4095400
2019-03-19,135.35000610351562,135.7100067138672,133.50999450683594,134.14999389648438,115.62239074707031,3315900
2019-03-20,133.8300018310547,134.14999389648438,132.05999755859375,133.00999450683594,114.63984680175781,3522100
2019-03-21,132.16000366210938,134.60000610351562,132.00999450683594,134.05999755859375,115.54483032226562,2635700
2019-03-22,132.99000549316406,133.3000030517578,129.49000549316406,129.77000427246094,111.84732818603516,5745800
2019-03-25,129.58999633789062,132.0,129.22999572753906,131.3800048828125,113.23497772216797,3199800
2019-03-26,132.69000244140625,133.55999755859375,131.1300048828125,131.83999633789062,113.63143157958984,2638200
2019-03-27,132.27000427246094,132.47000122070312,130.25,131.1999969482422,113.07981872558594,2378300
2019-03-28,131.89999389648438,132.8000030517578,131.16000366210938,132.3699951171875,114.08824157714844,2487200
2019-03-29,134.0,136.27999877929688,133.6199951171875,135.49000549316406,116.77737426757812,4681600
2019-04-01,137.69000244140625,140.3699951171875,136.32000732421875,140.25,120.87991333007812,5081500
2019-04-02,140.14999389648438,140.69000244140625,139.22999572753906,140.19000244140625,120.82818603515625,2529000
2019-04-03,139.85000610351562,140.5500030517578,138.41000366210938,139.25999450683594,120.02664184570312,4821800
2019-04-04,139.13999938964844,140.8699951171875,139.0,140.1300048828125,120.7765121459961,2988900
2019-04-05,141.10000610351562,141.14999389648438,139.9199981689453,140.36000061035156,120.9747543334961,2812300
2019-04-08,140.0,140.1199951171875,138.61000061035156,139.82000732421875,120.5093002319336,2497300
2019-04-09,138.64999389648438,138.91000366210938,136.07000732421875,136.35000610351562,117.5185775756836,3316500
2019-04-10,137.16000366210938,138.2100067138672,136.27999877929688,137.52999877929688,118.53558349609375,3310600
2019-04-11,137.58999633789062,139.58999633789062,136.97999572753906,138.8699951171875,119.69054412841797,2762900
2019-04-12,141.0,141.9199981689453,139.80999755859375,141.1999969482422,121.6987075805664,4383000
2019-04-15,141.6699981689453,142.42999267578125,139.6699981689453,140.25,120.87991333007812,3030200
2019-04-16,140.55999755859375,142.2100067138672,139.58999633789062,142.02999877929688,122.41407012939453,2672800
2019-04-17,143.0,144.5,142.4600067138672,142.74000549316406,123.02604675292969,3469400
2019-04-18,142.8000030517578,144.77000427246094,142.4199981689453,143.36000061035156,124.30936431884766,4504500
2019-04-22,142.9499969482422,143.17999267578125,141.42999267578125,142.3800048828125,123.4595947265625,3637500
2019-04-23,142.0,143.1300048828125,141.44000244140625,142.02999877929688,123.15608215332031,5930500
2019-04-24,139.75,140.3000030517578,136.55999755859375,137.72999572753906,119.42752075195312,8694400
2019-04-25,137.0500030517578,137.4600067138672,134.08999633789062,136.1300048828125,118.04013061523438,5094700
2019-04-26,136.55999755859375,139.02999877929688,135.88999938964844,139.02999877929688,120.55474090576172,5119200
2019-04-29,139.5,140.4499969482422,138.82000732421875,139.02000427246094,120.54611206054688,3374300
2019-04-30,139.99000549316406,140.0,137.5800018310547,139.4199981689453,120.89291381835938,3862000
2019-05-01,139.5800018310547,139.92999267578125,137.63999938964844,138.14999389648438,119.79170989990234,3652000
2019-05-02,138.52000427246094,138.5399932861328,134.3800048828125,135.1699981689453,117.2077407836914,5405700
2019-05-03,136.1199951171875,139.1999969482422,135.8000030517578,139.05999755859375,120.58076477050781,4154800
2019-05-06,134.77999877929688,137.49000549316406,134.30999755859375,136.75999450683594,118.58639526367188,4866500
2019-05-07,135.1999969482422,136.0,132.05999755859375,133.6699981689453,115.90705108642578,5622900
2019-05-08,133.02000427246094,134.4199981689453,131.7899932861328,131.9499969482422,114.41558837890625,4140500
2019-05-09,130.22000122070312,131.67999267578125,128.17999267578125,131.1999969482422,113.76525115966797,5906200
2019-05-10,130.52999877929688,131.72999572753906,127.91999816894531,131.33999633789062,113.88664245605469,5240600
2019-05-13,127.51000213623047,127.5199966430664,124.08000183105469,125.30000305175781,108.6492919921875,8580700
2019-05-14,126.5,128.55999755859375,125.69999694824219,127.47000122070312,110.53093719482422,4019100
2019-05-15,125.91000366210938,127.95999908447266,124.9800033569336,127.30000305175781,110.3835220336914,2875900
2019-05-16,128.42999267578125,128.52999877929688,126.41999816894531,126.61000061035156,109.78520965576172,4316600
2019-05-17,124.37999725341797,125.52999877929688,122.31999969482422,122.76000213623047,106.44680786132812,6122600
2019-05-20,121.55999755859375,123.02999877929688,121.30999755859375,122.43000030517578,106.16068267822266,6312500
2019-05-21,123.33000183105469,125.06999969482422,122.72000122070312,124.94999694824219,108.34579467773438,5492900
2019-05-22,124.25,125.44000244140625,123.5199966430664,123.55999755859375,107.1405029296875,4620400
2019-05-23,122.0999984741211,123.76000213623047,121.41000366210938,122.26000213623047,106.0132827758789,4964900
2019-05-24,123.5199966430664,124.08000183105469,122.20999908447266,122.9000015258789,106.56822967529297,3802500
2019-05-28,122.9000015258789,123.45999908447266,121.51000213623047,121.58999633789062,105.43229675292969,4889400
2019-05-29,120.5,122.83000183105469,120.26000213623047,121.4800033569336,105.33692932128906,5330000
2019-05-30,121.61000061035156,122.68000030517578,121.27999877929688,121.83999633789062,105.64905548095703,2878300
2019-05-31,119.79000091552734,120.75,118.73999786376953,119.80999755859375,103.88885498046875,4711500
2019-06-03,119.91000366210938,121.69000244140625,119.76000213623047,120.6500015258789,104.61720275878906,4161800
2019-06-04,121.80999755859375,122.7699966430664,120.75,122.08000183105469,105.857177734375,4060400
2019-06-05,123.4000015258789,123.63999938964844,121.95999908447266,123.12000274658203,106.75897979736328,3598400
2019-06-06,123.0999984741211,123.94999694824219,122.2300033569336,123.38999938964844,106.99310302734375,3295700
2019-06-07,124.37999725341797,125.62999725341797,124.08000183105469,124.45999908447266,107.92090606689453,2547500
2019-06-10,125.47000122070312,127.27999877929688,125.23999786376953,125.73999786376953,109.03080749511719,3705000
2019-06-11,129.0,129.60000610351562,126.95999908447266,127.27999877929688,110.36615753173828,4516200
2019-06-12,126.75,127.5199966430664,126.08000183105469,127.0999984741211,110.21009826660156,3034600
2019-06-13,127.3499984741211,128.39999389648438,126.76000213623047,127.16999816894531,110.27078247070312,3495200
2019-06-14,126.61000061035156,127.6500015258789,125.5,127.2300033569336,110.32282257080078,2530100
2019-06-17,127.20999908447266,128.22999572753906,126.68000030517578,127.31999969482422,110.40084075927734,2607900
2019-06-18,128.39999389648438,131.35000610351562,128.2100067138672,130.3300018310547,113.0108642578125,4756100
2019-06-19,130.32000732421875,131.5399932861328,129.8699951171875,130.61000061035156,113.25367736816406,3847200
2019-06-20,132.89999389648438,133.8000030517578,131.50999450683594,133.6300048828125,115.87235260009766,3803600
2019-06-21,133.35000610351562,135.25,132.5500030517578,133.88999938964844,116.09778594970703,5742500
2019-06-24,133.63999938964844,134.9499969482422,133.5500030517578,134.3699951171875,116.51399993896484,3197700
2019-06-25,134.5800018310547,134.91000366210938,132.6300048828125,133.7100067138672,115.94171142578125,3751800
2019-06-26,134.25999450683594,135.64999389648438,134.17999267578125,135.14999389648438,117.19033813476562,3343700
2019-06-27,135.6999969482422,136.00999450683594,133.97000122070312,135.5,117.49383544921875,3594400
2019-06-28,136.0,137.27000427246094,136.0,136.2899932861328,118.17886352539062,10469400
2019-07-01,139.3000030517578,140.1699981689453,134.97000122070312,136.60000610351562,118.44767761230469,4834800
2019-07-02,136.60000610351562,136.99000549316406,135.07000732421875,135.85000610351562,117.79732513427734,3204900
2019-07-03,136.44000244140625,136.47999572753906,134.3300018310547,135.58999633789062,117.57186889648438,2538600
2019-07-05,134.42999267578125,135.58999633789062,133.22000122070312,135.49000549316406,117.48521423339844,3071800
2019-07-08,135.14999389648438,136.1300048828125,134.42999267578125,134.83999633789062,116.92156219482422,2742100
2019-07-09,134.11000061035156,134.44000244140625,133.35000610351562,134.2899932861328,116.44464111328125,2618700
2019-07-10,134.72999572753906,135.49000549316406,132.5500030517578,132.63999938964844,115.01390838623047,3933300
2019-07-11,133.1999969482422,134.00999450683594,132.58999633789062,133.9600067138672,116.15852355957031,3164200
2019-07-12,134.7100067138672,138.3800048828125,134.60000610351562,138.36000061035156,119.97380065917969,4149800
2019-07-15,138.3800048828125,139.99000549316406,138.25999450683594,139.63999938964844,121.08369445800781,4498700
2019-07-16,139.41000366210938,140.6199951171875,138.16000366210938,139.08999633789062,120.60676574707031,4051600
2019-07-17,138.1999969482422,138.50999450683594,135.72999572753906,135.72999572753906,117.69329071044922,3750200
2019-07-18,134.8699951171875,135.92999267578125,134.0399932861328,134.88999938964844,116.96492004394531,3548200
2019-07-19,134.22000122070312,137.0500030517578,134.22000122070312,136.22999572753906,119.03577423095703,4837100
2019-07-22,136.3699951171875,136.66000366210938,134.60000610351562,135.24000549316406,118.17070770263672,3267800
2019-07-23,135.92999267578125,138.22999572753906,135.52999877929688,138.10000610351562,120.66974639892578,4122200
2019-07-24,130.97999572753906,134.30999755859375,128.4499969482422,131.91000366210938,115.26103973388672,12664900
2019-07-25,131.0800018310547,134.89999389648438,131.00999450683594,134.7100067138672,117.70763397216797,4823200
2019-07-26,134.4499969482422,134.72999572753906,132.6300048828125,132.9199981689453,116.14352416992188,4238000
2019-07-29,133.49000549316406,134.64999389648438,132.85000610351562,134.4600067138672,117.48919677734375,2715600
2019-07-30,133.32000732421875,133.57000732421875,131.49000549316406,132.9499969482422,116.16976928710938,3257200
2019-07-31,132.89999389648438,134.3699951171875,131.00999450683594,131.6699981689453,115.05131530761719,4322000
2019-08-01,131.63999938964844,133.19000244140625,126.41999816894531,126.79000091552734,110.78724670410156,5530100
2019-08-02,126.55000305175781,126.80000305175781,123.5,124.54000091552734,108.82122802734375,5968600
2019-08-05,122.11000061035156,122.80999755859375,120.33000183105469,121.6500015258789,106.29601287841797,5482500
2019-08-06,122.77999877929688,123.6500015258789,120.63999938964844,122.08000183105469,106.6717300415039,3713900
2019-08-07,120.0,121.19999694824219,118.6500015258789,120.77999877929688,105.53581237792969,5048700
2019-08-08,121.0,122.0999984741211,120.37000274658203,122.0199966430664,106.61929321289062,3734800
2019-08-09,121.51000213623047,121.69999694824219,118.80999755859375,119.37999725341797,104.31248474121094,3805600
2019-08-12,118.94999694824219,119.02999877929688,116.06999969482422,116.72000122070312,101.98822021484375,4321500
2019-08-13,116.94000244140625,122.0,116.79000091552734,119.01000213623047,103.98918914794922,4331900
2019-08-14,116.58000183105469,116.9000015258789,115.04000091552734,115.20999908447266,100.66881561279297,5543100
2019-08-15,115.08000183105469,115.5999984741211,113.97000122070312,115.25,100.70376586914062,4171900
2019-08-16,116.25,117.87000274658203,115.91999816894531,116.43000030517578,101.73483276367188,3551900
2019-08-19,118.22000122070312,118.48999786376953,116.70999908447266,117.36000061035156,102.54743957519531,2630900
2019-08-20,117.58999633789062,117.79000091552734,116.47000122070312,116.66999816894531,101.94452667236328,2402000
2019-08-21,118.0,119.31999969482422,117.54000091552734,117.68000030517578,102.82706451416016,2783000
2019-08-22,118.33000183105469,118.94000244140625,117.22000122070312,117.88999938964844,103.01054382324219,2118200
2019-08-23,116.25,116.9000015258789,113.31999969482422,114.05999755859375,99.66397094726562,6102000
2019-08-26,115.05999755859375,115.66999816894531,113.83999633789062,114.41999816894531,99.978515625,5200400
2019-08-27,115.16000366210938,115.45999908447266,113.1500015258789,113.37999725341797,99.06977081298828,3160700
2019-08-28,112.86000061035156,114.94999694824219,111.75,114.86000061035156,100.36300659179688,3187900
2019-08-29,116.62000274658203,118.12999725341797,116.48999786376953,117.7699966430664,102.90569305419922,3442900
2019-08-30,119.0199966430664,119.58999633789062,118.44999694824219,119.0,103.98045349121094,2912000
2019-09-03,117.9000015258789,117.9000015258789,115.4000015258789,117.02999877929688,102.25909423828125,3780600
2019-09-04,118.41999816894531,119.23999786376953,118.26000213623047,119.0999984741211,104.06781768798828,3688400
2019-09-05,120.5,124.23999786376953,120.5,122.98999786376953,107.46685791015625,5355100
2019-09-06,123.70999908447266,124.33999633789062,122.45999908447266,122.69999694824219,107.21346282958984,3315700
2019-09-09,123.38999938964844,127.38999938964844,123.19999694824219,127.25,111.1891860961914,4433300
2019-09-10,127.26000213623047,130.2899932861328,127.22000122070312,130.2899932861328,113.8454818725586,8479700
2019-09-11,130.85000610351562,133.19000244140625,129.47000122070312,133.08999633789062,116.29210662841797,7592600
2019-09-12,132.0,132.69000244140625,130.07000732421875,131.75,115.1211929321289,5594600
2019-09-13,132.8000030517578,133.99000549316406,131.1300048828125,133.77999877929688,116.89501190185547,3704900
2019-09-16,132.99000549316406,133.8000030517578,131.99000549316406,133.14999389648438,116.34451293945312,2876500
2019-09-17,132.58999633789062,132.75999450683594,131.19000244140625,132.1699981689453,115.48822021484375,2888900
2019-09-18,131.6300048828125,132.22000122070312,129.72000122070312,131.07000732421875,114.52706909179688,3005700
2019-09-19,131.47000122070312,132.02999877929688,129.8699951171875,130.1199951171875,113.69694519042969,2725700
2019-09-20,130.00999450683594,130.99000549316406,127.87000274658203,128.16000366210938,111.98432922363281,6412300
2019-09-23,127.33999633789062,128.8800048828125,126.33999633789062,128.4199981689453,112.2115249633789,2723500
2019-09-24,128.74000549316406,129.0,125.56999969482422,125.98999786376953,110.08821868896484,3370700
2019-09-25,125.8499984741211,126.81999969482422,125.0199966430664,126.61000061035156,110.62995910644531,2354100
2019-09-26,126.79000091552734,126.91999816894531,125.6500015258789,126.38999938964844,110.43771362304688,2227400
2019-09-27,127.0,127.37999725341797,125.66000366210938,126.58999633789062,110.61248779296875,2214300
2019-09-30,126.33999633789062,127.0999984741211,125.87999725341797,126.30999755859375,110.36783599853516,2795300
2019-10-01,127.4000015258789,128.5,122.30000305175781,122.37000274658203,106.92510223388672,3718200
2019-10-02,121.1500015258789,121.8499984741211,119.33999633789062,119.95999908447266,104.81929016113281,4255800
2019-10-03,119.33999633789062,120.05999755859375,117.25,120.04000091552734,104.8891830444336,3110200
2019-10-04,119.72000122070312,121.1500015258789,119.3499984741211,121.04000091552734,105.76298522949219,2442300
2019-10-07,120.8499984741211,121.69999694824219,119.75,120.25,105.07268524169922,2334500
2019-10-08,118.79000091552734,119.19999694824219,117.69000244140625,117.97000122070312,103.08047485351562,3530000
2019-10-09,119.48999786376953,120.05999755859375,118.0,119.44000244140625,104.36491394042969,2557300
2019-10-10,120.04000091552734,123.02999877929688,119.76000213623047,122.69000244140625,107.20470428466797,3242900
2019-10-11,125.61000061035156,130.3800048828125,125.4000015258789,128.39999389648438,112.19403076171875,6747800
2019-10-14,126.80999755859375,128.55999755859375,126.01000213623047,128.3800048828125,112.17656707763672,2851500
2019-10-15,127.98999786376953,131.67999267578125,127.6500015258789,131.02999877929688,114.49208068847656,3289000
2019-10-16,131.0,132.80999755859375,130.11000061035156,130.19000244140625,113.75811004638672,3038300
2019-10-17,130.97000122070312,132.86000061035156,130.17999267578125,132.07000732421875,115.40081787109375,3418300
2019-10-18,130.14999389648438,132.02999877929688,129.99000549316406,130.7100067138672,115.1102294921875,4329200
2019-10-21,131.9499969482422,133.4499969482422,131.5,132.22999572753906,116.44882202148438,4225200
2019-10-22,132.58999633789062,134.25999450683594,130.94000244140625,133.69000244140625,117.7345962524414,4681600
2019-10-23,134.22999572753906,135.99000549316406,130.6999969482422,135.33999633789062,119.1876449584961,11295900
2019-10-24,135.08999633789062,135.2899932861328,132.3800048828125,133.85000610351562,117.87548065185547,3916200
2019-10-25,135.0,139.97999572753906,134.85000610351562,139.72999572753906,123.05368041992188,8319500
2019-10-28,139.97000122070312,141.6300048828125,138.8699951171875,140.05999755859375,123.34432220458984,6174000
2019-10-29,139.3800048828125,141.4499969482422,138.77000427246094,141.3300018310547,124.46272277832031,4427900
2019-10-30,141.0,141.0,139.61000061035156,140.33999633789062,123.59088134765625,3948100
2019-10-31,139.3699951171875,140.33999633789062,136.38999938964844,137.8000030517578,121.35406494140625,4037600
2019-11-01,139.3699951171875,144.61000061035156,139.22999572753906,144.49000549316406,127.2456283569336,6220200
2019-11-04,145.35000610351562,147.0,145.02000427246094,146.9199981689453,129.38558959960938,5437800
2019-11-05,146.86000061035156,148.0,145.6699981689453,146.3699951171875,128.90126037597656,4516700
2019-11-06,146.47000122070312,146.47000122070312,144.66000366210938,145.49000549316406,128.12628173828125,3736600
2019-11-07,147.38999938964844,148.41000366210938,146.75,147.00999450683594,129.46487426757812,3816700
2019-11-08,146.66000366210938,148.17999267578125,145.8000030517578,148.16000366210938,130.4775848388672,2776600
2019-11-11,146.74000549316406,148.14999389648438,146.61000061035156,148.0,130.33670043945312,2205100
2019-11-12,148.11000061035156,148.47000122070312,146.02000427246094,146.33999633789062,128.8748016357422,2843100
2019-11-13,144.36000061035156,145.86000061035156,143.69000244140625,144.49000549316406,127.2456283569336,3194400
2019-11-14,144.2100067138672,145.33999633789062,143.2100067138672,143.44000244140625,126.32093811035156,2581700
2019-11-15,144.55999755859375,145.8800048828125,144.50999450683594,145.30999755859375,127.96774291992188,2827400
2019-11-18,144.24000549316406,144.77999877929688,143.02000427246094,143.58999633789062,126.45299530029297,2638600
2019-11-19,144.35000610351562,144.75999450683594,142.75999450683594,143.17999267578125,126.09196472167969,2085100
2019-11-20,142.4499969482422,142.6999969482422,140.10000610351562,141.52000427246094,124.63008880615234,3484700
2019-11-21,141.5500030517578,143.94000244140625,140.9499969482422,143.36000061035156,126.2505111694336,3297700
2019-11-22,143.9199981689453,144.4600067138672,143.02999877929688,143.8800048828125,126.70840454101562,2258300
2019-11-25,144.75,146.57000732421875,143.8000030517578,146.4199981689453,128.9452667236328,3085200
2019-11-26,146.39999389648438,146.64999389648438,145.49000549316406,146.08999633789062,128.65464782714844,2468100
2019-11-27,145.02000427246094,145.72000122070312,143.6999969482422,145.69000244140625,128.3024139404297,2660200
2019-11-29,144.19000244140625,145.4600067138672,143.7899932861328,144.72999572753906,127.45695495605469,1652500
2019-12-02,145.1999969482422,146.0399932861328,142.83999633789062,142.9600067138672,125.89823150634766,2896200
2019-12-03,140.0500030517578,140.42999267578125,138.55999755859375,140.05999755859375,123.34432220458984,3839600
2019-12-04,140.97999572753906,142.27999877929688,140.0,140.1199951171875,123.39714813232422,2484600
2019-12-05,140.5800018310547,141.1199951171875,139.52999877929688,141.0500030517578,124.21617126464844,2277700
2019-12-06,142.91000366210938,143.4199981689453,142.1699981689453,142.72000122070312,125.68687438964844,2271400
2019-12-09,142.97000122070312,143.27999877929688,142.3699951171875,142.8300018310547,125.78373718261719,1585100
2019-12-10,142.69000244140625,143.58999633789062,141.75,142.8699951171875,125.81893157958984,1888900
2019-12-11,143.77000427246094,144.6199951171875,143.2899932861328,144.0,126.81411743164062,2265700
2019-12-12,143.5399932861328,147.39999389648438,143.0,146.77999877929688,129.26229858398438,3714100
2019-12-13,146.8000030517578,148.39999389648438,145.14999389648438,145.52999877929688,128.16151428222656,3311700
2019-12-16,147.7100067138672,148.3000030517578,145.22999572753906,145.36000061035156,128.01181030273438,2414800
2019-12-17,145.5,146.99000549316406,145.4600067138672,146.3699951171875,128.90126037597656,2850800
2019-12-18,146.5,147.3000030517578,145.60000610351562,147.1199951171875,129.56175231933594,2629500
2019-12-19,146.97999572753906,146.97999572753906,144.3000030517578,145.02000427246094,127.71238708496094,3576800
2019-12-20,147.3800048828125,147.77000427246094,145.24000549316406,147.57000732421875,129.95802307128906,6805400
2019-12-23,147.67999267578125,148.52999877929688,146.77999877929688,148.5,130.7770538330078,2346500
2019-12-24,148.6999969482422,148.8000030517578,147.2899932861328,147.47999572753906,129.8788299560547,966200
2019-12-26,147.89999389648438,148.22999572753906,146.99000549316406,148.22000122070312,130.53045654296875,1576900
2019-12-27,148.63999938964844,148.92999267578125,147.99000549316406,148.27999877929688,130.58331298828125,1544500
2019-12-30,148.4199981689453,148.47000122070312,147.00999450683594,147.52000427246094,129.91403198242188,1789200
2019-12-31,147.42999267578125,148.22999572753906,146.7899932861328,147.67999267578125,130.0548858642578,1952500
2020-01-02,149.0,150.5500030517578,147.97999572753906,150.52999877929688,132.56478881835938,3311900
2020-01-03,148.77000427246094,149.9600067138672,147.4499969482422,148.44000244140625,130.72421264648438,3100600
2020-01-06,147.27000427246094,148.55999755859375,146.5399932861328,148.33999633789062,130.6361541748047,2549600
2020-01-07,147.35000610351562,147.57000732421875,145.50999450683594,146.3800048828125,128.91009521484375,2841900
2020-01-08,146.8300018310547,148.57000732421875,146.4600067138672,147.67999267578125,130.0548858642578,2153200
2020-01-09,147.80999755859375,147.97000122070312,146.50999450683594,147.30999755859375,129.72903442382812,2272500
2020-01-10,147.4499969482422,147.72000122070312,145.8300018310547,146.1300048828125,128.6898956298828,2393700
2020-01-13,146.52999877929688,146.8300018310547,145.5500030517578,146.82000732421875,129.29757690429688,3355200
2020-01-14,147.4499969482422,147.97999572753906,146.30999755859375,146.67999267578125,129.17420959472656,2742200
2020-01-15,146.22000122070312,146.74000549316406,145.1999969482422,145.57000732421875,128.1967010498047,2640500
2020-01-16,146.42999267578125,147.92999267578125,146.24000549316406,147.8699951171875,130.22222900390625,3070900
2020-01-17,147.2100067138672,148.27000427246094,146.60000610351562,147.77999877929688,131.05584716796875,3331500
2020-01-21,147.1999969482422,147.8699951171875,145.69000244140625,145.85000610351562,129.3443145751953,2476700
2020-01-22,146.25,146.55999755859375,142.52000427246094,142.6300048828125,126.4886474609375,3602400
2020-01-23,141.80999755859375,143.2100067138672,139.8000030517578,142.75,126.59508514404297,3182700
2020-01-24,142.5500030517578,142.6999969482422,139.25999450683594,140.3800048828125,124.49327850341797,2526200
2020-01-27,136.89999389648438,137.80999755859375,135.57000732421875,135.72999572753906,120.36952209472656,2920500
2020-01-28,137.02000427246094,137.60000610351562,135.6199951171875,136.74000549316406,121.26522827148438,2763800
2020-01-29,137.58999633789062,137.75999450683594,135.6699981689453,135.77999877929688,120.41387176513672,2620000
2020-01-30,134.75999450683594,135.97000122070312,132.91000366210938,135.3699951171875,120.05030059814453,3862600
2020-01-31,133.82000732421875,134.99000549316406,130.5399932861328,131.35000610351562,116.48522186279297,6785700
2020-02-03,131.44000244140625,133.16000366210938,129.3000030517578,129.77000427246094,115.08403778076172,4385300
2020-02-04,133.0,134.77999877929688,132.67999267578125,133.50999450683594,118.4007797241211,3501600
2020-02-05,135.5500030517578,137.47000122070312,135.44000244140625,137.44000244140625,121.88601684570312,4448100
2020-02-06,138.1999969482422,138.3300018310547,136.1300048828125,137.25,121.7175064086914,2283800
2020-02-07,136.0399932861328,136.49000549316406,133.0,133.3699951171875,118.27662658691406,3812300
2020-02-10,133.0399932861328,134.3300018310547,132.77999877929688,134.32000732421875,119.11911010742188,2331600
2020-02-11,135.49000549316406,137.22999572753906,135.05999755859375,136.19000244140625,120.77745819091797,2381900
2020-02-12,138.39999389648438,139.94000244140625,138.08999633789062,139.58999633789062,123.79273223876953,3222000
2020-02-13,140.0,140.5,138.42999267578125,139.72000122070312,123.90798950195312,3318800
2020-02-14,139.49000549316406,139.6199951171875,136.88999938964844,137.99000549316406,122.37376403808594,2813400
2020-02-18,137.4600067138672,138.57000732421875,135.0800018310547,136.5800018310547,121.12332153320312,3869700
2020-02-19,136.7899932861328,137.2100067138672,136.05999755859375,136.86000061035156,121.37165832519531,2134900
2020-02-20,136.25999450683594,138.88999938964844,136.1999969482422,136.92999267578125,121.43374633789062,2678200
2020-02-21,136.5,137.44000244140625,135.11000061035156,137.2100067138672,121.68206787109375,2855600
2020-02-24,132.52999877929688,133.86000061035156,132.0500030517578,132.1699981689453,117.21243286132812,4964800
2020-02-25,132.97000122070312,133.13999938964844,128.25,129.0,114.40117645263672,4840200
2020-02-26,129.64999389648438,130.99000549316406,127.55000305175781,128.25,113.73603820800781,3902500
2020-02-27,125.5999984741211,128.52999877929688,123.22000122070312,123.2699966430664,109.31962585449219,7369000
2020-02-28,119.56999969482422,124.23999786376953,119.02999877929688,124.23999786376953,110.17986297607422,8300700
2020-03-02,125.05000305175781,127.87999725341797,123.01000213623047,127.5999984741211,113.15960693359375,6100200
2020-03-03,127.0,129.55999755859375,123.77999877929688,124.37999725341797,110.30400848388672,6358100
2020-03-04,126.06999969482422,127.44000244140625,124.30999755859375,127.4000015258789,112.98224639892578,5074700
2020-03-05,123.1500015258789,124.8499984741211,121.23999786376953,121.97000122070312,108.166748046875,6015300
2020-03-06,119.0,121.8499984741211,118.83000183105469,121.41000366210938,107.67012786865234,5767900
2020-03-09,112.98999786376953,112.98999786376953,104.02999877929688,104.06999969482422,92.29248046875,8636200
2020-03-10,108.63999938964844,109.05999755859375,99.11000061035156,106.48999786376953,94.43861389160156,8293200
2020-03-11,103.80000305175781,104.75,100.06999969482422,100.69000244140625,89.29497528076172,6543600
2020-03-12,93.5,94.27999877929688,87.5,92.26000213623047,81.8189926147461,10285900
2020-03-13,98.38999938964844,99.91000366210938,90.13999938964844,99.63999938964844,88.36381530761719,8718600
2020-03-16,89.0,105.8499984741211,88.5,93.41000366210938,82.83887481689453,9899000
2020-03-17,96.01000213623047,100.44000244140625,92.97000122070312,100.19999694824219,88.86045837402344,7206100
2020-03-18,93.98999786376953,102.94999694824219,93.11000061035156,100.12000274658203,88.78951263427734,6995100
2020-03-19,99.2300033569336,104.4000015258789,97.25,103.01000213623047,91.35243225097656,6870800
2020-03-20,103.12000274658203,103.98999786376953,94.16000366210938,95.5,84.69234466552734,7650300
2020-03-23,93.9000015258789,96.23999786376953,90.63999938964844,91.8499984741211,81.45541381835938,6737500
2020-03-24,96.05999755859375,102.02999877929688,95.16999816894531,101.33999633789062,89.87142944335938,7417100
2020-03-25,101.16999816894531,108.5,98.5,104.66999816894531,92.82457733154297,6578100
2020-03-26,104.8499984741211,110.97000122070312,102.88999938964844,110.5,97.99479675292969,6059600
2020-03-27,104.43000030517578,109.63999938964844,103.4000015258789,105.44000244140625,93.50743103027344,5746500
2020-03-30,106.33000183105469,112.83999633789062,104.93000030517578,111.70999908447266,99.06787109375,5725600
2020-03-31,110.7300033569336,116.91000366210938,110.26000213623047,116.04000091552734,102.90785217285156,8970800
2020-04-01,112.08999633789062,116.75,109.5,111.3499984741211,98.74859619140625,6847000
2020-04-02,111.2300033569336,118.5199966430664,111.12999725341797,116.73999786376953,103.52862548828125,8106500
2020-04-03,115.5,116.83999633789062,112.12000274658203,114.66999816894531,101.69288635253906,5036400
2020-04-06,120.04000091552734,121.7300033569336,118.12999725341797,120.43000030517578,106.80103302001953,5785600
2020-04-07,122.88999938964844,128.8000030517578,120.51000213623047,121.91999816894531,108.12240600585938,8489900
2020-04-08,122.98999786376953,128.17999267578125,121.04000091552734,127.4000015258789,112.98224639892578,4686100
2020-04-09,128.64999389648438,129.60000610351562,123.1500015258789,125.02999877929688,110.88045501708984,4752100
2020-04-13,119.94999694824219,120.05000305175781,113.58000183105469,114.13999938964844,101.22286224365234,10519600
2020-04-14,116.5,117.83999633789062,114.51000213623047,116.4800033569336,103.29804992675781,7166300
2020-04-15,112.95999908447266,113.0999984741211,109.80000305175781,111.52999877929688,98.9082260131836,5652800
2020-04-16,111.8499984741211,113.47000122070312,108.86000061035156,113.22000122070312,100.40699768066406,5926400
2020-04-17,114.44999694824219,116.54000091552734,113.8499984741211,116.30000305175781,104.0853042602539,4132300
2020-04-20,114.44000244140625,117.06999969482422,112.12000274658203,114.5999984741211,102.56388092041016,4083800
2020-04-21,111.04000091552734,111.04000091552734,108.5999984741211,109.8499984741211,98.312744140625,5743300
2020-04-22,112.02999877929688,112.0999984741211,109.20999908447266,110.63999938964844,99.01979064941406,3794000
2020-04-23,111.33000183105469,115.2300033569336,110.94999694824219,112.91000366210938,101.0513687133789,3545400
2020-04-24,113.98999786376953,114.37999725341797,111.20999908447266,114.04000091552734,102.06269836425781,3045300
2020-04-27,110.8499984741211,116.12999725341797,109.7300033569336,115.19999694824219,103.10084533691406,5344800
2020-04-28,117.86000061035156,118.0,113.37000274658203,115.45999908447266,103.33354949951172,5604600
2020-04-29,116.95999908447266,120.81999969482422,116.52999877929688,120.05999755859375,107.45039367675781,4261100
2020-04-30,118.0,118.25,115.33000183105469,116.37999725341797,104.15690612792969,4040500
2020-05-01,114.0,114.58999633789062,110.56999969482422,110.87999725341797,99.23454284667969,3960400
2020-05-04,110.0199966430664,110.27999877929688,106.58000183105469,107.72000122070312,96.40644836425781,4500700
2020-05-05,109.23999786376953,111.08999633789062,108.73999786376953,108.91000366210938,97.47147369384766,3477400
2020-05-06,110.02999877929688,110.23999786376953,106.69999694824219,107.66999816894531,96.36170959472656,4465300
2020-05-07,109.0199966430664,110.05000305175781,106.77999877929688,107.29000091552734,96.02161407470703,4377900
2020-05-08,108.97000122070312,112.19999694824219,108.30000305175781,112.11000061035156,100.33540344238281,3911300
2020-05-11,110.16000366210938,110.7699966430664,108.18000030517578,108.61000061035156,97.20295715332031,4207300
2020-05-12,109.11000061035156,109.33000183105469,105.0,105.0,93.97212219238281,3874100
2020-05-13,105.13999938964844,105.29000091552734,102.55000305175781,104.4800033569336,93.50674438476562,5376100
2020-05-14,102.5,106.27999877929688,100.22000122070312,106.19000244140625,95.03714752197266,5542400
2020-05-15,105.18000030517578,107.98999786376953,104.27999877929688,107.91999816894531,96.58544921875,6583100
2020-05-18,112.22000122070312,115.66000366210938,112.01000213623047,115.0199966430664,102.93976593017578,5603500
2020-05-19,114.94999694824219,115.44000244140625,112.01000213623047,112.08000183105469,100.30853271484375,3404900
2020-05-20,113.30999755859375,117.4800033569336,113.05000305175781,115.69000244140625,103.53939056396484,3735700
2020-05-21,114.94999694824219,115.68000030517578,113.81999969482422,114.05999755859375,102.08058166503906,2342300
2020-05-22,114.12999725341797,114.16000366210938,111.47000122070312,112.47000122070312,100.65756225585938,2735100
2020-05-26,115.9800033569336,118.55999755859375,115.9800033569336,117.41000366210938,105.07874298095703,4185100
2020-05-27,119.72000122070312,122.48999786376953,119.52999877929688,122.41999816894531,109.56253814697266,4462700
2020-05-28,124.75,124.83000183105469,120.27999877929688,120.73999786376953,108.05897521972656,3743700
2020-05-29,119.62999725341797,120.70999908447266,117.56999969482422,120.12999725341797,107.5130615234375,4219000
2020-06-01,119.86000061035156,121.19999694824219,117.61000061035156,120.5,107.84419250488281,2131300
2020-06-02,121.83999633789062,123.81999969482422,121.27999877929688,123.31999969482422,110.36803436279297,2977500
2020-06-03,125.44999694824219,127.3499984741211,125.01000213623047,127.08999633789062,113.7420654296875,3712600
2020-06-04,125.41000366210938,129.02999877929688,124.73999786376953,128.9600067138672,115.4156723022461,3076700
2020-06-05,137.85000610351562,139.3699951171875,133.38999938964844,135.1199951171875,120.92870330810547,5591900
2020-06-08,135.32000732421875,139.94000244140625,135.32000732421875,137.72000122070312,123.25563049316406,4139200
2020-06-09,135.02000427246094,135.41000366210938,133.2100067138672,134.19000244140625,120.09636688232422,3819600
2020-06-10,133.72000122070312,135.3800048828125,130.55999755859375,132.44000244140625,118.53015899658203,4018700
2020-06-11,126.41000366210938,126.83999633789062,121.5199966430664,121.55000305175781,108.783935546875,5969300
2020-06-12,124.4000015258789,125.16999816894531,119.3499984741211,123.1500015258789,110.21588134765625,4492700
2020-06-15,118.51000213623047,124.37999725341797,118.01000213623047,123.61000061035156,110.62757110595703,4093100
2020-06-16,131.3699951171875,132.44000244140625,126.38999938964844,130.11000061035156,116.44488525390625,6892400
2020-06-17,130.16000366210938,130.47000122070312,127.76000213623047,128.22999572753906,114.76233673095703,3228100
2020-06-18,127.13999938964844,128.97999572753906,126.69999694824219,127.58999633789062,114.1895523071289,2467700
2020-06-19,130.0,130.0,125.7300033569336,127.45999908447266,114.0732192993164,6488000
2020-06-22,126.36000061035156,126.4800033569336,124.5999984741211,125.79000091552734,112.57861328125,2806300
2020-06-23,127.38999938964844,127.56999969482422,125.83000183105469,126.25,112.99029541015625,2357100
2020-06-24,124.79000091552734,124.83999633789062,121.83000183105469,122.05999755859375,109.24034118652344,3766500
2020-06-25,121.61000061035156,124.83000183105469,120.80000305175781,124.70999908447266,111.61204528808594,2903400
2020-06-26,124.33000183105469,124.44000244140625,121.44999694824219,122.38999938964844,109.53568267822266,3645800
2020-06-29,123.72000122070312,126.04000091552734,123.27999877929688,125.25,112.09532165527344,2798700
2020-06-30,124.01000213623047,127.05999755859375,124.01000213623047,126.5,113.21404266357422,2778800
2020-07-01,129.3800048828125,129.39999389648438,125.87999725341797,126.05999755859375,112.82025909423828,2807800
2020-07-02,128.25,130.33999633789062,127.19000244140625,127.72000122070312,114.30591583251953,2527500
2020-07-06,130.1300048828125,130.5,128.1699981689453,129.42999267578125,115.83629608154297,2491900
2020-07-07,127.73999786376953,128.75,126.80000305175781,127.19999694824219,113.84050750732422,2018100
2020-07-08,129.3300018310547,129.3300018310547,126.47000122070312,128.1300048828125,114.67283630371094,2279500
2020-07-09,127.54000091552734,128.35000610351562,125.12000274658203,125.7300033569336,112.52490997314453,2663500
2020-07-10,125.97000122070312,128.22999572753906,125.81999969482422,128.00999450683594,114.56543731689453,2691400
2020-07-13,129.4199981689453,132.08999633789062,128.85000610351562,130.57000732421875,116.8565902709961,3708400
2020-07-14,130.32000732421875,137.30999755859375,129.22999572753906,136.8800048828125,122.50389099121094,6540800
2020-07-15,140.1699981689453,140.1699981689453,137.11000061035156,138.36000061035156,123.82843017578125,4915200
2020-07-16,138.3000030517578,140.99000549316406,137.60000610351562,138.55999755859375,124.00739288330078,3621500
2020-07-17,137.8699951171875,138.42999267578125,136.52999877929688,136.89999389648438,123.43934631347656,2458200
2020-07-20,135.75999450683594,136.9499969482422,134.25999450683594,134.6300048828125,121.39253997802734,2478000
2020-07-21,134.77000427246094,137.17999267578125,134.42999267578125,135.8699951171875,122.5106430053711,3221100
2020-07-22,135.25,137.8699951171875,135.19000244140625,136.97999572753906,123.51151275634766,2156800
2020-07-23,136.89999389648438,137.52000427246094,135.7100067138672,136.60000610351562,123.16886901855469,1613700
2020-07-24,137.1999969482422,138.69000244140625,136.85000610351562,137.5800018310547,124.05247497558594,2036300
2020-07-27,137.14999389648438,140.33999633789062,137.05999755859375,139.88999938964844,126.13536834716797,2506900
2020-07-28,138.94000244140625,139.99000549316406,137.9199981689453,138.02999877929688,124.45828247070312,2029900
2020-07-29,138.5800018310547,141.0800018310547,137.8000030517578,140.52999877929688,126.71244812011719,2338300
2020-07-30,139.0800018310547,139.10000610351562,135.97000122070312,136.72999572753906,123.28604888916016,3063500
2020-07-31,132.42999267578125,135.14999389648438,130.2100067138672,132.8800048828125,119.8145980834961,6780900
2020-08-03,132.3000030517578,133.0,131.10000610351562,131.77999877929688,118.82275390625,2851100
2020-08-04,131.3699951171875,132.44000244140625,130.6699981689453,131.52000427246094,118.58834075927734,2301800
2020-08-05,132.77999877929688,135.94000244140625,132.61000061035156,134.97000122070312,121.69915008544922,2767800
2020-08-06,134.52000427246094,135.2100067138672,133.6999969482422,134.38999938964844,121.17615509033203,2446400
2020-08-07,134.0,135.11000061035156,132.52000427246094,134.9199981689453,121.65402221679688,2223700
2020-08-10,135.72999572753906,142.16000366210938,135.67999267578125,142.02000427246094,128.0559539794922,5181600
2020-08-11,144.02000427246094,146.1999969482422,142.2899932861328,142.52999877929688,128.5157928466797,4206000
2020-08-12,143.9499969482422,144.1699981689453,141.3300018310547,142.57000732421875,128.55189514160156,2541200
2020-08-13,141.60000610351562,142.74000549316406,139.77000427246094,140.6699981689453,126.83863830566406,2939900
2020-08-14,139.4499969482422,140.88999938964844,138.77000427246094,139.9600067138672,126.19847106933594,2038500
2020-08-17,140.14999389648438,140.60000610351562,138.3000030517578,138.72000122070312,125.08040618896484,2284000
2020-08-18,138.9499969482422,140.11000061035156,138.0800018310547,138.3699951171875,124.76480865478516,1563200
2020-08-19,138.5,139.9199981689453,137.4600067138672,138.02000427246094,124.44922637939453,1849500
2020-08-20,136.02000427246094,137.97999572753906,135.64999389648438,137.47999572753906,123.96234130859375,2279700
2020-08-21,136.8000030517578,139.0,136.8000030517578,138.42999267578125,124.81888580322266,2524600
2020-08-24,139.75999450683594,142.25,139.0800018310547,141.67999267578125,127.74934387207031,2921700
2020-08-25,142.6699981689453,144.92999267578125,140.5399932861328,141.14999389648438,127.27149200439453,2467500
2020-08-26,140.47999572753906,142.44000244140625,139.80999755859375,141.8300018310547,127.88460540771484,2379900
2020-08-27,142.1300048828125,144.33999633789062,141.27999877929688,143.3699951171875,129.27316284179688,3010300
2020-08-28,144.27999877929688,145.85000610351562,142.69000244140625,143.6300048828125,129.50765991210938,3698700
2020-08-31,143.5,143.60000610351562,142.27000427246094,142.30999755859375,128.3173828125,2886500
2020-09-01,141.6699981689453,146.1199951171875,140.91000366210938,146.0500030517578,131.68966674804688,2673900
2020-09-02,146.8699951171875,149.5500030517578,146.39999389648438,149.27000427246094,134.59307861328125,4515500
2020-09-03,148.58999633789062,151.1999969482422,145.3000030517578,146.75999450683594,132.32984924316406,4479100
2020-09-04,148.6999969482422,150.77999877929688,146.0399932861328,148.17999267578125,133.6102294921875,5129400
2020-09-08,147.0,150.75999450683594,145.72000122070312,148.52000427246094,133.9168243408203,4775200
2020-09-09,149.8000030517578,155.47999572753906,149.2100067138672,152.69000244140625,137.6768035888672,5345100
2020-09-10,152.00999450683594,153.25,148.75,149.86000061035156,135.12503051757812,4387000
2020-09-11,150.47999572753906,154.39999389648438,150.24000549316406,153.8300018310547,138.70469665527344,3237100
2020-09-14,154.0,154.8000030517578,152.2100067138672,153.50999450683594,138.41619873046875,2569300
2020-09-15,154.1999969482422,154.47000122070312,148.36000061035156,148.60000610351562,133.9889678955078,4092400
2020-09-16,150.0,151.97999572753906,148.3699951171875,151.11000061035156,136.2521514892578,3302000
2020-09-17,149.85000610351562,156.25,149.14999389648438,153.8699951171875,138.7407684326172,4487000
2020-09-18,153.67999267578125,156.2100067138672,152.05999755859375,152.38999938964844,137.4062957763672,5113500
2020-09-21,148.55999755859375,149.5,143.8699951171875,145.3300018310547,131.0404815673828,4278200
2020-09-22,145.00999450683594,147.5,144.5,147.14999389648438,132.68150329589844,2579500
2020-09-23,147.47999572753906,148.91000366210938,143.60000610351562,144.3800048828125,130.18386840820312,2420100
2020-09-24,144.02000427246094,147.44000244140625,142.72999572753906,145.13999938964844,130.86912536621094,2138800
2020-09-25,143.88999938964844,146.6999969482422,143.00999450683594,145.91000366210938,131.5634765625,1848900
2020-09-28,148.0,150.30999755859375,147.41000366210938,147.67999267578125,133.15939331054688,2212700
2020-09-29,148.3699951171875,148.97000122070312,146.2100067138672,147.41000366210938,132.91595458984375,1605600
2020-09-30,148.0,150.9499969482422,147.74000549316406,149.14999389648438,134.48489379882812,3642800
2020-10-01,149.9199981689453,150.30999755859375,145.64999389648438,146.7100067138672,132.2847900390625,2157400
2020-10-02,144.27000427246094,151.25,143.75,149.94000244140625,135.1971893310547,3220500
2020-10-05,152.1699981689453,154.4499969482422,151.6199951171875,153.49000549316406,138.39813232421875,2597700
2020-10-06,154.0,155.4499969482422,151.27999877929688,151.52999877929688,136.63087463378906,2559800
2020-10-07,153.27999877929688,156.05999755859375,153.1999969482422,154.77000427246094,139.55227661132812,2334200
2020-10-08,155.75,156.72999572753906,154.24000549316406,156.66000366210938,141.2564239501953,1842900
2020-10-09,157.8699951171875,159.38999938964844,157.39999389648438,158.94000244140625,143.31228637695312,4084200
2020-10-12,159.97000122070312,163.1999969482422,159.52000427246094,162.61000061035156,146.62139892578125,4279800
2020-10-13,161.72000122070312,163.17999267578125,161.1199951171875,162.1199951171875,146.1796112060547,3319000
2020-10-14,162.66000366210938,164.82000732421875,162.5,163.61000061035156,147.5231475830078,4087100
2020-10-15,160.27000427246094,165.77999877929688,160.14999389648438,165.0399932861328,148.8124542236328,2958500
2020-10-16,167.25,170.50999450683594,166.6199951171875,168.75,152.15771484375,5569000
2020-10-19,168.74000549316406,170.02000427246094,166.8000030517578,167.52999877929688,151.05767822265625,2757700
2020-10-20,168.1999969482422,171.25999450683594,167.91000366210938,168.99000549316406,152.37413024902344,3007100
2020-10-21,169.80999755859375,170.52000427246094,166.74000549316406,167.39999389648438,150.9404296875,2502000
2020-10-22,167.97999572753906,169.85000610351562,166.88999938964844,169.66000366210938,152.978271484375,2356800
2020-10-23,169.3699951171875,170.64999389648438,167.55999755859375,168.58999633789062,152.9419708251953,2857300
2020-10-26,166.63999938964844,166.63999938964844,160.8300018310547,163.1999969482422,148.05223083496094,4506600
2020-10-27,160.9600067138672,161.85000610351562,157.00999450683594,157.91000366210938,143.25323486328125,4857900
2020-10-28,153.8000030517578,155.42999267578125,150.52000427246094,151.16000366210938,137.12974548339844,5645100
2020-10-29,150.60000610351562,155.50999450683594,149.6300048828125,154.6699981689453,140.31394958496094,3867200
2020-10-30,153.9600067138672,157.2899932861328,153.0399932861328,157.0500030517578,142.47308349609375,4373500
2020-11-02,159.1999969482422,163.85000610351562,157.64999389648438,163.27000427246094,148.11572265625,4072400
2020-11-03,165.0,169.0,163.07000732421875,167.69000244140625,152.12545776367188,4843600
2020-11-04,159.17999267578125,162.3800048828125,155.22999572753906,155.22999572753906,140.82196044921875,9081700
2020-11-05,157.6699981689453,164.9600067138672,157.60000610351562,163.08999633789062,147.9524383544922,4821600
2020-11-06,163.94000244140625,165.5399932861328,160.75999450683594,161.2899932861328,146.31948852539062,2983000
2020-11-09,174.02999877929688,176.3699951171875,170.1199951171875,170.82000732421875,154.96495056152344,5969600
2020-11-10,171.89999389648438,174.99000549316406,170.77000427246094,172.3000030517578,156.30758666992188,3499100
2020-11-11,172.3800048828125,172.74000549316406,167.47000122070312,169.4600067138672,153.731201171875,2345500
2020-11-12,168.8300018310547,171.10000610351562,167.64999389648438,169.1300048828125,153.4318389892578,2185500
2020-11-13,170.3000030517578,172.22000122070312,169.19000244140625,171.7100067138672,155.77230834960938,2120200
2020-11-16,175.0,175.0,171.8300018310547,173.19000244140625,157.11495971679688,3902400
2020-11-17,172.1699981689453,172.47999572753906,170.19000244140625,171.91000366210938,155.95379638671875,2110800
2020-11-18,172.0399932861328,175.3800048828125,172.0399932861328,172.74000549316406,156.70677185058594,3165100
2020-11-19,172.5,173.25,170.7100067138672,172.89999389648438,156.85189819335938,2012100
2020-11-20,172.4499969482422,173.1199951171875,171.30999755859375,172.22999572753906,156.24407958984375,2449800
2020-11-23,173.75999450683594,175.5,173.24000549316406,174.77999877929688,158.55738830566406,2403500
2020-11-24,176.25,178.32000732421875,175.27000427246094,176.89999389648438,160.48065185546875,3447000
2020-11-25,176.4600067138672,176.47999572753906,172.77999877929688,174.6300048828125,158.42135620117188,2506400
2020-11-27,174.41000366210938,175.9199981689453,173.8800048828125,175.0800018310547,158.8295440673828,976900
2020-11-30,173.61000061035156,174.8800048828125,172.42999267578125,173.58999633789062,157.4778289794922,2382600
2020-12-01,175.38999938964844,176.57000732421875,172.94000244140625,173.25999450683594,157.178466796875,2710200
2020-12-02,173.25999450683594,174.4199981689453,172.27999877929688,173.8699951171875,157.73190307617188,1971000
2020-12-03,173.8699951171875,175.0800018310547,173.27999877929688,174.6300048828125,158.42135620117188,2903900
2020-12-04,175.9199981689453,183.80999755859375,175.6199951171875,182.2100067138672,165.29779052734375,6086200
2020-12-07,180.38999938964844,180.38999938964844,176.55999755859375,178.7100067138672,162.12261962890625,4587400
2020-12-08,177.66000366210938,180.74000549316406,177.5,178.83999633789062,162.24058532714844,2001600
2020-12-09,179.6199951171875,180.47999572753906,177.0,180.07000732421875,163.35643005371094,2915500
2020-12-10,179.24000549316406,179.52999877929688,177.13999938964844,178.85000610351562,162.24966430664062,3109400
2020-12-11,176.99000549316406,179.77999877929688,176.22999572753906,179.2899932861328,162.64878845214844,2673400
2020-12-14,180.60000610351562,183.3300018310547,177.77999877929688,178.0500030517578,161.52391052246094,2533600
2020-12-15,179.92999267578125,182.75999450683594,179.02000427246094,181.74000549316406,164.8714141845703,2360300
2020-12-16,180.85000610351562,181.27000427246094,178.36000061035156,179.5,162.83932495117188,2031800
2020-12-17,180.6699981689453,180.72999572753906,178.5800018310547,179.1699981689453,162.53993225097656,2296500
2020-12-18,180.07000732421875,181.3000030517578,177.47000122070312,180.9600067138672,164.16383361816406,5262700
2020-12-21,176.94000244140625,180.88999938964844,176.32000732421875,180.16000366210938,163.4380340576172,2071000
2020-12-22,179.2899932861328,180.16000366210938,176.47999572753906,176.5800018310547,160.1903533935547,2493300
2020-12-23,177.4499969482422,179.2899932861328,177.00999450683594,178.4199981689453,161.85958862304688,1862500
2020-12-24,179.4499969482422,179.85000610351562,178.35000610351562,179.55999755859375,162.89373779296875,585700
2020-12-28,180.47999572753906,181.1199951171875,178.30999755859375,178.3699951171875,161.81419372558594,1508800
2020-12-29,179.1699981689453,179.3800048828125,175.11000061035156,176.64999389648438,160.2538299560547,1490300
2020-12-30,179.77000427246094,182.22999572753906,178.69000244140625,180.0399932861328,163.32920837402344,2720600
2020-12-31,180.25,182.10000610351562,178.75,182.02000427246094,165.12542724609375,1717800
2021-01-04,183.0,185.97999572753906,180.25,182.14999389648438,165.2433319091797,4078300
2021-01-05,181.2100067138672,185.8000030517578,181.2100067138672,183.63999938964844,166.59507751464844,2933700
2021-01-06,187.14999389648438,197.27999877929688,186.14999389648438,193.86000061035156,175.86648559570312,8034700
2021-01-07,196.85000610351562,197.3699951171875,192.1999969482422,194.22999572753906,176.20208740234375,5297500
2021-01-08,193.85000610351562,195.25999450683594,191.32000732421875,194.25999450683594,176.22933959960938,3186600
2021-01-11,191.55999755859375,195.4600067138672,190.30999755859375,193.86000061035156,175.86648559570312,2540800
2021-01-12,194.67999267578125,198.0,193.30999755859375,197.5399932861328,179.2049102783203,2466100
2021-01-13,198.7899932861328,200.1699981689453,195.8000030517578,195.88999938964844,177.7080535888672,3154700
2021-01-14,196.10000610351562,197.91000366210938,195.36000061035156,197.39999389648438,179.0779266357422,2486600
2021-01-15,195.66000366210938,195.7100067138672,190.8800048828125,194.6199951171875,176.555908203125,3317100
2021-01-19,194.2899932861328,196.11000061035156,193.44000244140625,194.05999755859375,176.9845733642578,2361200
2021-01-20,192.66000366210938,193.89999389648438,190.4199981689453,192.33999633789062,175.4158935546875,2501100
2021-01-21,192.35000610351562,193.72000122070312,190.0500030517578,192.19000244140625,175.27911376953125,1951200
2021-01-22,190.85000610351562,192.82000732421875,189.30999755859375,191.94000244140625,175.05108642578125,2027000
2021-01-25,190.55999755859375,191.3699951171875,186.97000122070312,187.33999633789062,170.8558807373047,3837100
2021-01-26,187.60000610351562,189.41000366210938,186.8300018310547,187.2100067138672,170.73728942871094,2506000
2021-01-27,184.1999969482422,185.5500030517578,179.33999633789062,180.6300048828125,164.736328125,4095300
2021-01-28,182.25999450683594,187.61000061035156,181.30999755859375,184.33999633789062,168.1198272705078,3445400
2021-01-29,183.5,188.82000732421875,180.72999572753906,182.83999633789062,166.75181579589844,4541400
2021-02-01,185.9600067138672,186.8000030517578,182.02000427246094,184.72000122070312,168.46640014648438,2738200
2021-02-02,186.5,192.77999877929688,185.63999938964844,192.5,175.56182861328125,5265400
2021-02-03,190.91000366210938,191.52999877929688,189.05999755859375,191.4499969482422,174.60421752929688,2979000
2021-02-04,192.0,192.61000061035156,190.1999969482422,191.64999389648438,174.78663635253906,2253800
2021-02-05,192.52000427246094,194.3300018310547,190.00999450683594,193.0,176.01783752441406,2240000
2021-02-08,195.0,197.5399932861328,194.6699981689453,197.4499969482422,180.07627868652344,2725700
2021-02-09,197.5399932861328,198.66000366210938,194.88999938964844,197.27999877929688,179.92123413085938,2331600
2021-02-10,198.5,199.7100067138672,196.25999450683594,197.72000122070312,180.32254028320312,2816400
2021-02-11,197.58999633789062,198.4199981689453,194.38999938964844,198.35000610351562,180.89710998535156,2178200
2021-02-12,197.97999572753906,198.75999450683594,196.75999450683594,197.99000549316406,180.56875610351562,1804200
2021-02-16,199.75,205.17999267578125,199.24000549316406,202.3800048828125,184.57247924804688,3722700
2021-02-17,202.38999938964844,202.89999389648438,199.7899932861328,202.3000030517578,184.4995574951172,2290400
2021-02-18,201.5500030517578,202.8800048828125,198.5800018310547,199.9199981689453,182.32891845703125,2345800
2021-02-19,203.25,211.4600067138672,202.6999969482422,209.91000366210938,191.4398956298828,4937300
2021-02-22,209.6300048828125,218.8699951171875,209.33999633789062,218.05999755859375,198.87278747558594,4578300
2021-02-23,219.52999877929688,220.74000549316406,213.27999877929688,220.17999267578125,200.80621337890625,4125100
2021-02-24,220.41000366210938,226.6699981689453,219.8800048828125,222.47000122070312,202.8947296142578,4925000
2021-02-25,223.6199951171875,224.39999389648438,219.72000122070312,221.82000732421875,202.3019561767578,4313000
2021-02-26,220.75,222.39999389648438,215.82000732421875,215.8800048828125,196.88465881347656,4461300
2021-03-01,219.30999755859375,222.5800018310547,218.89999389648438,219.75999450683594,200.4232177734375,2871200
2021-03-02,218.69000244140625,219.33999633789062,215.00999450683594,215.82000732421875,196.8299102783203,2854300
2021-03-03,212.13999938964844,217.5500030517578,212.00999450683594,214.91000366210938,195.9999542236328,2664000
2021-03-04,214.47999572753906,216.6699981689453,208.47000122070312,212.77000427246094,194.04824829101562,3568400
2021-03-05,214.33999633789062,220.77999877929688,211.5,220.16000366210938,200.7880096435547,3602300
2021-03-08,220.97000122070312,224.3000030517578,218.2100067138672,221.5800018310547,202.08306884765625,3048700
2021-03-09,221.3800048828125,222.3300018310547,216.13999938964844,216.8000030517578,197.72364807128906,2902400
2021-03-10,217.72999572753906,222.0500030517578,217.19000244140625,221.05999755859375,201.6088104248047,2435800
2021-03-11,223.0,223.60000610351562,219.14999389648438,219.75999450683594,200.4232177734375,2960000
2021-03-12,219.0,229.02000427246094,218.1199951171875,229.0,208.85012817382812,4756500
2021-03-15,228.8699951171875,231.8000030517578,225.8300018310547,230.74000549316406,210.4370574951172,4215300
2021-03-16,227.72000122070312,231.2100067138672,224.7700042724609,226.4600067138672,206.53366088867188,3539200
2021-03-17,228.1300048828125,234.3000030517578,227.1300048828125,233.6300048828125,213.07276916503903,3518500
2021-03-18,234.0,237.77999877929688,229.7400054931641,230.67999267578125,210.38232421875,4336200
2021-03-19,228.75,229.6499938964844,224.0500030517578,225.2899932861328,205.4666290283203,7485100
2021-03-22,226.6199951171875,227.17999267578125,223.57000732421875,226.0200042724609,206.13238525390625,2211600
2021-03-23,222.0599975585937,225.2400054931641,216.6499938964844,218.25,199.04608154296875,4017600
2021-03-24,220.509994506836,227.1100006103516,220.509994506836,221.22999572753903,201.76388549804688,4258000
2021-03-25,219.22999572753903,224.97000122070312,216.0399932861328,224.25,204.51812744140625,2901800
2021-03-26,226.3500061035156,229.83999633789065,225.2100067138672,229.5,209.30618286132807,3040100
2021-03-29,228.1000061035156,231.8500061035156,227.7100067138672,230.22000122070312,209.9628143310547,3003200
2021-03-30,231.1999969482422,234.72000122070312,231.13999938964844,233.0800018310547,212.5711364746093,3139100
2021-03-31,234.3500061035156,237.009994506836,228.8500061035156,231.8699951171875,211.4676513671875,4512300
2021-04-01,231.3000030517578,235.0,227.58999633789065,232.7400054931641,212.2610626220703,3787100
2021-04-05,235.0,235.6600036621093,232.3699951171875,233.7100067138672,213.145736694336,2323400
2021-04-06,232.5,236.67999267578125,230.22999572753903,230.63999938964844,210.34585571289065,2614500
2021-04-07,231.9600067138672,234.19000244140625,229.3500061035156,230.4100036621093,210.1360778808593,2449600
2021-04-08,230.1300048828125,231.0500030517578,227.1699981689453,230.47999572753903,210.19992065429688,2158900
2021-04-09,231.3000030517578,232.1999969482422,227.5399932861328,230.75,210.44618225097656,2482900
2021-04-12,230.3000030517578,231.3000030517578,228.92999267578125,230.92999267578125,210.61036682128903,1688200
2021-04-13,233.4100036621093,233.5,228.0500030517578,229.3500061035156,209.16940307617188,2286400
2021-04-14,229.6000061035156,234.22000122070312,229.5500030517578,232.5800018310547,212.1151733398437,2491000
2021-04-15,233.1499938964844,233.44000244140625,230.7400054931641,232.5200042724609,212.06044006347656,1860200
2021-04-16,234.6199951171875,235.94000244140625,232.2700042724609,233.3600006103516,212.8265380859375,2128400
2021-04-19,232.8999938964844,233.1000061035156,229.9100036621093,232.38999938964844,211.9418792724609,1712600
2021-04-20,230.8999938964844,231.3000030517578,225.6000061035156,227.6300048828125,207.6007232666016,2815800
2021-04-21,227.32000732421875,232.6100006103516,226.0200042724609,232.4600067138672,212.0057678222656,1977700
2021-04-22,233.25,233.42999267578125,228.7700042724609,228.88999938964844,208.7498474121093,2410700
2021-04-23,229.3600006103516,231.6499938964844,227.8800048828125,230.1100006103516,210.8111724853516,3458300
2021-04-26,230.57000732421875,232.8500061035156,229.9600067138672,230.5599975585937,211.22341918945312,1864800
2021-04-27,230.2899932861328,230.8600006103516,228.0800018310547,230.33999633789065,211.0218505859375,1959300
2021-04-28,230.0500030517578,233.72000122070312,229.3800048828125,232.3000030517578,212.8174743652344,2965300
2021-04-29,235.0,235.1999969482422,223.1999969482422,227.47000122070312,208.39254760742188,5442400
2021-04-30,225.5200042724609,228.38999938964844,224.8800048828125,228.1100006103516,208.97886657714844,3953500
2021-05-03,230.0,230.92999267578125,227.2100067138672,228.1699981689453,209.0338287353516,3182900
2021-05-04,227.0,234.0,225.3500061035156,233.4100036621093,213.8343963623047,4040700
2021-05-05,234.6199951171875,239.3300018310547,231.8500061035156,237.8800048828125,217.9295349121093,3690600
2021-05-06,238.0,240.97999572753903,236.0,237.07000732421875,217.1874084472656,4527000
2021-05-07,235.63999938964844,241.88999938964844,233.1600036621093,240.9900054931641,220.77867126464844,3327900
2021-05-10,243.5,245.77999877929688,242.58999633789065,242.6100006103516,222.26280212402344,3752900
2021-05-11,238.77999877929688,242.9900054931641,236.5399932861328,239.3000030517578,219.2303771972656,3163100
2021-05-12,241.2700042724609,243.22999572753903,236.44000244140625,237.32000732421875,217.4164886474609,3668500
2021-05-13,236.0399932861328,240.9900054931641,234.57000732421875,240.07000732421875,219.935791015625,2228100
2021-05-14,242.0,243.3500061035156,240.0800018310547,242.22999572753903,221.9146728515625,2041600
2021-05-17,242.7400054931641,245.4499969482422,241.1199951171875,244.7899932861328,224.25997924804688,1998400
2021-05-18,244.7899932861328,245.5399932861328,239.4100036621093,239.47000122070312,219.3861541748047,2436200
2021-05-19,236.1000061035156,237.0800018310547,231.94000244140625,236.8699951171875,217.00421142578125,3143100
2021-05-20,237.47999572753903,237.6000061035156,232.58999633789065,234.9900054931641,215.28189086914065,3339200
2021-05-21,236.6000061035156,239.3999938964844,235.009994506836,237.2400054931641,217.3431701660156,2479100
2021-05-24,237.69000244140625,239.7100067138672,236.22000122070312,239.0500030517578,219.00135803222656,2372700
2021-05-25,239.509994506836,241.88999938964844,236.7400054931641,237.1699981689453,217.27902221679688,2265700
2021-05-26,237.4100036621093,239.5,236.6199951171875,237.7100067138672,217.77374267578125,2070000
2021-05-27,241.5,243.3699951171875,238.92999267578125,241.27999877929688,221.0443420410156,3594700
2021-05-28,241.9100036621093,242.259994506836,238.7899932861328,241.0800018310547,220.8611602783203,2290700
2021-06-01,244.009994506836,244.92999267578125,241.8099975585937,242.759994506836,222.4002380371093,2476000
2021-06-02,243.07000732421875,245.1000061035156,240.6999969482422,243.4600067138672,223.04151916503903,2348500
2021-06-03,242.42999267578125,246.44000244140625,240.8699951171875,243.83999633789065,223.3896331787109,1923200
2021-06-04,245.1199951171875,246.69000244140625,242.32000732421875,244.0200042724609,223.55450439453125,1837900
2021-06-07,244.0500030517578,244.3300018310547,238.6199951171875,239.759994506836,219.6518402099609,2330700
2021-06-08,239.3999938964844,241.2100067138672,236.0599975585937,240.1600036621093,220.01828002929688,2212300
2021-06-09,239.0,239.19000244140625,234.4499969482422,234.6499938964844,214.97036743164065,2919600
2021-06-10,236.13999938964844,236.6499938964844,225.5800018310547,225.72999572753903,206.7984619140625,6281800
2021-06-11,226.3000030517578,227.9199981689453,220.02999877929688,220.6999969482422,202.1903686523437,8734900
2021-06-14,220.07000732421875,221.97000122070312,215.6000061035156,219.009994506836,200.6420745849609,7213300
2021-06-15,219.88999938964844,220.77999877929688,216.259994506836,219.4600067138672,201.0543670654297,5055900
2021-06-16,219.009994506836,219.38999938964844,216.6999969482422,217.1600036621093,198.94723510742188,4156900
2021-06-17,216.97000122070312,218.2700042724609,207.8800048828125,209.4499969482422,191.88385009765625,7995300
2021-06-18,206.17999267578125,211.8099975585937,205.5,208.8600006103516,191.3433380126953,7156400
2021-06-21,211.5500030517578,215.22999572753903,211.3999938964844,213.2100067138672,195.3285369873047,5633900
2021-06-22,213.4900054931641,214.8300018310547,211.17999267578125,213.1300048828125,195.25526428222656,3776400
2021-06-23,213.6000061035156,216.7700042724609,212.5800018310547,213.7899932861328,195.8598480224609,3283400
2021-06-24,216.5399932861328,221.92999267578125,215.3300018310547,219.33999633789065,200.94439697265625,6827600
2021-06-25,221.17999267578125,221.75,215.2700042724609,216.3099975585937,198.1685333251953,11274200
2021-06-28,216.4499969482422,216.77999877929688,213.5599975585937,216.2700042724609,198.13185119628903,3172000
2021-06-29,218.0399932861328,218.6999969482422,214.58999633789065,215.1000061035156,197.0600128173828,3443400
2021-06-30,214.6199951171875,217.9499969482422,214.0599975585937,217.6300048828125,199.3778381347656,3249500
2021-07-01,219.1600036621093,219.7899932861328,216.1499938964844,216.7100067138672,198.5349884033203,2426300
2021-07-02,217.6600036621093,218.3699951171875,215.5800018310547,217.759994506836,199.49693298339844,2433600
2021-07-06,217.4100036621093,217.5599975585937,211.33999633789065,213.5200042724609,195.612548828125,4348100
2021-07-07,212.69000244140625,215.0599975585937,211.1600036621093,214.69000244140625,196.6844177246093,2707700
2021-07-08,210.0,213.8999938964844,209.92999267578125,212.1100006103516,194.32077026367188,3723800
2021-07-09,215.8999938964844,218.58999633789065,214.3999938964844,217.4199981689453,199.18544006347656,3163800
2021-07-12,216.0200042724609,218.9499969482422,214.8500061035156,218.5800018310547,200.2481689453125,2509000
2021-07-13,218.9600067138672,219.0500030517578,214.6999969482422,215.19000244140625,197.14244079589844,2373300
2021-07-14,215.259994506836,215.63999938964844,211.22000122070312,211.63999938964844,193.8902130126953,3185200
2021-07-15,210.27999877929688,213.38999938964844,210.1199951171875,211.4100036621093,193.67947387695312,2737500
2021-07-16,212.4600067138672,212.6999969482422,207.009994506836,207.9499969482422,190.5096740722656,4368800
2021-07-19,202.2700042724609,203.75,199.22999572753903,203.0800018310547,187.0465087890625,5391100
2021-07-20,203.0399932861328,208.6300048828125,202.3099975585937,207.9600067138672,191.541244506836,3934300
2021-07-21,208.72000122070312,210.9600067138672,207.5800018310547,210.72999572753903,194.092514038086,3407300
2021-07-22,211.0,211.3800048828125,208.5399932861328,209.1600036621093,192.646484375,1931500
2021-07-23,209.5,210.3699951171875,207.8600006103516,209.52999877929688,192.9872894287109,2302600
2021-07-26,209.83999633789065,212.07000732421875,209.5,211.02999877929688,194.36883544921875,2157600
2021-07-27,207.52999877929688,211.0599975585937,207.0,209.8999938964844,193.3280334472656,2472000
2021-07-28,210.0,212.69000244140625,208.1000061035156,211.44000244140625,194.7464904785156,3246900
2021-07-29,214.0,214.509994506836,209.69000244140625,212.5599975585937,195.778060913086,3419700
2021-07-30,207.8999938964844,208.6699981689453,203.1499938964844,206.75,190.42678833007807,5834900
2021-08-02,208.0,210.8999938964844,204.9499969482422,205.1600036621093,188.96229553222656,3977100
2021-08-03,205.3099975585937,209.2899932861328,203.42999267578125,208.5,192.03863525390625,3580500
2021-08-04,208.22000122070312,209.58999633789065,204.3699951171875,204.5200042724609,188.3728790283203,2948700
2021-08-05,205.25,207.6600036621093,204.6999969482422,207.19000244140625,190.83204650878903,2685800
2021-08-06,209.009994506836,210.38999938964844,207.6499938964844,208.3500061035156,191.90045166015625,2677100
2021-08-09,207.2899932861328,209.8800048828125,206.1199951171875,208.88999938964844,192.3977966308593,2747200
2021-08-10,210.0,214.8999938964844,208.9600067138672,214.07000732421875,197.1688232421875,4193600
2021-08-11,215.72999572753903,222.57000732421875,214.57000732421875,221.6600036621093,204.1596069335937,7794100
2021-08-12,222.2400054931641,223.759994506836,218.47000122070312,220.2400054931641,202.8516998291016,4444500
2021-08-13,219.8800048828125,220.5500030517578,217.72999572753903,218.57000732421875,201.3135528564453,2049400
2021-08-16,217.3600006103516,218.0,214.33999633789065,217.7100067138672,200.52145385742188,3132500
2021-08-17,216.22000122070312,216.38999938964844,210.5800018310547,213.44000244140625,196.5885772705078,4022800
2021-08-18,212.5,213.5500030517578,209.72000122070312,209.8099975585937,193.2451629638672,2947700
2021-08-19,208.1699981689453,208.9600067138672,203.2100067138672,204.4499969482422,188.30831909179688,4788100
2021-08-20,205.4199981689453,207.259994506836,203.58999633789065,204.94000244140625,188.7596893310547,2765500
2021-08-23,207.25,209.75,205.8300018310547,209.13999938964844,192.6280670166016,2827400
2021-08-24,209.75,213.2700042724609,209.52999877929688,212.58999633789065,195.80569458007807,2485900
2021-08-25,213.1699981689453,215.6999969482422,212.1499938964844,214.759994506836,197.80435180664065,2599800
2021-08-26,214.509994506836,214.509994506836,210.47999572753903,211.2400054931641,194.562255859375,2513900
2021-08-27,212.259994506836,214.02999877929688,212.22000122070312,212.8300018310547,196.0267791748047,2511400
2021-08-30,213.22000122070312,213.7400054931641,210.8000030517578,211.4499969482422,194.7557067871093,1922100
2021-08-31,211.27999877929688,212.3000030517578,210.4199981689453,210.8699951171875,194.22149658203125,2857900
2021-09-01,210.8699951171875,210.9900054931641,206.6100006103516,207.9600067138672,191.541244506836,4122900
2021-09-02,208.9199981689453,212.9499969482422,208.9199981689453,211.77999877929688,195.0596618652344,2921600
2021-09-03,211.1499938964844,212.8000030517578,210.0,210.3699951171875,193.760971069336,2512000
2021-09-07,210.0399932861328,210.33999633789065,207.8500061035156,208.22999572753903,191.78993225097656,2641100
2021-09-08,207.1199951171875,208.1199951171875,204.7700042724609,206.7700042724609,190.4451904296875,2603100
2021-09-09,206.5,208.1499938964844,204.8999938964844,205.4199981689453,189.20176696777344,2777900
2021-09-10,207.1000061035156,207.8800048828125,204.82000732421875,205.009994506836,188.8241424560547,2551200
2021-09-13,207.1600036621093,207.8600006103516,203.92999267578125,206.1999969482422,189.9201812744141,2699100
2021-09-14,206.0399932861328,206.1000061035156,201.63999938964844,202.3300018310547,186.3557281494141,3757600
2021-09-15,202.1699981689453,206.58999633789065,201.8699951171875,205.72999572753903,189.4873046875,3342700
2021-09-16,205.4499969482422,206.38999938964844,202.82000732421875,203.6000061035156,187.5254821777344,3120100
2021-09-17,202.6300048828125,203.2700042724609,199.4499969482422,199.75,183.9794464111328,6351100
2021-09-20,193.0599975585937,193.9900054931641,188.47999572753903,190.82000732421875,175.75448608398438,9151100
2021-09-21,192.0,192.7100067138672,186.97999572753903,189.83999633789065,174.85183715820312,5699900
2021-09-22,192.0,194.5,191.1600036621093,191.3500061035156,176.2426300048828,3924400
2021-09-23,192.9100036621093,197.6000061035156,192.8500061035156,196.6199951171875,181.0965118408203,3367800
2021-09-24,195.6499938964844,197.7899932861328,194.92999267578125,196.82000732421875,181.28076171875,2199500
2021-09-27,197.6000061035156,201.9900054931641,197.6000061035156,200.0,184.20965576171875,3033100
2021-09-28,200.1999969482422,201.88999938964844,198.75,200.5500030517578,184.7162933349609,3247500
2021-09-29,200.47999572753903,201.1600036621093,197.6999969482422,197.8699951171875,182.24783325195312,2954700
2021-09-30,198.6199951171875,198.8699951171875,191.6300048828125,191.97000122070312,176.81365966796875,4978100
2021-10-01,192.8999938964844,195.8699951171875,191.2400054931641,194.3300018310547,178.98733520507812,3695500
2021-10-04,194.7400054931641,195.9100036621093,192.4100036621093,193.1300048828125,177.88211059570312,2864600
2021-10-05,192.759994506836,194.3999938964844,190.72999572753903,192.5,177.3018341064453,3074600
2021-10-06,190.0,192.38999938964844,187.8000030517578,191.8600006103516,176.7123565673828,3777700
2021-10-07,193.72999572753903,196.38999938964844,193.6100006103516,195.75,180.2952423095703,3510500
2021-10-08,195.8000030517578,196.5800018310547,194.7400054931641,195.1600036621093,179.75180053710938,2713200
2021-10-11,196.33999633789065,197.1699981689453,192.67999267578125,192.88999938964844,177.66104125976562,2015200
2021-10-12,192.32000732421875,193.5800018310547,189.5800018310547,189.9199981689453,174.92552185058594,4706700
2021-10-13,190.5,191.25,187.72000122070312,188.94000244140625,174.02294921875,3253200
2021-10-14,193.5500030517578,194.8000030517578,192.6100006103516,194.3300018310547,178.98733520507812,5212900
2021-10-15,195.9600067138672,199.4499969482422,195.3000030517578,199.0200042724609,183.3070678710937,4736300
2021-10-18,197.3800048828125,198.67999267578125,195.5500030517578,198.17999267578125,182.5333404541016,2809400
2021-10-19,198.6000061035156,201.47999572753903,198.4600067138672,201.13999938964844,185.2597045898437,2626900
2021-10-20,201.1600036621093,205.17999267578125,200.52999877929688,204.19000244140625,188.06887817382807,2936000
2021-10-21,201.6000061035156,202.3000030517578,199.7400054931641,202.13999938964844,186.1807556152344,3071300
2021-10-22,200.63999938964844,202.3500061035156,199.1999969482422,200.6499938964844,185.82882690429688,2632400
2021-10-25,201.27999877929688,203.3099975585937,200.509994506836,202.2100067138672,187.2735748291016,3294700
2021-10-26,202.75,202.7899932861328,199.47000122070312,199.63999938964844,184.8934020996093,2933600
2021-10-27,200.25,200.42999267578125,195.9199981689453,196.1300048828125,181.6427154541016,3406700
2021-10-28,197.3600006103516,204.5,197.0500030517578,204.08999633789065,189.01470947265625,4462700
2021-10-29,207.9900054931641,209.75,203.2400054931641,204.009994506836,188.9405670166016,4292200
2021-11-01,204.2899932861328,206.8800048828125,203.8099975585937,205.3800048828125,190.2094573974609,3215200
2021-11-02,205.75,207.8099975585937,203.0,207.1199951171875,191.8208923339844,3429600
2021-11-03,206.259994506836,206.5800018310547,201.82000732421875,203.5500030517578,188.5146026611328,3137000
2021-11-04,204.0,204.88999938964844,202.6100006103516,203.58999633789065,188.55162048339844,2543500
2021-11-05,205.47999572753903,208.8800048828125,205.22999572753903,205.8800048828125,190.6725006103516,2591300
2021-11-08,215.88999938964844,216.47000122070312,211.25,214.25,198.4241943359375,5944700
2021-11-09,215.17999267578125,215.57000732421875,208.9600067138672,209.8099975585937,194.3122100830078,3310300
2021-11-10,209.2700042724609,209.9499969482422,206.42999267578125,206.6699981689453,191.40411376953125,3261800
2021-11-11,207.8800048828125,210.44000244140625,207.8800048828125,208.52999877929688,193.1267242431641,4819800
2021-11-12,209.3500061035156,210.69000244140625,208.3000030517578,209.2700042724609,193.8121032714844,2018000
2021-11-15,210.0,210.69000244140625,206.759994506836,207.7100067138672,192.3673248291016,2392600
2021-11-16,208.0,208.17999267578125,205.259994506836,205.42999267578125,190.2557373046875,2138000
2021-11-17,205.0,205.19000244140625,200.8500061035156,202.97999572753903,187.9867248535156,3135700
2021-11-18,203.2700042724609,203.7100067138672,200.6600036621093,201.4199981689453,186.5419311523437,2119900
2021-11-19,200.9199981689453,202.9199981689453,199.6600036621093,200.44000244140625,185.6343231201172,2980100
2021-11-22,201.4900054931641,204.52999877929688,200.08999633789065,202.3800048828125,187.4310302734375,2596500
2021-11-23,203.0500030517578,205.57000732421875,201.58999633789065,205.3300018310547,190.1630706787109,3127100
2021-11-24,203.6600036621093,208.259994506836,203.0800018310547,207.07000732421875,191.77456665039065,3880500
2021-11-26,201.0,201.4499969482422,196.6100006103516,198.72999572753903,184.05064392089844,3496000
2021-11-29,201.22999572753903,201.5,193.27999877929688,195.9199981689453,181.44821166992188,4559900
2021-11-30,193.83999633789065,196.77999877929688,191.5500030517578,193.3500061035156,179.06802368164062,6358000
2021-12-01,197.5800018310547,198.42999267578125,191.3600006103516,191.47000122070312,177.32688903808594,3425300
2021-12-02,192.3099975585937,197.6199951171875,191.8099975585937,196.7899932861328,182.25392150878903,3445700
2021-12-03,197.6699981689453,199.38999938964844,195.7400054931641,197.8000030517578,183.1893310546875,3250900
2021-12-06,199.5800018310547,203.259994506836,198.33999633789065,201.27999877929688,186.41229248046875,2838400
2021-12-07,203.2899932861328,206.2100067138672,203.07000732421875,204.4900054931641,189.3851623535156,2818000
2021-12-08,204.4100036621093,206.1999969482422,203.6100006103516,204.19000244140625,189.10731506347656,2341200
2021-12-09,203.1000061035156,204.97000122070312,200.8800048828125,204.1300048828125,189.05178833007807,1646600
2021-12-10,205.3999938964844,205.8999938964844,202.1100006103516,203.4600067138672,188.4312744140625,3315200
2021-12-13,203.82000732421875,204.25,200.4499969482422,201.25,186.384506225586,1868500
2021-12-14,200.0,203.97999572753903,199.8000030517578,201.63999938964844,186.7456817626953,2248800
2021-12-15,201.0,202.6000061035156,198.63999938964844,202.5500030517578,187.58843994140625,2193700
2021-12-16,205.0,208.22999572753903,204.6499938964844,206.1699981689453,190.9410552978516,2856800
2021-12-17,204.9499969482422,205.25,201.22999572753903,201.3699951171875,186.49566650390625,6079600
2021-12-20,197.5500030517578,197.5500030517578,193.0599975585937,195.4600067138672,181.022201538086,3605100
2021-12-21,197.0,199.0200042724609,196.7400054931641,198.3099975585937,183.66165161132807,2303400
2021-12-22,200.97999572753903,203.3999938964844,200.8300018310547,202.1499938964844,187.218002319336,3558700
2021-12-23,203.4199981689453,207.3000030517578,203.2899932861328,206.1999969482422,190.9688720703125,2669600
2021-12-27,205.94000244140625,206.8999938964844,205.13999938964844,206.3800048828125,191.1355743408203,1711200
2021-12-28,206.17999267578125,208.259994506836,206.13999938964844,206.6199951171875,191.3578186035156,1393000
2021-12-29,206.2700042724609,208.5500030517578,206.0800018310547,207.3300018310547,192.015380859375,1334900
2021-12-30,207.3300018310547,208.9100036621093,205.92999267578125,206.0800018310547,190.8577117919922,1465900
2021-12-31,206.1999969482422,207.7400054931641,205.6699981689453,206.7400054931641,191.468978881836,1374500
2022-01-03,207.3300018310547,208.6000061035156,205.8000030517578,207.0,191.70977783203125,2055600
2022-01-04,208.27999877929688,218.9199981689453,207.94000244140625,218.0800018310547,201.9713287353516,5242300
2022-01-05,218.17999267578125,223.3600006103516,218.17999267578125,219.75,203.51795959472656,5378200
2022-01-06,221.4900054931641,222.7100067138672,218.0599975585937,221.9900054931641,205.5925445556641,3913200
2022-01-07,222.5,225.97000122070312,222.22999572753903,224.19000244140625,207.6300048828125,3673400
2022-01-10,224.9499969482422,225.75,220.6100006103516,221.63999938964844,205.26834106445312,3734900
2022-01-11,222.0,222.08999633789065,216.58999633789065,219.9499969482422,203.7032012939453,2944300
2022-01-12,222.1199951171875,223.69000244140625,220.07000732421875,222.3999938964844,205.97219848632807,2506900
2022-01-13,222.88999938964844,227.8800048828125,222.63999938964844,227.0,210.23243713378903,5002300
2022-01-14,224.72000122070312,229.63999938964844,223.5800018310547,228.94000244140625,212.0291290283203,3970600
2022-01-18,227.7100067138672,230.42999267578125,226.8600006103516,229.8699951171875,212.89044189453125,5411900
2022-01-19,229.6600036621093,229.8099975585937,220.92999267578125,221.6600036621093,206.28298950195312,4991700
2022-01-20,221.0800018310547,221.8699951171875,216.0399932861328,216.6300048828125,201.60194396972656,3545600
2022-01-21,217.509994506836,217.509994506836,212.4199981689453,214.08999633789065,199.2381134033203,3754700
2022-01-24,211.1600036621093,214.97000122070312,206.6600036621093,214.3300018310547,199.4614715576172,5107300
2022-01-25,212.0800018310547,216.8300018310547,207.1000061035156,214.3099975585937,199.44288635253903,4554300
2022-01-26,215.0,218.8800048828125,212.2400054931641,214.2899932861328,199.42420959472656,3558500
2022-01-27,215.2100067138672,217.8999938964844,210.1499938964844,212.1699981689453,197.4513397216797,3678100
2022-01-28,205.58999633789065,208.0,196.8000030517578,201.1600036621093,187.20509338378903,10747300
2022-01-31,199.4499969482422,201.6000061035156,194.67999267578125,201.5599975585937,187.57736206054688,6179000
2022-02-01,200.8000030517578,205.7899932861328,200.5399932861328,205.3500061035156,191.1044464111328,4026400
2022-02-02,203.1999969482422,205.8000030517578,201.3999938964844,204.94000244140625,190.722885131836,3492300
2022-02-03,205.0,205.8699951171875,200.08999633789065,200.58999633789065,186.67466735839844,2748200
2022-02-04,200.2100067138672,201.009994506836,196.4900054931641,198.4100036621093,184.6459045410156,3930800
2022-02-07,198.83999633789065,201.52999877929688,198.02999877929688,199.82000732421875,185.9580535888672,2402000
2022-02-08,200.259994506836,202.3099975585937,199.22999572753903,201.5,187.52151489257807,2407100
2022-02-09,202.63999938964844,204.1000061035156,202.08999633789065,203.6000061035156,189.4758758544922,2743700
2022-02-10,202.57000732421875,206.75,201.5599975585937,203.07000732421875,188.9826202392578,3538500
2022-02-11,203.4199981689453,204.6499938964844,200.1300048828125,201.2400054931641,187.279541015625,3826700
2022-02-14,200.9499969482422,201.6999969482422,198.1100006103516,199.88999938964844,186.0232391357422,2730500
2022-02-15,200.6999969482422,204.4499969482422,200.009994506836,203.4100036621093,189.2990264892578,2752600
2022-02-16,203.1100006103516,205.4199981689453,203.0,203.63999938964844,189.5130615234375,2253900
2022-02-17,201.0,201.759994506836,194.44000244140625,194.7400054931641,181.23049926757807,4699600
2022-02-18,193.3600006103516,195.6199951171875,191.17999267578125,191.9499969482422,178.63401794433594,4385200
2022-02-22,191.9499969482422,194.8999938964844,190.5500030517578,191.2100067138672,177.94540405273438,3488000
2022-02-23,191.72000122070312,192.32000732421875,186.3699951171875,186.6699981689453,173.72030639648438,3550400
2022-02-24,182.02999877929688,185.2700042724609,179.6699981689453,184.69000244140625,171.87770080566406,5919500
2022-02-25,184.94000244140625,187.92999267578125,184.1199951171875,187.0599975585937,174.083251953125,3594600
2022-02-28,184.33999633789065,188.7700042724609,183.6699981689453,187.5800018310547,174.56723022460938,5168500
2022-03-01,187.7700042724609,188.22000122070312,180.63999938964844,182.8300018310547,170.14671325683594,5110600
2022-03-02,185.1999969482422,193.5599975585937,185.0,192.6100006103516,179.2482452392578,5849900
2022-03-03,193.32000732421875,196.5800018310547,192.33999633789065,194.8500061035156,181.3328552246093,4429700
2022-03-04,191.1000061035156,196.009994506836,190.3099975585937,195.6600036621093,182.0866851806641,4334700
2022-03-07,194.7899932861328,203.5,193.6199951171875,196.6999969482422,183.0544891357422,6912300
2022-03-08,203.8699951171875,214.88999938964844,203.0,210.0,195.4318389892578,9318600
2022-03-09,212.57000732421875,213.6000061035156,207.4499969482422,209.77999877929688,195.22715759277344,4798300
2022-03-10,209.38999938964844,217.5200042724609,208.17999267578125,211.7899932861328,197.09768676757807,4886300
2022-03-11,212.3000030517578,217.7700042724609,212.3000030517578,214.8300018310547,199.92681884765625,4045500
2022-03-14,216.3000030517578,218.47999572753903,212.92999267578125,215.44000244140625,200.49449157714844,3530700
2022-03-15,216.1199951171875,217.3800048828125,210.509994506836,216.4600067138672,201.44374084472656,4364200
2022-03-16,217.5,219.4900054931641,212.32000732421875,216.0800018310547,201.0901031494141,4378700
2022-03-17,215.32000732421875,221.77999877929688,214.33999633789065,221.6999969482422,206.3201904296875,3600400
2022-03-18,219.47999572753903,221.6999969482422,218.0,220.9100036621093,205.5850067138672,4105100
2022-03-21,221.0,227.0500030517578,220.9900054931641,223.7100067138672,208.19081115722656,2902200
2022-03-22,224.4600067138672,225.8500061035156,221.33999633789065,222.7100067138672,207.2601623535156,2461500
2022-03-23,221.69000244140625,224.77999877929688,221.69000244140625,222.1699981689453,206.7576141357422,2001700
2022-03-24,222.5399932861328,225.0,221.509994506836,222.2100067138672,206.79481506347656,2110900
2022-03-25,222.08999633789065,223.8000030517578,221.13999938964844,223.3600006103516,207.8650360107422,1581100
2022-03-28,222.33999633789065,222.67999267578125,219.0399932861328,221.8500061035156,206.4598388671875,3072500
2022-03-29,220.8000030517578,221.42999267578125,216.5399932861328,221.0399932861328,205.7059631347656,3667800
2022-03-30,222.0,225.8800048828125,220.6999969482422,223.0800018310547,207.6044921875,2507400
2022-03-31,223.2100067138672,225.19000244140625,222.42999267578125,222.82000732421875,207.362533569336,3152100
2022-04-01,224.3500061035156,225.5200042724609,218.1699981689453,219.7700042724609,204.5240936279297,2618300
2022-04-04,219.1600036621093,221.3500061035156,216.6000061035156,220.8099975585937,205.491928100586,2181300
2022-04-05,220.0,222.3699951171875,215.13999938964844,216.0200042724609,201.0342559814453,3582100
2022-04-06,215.1199951171875,217.1300048828125,213.5500030517578,216.2100067138672,201.2110748291016,2783300
2022-04-07,215.4600067138672,216.3099975585937,213.5599975585937,215.8999938964844,200.9225311279297,2253600
2022-04-08,215.7899932861328,217.8800048828125,214.02999877929688,217.02999877929688,201.9741973876953,2450200
2022-04-11,217.02999877929688,218.759994506836,215.75,216.0500030517578,201.06216430664065,2494700
2022-04-12,215.4499969482422,219.47999572753903,214.97999572753903,216.6999969482422,201.66709899902344,2508200
2022-04-13,216.92999267578125,219.67999267578125,216.3999938964844,218.2700042724609,203.128158569336,1898900
2022-04-14,219.9100036621093,229.22000122070312,218.6100006103516,227.8099975585937,212.00636291503903,5337900
2022-04-18,228.0,234.3800048828125,228.0,229.9199981689453,213.969970703125,3644000
2022-04-19,230.25,232.94000244140625,227.57000732421875,232.1600036621093,216.05458068847656,2689400
2022-04-20,233.5500030517578,236.3699951171875,232.5800018310547,235.0800018310547,218.77203369140625,2907700
2022-04-21,237.2400054931641,237.8999938964844,231.6499938964844,232.57000732421875,216.4361572265625,3571400
2022-04-22,228.3999938964844,229.7899932861328,215.6000061035156,216.3000030517578,202.2601623535156,5053700
2022-04-25,215.3099975585937,217.0,209.57000732421875,216.6999969482422,202.6342010498047,4145500
2022-04-26,216.1300048828125,218.1999969482422,209.3500061035156,210.3000030517578,196.649642944336,4176700
2022-04-27,211.1100006103516,215.5500030517578,207.3000030517578,213.9600067138672,200.07205200195312,3358300
2022-04-28,207.42999267578125,212.9600067138672,202.0,212.44000244140625,198.65074157714844,6092800
2022-04-29,212.6999969482422,217.2100067138672,210.1600036621093,210.5399932861328,196.87403869628903,3404000
2022-05-02,210.0,212.7700042724609,207.6600036621093,212.07000732421875,198.3047332763672,2639500
2022-05-03,211.8999938964844,215.3600006103516,210.7899932861328,213.6199951171875,199.75411987304688,2121100
2022-05-04,214.9499969482422,223.2899932861328,213.8300018310547,222.58999633789065,208.14187622070312,3023700
2022-05-05,222.3999938964844,223.1499938964844,213.7700042724609,215.92999267578125,201.9141845703125,3005600
2022-05-06,217.009994506836,217.009994506836,210.3500061035156,214.6499938964844,200.71725463867188,2268400
2022-05-09,212.02999877929688,212.0500030517578,205.44000244140625,206.2899932861328,192.89991760253903,2929900
2022-05-10,208.2400054931641,209.5200042724609,201.38999938964844,202.9900054931641,189.81411743164065,3040400
2022-05-11,205.5599975585937,209.7100067138672,203.58999633789065,205.2100067138672,191.89002990722656,2552400
2022-05-12,203.6100006103516,205.33999633789065,199.3000030517578,203.02999877929688,189.8515167236328,3282000
2022-05-13,205.1499938964844,206.4600067138672,202.9199981689453,204.3300018310547,191.067123413086,2323800
2022-05-16,205.0200042724609,209.2100067138672,203.67999267578125,207.19000244140625,193.7414703369141,2540800
2022-05-17,212.8000030517578,213.7700042724609,209.13999938964844,213.08999633789065,199.25851440429688,2275900
2022-05-18,213.83999633789065,217.8999938964844,207.5200042724609,207.94000244140625,194.4428100585937,4723300
2022-05-19,205.8600006103516,209.27999877929688,201.7100067138672,206.759994506836,193.3394012451172,2887700
2022-05-20,206.4499969482422,206.6300048828125,194.0399932861328,197.82000732421875,184.97967529296875,5404500
2022-05-23,199.92999267578125,205.4900054931641,199.1600036621093,204.1499938964844,190.8988037109375,3246600
2022-05-24,202.009994506836,205.6999969482422,201.2899932861328,205.6499938964844,192.3014373779297,2467800
2022-05-25,205.0,210.08999633789065,204.82000732421875,209.3099975585937,195.7238922119141,3080200
2022-05-26,211.5500030517578,213.63999938964844,210.3999938964844,212.9900054931641,199.1650390625,2016000
2022-05-27,215.0,217.6300048828125,214.1600036621093,217.13999938964844,203.045639038086,2020400
2022-05-31,214.7899932861328,218.08999633789065,213.4900054931641,215.8500061035156,201.83937072753903,3773500
2022-06-01,218.4600067138672,219.0,214.3000030517578,217.57000732421875,203.4477386474609,2314000
2022-06-02,219.58999633789065,220.83999633789065,217.25,220.0,205.72000122070312,1784100
2022-06-03,218.25,224.1000061035156,218.25,222.8999938964844,208.4317779541016,2222500
2022-06-06,222.8999938964844,224.759994506836,222.25,223.6300048828125,209.1143493652344,1565400
2022-06-07,222.0,227.2700042724609,221.6499938964844,227.1000061035156,212.35916137695312,1799000
2022-06-08,225.2899932861328,232.3500061035156,224.6199951171875,229.8000030517578,214.8838806152344,4171300
2022-06-09,227.42999267578125,228.2100067138672,223.6199951171875,223.6699981689453,209.15182495117188,3045700
2022-06-10,219.5,220.22000122070312,215.009994506836,215.17999267578125,201.2128448486328,2604100
2022-06-13,209.5800018310547,209.8699951171875,204.8999938964844,206.8800048828125,193.4516448974609,3559400
2022-06-14,208.0599975585937,209.72999572753903,205.2700042724609,206.69000244140625,193.27394104003903,2359000
2022-06-15,207.47999572753903,208.6499938964844,203.1300048828125,206.0,192.6287384033203,2343100
2022-06-16,201.07000732421875,201.25,193.25,194.7899932861328,182.14634704589844,4789900
2022-06-17,195.67999267578125,197.7400054931641,190.8699951171875,192.63999938964844,180.13592529296875,7226100
2022-06-21,197.1000061035156,198.4199981689453,193.8699951171875,196.3699951171875,183.62380981445312,2755400
2022-06-22,190.0,192.7899932861328,187.7100067138672,187.8300018310547,175.6381072998047,4008700
2022-06-23,186.5800018310547,187.22999572753903,176.02000427246094,178.6699981689453,167.0727081298828,6667900
2022-06-24,181.33999633789065,185.6000061035156,179.3699951171875,185.4900054931641,173.4500274658203,4868900
2022-06-27,188.0800018310547,190.0800018310547,185.82000732421875,187.58999633789065,175.41368103027344,3061100
2022-06-28,189.97000122070312,193.1000061035156,187.42999267578125,187.44000244140625,175.2734375,3327200
2022-06-29,187.32000732421875,187.57000732421875,182.1300048828125,183.47999572753903,171.5704803466797,2436900
2022-06-30,180.259994506836,182.13999938964844,177.1199951171875,178.75999450683594,167.1568145751953,4197100
2022-07-01,179.30999755859375,181.32000732421875,173.72000122070312,178.2899932861328,166.71737670898438,3423100
2022-07-05,173.77000427246094,174.4199981689453,170.60000610351562,173.75999450683594,162.48138427734375,3724900
2022-07-06,173.47999572753906,174.6699981689453,169.2899932861328,172.30999755859375,161.12548828125,3190600
2022-07-07,182.5,182.5,176.3300018310547,180.27999877929688,168.5781707763672,4677600
2022-07-08,180.22999572753903,181.2400054931641,176.38999938964844,179.10000610351562,167.47479248046875,2491100
2022-07-11,177.41000366210938,179.77000427246094,174.6199951171875,175.02000427246094,163.65957641601562,2773300
2022-07-12,174.74000549316406,177.24000549316406,172.60000610351562,174.49000549316406,163.16404724121094,2718400
2022-07-13,172.25,175.25,171.86000061035156,173.8699951171875,162.58424377441406,2389000
2022-07-14,169.75,170.6999969482422,167.0800018310547,169.94000244140625,158.90936279296875,2531200
2022-07-15,172.25,173.3800048828125,169.1999969482422,173.3800048828125,162.12608337402344,2282100
2022-07-18,176.1300048828125,176.6999969482422,172.7100067138672,173.49000549316406,162.22891235351562,2476400
2022-07-19,173.89999389648438,179.6999969482422,172.8800048828125,179.49000549316406,169.0084686279297,2671400
2022-07-20,178.77999877929688,180.8000030517578,177.07000732421875,179.97000122070312,169.46046447753906,2175900
2022-07-21,178.4199981689453,181.07000732421875,176.47999572753906,180.9900054931641,170.42088317871094,2214500
2022-07-22,181.4900054931641,182.8000030517578,177.33999633789062,178.6199951171875,168.1892852783203,1961500
2022-07-25,179.1699981689453,182.6000061035156,177.77000427246094,181.8099975585937,171.19297790527344,1845600
2022-07-26,181.1600036621093,183.6499938964844,180.5800018310547,181.22999572753903,170.64683532714844,1767700
2022-07-27,182.9199981689453,186.17999267578125,180.32000732421875,185.25,174.43209838867188,1856500
2022-07-28,186.8500061035156,189.5200042724609,184.1999969482422,187.83999633789065,176.870849609375,2229200
2022-07-29,189.19000244140625,199.4900054931641,189.1199951171875,198.25,186.6729278564453,5188100
2022-08-01,195.0800018310547,197.19000244140625,193.3999938964844,194.8600006103516,183.4809112548828,3185100
2022-08-02,188.0,189.47000122070312,183.1600036621093,183.509994506836,172.79373168945312,8193100
2022-08-03,183.32000732421875,185.44000244140625,181.6000061035156,182.8699951171875,172.1910858154297,4155900
2022-08-04,182.8600006103516,185.92999267578125,181.1199951171875,183.63999938964844,172.9161376953125,2478900
2022-08-05,183.5800018310547,186.1000061035156,183.22999572753903,185.38999938964844,174.56394958496094,1908500
2022-08-08,186.7700042724609,188.0,184.1600036621093,185.8099975585937,174.95936584472656,2655000
2022-08-09,185.9499969482422,187.8800048828125,185.1600036621093,186.02999877929688,175.16656494140625,2460000
2022-08-10,188.72999572753903,191.5200042724609,187.4499969482422,190.72000122070312,179.58267211914062,2304300
2022-08-11,192.8300018310547,195.5800018310547,191.9100036621093,194.0,182.67117309570312,2538900
2022-08-12,194.88999938964844,196.97000122070312,193.8000030517578,196.83999633789065,185.3453063964844,1864800
2022-08-15,193.3999938964844,196.5,193.07000732421875,195.9499969482422,184.5072631835937,1752400
2022-08-16,195.32000732421875,198.3999938964844,194.9499969482422,197.5200042724609,185.9856109619141,1959300
2022-08-17,195.0,196.8999938964844,193.8699951171875,195.92999267578125,184.4884185791016,1576200
2022-08-18,197.0500030517578,197.6300048828125,195.25,197.3500061035156,185.8255310058593,1750900
2022-08-19,195.2700042724609,197.22000122070312,193.8099975585937,195.6000061035156,184.177734375,2003600
2022-08-22,193.1100006103516,193.92999267578125,191.5500030517578,191.759994506836,180.5619506835937,2008900
2022-08-23,192.75,198.13999938964844,192.47999572753903,197.2100067138672,185.69366455078125,2444900
2022-08-24,197.5599975585937,198.67999267578125,193.4499969482422,194.1600036621093,182.8218231201172,2503200
2022-08-25,195.4900054931641,198.9100036621093,194.57000732421875,198.8800048828125,187.26617431640625,1888700
2022-08-26,199.3999938964844,200.3699951171875,191.72999572753903,191.9199981689453,180.7126007080078,2560400
2022-08-29,190.0,193.1699981689453,189.0,191.77999877929688,180.58074951171875,1996600
2022-08-30,191.5,191.9600067138672,184.58999633789065,186.94000244140625,176.02340698242188,2691200
2022-08-31,186.6300048828125,188.0599975585937,184.5,184.7100067138672,173.92364501953125,2656600
2022-09-01,182.2700042724609,183.2100067138672,180.10000610351562,182.44000244140625,171.7862091064453,2686200
2022-09-02,184.8500061035156,185.7400054931641,179.85000610351562,180.8300018310547,170.27020263671875,2185400
2022-09-06,182.8999938964844,183.6600036621093,179.58999633789062,180.6600036621093,170.1101531982422,2141700
2022-09-07,179.11000061035156,181.83999633789065,178.19000244140625,180.8600006103516,170.2984619140625,2166900
2022-09-08,179.67999267578125,183.27999877929688,178.0800018310547,183.1499938964844,172.4547119140625,2245700
2022-09-09,187.5500030517578,189.759994506836,187.22000122070312,189.4900054931641,178.4245147705078,2279600
2022-09-12,190.8500061035156,192.6999969482422,190.6100006103516,192.3999938964844,181.16455078125,1937200
2022-09-13,187.8500061035156,190.0500030517578,183.5,184.3099975585937,173.5469970703125,2207500
2022-09-14,183.9199981689453,185.13999938964844,181.8699951171875,184.6499938964844,173.86715698242188,2295000
2022-09-15,184.6699981689453,186.5399932861328,181.67999267578125,182.4900054931641,171.83328247070312,1933100
2022-09-16,180.0,180.33999633789065,177.77000427246094,179.47000122070312,168.9896240234375,5088300
2022-09-19,177.25,182.72999572753903,176.8000030517578,182.1100006103516,171.4754638671875,2923700
2022-09-20,180.58999633789065,180.72000122070312,176.30999755859375,177.99000549316406,167.59605407714844,2512400
2022-09-21,179.27999877929688,180.4900054931641,171.8800048828125,171.9499969482422,161.9087677001953,4061900
2022-09-22,172.6999969482422,174.6199951171875,170.2899932861328,170.5500030517578,160.59056091308594,2508400
2022-09-23,168.66000366210938,169.44000244140625,161.72999572753906,164.24000549316406,154.6490020751953,4047200
2022-09-26,164.0,165.85000610351562,162.22000122070312,162.6199951171875,153.1236114501953,3213400
2022-09-27,164.4600067138672,164.57000732421875,160.60000610351562,162.44000244140625,152.95411682128906,2753500
2022-09-28,164.5,168.47999572753906,163.5399932861328,167.75999450683594,157.96347045898438,3694800
2022-09-29,165.6999969482422,166.58999633789062,163.5399932861328,165.89999389648438,156.2120361328125,3518100
2022-09-30,165.88999938964844,167.77999877929688,163.88999938964844,164.0800018310547,154.49838256835938,2963000
2022-10-03,167.42999267578125,173.3699951171875,166.0500030517578,171.22999572753906,161.23081970214844,3444700
2022-10-04,174.3000030517578,180.19000244140625,174.2100067138672,179.6300048828125,169.1403045654297,4008200
2022-10-05,177.14999389648438,180.259994506836,176.69000244140625,178.3800048828125,167.9633026123047,3067400
2022-10-06,177.41000366210938,180.97999572753903,176.88999938964844,178.80999755859375,168.3681640625,2415000
2022-10-07,176.72000122070312,178.9600067138672,175.13999938964844,177.5500030517578,167.1817626953125,2759200
2022-10-10,179.80999755859375,181.1600036621093,176.07000732421875,178.6699981689453,168.23638916015625,2633900
2022-10-11,176.82000732421875,183.0800018310547,176.6699981689453,179.75,169.25328063964844,2542400
2022-10-12,179.47999572753906,181.1199951171875,178.77999877929688,179.5,169.0178680419922,2260800
2022-10-13,173.75,184.9499969482422,172.7100067138672,183.13999938964844,172.44532775878906,3745900
2022-10-14,183.75,184.3300018310547,177.52999877929688,178.19000244140625,167.78440856933594,2830200
2022-10-17,182.3000030517578,184.3099975585937,179.1999969482422,180.8000030517578,170.24197387695312,2940000
2022-10-18,184.8999938964844,185.52999877929688,180.9100036621093,183.5500030517578,172.83139038085938,2674000
2022-10-19,182.94000244140625,185.6999969482422,182.0,184.4100036621093,173.6411895751953,2088700
2022-10-20,184.5399932861328,185.7400054931641,180.4600067138672,180.5399932861328,169.99717712402344,2953900
2022-10-21,179.72999572753906,190.4100036621093,179.2100067138672,190.22000122070312,180.3103790283203,3483800
2022-10-24,188.6499938964844,192.13999938964844,188.4499969482422,191.3000030517578,181.3341064453125,2919500
2022-10-25,190.2899932861328,195.6699981689453,188.9199981689453,194.83999633789065,184.689682006836,2545000
2022-10-26,198.3000030517578,199.5800018310547,194.57000732421875,196.9600067138672,186.69923400878903,3546000
2022-10-27,210.1499938964844,217.1300048828125,207.3699951171875,212.13999938964844,201.0884246826172,7872200
2022-10-28,212.5,219.5,211.2100067138672,219.33999633789065,207.9133453369141,5161000
2022-10-31,215.33999633789065,218.8699951171875,215.009994506836,216.4600067138672,205.1833648681641,3786100
2022-11-01,218.6300048828125,219.47000122070312,216.7100067138672,218.5,207.1170959472656,2717500
2022-11-02,217.6000061035156,221.6999969482422,213.92999267578125,214.5399932861328,203.3633575439453,3150000
2022-11-03,211.5399932861328,221.7899932861328,211.3600006103516,219.259994506836,207.8374938964844,3570400
2022-11-04,224.0200042724609,229.72999572753903,223.6000061035156,227.8500061035156,215.9800262451172,4973800
2022-11-07,228.0,229.1300048828125,222.6699981689453,228.6100006103516,216.70037841796875,3405600
2022-11-08,228.6100006103516,232.6300048828125,226.6699981689453,229.8099975585937,217.8378753662109,3676600
2022-11-09,226.07000732421875,229.13999938964844,225.0599975585937,225.5399932861328,213.7903289794922,6248300
2022-11-10,232.22000122070312,232.58999633789065,226.3300018310547,232.4499969482422,220.3403778076172,4590800
2022-11-11,233.0,238.3999938964844,232.0,236.4900054931641,224.1699066162109,3585400
2022-11-14,236.0,239.8500061035156,234.5,236.5,224.1793670654297,3217700
2022-11-15,237.1000061035156,239.3999938964844,232.75,234.58999633789065,222.368881225586,3371000
2022-11-16,234.0,234.6600036621093,230.83999633789065,232.4199981689453,220.31190490722656,3062000
2022-11-17,227.75,230.52999877929688,225.509994506836,230.44000244140625,218.43507385253903,3256900
2022-11-18,230.8500061035156,231.83999633789065,227.6300048828125,231.42999267578125,219.3734741210937,2868700
2022-11-21,231.5500030517578,233.6699981689453,228.2700042724609,232.1699981689453,220.07492065429688,2522600
2022-11-22,234.0,237.47999572753903,233.3600006103516,237.259994506836,224.89976501464844,2523300
2022-11-23,237.6300048828125,239.6300048828125,235.6100006103516,236.9199981689453,224.5774841308593,2311300
2022-11-25,237.0,237.4900054931641,235.19000244140625,235.6999969482422,223.4210205078125,1034800
2022-11-28,233.94000244140625,234.9600067138672,231.57000732421875,232.3000030517578,220.1981658935547,2862100
2022-11-29,233.3000030517578,235.72999572753903,231.5500030517578,235.1199951171875,222.8712615966797,2277900
2022-11-30,235.8999938964844,236.759994506836,230.7899932861328,236.4100036621093,224.0940856933593,3850000
2022-12-01,236.8999938964844,237.0,231.94000244140625,235.69000244140625,223.4115447998047,2504700
2022-12-02,233.88999938964844,238.47000122070312,233.58999633789065,236.1300048828125,223.8286590576172,2218300
2022-12-05,234.8000030517578,235.9100036621093,232.259994506836,232.57000732421875,220.4541015625,2064500
2022-12-06,232.58999633789065,233.0500030517578,225.5599975585937,228.2899932861328,216.3970642089844,3633800
2022-12-07,227.0,229.83999633789065,225.77999877929688,228.97999572753903,217.0511169433593,3044000
2022-12-08,230.9100036621093,232.5,229.5399932861328,230.9199981689453,218.8900756835937,2189400
2022-12-09,232.0,232.8099975585937,227.19000244140625,227.2899932861328,215.4491729736328,2257000
2022-12-12,227.5500030517578,233.3999938964844,227.0200042724609,233.0599975585937,220.91856384277344,2709200
2022-12-13,237.82000732421875,237.9199981689453,232.1300048828125,235.4900054931641,223.22203063964844,2945200
2022-12-14,236.0599975585937,238.22000122070312,233.1199951171875,234.47999572753903,222.2645721435547,3513800
2022-12-15,232.1600036621093,232.92999267578125,227.72000122070312,230.6600036621093,218.6436309814453,2953200
2022-12-16,228.6300048828125,233.22000122070312,228.0500030517578,232.72000122070312,220.5962829589844,7610700
2022-12-19,233.8999938964844,236.92999267578125,230.92999267578125,232.2899932861328,220.18869018554688,2622400
2022-12-20,232.44000244140625,235.72000122070312,231.8600006103516,235.13999938964844,222.8902130126953,2649900
2022-12-21,237.6600036621093,241.9100036621093,237.6600036621093,241.72999572753903,229.1369171142578,4143600
2022-12-22,240.1499938964844,240.8000030517578,233.0399932861328,237.5399932861328,225.16519165039065,3129900
2022-12-23,236.9499969482422,240.5399932861328,236.5,239.8699951171875,227.3737945556641,1959900
2022-12-27,240.69000244140625,245.0500030517578,239.72000122070312,243.13999938964844,230.4734344482422,3381500
2022-12-28,243.13999938964844,243.82000732421875,238.27999877929688,239.3800048828125,226.90933227539065,2270000
2022-12-29,241.2100067138672,241.6100006103516,238.2700042724609,240.1999969482422,227.6865997314453,1652500
2022-12-30,239.38999938964844,240.1600036621093,237.6999969482422,239.5599975585937,227.07994079589844,1521100
2023-01-03,240.67999267578125,240.67999267578125,236.1999969482422,238.8800048828125,226.4353790283203,2651900
2023-01-04,240.0,242.1300048828125,238.5500030517578,241.3600006103516,228.78616333007807,2387900
2023-01-05,240.52999877929688,241.5399932861328,237.5599975585937,240.27999877929688,227.762435913086,2355900
2023-01-06,242.88999938964844,249.9100036621093,242.2400054931641,248.8600006103516,235.89547729492188,3945100
2023-01-09,249.009994506836,250.97000122070312,246.0,246.6199951171875,233.7721405029297,3417100
2023-01-10,246.9499969482422,250.83999633789065,246.4499969482422,250.509994506836,237.4595184326172,3011900
2023-01-11,251.4900054931641,251.88999938964844,247.1300048828125,250.72999572753903,237.66802978515625,2402400
2023-01-12,252.0,257.3800048828125,251.009994506836,255.07000732421875,241.7819366455078,3881500
2023-01-13,256.79998779296875,258.5799865722656,255.22999572753903,258.4599914550781,244.995361328125,3067800
2023-01-17,258.8599853515625,260.5,255.94000244140625,256.260009765625,242.90994262695312,4100100
2023-01-18,257.2799987792969,258.9100036621094,252.07000732421875,252.82000732421875,239.649169921875,3361400
2023-01-19,250.47999572753903,251.25,244.3000030517578,245.75,234.0584259033203,4885200
2023-01-20,246.8699951171875,249.9199981689453,244.759994506836,249.7100067138672,237.8300018310547,2964100
2023-01-23,250.75,253.67999267578125,249.2700042724609,252.6999969482422,240.6777801513672,2610200
2023-01-24,252.8800048828125,259.04998779296875,249.75,257.6099853515625,245.35415649414065,3505100
2023-01-25,254.52999877929688,259.19000244140625,254.32000732421875,258.44000244140625,246.14471435546875,2424900
2023-01-26,260.0,262.260009765625,256.8900146484375,262.1199951171875,249.649658203125,2677200
2023-01-27,262.4599914550781,266.0400085449219,262.1199951171875,264.5400085449219,251.9544982910156,2783000
2023-01-30,263.3399963378906,265.0,261.3099975585937,261.5,249.0591278076172,3426900
2023-01-31,257.0,257.3900146484375,246.4100036621093,252.2899932861328,240.28726196289065,10992100
2023-02-01,251.75,252.6999969482422,245.3099975585937,249.5399932861328,237.6681060791016,6022000
2023-02-02,249.3300018310547,249.52999877929688,241.8000030517578,244.8999938964844,233.24884033203125,6130300
2023-02-03,244.0,250.9499969482422,243.1300048828125,247.759994506836,235.97280883789065,4134700
2023-02-06,248.1100006103516,252.13999938964844,248.0,251.4199981689453,239.4586639404297,3528800
2023-02-07,250.5500030517578,252.0,245.3500061035156,249.6600036621093,237.7824249267578,3467900
2023-02-08,248.1000061035156,251.5599975585937,247.0800018310547,248.8699951171875,237.0299835205078,2300300
2023-02-09,250.0,251.97000122070312,245.47999572753903,246.27999877929688,234.563217163086,2464900
2023-02-10,246.27999877929688,248.6300048828125,244.63999938964844,247.6699981689453,235.8870849609375,2820300
2023-02-13,243.5,248.3800048828125,242.6499938964844,248.1499938964844,236.34423828125,3068100
2023-02-14,247.009994506836,247.3099975585937,241.6499938964844,244.3600006103516,232.73455810546875,2512900
2023-02-15,244.1999969482422,248.7700042724609,243.22999572753903,248.6999969482422,236.8680877685547,2398200
2023-02-16,246.5,248.52999877929688,244.5200042724609,246.5200042724609,234.7917938232422,1934900
2023-02-17,247.8600006103516,250.8600006103516,245.6300048828125,247.7899932861328,236.00135803222656,3759300
2023-02-21,244.5,248.0,239.75,240.7100067138672,229.2582092285156,3105900
2023-02-22,241.19000244140625,242.22999572753903,236.4199981689453,237.88999938964844,226.5723571777344,3145200
2023-02-23,240.6699981689453,240.8300018310547,235.6000061035156,237.9499969482422,226.6294860839844,3219000
2023-02-24,235.22999572753903,236.69000244140625,233.0200042724609,236.1699981689453,224.9342193603516,2105500
2023-02-27,239.1000061035156,241.25,238.72000122070312,239.97999572753903,228.5629425048828,1720900
2023-02-28,240.94000244140625,241.1000061035156,238.7100067138672,239.5500030517578,228.1533660888672,2647700
2023-03-01,242.009994506836,249.6999969482422,241.57000732421875,248.6699981689453,236.8394927978516,4117700
2023-03-02,246.509994506836,252.4900054931641,246.1300048828125,252.17999267578125,240.18251037597656,2676500
2023-03-03,252.38999938964844,255.3999938964844,249.9100036621093,255.3099975585937,243.1636199951172,2314700
2023-03-06,255.6499938964844,255.6999969482422,251.5800018310547,253.97999572753903,241.89686584472656,2317100
2023-03-07,254.0500030517578,254.75,245.9499969482422,246.13999938964844,234.42987060546875,3018400
2023-03-08,247.9900054931641,251.1100006103516,246.75,248.72000122070312,236.8871307373047,2068600
2023-03-09,248.9499969482422,250.1300048828125,240.6100006103516,240.9600067138672,229.496322631836,2518800
2023-03-10,236.3099975585937,238.1300048828125,225.8000030517578,227.009994506836,216.2099609375,5767500
2023-03-13,222.5800018310547,228.3300018310547,221.5399932861328,224.6999969482422,214.0098876953125,4885100
2023-03-14,228.9900054931641,229.58999633789065,222.1999969482422,225.6699981689453,214.9337310791016,3754900
2023-03-15,219.3999938964844,221.17999267578125,212.57000732421875,217.259994506836,206.923828125,5471700
2023-03-16,215.6699981689453,219.8099975585937,213.32000732421875,218.7100067138672,208.3048858642578,3555000
2023-03-17,217.3999938964844,217.3999938964844,211.42999267578125,215.009994506836,204.78086853027344,7203000
2023-03-20,217.3500061035156,221.8699951171875,216.47999572753903,220.3099975585937,209.8287353515625,3464200
2023-03-21,224.0599975585937,226.0,223.6100006103516,224.9199981689453,214.2194061279297,3074600
2023-03-22,225.1699981689453,226.58999633789065,219.8600006103516,219.9499969482422,209.48583984375,2930200
2023-03-23,220.509994506836,225.3000030517578,217.6000061035156,219.44000244140625,209.0001220703125,2957400
2023-03-24,216.8500061035156,217.42999267578125,213.13999938964844,217.009994506836,206.6857147216797,2976800
2023-03-27,214.92999267578125,218.9600067138672,213.9199981689453,218.0,207.62863159179688,3209500
2023-03-28,218.1499938964844,220.5599975585937,217.7100067138672,220.1600036621093,209.6858673095703,1802000
2023-03-29,222.7400054931641,223.22000122070312,221.5,223.0,212.3907470703125,1857300
2023-03-30,225.0500030517578,226.33999633789065,223.9900054931641,224.5399932861328,213.8574981689453,1921100
2023-03-31,226.3800048828125,229.0599975585937,224.8999938964844,228.83999633789065,217.9529266357422,2746700
2023-04-03,230.009994506836,233.8500061035156,228.8600006103516,229.8699951171875,218.9339141845703,2242500
2023-04-04,228.8999938964844,229.4900054931641,216.25,217.4499969482422,207.1047821044922,4282100
2023-04-05,216.1999969482422,217.8800048828125,211.5500030517578,213.52999877929688,203.3712921142578,4265300
2023-04-06,212.6699981689453,213.0,208.94000244140625,209.1699981689453,199.21875,4180100
2023-04-10,210.22000122070312,216.08999633789065,209.32000732421875,215.52999877929688,205.27615356445312,3839000
2023-04-11,216.1699981689453,222.8999938964844,216.1699981689453,220.6000061035156,210.10494995117188,3882000
2023-04-12,222.1499938964844,223.22000122070312,219.88999938964844,220.5,210.0097045898437,2385100
2023-04-13,219.94000244140625,222.17999267578125,216.6600036621093,221.6699981689453,211.12403869628903,2909100
2023-04-14,222.9900054931641,225.8300018310547,221.44000244140625,223.67999267578125,213.0384063720703,2246900
2023-04-17,225.009994506836,226.9199981689453,224.3000030517578,225.2400054931641,214.52420043945312,1751800
2023-04-18,225.5599975585937,227.5,224.0599975585937,225.1999969482422,214.486083984375,2567100
2023-04-19,224.8000030517578,225.1499938964844,222.4100036621093,224.6499938964844,213.9622344970703,2078400
2023-04-20,222.4199981689453,224.22000122070312,220.92999267578125,222.2700042724609,211.6955108642578,2826800
2023-04-21,220.6699981689453,220.9900054931641,217.5,220.2700042724609,210.92941284179688,2712500
2023-04-24,220.52999877929688,223.69000244140625,220.52999877929688,223.42999267578125,213.9553985595703,2790700
2023-04-25,222.3600006103516,223.22999572753903,218.2700042724609,218.6300048828125,209.35894775390625,2505600
2023-04-26,217.72999572753903,220.38999938964844,216.1199951171875,216.19000244140625,207.0224151611328,3254700
2023-04-27,210.47999572753903,216.0800018310547,204.0399932861328,214.3300018310547,205.2412872314453,7711100
2023-04-28,213.2400054931641,220.5599975585937,213.0,218.8000030517578,209.521728515625,4669500
2023-05-01,219.33999633789065,221.9600067138672,216.52999877929688,217.2700042724609,208.056640625,2876400
2023-05-02,217.1100006103516,217.1100006103516,210.58999633789065,215.1499938964844,206.02651977539065,2858000
2023-05-03,215.63999938964844,219.1699981689453,214.8600006103516,215.63999938964844,206.4957275390625,2635100
2023-05-04,216.0500030517578,216.92999267578125,209.3300018310547,210.3800048828125,201.4587860107422,3211000
2023-05-05,213.58999633789065,215.67999267578125,212.3999938964844,215.08999633789065,205.9690399169922,2716600
2023-05-08,216.44000244140625,218.1100006103516,213.6300048828125,214.7899932861328,205.6817626953125,2414100
2023-05-09,213.7400054931641,215.38999938964844,211.9499969482422,213.4900054931641,204.43690490722656,4111900
2023-05-10,215.42999267578125,215.9900054931641,210.19000244140625,213.1699981689453,204.13047790527344,2446100
2023-05-11,209.0,210.27999877929688,208.4199981689453,210.02999877929688,201.1236267089844,3263300
2023-05-12,211.7100067138672,212.5500030517578,207.92999267578125,209.5399932861328,200.65440368652344,2172600
2023-05-15,210.3099975585937,213.3099975585937,209.1499938964844,211.2899932861328,202.3302154541016,1925600
2023-05-16,210.0500030517578,210.2700042724609,207.0500030517578,207.1999969482422,198.4136505126953,2771500
2023-05-17,209.27999877929688,213.83999633789065,208.6499938964844,212.1000061035156,203.1058654785156,2897400
2023-05-18,211.0,215.6600036621093,210.22999572753903,214.72000122070312,205.61474609375,2643600
2023-05-19,219.4600067138672,219.88999938964844,212.9499969482422,214.77999877929688,205.6721954345703,4402100
2023-05-22,214.25,217.1600036621093,211.88999938964844,214.259994506836,205.1742401123047,2540600
2023-05-23,213.1999969482422,215.259994506836,211.3500061035156,212.7100067138672,203.6899871826172,2298300
2023-05-24,211.8099975585937,212.47999572753903,209.22000122070312,209.6999969482422,200.80763244628903,2964000
2023-05-25,209.69000244140625,211.7899932861328,208.6000061035156,209.97999572753903,201.0757293701172,2243600
2023-05-26,211.7400054931641,213.27999877929688,210.2100067138672,211.8000030517578,202.818588256836,1973900
2023-05-30,211.17999267578125,212.88999938964844,208.25,209.8999938964844,200.9991149902344,2885900
2023-05-31,209.1300048828125,210.77999877929688,205.6000061035156,205.75,197.0251617431641,5937000
2023-06-01,207.67999267578125,210.57000732421875,206.0399932861328,209.07000732421875,200.204345703125,2989100
2023-06-02,214.9499969482422,227.77999877929688,214.009994506836,226.6300048828125,217.0197296142578,8358200
2023-06-05,226.9900054931641,226.9900054931641,220.75,222.47000122070312,213.0360870361328,3438400
2023-06-06,221.8600006103516,228.2700042724609,221.4499969482422,226.67999267578125,217.0675506591797,3230100
2023-06-07,227.8099975585937,236.3600006103516,226.27999877929688,235.5500030517578,225.5614624023437,5586400
2023-06-08,234.5399932861328,236.27999877929688,231.7400054931641,234.4499969482422,224.5081024169922,3546800
2023-06-09,235.6999969482422,235.8099975585937,231.42999267578125,235.02999877929688,225.06353759765625,2488500
2023-06-12,235.22999572753903,238.88999938964844,233.32000732421875,237.8999938964844,227.81179809570312,3644200
2023-06-13,240.0800018310547,246.67999267578125,239.67999267578125,245.44000244140625,235.0320587158203,4335100
2023-06-14,246.8000030517578,248.32000732421875,241.57000732421875,243.32000732421875,233.001953125,3122400
2023-06-15,244.0,248.3800048828125,243.47999572753903,247.6699981689453,237.1675262451172,2743900
2023-06-16,249.3999938964844,250.88999938964844,244.97000122070312,245.2700042724609,234.8692779541016,5261200
2023-06-20,242.3300018310547,243.22000122070312,240.5500030517578,241.1499938964844,230.92398071289065,2979800
2023-06-21,238.83999633789065,245.259994506836,238.02999877929688,241.47999572753903,231.239974975586,2892500
2023-06-22,240.22999572753903,240.97999572753903,235.9499969482422,237.33999633789065,227.2755584716797,2421600
2023-06-23,234.44000244140625,235.8600006103516,231.27999877929688,234.44000244140625,224.4985198974609,3354000
2023-06-26,235.4600067138672,239.6199951171875,235.1300048828125,236.9499969482422,226.90206909179688,1748300
2023-06-27,237.47999572753903,240.83999633789065,235.32000732421875,240.69000244140625,230.4834899902344,2283000
2023-06-28,239.2899932861328,242.0500030517578,237.8600006103516,241.8699951171875,231.6134796142578,2200100
2023-06-29,241.94000244140625,246.8600006103516,241.3699951171875,244.2400054931641,233.88296508789065,2070000
2023-06-30,246.57000732421875,246.92999267578125,243.88999938964844,246.0500030517578,235.61618041992188,2377900
2023-07-03,245.9499969482422,248.38999938964844,245.2700042724609,247.3300018310547,236.8419189453125,1045700
2023-07-05,245.0,247.5,244.1199951171875,244.8300018310547,234.44793701171875,1820600
2023-07-06,242.75,243.8699951171875,238.83999633789065,240.5800018310547,230.3781890869141,3079700
2023-07-07,240.19000244140625,247.8000030517578,240.1100006103516,245.17999267578125,234.7830810546875,2903900
2023-07-10,244.509994506836,249.3600006103516,244.08999633789065,248.8099975585937,238.25917053222656,2771900
2023-07-11,249.83999633789065,254.47000122070312,249.83999633789065,252.8500061035156,242.1278533935547,3293300
2023-07-12,255.4900054931641,257.6400146484375,251.44000244140625,253.6000061035156,242.8460388183593,2986200
2023-07-13,254.5599975585937,256.4599914550781,252.7400054931641,255.8600006103516,245.0101776123047,1949400
2023-07-14,256.4800109863281,256.4800109863281,252.9100036621093,255.6199951171875,244.7803649902344,1936800
2023-07-17,254.2700042724609,258.8500061035156,252.009994506836,257.4599914550781,246.54229736328125,2674500
2023-07-18,257.6300048828125,264.1600036621094,256.92999267578125,263.8099975585937,252.6231231689453,3832400
2023-07-19,260.1400146484375,262.9200134277344,259.70001220703125,262.75,252.8540496826172,2771900
2023-07-20,264.1700134277344,265.3999938964844,260.44000244140625,261.0899963378906,251.256576538086,2102300
2023-07-21,261.75,261.760009765625,257.510009765625,257.6499938964844,247.9461364746093,2249900
2023-07-24,258.29998779296875,262.44000244140625,258.1000061035156,259.3699951171875,249.601318359375,2195300
2023-07-25,260.1000061035156,263.8800048828125,259.44000244140625,262.0599975585937,252.19004821777344,2016600
2023-07-26,260.5299987792969,262.5400085449219,257.25,258.32000732421875,248.5909118652344,2622800
2023-07-27,258.9700012207031,261.1000061035156,256.82000732421875,258.29998779296875,248.5716552734375,2284400
2023-07-28,259.92999267578125,262.9800109863281,258.989990234375,260.42999267578125,250.62144470214844,2101200
2023-07-31,262.75,265.2099914550781,261.6600036621094,265.1700134277344,255.1828765869141,3568700
2023-08-01,272.75,288.7799987792969,270.5,288.6499938964844,277.778564453125,11823200
2023-08-02,287.75,293.8800048828125,286.0899963378906,287.57000732421875,276.7392578125,6288300
2023-08-03,285.5400085449219,287.94000244140625,281.04998779296875,281.45001220703125,270.84979248046875,4743500
2023-08-04,283.20001220703125,283.5,275.3599853515625,276.44000244140625,266.0284423828125,3888200
2023-08-07,277.1199951171875,281.9599914550781,275.8900146484375,281.6499938964844,271.042236328125,2438200
2023-08-08,278.0,283.95001220703125,274.7799987792969,282.8900146484375,272.2355041503906,2519500
2023-08-09,284.6600036621094,287.1199951171875,283.8800048828125,284.5299987792969,273.8137512207031,3088600
2023-08-10,284.489990234375,287.6600036621094,281.19000244140625,283.82000732421875,273.1304931640625,2647100
2023-08-11,283.94000244140625,286.0400085449219,282.6099853515625,285.2200012207031,274.4777526855469,1874100
2023-08-14,284.0599975585937,285.6000061035156,281.2699890136719,284.5400085449219,273.8233642578125,2194000
2023-08-15,282.5199890136719,282.6400146484375,277.04998779296875,277.3699951171875,266.9234313964844,2593600
2023-08-16,277.0,281.7099914550781,274.0799865722656,274.510009765625,264.171142578125,2831300
2023-08-17,277.0199890136719,279.54998779296875,274.6600036621094,275.1700134277344,264.8063049316406,2534700
2023-08-18,273.010009765625,275.69000244140625,271.1099853515625,273.79998779296875,263.4878845214844,2533000
2023-08-21,274.75,276.239990234375,268.79998779296875,272.75,262.4774169921875,2207400
2023-08-22,273.94000244140625,274.1300048828125,269.6700134277344,270.20001220703125,260.0234680175781,1668800
2023-08-23,270.29998779296875,273.760009765625,269.1099853515625,273.0299987792969,262.74688720703125,1677800
2023-08-24,271.6000061035156,274.69000244140625,269.20001220703125,269.29998779296875,259.1573791503906,1433600
2023-08-25,271.5199890136719,273.6199951171875,268.8299865722656,272.5599975585937,262.2945861816406,1291700
2023-08-28,273.5,277.0,273.0400085449219,274.7900085449219,264.44061279296875,1550700
2023-08-29,275.0,280.1300048828125,273.42999267578125,280.0299987792969,269.48321533203125,2065800
2023-08-30,280.0299987792969,283.8099975585937,279.8099975585937,282.3299865722656,271.69659423828125,1431000
2023-08-31,283.6400146484375,284.8099975585937,280.8399963378906,281.1300048828125,270.5418701171875,2579000
2023-09-01,284.79998779296875,287.07000732421875,283.6499938964844,286.25,275.468994140625,2336600
2023-09-05,286.3399963378906,289.4100036621094,281.3800048828125,281.6300048828125,271.02301025390625,2515600
2023-09-06,280.4200134277344,284.4700012207031,279.0400085449219,282.8999938964844,272.2451171875,1688900
2023-09-07,280.92999267578125,283.4800109863281,277.6499938964844,281.42999267578125,270.8304748535156,1593200
2023-09-08,281.57000732421875,283.3900146484375,279.1199951171875,282.2799987792969,271.6485290527344,1240100
2023-09-11,284.5599975585937,285.0,279.95001220703125,282.04998779296875,271.4271240234375,1515300
2023-09-12,280.260009765625,284.7099914550781,279.82000732421875,281.8099975585937,271.1961975097656,1587300
2023-09-13,280.2099914550781,282.739990234375,273.0299987792969,275.9200134277344,265.52801513671875,2119300
2023-09-14,279.0,283.17999267578125,277.8299865722656,282.5599975585937,271.9179992675781,2660500
2023-09-15,281.8699951171875,281.8699951171875,277.3299865722656,279.1499938964844,268.6363525390625,4940900
2023-09-18,279.0599975585937,282.75,278.8500061035156,280.94000244140625,270.3589172363281,1363200
2023-09-19,280.0799865722656,283.5,277.6499938964844,279.6700134277344,269.13677978515625,2313500
2023-09-20,281.5,286.6000061035156,278.0799865722656,278.6099853515625,268.1167297363281,2380300
2023-09-21,276.2099914550781,276.2099914550781,271.6000061035156,272.0299987792969,261.7845458984375,2277600
2023-09-22,272.010009765625,275.1000061035156,271.6099853515625,273.0599975585937,262.7757263183594,1707800
2023-09-25,270.75,274.8299865722656,270.07000732421875,274.2699890136719,263.940185546875,1257400
2023-09-26,271.1499938964844,273.4200134277344,269.1499938964844,269.5199890136719,259.3691101074219,1756400
2023-09-27,271.0,274.2300109863281,269.20001220703125,272.7099914550781,262.4389343261719,1991600
2023-09-28,273.489990234375,278.25,272.2200012207031,276.239990234375,265.83599853515625,1994700
2023-09-29,279.0799865722656,279.54998779296875,271.3599853515625,273.0,262.7179870605469,2257800
2023-10-02,272.6400146484375,276.8099975585937,270.239990234375,271.7200012207031,261.4862365722656,1778200
2023-10-03,271.2099914550781,273.5799865722656,267.5400085449219,268.9700012207031,258.8397827148437,2187900
2023-10-04,267.5,267.82000732421875,262.7799987792969,265.0299987792969,255.04815673828125,2970100
2023-10-05,263.8999938964844,265.94000244140625,260.42999267578125,260.79998779296875,250.97750854492188,2639300
2023-10-06,261.57000732421875,268.4200134277344,258.2699890136719,266.0400085449219,256.0201416015625,2293400
2023-10-09,266.0400085449219,271.6099853515625,264.6499938964844,271.29998779296875,261.08203125,1640800
2023-10-10,272.6499938964844,275.1000061035156,271.8299865722656,273.2099914550781,262.9201354980469,2009000
2023-10-11,273.5299987792969,274.4100036621094,269.8999938964844,272.8299865722656,262.5544128417969,1538200
2023-10-12,273.79998779296875,273.79998779296875,266.19000244140625,269.6099853515625,259.4556579589844,1910500
2023-10-13,270.489990234375,273.94000244140625,266.1000061035156,267.94000244140625,257.8486328125,1918300
2023-10-16,272.1199951171875,273.9700012207031,269.5799865722656,270.7900085449219,260.5912475585937,1678600
2023-10-17,268.5799865722656,275.5599975585937,268.5799865722656,272.6499938964844,262.3811950683594,2110100
2023-10-18,268.5,269.0,258.75,259.2200012207031,249.45703125,4257100
2023-10-19,257.9100036621094,260.0,251.759994506836,252.88999938964844,243.36541748046875,3850000
2023-10-20,251.3099975585937,253.4900054931641,248.1600036621093,249.1999969482422,241.0535583496093,3103500
2023-10-23,247.6300048828125,251.6100006103516,246.5599975585937,247.32000732421875,239.2350006103516,3193200
2023-10-24,250.25,251.72000122070312,247.25,249.5500030517578,241.39210510253903,2304600
2023-10-25,249.8699951171875,250.7700042724609,244.5,244.94000244140625,236.93283081054688,2542400
2023-10-26,245.52999877929688,246.72999572753903,240.4100036621093,242.42999267578125,234.50485229492188,3859200
2023-10-27,243.0500030517578,243.9199981689453,237.8600006103516,238.5599975585937,230.76138305664065,3229900
2023-10-30,240.94000244140625,243.6000061035156,239.17999267578125,242.1600036621093,234.24368286132807,4478300
2023-10-31,227.6499938964844,230.5399932861328,223.759994506836,226.0500030517578,218.66033935546875,12093300
2023-11-01,225.1100006103516,232.6499938964844,223.9199981689453,231.8300018310547,224.2513885498047,4932800
2023-11-02,235.8000030517578,239.58999633789065,232.8800048828125,239.1199951171875,231.3030242919922,7749900
2023-11-03,241.509994506836,244.2400054931641,238.17999267578125,240.75,232.8797912597656,3929500
2023-11-06,241.509994506836,242.9199981689453,236.3600006103516,238.27999877929688,230.4905242919922,2891500
2023-11-07,234.5800018310547,237.13999938964844,233.57000732421875,234.9199981689453,227.24038696289065,4074000
2023-11-08,236.0,237.7899932861328,234.4499969482422,234.82000732421875,227.1436309814453,2532500
2023-11-09,237.44000244140625,239.27999877929688,233.82000732421875,234.1499938964844,226.4955444335937,2708800
2023-11-10,235.33999633789065,240.1499938964844,234.6199951171875,239.67999267578125,231.8447723388672,2525200
2023-11-13,238.8800048828125,243.3099975585937,238.8800048828125,241.6699981689453,233.76968383789065,3035700
2023-11-14,246.75,249.5500030517578,244.69000244140625,247.8600006103516,239.75733947753903,3441800
2023-11-15,249.5200042724609,252.92999267578125,248.6000061035156,251.08999633789065,242.8817596435547,3739900
2023-11-16,250.5,252.9199981689453,246.6000061035156,248.2100067138672,240.09591674804688,2625000
2023-11-17,250.08999633789065,254.259994506836,250.0,253.07000732421875,244.7970428466797,2792500
2023-11-20,252.6100006103516,252.8999938964844,248.6600036621093,250.4499969482422,242.26266479492188,2661400
2023-11-21,249.44000244140625,249.8500061035156,248.32000732421875,249.4100036621093,241.2566680908203,1765500
2023-11-22,241.83999633789065,247.6300048828125,241.8099975585937,246.009994506836,237.9678192138672,3593700
2023-11-24,246.75,248.8999938964844,246.6999969482422,247.3600006103516,239.2737274169922,982200
2023-11-27,246.9600067138672,248.22000122070312,246.32000732421875,247.38999938964844,239.3027191162109,1743300
2023-11-28,247.7400054931641,248.8699951171875,246.009994506836,247.5,239.4091186523437,2149900
2023-11-29,249.67999267578125,251.5800018310547,248.3099975585937,249.4499969482422,241.29537963867188,2224700
2023-11-30,251.0399932861328,251.5,247.83999633789065,250.72000122070312,242.5238494873047,3210500
2023-12-01,251.9100036621093,257.44000244140625,251.009994506836,256.760009765625,248.36642456054688,3731500
2023-12-04,253.57000732421875,255.52999877929688,252.4199981689453,254.75,246.422119140625,3028700
2023-12-05,253.77999877929688,257.20001220703125,253.77999877929688,255.19000244140625,246.84771728515625,2682200
2023-12-06,256.79998779296875,261.010009765625,255.57000732421875,255.97000122070312,247.60223388671875,3632600
2023-12-07,257.2099914550781,259.3800048828125,255.8099975585937,257.4100036621094,248.99514770507807,2162500
2023-12-08,257.3800048828125,261.6400146484375,257.0,259.5,251.01681518554688,3258200
2023-12-11,259.8399963378906,262.239990234375,259.5,260.9200134277344,252.3904266357422,2898300
2023-12-12,259.989990234375,262.489990234375,259.1199951171875,261.42999267578125,252.8837890625,2375700
2023-12-13,261.3999938964844,268.2300109863281,259.2799987792969,267.9700012207031,259.2099304199219,3708300
2023-12-14,272.45001220703125,285.4599914550781,270.54998779296875,285.1700134277344,275.84765625,6464100
2023-12-15,280.1000061035156,286.8500061035156,279.9800109863281,285.739990234375,276.3990173339844,7321200
2023-12-18,286.739990234375,288.8800048828125,284.57000732421875,285.7099914550781,276.3700256347656,2691700
2023-12-19,286.79998779296875,293.0299987792969,286.1600036621094,292.9599914550781,283.38299560546875,3659600
2023-12-20,291.92999267578125,298.2699890136719,289.5199890136719,289.7099914550781,280.2392578125,3818400
2023-12-21,289.8999938964844,290.7300109863281,286.6000061035156,290.07000732421875,280.5874938964844,3209300
2023-12-22,290.3099975585937,292.8299865722656,288.9100036621094,290.3599853515625,280.8680114746094,2833800
2023-12-26,291.5899963378906,297.0899963378906,291.0,295.6300048828125,285.9657287597656,2019000
2023-12-27,295.6300048828125,299.1499938964844,294.7300109863281,298.1199951171875,288.374267578125,1876500
2023-12-28,297.1000061035156,299.20001220703125,296.0400085449219,296.8800048828125,287.17486572265625,2267400
2023-12-29,296.8500061035156,298.239990234375,293.20001220703125,295.6700134277344,286.00445556640625,2300600
2024-01-02,293.42999267578125,296.6400146484375,291.3500061035156,292.7099914550781,283.14117431640625,2433100
2024-01-03,288.3900146484375,288.92999267578125,283.32000732421875,284.29998779296875,275.0060729980469,3043400
2024-01-04,284.4100036621094,288.2200012207031,283.7900085449219,286.1000061035156,276.7472839355469,2995400
2024-01-05,286.25,291.0,285.4700012207031,288.92999267578125,279.4847412109375,2684800
2024-01-08,287.5599975585937,292.67999267578125,285.239990234375,292.25,282.6961669921875,2369100
2024-01-09,289.2300109863281,292.3599853515625,288.0,292.2900085449219,282.73492431640625,1974500
2024-01-10,292.1499938964844,294.54998779296875,291.4599914550781,293.3500061035156,283.7602233886719,2048000
2024-01-11,294.6000061035156,295.6000061035156,289.4100036621094,292.0599975585937,282.512451171875,1941400
2024-01-12,295.2699890136719,295.8299865722656,288.92999267578125,290.4100036621094,280.9163818359375,1955600
2024-01-16,288.8800048828125,290.2099914550781,285.6000061035156,287.2300109863281,277.8403625488281,3140100
2024-01-17,278.8299865722656,282.0199890136719,276.94000244140625,278.6300048828125,269.521484375,3789200
2024-01-18,280.0199890136719,282.5299987792969,277.6600036621094,281.8999938964844,272.6845397949219,2479300
2024-01-19,282.32000732421875,286.0799865722656,278.95001220703125,285.2799987792969,277.2325439453125,3116000
2024-01-22,286.1000061035156,290.5899963378906,286.1000061035156,288.6700134277344,280.5269470214844,2072200
2024-01-23,290.5,292.8800048828125,287.5199890136719,288.8299865722656,280.6824035644531,1866300
2024-01-24,290.8399963378906,292.6099853515625,288.3399963378906,290.67999267578125,282.480224609375,2765900
2024-01-25,294.0,303.3099975585937,293.1300048828125,300.7699890136719,292.2855529785156,4647100
2024-01-26,301.0,302.9800109863281,298.6600036621094,299.42999267578125,290.9833984375,2920500
2024-01-29,299.0199890136719,303.70001220703125,297.45001220703125,303.25,294.6956481933594,2101400
2024-01-30,300.510009765625,305.7300109863281,300.510009765625,304.760009765625,296.1630249023437,2150200
2024-01-31,305.57000732421875,305.75,299.92999267578125,300.3099975585937,291.83856201171875,2813000
2024-02-01,303.239990234375,308.07000732421875,301.94000244140625,307.69000244140625,299.0103759765625,3196300
2024-02-02,307.0,317.3699951171875,306.0,315.0899963378906,306.20166015625,4661500
2024-02-05,334.8699951171875,334.8699951171875,315.9100036621094,321.3999938964844,312.3336486816406,6557500
2024-02-06,323.19000244140625,327.42999267578125,319.07000732421875,322.7200012207031,313.6164245605469,2825700
2024-02-07,322.94000244140625,327.82000732421875,321.1000061035156,323.5899963378906,314.4618530273437,3203000
2024-02-08,324.6700134277344,326.42999267578125,321.4200134277344,322.0,312.9167175292969,1986100
2024-02-09,322.0,322.3299865722656,315.57000732421875,317.1600036621094,308.2132568359375,2823000
2024-02-12,317.2099914550781,323.0899963378906,316.510009765625,321.6300048828125,312.55712890625,2483600
2024-02-13,315.7900085449219,316.0,310.7900085449219,312.8399963378906,304.0150756835937,2923200
2024-02-14,316.010009765625,317.8500061035156,313.9700012207031,316.7099914550781,307.77593994140625,1887100
2024-02-15,315.95001220703125,323.2099914550781,315.4599914550781,323.07000732421875,313.95654296875,2362900
2024-02-16,323.7200012207031,328.29998779296875,321.44000244140625,321.9100036621094,312.8292541503906,2513200
2024-02-20,317.260009765625,319.0,312.739990234375,313.739990234375,304.88970947265625,2701600
2024-02-21,312.8999938964844,317.82000732421875,312.8999938964844,317.1400146484375,308.1938171386719,1779700
2024-02-22,321.0,323.3699951171875,320.3399963378906,322.0899963378906,313.004150390625,1875800
2024-02-23,323.0,325.0799865722656,322.04998779296875,323.8800048828125,314.7436828613281,1575000
2024-02-26,323.6499938964844,327.239990234375,322.25,325.3800048828125,316.2013244628906,1650000
2024-02-27,326.9800109863281,327.95001220703125,323.7699890136719,327.6300048828125,318.387939453125,1640900
2024-02-28,327.3900146484375,331.67999267578125,326.989990234375,329.5599975585937,320.263427734375,1471000
2024-02-29,331.0,334.8900146484375,330.1000061035156,333.9599914550781,324.5393371582031,2699800
2024-03-01,334.0,337.7699890136719,333.6000061035156,336.70001220703125,327.2020568847656,1815500
2024-03-04,335.6000061035156,340.260009765625,334.7900085449219,338.6499938964844,329.09698486328125,1551000
2024-03-05,335.4200134277344,338.989990234375,331.739990234375,333.5299987792969,324.1214599609375,2030000
2024-03-06,336.25,337.7300109863281,334.1600036621094,335.6300048828125,326.1622314453125,1542300
2024-03-07,338.510009765625,342.3399963378906,338.42999267578125,340.2200012207031,330.62274169921875,1732500
2024-03-08,342.07000732421875,344.5,338.1000061035156,339.19000244140625,329.6217956542969,2307400
2024-03-11,337.0,338.2099914550781,331.5299987792969,334.9700012207031,325.5208740234375,1868000
2024-03-12,335.2799987792969,338.3900146484375,332.739990234375,337.239990234375,327.726806640625,1645900
2024-03-13,338.1400146484375,343.1000061035156,337.3900146484375,341.5199890136719,331.8860778808594,1818800
2024-03-14,344.54998779296875,346.8399963378906,338.94000244140625,341.9200134277344,332.2748107910156,2110200
2024-03-15,342.9700012207031,347.2900085449219,341.1499938964844,346.9700012207031,337.1823425292969,4406000
2024-03-18,348.0799865722656,353.3399963378906,347.8599853515625,351.8999938964844,341.9732666015625,2528200
2024-03-19,351.6000061035156,354.0,349.6199951171875,353.8999938964844,343.9168395996094,2207600
2024-03-20,351.1199951171875,358.17999267578125,348.1400146484375,356.45001220703125,346.3948974609375,2563900
2024-03-21,357.6700134277344,365.2000122070313,356.7200012207031,364.55999755859375,354.2760925292969,2616300
2024-03-22,364.6000061035156,365.5199890136719,357.8599853515625,358.1099853515625,348.0080871582031,2052000
2024-03-25,356.9599914550781,358.8699951171875,355.0299987792969,355.95001220703125,345.9090576171875,1774800
2024-03-26,356.4599914550781,359.5899963378906,356.0,356.3900146484375,346.3365478515625,1637200
2024-03-27,358.7200012207031,364.80999755859375,357.8800048828125,364.6499938964844,354.36358642578125,2262800
2024-03-28,364.6199951171875,367.2200012207031,363.5299987792969,366.4299926757813,356.0933837890625,2028600
2024-04-01,367.4800109863281,367.9299926757813,362.6400146484375,363.739990234375,353.479248046875,1953800
2024-04-02,362.30999755859375,364.989990234375,361.4800109863281,364.8299865722656,354.5385437011719,1968900
2024-04-03,365.489990234375,376.0700073242188,364.6000061035156,375.7900085449219,365.1893310546875,2623700
2024-04-04,377.3699951171875,381.0299987792969,368.8800048828125,369.7900085449219,359.3586120605469,2492200
2024-04-05,372.5,381.0,371.7900085449219,379.2999877929688,368.6003723144531,2068300
2024-04-08,379.1099853515625,382.010009765625,372.8900146484375,373.4700012207031,362.9347534179688,2690000
2024-04-09,375.0299987792969,377.1600036621094,365.510009765625,371.8999938964844,361.4090881347656,2042700
2024-04-10,366.2000122070313,372.6199951171875,364.3900146484375,372.0700073242188,361.5743103027344,2148500
2024-04-11,372.6300048828125,373.3699951171875,366.8999938964844,371.9800109863281,361.48681640625,2535700
2024-04-12,368.6400146484375,372.8399963378906,362.6799926757813,365.6300048828125,355.31597900390625,2072900
2024-04-15,372.9700012207031,374.4599914550781,362.1099853515625,363.9100036621094,353.6445007324219,2171000
2024-04-16,363.0199890136719,363.4599914550781,357.17999267578125,359.8800048828125,349.7281799316406,2513900
2024-04-17,362.6499938964844,362.9100036621094,352.8800048828125,358.32000732421875,348.2121887207031,2313800
2024-04-18,361.1499938964844,363.4800109863281,356.1700134277344,357.92999267578125,347.8331604003906,2380700
2024-04-19,358.2900085449219,360.9500122070313,352.1400146484375,354.6600036621094,345.9117736816406,2929600
2024-04-22,356.1000061035156,362.0,353.239990234375,357.6099853515625,348.7890319824219,2085400
2024-04-23,360.0,365.5199890136719,359.0400085449219,363.25,354.2899169921875,1810700
2024-04-24,363.9500122070313,368.1700134277344,358.8999938964844,363.5199890136719,354.5531921386719,3032700
2024-04-25,330.44000244140625,341.94000244140625,330.32000732421875,338.0,329.6627197265625,6459600
2024-04-26,338.44000244140625,345.5,338.3299865722656,343.3800048828125,334.90997314453125,3324600
2024-04-29,343.9800109863281,350.95001220703125,343.9800109863281,349.79998779296875,341.1716613769531,2171400
2024-04-30,347.0199890136719,347.7699890136719,333.1199951171875,334.57000732421875,326.3173217773437,4201700
2024-05-01,333.3800048828125,338.5,330.739990234375,331.07000732421875,322.90362548828125,3520600
2024-05-02,333.5199890136719,336.1600036621094,329.25,335.44000244140625,327.1658630371094,2492000
2024-05-03,338.0899963378906,341.6099853515625,334.9800109863281,336.75,328.4435729980469,1977100
2024-05-06,340.8699951171875,342.54998779296875,339.70001220703125,342.1000061035156,333.6615600585937,1653900
2024-05-07,344.4700012207031,348.5400085449219,343.3999938964844,345.0,336.4900817871094,1965600
2024-05-08,340.0,346.2699890136719,338.739990234375,344.5,336.0024108886719,2260300
2024-05-09,345.9200134277344,352.8800048828125,345.42999267578125,351.7799987792969,343.102783203125,3208900
2024-05-10,355.0,357.510009765625,353.5199890136719,354.7900085449219,346.0386047363281,2210600
2024-05-13,354.79998779296875,358.54998779296875,354.3699951171875,356.67999267578125,347.8819580078125,2051200
2024-05-14,357.7200012207031,360.6099853515625,357.0299987792969,358.17999267578125,349.34490966796875,1563400
2024-05-15,361.4700012207031,363.30999755859375,358.1199951171875,360.0400085449219,351.1590270996094,1913900
2024-05-16,356.75,358.7699890136719,349.6099853515625,350.7200012207031,342.0689697265625,2821700
2024-05-17,352.9700012207031,356.4100036621094,351.5599975585937,356.2699890136719,347.4820556640625,2104300
2024-05-20,356.3999938964844,364.4299926757813,354.7699890136719,362.75,353.8021850585937,2247900
2024-05-21,362.260009765625,363.239990234375,357.5,359.07000732421875,350.2129821777344,1841100
2024-05-22,358.5,359.20001220703125,352.5599975585937,355.94000244140625,347.16021728515625,2104200
2024-05-23,360.3999938964844,361.3399963378906,348.7900085449219,350.70001220703125,342.0494689941406,2749200
2024-05-24,352.6400146484375,353.9100036621094,346.67999267578125,348.8999938964844,340.2937927246094,2635200
2024-05-28,348.0,349.2300109863281,344.3999938964844,346.4700012207031,337.9237670898437,2264900
2024-05-29,345.0,345.3099975585937,337.7200012207031,338.1099853515625,329.7699890136719,3040000
2024-05-30,338.4700012207031,344.54998779296875,338.4700012207031,339.25,330.8818664550781,2745800
2024-05-31,339.3399963378906,340.8900146484375,335.0599975585937,338.5199890136719,330.1698913574219,8319400
2024-06-03,340.8699951171875,341.3999938964844,325.75,331.3599853515625,323.1864624023437,3878600
2024-06-04,328.7099914550781,330.3299865722656,324.5,327.57000732421875,319.489990234375,3706600
2024-06-05,329.4800109863281,331.2699890136719,326.70001220703125,329.45001220703125,321.3236389160156,2616300
2024-06-06,330.2200012207031,331.0299987792969,327.0899963378906,328.2900085449219,320.1922912597656,2452100
2024-06-07,326.20001220703125,332.8800048828125,323.7200012207031,328.94000244140625,320.82623291015625,2499100
2024-06-10,328.7099914550781,331.9100036621094,328.44000244140625,329.6099853515625,321.4796447753906,2640500
2024-06-11,327.760009765625,328.6400146484375,323.7300109863281,327.3099975585937,319.23638916015625,3247000
2024-06-12,333.1499938964844,335.1700134277344,326.0,328.7300109863281,320.62139892578125,4817300
2024-06-13,327.5,327.8900146484375,321.45001220703125,326.3599853515625,318.3097839355469,3183900
2024-06-14,321.3900146484375,322.67999267578125,315.8500061035156,321.4700012207031,313.5404357910156,4195300
2024-06-17,321.4700012207031,323.8399963378906,318.8800048828125,322.3999938964844,314.4474792480469,3198900
2024-06-18,323.04998779296875,325.6000061035156,321.0,325.1400146484375,317.1199951171875,3275300
2024-06-20,325.0599975585937,331.1000061035156,324.5799865722656,329.1300048828125,321.0115051269531,4463300
2024-06-21,330.5299987792969,330.54998779296875,326.17999267578125,327.8399963378906,319.7533264160156,8265100
2024-06-24,329.3599853515625,333.6700134277344,326.07000732421875,330.0,321.8600769042969,2447300
2024-06-25,328.010009765625,329.4700012207031,324.3699951171875,327.3999938964844,319.3241577148437,2990400
2024-06-26,326.25,327.7099914550781,323.7799987792969,326.7300109863281,318.6706848144531,2198600
2024-06-27,326.0299987792969,329.2300109863281,324.6700134277344,327.4599914550781,319.3826599121094,1995100
2024-06-28,328.510009765625,334.19000244140625,328.32000732421875,333.1000061035156,324.883544921875,8891500
2024-07-01,335.1099853515625,335.2900085449219,325.3699951171875,329.0799865722656,320.96270751953125,2950200
2024-07-02,328.0,330.0899963378906,325.5799865722656,327.760009765625,319.67529296875,2119800
2024-07-03,328.260009765625,331.4100036621094,328.260009765625,330.6099853515625,322.4549560546875,1352200
2024-07-05,331.57000732421875,333.44000244140625,326.6300048828125,328.3500061035156,320.2507629394531,2280900
2024-07-08,330.3599853515625,333.260009765625,327.1400146484375,329.0599975585937,320.9432678222656,1913400
2024-07-09,328.5400085449219,330.1199951171875,325.8299865722656,326.0599975585937,318.0172424316406,1896100
2024-07-10,326.1000061035156,328.4800109863281,321.6400146484375,328.4800109863281,320.3775634765625,2904400
2024-07-11,330.0,334.42999267578125,329.29998779296875,331.1300048828125,322.9621276855469,3016400
2024-07-12,334.95001220703125,338.2300109863281,333.42999267578125,335.5899963378906,327.3121337890625,2451300
2024-07-15,339.1000061035156,347.8999938964844,337.8399963378906,345.7699890136719,337.2410583496094,3394300
2024-07-16,346.8299865722656,362.2799987792969,345.260009765625,360.5799865722656,351.68572998046875,4637000
2024-07-17,358.9700012207031,362.6900024414063,356.20001220703125,357.79998779296875,348.9742736816406,3061000
2024-07-18,356.5,369.2300109863281,355.75,356.0299987792969,347.2480163574219,3876300
2024-07-19,355.3500061035156,356.489990234375,346.69000244140625,347.6300048828125,339.05517578125,3462700
2024-07-22,348.0,348.7300109863281,341.3800048828125,347.8699951171875,340.6710205078125,2659600
2024-07-23,345.7300109863281,348.6600036621094,341.3800048828125,344.1700134277344,337.0475769042969,2027800
2024-07-24,342.95001220703125,344.82000732421875,335.45001220703125,336.0400085449219,329.0858459472656,2835800
2024-07-25,335.510009765625,348.20001220703125,333.95001220703125,344.29998779296875,337.1748962402344,3291300
2024-07-26,348.6400146484375,352.94000244140625,346.8800048828125,350.4800109863281,343.2270202636719,1894900
2024-07-29,350.17999267578125,351.3800048828125,343.1300048828125,344.5299987792969,337.400146484375,2190300
2024-07-30,343.6600036621094,345.7200012207031,338.6199951171875,341.7200012207031,334.64825439453125,1970800
2024-07-31,345.3500061035156,350.989990234375,340.8500061035156,346.20001220703125,339.0355834960937,2568100
2024-08-01,346.29998779296875,349.8299865722656,328.0799865722656,331.5199890136719,324.65936279296875,3747900
2024-08-02,322.75,323.3999938964844,317.6600036621094,320.8699951171875,314.2297668457031,4246700
2024-08-05,309.0,320.5799865722656,307.04998779296875,316.79998779296875,310.2440185546875,4681300
2024-08-06,314.04998779296875,332.1700134277344,310.5,326.44000244140625,319.6845397949219,5071700
2024-08-07,333.510009765625,335.17999267578125,324.45001220703125,325.79998779296875,319.0577697753906,3011700
2024-08-08,330.0,336.42999267578125,327.6099853515625,336.1600036621094,329.203369140625,2268300
2024-08-09,336.0,338.5,332.4800109863281,338.260009765625,331.2598876953125,1668100
2024-08-12,338.260009765625,339.8500061035156,333.6000061035156,336.0299987792969,329.0760803222656,2127600
2024-08-13,337.17999267578125,339.5199890136719,333.7300109863281,338.79998779296875,331.7886962890625,1503800
2024-08-14,339.6000061035156,341.7900085449219,334.6000061035156,337.5899963378906,330.6037292480469,1610900
2024-08-15,344.5,347.6400146484375,340.7900085449219,345.6400146484375,338.4872131347656,3232600
2024-08-16,345.25,345.8399963378906,340.760009765625,343.4800109863281,336.37188720703125,2483800
2024-08-19,343.67999267578125,346.1000061035156,343.29998779296875,344.6499938964844,337.5176696777344,2252600
2024-08-20,345.0,346.1700134277344,341.82000732421875,343.29998779296875,336.1955871582031,1479500
2024-08-21,344.5799865722656,345.6000061035156,341.8500061035156,342.9700012207031,335.8724365234375,1433200
2024-08-22,343.0,345.1400146484375,341.7699890136719,342.3599853515625,335.2750244140625,2021400
2024-08-23,344.9700012207031,349.5400085449219,343.07000732421875,348.4100036621094,341.1998291015625,2183900
2024-08-26,349.8099975585937,354.4100036621094,348.94000244140625,351.1600036621094,343.8929443359375,1718100
2024-08-27,350.3500061035156,351.7200012207031,347.1000061035156,351.1199951171875,343.853759765625,1210800
2024-08-28,350.5899963378906,354.42999267578125,345.8399963378906,348.20001220703125,340.9942321777344,1514500
2024-08-29,351.2200012207031,356.4599914550781,347.489990234375,351.6400146484375,344.3630065917969,1664500
2024-08-30,352.5899963378906,356.239990234375,349.8299865722656,356.1000061035156,348.7307434082031,2974100
2024-09-03,352.2099914550781,352.6300048828125,338.3999938964844,340.239990234375,333.1989440917969,3107200
2024-09-04,338.5899963378906,340.8500061035156,335.2900085449219,336.75,329.7811584472656,2782500
2024-09-05,336.0199890136719,336.489990234375,330.5599975585937,333.5599975585937,326.6571960449219,2525500
2024-09-06,334.20001220703125,338.6199951171875,328.1199951171875,329.3599853515625,322.5440979003906,2676600
2024-09-09,333.9100036621094,336.3599853515625,332.9700012207031,334.0400085449219,327.12725830078125,2355800
2024-09-10,335.1099853515625,335.75,329.3900146484375,334.1600036621094,327.2447814941406,1869200
2024-09-11,333.0,335.4800109863281,326.1099853515625,335.0,328.0673522949219,1934700
2024-09-12,335.2799987792969,341.0400085449219,333.67999267578125,339.5799865722656,332.55255126953125,1747000
2024-09-13,342.4200134277344,347.2200012207031,340.3500061035156,345.3099975585937,338.1640014648437,2518600
2024-09-16,348.3500061035156,351.4599914550781,344.2900085449219,347.9599914550781,340.7591552734375,1648200
2024-09-17,350.0,354.5799865722656,349.239990234375,353.69000244140625,346.3705749511719,2088400
2024-09-18,355.0,361.6300048828125,352.32000732421875,355.1199951171875,347.77099609375,1990700
2024-09-19,363.0,374.6900024414063,361.2699890136719,373.30999755859375,365.5845336914063,4066600
2024-09-20,370.3999938964844,371.4500122070313,365.8399963378906,368.8200073242188,361.1875,5440500
2024-09-23,368.989990234375,372.9700012207031,366.9800109863281,371.1700134277344,363.4888916015625,2442700
2024-09-24,380.0,389.4299926757813,379.5,385.9299926757813,377.9433898925781,4024300
2024-09-25,387.0,388.6400146484375,377.9200134277344,378.25,370.4223327636719,2661500
2024-09-26,390.010009765625,397.2200012207031,386.2000122070313,390.9599914550781,382.8692932128906,3906800
2024-09-27,391.0,395.55999755859375,389.1400146484375,391.0799865722656,382.98681640625,2683700
2024-09-30,389.3800048828125,392.760009765625,386.8200073242188,391.1199951171875,383.0259704589844,2251300
2024-10-01,391.2699890136719,395.489990234375,386.6300048828125,392.3900146484375,384.2697143554688,2091400
2024-10-02,391.9800109863281,395.6600036621094,388.6400146484375,394.0499877929688,385.8953552246094,1767900
2024-10-03,392.3399963378906,394.0,388.7200012207031,391.0899963378906,382.99658203125,1866100
2024-10-04,396.7200012207031,397.4599914550781,391.8500061035156,397.0899963378906,388.8724060058594,1675100
2024-10-07,396.4500122070313,401.1700134277344,396.1400146484375,398.25,390.0084838867188,2224500
2024-10-08,394.260009765625,395.0,384.8500061035156,387.9599914550781,379.931396484375,2438800
2024-10-09,388.1700134277344,396.6000061035156,387.5,396.1900024414063,387.9910278320313,1757900
2024-10-10,395.1799926757813,396.9599914550781,390.5,396.6400146484375,388.4317321777344,1331700
2024-10-11,396.6400146484375,403.6000061035156,396.6400146484375,402.0199890136719,393.7003784179688,2110400
2024-10-14,393.3900146484375,396.2900085449219,386.8699951171875,393.9500122070313,385.7974243164063,3006100
2024-10-15,390.6300048828125,392.4700012207031,387.5899963378906,387.989990234375,379.9607238769531,2715100
2024-10-16,387.3999938964844,394.6000061035156,386.9299926757813,393.6199951171875,385.4742736816406,1551600
2024-10-17,395.1499938964844,397.1199951171875,393.1600036621094,394.489990234375,386.32623291015625,1561500
2024-10-18,396.25,396.4500122070313,389.7200012207031,393.8599853515625,385.7092590332031,3024100
2024-10-21,392.2900085449219,393.1499938964844,389.239990234375,390.4800109863281,383.7731323242188,2375900
2024-10-22,389.7300109863281,391.2900085449219,385.7300109863281,388.4599914550781,381.7878112792969,1523900
2024-10-23,386.9500122070313,390.0299987792969,382.6900024414063,385.7300109863281,379.1047058105469,1500900
2024-10-24,386.9500122070313,388.3599853515625,382.2200012207031,387.05999755859375,380.4118957519531,1844100
2024-10-25,389.6099853515625,392.0299987792969,384.30999755859375,385.9700012207031,379.3406066894531,1606800
2024-10-28,388.3900146484375,391.5700073242188,387.3699951171875,390.6099853515625,383.90087890625,3213900
2024-10-29,389.5,389.6000061035156,385.5499877929688,387.510009765625,380.8541564941406,2186400
2024-10-30,374.0,388.260009765625,367.2000122070313,379.239990234375,372.7261962890625,4037500
2024-10-31,377.3500061035156,378.9100036621094,372.75,376.2000122070313,369.7384338378906,2394500
2024-11-01,378.0700073242188,383.2699890136719,376.9400024414063,379.6300048828125,373.1094970703125,1633300
2024-11-04,378.1000061035156,381.489990234375,375.2999877929688,376.5199890136719,370.0529174804688,1793600
2024-11-05,377.1300048828125,386.0700073242188,375.6499938964844,383.3699951171875,376.7852478027344,1724100
2024-11-06,405.1700134277344,418.2999877929688,404.010009765625,416.8800048828125,409.7197265625,4720000
2024-11-07,414.9200134277344,418.5,407.5400085449219,408.2099914550781,401.1986083984375,3211100
2024-11-08,400.9599914550781,403.05999755859375,392.3999938964844,393.3699951171875,386.613525390625,3345900
2024-11-11,397.9100036621094,402.0799865722656,395.010009765625,396.5400085449219,389.7290649414063,1858900
2024-11-12,397.7900085449219,398.7300109863281,391.1499938964844,393.010009765625,386.2596435546875,1737100
2024-11-13,388.9500122070313,391.2000122070313,385.6700134277344,387.0700073242188,380.4217529296875,2001900
2024-11-14,388.5,390.1799926757813,386.2099914550781,387.3599853515625,380.7066955566406,1372500
2024-11-15,385.989990234375,388.489990234375,382.2000122070313,384.0700073242188,377.4732666015625,2165500
2024-11-18,386.0,386.2999877929688,382.9200134277344,384.4599914550781,377.8565368652344,1626200
2024-11-19,378.0299987792969,383.25,378.0299987792969,382.3299865722656,375.7630920410156,1793200
2024-11-20,384.010009765625,386.2000122070313,378.4700012207031,381.5,374.9473571777344,1859600
2024-11-21,383.9200134277344,392.0199890136719,379.0,389.5899963378906,382.8984069824219,1833500
2024-11-22,390.3599853515625,398.1600036621094,387.8900146484375,397.489990234375,390.6627197265625,1893000
2024-11-25,400.0,407.1499938964844,400.0,405.6499938964844,398.6825866699219,4398000
2024-11-26,403.6499938964844,408.4100036621094,401.760009765625,407.8299865722656,400.8251037597656,1796600
2024-11-27,408.3999938964844,412.1199951171875,403.239990234375,403.7000122070313,396.76605224609375,1371900
2024-11-29,407.3299865722656,411.1900024414063,405.0,406.1099853515625,399.1346435546875,1962100
2024-12-02,407.4599914550781,408.1499938964844,400.7900085449219,402.510009765625,395.5965270996094,1548500
2024-12-03,403.5199890136719,405.5299987792969,396.6000061035156,399.260009765625,392.4023132324219,1716200
2024-12-04,398.5700073242188,401.4700012207031,396.1300048828125,399.510009765625,392.6480712890625,1193800
2024-12-05,400.5,401.4299926757813,394.2099914550781,394.9800109863281,388.1958618164063,1291400
2024-12-06,398.1499938964844,399.739990234375,392.739990234375,395.0299987792969,388.2449951171875,1331000
2024-12-09,402.5400085449219,409.7099914550781,398.4400024414063,399.260009765625,392.4023132324219,1739800
2024-12-10,390.7200012207031,395.4700012207031,385.6099853515625,388.3900146484375,381.7190551757813,2251000
2024-12-11,390.4800109863281,391.3500061035156,387.4299926757813,388.8699951171875,382.1907653808594,1651600
2024-12-12,389.0499877929688,389.8699951171875,380.1499938964844,380.7799987792969,374.23974609375,1804600
2024-12-13,380.6000061035156,382.8900146484375,378.8900146484375,380.510009765625,373.974365234375,2034800
2024-12-16,381.7699890136719,382.3200073242188,377.760009765625,378.9200134277344,372.4117126464844,1311100
2024-12-17,376.0299987792969,378.8900146484375,373.8299865722656,375.7999877929688,369.3452453613281,2138700
2024-12-18,378.7000122070313,381.1600036621094,363.0299987792969,363.8900146484375,357.6398620605469,2820700
2024-12-19,368.4400024414063,369.5700073242188,360.010009765625,360.3699951171875,354.1802978515625,2616700
2024-12-20,358.5,371.489990234375,357.239990234375,366.0400085449219,359.7529296875,5142000
2024-12-23,364.8699951171875,366.3500061035156,361.5,365.3900146484375,359.1141052246094,1804900
2024-12-24,364.4500122070313,367.5700073242188,362.6600036621094,367.5700073242188,361.2566528320313,886000
2024-12-26,365.0499877929688,367.489990234375,363.8699951171875,367.1199951171875,360.8143615722656,1097900
2024-12-27,363.3900146484375,367.3999938964844,361.75,364.8599853515625,358.5931396484375,1245800
2024-12-30,360.4299926757813,364.8200073242188,358.739990234375,363.010009765625,356.77496337890625,1422200
2024-12-31,363.5,365.7699890136719,361.7999877929688,362.760009765625,356.5292358398437,1168100
2025-01-02,365.510009765625,368.8500061035156,358.0899963378906,359.7699890136719,353.590576171875,1802600
2025-01-03,361.5899963378906,364.4800109863281,359.489990234375,363.7900085449219,357.5415344238281,1390800
2025-01-06,367.0,370.8399963378906,362.5799865722656,364.2000122070313,357.9445495605469,1590700
2025-01-07,364.1300048828125,366.0899963378906,361.0899963378906,363.0,356.76513671875,1607400
2025-01-08,362.4500122070313,362.8800048828125,357.70001220703125,361.0700073242188,354.8682556152344,1828800
2025-01-10,357.8299865722656,359.8500061035156,349.79998779296875,351.0,344.97125244140625,2773900
2025-01-13,352.9599914550781,363.2000122070313,351.79998779296875,362.5,356.2737121582031,2746000
2025-01-14,365.489990234375,372.0,365.1799926757813,371.5700073242188,365.18792724609375,2331700
2025-01-15,379.1400146484375,379.9400024414063,374.3299865722656,374.8900146484375,368.450927734375,1984500
2025-01-16,376.30999755859375,381.4200134277344,374.7200012207031,380.5499877929688,374.0136413574219,1974700
2025-01-17,384.7000122070313,386.8500061035156,382.0,386.0199890136719,379.3897399902344,2605900
2025-01-21,391.0,402.5799865722656,390.7999877929688,398.3599853515625,392.95306396484375,3144500
2025-01-22,398.6799926757813,400.4800109863281,395.1099853515625,397.6099853515625,392.2132568359375,1994800
2025-01-23,397.3699951171875,409.5899963378906,397.2699890136719,406.3999938964844,400.8839721679688,2587400
2025-01-24,405.7300109863281,409.3999938964844,405.2799987792969,407.6300048828125,402.0972595214844,1938200
2025-01-27,397.1900024414063,399.5400085449219,389.9200134277344,394.9800109863281,389.6189880371094,2964400
2025-01-28,394.0400085449219,396.8800048828125,386.4800109863281,390.2900085449219,384.99261474609375,1788900
2025-01-29,391.9400024414063,399.3599853515625,391.1199951171875,393.2300109863281,387.8927612304688,2675800
2025-01-30,373.5,380.80999755859375,373.1600036621094,374.9800109863281,369.8904418945313,4234600
2025-01-31,377.4599914550781,378.0,371.2799987792969,371.4400024414063,366.3984680175781,2858000
2025-02-03,364.1400146484375,368.5499877929688,359.69000244140625,361.5499877929688,356.6427001953125,3079300
2025-02-04,369.6600036621094,369.6600036621094,359.4100036621094,361.9500122070313,357.03729248046875,2709800
2025-02-05,362.8699951171875,363.0,357.20001220703125,358.8500061035156,353.9793701171875,2134200
2025-02-06,363.8999938964844,367.5400085449219,362.5199890136719,365.4500122070313,360.4897766113281,3007000
2025-02-07,369.25,369.5299987792969,362.5799865722656,363.8800048828125,358.94110107421875,1804800
2025-02-10,365.3299865722656,366.239990234375,361.5499877929688,363.2200012207031,358.2900695800781,1944400
2025-02-11,361.739990234375,364.4200134277344,360.9800109863281,362.2300109863281,357.3135070800781,1516900
2025-02-12,357.0,358.92999267578125,351.44000244140625,352.0400085449219,347.26177978515625,2833100
2025-02-13,352.57000732421875,357.5899963378906,350.4200134277344,353.70001220703125,348.8992919921875,3547200
2025-02-14,356.6000061035156,358.8800048828125,352.79998779296875,353.32000732421875,348.5244445800781,2045300
2025-02-18,355.4700012207031,356.92999267578125,351.1099853515625,354.0,349.1951904296875,3120200
2025-02-19,351.8699951171875,353.8500061035156,349.5899963378906,353.0,348.2087707519531,2211000
2025-02-20,355.0,356.8500061035156,347.45001220703125,349.1499938964844,344.4110107421875,2174100
2025-02-21,350.5299987792969,352.0,337.6000061035156,340.0400085449219,335.4246520996094,3225200
2025-02-24,343.3900146484375,345.45001220703125,336.2300109863281,338.9200134277344,334.31988525390625,2513300
2025-02-25,341.0,344.2300109863281,336.3800048828125,342.3599853515625,337.7131652832031,3323500
2025-02-26,345.45001220703125,348.7799987792969,340.1199951171875,342.5799865722656,337.9302062988281,2397800
2025-02-27,343.6499938964844,346.9200134277344,338.4599914550781,340.0,335.3852233886719,1971000
2025-02-28,341.9800109863281,344.8999938964844,338.739990234375,343.95001220703125,339.2816162109375,3210300
2025-03-03,347.6300048828125,348.1499938964844,330.0299987792969,332.0400085449219,327.5332946777344,2569700
2025-03-04,327.3900146484375,331.9200134277344,318.67999267578125,326.75,322.3150329589844,3500200
2025-03-05,329.1199951171875,339.510009765625,328.6499938964844,338.489990234375,333.8956604003906,3189100
2025-03-06,335.2699890136719,341.9100036621094,332.5199890136719,341.010009765625,336.38153076171875,2234100
2025-03-07,339.3999938964844,352.1199951171875,339.3999938964844,350.29998779296875,345.54541015625,3063800
2025-03-10,345.0,352.4100036621094,341.8500061035156,345.2099914550781,340.52447509765625,2809100
2025-03-11,343.9200134277344,345.1499938964844,336.3699951171875,339.7699890136719,335.1583251953125,3190900
2025-03-12,343.0299987792969,344.9100036621094,335.45001220703125,338.1300048828125,333.5406188964844,1816700
2025-03-13,336.0299987792969,340.6499938964844,331.6700134277344,333.3099975585937,328.7860412597656,2490300
2025-03-14,337.7200012207031,341.989990234375,336.95001220703125,339.6400146484375,335.0301513671875,1936100
2025-03-17,339.739990234375,344.3599853515625,339.0,342.6400146484375,337.9894104003906,1683800
2025-03-18,342.0,342.0,335.3500061035156,336.7099914550781,332.1398620605469,3310000
2025-03-19,336.92999267578125,342.0,336.6700134277344,338.6199951171875,334.0239562988281,2407200
2025-03-20,334.57000732421875,339.7799987792969,333.6099853515625,336.25,331.68609619140625,2782900
2025-03-21,331.2099914550781,335.95001220703125,329.2099914550781,335.7799987792969,331.2225036621094,6766100
2025-03-24,340.54998779296875,343.1499938964844,339.2900085449219,341.6700134277344,337.0325622558594,2277200
2025-03-25,343.5799865722656,344.8099975585937,340.8299865722656,342.6199951171875,337.9696655273437,1678000
2025-03-26,343.3599853515625,347.2699890136719,338.7900085449219,341.1099853515625,336.4801330566406,1703200
2025-03-27,341.0799865722656,342.0,336.6300048828125,339.29998779296875,334.6947326660156,1481100
2025-03-28,337.0,338.25,328.04998779296875,329.69000244140625,325.2151794433594,1965200
2025-03-31,325.6300048828125,331.9800109863281,322.0,329.79998779296875,325.3236389160156,2837500
2025-04-01,327.010009765625,332.2099914550781,323.8900146484375,330.57000732421875,326.0832214355469,1955300
2025-04-02,326.1300048828125,336.3500061035156,326.1000061035156,334.6600036621094,330.11767578125,1747600
2025-04-03,319.6700134277344,324.70001220703125,305.0,305.760009765625,301.6099548339844,4638700
2025-04-04,285.0,294.2900085449219,281.5,288.0799865722656,284.169921875,7216800
2025-04-07,276.0,294.3500061035156,267.29998779296875,280.0599975585937,276.2587890625,7824700
2025-04-08,289.8900146484375,291.7799987792969,268.2699890136719,273.94000244140625,270.2218322753906,4989000
2025-04-09,270.760009765625,301.8599853515625,269.1300048828125,301.010009765625,296.9244384765625,6457300
2025-04-10,296.67999267578125,298.2699890136719,279.79998779296875,289.1600036621094,285.2352600097656,4116800
2025-04-11,288.95001220703125,295.4100036621094,284.1400146484375,293.45001220703125,289.4670715332031,3197900
2025-04-14,298.6700134277344,302.4800109863281,295.7099914550781,298.1199951171875,294.0736083984375,2758400
2025-04-15,296.8299865722656,301.7300109863281,292.3900146484375,293.42999267578125,289.4472961425781,3611300
2025-04-16,292.7099914550781,295.7300109863281,287.6099853515625,290.1400146484375,286.2019958496094,3017200
2025-04-17,292.1700134277344,297.70001220703125,291.8999938964844,294.25,290.25616455078125,2717600
2025-04-21,289.3299865722656,291.0,282.4599914550781,284.739990234375,282.2276306152344,2978300
2025-04-22,287.5,293.2300109863281,287.0,291.1700134277344,288.6009216308594,2231200
2025-04-23,301.3399963378906,305.3599853515625,295.17999267578125,295.7699890136719,293.1603088378906,2458300
2025-04-24,297.42999267578125,308.2099914550781,297.07000732421875,306.8599853515625,304.1524658203125,2874400
2025-04-25,305.1000061035156,307.989990234375,303.9100036621094,306.45001220703125,303.74609375,2162400
2025-04-28,306.45001220703125,311.42999267578125,303.8500061035156,307.0599975585937,304.3507080078125,2189600
2025-04-29,305.0,308.6700134277344,302.9100036621094,307.3999938964844,304.6877136230469,2651000
2025-04-30,315.2099914550781,316.04998779296875,302.17999267578125,309.2699890136719,306.5411682128906,5124800
2025-05-01,311.3800048828125,318.8900146484375,311.0199890136719,313.9599914550781,311.1898193359375,2961000
2025-05-02,318.4800109863281,324.6700134277344,318.4800109863281,323.67999267578125,320.82403564453125,3765200
2025-05-05,319.3800048828125,326.4700012207031,319.3800048828125,323.1099853515625,320.25909423828125,1829100
2025-05-06,321.54998779296875,324.1000061035156,319.8500061035156,320.8900146484375,318.0587158203125,1724200
2025-05-07,322.739990234375,322.79998779296875,318.1099853515625,320.2900085449219,317.4639892578125,1555500
2025-05-08,324.8800048828125,328.8699951171875,322.8999938964844,324.25,321.3890380859375,2553400
2025-05-09,325.6499938964844,327.739990234375,323.3099975585937,325.6199951171875,322.7469482421875,1646200
2025-05-12,343.1099853515625,351.0,339.7300109863281,342.54998779296875,339.5275573730469,4592000
2025-05-13,348.92999267578125,355.3299865722656,348.07000732421875,352.5400085449219,349.429443359375,4132500
2025-05-14,351.7200012207031,352.42999267578125,348.7799987792969,349.6600036621094,346.5748291015625,2052200
2025-05-15,349.44000244140625,351.3399963378906,348.5,349.8099975585937,346.7235107421875,1580400
2025-05-16,351.5400085449219,354.2200012207031,348.239990234375,353.5799865722656,350.4602355957031,2561700
2025-05-19,349.70001220703125,352.9599914550781,348.5400085449219,352.57000732421875,349.4591979980469,2277700
2025-05-20,350.8399963378906,352.4599914550781,347.489990234375,349.489990234375,346.40631103515625,2266000
2025-05-21,346.6400146484375,348.4200134277344,341.6499938964844,342.510009765625,339.4879455566406,2093400
2025-05-22,342.0,347.3699951171875,340.5899963378906,345.19000244140625,342.144287109375,2174100
2025-05-23,337.6300048828125,344.94000244140625,336.239990234375,343.3900146484375,340.3601989746094,1936600
2025-05-27,349.95001220703125,353.3399963378906,346.6199951171875,351.510009765625,348.4085388183594,2240100
2025-05-28,352.489990234375,352.79998779296875,348.8599853515625,349.489990234375,346.40631103515625,1924400
2025-05-29,352.20001220703125,353.0899963378906,348.739990234375,351.7900085449219,348.6860656738281,2290300
2025-05-30,351.8299865722656,353.239990234375,347.0199890136719,348.0299987792969,344.959228515625,4867100
2025-06-02,346.4700012207031,346.4700012207031,339.5,344.6700134277344,341.62890625,2552700
2025-06-03,346.0,350.8399963378906,344.9200134277344,349.3999938964844,346.317138671875,2614300
2025-06-04,350.29998779296875,351.7300109863281,349.3299865722656,349.3299865722656,346.2477111816406,1616300
2025-06-05,351.0,351.510009765625,345.8500061035156,348.9599914550781,345.8810119628906,1753300
2025-06-06,353.57000732421875,357.44000244140625,352.260009765625,353.3500061035156,350.2322998046875,1608000
2025-06-09,355.2200012207031,360.4599914550781,353.92999267578125,358.07000732421875,354.91064453125,2147100
2025-06-10,359.44000244140625,360.3599853515625,356.0899963378906,358.57000732421875,355.40625,1894300
2025-06-11,360.9400024414063,364.2900085449219,357.75,363.1400146484375,359.9359130859375,2551700
2025-06-12,359.8500061035156,362.0,357.8699951171875,360.9599914550781,357.7751159667969,1571800
2025-06-13,357.2300109863281,360.3800048828125,355.70001220703125,357.04998779296875,353.8996276855469,1609600
2025-06-16,361.0,364.6099853515625,360.20001220703125,362.4400024414063,359.2420654296875,1579800
2025-06-17,360.7200012207031,362.3900146484375,357.0299987792969,357.67999267578125,354.5240783691406,1560100
2025-06-18,357.1300048828125,364.2300109863281,356.9599914550781,359.79998779296875,356.6253662109375,2000500
2025-06-20,362.9500122070313,364.25,359.1400146484375,360.5199890136719,357.3389892578125,6268300
2025-06-23,359.9200134277344,367.1000061035156,357.7300109863281,366.2300109863281,362.9986267089844,2927400
2025-06-24,369.8900146484375,374.1099853515625,367.9200134277344,373.0199890136719,369.7286987304688,3841800
2025-06-25,373.0,374.1900024414063,369.510009765625,371.5799865722656,368.3013916015625,1737700
2025-06-26,374.0,382.3299865722656,373.0400085449219,381.8800048828125,378.5105590820313,2575100
2025-06-27,383.0199890136719,387.489990234375,382.75,384.7099914550781,381.3155822753906,4455000
2025-06-30,386.30999755859375,389.1499938964844,384.80999755859375,388.2099914550781,384.78466796875,2791400
2025-07-01,386.5899963378906,393.8900146484375,384.25,390.9200134277344,387.4707946777344,2393600
2025-07-02,392.7000122070313,398.6400146484375,389.4200134277344,398.4299926757813,394.9145202636719,2713700
2025-07-03,398.9200134277344,402.4200134277344,397.5899963378906,397.8599853515625,394.3495178222656,1737800
2025-07-07,398.05999755859375,398.05999755859375,388.0899963378906,391.510009765625,388.05560302734375,3012900
2025-07-08,392.4299926757813,395.9500122070313,391.5199890136719,394.2900085449219,390.81103515625,2003600
2025-07-09,399.7200012207031,403.760009765625,396.8800048828125,402.1799926757813,398.6314086914063,3101000
2025-07-10,404.6600036621094,412.0,403.4400024414063,408.3299865722656,404.7271423339844,3382800
2025-07-11,405.4500122070313,406.8800048828125,401.7000122070313,405.9200134277344,402.3384399414063,2072600
2025-07-14,404.0,406.7900085449219,402.2300109863281,405.7699890136719,402.1897277832031,2497500
2025-07-15,406.260009765625,408.75,403.0199890136719,404.6400146484375,401.0697326660156,2167000
2025-07-16,405.0,413.0700073242188,403.3200073242188,412.8800048828125,409.2370300292969,3242100
2025-07-17,414.8599853515625,419.8999938964844,412.8800048828125,418.0700073242188,414.3812561035156,2444700
2025-07-18,418.7000122070313,419.8999938964844,412.1600036621094,413.7099914550781,410.0596923828125,2526600
2025-07-21,417.2200012207031,417.4299926757813,409.8399963378906,410.0700073242188,407.9407653808594,1833300
2025-07-22,410.3800048828125,418.5199890136719,410.3800048828125,417.1900024414063,415.0238037109375,2185000
2025-07-23,420.0,428.1600036621094,419.4500122070313,427.5899963378906,425.3697814941406,3254900
2025-07-24,427.0400085449219,430.1600036621094,424.5,429.5199890136719,427.2897644042969,2511400
2025-07-25,429.6900024414063,434.8699951171875,428.6199951171875,433.75,431.497802734375,2218400
2025-07-28,431.25,436.3999938964844,431.1199951171875,432.9400024414063,430.6920166015625,2550300
2025-07-29,434.5499877929688,435.2099914550781,424.7999877929688,430.0499877929688,427.8169860839844,2383700
2025-07-30,430.0,436.8299865722656,426.4299926757813,434.1199951171875,431.8658752441406,3172600
2025-07-31,434.1300048828125,441.1499938964844,433.6799926757813,438.0199890136719,435.7456359863281,4116400
2025-08-01,426.9700012207031,430.8599853515625,421.2900085449219,428.6900024414063,426.4640808105469,4027300
2025-08-04,430.8599853515625,436.8900146484375,429.989990234375,433.7000122070313,431.4480590820313,4059500
2025-08-05,427.6499938964844,439.739990234375,426.5700073242188,434.2300109863281,431.9753112792969,4329900
2025-08-06,433.3399963378906,434.7099914550781,425.5400085449219,427.7200012207031,425.4991149902344,2630800
2025-08-07,426.8399963378906,427.3299865722656,409.9599914550781,417.1199951171875,414.9541320800781,4261100
2025-08-08,420.5199890136719,421.8999938964844,415.760009765625,416.5199890136719,414.3572387695313,2965200
2025-08-11,416.9800109863281,418.2900085449219,406.7999877929688,408.5400085449219,406.418701171875,3416000
2025-08-12,411.0,418.1900024414063,409.6400146484375,412.7099914550781,410.5670471191406,2765100
2025-08-13,415.1799926757813,415.5400085449219,410.5400085449219,413.7000122070313,411.5519409179688,4403000
2025-08-14,409.2999877929688,419.239990234375,407.0,417.5,415.3321838378906,3676000
2025-08-15,415.7200012207031,416.55999755859375,407.1000061035156,407.7900085449219,405.672607421875,3107400
2025-08-18,407.0,413.1400146484375,405.4599914550781,412.6400146484375,410.4974365234375,3185200
2025-08-19,419.30999755859375,421.8800048828125,414.05999755859375,416.0899963378906,413.9295043945313,3543600
2025-08-20,414.7999877929688,421.9200134277344,412.0499877929688,420.5899963378906,418.4061279296875,4060200
2025-08-21,419.9299926757813,420.5799865722656,414.1600036621094,417.8900146484375,415.72015380859375,2504300
2025-08-22,421.6099853515625,437.8399963378906,420.0499877929688,435.6700134277344,433.4078369140625,3785100
2025-08-25,435.0,436.8999938964844,432.1700134277344,432.2999877929688,430.0553283691406,1857900
2025-08-26,431.3999938964844,432.1900024414063,427.239990234375,431.260009765625,429.020751953125,2792200
2025-08-27,429.7300109863281,435.05999755859375,428.9500122070313,432.6700134277344,430.4234313964844,1970900
2025-08-28,434.9100036621094,435.9800109863281,432.6300048828125,434.9100036621094,432.6517639160156,1651700
2025-08-29,425.4100036621094,428.1000061035156,414.3699951171875,419.0400085449219,416.8641662597656,3673800
2025-09-02,413.9100036621094,417.2099914550781,410.5199890136719,416.0499877929688,413.8896789550781,2329500
2025-09-03,418.1300048828125,418.1300048828125,411.3699951171875,415.1199951171875,412.9645385742188,1496700
2025-09-04,415.80999755859375,420.7900085449219,414.2900085449219,420.2200012207031,418.0380554199219,1634600
2025-09-05,420.8399963378906,424.8999938964844,417.9100036621094,423.0799865722656,420.8831787109375,1843200
2025-09-08,422.6499938964844,423.9100036621094,416.7799987792969,422.7799987792969,420.5847473144531,1876700
2025-09-09,423.1600036621094,423.5499877929688,416.4400024414063,418.0899963378906,415.9190979003906,1710700
2025-09-10,419.8200073242188,426.5,419.5,422.9100036621094,420.7140808105469,2221000
2025-09-11,423.9200134277344,435.7900085449219,423.3200073242188,431.3800048828125,429.1401062011719,2737900
2025-09-12,429.05999755859375,432.6099853515625,427.75,431.5199890136719,429.2793884277344,2341800
2025-09-15,433.8299865722656,438.75,430.6099853515625,435.9400024414063,433.6764526367188,2255800
2025-09-16,436.1300048828125,440.7999877929688,434.2799987792969,440.6700134277344,438.38189697265625,2366300
2025-09-17,445.0,452.3399963378906,443.0,450.6600036621094,448.3200073242188,4512200
2025-09-18,450.9599914550781,467.7099914550781,448.8699951171875,466.9599914550781,464.5353393554688,4331900
2025-09-19,470.260009765625,472.1199951171875,462.7099914550781,466.5400085449219,464.1175537109375,5069300
2025-09-22,467.30999755859375,473.239990234375,459.6099853515625,472.1000061035156,469.648681640625,3180000
2025-09-23,473.260009765625,485.3399963378906,468.1900024414063,471.260009765625,468.8130493164063,3856600
2025-09-24,472.7000122070313,476.5199890136719,468.6300048828125,469.7900085449219,467.3506774902344,2776700
2025-09-25,464.7099914550781,468.0,459.5799865722656,463.7200012207031,461.3121948242188,2979200
2025-09-26,465.4800109863281,468.4500122070313,462.3800048828125,465.760009765625,463.3416137695313,2329000
2025-09-29,468.0799865722656,472.489990234375,467.4599914550781,471.6099853515625,469.16119384765625,2892100
2025-09-30,471.6199951171875,477.4400024414063,470.239990234375,477.1499938964844,474.6724548339844,2315300
2025-10-01,474.010009765625,483.9299926757813,471.1400146484375,480.8200073242188,478.3233947753906,2964700
2025-10-02,486.8599853515625,495.9800109863281,484.1900024414063,490.5700073242188,488.0227661132813,2648600
2025-10-03,493.25,504.4800109863281,492.5299987792969,497.8500061035156,495.2649536132813,2996500
2025-10-06,500.4200134277344,505.5899963378906,493.0400085449219,495.3800048828125,492.8078002929688,2629200
2025-10-07,497.9299926757813,498.3800048828125,483.5499877929688,486.7099914550781,484.1828002929688,2135400
2025-10-08,490.989990234375,509.4800109863281,489.3399963378906,502.1199951171875,499.5128173828125,3959400
2025-10-09,504.05999755859375,506.5299987792969,497.1400146484375,500.3599853515625,497.7619018554688,3113900
2025-10-10,503.1199951171875,511.5,491.2999877929688,491.2999877929688,488.74896240234375,3889100
2025-10-13,502.1499938964844,506.3800048828125,495.4500122070313,504.760009765625,502.13909912109375,2618400
2025-10-14,500.5799865722656,531.5599975585938,499.010009765625,527.469970703125,524.7311401367188,5459800
2025-10-15,534.2000122070312,538.4500122070312,527.2100219726562,534.0499877929688,531.2770385742188,3447100
2025-10-16,538.0599975585938,544.989990234375,534.7000122070312,540.9600219726562,538.151123046875,3463100
2025-10-17,537.3800048828125,542.2100219726562,526.969970703125,527.0800170898438,524.3432006835938,2814700
2025-10-20,529.5599975585938,534.2000122070312,526.9400024414062,531.1799926757812,529.9400634765625,2170800
2025-10-21,525.0700073242188,533.3800048828125,522.0399780273438,524.6500244140625,523.4253540039062,2259100
2025-10-22,525.72998046875,525.7999877929688,510.2099914550781,513.9099731445312,512.7103881835938,4149000
2025-10-23,518.3300170898438,522.8900146484375,513.010009765625,520.5,519.2850341796875,2619400
2025-10-24,522.8599853515625,527.22998046875,521.02001953125,522.72998046875,521.5098266601562,2392000
2025-10-27,527.0499877929688,529.469970703125,521.4299926757812,527.0700073242188,525.8397216796875,2493800
2025-10-28,525.9600219726562,530.2899780273438,521.6699829101562,524.469970703125,523.2457275390625,2775400
2025-10-29,558.1799926757812,596.2100219726562,558.0,585.489990234375,584.123291015625,6948500
2025-10-30,577.8900146484375,593.77001953125,575.77001953125,583.1500244140625,581.788818359375,2574800
2025-10-31,584.030029296875,587.0499877929688,571.3499755859375,577.260009765625,575.9125366210938,2974800
2025-11-03,575.9299926757812,576.219970703125,565.3900146484375,570.5900268554688,569.2581176757812,2439400
2025-11-04,565.0,566.5,545.2000122070312,547.5800170898438,546.3018188476562,3440700
2025-11-05,551.9400024414062,574.010009765625,550.3599853515625,569.1500244140625,567.8214721679688,2701300
2025-11-06,573.2000122070312,583.989990234375,564.22998046875,569.780029296875,568.4500122070312,2245800
2025-11-07,563.5499877929688,565.5800170898438,550.3300170898438,563.0999755859375,561.7855834960938,2320100
2025-11-10,570.0,574.1799926757812,561.510009765625,570.8499755859375,569.5174560546875,1829900
2025-11-11,568.719970703125,570.4500122070312,560.260009765625,567.9299926757812,566.6043090820312,1517400
2025-11-12,570.5,581.27001953125,570.5,573.02001953125,571.6824340820312,2645100
2025-11-13,572.77001953125,576.8200073242188,544.6300048828125,553.5499877929688,552.2578735351562,3458700
2025-11-14,548.9600219726562,558.3099975585938,541.0,554.030029296875,552.73681640625,2764500
2025-11-17,552.5900268554688,561.5900268554688,547.5700073242188,552.0499877929688,550.7613525390625,1941100
2025-11-18,543.3499755859375,551.5700073242188,538.0499877929688,546.8800048828125,545.6034545898438,1918600
2025-11-19,550.0,560.9099731445312,547.6400146484375,553.1099853515625,551.8189086914062,1880900
2025-11-20,565.9500122070312,568.8699951171875,541.0,546.1300048828125,544.855224609375,3195000
2025-11-21,545.8200073242188,554.989990234375,537.0800170898438,550.4299926757812,549.1451416015625,2921600
2025-11-24,552.1300048828125,565.739990234375,550.6699829101562,559.5999755859375,558.2937622070312,4653500
2025-11-25,564.5900268554688,567.1400146484375,547.5499877929688,566.6099853515625,565.287353515625,3105100
2025-11-26,566.6099853515625,574.8800048828125,566.02001953125,573.72998046875,572.3907470703125,1995100
2025-11-28,573.7899780273438,577.3599853515625,572.4000244140625,575.760009765625,574.4160766601562,1019500
2025-12-01,570.4099731445312,575.5900268554688,567.0,568.0599975585938,566.7340087890625,1764500
2025-12-02,571.3300170898438,585.5599975585938,569.0599975585938,582.469970703125,581.1103515625,2749500
2025-12-03,581.4000244140625,593.239990234375,562.2100219726562,591.489990234375,590.1093139648438,2545700
2025-12-04,590.1799926757812,602.719970703125,587.0,599.1500244140625,597.75146484375,2313600
2025-12-05,604.0,607.0,597.739990234375,603.1699829101562,601.7620239257812,2177300
2025-12-08,604.6599731445312,604.8499755859375,591.9299926757812,596.5,595.1076049804688,1822500
2025-12-09,593.0499877929688,599.989990234375,592.22998046875,594.3599853515625,592.9725952148438,1755300
2025-12-10,600.1300048828125,617.22998046875,598.6900024414062,615.3499755859375,613.91357421875,2797900
2025-12-11,610.4500122070312,626.8099975585938,604.260009765625,625.6099853515625,624.149658203125,2779500
2025-12-12,626.0,627.5,595.780029296875,597.8900146484375,596.494384765625,4581100
2025-12-15,602.530029296875,604.1500244140625,587.8900146484375,589.760009765625,588.3833618164062,3968600
2025-12-16,590.7000122070312,598.6599731445312,586.280029296875,588.9299926757812,587.5552978515625,2319400
2025-12-17,587.5900268554688,591.0,557.4600219726562,561.8900146484375,560.5784301757812,3753300
2025-12-18,568.5,574.6599731445312,561.9099731445312,565.8300170898438,564.5092163085938,2193000
2025-12-19,572.6900024414062,581.72998046875,570.3300170898438,576.219970703125,574.8749389648438,5355600
2025-12-22,584.489990234375,585.7899780273438,575.6900024414062,582.4099731445312,581.0504760742188,2387700
2025-12-23,580.5,588.7100219726562,580.5,582.4199829101562,581.0604858398438,1731000
2025-12-24,582.6599731445312,587.1300048828125,581.0,583.760009765625,582.3973999023438,947000
2025-12-26,583.2100219726562,583.8300170898438,578.6500244140625,583.0,581.63916015625,954400
2025-12-29,580.0900268554688,583.969970703125,574.6400146484375,578.6099853515625,577.2593994140625,2585700
2025-12-30,580.010009765625,580.97998046875,575.510009765625,577.3900146484375,576.042236328125,1216700
2025-12-31,577.2999877929688,578.9400024414062,572.0499877929688,572.8699951171875,571.5327758789062,1163900
2026-01-02,577.5900268554688,599.6099853515625,575.3099975585938,598.4099731445312,597.0131225585938,2761600
2026-01-05,607.8800048828125,621.75,606.219970703125,616.0999755859375,614.661865234375,3444800
2026-01-06,616.0,626.77001953125,608.9000244140625,623.0900268554688,621.6355590820312,2706800
2026-01-07,623.0,625.0,595.780029296875,596.52001953125,595.1276245117188,3312400
2026-01-08,596.52001953125,609.5800170898438,594.1699829101562,608.1300048828125,606.7105102539062,2075400
2026-01-09,609.969970703125,619.1500244140625,608.2000122070312,617.6199951171875,616.1783447265625,1822000
2026-01-12,614.6500244140625,630.97998046875,612.9600219726562,629.77001953125,628.2999877929688,1856800
2026-01-13,633.2000122070312,644.5900268554688,633.0,636.530029296875,635.044189453125,1959100
2026-01-14,634.0999755859375,639.72998046875,623.0700073242188,638.75,637.259033203125,2105700
2026-01-15,644.9400024414062,652.3599853515625,644.0399780273438,647.1799926757812,645.6693115234375,2052800
2026-01-16,651.969970703125,655.6799926757812,641.010009765625,646.8900146484375,645.3800048828125,2554900
2026-01-20,642.0,644.0999755859375,625.1199951171875,629.0,629.0,2659000
2026-01-21,633.6699829101562,647.2000122070312,627.3200073242188,645.3800048828125,645.3800048828125,2490700
2026-01-22,649.1099853515625,655.780029296875,640.9000244140625,648.4099731445312,648.4099731445312,1565700
2026-01-23,644.1199951171875,646.5,623.5700073242188,626.6199951171875,626.6199951171875,2267800
2026-01-26,628.0,639.0,619.260009765625,635.9199829101562,635.9199829101562,2532900
2026-01-27,640.0,644.1300048828125,633.22998046875,638.9099731445312,638.9099731445312,1827500
2026-01-28,637.969970703125,647.280029296875,628.97998046875,643.280029296875,643.280029296875,2720700
2026-01-29,655.1699829101562,679.989990234375,642.72998046875,665.239990234375,665.239990234375,4441900
2026-01-30,655.6500244140625,677.8300170898438,650.3099975585938,657.3599853515625,657.3599853515625,3300100
2026-02-02,659.8200073242188,691.3800048828125,657.4299926757812,690.9099731445312,690.9099731445312,4450000
2026-02-03,694.3599853515625,710.030029296875,691.4000244140625,702.8900146484375,702.8900146484375,3524700
2026-02-04,707.0,723.1599731445312,675.0,691.8200073242188,691.8200073242188,7146700
2026-02-05,681.5399780273438,686.5,665.0700073242188,678.3099975585938,678.3099975585938,2792800
2026-02-06,692.5700073242188,727.4000244140625,690.52001953125,726.2000122070312,726.2000122070312,3359700
2026-02-09,724.5,743.5,721.6099853515625,742.1199951171875,742.1199951171875,2496800
2026-02-10,742.75,752.0,737.6699829101562,742.3699951171875,742.3699951171875,4008700
2026-02-11,758.6799926757812,775.5399780273438,756.0999755859375,775.0,775.0,3926300
2026-02-12,776.6900024414062,789.8099975585938,756.010009765625,758.2899780273438,758.2899780273438,4893400
2026-02-13,765.0,784.0,747.4199829101562,774.2000122070312,774.2000122070312,3232800
2026-02-17,765.0,774.4199829101562,750.0,764.760009765625,764.760009765625,3450300
2026-02-18,765.1099853515625,772.7000122070312,750.3800048828125,751.969970703125,751.969970703125,2563700
2026-02-19,752.0,762.0,744.1500244140625,760.530029296875,760.530029296875,2908000
2026-02-20,755.0,771.969970703125,752.1099853515625,759.739990234375,759.739990234375,2095100
2026-02-23,758.9500122070312,767.97998046875,752.780029296875,756.469970703125,756.469970703125,2289600
2026-02-24,755.0,773.9400024414062,751.6900024414062,768.22998046875,768.22998046875,2615300
2026-02-25,772.5,777.5999755859375,756.739990234375,766.6099853515625,766.6099853515625,2606500
2026-02-26,770.6099853515625,770.6099853515625,728.4000244140625,752.9299926757812,752.9299926757812,3350900
2026-02-27,745.219970703125,751.489990234375,731.0399780273438,742.8300170898438,742.8300170898438,3441900
2026-03-02,733.489990234375,755.72998046875,725.0599975585938,752.3200073242188,752.3200073242188,2473100
2026-03-03,728.27001953125,731.6699829101562,706.5999755859375,722.1799926757812,722.1799926757812,3332700
2026-03-04,737.0900268554688,746.010009765625,730.8400268554688,731.969970703125,731.969970703125,2823700
2026-03-05,720.0,728.0700073242188,693.5800170898438,706.0800170898438,706.0800170898438,3713200
2026-03-06,682.469970703125,696.3300170898438,675.0700073242188,680.9000244140625,680.9000244140625,3564400
2026-03-09,665.219970703125,708.6300048828125,662.8499755859375,704.8200073242188,704.8200073242188,3584400
2026-03-10,712.780029296875,730.7899780273438,710.280029296875,716.6799926757812,716.6799926757812,3089100
2026-03-11,713.5,720.4199829101562,703.6300048828125,707.5900268554688,707.5900268554688,1947500
2026-03-12,693.0,703.77001953125,679.760009765625,700.6900024414062,700.6900024414062,3231800
2026-03-13,704.3400268554688,706.9287109375,687.1799926757812,693.989990234375,693.989990234375,2040681
