Date,Adj Close,Close,High,Low,Open,Volume
2021-03-16,147.34048461914062,176.5800018310547,176.89999389648438,173.74000549316406,176.60000610351562,1632400
2021-03-17,148.88412475585938,178.42999267578125,180.9600067138672,176.6199951171875,179.25,1460300
2021-03-18,150.0773468017578,179.86000061035156,184.3300018310547,178.99000549316406,180.8699951171875,1995300
2021-03-19,146.68128967285156,175.7899932861328,178.05999755859375,174.1699981689453,176.61000061035156,6435600
2021-03-22,142.8680419921875,171.22000122070312,173.55999755859375,169.58999633789062,172.7100067138672,1971300
2021-03-23,141.3494110107422,169.39999389648438,172.3000030517578,168.44000244140625,169.69000244140625,1341900
2021-03-24,142.05865478515625,170.25,173.13999938964844,170.24000549316406,171.36000061035156,1476000
2021-03-25,147.69091796875,177.0,177.22999572753906,169.61000061035156,170.63999938964844,1999800
2021-03-26,149.92713928222656,179.67999267578125,180.3099975585937,177.10000610351562,179.22999572753906,2130200
2021-03-29,145.59657287597656,174.49000549316406,177.66000366210938,173.1999969482422,176.82000732421875,1935300
2021-03-30,148.208251953125,177.6199951171875,179.07000732421875,175.77999877929688,176.0,1556600
2021-03-31,146.3642120361328,175.41000366210938,177.85000610351562,174.63999938964844,177.49000549316406,1970100
2021-04-01,148.03302001953125,177.41000366210938,177.49000549316406,174.3800048828125,174.4499969482422,1501800
2021-04-05,149.1594696044922,178.75999450683594,180.3600006103516,177.83999633789062,179.52999877929688,1866800
2021-04-06,148.02467346191406,177.39999389648438,178.8300018310547,175.9600067138672,177.66000366210938,1833800
2021-04-07,148.7339630126953,178.25,179.64999389648438,176.61000061035156,178.3000030517578,1951400
2021-04-08,148.61712646484375,178.11000061035156,178.52000427246094,174.5,177.3300018310547,1195600
2021-04-09,150.36940002441406,180.2100067138672,180.3600006103516,178.3000030517578,179.75999450683594,1302300
2021-04-12,150.87002563476562,180.8099975585937,181.3999938964844,179.77000427246094,180.6300048828125,1326100
2021-04-13,148.208251953125,177.6199951171875,179.8000030517578,177.11000061035156,179.7100067138672,1427700
2021-04-14,149.6434326171875,179.33999633789062,180.7400054931641,176.7100067138672,177.00999450683594,1936300
2021-04-15,146.78811645507812,174.7899932861328,178.5399932861328,172.1199951171875,178.3800048828125,3215500
2021-04-16,150.20608520507812,178.86000061035156,180.25,176.6199951171875,177.50999450683594,2503400
2021-04-19,149.24871826171875,177.72000122070312,180.77999877929688,176.94000244140625,179.35000610351562,1514700
2021-04-20,144.21832275390625,171.72999572753906,176.1999969482422,170.9600067138672,175.6199951171875,2268000
2021-04-21,147.0736541748047,175.1300048828125,175.24000549316406,170.13999938964844,171.02999877929688,1590300
2021-04-22,145.99034118652344,173.83999633789062,175.60000610351562,173.08999633789062,175.02999877929688,2151400
2021-04-23,149.51747131347656,178.0399932861328,179.13999938964844,173.52999877929688,174.30999755859375,2031300
2021-04-26,151.36502075195312,180.2400054931641,181.7400054931641,179.0,179.27000427246094,1620600
2021-04-27,154.16998291015625,183.5800018310547,183.8300018310547,179.5,179.5,1831400
2021-04-28,155.580810546875,185.259994506836,186.1300048828125,183.9499969482422,184.0200042724609,1612600
2021-04-29,158.8644256591797,189.1699981689453,189.42999267578125,187.08999633789065,187.4900054931641,1322900
2021-04-30,157.00006103515625,186.9499969482422,189.1199951171875,186.75,187.94000244140625,1347100
2021-05-03,157.98263549804688,188.1199951171875,189.259994506836,186.72000122070312,188.6699981689453,1248700
2021-05-04,162.349609375,193.32000732421875,193.66000366210932,186.0800018310547,186.9600067138672,2734400
2021-05-05,163.43287658691406,194.6100006103516,196.5,191.44000244140625,193.66000366210932,1861400
2021-05-06,166.43096923828125,198.17999267578125,198.27999877929688,193.1300048828125,196.3699951171875,1642700
2021-05-07,167.04400634765625,198.91000366210932,199.19000244140625,193.94000244140625,194.2700042724609,1194000
2021-05-10,166.75013732910156,198.5599975585937,203.8800048828125,198.42999267578125,203.009994506836,2007800
2021-05-11,162.95423889160156,194.0399932861328,200.47000122070312,193.22000122070312,197.77999877929688,2822300
2021-05-12,159.90576171875,190.41000366210932,197.3099975585937,189.63999938964844,196.8099975585937,2321000
2021-05-13,164.608642578125,196.009994506836,197.509994506836,189.7100067138672,189.8000030517578,1302400
2021-05-14,167.43875122070312,199.3800048828125,199.91000366210932,196.25,196.42999267578125,1071000
2021-05-17,167.14480590820312,199.02999877929688,199.94000244140625,197.41000366210932,198.2400054931641,1240500
2021-05-18,162.8450469970703,193.91000366210932,200.1499938964844,193.7700042724609,199.67999267578125,2022200
2021-05-19,161.98843383789062,192.88999938964844,193.0,188.67999267578125,191.97000122070312,2594300
2021-05-20,160.44325256347656,191.0500030517578,193.3000030517578,189.8699951171875,192.9900054931641,1325700
2021-05-21,162.48391723632812,193.47999572753903,194.3000030517578,191.3099975585937,192.5800018310547,1356500
2021-05-24,162.91226196289062,193.9900054931641,194.8600006103516,192.88999938964844,194.44000244140625,901300
2021-05-25,160.9890899658203,191.6999969482422,196.1000061035156,191.4499969482422,194.7400054931641,1741500
2021-05-26,161.1570281982422,191.8999938964844,194.0,190.4499969482422,193.2400054931641,1687600
2021-05-27,163.02142333984375,194.1199951171875,195.5,192.5399932861328,194.69000244140625,2515300
2021-05-28,163.49171447753906,194.67999267578125,195.1999969482422,192.1100006103516,194.32000732421875,857100
2021-06-01,164.44908142089844,195.82000732421875,197.82000732421875,194.6100006103516,197.7700042724609,1494400
2021-06-02,164.11314392089844,195.4199981689453,196.8699951171875,193.88999938964844,196.69000244140625,1102600
2021-06-03,164.49945068359375,195.8800048828125,198.3800048828125,194.0399932861328,195.1999969482422,1329500
2021-06-04,162.9206085205078,194.0,196.22999572753903,193.3099975585937,195.8099975585937,1403900
2021-06-07,162.17323303222656,193.1100006103516,194.7700042724609,192.6999969482422,194.7700042724609,907800
2021-06-08,163.004638671875,194.1000061035156,194.3000030517578,189.5500030517578,191.3000030517578,1524100
2021-06-09,160.2248992919922,190.7899932861328,193.0599975585937,190.6100006103516,192.58999633789065,1309500
2021-06-10,158.51168823242188,188.75,193.6000061035156,188.6699981689453,193.47999572753903,1236100
2021-06-11,158.88961791992188,189.1999969482422,190.5,187.7899932861328,189.27999877929688,1317100
2021-06-14,157.1344451904297,187.1100006103516,189.07000732421875,185.88999938964844,188.9199981689453,1718500
2021-06-15,158.9484405517578,189.2700042724609,190.07000732421875,186.759994506836,187.1999969482422,1594500
2021-06-16,159.65380859375,190.1100006103516,191.5399932861328,186.1300048828125,188.3600006103516,1715600
2021-06-17,153.2209930419922,182.4499969482422,192.0399932861328,181.72999572753903,192.0399932861328,2544000
2021-06-18,149.7610321044922,178.3300018310547,180.63999938964844,177.69000244140625,180.63999938964844,3944200
2021-06-21,154.64865112304688,184.1499938964844,184.3500061035156,179.74000549316406,180.44000244140625,1386300
2021-06-22,154.4470672607422,183.91000366210932,185.13999938964844,181.6699981689453,183.6300048828125,1415300
2021-06-23,155.4716339111328,185.1300048828125,186.38999938964844,184.1000061035156,184.5,1017300
2021-06-24,158.872802734375,189.17999267578125,189.6699981689453,185.0399932861328,186.5,1690900
2021-06-25,162.3831787109375,193.3600006103516,193.66000366210932,188.8999938964844,190.02999877929688,1814700
2021-06-28,160.90513610839844,191.6000061035156,192.41000366210932,189.91000366210932,192.41000366210932,1681900
2021-06-29,159.95614624023438,190.47000122070312,194.4900054931641,189.47000122070312,192.97999572753903,1689700
2021-06-30,160.19969177246094,190.759994506836,191.41000366210932,189.5599975585937,189.5800018310547,1291400
2021-07-01,161.02267456054688,191.7400054931641,192.44000244140625,190.38999938964844,191.47000122070312,1045400
2021-07-02,161.9044647216797,192.7899932861328,193.5500030517578,191.0599975585937,193.47000122070312,1599200
2021-07-06,157.84825134277344,187.9600067138672,192.44000244140625,185.6699981689453,190.82000732421875,2147100
2021-07-07,156.68934631347656,186.5800018310547,188.4199981689453,185.5399932861328,186.0,1108900
2021-07-08,153.87603759765625,183.22999572753903,184.8800048828125,181.67999267578125,183.6100006103516,2887000
2021-07-09,159.28431701660156,189.6699981689453,190.0200042724609,185.97000122070312,186.75,1744000
2021-07-12,161.16546630859375,191.91000366210932,192.3500061035156,185.8699951171875,187.67999267578125,1778600
2021-07-13,158.95677185058594,189.27999877929688,191.2700042724609,187.97999572753903,190.6699981689453,1551500
2021-07-14,158.1673583984375,188.33999633789065,191.4499969482422,185.4900054931641,186.3999938964844,2564700
2021-07-15,160.20486450195312,189.5,191.77999877929688,185.759994506836,186.4600067138672,2042700
2021-07-16,155.07318115234375,183.42999267578125,190.3699951171875,182.8099975585937,190.1300048828125,1445300
2021-07-19,150.31356811523438,177.8000030517578,180.94000244140625,176.42999267578125,179.1999969482422,1653300
2021-07-20,153.52609252929688,181.6000061035156,183.47000122070312,177.2100067138672,177.86000061035156,1722600
2021-07-21,156.2905731201172,184.8699951171875,186.25,183.5399932861328,183.6699981689453,1440700
2021-07-22,153.62754821777344,181.72000122070312,184.9600067138672,180.6699981689453,184.5,1931300
2021-07-23,154.7265625,183.0200042724609,185.19000244140625,181.97999572753903,183.1000061035156,1019500
2021-07-26,155.99465942382812,184.5200042724609,185.509994506836,183.0,183.6499938964844,873800
2021-07-27,155.78335571289062,184.2700042724609,185.0,180.8699951171875,182.08999633789065,893200
2021-07-28,155.3521728515625,183.759994506836,185.5599975585937,182.2899932861328,185.0,814500
2021-07-29,156.53575134277344,185.16000366210932,186.13999938964844,183.47999572753903,185.6699981689453,825300
2021-07-30,154.21083068847656,182.41000366210932,186.3999938964844,181.7100067138672,184.4900054931641,1020400
2021-08-02,153.67825317382812,181.77999877929688,186.6999969482422,181.3099975585937,183.52999877929688,1025900
2021-08-03,157.53334045410156,186.33999633789065,187.32000732421875,180.42999267578125,183.509994506836,1552800
2021-08-04,156.41741943359375,185.0200042724609,187.2100067138672,183.5,184.0399932861328,1008600
2021-08-05,157.82077026367188,186.67999267578125,188.19000244140625,185.75,186.9499969482422,1082500
2021-08-06,160.85577392578125,190.2700042724609,192.02999877929688,188.97000122070312,189.3500061035156,1248000
2021-08-09,160.63595581054688,190.009994506836,191.77999877929688,188.1999969482422,189.58999633789065,986900
2021-08-10,162.06471252441406,191.6999969482422,193.75,188.8500061035156,188.8500061035156,1618900
2021-08-11,163.92457580566406,193.8999938964844,193.9499969482422,190.259994506836,192.5,3874400
2021-08-12,163.50189208984375,193.3999938964844,195.3300018310547,192.9600067138672,193.92999267578125,1580700
2021-08-13,160.9487762451172,190.3800048828125,194.3500061035156,189.83999633789065,193.82000732421875,1560900
2021-08-16,160.33163452148438,189.6499938964844,189.7899932861328,186.42999267578125,188.9600067138672,1484500
2021-08-17,158.725341796875,187.75,189.6199951171875,184.94000244140625,188.2100067138672,1096500
2021-08-18,156.8739013671875,185.5599975585937,189.2400054931641,185.41000366210932,186.3600006103516,967000
2021-08-19,155.84251403808594,184.33999633789065,186.0800018310547,183.0399932861328,183.6499938964844,1412300
2021-08-20,157.0937042236328,185.82000732421875,186.509994506836,183.5800018310547,184.13999938964844,1400000
2021-08-23,158.31956481933594,187.2700042724609,188.6499938964844,186.8300018310547,187.0,1148000
2021-08-24,159.34249877929688,188.47999572753903,189.19000244140625,187.1100006103516,187.13999938964844,1401400
2021-08-25,162.42822265625,192.1300048828125,193.42999267578125,188.4499969482422,189.42999267578125,1637100
2021-08-26,161.4729461669922,191.0,193.8999938964844,190.6300048828125,193.1199951171875,1002000
2021-08-27,164.44033813476562,194.509994506836,194.7400054931641,191.1199951171875,191.5,1337200
2021-08-30,161.14320373535156,190.6100006103516,195.0,190.1000061035156,195.0,1714800
2021-08-31,161.55747985839844,191.1000061035156,192.33999633789065,189.66000366210932,191.0,2229900
2021-09-01,160.18792724609375,189.47999572753903,191.75,188.17999267578125,191.75,1792500
2021-09-02,162.0731658935547,191.7100067138672,192.4900054931641,189.22000122070312,189.44000244140625,1719800
2021-09-03,161.91253662109375,191.5200042724609,192.8500061035156,190.6300048828125,191.7700042724609,1529200
2021-09-07,162.49588012695312,192.2100067138672,194.72999572753903,191.9199981689453,192.3999938964844,2196800
2021-09-08,162.08160400390625,191.72000122070312,192.2400054931641,190.4199981689453,191.52999877929688,1822600
2021-09-09,162.55503845214844,192.27999877929688,194.5399932861328,191.17999267578125,191.47000122070312,1577800
2021-09-10,162.03089904785156,191.66000366210932,193.8500061035156,191.3300018310547,193.8500061035156,1358300
2021-09-13,164.39804077148438,194.4600067138672,195.72000122070312,192.66000366210932,193.83999633789065,1295000
2021-09-14,159.2325897216797,188.3500061035156,196.0599975585937,186.0200042724609,195.0200042724609,3781900
2021-09-15,160.7796630859375,190.17999267578125,191.32000732421875,187.42999267578125,187.42999267578125,1613400
2021-09-16,160.54295349121094,189.8999938964844,192.8600006103516,189.13999938964844,191.6100006103516,985400
2021-09-17,159.71450805664062,188.9199981689453,191.3699951171875,188.3099975585937,189.8999938964844,2850400
2021-09-20,156.12149047851562,184.6699981689453,185.0399932861328,181.67999267578125,183.72999572753903,2406200
2021-09-21,155.5297088623047,183.97000122070312,186.8300018310547,183.9499969482422,185.6000061035156,1242700
2021-09-22,158.65771484375,187.6699981689453,188.97999572753903,185.8999938964844,185.9499969482422,1309200
2021-09-23,163.6793975830078,193.6100006103516,195.0,189.44000244140625,189.44000244140625,1312200
2021-09-24,164.4318389892578,194.5,196.25,193.509994506836,193.6100006103516,1195400
2021-09-27,169.25070190429688,200.1999969482422,200.4600067138672,197.25,197.6300048828125,1696900
2021-09-28,167.15403747558594,197.72000122070312,202.17999267578125,197.0599975585937,200.66000366210932,1973900
2021-09-29,166.91734313964844,197.44000244140625,199.0500030517578,196.8999938964844,198.52999877929688,1955400
2021-09-30,165.3956298828125,195.63999938964844,198.91000366210932,195.4499969482422,198.88999938964844,1455300
2021-10-01,167.65284729003906,198.3099975585937,199.9600067138672,193.94000244140625,194.52999877929688,1501400
2021-10-04,167.4668426513672,198.08999633789065,200.97999572753903,196.42999267578125,197.8099975585937,1334900
2021-10-05,169.495849609375,200.4900054931641,202.16000366210932,198.16000366210932,199.47000122070312,1924900
2021-10-06,169.77484130859375,200.82000732421875,201.0,196.8000030517578,199.5200042724609,1428500
2021-10-07,170.60333251953125,201.8000030517578,203.6300048828125,201.17999267578125,202.77999877929688,1570600
2021-10-08,171.41493225097656,202.759994506836,203.8699951171875,200.7100067138672,201.5500030517578,1021400
2021-10-11,169.9692840576172,201.0500030517578,204.92999267578125,200.92999267578125,203.69000244140625,1420100
2021-10-12,171.87142944335938,203.3000030517578,203.8999938964844,200.0200042724609,200.38999938964844,1864600
2021-10-13,170.56947326660156,201.759994506836,202.88999938964844,198.25,202.63999938964844,1353700
2021-10-14,172.26234436035156,202.5,203.22000122070312,200.259994506836,202.97999572753903,1875100
2021-10-15,169.39559936523438,199.1300048828125,202.1999969482422,195.3800048828125,195.6199951171875,3557600
2021-10-18,170.85025024414062,200.83999633789065,200.88999938964844,197.6199951171875,197.67999267578125,2134400
2021-10-19,175.94583129882812,206.8300018310547,206.8699951171875,201.259994506836,201.8999938964844,1955400
2021-10-20,181.0243682861328,212.8000030517578,213.009994506836,205.5500030517578,206.82000732421875,2352100
2021-10-21,180.9647979736328,212.72999572753903,213.5,210.58999633789065,212.72000122070312,1490400
2021-10-22,183.8145904541016,216.0800018310547,217.6000061035156,213.8600006103516,213.8600006103516,1890900
2021-10-25,184.2229156494141,216.5599975585937,217.0,215.509994506836,216.9199981689453,2124100
2021-10-26,183.8060913085937,216.07000732421875,217.22000122070312,215.3699951171875,216.7100067138672,1281400
2021-10-27,181.1179351806641,212.91000366210932,216.4900054931641,212.7700042724609,215.0399932861328,1512500
2021-10-28,181.2370147705078,213.0500030517578,214.9900054931641,212.3300018310547,213.97999572753903,1440300
2021-10-29,179.51864624023438,211.02999877929688,214.5,210.41000366210932,213.9600067138672,1776700
2021-11-01,179.1868896484375,210.63999938964844,213.509994506836,209.75,212.97000122070312,1247400
2021-11-02,178.7275390625,210.1000061035156,210.5500030517578,208.8999938964844,209.88999938964844,1627000
2021-11-03,180.93930053710932,212.6999969482422,213.5800018310547,208.72999572753903,209.17999267578125,1439300
2021-11-04,176.69439697265625,207.7100067138672,211.8600006103516,206.0,211.8600006103516,1440800
2021-11-05,176.1754913330078,207.1000061035156,211.1499938964844,205.72000122070312,209.5200042724609,1157700
2021-11-08,177.08570861816406,208.1699981689453,209.1499938964844,206.6300048828125,208.22999572753903,943100
2021-11-09,176.1244659423828,207.0399932861328,207.97000122070312,205.2100067138672,206.1300048828125,1129500
2021-11-10,174.73785400390625,205.41000366210932,208.259994506836,205.1499938964844,207.5599975585937,1513600
2021-11-11,174.8994903564453,205.6000061035156,206.82000732421875,205.02999877929688,205.5500030517578,1063600
2021-11-12,173.20663452148438,203.6100006103516,205.6300048828125,202.1999969482422,205.42999267578125,1490700
2021-11-15,174.23597717285156,204.82000732421875,205.22000122070312,203.22999572753903,204.58999633789065,1433700
2021-11-16,174.8399200439453,205.52999877929688,206.5200042724609,203.77999877929688,204.9900054931641,1210000
2021-11-17,172.2283477783203,202.4600067138672,205.38999938964844,201.44000244140625,205.08999633789065,1213800
2021-11-18,170.9097900390625,200.91000366210932,204.0800018310547,200.5800018310547,202.3000030517578,1283100
2021-11-19,169.59124755859375,199.3600006103516,199.7899932861328,195.77999877929688,198.8999938964844,1858100
2021-11-22,173.66600036621094,204.1499938964844,206.5,200.7899932861328,202.759994506836,1746500
2021-11-23,177.86831665039062,209.08999633789065,209.22000122070312,205.0,205.8800048828125,1658100
2021-11-24,177.47703552246094,208.6300048828125,210.2400054931641,207.25,208.3000030517578,1433700
2021-11-26,170.2207489013672,200.1000061035156,201.8699951171875,196.8800048828125,201.3999938964844,1459000
2021-11-29,170.88427734375,200.8800048828125,204.16000366210932,199.57000732421875,203.83999633789065,2668700
2021-11-30,167.5836639404297,197.0,200.259994506836,196.0599975585937,198.7100067138672,3748200
2021-12-01,166.26507568359375,195.4499969482422,202.3800048828125,195.32000732421875,202.0200042724609,1653700
2021-12-02,171.70944213867188,201.8500061035156,203.3099975585937,197.009994506836,197.75,1578200
2021-12-03,168.2046356201172,197.72999572753903,202.1499938964844,196.07000732421875,201.8600006103516,1642400
2021-12-06,170.1016845703125,199.9600067138672,202.75,198.02999877929688,199.75,1412300
2021-12-07,172.9429168701172,203.3000030517578,204.44000244140625,201.0399932861328,201.63999938964844,1339200
2021-12-08,171.91360473632812,202.08999633789065,204.3699951171875,200.4900054931641,203.5,1355800
2021-12-09,170.7566680908203,200.72999572753903,202.6699981689453,199.75,200.88999938964844,1231000
2021-12-10,171.46270751953125,201.5599975585937,204.83999633789065,199.6000061035156,203.97000122070312,1237600
2021-12-13,166.91159057617188,196.2100067138672,200.19000244140625,195.94000244140625,200.1499938964844,1901800
2021-12-14,169.1233367919922,198.8099975585937,201.2700042724609,196.66000366210932,196.8500061035156,1601000
2021-12-15,168.5023651123047,198.0800018310547,200.38999938964844,196.0800018310547,199.97999572753903,1397700
2021-12-16,171.6583709716797,201.7899932861328,204.88999938964844,199.91000366210932,201.0599975585937,1244300
2021-12-17,167.78781127929688,197.2400054931641,201.5800018310547,195.0399932861328,201.509994506836,3511700
2021-12-20,163.79811096191406,192.5500030517578,194.38999938964844,189.259994506836,194.3699951171875,2411600
2021-12-21,167.47303771972656,196.8699951171875,198.6999969482422,194.259994506836,194.41000366210932,2352100
2021-12-22,167.68576049804688,197.1199951171875,197.83999633789065,195.8000030517578,196.6000061035156,922800
2021-12-23,168.37477111816406,197.92999267578125,200.7700042724609,197.8699951171875,198.8099975585937,707800
2021-12-27,171.04591369628906,201.07000732421875,201.32000732421875,197.8999938964844,198.8099975585937,977600
2021-12-28,171.1309814453125,201.1699981689453,202.67999267578125,200.19000244140625,200.3000030517578,669700
2021-12-29,171.19052124023438,201.2400054931641,202.4199981689453,200.41000366210932,201.7400054931641,684100
2021-12-30,170.98634338378906,201.0,203.1699981689453,200.8300018310547,201.88999938964844,689500
2021-12-31,170.57803344726562,200.5200042724609,201.8999938964844,200.33999633789065,200.42999267578125,925200
2022-01-03,177.12823486328125,208.22000122070312,208.5200042724609,203.009994506836,204.6000061035156,2199500
2022-01-04,183.65293884277344,215.88999938964844,218.83999633789065,210.17999267578125,210.17999267578125,2491200
2022-01-05,180.6755828857422,212.38999938964844,218.3600006103516,212.22999572753903,216.7400054931641,2771900
2022-01-06,187.6341552734375,220.57000732421875,220.69000244140625,214.75,218.33999633789065,2970700
2022-01-07,190.3222503662109,223.72999572753903,224.5200042724609,220.07000732421875,220.5200042724609,2173600
2022-01-10,189.2333831787109,222.4499969482422,226.38999938964844,220.8699951171875,226.3800048828125,2420100
2022-01-11,190.4158477783203,223.83999633789065,224.52999877929688,220.5599975585937,223.44000244140625,2403000
2022-01-12,191.3430328369141,224.92999267578125,226.5200042724609,222.19000244140625,225.0,1464500
2022-01-13,192.63609313964844,226.4499969482422,228.13999938964844,225.6999969482422,225.6999969482422,1925600
2022-01-14,190.0699157714844,222.1999969482422,224.57000732421875,220.07000732421875,221.3699951171875,3764400
2022-01-18,185.51919555664065,216.8800048828125,224.0800018310547,215.5399932861328,223.0200042724609,3205300
2022-01-19,178.36805725097656,208.5200042724609,219.0,208.3999938964844,219.0,2336800
2022-01-20,176.98226928710938,206.8999938964844,211.72000122070312,206.38999938964844,208.0,2401300
2022-01-21,171.9011993408203,200.9600067138672,206.41000366210932,199.41000366210932,206.19000244140625,3015400
2022-01-24,174.59573364257812,204.1100006103516,204.8600006103516,194.47000122070312,196.5500030517578,3535500
2022-01-25,174.67271423339844,204.1999969482422,206.27999877929688,199.0800018310547,202.3500061035156,1697100
2022-01-26,176.22097778320312,206.009994506836,208.9199981689453,202.75,206.82000732421875,1641000
2022-01-27,175.3227996826172,204.9600067138672,210.4199981689453,202.67999267578125,208.6699981689453,1875200
2022-01-28,178.11141967773438,208.22000122070312,208.41000366210932,202.72000122070312,204.1100006103516,1798400
2022-01-31,176.203857421875,205.9900054931641,207.5800018310547,203.41000366210932,205.9199981689453,2235200
2022-02-01,179.41163635253906,209.7400054931641,209.97999572753903,204.44000244140625,205.8300018310547,2392700
2022-02-02,180.37820434570312,210.8699951171875,211.4199981689453,207.259994506836,209.2400054931641,1568700
2022-02-03,177.93179321289062,208.009994506836,212.57000732421875,207.759994506836,211.759994506836,1544300
2022-02-04,179.9334259033203,210.3500061035156,212.1499938964844,208.92999267578125,209.2899932861328,2020700
2022-02-07,179.37742614746094,209.6999969482422,211.92999267578125,209.509994506836,211.16000366210932,2383200
2022-02-08,180.79737854003903,211.3600006103516,213.17999267578125,210.5,212.13999938964844,3086100
2022-02-09,180.2841339111328,210.759994506836,212.67999267578125,209.97999572753903,212.22999572753903,2129500
2022-02-10,180.1729278564453,210.6300048828125,214.5,209.7899932861328,210.63999938964844,1894100
2022-02-11,177.375732421875,207.3600006103516,212.75,206.16000366210932,209.0200042724609,2302000
2022-02-14,174.98924255371094,204.57000732421875,208.94000244140625,201.9900054931641,208.3600006103516,3427000
2022-02-15,177.23037719726562,207.19000244140625,208.22000122070312,205.6199951171875,207.0200042724609,3863900
2022-02-16,178.4279327392578,208.58999633789065,209.91000366210932,205.83999633789065,205.83999633789065,1569900
2022-02-17,172.19204711914062,201.3000030517578,206.9900054931641,201.1199951171875,206.4600067138672,1884500
2022-02-18,172.08082580566406,201.1699981689453,203.9199981689453,200.47000122070312,200.4900054931641,1636300
2022-02-22,173.71466064453125,203.0800018310547,205.7400054931641,200.57000732421875,201.94000244140625,2659400
2022-02-23,170.23321533203125,199.009994506836,205.6999969482422,198.0399932861328,203.5,2035400
2022-02-24,167.32481384277344,195.6100006103516,196.08999633789065,189.63999938964844,192.0,2833100
2022-02-25,173.36395263671875,202.6699981689453,203.66000366210932,197.1300048828125,197.5800018310547,2031400
2022-02-28,170.4384765625,199.25,199.5800018310547,196.2899932861328,196.52999877929688,2555900
2022-03-01,160.1223602294922,187.19000244140625,198.3999938964844,186.5599975585937,197.58999633789065,3781400
2022-03-02,165.69100952148438,193.6999969482422,195.1100006103516,189.4600067138672,190.0,2303800
2022-03-03,163.88613891601562,191.58999633789065,195.32000732421875,190.6100006103516,193.5,2762400
2022-03-04,158.13780212402344,184.8699951171875,187.5399932861328,182.1100006103516,186.57000732421875,2823800
2022-03-07,152.8599853515625,178.6999969482422,184.6100006103516,178.6699981689453,183.67999267578125,3215800
2022-03-08,155.34066772460938,181.6000061035156,187.0,180.0,182.3300018310547,3016500
2022-03-09,159.74598693847656,186.75,190.1499938964844,185.8500061035156,188.6000061035156,1699700
2022-03-10,158.21481323242188,184.9600067138672,185.5500030517578,182.1000061035156,184.0800018310547,2314900
2022-03-11,155.81112670898438,182.1499938964844,188.259994506836,181.88999938964844,186.1300048828125,2342800
2022-03-14,156.8461456298828,183.3600006103516,186.5200042724609,182.19000244140625,183.7899932861328,2421300
2022-03-15,158.45436096191406,185.2400054931641,186.2700042724609,182.47999572753903,185.3699951171875,2114800
2022-03-16,164.5704345703125,192.38999938964844,192.83999633789065,187.41000366210932,188.3999938964844,2057600
2022-03-17,165.15213012695312,193.07000732421875,193.08999633789065,187.32000732421875,189.25,2195400
2022-03-18,165.06655883789062,192.97000122070312,195.0,188.97000122070312,194.9199981689453,5386000
2022-03-21,165.10081481933594,193.009994506836,195.42999267578125,190.72999572753903,194.92999267578125,1859600
2022-03-22,168.83033752441406,197.3699951171875,199.42999267578125,195.3800048828125,196.2700042724609,1958100
2022-03-23,164.80995178222656,192.6699981689453,197.1999969482422,192.6100006103516,194.88999938964844,1535600
2022-03-24,165.3060760498047,193.25,194.66000366210932,192.0599975585937,193.92999267578125,1585500
2022-03-25,168.06048583984375,196.47000122070312,197.3999938964844,193.259994506836,193.6499938964844,1607800
2022-03-28,166.55496215820312,194.7100067138672,195.1000061035156,191.5599975585937,194.7400054931641,1789900
2022-03-29,165.99896240234375,194.0599975585937,198.97999572753903,193.38999938964844,197.8999938964844,1440600
2022-03-30,163.15048217773438,190.72999572753903,194.38999938964844,189.2100067138672,194.0399932861328,1980600
2022-03-31,157.77854919433594,184.4499969482422,191.77999877929688,184.33999633789065,190.16000366210932,3301400
2022-04-01,154.94717407226562,181.13999938964844,185.88999938964844,180.2100067138672,184.2400054931641,2485100
2022-04-04,156.37570190429688,182.8099975585937,184.66000366210932,177.52999877929688,180.22999572753903,2663500
2022-04-05,156.01641845703125,182.38999938964844,185.22999572753903,181.2100067138672,181.6100006103516,1710500
2022-04-06,154.79322814941406,180.9600067138672,182.47000122070312,180.1499938964844,180.8300018310547,1904000
2022-04-07,155.15249633789062,181.3800048828125,182.5500030517578,177.32000732421875,181.0500030517578,2303200
2022-04-08,157.9923858642578,184.6999969482422,185.16000366210932,181.94000244140625,183.1999969482422,2694700
2022-04-11,157.3765106201172,183.97999572753903,188.58999633789065,183.6699981689453,184.57000732421875,2588600
2022-04-12,155.0220489501953,179.75,184.02999877929688,178.55999755859375,182.25,1825800
2022-04-13,153.8922882080078,178.44000244140625,180.1499938964844,176.97000122070312,177.75,2422800
2022-04-14,150.92552185058594,175.0,180.72000122070312,174.25999450683594,178.8699951171875,3475000
2022-04-18,151.57235717773438,175.75,177.30999755859375,173.9499969482422,173.9499969482422,2962400
2022-04-19,153.55596923828125,178.0500030517578,178.6199951171875,175.97999572753906,176.80999755859375,3328200
2022-04-20,154.9272003173828,179.63999938964844,183.19000244140625,179.50999450683594,180.38999938964844,2149700
2022-04-21,153.15060424804688,177.5800018310547,183.1100006103516,176.9199981689453,180.9499969482422,2367600
2022-04-22,149.41629028320312,173.25,178.3300018310547,173.07000732421875,177.91000366210938,3203200
2022-04-25,148.76943969726562,172.5,172.77000427246094,168.02999877929688,171.83999633789062,3113700
2022-04-26,146.1476593017578,169.4600067138672,172.5399932861328,168.9600067138672,170.13999938964844,2489400
2022-04-27,146.98419189453125,170.42999267578125,171.74000549316406,168.0500030517578,168.82000732421875,2405500
2022-04-28,147.5447998046875,171.0800018310547,171.9499969482422,168.3300018310547,171.8000030517578,2930400
2022-04-29,143.24989318847656,166.10000610351562,172.14999389648438,165.58999633789062,170.6999969482422,3452800
2022-05-02,144.49179077148438,167.5399932861328,169.10000610351562,164.10000610351562,168.39999389648438,2395000
2022-05-03,146.32017517089844,169.66000366210938,171.60000610351562,168.02999877929688,169.1199951171875,2250100
2022-05-04,149.82162475585938,173.72000122070312,174.27999877929688,168.52000427246094,169.52000427246094,2186500
2022-05-05,145.63882446289062,168.8699951171875,171.7899932861328,166.3300018310547,171.47000122070312,1881600
2022-05-06,143.6983642578125,166.6199951171875,168.8300018310547,164.58999633789062,168.4600067138672,2342000
2022-05-09,141.1541748046875,163.6699981689453,165.6199951171875,162.6999969482422,164.57000732421875,2050500
2022-05-10,139.57595825195312,161.83999633789062,166.22999572753906,159.6199951171875,164.7100067138672,2005600
2022-05-11,137.8424530029297,159.8300018310547,166.5500030517578,159.64999389648438,162.5399932861328,1756100
2022-05-12,137.38534545898438,159.3000030517578,160.52000427246094,156.1999969482422,158.8800048828125,2030600
2022-05-13,135.78123474121094,157.44000244140625,161.4499969482422,156.75,161.0500030517578,2162100
2022-05-16,133.90975952148438,155.27000427246094,157.75,153.1300048828125,157.0800018310547,2598500
2022-05-17,138.35987854003906,160.42999267578125,161.22999572753906,157.6699981689453,158.17999267578125,1846300
2022-05-18,134.47894287109375,155.92999267578125,159.52999877929688,155.35000610351562,159.11000061035156,1905200
2022-05-19,133.4613037109375,154.75,156.10000610351562,152.69000244140625,154.13999938964844,2049800
2022-05-20,134.52207946777344,155.97999572753906,157.16000366210938,152.35000610351562,155.57000732421875,2014500
2022-05-23,139.86053466796875,162.1699981689453,163.6199951171875,158.50999450683594,158.82000732421875,2047500
2022-05-24,140.80059814453125,163.25999450683594,163.82000732421875,158.7100067138672,161.6999969482422,2218600
2022-05-25,144.56942749023438,167.6300048828125,169.16000366210938,162.8300018310547,162.86000061035156,2814400
2022-05-26,149.1575469970703,172.9499969482422,174.35000610351562,168.47000122070312,168.89999389648438,2648800
2022-05-27,150.96865844726562,175.0500030517578,175.05999755859375,172.55999755859375,172.75999450683594,1651800
2022-05-31,151.27915954589844,175.41000366210938,176.47000122070312,172.17999267578125,172.52999877929688,2995500
2022-06-01,148.7176513671875,172.44000244140625,176.0,170.13999938964844,175.83999633789062,1325900
2022-06-02,151.36537170410156,175.50999450683594,175.55999755859375,170.9600067138672,172.41000366210938,1418000
2022-06-03,149.45938110351562,173.3000030517578,175.25,172.80999755859375,173.5800018310547,1267300
2022-06-06,149.2696533203125,173.0800018310547,176.3300018310547,172.82000732421875,174.99000549316406,924700
2022-06-07,149.37313842773438,173.1999969482422,173.35000610351562,170.72000122070312,170.82000732421875,1221100
2022-06-08,146.52713012695312,169.89999389648438,171.7100067138672,168.88999938964844,171.7100067138672,1112800
2022-06-09,140.5763702392578,163.0,169.49000549316406,162.94000244140625,169.14999389648438,2103200
2022-06-10,136.54879760742188,158.3300018310547,161.6999969482422,157.41000366210938,158.8699951171875,2252200
2022-06-13,134.13400268554688,155.52999877929688,158.67999267578125,154.05999755859375,154.38999938964844,2955300
2022-06-14,134.24609375,155.66000366210938,159.41000366210938,154.27999877929688,156.1300048828125,1932600
2022-06-15,134.97915649414062,156.50999450683594,159.02000427246094,154.55999755859375,156.67999267578125,1918100
2022-06-16,130.64112854003906,151.47999572753906,153.92999267578125,150.6699981689453,153.74000549316406,3403800
2022-06-17,132.89208984375,154.08999633789062,155.4600067138672,149.50999450683594,150.0,6732300
2022-06-21,134.96194458007812,156.49000549316406,158.6999969482422,155.47000122070312,157.6199951171875,2184600
2022-06-22,135.06539916992188,156.61000061035156,158.0399932861328,154.8000030517578,154.89999389648438,1868500
2022-06-23,134.36683654785156,155.8000030517578,156.47000122070312,153.16000366210938,155.6300048828125,2157500
2022-06-24,140.43833923339844,162.83999633789062,162.9499969482422,156.52000427246094,156.91000366210938,3039200
2022-06-27,139.23959350585938,161.4499969482422,164.4499969482422,160.4600067138672,164.0,1462800
2022-06-28,137.77342224121094,159.75,164.9499969482422,159.72999572753906,162.57000732421875,1577500
2022-06-29,135.72085571289062,157.3699951171875,160.25,157.07000732421875,160.25,1132800
2022-06-30,136.0658416748047,157.77000427246094,159.4600067138672,152.5399932861328,154.02999877929688,2296100
2022-07-01,139.11024475097656,161.3000030517578,161.50999450683594,155.1999969482422,157.27000427246094,2165200
2022-07-05,138.92909240722656,161.08999633789062,161.14999389648438,155.67999267578125,158.0,1936100
2022-07-06,138.01492309570312,160.02999877929688,161.47999572753906,158.52999877929688,160.08999633789062,1692900
2022-07-07,139.98129272460938,162.30999755859375,162.94000244140625,160.5,161.08999633789062,1561100
2022-07-08,139.17922973632812,161.3800048828125,163.67999267578125,160.5399932861328,162.97999572753906,1456700
2022-07-11,138.17881774902344,160.22000122070312,161.5800018310547,158.88999938964844,160.9499969482422,1776000
2022-07-12,136.7597198486328,157.08999633789062,160.4499969482422,156.17999267578125,158.0,1681300
2022-07-13,134.3395233154297,154.30999755859375,155.88999938964844,151.4199981689453,155.13999938964844,3068700
2022-07-14,131.4230499267578,150.9600067138672,151.92999267578125,149.50999450683594,150.57000732421875,2120400
2022-07-15,133.56471252441406,153.4199981689453,154.14999389648438,146.38999938964844,148.0,4838700
2022-07-18,134.65292358398438,154.6699981689453,159.2100067138672,153.38999938964844,156.02999877929688,2219900
2022-07-19,139.4585418701172,160.19000244140625,160.82000732421875,156.3300018310547,156.85000610351562,2018600
2022-07-20,139.42373657226562,160.14999389648438,160.61000061035156,157.8800048828125,158.99000549316406,1683100
2022-07-21,140.69476318359375,161.61000061035156,161.74000549316406,158.97000122070312,159.38999938964844,1547500
2022-07-22,140.8253631591797,161.75999450683594,163.77999877929688,160.89999389648438,161.86000061035156,1457300
2022-07-25,143.38487243652344,164.6999969482422,165.5800018310547,162.24000549316406,163.32000732421875,1294200
2022-07-26,140.79054260253906,161.72000122070312,166.17999267578125,161.64999389648438,163.44000244140625,1574100
2022-07-27,141.90489196777344,163.0,164.47000122070312,161.52000427246094,162.3699951171875,2153100
2022-07-28,141.8178253173828,162.89999389648438,163.85000610351562,160.57000732421875,162.77000427246094,1732400
2022-07-29,144.46441650390625,165.94000244140625,166.57000732421875,163.25,163.5,2122200
2022-08-01,144.56886291503906,166.05999755859375,166.2899932861328,162.49000549316406,163.8800048828125,1159000
2022-08-02,142.1747589111328,163.30999755859375,165.72000122070312,163.24000549316406,165.52999877929688,1597400
2022-08-03,143.95079040527344,165.35000610351562,166.3000030517578,163.41000366210938,164.69000244140625,1151900
2022-08-04,142.8451385498047,164.0800018310547,165.82000732421875,163.41000366210938,164.8699951171875,1473400
2022-08-05,145.42201232910156,167.0399932861328,168.0800018310547,163.66000366210938,164.22000122070312,1556200
2022-08-08,144.5514373779297,166.0399932861328,168.83999633789062,165.8699951171875,168.2899932861328,927200
2022-08-09,144.44696044921875,165.9199981689453,167.0,165.25999450683594,166.05999755859375,918900
2022-08-10,147.52886962890625,169.4600067138672,170.9199981689453,167.50999450683594,168.24000549316406,2324000
2022-08-11,149.68789672851562,171.94000244140625,172.60000610351562,170.5800018310547,171.2899932861328,1563100
2022-08-12,152.02975463867188,174.6300048828125,174.63999938964844,171.77000427246094,173.02999877929688,1188000
2022-08-15,151.42031860351562,173.92999267578125,174.44000244140625,172.35000610351562,172.97000122070312,910200
2022-08-16,152.38668823242188,175.0399932861328,176.33999633789062,173.14999389648438,173.14999389648438,948300
2022-08-17,150.90667724609375,173.33999633789062,174.32000732421875,172.42999267578125,172.7899932861328,936400
2022-08-18,151.0459747314453,173.5,173.91000366210938,172.3000030517578,173.88999938964844,691900
2022-08-19,148.6867218017578,170.7899932861328,172.72999572753906,169.9499969482422,172.02000427246094,1240800
2022-08-22,144.91712951660156,166.4600067138672,168.88999938964844,166.05999755859375,168.88999938964844,1269000
2022-08-23,144.94320678710938,166.49000549316406,167.94000244140625,166.3300018310547,166.72999572753906,840400
2022-08-24,145.7354278564453,167.39999389648438,167.6699981689453,165.32000732421875,165.8800048828125,1383100
2022-08-25,147.04132080078125,168.89999389648438,170.0,167.16000366210938,167.67999267578125,1619700
2022-08-26,141.19972229003906,162.19000244140625,169.83999633789062,162.02999877929688,169.4499969482422,1642000
2022-08-29,139.39759826660156,160.1199951171875,161.74000549316406,159.16000366210938,161.25999450683594,1572100
2022-08-30,138.68374633789062,159.3000030517578,160.94000244140625,158.44000244140625,160.94000244140625,1586800
2022-08-31,137.55198669433594,158.0,160.4199981689453,157.9600067138672,160.10000610351562,3090600
2022-09-01,137.9437255859375,158.4499969482422,158.55999755859375,155.75,157.57000732421875,1704500
2022-09-02,136.8990478515625,157.25,162.0,156.66000366210938,160.47999572753906,1433000
2022-09-06,136.1329345703125,156.3699951171875,158.4199981689453,154.14999389648438,158.4199981689453,1857800
2022-09-07,138.95358276367188,159.61000061035156,160.17999267578125,154.9499969482422,155.1300048828125,1921900
2022-09-08,141.77432250976562,162.85000610351562,163.02000427246094,157.97000122070312,158.8699951171875,1657900
2022-09-09,143.07147216796875,164.33999633789062,165.19000244140625,163.00999450683594,163.66000366210938,1984800
2022-09-12,144.7603759765625,166.27999877929688,167.24000549316406,165.1199951171875,165.4499969482422,2138700
2022-09-13,140.03314208984375,160.85000610351562,163.80999755859375,160.0399932861328,162.82000732421875,1945700
2022-09-14,141.39125061035156,162.41000366210938,162.91000366210938,159.3300018310547,161.72999572753906,1929900
2022-09-15,143.6895751953125,165.0500030517578,166.88999938964844,162.69000244140625,163.1300048828125,1731000
2022-09-16,142.62745666503906,163.8300018310547,164.1699981689453,161.32000732421875,163.27000427246094,2569100
2022-09-19,143.91595458984375,165.30999755859375,165.6699981689453,161.07000732421875,161.72999572753906,1159400
2022-09-20,142.62745666503906,163.8300018310547,164.80999755859375,162.42999267578125,164.0500030517578,1330400
2022-09-21,137.9437255859375,158.4499969482422,164.5,158.4199981689453,163.8000030517578,1645100
2022-09-22,134.65292358398438,154.6699981689453,159.49000549316406,154.44000244140625,159.49000549316406,1642100
2022-09-23,132.25885009765625,151.9199981689453,153.61000061035156,149.89999389648438,152.7100067138672,1630400
2022-09-26,129.49041748046875,148.74000549316406,152.2899932861328,148.33999633789062,150.80999755859375,1837200
2022-09-27,128.87225341796875,148.02999877929688,151.0,147.10000610351562,150.38999938964844,2083000
2022-09-28,131.9715118408203,151.58999633789062,152.4600067138672,148.14999389648438,148.16000366210938,1762900
2022-09-29,131.22283935546875,150.72999572753906,151.61000061035156,148.61000061035156,149.67999267578125,1633700
2022-09-30,130.08241271972656,149.4199981689453,153.69000244140625,149.22000122070312,150.75,2140700
2022-10-03,133.8955078125,153.8000030517578,155.0,149.07000732421875,151.8000030517578,2236400
2022-10-04,139.85031127929688,160.63999938964844,160.74000549316406,156.11000061035156,156.16000366210938,2099900
2022-10-05,138.62278747558594,159.22999572753906,159.97999572753906,157.52000427246094,158.0,1130800
2022-10-06,135.55836486816406,155.7100067138672,159.0,155.35000610351562,158.08999633789062,1756900
2022-10-07,131.75387573242188,151.33999633789062,154.75999450683594,150.74000549316406,154.52000427246094,1688100
2022-10-10,131.32730102539062,150.85000610351562,153.42999267578125,149.9499969482422,152.44000244140625,1244200
2022-10-11,128.56756591796875,147.67999267578125,150.77999877929688,147.19000244140625,149.88999938964844,1777100
2022-10-12,127.20947265625,146.1199951171875,148.27999877929688,145.77999877929688,147.0,1723500
2022-10-13,133.1729278564453,152.97000122070312,154.07000732421875,143.52000427246094,143.86000061035156,3552800
2022-10-14,131.61676025390625,149.6999969482422,154.88999938964844,148.80999755859375,150.0,4731600
2022-10-17,137.0238494873047,155.85000610351562,156.47000122070312,152.17999267578125,153.33999633789062,2818100
2022-10-18,137.29641723632812,156.16000366210938,159.85000610351562,154.64999389648438,159.7100067138672,2485100
2022-10-19,133.3751678466797,151.6999969482422,156.80999755859375,150.9600067138672,154.7899932861328,1673000
2022-10-20,130.10450744628906,147.97999572753906,152.97000122070312,147.07000732421875,150.52999877929688,1952100
2022-10-21,137.48104858398438,156.3699951171875,156.6699981689453,146.88999938964844,147.49000549316406,2624600
2022-10-24,141.05943298339844,160.44000244140625,161.2100067138672,156.52999877929688,157.25,2154800
2022-10-25,143.5035858154297,163.22000122070312,164.16000366210938,159.0399932861328,159.1699981689453,2061500
2022-10-26,142.18478393554688,161.72000122070312,164.85000610351562,161.6199951171875,163.8800048828125,1985900
2022-10-27,141.5517578125,161.0,164.94000244140625,160.7899932861328,163.52999877929688,1753600
2022-10-28,143.1958770751953,162.8699951171875,163.3000030517578,160.52999877929688,161.9199981689453,2204500
2022-10-31,142.281494140625,161.8300018310547,163.25,161.4499969482422,162.22000122070312,2192000
2022-11-01,142.263916015625,161.80999755859375,163.39999389648438,160.82000732421875,162.9199981689453,1495200
2022-11-02,139.5559539794922,158.72999572753906,163.3800048828125,158.6199951171875,161.13999938964844,2300800
2022-11-03,134.79066467285156,153.30999755859375,157.58999633789062,152.94000244140625,157.0,2484900
2022-11-04,137.59532165527344,156.5,157.27999877929688,153.22999572753906,155.3699951171875,3575100
2022-11-07,137.77120971679688,156.6999969482422,159.17999267578125,155.7100067138672,158.25999450683594,2256300
2022-11-08,139.4944305419922,158.66000366210938,160.16000366210938,156.13999938964844,156.63999938964844,3290400
2022-11-09,136.76011657714844,155.5500030517578,157.67999267578125,154.11000061035156,157.11000061035156,2438100
2022-11-10,144.0574951171875,163.85000610351562,164.47000122070312,159.67999267578125,160.35000610351562,2781800
2022-11-11,145.73675537109375,165.75999450683594,167.5,164.16000366210938,164.94000244140625,2754900
2022-11-14,143.56512451171875,163.2899932861328,165.89999389648438,163.22000122070312,165.5500030517578,2741600
2022-11-15,144.31243896484375,164.13999938964844,167.6300048828125,161.47999572753906,165.42999267578125,2210400
2022-11-16,142.12322998046875,161.64999389648438,164.58999633789062,161.52000427246094,164.1699981689453,1951200
2022-11-17,139.61749267578125,158.8000030517578,159.85000610351562,157.38999938964844,159.08999633789062,2031000
2022-11-18,141.6924591064453,161.16000366210938,161.72000122070312,159.85000610351562,161.33999633789062,1853100
2022-11-21,143.01124572753906,162.66000366210938,163.33999633789062,160.22000122070312,161.0,1420700
2022-11-22,145.0509796142578,164.97999572753906,165.5,163.80999755859375,164.1300048828125,1547700
2022-11-23,146.3873748779297,166.5,166.88999938964844,164.5,164.75,1278200
2022-11-25,147.39845275878906,167.64999389648438,168.82000732421875,167.0399932861328,167.9600067138672,597500
2022-11-28,142.96726989746094,162.61000061035156,166.77000427246094,162.2899932861328,166.0399932861328,1525800
2022-11-29,144.51467895507812,164.3699951171875,164.8699951171875,162.25999450683594,162.92999267578125,975500
2022-11-30,147.93475341796875,168.25999450683594,168.5399932861328,159.77999877929688,163.77999877929688,3296800
2022-12-01,144.89273071289062,164.8000030517578,170.27999877929688,164.3800048828125,169.5500030517578,1854200
2022-12-02,144.39158630371094,164.22999572753906,164.60000610351562,162.24000549316406,162.72000122070312,1569900
2022-12-05,134.61485290527344,153.11000061035156,162.8300018310547,152.5800018310547,162.77000427246094,3811300
2022-12-06,133.51580810546875,151.86000061035156,153.7899932861328,149.69000244140625,152.99000549316406,2563100
2022-12-07,136.3644561767578,155.10000610351562,156.3300018310547,150.52000427246094,151.10000610351562,2628200
2022-12-08,135.69625854492188,154.33999633789062,157.00999450683594,153.61000061035156,155.85000610351562,1927100
2022-12-09,135.46766662597656,154.0800018310547,155.86000061035156,153.07000732421875,153.6199951171875,1761000
2022-12-12,137.77120971679688,156.6999969482422,156.75999450683594,152.13999938964844,154.58999633789062,2349400
2022-12-13,135.4237060546875,154.02999877929688,161.0800018310547,153.02999877929688,160.72999572753906,2621000
2022-12-14,131.5464324951172,149.6199951171875,154.6699981689453,149.1999969482422,153.3699951171875,3205800
2022-12-15,132.03875732421875,150.17999267578125,150.41000366210938,147.07000732421875,147.5,3043400
2022-12-16,132.223388671875,150.38999938964844,150.88999938964844,148.0500030517578,148.86000061035156,7000000
2022-12-19,132.02117919921875,150.16000366210938,152.5399932861328,148.94000244140625,150.27000427246094,2070500
2022-12-20,133.3575897216797,151.67999267578125,153.69000244140625,150.35000610351562,150.47999572753906,2144700
2022-12-21,135.3094024658203,153.89999389648438,155.49000549316406,153.25999450683594,153.64999389648438,1541600
2022-12-22,135.6522979736328,154.2899932861328,154.5399932861328,151.08999633789062,153.1699981689453,1522100
2022-12-23,136.2941436767578,155.02000427246094,156.13999938964844,154.17999267578125,154.22999572753906,1027600
2022-12-27,137.12059020996094,155.9600067138672,156.63999938964844,154.3300018310547,155.36000061035156,733000
2022-12-28,137.03265380859375,155.86000061035156,157.02999877929688,155.35000610351562,156.32000732421875,974600
2022-12-29,138.76467895507812,157.8300018310547,158.0500030517578,155.61000061035156,156.25,994300
2022-12-30,138.8614044189453,157.94000244140625,158.57000732421875,156.22000122070312,157.24000549316406,1035000
2023-01-03,140.2505645751953,159.52000427246094,161.60000610351562,157.6699981689453,159.64999389648438,1650600
2023-01-04,143.95196533203125,163.72999572753906,166.10000610351562,160.64999389648438,161.60000610351562,2107600
2023-01-05,140.11863708496094,159.3699951171875,161.63999938964844,157.30999755859375,160.9600067138672,2173900
2023-01-06,144.37399291992188,164.2100067138672,164.7899932861328,158.9199981689453,162.5,2250100
2023-01-09,144.43551635742188,164.27999877929688,166.86000061035156,163.08999633789062,164.9499969482422,2473700
2023-01-10,145.01580810546875,164.94000244140625,165.0500030517578,162.4600067138672,163.49000549316406,2139900
2023-01-11,145.8070831298828,165.83999633789062,166.69000244140625,165.0500030517578,165.1199951171875,3197900
2023-01-12,148.4271240234375,168.82000732421875,169.07000732421875,166.63999938964844,167.0,2169700
2023-01-13,145.4820098876953,164.0,165.25999450683594,161.36000061035156,164.75,4379400
2023-01-17,143.57476806640625,161.85000610351562,163.5500030517578,161.16000366210938,163.1300048828125,3608200
2023-01-18,134.89906311035156,152.07000732421875,155.2100067138672,149.58999633789062,152.49000549316406,6677800
2023-01-19,131.30638122558594,148.02000427246094,150.8800048828125,147.10000610351562,150.5,5764300
2023-01-20,137.3828887939453,154.8699951171875,155.11000061035156,147.30999755859375,148.44000244140625,4166500
2023-01-23,141.34817504882812,159.33999633789062,160.99000549316406,154.5500030517578,155.22000122070312,2433200
2023-01-24,140.53207397460938,158.4199981689453,159.72999572753906,157.49000549316406,159.72999572753906,1631600
2023-01-25,142.09332275390625,160.17999267578125,160.72000122070312,156.6300048828125,157.22000122070312,2227500
2023-01-26,143.64573669433594,161.92999267578125,161.99000549316406,159.30999755859375,161.02000427246094,1397200
2023-01-27,144.74571228027344,163.1699981689453,165.08999633789062,161.9499969482422,161.99000549316406,2046900
2023-01-30,144.47071838378906,162.86000061035156,163.4499969482422,162.0500030517578,162.19000244140625,1947100
2023-01-31,146.75051879882812,165.42999267578125,165.44000244140625,161.77999877929688,163.0,2295100
2023-02-01,146.18283081054688,164.7899932861328,166.57000732421875,162.1699981689453,163.85000610351562,1844200
2023-02-02,147.40696716308594,166.1699981689453,166.80999755859375,163.11000061035156,165.5,1930100
2023-02-03,146.7150421142578,165.38999938964844,167.1199951171875,164.10000610351562,164.6999969482422,1507700
2023-02-06,144.5949249267578,163.0,164.6999969482422,162.58999633789062,164.07000732421875,1567600
2023-02-07,144.5416717529297,162.94000244140625,164.0,160.3300018310547,162.4499969482422,3890900
2023-02-08,143.3175048828125,161.55999755859375,163.13999938964844,160.75999450683594,161.05999755859375,1929500
2023-02-09,140.9401397705078,158.8800048828125,162.6999969482422,158.27999877929688,162.35000610351562,1637300
2023-02-10,141.34817504882812,159.33999633789062,159.33999633789062,157.58999633789062,158.2100067138672,1863700
2023-02-13,142.80300903320312,160.97999572753906,161.3300018310547,158.2899932861328,159.02999877929688,1227800
2023-02-14,142.93609619140625,161.1300048828125,161.6999969482422,159.11000061035156,160.36000061035156,1122100
2023-02-15,141.93365478515625,160.0,161.77999877929688,159.0800018310547,159.49000549316406,1813100
2023-02-16,140.42562866210938,158.3000030517578,159.94000244140625,157.9199981689453,158.52000427246094,1781700
2023-02-17,140.68289184570312,158.58999633789062,158.74000549316406,156.9199981689453,158.0,1797100
2023-02-21,137.92405700683594,155.47999572753906,157.52000427246094,154.9600067138672,156.86000061035156,1843200
2023-02-22,138.65145874023438,156.3000030517578,156.6699981689453,154.80999755859375,155.24000549316406,2630700
2023-02-23,140.2482147216797,158.10000610351562,158.6699981689453,155.60000610351562,157.8699951171875,3004000
2023-02-24,140.59417724609375,158.49000549316406,158.74000549316406,155.27000427246094,156.50999450683594,1553400
2023-02-27,139.8933563232422,157.6999969482422,161.14999389648438,157.2899932861328,160.07000732421875,1488300
2023-02-28,140.08853149414062,157.9199981689453,158.8800048828125,157.41000366210938,158.55999755859375,2740900
2023-03-01,137.68453979492188,155.2100067138672,157.30999755859375,154.2899932861328,156.97999572753906,2504800
2023-03-02,133.27572631835938,150.24000549316406,154.3000030517578,148.5399932861328,153.85000610351562,3523000
2023-03-03,135.62649536132812,152.88999938964844,153.47999572753906,151.11000061035156,151.61000061035156,2465800
2023-03-06,135.44015502929688,152.67999267578125,155.33999633789062,152.6300048828125,153.8800048828125,2454200
2023-03-07,129.26608276367188,145.72000122070312,151.64999389648438,145.14999389648438,151.32000732421875,3520400
2023-03-08,128.7427215576172,145.1300048828125,146.32000732421875,144.22000122070312,145.1699981689453,2574700
2023-03-09,122.3024673461914,137.8699951171875,143.97999572753906,137.4600067138672,143.97999572753906,4320000
2023-03-10,121.67264556884766,137.16000366210938,141.63999938964844,132.3000030517578,134.2100067138672,6957800
2023-03-13,115.3743133544922,130.05999755859375,132.97000122070312,124.20999908447266,129.3300018310547,14700700
2023-03-14,115.79126739501952,130.52999877929688,138.6999969482422,126.94000244140624,137.5,8289500
2023-03-15,110.9300308227539,125.0500030517578,126.62000274658205,122.72000122070312,126.08999633789062,7609800
2023-03-16,115.42754364013672,130.1199951171875,131.60000610351562,120.9499969482422,124.5,7677700
2023-03-17,109.7501983642578,123.72000122070312,128.3000030517578,122.30999755859376,127.79000091552734,9095300
2023-03-20,112.97030639648438,127.3499984741211,130.4499969482422,124.91999816894533,126.11000061035156,5179800
2023-03-21,116.7582015991211,131.6199951171875,132.5800018310547,129.7100067138672,131.5,4103900
2023-03-22,110.35342407226562,124.4000015258789,131.0800018310547,124.38999938964844,130.5800018310547,4249900
2023-03-23,108.3397445678711,122.12999725341795,126.11000061035156,121.56999969482422,125.58000183105467,5851300
2023-03-24,110.1316375732422,124.1500015258789,124.16999816894533,119.2699966430664,120.0,4137300
2023-03-27,110.90341186523438,125.0199966430664,129.57000732421875,124.25,128.72000122070312,3467100
2023-03-28,112.53565216064452,126.86000061035156,126.97000122070312,124.0,124.4800033569336,2703800
2023-03-29,114.36304473876952,128.9199981689453,129.75,127.66000366210938,128.97000122070312,2575600
2023-03-30,112.68645477294922,127.02999877929688,131.19000244140625,126.7300033569336,131.08999633789062,3064200
2023-03-31,112.74855041503906,127.0999984741211,128.85000610351562,126.36000061035156,128.4499969482422,3600500
2023-04-03,110.88566589355467,125.0,127.9000015258789,124.6500015258789,126.91000366210938,4845300
2023-04-04,108.96070098876952,122.83000183105467,126.25,121.27999877929688,125.87999725341795,3480100
2023-04-05,107.71878814697266,121.43000030517578,123.19000244140624,120.33000183105467,120.80999755859376,3550000
2023-04-06,108.11797332763672,121.87999725341795,124.0999984741211,119.79000091552734,120.0,3507200
2023-04-10,108.4018325805664,122.1999969482422,122.9000015258789,120.86000061035156,121.22000122070312,3234800
2023-04-11,108.4994125366211,122.30999755859376,123.20999908447266,121.43000030517578,122.0999984741211,2726500
2023-04-12,106.18412017822266,119.6999969482422,123.27999877929688,119.4499969482422,123.0500030517578,4446300
2023-04-13,107.7010269165039,121.41000366210938,121.69000244140624,118.48999786376952,120.0,4856200
2023-04-14,108.09134674072266,121.8499984741211,122.29000091552734,117.51000213623048,121.5,12921100
2023-04-17,112.34854125976562,125.08999633789062,125.12999725341795,118.70999908447266,120.18000030517578,6292900
2023-04-18,112.05216217041016,124.76000213623048,125.5999984741211,122.0999984741211,125.08999633789062,4718800
2023-04-19,115.29444122314452,128.3699951171875,129.64999389648438,123.63999938964844,124.5999984741211,5967200
2023-04-20,112.8065948486328,125.5999984741211,126.93000030517578,124.26000213623048,126.5999984741211,3720500
2023-04-21,110.812744140625,123.37999725341795,125.3499984741211,122.88999938964844,124.73999786376952,3537900
2023-04-24,111.61206817626952,124.2699966430664,124.6500015258789,122.63999938964844,124.0,2333600
2023-04-25,111.10012817382812,123.6999969482422,124.6500015258789,121.12000274658205,122.44000244140624,4996000
2023-04-26,114.82740783691406,127.8499984741211,129.58999633789062,123.41000366210938,123.4499969482422,6547400
2023-04-27,114.9801025390625,128.02000427246094,129.39999389648438,127.37999725341795,128.66000366210938,3124400
2023-04-28,116.98294067382812,130.25,132.33999633789062,126.4000015258789,126.70999908447266,3942900
2023-05-01,109.5732879638672,122.0,126.7699966430664,121.41000366210938,126.4800033569336,9064200
2023-05-02,107.0045928955078,119.13999938964844,123.25,117.77999877929688,123.25,8595100
2023-05-03,104.76822662353516,116.6500015258789,120.9000015258789,116.55999755859376,120.08999633789062,5764500
2023-05-04,102.0648193359375,113.63999938964844,115.61000061035156,111.83999633789062,113.37999725341795,6975900
2023-05-05,104.34610748291016,116.18000030517578,117.95999908447266,114.9499969482422,116.61000061035156,4790800
2023-05-08,105.0735855102539,116.98999786376952,118.37999725341795,115.54000091552734,118.0,2867100
2023-05-09,103.9149932861328,115.6999969482422,116.58999633789062,114.56999969482422,115.6500015258789,3063800
2023-05-10,102.36121368408205,113.97000122070312,117.6500015258789,113.77999877929688,117.29000091552734,3473300
2023-05-11,101.22056579589844,112.6999969482422,113.62999725341795,111.22000122070312,112.55999755859376,2511300
2023-05-12,100.21465301513672,111.58000183105467,113.6999969482422,110.30999755859376,113.6999969482422,2212400
2023-05-15,102.09176635742188,113.66999816894533,114.16000366210938,111.6999969482422,111.9000015258789,2256100
2023-05-16,100.22362518310548,111.58999633789062,114.36000061035156,111.4000015258789,113.7300033569336,2243600
2023-05-17,107.10340118408205,119.25,119.29000091552734,113.48999786376952,113.48999786376952,4488300
2023-05-18,107.91172790527344,120.1500015258789,120.47000122070312,117.4499969482422,118.7699966430664,3077100
2023-05-19,106.41182708740234,118.4800033569336,120.6500015258789,116.9000015258789,120.63999938964844,2679800
2023-05-22,108.15422058105467,120.41999816894533,120.4499969482422,117.80999755859376,119.44000244140624,2452400
2023-05-23,109.11524200439452,121.48999786376952,124.5999984741211,120.04000091552734,120.58000183105467,3221600
2023-05-24,108.00153350830078,120.25,120.83000183105467,119.29000091552734,120.16000366210938,2062400
2023-05-25,106.86988067626952,118.98999786376952,120.66999816894533,118.52999877929688,119.7699966430664,1776500
2023-05-26,106.68125915527344,118.77999877929688,119.36000061035156,117.86000061035156,119.30999755859376,1803600
2023-05-30,106.744140625,118.8499984741211,120.0,116.9000015258789,119.52999877929688,1787200
2023-05-31,104.0317611694336,115.83000183105467,118.37000274658205,114.16999816894533,118.0,3715000
2023-06-01,107.5434799194336,119.73999786376952,120.02999877929688,114.72000122070312,117.2300033569336,2964900
2023-06-02,110.99236297607422,123.58000183105467,124.19000244140624,120.76000213623048,121.68000030517578,3105500
2023-06-05,110.722900390625,123.27999877929688,124.38999938964844,121.88999938964844,124.01000213623048,2829500
2023-06-06,113.50715637207033,126.37999725341795,127.87999725341795,122.5,122.9499969482422,2509700
2023-06-07,114.56694793701172,127.55999755859376,128.17999267578125,124.52999877929688,126.26000213623048,3203800
2023-06-08,115.73455047607422,128.86000061035156,129.4199981689453,126.05999755859376,126.9800033569336,2942400
2023-06-09,115.79740142822266,128.92999267578125,130.5399932861328,128.3800048828125,128.63999938964844,2365800
2023-06-12,114.4322509765625,127.41000366210938,130.33999633789062,125.6999969482422,128.50999450683594,2980200
2023-06-13,115.73455047607422,128.86000061035156,129.39999389648438,126.33999633789062,126.62000274658205,3344500
2023-06-14,113.63288116455078,126.5199966430664,130.33999633789062,126.11000061035156,129.5,2024700
2023-06-15,115.67166137695312,128.7899932861328,129.27999877929688,126.2699966430664,126.51000213623048,2076900
2023-06-16,115.38426208496094,128.47000122070312,129.3800048828125,127.37000274658205,129.3800048828125,3465200
2023-06-20,113.57901000976562,126.45999908447266,127.9000015258789,126.04000091552734,127.5999984741211,1808300
2023-06-21,113.75862884521484,126.66000366210938,126.8000030517578,125.2699966430664,126.3499984741211,2319300
2023-06-22,110.86660766601562,123.44000244140624,126.94000244140624,122.9800033569336,126.5500030517578,1688000
2023-06-23,110.49837493896484,123.02999877929688,123.44000244140624,121.76000213623048,122.26000213623048,2399200
2023-06-26,111.12706756591795,123.7300033569336,125.16999816894533,123.2699966430664,123.58999633789062,2031000
2023-06-27,111.3785629272461,124.01000213623048,124.8000030517578,122.56999969482422,123.43000030517578,1715700
2023-06-28,110.9743881225586,123.55999755859376,123.91000366210938,122.41000366210938,123.87999725341795,1501700
2023-06-29,112.87845611572266,125.68000030517578,126.5,124.5,124.73999786376952,2272100
2023-06-30,113.12094116210938,125.9499969482422,127.3000030517578,124.83999633789062,126.79000091552734,2257000
2023-07-03,114.54000854492188,127.52999877929688,128.3300018310547,126.11000061035156,126.4499969482422,1193700
2023-07-05,113.47122955322266,126.33999633789062,128.0399932861328,125.4499969482422,126.45999908447266,1854400
2023-07-06,111.26179504394533,123.87999725341795,124.83000183105467,121.62999725341795,124.83000183105467,2515100
2023-07-07,112.81558227539062,125.61000061035156,126.8499984741211,123.87999725341795,124.26000213623048,2194200
2023-07-10,112.5910415649414,125.36000061035156,126.80999755859376,124.76000213623048,124.81999969482422,1734400
2023-07-11,113.60594940185548,126.48999786376952,127.66999816894533,125.75,126.1500015258789,2264500
2023-07-12,114.27056884765624,127.2300033569336,130.4499969482422,126.97000122070312,128.4499969482422,2508100
2023-07-13,116.5698013305664,129.7899932861328,129.97999572753906,127.5,127.87999725341795,2563400
2023-07-14,114.34276580810548,125.79000091552734,130.32000732421875,125.62999725341795,130.0,2507200
2023-07-17,115.58809661865234,127.16000366210938,128.52000427246094,125.8000030517578,126.26000213623048,2647500
2023-07-18,118.48780059814452,130.35000610351562,132.32000732421875,124.4000015258789,125.01000213623048,4679300
2023-07-19,120.32396697998048,132.3699951171875,132.5800018310547,130.16000366210938,130.22000122070312,4648100
2023-07-20,121.79654693603516,133.99000549316406,134.1300048828125,131.13999938964844,132.25999450683594,3554400
2023-07-21,122.04198455810548,134.25999450683594,134.97999572753906,131.9600067138672,134.5800018310547,3582200
2023-07-24,123.26004028320312,135.60000610351562,136.94000244140625,133.42999267578125,133.8699951171875,2910100
2023-07-25,121.38751220703124,133.5399932861328,136.07000732421875,133.3300018310547,135.9600067138672,2509400
2023-07-26,123.63270568847656,136.00999450683594,137.02999877929688,133.32000732421875,135.11000061035156,2971400
2023-07-27,121.00572204589844,133.1199951171875,137.0399932861328,132.8000030517578,136.8699951171875,2462800
2023-07-28,123.16915130615234,135.5,136.0800018310547,133.02000427246094,134.55999755859375,1736400
2023-07-31,124.43263244628906,136.88999938964844,137.2100067138672,135.13999938964844,136.1199951171875,2478300
2023-08-01,123.10549926757812,135.42999267578125,136.6999969482422,134.22000122070312,136.2100067138672,2442400
2023-08-02,121.91471862792967,134.1199951171875,134.6199951171875,132.72999572753906,134.1199951171875,2002400
2023-08-03,120.91481018066406,133.02000427246094,134.1300048828125,132.42999267578125,133.82000732421875,2173000
2023-08-04,119.49679565429688,131.4600067138672,133.72000122070312,130.7100067138672,132.85000610351562,2858600
2023-08-07,120.35124206542967,132.39999389648438,132.8699951171875,131.4600067138672,132.24000549316406,1698600
2023-08-08,118.21510314941406,130.0500030517578,130.14999389648438,125.2699966430664,129.0800018310547,2825700
2023-08-09,115.76080322265624,127.3499984741211,130.0,127.29000091552734,128.8300018310547,1729500
2023-08-10,116.4334716796875,128.08999633789062,129.80999755859375,127.25,128.0399932861328,1657700
2023-08-11,118.11510467529295,129.94000244140625,129.9499969482422,127.19000244140624,127.3499984741211,1203400
2023-08-14,115.69718170166016,127.27999877929688,129.36000061035156,126.45999908447266,128.86000061035156,1371400
2023-08-15,112.3520736694336,123.5999984741211,125.73999786376952,123.1999969482422,125.44000244140624,2081000
2023-08-16,111.56124114990234,122.7300033569336,123.69000244140624,122.0999984741211,122.9800033569336,1612400
2023-08-17,112.26117706298828,123.5,124.5999984741211,122.6999969482422,123.1500015258789,1511200
2023-08-18,111.98846435546876,123.1999969482422,123.79000091552734,122.05999755859376,122.05999755859376,1346500
2023-08-21,111.74303436279295,122.93000030517578,123.97000122070312,121.5199966430664,123.66999816894533,1191700
2023-08-22,108.18885803222656,119.0199966430664,123.4499969482422,118.80999755859376,122.88999938964844,1498100
2023-08-23,108.54337310791016,119.41000366210938,119.70999908447266,118.12000274658205,118.97000122070312,1670200
2023-08-24,106.96170806884766,117.66999816894533,121.44000244140624,117.63999938964844,119.3000030517578,3178300
2023-08-25,107.0253448486328,117.73999786376952,119.0999984741211,117.0999984741211,118.25,1794600
2023-08-28,107.63436889648438,118.41000366210938,120.0500030517578,118.06999969482422,118.66000366210938,1221700
2023-08-29,109.61598205566406,120.58999633789062,121.1999969482422,118.43000030517578,118.72000122070312,1311800
2023-08-30,109.5159912109375,120.4800033569336,120.9499969482422,119.72000122070312,120.37000274658205,1219000
2023-08-31,109.74324798583984,120.7300033569336,122.41999816894533,119.98999786376952,121.02999877929688,1981300
2023-09-01,111.09764862060548,122.22000122070312,123.4000015258789,120.86000061035156,121.70999908447266,1235800
2023-09-05,109.52507781982422,120.48999786376952,123.22000122070312,120.41000366210938,121.7300033569336,1604900
2023-09-06,107.58892059326172,118.36000061035156,120.16000366210938,117.52999877929688,120.0,1841600
2023-09-07,105.23461151123048,115.7699966430664,118.58999633789062,115.72000122070312,117.0,2009400
2023-09-08,106.28905487060548,116.93000030517578,117.12999725341795,115.0199966430664,116.31999969482422,2097600
2023-09-11,107.27984619140624,118.0199966430664,119.41999816894533,117.63999938964844,118.08999633789062,1242000
2023-09-12,113.4883041381836,124.8499984741211,125.1999969482422,118.01000213623048,118.18000030517578,4910900
2023-09-13,112.36116027832033,123.61000061035156,126.63999938964844,122.8499984741211,126.0,2747800
2023-09-14,115.41539764404295,126.97000122070312,127.37000274658205,124.8000030517578,124.8000030517578,2396600
2023-09-15,114.85181427001952,126.3499984741211,127.44000244140624,125.69000244140624,126.0199966430664,3619500
2023-09-18,113.33377838134766,124.68000030517578,126.1999969482422,124.5,126.0,1431300
2023-09-19,112.8883819580078,124.19000244140624,125.48999786376952,123.1999969482422,125.11000061035156,1171800
2023-09-20,112.67020416259766,123.9499969482422,125.66000366210938,123.8499984741211,125.20999908447266,1689200
2023-09-21,111.05219268798828,122.16999816894533,124.6500015258789,122.12000274658205,123.08999633789062,1501300
2023-09-22,109.85232543945312,120.8499984741211,122.5,120.6500015258789,122.43000030517578,1369200
2023-09-25,111.46124267578124,122.62000274658205,122.68000030517578,120.01000213623048,120.37000274658205,1368500
2023-09-26,110.52497863769533,121.58999633789062,122.4000015258789,120.66000366210938,121.30999755859376,2059800
2023-09-27,110.72496032714844,121.80999755859376,122.11000061035156,120.11000061035156,121.87999725341795,2163700
2023-09-28,111.65213775634766,122.83000183105467,123.47000122070312,121.63999938964844,121.9800033569336,1694100
2023-09-29,111.59760284423828,122.7699966430664,124.81999969482422,122.4499969482422,123.95999908447266,1749500
2023-10-02,109.09784698486328,120.0199966430664,122.4000015258789,119.80999755859376,122.0199966430664,1993700
2023-10-03,108.8796844482422,119.77999877929688,122.0,119.37000274658205,120.62999725341795,2285600
2023-10-04,109.17058563232422,120.0999984741211,120.75,119.1500015258789,119.66999816894533,2347500
2023-10-05,109.42507934570312,120.37999725341795,120.98999786376952,119.11000061035156,119.33000183105467,2692800
2023-10-06,109.37055206298828,120.31999969482422,122.26000213623048,118.26000213623048,119.5999984741211,2079500
2023-10-09,109.86141967773438,120.86000061035156,121.31999969482422,118.68000030517578,119.41000366210938,2404900
2023-10-10,111.10674285888672,122.2300033569336,124.0199966430664,121.43000030517578,122.08999633789062,2192500
2023-10-11,111.57032775878906,122.73999786376952,124.25,122.04000091552734,123.06999969482422,1840200
2023-10-12,110.27955627441406,121.31999969482422,123.12999725341795,120.83000183105467,122.91000366210938,2497600
2023-10-13,107.3889389038086,118.13999938964844,121.08999633789062,116.25,120.6500015258789,5576500
2023-10-16,108.8073959350586,118.12999725341795,118.86000061035156,115.58000183105467,117.91999816894533,2197300
2023-10-17,109.72847747802734,119.12999725341795,121.44000244140624,117.5999984741211,117.76000213623048,2614100
2023-10-18,106.55998229980467,115.69000244140624,118.9499969482422,115.38999938964844,118.08999633789062,2537300
2023-10-19,106.53233337402344,115.66000366210938,118.97000122070312,115.0199966430664,115.0999984741211,2867900
2023-10-20,102.99539184570312,111.81999969482422,115.98999786376952,111.4499969482422,115.8000030517578,2865200
2023-10-23,101.05189514160156,109.70999908447266,113.16000366210938,109.4499969482422,111.41000366210938,3069000
2023-10-24,102.49800872802734,111.27999877929688,112.25,110.12000274658205,110.1999969482422,2669500
2023-10-25,102.5072250366211,111.29000091552734,111.5999984741211,109.4000015258789,110.58000183105467,2214600
2023-10-26,105.33493041992188,114.36000061035156,115.23999786376952,110.83000183105467,111.23999786376952,3305100
2023-10-27,102.46116638183594,111.23999786376952,113.81999969482422,110.8000030517578,113.6500015258789,1854600
2023-10-30,103.98094940185548,112.88999938964844,113.29000091552734,111.08000183105467,112.1999969482422,2306600
2023-10-31,105.43624877929688,114.47000122070312,114.5199966430664,112.36000061035156,113.37000274658205,2233500
2023-11-01,104.5059585571289,113.45999908447266,115.05999755859376,112.36000061035156,114.75,1675400
2023-11-02,110.39167022705078,119.8499984741211,119.91999816894533,114.51000213623048,114.51000213623048,2822400
2023-11-03,113.48650360107422,123.20999908447266,124.37000274658205,121.47000122070312,122.12000274658205,2824200
2023-11-06,111.95751953125,121.5500030517578,123.69000244140624,120.66999816894533,123.22000122070312,1690200
2023-11-07,111.2482681274414,120.77999877929688,121.63999938964844,120.25,120.93000030517578,1801800
2023-11-08,110.7693099975586,120.26000213623048,120.7699966430664,118.91999816894533,120.7699966430664,1599700
2023-11-09,109.9403305053711,119.36000061035156,121.38999938964844,118.73999786376952,120.91000366210938,1920600
2023-11-10,110.92589569091795,120.43000030517578,121.04000091552734,118.55999755859376,120.51000213623048,1585700
2023-11-13,110.16139221191406,119.5999984741211,120.37000274658205,118.88999938964844,119.87999725341795,1046300
2023-11-14,116.66424560546876,126.66000366210938,127.06999969482422,122.75,122.75,2766900
2023-11-15,118.78272247314452,128.9600067138672,129.82000732421875,126.41000366210938,126.58999633789062,2700000
2023-11-16,119.13273620605467,129.33999633789062,129.66000366210938,128.19000244140625,128.89999389648438,1838200
2023-11-17,119.9801254272461,130.25999450683594,130.72000122070312,129.17999267578125,130.35000610351562,2129100
2023-11-20,120.0538101196289,130.33999633789062,130.80999755859375,128.0500030517578,129.74000549316406,1674500
2023-11-21,117.870849609375,127.97000122070312,130.0,127.8499984741211,129.52000427246094,1248000
2023-11-22,117.85242462158205,127.9499969482422,128.75,127.08000183105467,128.5399932861328,1036300
2023-11-24,118.54325103759766,128.6999969482422,129.2100067138672,127.1500015258789,127.6999969482422,640800
2023-11-27,118.68141174316406,128.85000610351562,129.05999755859375,127.48999786376952,127.73999786376952,1415800
2023-11-28,119.3629913330078,129.58999633789062,129.72999572753906,127.83000183105467,128.60000610351562,1592700
2023-11-29,121.93282318115234,132.3800048828125,133.1699981689453,130.10000610351562,130.47000122070312,2492800
2023-11-30,123.38815307617188,133.9600067138672,134.6999969482422,132.11000061035156,132.6199951171875,3265200
2023-12-01,128.0303955078125,139.0,139.0500030517578,133.2899932861328,133.69000244140625,2580700
2023-12-04,129.6791229248047,140.7899932861328,141.0500030517578,136.39999389648438,137.1300048828125,2935100
2023-12-05,127.71723175048828,138.66000366210938,140.27999877929688,138.47000122070312,139.97000122070312,2147600
2023-12-06,128.3619842529297,139.36000061035156,142.05999755859375,139.0,139.99000549316406,2000300
2023-12-07,128.7396240234375,139.77000427246094,141.14999389648438,139.19000244140625,140.13999938964844,2249500
2023-12-08,129.568603515625,140.6699981689453,141.5399932861328,139.1999969482422,139.94000244140625,2444400
2023-12-11,129.87255859375,141.0,141.75,140.22000122070312,141.27999877929688,2254300
2023-12-12,129.73439025878906,140.85000610351562,141.75,140.13999938964844,140.92999267578125,1317400
2023-12-13,134.77268981933594,146.32000732421875,146.4499969482422,140.33999633789062,140.6699981689453,2455300
2023-12-14,141.21107482910156,153.30999755859375,154.1300048828125,148.0500030517578,149.64999389648438,4269900
2023-12-15,140.3084259033203,152.3300018310547,154.47000122070312,151.75999450683594,152.89999389648438,5912600
2023-12-18,139.4610137939453,151.41000366210938,152.80999755859375,149.97000122070312,152.80999755859375,2648700
2023-12-19,142.3992919921875,154.60000610351562,154.8800048828125,150.47999572753906,151.4499969482422,2373500
2023-12-20,137.85833740234375,149.6699981689453,155.3800048828125,149.5800018310547,153.8000030517578,2353000
2023-12-21,139.79261779785156,151.77000427246094,153.07000732421875,150.42999267578125,150.99000549316406,1683500
2023-12-22,140.43734741210938,152.47000122070312,153.49000549316406,151.55999755859375,151.7899932861328,1202100
2023-12-26,141.938720703125,154.10000610351562,154.5800018310547,151.9499969482422,152.33999633789062,1066700
2023-12-27,142.76771545410156,155.0,155.0500030517578,152.6199951171875,153.5,1245400
2023-12-28,143.3479766845703,155.6300048828125,156.2100067138672,154.9499969482422,155.44000244140625,1153300
2023-12-29,142.62954711914062,154.85000610351562,156.11000061035156,154.52000427246094,155.27000427246094,1572600
2024-01-02,144.14930725097656,156.5,157.41000366210938,153.1300048828125,153.97999572753906,2473200
2024-01-03,139.6912841796875,151.66000366210938,155.4499969482422,151.39999389648438,154.8000030517578,2098600
2024-01-04,140.4926300048828,152.52999877929688,154.1199951171875,151.82000732421875,151.88999938964844,2785800
2024-01-05,143.90061950683594,156.22999572753906,157.13999938964844,152.3000030517578,153.1699981689453,2116200
2024-01-08,145.08883666992188,157.52000427246094,157.69000244140625,154.5800018310547,156.0,1522900
2024-01-09,142.31634521484375,154.50999450683594,156.22000122070312,154.00999450683594,156.22000122070312,1678400
2024-01-10,142.93348693847656,155.17999267578125,155.4199981689453,153.2100067138672,154.5,1515700
2024-01-11,140.50184631347656,152.5399932861328,154.5399932861328,149.8800048828125,154.52999877929688,2239800
2024-01-12,138.5756072998047,148.9199981689453,152.86000061035156,147.9600067138672,151.7899932861328,3013400
2024-01-16,138.668701171875,149.02000427246094,149.8800048828125,143.8300018310547,147.72000122070312,4159000
2024-01-17,138.4825897216797,148.82000732421875,152.32000732421875,146.44000244140625,147.25999450683594,2878500
2024-01-18,136.12832641601562,146.2899932861328,149.38999938964844,145.05999755859375,148.9499969482422,2708300
2024-01-19,140.3157501220703,150.7899932861328,150.94000244140625,146.2899932861328,147.0,2222600
2024-01-22,139.05020141601562,149.42999267578125,152.6300048828125,149.32000732421875,151.08999633789062,2767600
2024-01-23,139.49685668945312,149.91000366210938,150.77000427246094,148.1699981689453,149.82000732421875,1843900
2024-01-24,139.7946319580078,150.22999572753906,151.55999755859375,150.02999877929688,150.89999389648438,1368700
2024-01-25,140.74375915527344,151.25,152.0,149.25,152.0,1368800
2024-01-26,141.06948852539062,151.60000610351562,152.27999877929688,150.5800018310547,151.07000732421875,999300
2024-01-29,142.81887817382812,153.47999572753906,153.50999450683594,150.83999633789062,151.0,1176400
2024-01-30,143.53538513183594,154.25,154.72000122070312,152.80999755859375,153.3000030517578,1236800
2024-01-31,140.70655822753906,151.2100067138672,155.39999389648438,150.88999938964844,151.77000427246094,2041100
2024-02-01,135.33737182617188,145.44000244140625,151.74000549316406,144.88999938964844,151.5399932861328,5011100
2024-02-02,137.84048461914062,148.1300048828125,148.89999389648438,142.39999389648438,143.97999572753906,4080500
2024-02-05,135.7002716064453,145.8300018310547,147.83999633789062,145.42999267578125,146.47000122070312,1665500
2024-02-06,138.919921875,149.2899932861328,150.0500030517578,145.63999938964844,145.8000030517578,3915000
2024-02-07,137.87771606445312,148.1699981689453,149.8800048828125,146.3000030517578,149.3000030517578,3150200
2024-02-08,137.65438842773438,147.92999267578125,148.17999267578125,145.83999633789062,147.1699981689453,1492600
2024-02-09,137.50552368164062,147.77000427246094,148.3800048828125,146.67999267578125,147.8699951171875,1157600
2024-02-12,138.7803497314453,149.13999938964844,150.16000366210938,147.35000610351562,147.77000427246094,1612700
2024-02-13,135.1698455810547,145.25999450683594,147.1999969482422,142.8000030517578,146.77999877929688,2121400
2024-02-14,137.59857177734375,147.8699951171875,147.88999938964844,145.97000122070312,146.6300048828125,1265300
2024-02-15,139.23631286621094,149.6300048828125,150.25999450683594,147.3699951171875,148.75,1991800
2024-02-16,138.510498046875,148.85000610351562,149.91000366210938,147.69000244140625,148.4199981689453,1466200
2024-02-20,136.5098419189453,146.6999969482422,148.4199981689453,146.38999938964844,148.02000427246094,2044300
2024-02-21,136.3888702392578,146.57000732421875,146.7100067138672,139.69000244140625,145.57000732421875,2795300
2024-02-22,135.2908477783203,145.38999938964844,148.0,144.8300018310547,145.7899932861328,2457300
2024-02-23,135.97010803222656,146.1199951171875,147.8300018310547,144.7100067138672,145.25999450683594,1837900
2024-02-26,134.78834533691406,144.85000610351562,147.0,144.72999572753906,145.39999389648438,1416200
2024-02-27,135.8119354248047,145.9499969482422,146.75999450683594,144.8699951171875,145.47000122070312,1206800
2024-02-28,135.5699920654297,145.69000244140625,147.74000549316406,145.1999969482422,145.1999969482422,1178400
2024-02-29,136.97511291503906,147.1999969482422,148.75,145.92999267578125,147.9499969482422,2726000
2024-03-01,137.542724609375,147.80999755859375,148.16000366210938,145.27999877929688,147.4600067138672,1750200
2024-03-04,143.0608367919922,153.74000549316406,156.38999938964844,150.33999633789062,150.99000549316406,5796800
2024-03-05,144.34495544433594,155.1199951171875,157.30999755859375,152.92999267578125,153.32000732421875,2748500
2024-03-06,139.9342041015625,150.3800048828125,152.66000366210938,147.08999633789062,148.80999755859375,7478800
2024-03-07,139.9900360107422,150.44000244140625,153.24000549316406,149.60000610351562,151.4199981689453,2112700
2024-03-08,139.8876953125,150.3300018310547,151.75,150.19000244140625,151.60000610351562,1324300
2024-03-11,142.22332763671875,152.83999633789062,153.0,149.0,150.36000061035156,1882600
2024-03-12,140.49252319335938,150.97999572753906,153.69000244140625,150.32000732421875,153.0,1840300
2024-03-13,142.11167907714844,152.72000122070312,153.22999572753906,151.3800048828125,151.52000427246094,1893600
2024-03-14,138.17550659179688,148.49000549316406,154.47999572753906,147.27999877929688,151.7899932861328,2084500
2024-03-15,138.44534301757812,148.77999877929688,150.19000244140625,147.22000122070312,147.22000122070312,3969600
2024-03-18,139.20840454101562,149.60000610351562,150.0,146.97999572753906,149.36000061035156,1316500
2024-03-19,139.68296813964844,150.11000061035156,150.94000244140625,149.1199951171875,149.30999755859375,2053000
2024-03-20,143.12594604492188,153.80999755859375,154.5399932861328,149.07000732421875,149.69000244140625,1408200
2024-03-21,146.8480987548828,157.80999755859375,158.4600067138672,154.6199951171875,154.6199951171875,2656400
2024-03-22,144.7078399658203,155.50999450683594,158.8000030517578,155.5,158.1999969482422,1595500
2024-03-25,144.2705078125,155.0399932861328,157.17999267578125,154.49000549316406,156.16000366210938,1136600
2024-03-26,144.26121520996094,155.02999877929688,156.3699951171875,154.74000549316406,155.13999938964844,1179200
2024-03-27,148.85806274414062,159.97000122070312,160.10000610351562,155.50999450683594,155.97000122070312,1712900
2024-03-28,150.37484741210938,161.60000610351562,162.24000549316406,159.8800048828125,159.97999572753906,1725300
2024-04-01,148.83013916015625,159.94000244140625,161.5399932861328,159.6699981689453,161.39999389648438,1397000
2024-04-02,146.5968475341797,157.5399932861328,159.3699951171875,157.4600067138672,159.0,1509200
2024-04-03,146.2246551513672,157.13999938964844,159.52999877929688,156.2899932861328,157.6300048828125,1388700
2024-04-04,145.98272705078125,156.8800048828125,159.2899932861328,156.1199951171875,158.9199981689453,1548200
2024-04-05,146.4386444091797,157.3699951171875,157.7100067138672,155.82000732421875,156.75,1874000
2024-04-08,149.77932739257812,160.9600067138672,161.47999572753906,157.57000732421875,158.19000244140625,1950000
2024-04-09,150.18873596191406,161.39999389648438,162.13999938964844,159.35000610351562,161.25999450683594,1306800
2024-04-10,144.26121520996094,155.02999877929688,158.89999389648438,154.1300048828125,158.89999389648438,1827100
2024-04-11,143.377197265625,154.0800018310547,155.42999267578125,151.80999755859375,155.42999267578125,1361800
2024-04-12,141.59121704101562,150.6300048828125,152.0,149.69000244140625,150.1699981689453,1487400
2024-04-15,140.58543395996094,149.55999755859375,154.4199981689453,149.30999755859375,152.36000061035156,2159800
2024-04-16,137.74664306640625,146.5399932861328,148.0,143.52000427246094,147.17999267578125,3350300
2024-04-17,138.41403198242188,147.25,149.4600067138672,145.77999877929688,149.05999755859375,1897100
2024-04-18,139.01564025878906,147.88999938964844,149.1199951171875,146.88999938964844,147.36000061035156,1352900
2024-04-19,143.16102600097656,152.3000030517578,152.6999969482422,148.66000366210938,148.99000549316406,2370100
2024-04-22,146.57315063476562,155.92999267578125,156.07000732421875,152.24000549316406,152.75999450683594,2212300
2024-04-23,148.15237426757812,157.61000061035156,158.36000061035156,155.86000061035156,156.5,2137000
2024-04-24,148.57537841796875,158.05999755859375,158.3300018310547,155.8000030517578,156.1699981689453,1320900
2024-04-25,146.9209747314453,156.3000030517578,158.0,154.4499969482422,157.3699951171875,1220300
2024-04-26,146.74237060546875,156.11000061035156,157.6699981689453,155.36000061035156,156.07000732421875,979200
2024-04-29,146.4321746826172,155.77999877929688,157.14999389648438,155.47999572753906,156.1300048828125,1388100
2024-04-30,144.06336975097656,153.25999450683594,155.52000427246094,152.94000244140625,154.75,1632900
2024-05-01,144.7401885986328,153.97999572753906,156.72000122070312,152.89999389648438,153.24000549316406,1436600
2024-05-02,146.3381805419922,155.67999267578125,156.08999633789062,153.92999267578125,155.80999755859375,1172900
2024-05-03,146.84576416015625,156.22000122070312,158.25,156.1199951171875,157.36000061035156,1141500
2024-05-06,147.04318237304688,156.42999267578125,158.1999969482422,156.0,158.0,1189200
2024-05-07,146.77996826171875,156.14999389648438,157.3699951171875,155.60000610351562,157.0399932861328,1092300
2024-05-08,147.77638244628906,157.2100067138672,157.89999389648438,155.0500030517578,155.2899932861328,1254400
2024-05-09,147.6917724609375,157.1199951171875,157.75999450683594,155.36000061035156,155.89999389648438,1558800
2024-05-10,148.12416076660156,157.5800018310547,158.52999877929688,157.22999572753906,157.83999633789062,985000
2024-05-13,148.56597900390625,158.0500030517578,158.8000030517578,157.6300048828125,158.50999450683594,1359500
2024-05-14,149.83493041992188,159.39999389648438,159.80999755859375,158.2100067138672,159.0,1127900
2024-05-15,151.65853881835938,161.33999633789062,161.8800048828125,160.22000122070312,160.91000366210938,1313300
2024-05-16,151.2355499267578,160.88999938964844,161.49000549316406,160.0399932861328,161.32000732421875,1521900
2024-05-17,150.7279510498047,160.35000610351562,162.07000732421875,160.27999877929688,162.07000732421875,1075100
2024-05-20,147.7105712890625,157.13999938964844,160.6300048828125,156.91000366210938,160.32000732421875,1428100
2024-05-21,149.03598022460938,158.5500030517578,158.66000366210938,157.0,157.2899932861328,1168000
2024-05-22,147.1089630126953,156.5,158.5500030517578,155.77000427246094,157.61000061035156,1141400
2024-05-23,143.60281372070312,152.77000427246094,156.49000549316406,152.66000366210938,156.41000366210938,1704500
2024-05-24,145.00338745117188,154.25999450683594,154.30999755859375,152.52999877929688,153.2899932861328,1486400
2024-05-28,143.1986083984375,152.33999633789062,154.72999572753906,152.27000427246094,154.3300018310547,1224000
2024-05-29,142.08941650390625,151.16000366210938,152.3000030517578,149.1300048828125,150.11000061035156,1832900
2024-05-30,144.68380737304688,153.9199981689453,154.7899932861328,151.63999938964844,152.50999450683594,2865700
2024-05-31,147.945556640625,157.38999938964844,157.6199951171875,153.6699981689453,154.3000030517578,2894500
2024-06-03,145.70840454101562,155.00999450683594,158.35000610351562,153.2899932861328,158.0,1450700
2024-06-04,144.90939331054688,154.16000366210938,155.38999938964844,153.0399932861328,153.3300018310547,2098900
2024-06-05,145.322998046875,154.60000610351562,155.22000122070312,153.5,154.89999389648438,1219100
2024-06-06,145.6707763671875,154.97000122070312,155.7899932861328,154.1999969482422,154.55999755859375,1290600
2024-06-07,146.52618408203125,155.8800048828125,156.6999969482422,153.75,153.75,698800
2024-06-10,143.527587890625,152.69000244140625,154.5,150.97999572753906,154.14999389648438,1783400
2024-06-11,141.23402404785156,150.25,151.39999389648438,148.0800018310547,151.39999389648438,2732300
2024-06-12,143.48060607910156,152.63999938964844,154.2899932861328,152.02000427246094,153.13999938964844,1669500
2024-06-13,142.64401245117188,151.75,152.66000366210938,150.3699951171875,152.3300018310547,918300
2024-06-14,142.0236053466797,151.08999633789062,151.4600067138672,149.0500030517578,150.07000732421875,887900
2024-06-17,143.61219787597656,152.77999877929688,152.8699951171875,150.02000427246094,150.6699981689453,974000
2024-06-18,145.21018981933594,154.47999572753906,154.8800048828125,152.0,152.58999633789062,1420200
2024-06-20,143.98818969726562,153.17999267578125,153.9600067138672,152.3699951171875,153.00999450683594,1299900
2024-06-21,144.0070037841797,153.1999969482422,153.36000061035156,151.1300048828125,153.19000244140625,2598300
2024-06-24,145.60498046875,154.89999389648438,156.85000610351562,152.9499969482422,154.0500030517578,1445500
2024-06-25,142.78501892089844,151.89999389648438,155.44000244140625,151.83999633789062,154.22000122070312,1419600
2024-06-26,142.7003936767578,151.80999755859375,152.58999633789062,150.27999877929688,150.97999572753906,1842300
2024-06-27,142.81321716308594,151.92999267578125,152.38999938964844,150.60000610351562,151.1300048828125,1008800
2024-06-28,146.1501922607422,155.47999572753906,155.85000610351562,152.83999633789062,153.0800018310547,2706200
2024-07-01,146.77056884765625,156.13999938964844,157.72000122070312,155.4600067138672,155.94000244140625,1583400
2024-07-02,149.3085479736328,158.83999633789062,158.89999389648438,155.4499969482422,155.52000427246094,1326000
2024-07-03,148.32154846191406,157.7899932861328,159.1199951171875,157.57000732421875,159.1199951171875,914100
2024-07-05,147.1183624267578,156.50999450683594,158.30999755859375,155.89999389648438,158.10000610351562,975100
2024-07-08,149.24278259277344,158.77000427246094,159.94000244140625,157.57000732421875,158.8699951171875,1261500
2024-07-09,151.8183135986328,161.50999450683594,162.07000732421875,157.72000122070312,158.0399932861328,1878900
2024-07-10,154.44093322753906,164.3000030517578,164.4600067138672,161.19000244140625,161.25,2218900
2024-07-11,158.20091247558594,168.3000030517578,169.11000061035156,165.36000061035156,165.80999755859375,3299000
2024-07-12,158.44529724121094,168.55999755859375,169.67999267578125,167.1699981689453,167.5,2435900
2024-07-15,160.4002227783203,169.02000427246094,170.91000366210938,167.75,168.75,2719200
2024-07-16,167.95428466796875,176.97999572753906,177.8300018310547,168.75,168.75,5412700
2024-07-17,170.54505920410156,179.7100067138672,180.8600006103516,176.55999755859375,177.39999389648438,2562500
2024-07-18,167.09071350097656,176.07000732421875,180.97000122070312,174.97999572753906,178.4600067138672,2183800
2024-07-19,166.55926513671875,175.50999450683594,177.92999267578125,174.1999969482422,176.6699981689453,1601100
2024-07-22,168.1156005859375,177.14999389648438,177.22999572753906,173.00999450683594,175.19000244140625,1995200
2024-07-23,169.51065063476562,178.6199951171875,179.60000610351562,175.7100067138672,176.50999450683594,1401200
2024-07-24,168.3528594970703,177.39999389648438,180.6499938964844,176.4600067138672,179.49000549316406,2710400
2024-07-25,170.8202667236328,180.0,182.509994506836,177.5500030517578,178.2100067138672,1843300
2024-07-26,171.9685821533203,181.2100067138672,182.4199981689453,180.0500030517578,180.47999572753903,1824100
2024-07-29,171.769287109375,181.0,181.8300018310547,180.1999969482422,181.3600006103516,1782400
2024-07-30,172.6992950439453,181.97999572753903,182.83999633789065,180.8000030517578,182.0,1639800
2024-07-31,171.8641815185547,181.1000061035156,182.7899932861328,180.3699951171875,181.5,1863300
2024-08-01,167.01478576660156,175.99000549316406,181.8600006103516,175.27999877929688,181.3300018310547,2237900
2024-08-02,161.33026123046875,170.0,173.82000732421875,169.08999633789062,173.82000732421875,2917000
2024-08-05,157.36346435546875,165.82000732421875,166.80999755859375,162.14999389648438,166.13999938964844,3319100
2024-08-06,160.46665954589844,169.08999633789062,170.13999938964844,165.14999389648438,165.94000244140625,2114900
2024-08-07,158.24600219726562,166.75,172.72999572753906,166.6300048828125,171.6999969482422,1729100
2024-08-08,161.59597778320312,170.27999877929688,170.58999633789062,168.32000732421875,168.38999938964844,1497300
2024-08-09,161.2543487548828,169.9199981689453,170.52000427246094,169.39999389648438,170.11000061035156,710500
2024-08-12,158.50222778320312,167.02000427246094,171.94000244140625,166.8000030517578,170.6300048828125,1772300
2024-08-13,159.6315460205078,168.2100067138672,168.3699951171875,166.4199981689453,168.3699951171875,1567000
2024-08-14,159.78338623046875,168.3699951171875,169.1999969482422,167.0,168.30999755859375,1764400
2024-08-15,163.05746459960938,171.82000732421875,173.1300048828125,171.25,171.89999389648438,1838100
2024-08-16,164.17726135253906,173.0,174.0,171.8000030517578,171.8000030517578,1365500
2024-08-19,165.60076904296875,174.5,174.80999755859375,173.14999389648438,173.47000122070312,971500
2024-08-20,164.73716735839844,173.58999633789062,174.4499969482422,173.13999938964844,173.69000244140625,1323800
2024-08-21,164.52838134765625,173.3699951171875,174.35000610351562,172.19000244140625,174.10000610351562,1082900
2024-08-22,165.9993438720703,174.9199981689453,175.72999572753906,173.2100067138672,173.55999755859375,1531400
2024-08-23,169.0171661376953,178.10000610351562,180.19000244140625,175.75,176.14999389648438,1753000
2024-08-26,169.02667236328125,178.11000061035156,179.9600067138672,177.6999969482422,179.2899932861328,1009700
2024-08-27,170.01361083984375,179.14999389648438,179.27000427246094,177.36000061035156,178.02000427246094,1335700
2024-08-28,172.50949096679688,181.77999877929688,183.259994506836,178.5800018310547,178.5800018310547,1577600
2024-08-29,173.70523071289062,183.0399932861328,184.5599975585937,180.1199951171875,182.7100067138672,1034000
2024-08-30,175.6506805419922,185.08999633789065,185.57000732421875,183.1699981689453,183.1699981689453,1978300
2024-09-03,175.0907745361328,184.5,185.83999633789065,183.4499969482422,184.19000244140625,1572300
2024-09-04,173.05990600585938,182.3600006103516,185.22999572753903,181.0800018310547,184.5,1621600
2024-09-05,171.7218017578125,180.9499969482422,184.2700042724609,179.72000122070312,183.8000030517578,1231000
2024-09-06,167.6885528564453,176.6999969482422,182.1100006103516,175.57000732421875,180.7100067138672,1679500
2024-09-09,173.2971649169922,182.6100006103516,183.3699951171875,177.57000732421875,178.47999572753906,2900700
2024-09-10,169.66249084472656,178.77999877929688,183.57000732421875,175.9499969482422,183.3500061035156,2628500
2024-09-11,168.08714294433594,177.1199951171875,177.5,172.88999938964844,176.97000122070312,1886300
2024-09-12,168.5426788330078,177.60000610351562,178.61000061035156,175.19000244140625,177.52000427246094,1939000
2024-09-13,168.20101928710938,177.24000549316406,180.0,176.22999572753906,178.10000610351562,1745200
2024-09-16,171.69334411621094,180.9199981689453,181.0200042724609,178.22999572753906,178.22999572753906,1187600
2024-09-17,172.23428344726562,181.4900054931641,182.8800048828125,180.72999572753903,181.5200042724609,2024600
2024-09-18,173.2592010498047,182.57000732421875,185.5,180.6499938964844,181.8500061035156,1458100
2024-09-19,177.65309143066406,187.1999969482422,187.77999877929688,183.82000732421875,185.08999633789065,2140300
2024-09-20,176.85592651367188,186.3600006103516,187.16000366210932,185.5500030517578,185.92999267578125,2651600
2024-09-23,175.6506805419922,185.08999633789065,187.7700042724609,184.8500061035156,186.6000061035156,1545500
2024-09-24,175.2046661376953,184.6199951171875,186.3300018310547,183.3300018310547,185.8800048828125,1404200
2024-09-25,172.50001525878906,181.7700042724609,184.47000122070312,181.38999938964844,184.47000122070312,1209700
2024-09-26,173.97096252441406,183.32000732421875,184.3099975585937,182.08999633789065,183.72999572753903,1445500
2024-09-27,173.73373413085938,183.07000732421875,184.72000122070312,182.33999633789065,183.7400054931641,925700
2024-09-30,175.4229278564453,184.8500061035156,185.32000732421875,181.6699981689453,182.75,1493300
2024-10-01,170.7158660888672,179.88999938964844,183.7100067138672,178.38999938964844,183.4900054931641,1664900
2024-10-02,170.25086975097656,179.39999389648438,182.07000732421875,178.75,179.5500030517578,1394000
2024-10-03,169.2924041748047,178.38999938964844,179.4499969482422,176.92999267578125,178.3699951171875,1706100
2024-10-04,172.9650421142578,182.259994506836,182.8999938964844,179.94000244140625,181.3500061035156,1103800
2024-10-07,172.93655395507812,182.22999572753903,183.25,180.4199981689453,181.97999572753903,1427600
2024-10-08,171.6364288330078,180.8600006103516,183.3999938964844,180.44000244140625,183.13999938964844,1449500
2024-10-09,173.92352294921875,183.2700042724609,184.0399932861328,180.5,180.7700042724609,1085300
2024-10-10,174.01840209960938,183.3699951171875,184.42999267578125,182.22999572753903,182.67999267578125,1453900
2024-10-11,178.19403076171875,187.7700042724609,189.1699981689453,184.7100067138672,185.0,1386800
2024-10-14,178.90577697753906,188.5200042724609,189.69000244140625,186.1300048828125,187.259994506836,2205800
2024-10-15,182.53097534179688,192.33999633789065,196.63999938964844,189.67999267578125,190.5,2972500
2024-10-16,181.7558135986328,189.92999267578125,193.8500061035156,189.6199951171875,192.759994506836,2920300
2024-10-17,180.6744384765625,188.8000030517578,192.92999267578125,188.7400054931641,190.9600067138672,2842900
2024-10-18,181.2294921875,189.3800048828125,191.4900054931641,188.009994506836,190.57000732421875,1852600
2024-10-21,177.65045166015625,185.63999938964844,189.8099975585937,185.33999633789065,188.4900054931641,1681200
2024-10-22,178.2628936767578,186.27999877929688,186.8099975585937,183.8600006103516,185.8000030517578,1870900
2024-10-23,180.10984802246094,188.2100067138672,188.52999877929688,185.8000030517578,185.8500061035156,2014400
2024-10-24,180.8084259033203,188.94000244140625,189.69000244140625,186.9600067138672,188.92999267578125,1223000
2024-10-25,177.8227081298828,185.82000732421875,190.63999938964844,185.6300048828125,190.2700042724609,1319000
2024-10-28,181.66012573242188,189.8300018310547,190.1199951171875,186.2700042724609,187.5,1189100
2024-10-29,179.76531982421875,187.8500061035156,190.0,187.4199981689453,189.5,1005800
2024-10-30,182.03335571289065,190.22000122070312,191.8699951171875,186.7700042724609,187.259994506836,1634800
2024-10-31,180.1672515869141,188.2700042724609,191.83999633789065,188.17999267578125,189.92999267578125,1802300
2024-11-01,179.095458984375,187.1499938964844,191.3699951171875,187.0,189.5,1971500
2024-11-04,177.94711303710938,185.9499969482422,188.3000030517578,185.5399932861328,187.259994506836,1429400
2024-11-05,180.6744384765625,188.8000030517578,188.8600006103516,185.6999969482422,186.2100067138672,1524100
2024-11-06,196.1485290527344,204.97000122070312,205.0599975585937,198.4499969482422,200.08999633789065,3940700
2024-11-07,194.4642791748047,203.2100067138672,203.83999633789065,200.8800048828125,202.8800048828125,3634200
2024-11-08,195.1915740966797,203.97000122070312,205.1999969482422,201.66000366210932,203.8000030517578,1888900
2024-11-11,200.6845245361328,209.7100067138672,210.42999267578125,206.27999877929688,206.27999877929688,2578700
2024-11-12,201.9572906494141,211.0399932861328,211.3999938964844,208.8099975585937,209.1199951171875,2207100
2024-11-13,200.29217529296875,209.3000030517578,214.19000244140625,208.69000244140625,212.1100006103516,1653200
2024-11-14,199.0098419189453,207.9600067138672,210.3999938964844,207.1699981689453,209.3000030517578,1482900
2024-11-15,198.7418975830078,207.67999267578125,210.0399932861328,206.3999938964844,208.1199951171875,2511500
2024-11-18,197.9284820556641,206.8300018310547,208.41000366210932,206.41000366210932,207.6300048828125,1652500
2024-11-19,196.0432586669922,204.8600006103516,206.8999938964844,204.3600006103516,204.5,1841900
2024-11-20,195.17242431640625,203.9499969482422,205.6199951171875,203.47000122070312,205.2100067138672,1606200
2024-11-21,196.8949584960937,205.75,207.91000366210932,203.9499969482422,203.9499969482422,3183100
2024-11-22,201.029037475586,210.07000732421875,210.7100067138672,205.72000122070312,205.97999572753903,1675400
2024-11-25,203.32574462890625,212.47000122070312,214.63999938964844,211.75,211.97000122070312,2315000
2024-11-26,204.98130798339844,214.1999969482422,214.8099975585937,210.4499969482422,211.83999633789065,1897500
2024-11-27,205.74685668945312,215.0,216.17999267578125,214.0399932861328,214.1999969482422,1565700
2024-11-29,205.47889709472656,214.72000122070312,216.259994506836,213.6300048828125,216.009994506836,1112900
2024-12-02,202.2635040283203,211.3600006103516,216.1300048828125,211.1999969482422,215.69000244140625,1774200
2024-12-03,200.0146331787109,209.009994506836,212.6300048828125,208.2899932861328,212.3000030517578,1447100
2024-12-04,198.97154235839844,207.9199981689453,209.97000122070312,206.63999938964844,209.1300048828125,1458300
2024-12-05,199.8424072265625,208.8300018310547,210.8300018310547,207.72999572753903,208.2899932861328,1727000
2024-12-06,199.6510162353516,208.6300048828125,209.8600006103516,207.1300048828125,209.2400054931641,1485900
2024-12-09,195.69874572753903,204.5,209.16000366210932,204.3999938964844,208.0,1598800
2024-12-10,195.641342163086,204.44000244140625,206.3699951171875,203.3099975585937,205.8800048828125,2146200
2024-12-11,194.62696838378903,203.3800048828125,206.47000122070312,203.16000366210932,206.17999267578125,1697500
2024-12-12,193.6030120849609,202.3099975585937,205.1499938964844,202.13999938964844,204.2899932861328,1618700
2024-12-13,192.827865600586,201.5,203.0599975585937,200.02999877929688,203.0599975585937,1590500
2024-12-16,191.8996124267578,200.52999877929688,201.8999938964844,199.3500061035156,201.8999938964844,2480000
2024-12-17,189.76559448242188,198.3000030517578,199.47000122070312,197.1199951171875,199.1999969482422,2400600
2024-12-18,183.6984405517578,191.9600067138672,200.3600006103516,191.2899932861328,198.94000244140625,3539000
2024-12-19,181.8515014648437,190.02999877929688,195.5800018310547,189.67999267578125,194.2899932861328,1886500
2024-12-20,184.4640045166016,192.759994506836,193.4199981689453,189.0,189.2899932861328,3961400
2024-12-23,184.8085174560547,193.1199951171875,193.3000030517578,190.3600006103516,191.25,1493600
2024-12-24,185.72720336914065,194.0800018310547,194.25,191.94000244140625,193.5500030517578,724300
2024-12-26,186.3875274658203,194.7700042724609,194.8999938964844,192.17999267578125,193.47999572753903,746600
2024-12-27,184.961654663086,193.27999877929688,195.52999877929688,192.2100067138672,193.6199951171875,886400
2024-12-30,184.2439117431641,192.52999877929688,193.32000732421875,190.1100006103516,191.8000030517578,1026900
2024-12-31,184.55014038085932,192.8500061035156,194.13999938964844,192.16000366210932,193.33999633789065,1011500
2025-01-02,183.15298461914065,191.38999938964844,194.3999938964844,189.5800018310547,192.8099975585937,1750500
2025-01-03,187.21051025390625,195.6300048828125,195.69000244140625,190.5,192.1499938964844,1358100
2025-01-06,187.17222595214844,195.58999633789065,199.22999572753903,194.4600067138672,197.6999969482422,2634100
2025-01-07,186.3875274658203,194.7700042724609,197.3699951171875,193.5599975585937,195.9199981689453,2727100
2025-01-08,186.30137634277344,194.67999267578125,195.41000366210932,191.25,194.66000366210932,1659700
2025-01-10,180.884994506836,189.0200042724609,193.509994506836,188.6100006103516,192.8800048828125,2253200
2025-01-13,184.14822387695312,192.42999267578125,192.7100067138672,189.3000030517578,189.32000732421875,1855600
2025-01-14,187.2870635986328,195.7100067138672,196.47999572753903,192.83999633789065,194.17999267578125,1733400
2025-01-15,193.39456176757807,200.44000244140625,200.6199951171875,197.75,199.38999938964844,3431200
2025-01-16,189.6316375732422,196.5399932861328,196.9900054931641,183.44000244140625,185.5,5065800
2025-01-17,191.56134033203125,198.5399932861328,202.1999969482422,196.7899932861328,198.0,4465700
2025-01-21,191.5806427001953,198.5599975585937,200.6300048828125,197.1999969482422,199.3800048828125,3111100
2025-01-22,189.40008544921875,196.3000030517578,197.7899932861328,195.3699951171875,197.47000122070312,2879900
2025-01-23,190.7026214599609,197.6499938964844,198.67999267578125,194.07000732421875,195.7100067138672,2716400
2025-01-24,192.5165557861328,199.52999877929688,201.38999938964844,196.1699981689453,196.1699981689453,2083100
2025-01-27,195.7584381103516,202.88999938964844,202.92999267578125,199.92999267578125,200.22000122070312,1841800
2025-01-28,194.62957763671875,201.72000122070312,203.5800018310547,199.259994506836,202.6499938964844,1922400
2025-01-29,195.0733795166016,202.17999267578125,205.4600067138672,201.6300048828125,201.72000122070312,2096700
2025-01-30,194.9672698974609,202.07000732421875,204.7400054931641,200.3800048828125,204.22000122070312,1705400
2025-01-31,193.8866271972656,200.9499969482422,203.0599975585937,199.41000366210932,202.1100006103516,2739800
2025-02-03,190.6929626464844,197.63999938964844,198.759994506836,194.3000030517578,197.19000244140625,1474500
2025-02-04,191.98587036132807,198.97999572753903,200.27999877929688,197.8000030517578,198.0599975585937,1536300
2025-02-05,191.89903259277344,198.88999938964844,200.57000732421875,197.4900054931641,200.17999267578125,2057700
2025-02-06,195.3145904541016,202.42999267578125,202.509994506836,199.1100006103516,201.3999938964844,1593700
2025-02-07,193.66473388671875,200.72000122070312,202.75,199.94000244140625,202.6100006103516,1270900
2025-02-10,190.3456268310547,197.27999877929688,200.9499969482422,196.5599975585937,200.72000122070312,1453200
2025-02-11,192.21743774414065,199.22000122070312,199.509994506836,195.82000732421875,196.91000366210932,1422000
2025-02-12,188.7150421142578,195.58999633789065,197.63999938964844,194.509994506836,197.2899932861328,1774500
2025-02-13,188.5606689453125,195.42999267578125,196.42999267578125,194.1199951171875,195.72000122070312,1883500
2025-02-14,187.09410095214844,193.91000366210932,198.08999633789065,193.5,196.13999938964844,2362000
2025-02-18,189.6123504638672,196.5200042724609,196.8600006103516,193.13999938964844,194.0,2261700
2025-02-19,187.38357543945312,194.2100067138672,195.3699951171875,192.66000366210932,194.3999938964844,1615600
2025-02-20,185.1450958251953,191.88999938964844,195.02999877929688,190.52999877929688,194.3800048828125,1770600
2025-02-21,181.4400787353516,188.0500030517578,192.52999877929688,187.47999572753903,192.4499969482422,1991900
2025-02-24,180.3883819580078,186.9600067138672,189.1999969482422,186.1999969482422,188.82000732421875,2738800
2025-02-25,179.9156036376953,186.47000122070312,189.32000732421875,185.1000061035156,188.32000732421875,1720600
2025-02-26,180.4462890625,187.0200042724609,188.88999938964844,186.41000366210932,187.1100006103516,1324900
2025-02-27,181.93214416503903,188.5599975585937,190.83999633789065,187.4900054931641,187.77999877929688,1337900
2025-02-28,185.17404174804688,191.9199981689453,192.22999572753903,188.67999267578125,190.17999267578125,2358000
2025-03-03,182.82945251464844,189.4900054931641,194.2700042724609,187.88999938964844,192.3500061035156,1338000
2025-03-04,174.1072235107422,180.4499969482422,187.91000366210932,178.80999755859375,187.0500030517578,2832900
2025-03-05,174.1265106201172,180.47000122070312,182.1100006103516,178.3000030517578,180.7899932861328,2320200
2025-03-06,172.68887329101562,178.97999572753906,179.9600067138672,176.47999572753906,178.27000427246094,2016600
2025-03-07,173.45111083984375,179.77000427246094,180.6100006103516,175.6699981689453,178.8300018310547,1853500
2025-03-10,168.4724884033203,174.61000061035156,177.99000549316406,172.25999450683594,176.0,2931700
2025-03-11,164.08241271972656,170.05999755859375,176.22999572753906,169.8300018310547,173.94000244140625,2453500
2025-03-12,164.99900817871094,171.00999450683594,173.0800018310547,169.10000610351562,172.0800018310547,2389100
2025-03-13,162.90530395507812,168.83999633789062,172.88999938964844,168.44000244140625,172.16000366210938,2054300
2025-03-14,166.909423828125,172.99000549316406,173.14999389648438,170.05999755859375,171.14999389648438,2312000
2025-03-17,167.88392639160156,174.0,174.5800018310547,171.5500030517578,172.6199951171875,2572900
2025-03-18,167.25677490234375,173.35000610351562,174.6999969482422,171.7100067138672,174.27999877929688,4219500
2025-03-19,167.71990966796875,173.8300018310547,175.72000122070312,172.38999938964844,173.39999389648438,3026200
2025-03-20,167.31466674804688,173.41000366210938,175.17999267578125,172.0,172.30999755859375,2994500
2025-03-21,167.50762939453125,173.61000061035156,173.67999267578125,170.85000610351562,172.0,5500400
2025-03-24,170.3346405029297,176.5399932861328,177.0500030517578,174.77000427246094,175.02000427246094,2924400
2025-03-25,170.66270446777344,176.8800048828125,177.99000549316406,176.3000030517578,176.7100067138672,2035900
2025-03-26,170.70127868652344,176.9199981689453,179.67999267578125,176.19000244140625,177.77000427246094,1847000
2025-03-27,168.81982421875,174.97000122070312,177.19000244140625,174.52000427246094,177.07000732421875,2324400
2025-03-28,165.83843994140625,171.8800048828125,176.0500030517578,170.86000061035156,174.77999877929688,1947400
2025-03-31,169.5917205810547,175.77000427246094,176.47999572753906,171.14999389648438,172.67999267578125,3595700
2025-04-01,168.5014190673828,174.63999938964844,176.14999389648438,172.47000122070312,174.16000366210938,2165700
2025-04-02,170.7881317138672,177.00999450683594,177.4199981689453,173.27000427246094,173.47999572753906,2117600
2025-04-03,155.62066650390625,161.2899932861328,170.5,160.82000732421875,168.5,3408300
2025-04-04,147.7185516357422,153.10000610351562,155.94000244140625,149.0,155.27000427246094,4147400
2025-04-07,147.43875122070312,152.80999755859375,158.32000732421875,146.89999389648438,150.6300048828125,5195200
2025-04-08,144.49595642089844,149.75999450683594,159.10000610351562,147.0399932861328,157.89999389648438,5210900
2025-04-09,154.59793090820312,160.22999572753906,162.1999969482422,145.1199951171875,146.8300018310547,5593800
2025-04-10,146.8115997314453,152.16000366210938,157.72999572753906,147.67999267578125,156.83999633789062,4240100
2025-04-11,146.6475830078125,151.99000549316406,153.9600067138672,148.2100067138672,150.6300048828125,3850200
2025-04-14,149.8605194091797,155.32000732421875,156.5500030517578,153.25,154.08999633789062,3488800
2025-04-15,149.9280548095703,155.38999938964844,159.5800018310547,152.50999450683594,152.50999450683594,3621100
2025-04-16,147.73455810546875,151.5399932861328,154.92999267578125,149.75,152.0800018310547,2875400
2025-04-17,148.50474548339844,152.3300018310547,153.82000732421875,151.6699981689453,152.30999755859375,3564400
2025-04-21,146.3599853515625,150.1300048828125,151.97999572753906,148.27999877929688,150.5,2860500
2025-04-22,150.5714874267578,154.4499969482422,154.72000122070312,151.10000610351562,151.61000061035156,2124200
2025-04-23,153.45716857910156,157.41000366210938,162.05999755859375,156.97000122070312,157.6999969482422,3145600
2025-04-24,155.73838806152344,159.75,160.10000610351562,156.14999389648438,157.13999938964844,1382400
2025-04-25,154.48080444335938,158.4600067138672,159.61000061035156,157.33999633789062,158.4499969482422,1125100
2025-04-28,155.64089965820312,159.64999389648438,160.75,158.1199951171875,158.8800048828125,1917500
2025-04-29,156.5670623779297,160.60000610351562,161.3699951171875,158.3699951171875,158.69000244140625,1643000
2025-04-30,156.65480041503906,160.69000244140625,161.0800018310547,156.6999969482422,157.88999938964844,2113600
2025-05-01,156.947265625,160.99000549316406,162.5800018310547,158.9199981689453,159.92999267578125,1996700
2025-05-02,161.38299560546875,165.5399932861328,165.89999389648438,163.11000061035156,163.16000366210938,1764800
2025-05-05,161.5389862060547,165.6999969482422,167.36000061035156,163.32000732421875,163.3699951171875,2761200
2025-05-06,159.42347717285156,163.52999877929688,165.63999938964844,163.4499969482422,164.2899932861328,1880000
2025-05-07,159.86216735839844,163.97999572753906,165.7899932861328,163.30999755859375,164.97999572753906,2094400
2025-05-08,162.54312133789062,166.72999572753906,168.24000549316406,165.32000732421875,165.32000732421875,1409900
2025-05-09,162.26039123535156,166.44000244140625,167.49000549316406,166.02000427246094,166.7899932861328,1671300
2025-05-12,170.60545349121094,175.0,176.24000549316406,172.69000244140625,173.38999938964844,3439900
2025-05-13,173.0718994140625,177.52999877929688,178.17999267578125,174.5399932861328,175.64999389648438,2515400
2025-05-14,173.38388061523438,177.85000610351562,178.5,176.32000732421875,177.0399932861328,1990200
2025-05-15,174.9534454345703,179.4600067138672,180.07000732421875,177.3000030517578,177.77999877929688,2728900
2025-05-16,174.91445922851562,179.4199981689453,180.33999633789065,178.66000366210938,179.13999938964844,2215700
2025-05-19,174.15403747558594,178.63999938964844,179.7100067138672,177.08999633789062,177.67999267578125,1530200
2025-05-20,173.02316284179688,177.47999572753906,178.6199951171875,176.8800048828125,177.9199981689453,1084300
2025-05-21,167.9440155029297,172.27000427246094,176.27999877929688,172.2100067138672,175.63999938964844,1759400
2025-05-22,168.64593505859375,172.99000549316406,174.0399932861328,171.49000549316406,171.9199981689453,1837100
2025-05-23,167.5053253173828,171.82000732421875,172.6300048828125,169.32000732421875,169.75,1641600
2025-05-27,171.81431579589844,176.24000549316406,176.25999450683594,172.7100067138672,174.1300048828125,1755900
2025-05-28,169.60130310058594,173.97000122070312,176.9199981689453,173.83999633789062,176.19000244140625,1591500
2025-05-29,170.70294189453125,175.10000610351562,175.1999969482422,173.57000732421875,175.08999633789062,1457500
2025-05-30,169.44532775878906,173.80999755859375,175.27000427246094,172.9499969482422,174.9199981689453,4161400
2025-06-02,169.57205200195312,173.94000244140625,174.22999572753906,170.49000549316406,173.14999389648438,2227600
2025-06-03,171.88255310058594,176.30999755859375,176.91000366210938,172.85000610351562,173.38999938964844,1976200
2025-06-04,170.46896362304688,174.86000061035156,177.64999389648438,174.83999633789062,176.27000427246094,1306200
2025-06-05,170.31298828125,174.6999969482422,175.41000366210938,173.1699981689453,174.6999969482422,1552200
2025-06-06,174.144287109375,178.6300048828125,178.8000030517578,176.0,177.6300048828125,1326800
2025-06-09,174.2515411376953,178.74000549316406,180.4199981689453,178.47000122070312,179.35000610351562,1227300
2025-06-10,174.9047088623047,179.41000366210938,180.67999267578125,178.3300018310547,178.49000549316406,1252700
2025-06-11,173.27664184570312,177.74000549316406,180.11000061035156,177.16000366210938,179.82000732421875,2552900
2025-06-12,173.27664184570312,177.74000549316406,178.38999938964844,175.1300048828125,177.27000427246094,1647400
2025-06-13,169.01638793945312,173.3699951171875,176.22999572753906,172.72999572753906,175.5800018310547,1727600
2025-06-16,170.74192810058594,175.13999938964844,176.55999755859375,174.1199951171875,175.2100067138672,1260100
2025-06-17,168.85064697265625,173.1999969482422,174.99000549316406,172.8800048828125,173.5399932861328,1422200
2025-06-18,170.86866760253906,175.27000427246094,176.85000610351562,172.88999938964844,173.14999389648438,1858900
2025-06-20,172.9354248046875,177.38999938964844,178.5800018310547,176.25,176.86000061035156,5431300
2025-06-23,176.2110595703125,180.75,180.8999938964844,176.1699981689453,176.61000061035156,1853000
2025-06-24,177.44915771484375,182.0200042724609,184.3099975585937,181.009994506836,182.4600067138672,1683400
2025-06-25,177.92684936523438,182.509994506836,182.63999938964844,180.4499969482422,181.52999877929688,2403300
2025-06-26,180.85153198242188,185.509994506836,185.8699951171875,182.97999572753903,183.44000244140625,2843400
2025-06-27,181.0854949951172,185.75,187.4199981689453,184.8500061035156,185.509994506836,2772400
2025-06-30,181.73866271972656,186.4199981689453,187.72999572753903,185.7899932861328,186.83999633789065,2306800
2025-07-01,187.6854858398437,192.5200042724609,193.22000122070312,186.009994506836,186.0399932861328,3601900
2025-07-02,190.79537963867188,195.7100067138672,196.1499938964844,192.5500030517578,193.75,2769100
2025-07-03,191.6337890625,196.57000732421875,197.33999633789065,194.9600067138672,195.52999877929688,1863500
2025-07-07,191.3218231201172,196.25,197.3300018310547,194.6999969482422,196.1100006103516,3796000
2025-07-08,193.02789306640625,198.0,198.58999633789065,196.25,197.3600006103516,4452100
2025-07-09,191.214584350586,196.13999938964844,200.9499969482422,196.02999877929688,200.0,3730500
2025-07-10,192.9791412353516,197.9499969482422,199.0200042724609,195.9900054931641,196.6000061035156,3802800
2025-07-11,192.072494506836,197.0200042724609,198.1199951171875,195.13999938964844,197.0,2642900
2025-07-14,192.4331817626953,197.38999938964844,198.07000732421875,195.97999572753903,197.6000061035156,2142100
2025-07-15,188.94227600097656,192.13999938964844,196.3099975585937,191.97000122070312,195.4600067138672,3458200
2025-07-16,190.7024688720703,193.92999267578125,197.07000732421875,191.509994506836,196.88999938964844,3764000
2025-07-17,192.72821044921875,195.9900054931641,196.6699981689453,193.0500030517578,193.0500030517578,3097000
2025-07-18,193.24937438964844,196.5200042724609,196.7899932861328,193.94000244140625,196.33999633789065,2548200
2025-07-21,192.7675323486328,196.02999877929688,198.5500030517578,195.9600067138672,197.0599975585937,1825200
2025-07-22,193.50506591796875,196.77999877929688,199.0,195.5800018310547,195.88999938964844,2106900
2025-07-23,194.4687347412109,197.759994506836,198.08999633789065,195.3600006103516,197.5500030517578,2059000
2025-07-24,192.88552856445312,196.1499938964844,198.67999267578125,196.1499938964844,197.7700042724609,2139300
2025-07-25,192.7872009277344,196.0500030517578,196.6999969482422,193.69000244140625,196.3300018310547,1817300
2025-07-28,190.7418212890625,193.97000122070312,196.5,193.0599975585937,196.02999877929688,1484000
2025-07-29,190.1518096923828,193.3699951171875,195.509994506836,192.8699951171875,195.22999572753903,1236600
2025-07-30,189.345458984375,192.5500030517578,195.259994506836,191.4199981689453,195.0200042724609,1546200
2025-07-31,187.1033935546875,190.2700042724609,192.8699951171875,189.82000732421875,192.08999633789065,1669300
2025-08-01,182.78646850585932,185.8800048828125,187.97000122070312,183.83999633789065,187.4499969482422,2639400
2025-08-04,185.92337036132807,189.07000732421875,189.2700042724609,186.5599975585937,186.6000061035156,1588500
2025-08-05,185.84469604492188,188.9900054931641,190.5,186.66000366210932,189.72999572753903,1497500
2025-08-06,185.4218597412109,188.5599975585937,190.1699981689453,188.5399932861328,189.259994506836,1335800
2025-08-07,184.0058135986328,187.1199951171875,190.1199951171875,186.47999572753903,190.1100006103516,1280700
2025-08-08,186.5822296142578,189.7400054931641,189.9900054931641,187.0800018310547,188.33999633789065,1020100
2025-08-11,185.3923492431641,188.52999877929688,190.47999572753903,187.8600006103516,190.1000061035156,1571700
2025-08-12,188.0474090576172,191.22999572753903,191.8800048828125,189.82000732421875,189.8699951171875,1679200
2025-08-13,190.18130493164065,193.3999938964844,193.67999267578125,190.75,192.0,1506100
2025-08-14,191.33184814453125,194.57000732421875,194.7400054931641,191.16000366210932,192.5500030517578,1086600
2025-08-15,188.08676147460932,191.2700042724609,195.8500061035156,191.1199951171875,195.8500061035156,1300400
2025-08-18,188.8144378662109,192.009994506836,192.19000244140625,190.3800048828125,191.0,1349100
2025-08-19,189.77813720703125,192.9900054931641,194.0800018310547,191.5599975585937,191.8800048828125,1701200
2025-08-20,191.75466918945312,195.0,195.5500030517578,192.7400054931641,193.57000732421875,2008800
2025-08-21,190.7713165283203,194.0,195.16000366210932,193.07000732421875,194.2899932861328,1405500
2025-08-22,198.33334350585932,201.69000244140625,202.07000732421875,194.72000122070312,195.0200042724609,1835600
2025-08-25,197.3598175048828,200.6999969482422,201.47000122070312,200.16000366210932,201.3000030517578,1275000
2025-08-26,200.07388305664065,203.4600067138672,203.7400054931641,200.009994506836,200.2400054931641,1730700
2025-08-27,202.6109313964844,206.0399932861328,206.6100006103516,202.1000061035156,203.0399932861328,1762600
2025-08-28,202.19793701171875,205.6199951171875,207.16000366210932,204.75,207.16000366210932,1924800
2025-08-29,203.98764038085932,207.44000244140625,208.33999633789065,205.6000061035156,205.6000061035156,2045600
2025-09-02,202.00125122070312,205.4199981689453,205.7100067138672,202.6999969482422,205.7100067138672,1647400
2025-09-03,201.5882568359375,205.0,205.7400054931641,202.92999267578125,204.3999938964844,1827800
2025-09-04,203.9089813232422,207.3600006103516,207.4600067138672,205.19000244140625,206.2400054931641,1203300
2025-09-05,200.99822998046875,204.3999938964844,208.8000030517578,203.7400054931641,207.759994506836,1273000
2025-09-08,200.37872314453125,203.7700042724609,205.63999938964844,201.1300048828125,204.2100067138672,1772800
2025-09-09,197.0746307373047,200.41000366210932,204.9499969482422,198.83999633789065,203.7700042724609,1856100
2025-09-10,198.530014038086,201.88999938964844,202.5599975585937,200.4199981689453,200.97000122070312,1290600
2025-09-11,199.3756866455078,202.75,203.52999877929688,201.1499938964844,201.6100006103516,1271000
2025-09-12,198.61851501464844,201.97999572753903,203.0399932861328,201.58999633789065,202.75,1015300
2025-09-15,199.0905303955078,202.4600067138672,205.1300048828125,201.88999938964844,202.25,1464300
2025-09-16,197.5958251953125,200.94000244140625,203.13999938964844,198.67999267578125,202.58999633789065,1187400
2025-09-17,200.37872314453125,203.7700042724609,205.83999633789065,201.1000061035156,201.4600067138672,1387600
2025-09-18,202.8371124267578,206.2700042724609,206.52999877929688,203.3999938964844,203.9199981689453,1125200
2025-09-19,202.099609375,205.5200042724609,206.7100067138672,204.0,206.7100067138672,3001300
2025-09-22,199.7395477294922,203.1199951171875,205.4499969482422,202.5500030517578,204.1199951171875,1216700
2025-09-23,200.52621459960932,203.9199981689453,206.7899932861328,203.1100006103516,204.0,1310700
2025-09-24,200.68356323242188,204.0800018310547,205.97000122070312,202.58999633789065,203.9900054931641,1782700
2025-09-25,199.3658599853516,202.7400054931641,204.22000122070312,202.1499938964844,203.1199951171875,1043000
2025-09-26,199.93621826171875,203.32000732421875,205.6499938964844,202.6199951171875,204.1000061035156,1008200
2025-09-29,198.49069213867188,201.8500061035156,204.0500030517578,200.1999969482422,203.9199981689453,1635900
2025-09-30,197.5859832763672,200.92999267578125,202.7899932861328,197.3999938964844,202.19000244140625,1516700
2025-10-01,195.137435913086,198.44000244140625,200.3800048828125,197.8999938964844,199.6199951171875,1378300
2025-10-02,194.86209106445312,198.16000366210932,199.6100006103516,196.6199951171875,197.44000244140625,1122300
2025-10-03,195.1571044921875,198.4600067138672,200.5200042724609,197.4600067138672,198.92999267578125,1137900
2025-10-06,192.36436462402344,195.6199951171875,202.0,194.67999267578125,199.9199981689453,2208700
2025-10-07,190.58447265625,193.8099975585937,198.92999267578125,192.66000366210932,196.16000366210932,1599300
2025-10-08,186.99522399902344,190.16000366210932,193.8699951171875,190.1100006103516,193.8699951171875,1630100
2025-10-09,187.4967498779297,190.6699981689453,192.25,188.6300048828125,191.16000366210932,1899500
2025-10-10,180.88856506347656,183.9499969482422,192.0399932861328,183.6199951171875,191.2700042724609,2208800
2025-10-13,183.8091583251953,186.9199981689453,187.72000122070312,184.7100067138672,186.4499969482422,1818100
2025-10-14,188.2847900390625,189.72999572753903,190.3999938964844,184.5,184.6300048828125,3264300
2025-10-15,180.9510803222656,182.33999633789065,186.8999938964844,179.2100067138672,183.83999633789065,6663200
2025-10-16,177.01132202148438,178.3699951171875,184.7700042724609,177.55999755859375,183.2700042724609,3568300
2025-10-17,178.03347778320312,179.39999389648438,180.5399932861328,176.8800048828125,179.9499969482422,3369700
2025-10-20,180.78237915039065,182.1699981689453,182.4199981689453,179.72000122070312,180.22000122070312,2506200
2025-10-21,180.5243682861328,181.91000366210932,183.32000732421875,181.25,182.3099975585937,3395600
2025-10-22,179.81976318359375,181.1999969482422,182.509994506836,180.13999938964844,182.509994506836,1922100
2025-10-23,180.5640563964844,181.9499969482422,182.9900054931641,180.69000244140625,182.0800018310547,2079900
2025-10-24,185.0198516845703,186.44000244140625,187.3300018310547,182.1300048828125,183.52999877929688,2243100
2025-10-27,183.451889038086,184.8600006103516,186.8500061035156,183.22000122070312,186.77999877929688,2406900
2025-10-28,181.447265625,182.83999633789065,185.02999877929688,181.92999267578125,185.02999877929688,1798400
2025-10-29,179.64114379882812,181.0200042724609,183.58999633789065,180.02999877929688,181.32000732421875,2592800
2025-10-30,180.9312438964844,182.32000732421875,185.08999633789065,180.3699951171875,181.3300018310547,1959600
2025-10-31,181.15948486328125,182.5500030517578,183.2100067138672,180.3999938964844,181.009994506836,1554500
2025-11-03,181.34803771972656,182.7400054931641,182.7899932861328,179.82000732421875,181.88999938964844,2035700
2025-11-04,181.5564422607422,182.9499969482422,184.77999877929688,180.66000366210932,181.6300048828125,1658700
2025-11-05,182.74728393554688,184.1499938964844,185.2899932861328,181.509994506836,183.0599975585937,1800800
2025-11-06,181.5266571044922,182.9199981689453,185.0,182.17999267578125,183.22000122070312,1301500
2025-11-07,182.7969207763672,184.1999969482422,184.22999572753903,180.47999572753903,181.9900054931641,1390100
2025-11-10,183.6801300048828,185.08999633789065,186.02999877929688,183.0,184.2700042724609,1399500
2025-11-11,183.4122009277344,184.82000732421875,186.3600006103516,184.42999267578125,185.9900054931641,1140000
2025-11-12,185.4862823486328,186.91000366210932,188.0800018310547,184.9499969482422,185.2400054931641,1989700
2025-11-13,182.5885162353516,183.9900054931641,187.0800018310547,183.58999633789065,186.6000061035156,1098000
2025-11-14,182.5885162353516,183.9900054931641,184.8500061035156,181.72000122070312,183.83999633789065,1958000
2025-11-17,177.67620849609375,179.0399932861328,183.82000732421875,178.3699951171875,183.3800048828125,2313200
2025-11-18,178.7082977294922,180.0800018310547,181.72999572753903,177.0800018310547,178.47999572753906,1929000
2025-11-19,181.5762939453125,182.97000122070312,183.3999938964844,180.0,180.3600006103516,2181800
2025-11-20,182.14193725585932,183.5399932861328,187.22000122070312,182.9199981689453,184.6000061035156,2710200
2025-11-21,185.565673828125,186.9900054931641,189.33999633789065,183.8999938964844,184.0500030517578,2391000
2025-11-24,187.08401489257807,188.5200042724609,189.4499969482422,185.47000122070312,186.63999938964844,3428900
2025-11-25,191.1230010986328,192.58999633789065,193.8300018310547,188.5,190.0,1889600
2025-11-26,190.41842651367188,191.8800048828125,194.08999633789065,191.82000732421875,192.33999633789065,1516900
2025-11-28,189.2672576904297,190.72000122070312,192.6000061035156,190.66000366210932,191.72999572753903,887300
2025-12-01,190.9344482421875,192.3999938964844,193.8500061035156,190.009994506836,190.3800048828125,1393800
2025-12-02,190.58712768554688,192.0500030517578,193.4499969482422,191.3699951171875,192.4900054931641,1306000
2025-12-03,196.49180603027344,198.0,198.16000366210932,192.0,192.6199951171875,1843400
2025-12-04,196.7597503662109,198.2700042724609,199.5599975585937,197.7700042724609,198.0,1939300
2025-12-05,196.3528594970703,197.8600006103516,199.0599975585937,196.44000244140625,197.33999633789065,1367300
2025-12-08,196.1444549560547,197.6499938964844,199.63999938964844,196.32000732421875,198.1300048828125,2245200
2025-12-09,200.6101837158203,202.1499938964844,203.4499969482422,197.17999267578125,197.9600067138672,2475900
2025-12-10,205.3934783935547,206.97000122070312,207.9600067138672,202.22000122070312,202.69000244140625,2329700
2025-12-11,209.8790435791016,211.4900054931641,212.0200042724609,207.1199951171875,207.82000732421875,2140900
2025-12-12,208.98590087890625,210.58999633789065,213.02999877929688,209.9600067138672,213.02999877929688,1820300
2025-12-15,209.2836151123047,210.88999938964844,213.0,210.88999938964844,211.9900054931641,1968500
2025-12-16,208.3805389404297,209.97999572753903,212.2700042724609,209.8099975585937,212.2700042724609,1723100
2025-12-17,208.69810485839844,210.3000030517578,212.6300048828125,209.47999572753903,210.5599975585937,1724300
2025-12-18,207.9042053222656,209.5,213.0,208.69000244140625,210.72999572753903,2119200
2025-12-19,208.598861694336,210.1999969482422,211.94000244140625,209.3600006103516,210.009994506836,4273600
2025-12-22,211.27828979492188,212.8999938964844,213.27999877929688,209.3699951171875,210.1999969482422,1359900
2025-12-23,210.3355407714844,211.9499969482422,213.97999572753903,211.6100006103516,212.8999938964844,1121900
2025-12-24,211.8538818359375,213.47999572753903,214.58999633789065,211.32000732421875,211.9600067138672,712800
2025-12-26,212.26075744628903,213.88999938964844,214.2100067138672,212.5800018310547,213.22999572753903,887300
2025-12-29,210.3553924560547,211.97000122070312,214.0200042724609,211.8699951171875,213.97000122070312,1274600
2025-12-30,209.4523162841797,211.0599975585937,212.2700042724609,210.8500061035156,212.02999877929688,884200
2025-12-31,207.1400604248047,208.72999572753903,211.38999938964844,208.3800048828125,211.0,1315100
2026-01-02,209.84927368164065,211.4600067138672,212.58999633789065,208.3600006103516,208.72999572753903,2074200
2026-01-05,214.15621948242188,215.8000030517578,219.63999938964844,211.75,211.75,3402600
2026-01-06,216.379150390625,218.0399932861328,219.7400054931641,214.3600006103516,216.009994506836,2291400
2026-01-07,214.6226348876953,216.2700042724609,218.07000732421875,214.8500061035156,217.3800048828125,2130700
2026-01-08,216.97457885742188,218.63999938964844,220.5399932861328,215.25,215.509994506836,3166600
2026-01-09,215.89288330078125,217.5500030517578,220.0800018310547,217.42999267578125,218.7400054931641,2873600
2026-01-12,214.0966796875,215.7400054931641,217.0,214.22000122070312,215.25,2866500
2026-01-13,210.83172607421875,212.4499969482422,216.72999572753903,212.259994506836,216.42999267578125,2133100
2026-01-14,210.7027282714844,212.32000732421875,213.08999633789065,209.52999877929688,211.1000061035156,3026600
2026-01-15,213.4019927978516,215.0399932861328,216.2100067138672,212.4199981689453,212.8099975585937,2576100
2026-01-16,221.47999572753903,223.17999267578125,227.0,219.69000244140625,225.0,4865700
2026-01-20,220.9600067138672,220.9600067138672,224.7700042724609,218.2899932861328,219.7899932861328,5582500
2026-01-21,225.4900054931641,225.4900054931641,227.77999877929688,221.58999633789065,222.08999633789065,4066400
2026-01-22,222.0,222.0,227.2899932861328,221.5200042724609,225.6199951171875,5372700
2026-01-23,219.38999938964844,219.38999938964844,221.9900054931641,217.5,221.44000244140625,3233500
2026-01-26,220.75,220.75,221.6699981689453,219.22999572753903,219.58999633789065,2473600
2026-01-27,223.6999969482422,223.6999969482422,224.07000732421875,220.52999877929688,220.52999877929688,2219000
2026-01-28,221.38999938964844,221.38999938964844,224.2100067138672,219.3999938964844,223.3000030517578,2479800
2026-01-29,224.4600067138672,224.4600067138672,224.6300048828125,220.8500061035156,222.97000122070312,2495600
2026-01-30,223.3000030517578,223.3000030517578,225.0,221.67999267578125,222.94000244140625,2107100
2026-02-02,227.6300048828125,227.6300048828125,227.8800048828125,222.41000366210932,223.6999969482422,2268200
2026-02-03,233.82000732421875,233.82000732421875,234.3000030517578,228.1499938964844,229.27999877929688,3721200
2026-02-04,237.25,237.25,240.3699951171875,235.0,235.0,3816800
2026-02-05,238.509994506836,238.509994506836,239.2700042724609,235.22000122070312,236.33999633789065,3860100
2026-02-06,242.47999572753903,242.47999572753903,243.94000244140625,239.5399932861328,240.8099975585937,2441000
2026-02-09,240.9499969482422,240.9499969482422,243.6499938964844,240.7100067138672,241.75,2272800
2026-02-10,240.3300018310547,240.3300018310547,242.2100067138672,236.72999572753903,240.1300048828125,2342400
2026-02-11,235.47999572753903,235.47999572753903,242.57000732421875,234.8300018310547,240.3300018310547,2456800
2026-02-12,229.67999267578125,229.67999267578125,237.91000366210932,227.3000030517578,236.7899932861328,2507000
2026-02-13,229.32000732421875,229.32000732421875,231.7400054931641,226.3699951171875,228.17999267578125,2546800
2026-02-17,231.2400054931641,231.2400054931641,233.3300018310547,229.32000732421875,229.32000732421875,2457300
2026-02-18,232.7400054931641,232.7400054931641,235.3000030517578,231.4600067138672,231.8600006103516,2362600
2026-02-19,230.3000030517578,230.3000030517578,232.66000366210932,227.8800048828125,230.9499969482422,1447200
2026-02-20,232.97000122070312,232.97000122070312,233.0800018310547,228.0500030517578,230.5399932861328,1857500
2026-02-23,220.7700042724609,220.7700042724609,233.5500030517578,219.3099975585937,232.1699981689453,2286900
2026-02-24,217.91000366210932,217.91000366210932,220.57000732421875,216.22999572753903,219.27999877929688,2579800
2026-02-25,221.9499969482422,221.9499969482422,222.5,219.08999633789065,219.4900054931641,2025000
2026-02-26,222.82000732421875,222.82000732421875,227.0,221.13999938964844,223.19000244140625,2653200
2026-02-27,212.3500061035156,212.3500061035156,220.5,210.3500061035156,219.9600067138672,3569400
2026-03-02,214.22999572753903,214.22999572753903,215.0200042724609,205.88999938964844,207.6300048828125,5080200
2026-03-03,213.0500030517578,213.0500030517578,216.1300048828125,208.47999572753903,209.1199951171875,2476500
2026-03-04,213.8600006103516,213.8600006103516,215.1000061035156,212.25999450683597,213.92999267578125,1768300
2026-03-05,212.3699951171875,212.3699951171875,213.7899932861328,210.52999877929688,211.42999267578125,2269200
2026-03-06,206.1199951171875,206.1199951171875,209.0,202.8300018310547,207.6699981689453,3380000
2026-03-09,205.33999633789062,205.33999633789062,206.07000732421875,198.0399932861328,203.0500030517578,3001200
2026-03-10,206.38999938964844,206.38999938964844,210.24000549316406,203.61000061035156,205.36000061035156,2707400
2026-03-11,205.63999938964844,205.63999938964844,206.75999450683594,203.32000732421875,205.5800018310547,1986900
2026-03-12,202.69000244140625,202.69000244140625,203.85000610351562,201.17999267578125,201.27000427246094,3025700
2026-03-13,201.1300048828125,201.1300048828125,205.91000366210938,200.52000427246094,204.3699951171875,2930910
