Date,Open,High,Low,Close,Adj Close,Volume
2015-01-02,16.315000534057617,16.315000534057617,15.869999885559082,16.075000762939453,7.878304481506348,13039955
2015-01-05,15.949999809265137,16.125,15.510000228881836,15.5649995803833,7.628353118896484,4183921
2015-01-06,15.720000267028809,15.854999542236328,15.46500015258789,15.595000267028809,7.643056869506836,6033531
2015-01-07,15.670000076293945,15.779999732971191,15.545000076293945,15.670000076293945,7.67981481552124,2634766
2015-01-08,15.84000015258789,16.049999237060547,15.725000381469727,15.944999694824219,7.814592361450195,7227309
2015-01-09,16.100000381469727,16.399999618530273,15.970000267028809,16.139999389648438,7.910160064697266,8006151
2015-01-12,16.2450008392334,16.600000381469727,16.059999465942383,16.31999969482422,7.998377323150635,4609011
2015-01-13,16.235000610351562,16.479999542236328,16.110000610351562,16.219999313354492,7.949366092681885,3546456
2015-01-14,16.06999969482422,16.3799991607666,16.024999618530273,16.274999618530273,7.976322174072266,5155300
2015-01-15,16.420000076293945,16.635000228881836,16.010000228881836,16.5,8.086593627929688,2337622
2015-01-16,16.4950008392334,16.895000457763672,16.415000915527344,16.8700008392334,8.267931938171387,3136898
2015-01-19,16.934999465942383,17.03499984741211,16.854999542236328,16.950000762939453,8.307136535644531,2205209
2015-01-20,17.0,17.184999465942383,16.7450008392334,16.8799991607666,8.27283000946045,2803131
2015-01-21,16.959999084472656,16.989999771118164,16.670000076293945,16.90999984741211,8.287535667419434,2872961
2015-01-22,16.9950008392334,17.799999237060547,16.934999465942383,17.774999618530273,8.711467742919922,4778469
2015-01-23,17.774999618530273,17.8700008392334,17.469999313354492,17.549999237060547,8.6011962890625,3480185
2015-01-26,17.424999237060547,18.030000686645508,17.40999984741211,17.954999923706055,8.799684524536133,2519070
2015-01-27,17.940000534057617,18.0,17.56999969482422,17.690000534057617,8.66981029510498,2313761
2015-01-28,17.780000686645508,17.829999923706055,17.454999923706055,17.610000610351562,8.63060188293457,2193168
2015-01-29,17.579999923706055,18.020000457763672,17.520000457763672,17.96500015258789,8.804584503173828,2926477
2015-01-30,18.040000915527344,18.045000076293945,17.604999542236328,17.684999465942383,8.667356491088867,2105230
2015-02-02,17.735000610351562,17.75,17.05500030517578,17.5049991607666,8.579140663146973,2774704
2015-02-03,17.6200008392334,17.889999389648438,17.46500015258789,17.809999465942383,8.728619575500488,4448728
2015-02-04,17.600000381469727,17.614999771118164,17.354999542236328,17.59000015258789,8.62080192565918,3805121
2015-02-05,17.4950008392334,17.510000228881836,17.110000610351562,17.329999923706055,8.493374824523926,5284216
2015-02-06,17.350000381469727,17.364999771118164,16.989999771118164,17.239999771118164,8.449265480041504,2588771
2015-02-09,17.100000381469727,17.1299991607666,16.815000534057617,16.899999618530273,8.282631874084473,2274705
2015-02-10,16.864999771118164,17.09000015258789,16.739999771118164,17.05500030517578,8.358597755432129,2574886
2015-02-11,17.1200008392334,17.184999465942383,16.809999465942383,16.8700008392334,8.267931938171387,2895251
2015-02-12,16.825000762939453,17.040000915527344,16.71500015258789,17.0,8.331642150878906,3629137
2015-02-13,17.100000381469727,17.229999542236328,16.90999984741211,17.0,8.331642150878906,4408647
2015-02-16,17.0,17.024999618530273,16.399999618530273,16.510000228881836,8.091496467590332,3860813
2015-02-17,16.5,16.635000228881836,16.270000457763672,16.55500030517578,8.113548278808594,3338315
2015-02-18,16.7450008392334,16.950000762939453,16.704999923706055,16.75,8.209118843078613,4178962
2015-02-19,16.7549991607666,16.905000686645508,16.704999923706055,16.834999084472656,8.250775337219238,6859163
2015-02-20,16.829999923706055,16.885000228881836,16.71500015258789,16.885000228881836,8.275280952453613,2349090
2015-02-23,16.950000762939453,17.094999313354492,16.899999618530273,17.0,8.331642150878906,14561624
2015-02-24,17.100000381469727,17.1200008392334,16.954999923706055,17.100000381469727,8.38065242767334,6378185
2015-02-25,17.280000686645508,18.1299991607666,17.280000686645508,17.950000762939453,8.797235488891602,12213614
2015-02-26,18.06999969482422,18.1299991607666,17.790000915527344,18.045000076293945,8.843793869018555,9512292
2015-02-27,18.024999618530273,18.184999465942383,17.959999084472656,18.06999969482422,8.85604476928711,31527110
2015-03-02,18.155000686645508,18.19499969482422,18.05500030517578,18.06999969482422,8.85604476928711,7052841
2015-03-03,18.149999618530273,18.165000915527344,17.774999618530273,17.850000381469727,8.748224258422852,5593399
2015-03-04,17.895000457763672,17.940000534057617,17.56999969482422,17.674999237060547,8.662457466125488,3223191
2015-03-05,17.729999542236328,17.920000076293945,17.575000762939453,17.875,8.760475158691406,2111065
2015-03-06,17.94499969482422,17.94499969482422,17.420000076293945,17.489999771118164,8.571789741516113,2874831
2015-03-09,17.46500015258789,17.635000228881836,17.25,17.635000228881836,8.642854690551758,5414712
2015-03-10,17.65999984741211,17.7450008392334,17.5049991607666,17.6299991607666,8.640401840209961,4670463
2015-03-11,17.7549991607666,18.020000457763672,17.649999618530273,17.985000610351562,8.814386367797852,6689272
2015-03-12,18.065000534057617,18.06999969482422,17.725000381469727,17.799999237060547,8.72372055053711,2292740
2015-03-13,17.8700008392334,17.985000610351562,17.780000686645508,17.825000762939453,8.73597240447998,2088979
2015-03-16,17.885000228881836,17.950000762939453,17.6299991607666,17.81999969482422,8.733521461486816,2490076
2015-03-17,17.799999237060547,17.850000381469727,17.65999984741211,17.760000228881836,8.704115867614746,1674584
2015-03-18,17.774999618530273,17.799999237060547,17.530000686645508,17.6200008392334,8.635501861572266,5129065
2015-03-19,17.735000610351562,18.0,17.655000686645508,18.0,8.821738243103027,2769074
2015-03-20,18.049999237060547,18.260000228881836,17.905000686645508,18.110000610351562,8.875651359558105,6296459
2015-03-23,18.155000686645508,18.200000762939453,18.020000457763672,18.125,8.883001327514648,5620210
2015-03-24,18.0,18.125,17.860000610351562,17.9950008392334,8.819290161132812,4031545
2015-03-25,17.9950008392334,18.1299991607666,17.905000686645508,18.100000381469727,8.870750427246094,3941230
2015-03-26,17.989999771118164,18.049999237060547,17.7450008392334,17.954999923706055,8.799684524536133,4439399
2015-03-27,17.954999923706055,17.989999771118164,17.825000762939453,17.915000915527344,8.780081748962402,2588184
2015-03-30,17.96500015258789,18.075000762939453,17.899999618530273,17.975000381469727,8.80948543548584,1557897
2015-03-31,18.0,18.1200008392334,17.93000030517578,18.0,8.821738243103027,4193500
2015-04-01,17.969999313354492,18.049999237060547,17.850000381469727,17.9950008392334,8.819290161132812,7827864
2015-04-02,18.0,18.1200008392334,17.959999084472656,18.040000915527344,8.841343879699707,4041522
2015-04-07,18.165000915527344,18.420000076293945,18.125,18.344999313354492,8.990821838378906,5743231
2015-04-08,18.350000381469727,18.395000457763672,18.100000381469727,18.204999923706055,8.922207832336426,4923699
2015-04-09,18.219999313354492,18.434999465942383,18.165000915527344,18.360000610351562,8.998174667358398,2132467
2015-04-10,18.475000381469727,18.6200008392334,18.405000686645508,18.559999465942383,9.096192359924316,2871759
2015-04-13,18.604999542236328,18.899999618530273,18.584999084472656,18.875,9.250572204589844,2164291
2015-04-14,18.875,18.969999313354492,18.78499984741211,18.8700008392334,9.248123168945312,3351482
2015-04-15,18.795000076293945,18.864999771118164,18.645000457763672,18.799999237060547,9.213815689086914,2007912
2015-04-16,18.799999237060547,18.8799991607666,18.690000534057617,18.809999465942383,9.21871566772461,3917109
2015-04-17,18.704999923706055,18.80500030517578,18.469999313354492,18.69499969482422,9.162355422973633,6365093
2015-04-20,18.780000686645508,18.78499984741211,18.440000534057617,18.604999542236328,9.118245124816895,1445607
2015-04-21,18.719999313354492,18.93000030517578,18.6200008392334,18.770000457763672,9.199113845825195,2933207
2015-04-22,18.700000762939453,18.764999389648438,18.440000534057617,18.545000076293945,9.088841438293457,2577989
2015-04-23,18.545000076293945,18.78499984741211,18.424999237060547,18.760000228881836,9.194211959838867,2543000
2015-04-24,18.799999237060547,18.799999237060547,18.635000228881836,18.704999923706055,9.167257308959961,8412568
2015-04-27,18.729999542236328,18.729999542236328,18.190000534057617,18.545000076293945,9.088841438293457,3106238
2015-04-28,18.524999618530273,18.559999465942383,18.260000228881836,18.334999084472656,8.985922813415527,2775415
2015-04-29,18.354999542236328,18.420000076293945,17.780000686645508,17.795000076293945,8.721269607543945,2957001
2015-04-30,17.78499984741211,17.84000015258789,17.6299991607666,17.735000610351562,8.691863059997559,2548056
2015-05-04,17.735000610351562,17.764999389648438,17.5,17.604999542236328,8.628151893615723,1202481
2015-05-05,17.645000457763672,17.799999237060547,17.260000228881836,17.30500030517578,8.481122016906738,3245206
2015-05-06,17.260000228881836,17.260000228881836,16.899999618530273,17.084999084472656,8.373299598693848,5444608
2015-05-07,17.049999237060547,17.354999542236328,16.959999084472656,17.299999237060547,8.478672981262207,2896445
2015-05-08,17.149999618530273,17.43000030517578,17.045000076293945,17.274999618530273,8.466419219970703,2366360
2015-05-11,17.329999923706055,17.450000762939453,17.170000076293945,17.28499984741211,8.471320152282715,3579877
2015-05-12,17.229999542236328,17.260000228881836,16.959999084472656,17.18000030517578,8.41986083984375,6611918
2015-05-13,17.290000915527344,17.385000228881836,17.09000015258789,17.174999237060547,8.417409896850586,4542407
2015-05-14,17.18000030517578,17.350000381469727,17.040000915527344,17.309999465942383,8.483572006225586,2912087
2015-05-15,17.399999618530273,17.489999771118164,17.299999237060547,17.395000457763672,8.52523136138916,1695868
2015-05-18,17.440000534057617,17.530000686645508,17.315000534057617,17.489999771118164,8.571789741516113,2607859
2015-05-19,17.59000015258789,17.844999313354492,17.56999969482422,17.795000076293945,8.721269607543945,1991445
2015-05-20,17.875,17.915000915527344,17.68000030517578,17.915000915527344,8.780081748962402,1949132
2015-05-21,17.875,18.1299991607666,17.829999923706055,18.075000762939453,8.858495712280273,2649053
2015-05-22,18.059999465942383,18.1299991607666,17.8799991607666,17.905000686645508,8.775178909301758,1342495
2015-05-25,17.78499984741211,17.78499984741211,17.135000228881836,17.174999237060547,8.417409896850586,2236893
2015-05-26,17.190000534057617,17.235000610351562,16.719999313354492,16.850000381469727,8.258127212524414,5370201
2015-05-27,16.905000686645508,17.024999618530273,16.75,16.954999923706055,8.309587478637695,2082302
2015-05-28,16.924999237060547,17.229999542236328,16.81999969482422,17.18000030517578,8.41986083984375,2563593
2015-05-29,17.184999465942383,17.19499969482422,17.0,17.024999618530273,8.343894958496094,4366035
2015-06-01,17.114999771118164,17.299999237060547,17.059999465942383,17.15999984741211,8.41005802154541,1614189
2015-06-02,17.299999237060547,17.299999237060547,17.0,17.014999389648438,8.338994026184082,3946980
2015-06-03,17.049999237060547,17.174999237060547,16.899999618530273,16.940000534057617,8.302236557006836,2628591
2015-06-04,16.875,16.94499969482422,16.59000015258789,16.774999618530273,8.221368789672852,1885092
2015-06-05,16.799999237060547,16.94499969482422,16.700000762939453,16.729999542236328,8.199315071105957,1729458
2015-06-08,16.7450008392334,16.7450008392334,16.44499969482422,16.479999542236328,8.076791763305664,1551676
2015-06-09,16.399999618530273,16.53499984741211,16.329999923706055,16.459999084472656,8.066991806030273,2389013
2015-06-10,16.3700008392334,16.799999237060547,16.344999313354492,16.770000457763672,8.218920707702637,3764273
2015-06-11,16.700000762939453,16.9950008392334,16.469999313354492,16.795000076293945,8.231172561645508,3517238
2015-06-12,16.764999389648438,16.895000457763672,16.635000228881836,16.854999542236328,8.260578155517578,3287301
2015-06-15,16.735000610351562,16.770000457763672,16.604999542236328,16.69499969482422,8.182162284851074,3109136
2015-06-16,16.639999389648438,16.68000030517578,16.3700008392334,16.6299991607666,8.15030574798584,2003054
2015-06-17,16.665000915527344,16.69499969482422,16.420000076293945,16.510000228881836,8.091496467590332,2073771
2015-06-18,16.524999618530273,16.584999084472656,16.25,16.545000076293945,8.108649253845215,6768049
2015-06-19,16.475000381469727,16.670000076293945,16.389999389648438,16.530000686645508,8.101296424865723,20678722
2015-06-22,16.850000381469727,16.979999542236328,16.684999465942383,16.895000457763672,8.280181884765625,7262845
2015-06-23,17.03499984741211,17.18000030517578,16.90999984741211,17.014999389648438,8.338994026184082,2589458
2015-06-24,17.059999465942383,17.219999313354492,16.8700008392334,17.190000534057617,8.424760818481445,12910399
2015-06-25,17.075000762939453,17.799999237060547,16.989999771118164,17.520000457763672,8.586492538452148,5482355
2015-06-26,17.489999771118164,17.84000015258789,17.434999465942383,17.770000457763672,8.70901870727539,7373440
2015-06-29,16.950000762939453,17.549999237060547,16.950000762939453,17.405000686645508,8.530132293701172,3589156
2015-06-30,17.360000610351562,17.479999542236328,17.1299991607666,17.165000915527344,8.412508010864258,3942834
2015-07-01,16.885000228881836,17.010000228881836,16.674999237060547,16.860000610351562,8.45009708404541,12479943
2015-07-02,16.889999389648438,17.229999542236328,16.854999542236328,17.065000534057617,8.552842140197754,3221242
2015-07-03,17.1200008392334,17.2549991607666,16.905000686645508,17.014999389648438,8.52778148651123,7702140
2015-07-06,16.75,16.96500015258789,16.635000228881836,16.71500015258789,8.377426147460938,4972503
2015-07-07,16.725000381469727,16.854999542236328,16.549999237060547,16.575000762939453,8.307257652282715,2028411
2015-07-08,16.59000015258789,16.704999923706055,16.469999313354492,16.645000457763672,8.342342376708984,5020268
2015-07-09,16.780000686645508,17.225000381469727,16.68000030517578,17.1200008392334,8.580409049987793,2418669
2015-07-10,17.43000030517578,17.625,17.354999542236328,17.524999618530273,8.783390045166016,12609129
2015-07-13,17.69499969482422,17.770000457763672,17.610000610351562,17.690000534057617,8.866087913513184,1609717
2015-07-14,17.700000762939453,17.905000686645508,17.55500030517578,17.815000534057617,8.92873477935791,2097228
2015-07-15,17.719999313354492,17.860000610351562,17.639999389648438,17.78499984741211,8.913701057434082,1962757
2015-07-16,17.889999389648438,17.93000030517578,17.739999771118164,17.815000534057617,8.92873477935791,2038849
2015-07-17,17.84000015258789,17.854999542236328,17.65999984741211,17.65999984741211,8.851052284240723,5731400
2015-07-20,17.729999542236328,17.924999237060547,17.704999923706055,17.71500015258789,8.878616333007812,2443315
2015-07-21,17.799999237060547,17.889999389648438,17.75,17.829999923706055,8.93625545501709,3862480
2015-07-22,17.7549991607666,18.2450008392334,17.684999465942383,18.190000534057617,9.116683959960938,3898622
2015-07-23,18.309999465942383,18.5,18.024999618530273,18.06999969482422,9.056538581848145,3103129
2015-07-24,18.125,18.5,18.1200008392334,18.375,9.209402084350586,3098336
2015-07-27,18.334999084472656,18.5,18.15999984741211,18.204999923706055,9.124199867248535,4345922
2015-07-28,18.520000457763672,19.0,18.520000457763672,18.864999771118164,9.454987525939941,5031317
2015-07-29,18.899999618530273,19.149999618530273,18.899999618530273,19.06999969482422,9.557731628417969,2958991
2015-07-30,19.229999542236328,19.295000076293945,18.90999984741211,19.0,9.522649765014648,2229474
2015-07-31,19.045000076293945,19.15999984741211,18.809999465942383,19.139999389648438,9.592813491821289,2186004
2015-08-03,19.174999237060547,19.31999969482422,19.03499984741211,19.2450008392334,9.645441055297852,1298805
2015-08-04,19.18000030517578,19.295000076293945,19.094999313354492,19.295000076293945,9.67049789428711,3230973
2015-08-05,19.325000762939453,19.614999771118164,19.309999465942383,19.559999465942383,9.803316116333008,2148447
2015-08-06,19.520000457763672,19.56999969482422,19.43000030517578,19.454999923706055,9.750690460205078,1779182
2015-08-07,19.424999237060547,19.510000228881836,19.239999771118164,19.475000381469727,9.760716438293457,1172683
2015-08-10,19.524999618530273,19.690000534057617,19.420000076293945,19.690000534057617,9.8684720993042,2645181
2015-08-11,19.65999984741211,19.68000030517578,19.360000610351562,19.360000610351562,9.703076362609863,968475
2015-08-12,19.229999542236328,19.3799991607666,19.049999237060547,19.295000076293945,9.67049789428711,1356229
2015-08-13,19.524999618530273,19.55500030517578,19.280000686645508,19.299999237060547,9.673006057739258,2996570
2015-08-14,19.334999084472656,19.610000610351562,19.31999969482422,19.3700008392334,9.708088874816895,1075521
2015-08-17,19.520000457763672,19.600000381469727,19.149999618530273,19.469999313354492,9.758208274841309,819072
2015-08-18,19.44499969482422,19.600000381469727,19.44499969482422,19.450000762939453,9.748185157775879,915562
2015-08-19,19.434999465942383,19.610000610351562,19.350000381469727,19.540000915527344,9.793292045593262,1284182
2015-08-20,19.489999771118164,19.575000762939453,19.354999542236328,19.3700008392334,9.708088874816895,1494675
2015-08-21,19.18000030517578,19.31999969482422,18.770000457763672,18.844999313354492,9.444965362548828,2285366
2015-08-24,18.440000534057617,18.690000534057617,17.825000762939453,18.1200008392334,9.081600189208984,4264527
2015-08-25,18.260000228881836,18.350000381469727,18.0,18.165000915527344,9.104154586791992,3642468
2015-08-26,17.950000762939453,18.19499969482422,17.850000381469727,18.024999618530273,9.033985137939453,1948251
2015-08-27,18.28499984741211,18.415000915527344,18.170000076293945,18.334999084472656,9.189355850219727,2446760
2015-08-28,18.350000381469727,18.510000228881836,18.270000457763672,18.405000686645508,9.224438667297363,2169723
2015-08-31,18.329999923706055,18.56999969482422,18.309999465942383,18.5,9.272054672241211,1936263
2015-09-01,18.389999389648438,18.479999542236328,18.209999084472656,18.44499969482422,9.244489669799805,5325604
2015-09-02,18.469999313354492,18.65999984741211,18.360000610351562,18.549999237060547,9.297113418579102,2206984
2015-09-03,18.704999923706055,18.864999771118164,18.579999923706055,18.7450008392334,9.39484691619873,2761089
2015-09-04,18.645000457763672,18.690000534057617,18.40999984741211,18.575000762939453,9.309643745422363,966410
2015-09-07,18.690000534057617,18.799999237060547,18.479999542236328,18.6200008392334,9.332197189331055,1219016
2015-09-08,18.65999984741211,19.040000915527344,18.635000228881836,18.854999542236328,9.449975967407227,1929854
2015-09-09,19.135000228881836,19.2450008392334,19.014999389648438,19.065000534057617,9.555227279663086,1440320
2015-09-10,18.94499969482422,19.19499969482422,18.850000381469727,19.03499984741211,9.540189743041992,1560325
2015-09-11,19.020000457763672,19.110000610351562,18.690000534057617,18.950000762939453,9.497588157653809,1358986
2015-09-14,18.989999771118164,19.219999313354492,18.7450008392334,18.829999923706055,9.437445640563965,1945822
2015-09-15,18.84000015258789,19.014999389648438,18.6299991607666,18.96500015258789,9.505107879638672,1672543
2015-09-16,19.239999771118164,19.479999542236328,19.094999313354492,19.424999237060547,9.735655784606934,2261097
2015-09-17,19.485000610351562,19.774999618530273,19.479999542236328,19.645000457763672,9.845918655395508,2279615
2015-09-18,19.594999313354492,19.684999465942383,19.21500015258789,19.5049991607666,9.775751113891602,3958504
2015-09-21,19.489999771118164,19.729999542236328,19.479999542236328,19.53499984741211,9.790788650512695,2055959
2015-09-22,19.514999389648438,19.545000076293945,19.05500030517578,19.15999984741211,9.602839469909668,1879293
2015-09-23,19.1200008392334,19.174999237060547,18.65999984741211,18.760000228881836,9.402362823486328,3350112
2015-09-24,18.684999465942383,18.860000610351562,18.479999542236328,18.6200008392334,9.332197189331055,2062752
2015-09-25,18.799999237060547,19.075000762939453,18.729999542236328,18.959999084472656,9.502599716186523,2050391
2015-09-28,18.93000030517578,19.200000762939453,18.864999771118164,19.024999618530273,9.535177230834961,1820987
2015-09-29,18.93000030517578,19.43000030517578,18.645000457763672,18.670000076293945,9.357254981994629,3229208
2015-09-30,18.875,18.969999313354492,18.649999618530273,18.84000015258789,9.442458152770996,2463340
2015-10-01,18.915000915527344,19.059999465942383,18.639999389648438,18.674999237060547,9.359762191772461,2403316
2015-10-02,18.844999313354492,18.93000030517578,18.565000534057617,18.834999084472656,9.43995189666748,2325628
2015-10-05,19.114999771118164,19.18000030517578,18.985000610351562,19.165000915527344,9.6053466796875,2084051
2015-10-06,19.200000762939453,19.59000015258789,19.18000030517578,19.489999771118164,9.768233299255371,14719270
2015-10-07,19.604999542236328,19.700000762939453,19.424999237060547,19.469999313354492,9.758208274841309,1873717
2015-10-08,19.479999542236328,19.53499984741211,18.93000030517578,19.479999542236328,9.763221740722656,1117075
2015-10-09,19.594999313354492,19.704999923706055,19.40999984741211,19.475000381469727,9.760716438293457,1681275
2015-10-12,19.479999542236328,19.545000076293945,19.28499984741211,19.385000228881836,9.715608596801758,914995
2015-10-13,19.399999618530273,19.399999618530273,19.19499969482422,19.280000686645508,9.662985801696777,1656306
2015-10-14,19.209999084472656,19.28499984741211,19.040000915527344,19.100000381469727,9.572768211364746,2596556
2015-10-15,19.299999237060547,19.549999237060547,19.264999389648438,19.549999237060547,9.798304557800293,2833453
2015-10-16,19.610000610351562,19.799999237060547,19.5049991607666,19.735000610351562,9.891024589538574,2159537
2015-10-19,19.729999542236328,19.924999237060547,19.71500015258789,19.8799991607666,9.963698387145996,2328852
2015-10-20,19.885000228881836,20.075000762939453,19.809999465942383,19.854999542236328,9.951168060302734,1411213
2015-10-21,19.920000076293945,20.0,19.729999542236328,19.829999923706055,9.938636779785156,2016951
2015-10-22,19.78499984741211,19.969999313354492,19.69499969482422,19.844999313354492,9.946155548095703,2847900
2015-10-23,19.989999771118164,20.049999237060547,19.899999618530273,19.989999771118164,10.018829345703125,1813309
2015-10-26,20.0,20.139999389648438,19.93000030517578,20.110000610351562,10.078970909118652,1776944
2015-10-27,20.104999542236328,20.229999542236328,19.96500015258789,19.96500015258789,10.006300926208496,1921227
2015-10-28,20.014999389648438,20.174999237060547,19.93000030517578,20.104999542236328,10.076464653015137,1862009
2015-10-29,20.1299991607666,20.19499969482422,19.889999389648438,20.19499969482422,10.121573448181152,2141013
2015-10-30,20.21500015258789,20.260000228881836,20.014999389648438,20.25,10.149140357971191,2273282
2015-11-02,20.155000686645508,20.510000228881836,20.049999237060547,20.350000381469727,10.199259757995605,1290516
2015-11-03,20.30500030517578,20.360000610351562,20.170000076293945,20.274999618530273,10.161669731140137,1279051
2015-11-04,20.315000534057617,20.46500015258789,20.19499969482422,20.219999313354492,10.134101867675781,2466558
2015-11-05,20.200000762939453,20.354999542236328,20.05500030517578,20.329999923706055,10.18923282623291,2905839
2015-11-06,20.315000534057617,20.364999771118164,20.125,20.190000534057617,10.119067192077637,1526721
2015-11-09,20.135000228881836,20.204999923706055,19.920000076293945,19.94499969482422,9.996274948120117,1175696
2015-11-10,20.049999237060547,20.135000228881836,19.709999084472656,19.9950008392334,10.021334648132324,2119966
2015-11-11,20.0,20.395000457763672,19.96500015258789,20.09000015258789,10.068949699401855,2402142
2015-11-12,20.139999389648438,20.350000381469727,20.045000076293945,20.145000457763672,10.096514701843262,1911334
2015-11-13,20.125,20.225000381469727,19.979999542236328,20.200000762939453,10.124078750610352,1579165
2015-11-16,20.049999237060547,20.2549991607666,20.0,20.239999771118164,10.14412784576416,1499572
2015-11-17,20.350000381469727,20.71500015258789,20.31999969482422,20.584999084472656,10.317036628723145,3051718
2015-11-18,20.485000610351562,20.600000381469727,20.274999618530273,20.3799991607666,10.21429443359375,1819003
2015-11-19,20.44499969482422,20.44499969482422,19.799999237060547,20.065000534057617,10.056417465209961,4414813
2015-11-20,20.100000381469727,20.225000381469727,20.049999237060547,20.149999618530273,10.099019050598145,1669457
2015-11-23,20.104999542236328,20.104999542236328,19.584999084472656,19.68000030517578,9.863457679748535,3792578
2015-11-24,19.559999465942383,19.559999465942383,18.915000915527344,19.315000534057617,9.680525779724121,4114946
2015-11-25,19.295000076293945,19.530000686645508,19.225000381469727,19.485000610351562,9.765727996826172,3307869
2015-11-26,19.489999771118164,19.639999389648438,19.3799991607666,19.424999237060547,9.735655784606934,1528127
2015-11-27,19.334999084472656,19.545000076293945,19.28499984741211,19.44499969482422,9.74567985534668,3238398
2015-11-30,19.44499969482422,19.625,19.34000015258789,19.579999923706055,9.813342094421387,3403471
2015-12-01,19.610000610351562,19.780000686645508,19.4950008392334,19.549999237060547,9.798304557800293,2808426
2015-12-02,19.604999542236328,19.825000762939453,19.514999389648438,19.764999389648438,9.906060218811035,2460959
2015-12-03,19.6200008392334,20.020000457763672,19.2450008392334,19.2450008392334,9.645441055297852,3053303
2015-12-04,19.135000228881836,19.209999084472656,18.954999923706055,18.959999084472656,9.502599716186523,2346791
2015-12-07,18.9950008392334,19.204999923706055,18.989999771118164,19.059999465942383,9.55272102355957,2898236
2015-12-08,19.094999313354492,19.104999542236328,18.799999237060547,18.875,9.460000038146973,2943913
2015-12-09,18.959999084472656,19.155000686645508,18.80500030517578,19.114999771118164,9.580284118652344,2467807
2015-12-10,19.065000534057617,19.485000610351562,19.040000915527344,19.239999771118164,9.64293384552002,2842462
2015-12-11,19.264999389648438,19.264999389648438,18.75,18.96500015258789,9.505107879638672,2199806
2015-12-14,19.049999237060547,19.1299991607666,18.674999237060547,18.71500015258789,9.379806518554688,1713257
2015-12-15,18.729999542236328,19.110000610351562,18.6299991607666,18.924999237060547,9.485057830810547,6586599
2015-12-16,18.0,18.860000610351562,18.0,18.575000762939453,9.309643745422363,3161244
2015-12-17,18.8799991607666,19.03499984741211,18.524999618530273,18.834999084472656,9.43995189666748,5766745
2015-12-18,18.735000610351562,18.975000381469727,18.514999389648438,18.594999313354492,9.319665908813477,3111057
2015-12-21,17.920000076293945,17.985000610351562,17.55500030517578,17.610000610351562,8.8259916305542,5384393
2015-12-22,17.665000915527344,17.860000610351562,17.614999771118164,17.770000457763672,8.906181335449219,2199055
2015-12-23,17.854999542236328,18.34000015258789,17.850000381469727,18.2450008392334,9.144248962402344,4563865
2015-12-24,18.360000610351562,18.3700008392334,18.1200008392334,18.239999771118164,9.141743659973145,396564
2015-12-28,18.295000076293945,18.315000534057617,18.024999618530273,18.21500015258789,9.129213333129883,9715859
2015-12-29,18.31999969482422,18.764999389648438,18.30500030517578,18.7549991607666,9.399855613708496,7229977
2015-12-30,18.75,18.8799991607666,18.670000076293945,18.770000457763672,9.40737533569336,3327964
2015-12-31,18.700000762939453,18.760000228881836,18.454999923706055,18.524999618530273,9.284584045410156,1928315
2016-01-04,18.0,18.040000915527344,17.584999084472656,17.604999542236328,9.018211364746094,9077914
2016-01-05,17.7549991607666,18.06999969482422,17.719999313354492,18.045000076293945,9.243602752685547,2372717
2016-01-06,18.094999313354492,18.200000762939453,17.8700008392334,18.15999984741211,9.302511215209961,6143977
2016-01-07,17.834999084472656,18.55500030517578,17.704999923706055,18.344999313354492,9.397276878356934,6660642
2016-01-08,18.3799991607666,18.604999542236328,18.2450008392334,18.299999237060547,9.374226570129395,4265165
2016-01-11,18.260000228881836,18.415000915527344,18.040000915527344,18.2450008392334,9.346055030822754,2719616
2016-01-12,18.0,18.09000015258789,17.700000762939453,17.895000457763672,9.166765213012695,2797505
2016-01-13,18.21500015258789,18.225000381469727,17.975000381469727,18.0049991607666,9.223112106323242,3902865
2016-01-14,17.905000686645508,18.0,17.625,17.725000381469727,9.079680442810059,2382951
2016-01-15,17.7450008392334,17.8799991607666,17.18000030517578,17.2450008392334,8.833800315856934,7632663
2016-01-18,17.229999542236328,17.385000228881836,17.094999313354492,17.204999923706055,8.813310623168945,1991551
2016-01-19,17.4950008392334,17.559999465942383,17.2450008392334,17.469999313354492,8.949056625366211,1038002
2016-01-20,17.235000610351562,17.3700008392334,17.045000076293945,17.19499969482422,8.808186531066895,2528071
2016-01-21,17.2450008392334,17.440000534057617,17.03499984741211,17.295000076293945,8.859413146972656,2505923
2016-01-22,17.594999313354492,17.594999313354492,17.225000381469727,17.225000381469727,8.823553085327148,3437282
2016-01-25,17.239999771118164,17.270000457763672,16.809999465942383,16.81999969482422,8.61609172821045,7264736
2016-01-26,16.635000228881836,17.295000076293945,16.55500030517578,17.2549991607666,8.838922500610352,3468227
2016-01-27,17.270000457763672,17.549999237060547,17.155000686645508,17.53499984741211,8.982354164123535,1775280
2016-01-28,17.44499969482422,17.709999084472656,17.290000915527344,17.485000610351562,8.956740379333496,1951305
2016-01-29,17.68000030517578,17.860000610351562,17.565000534057617,17.764999389648438,9.100172996520996,2332323
2016-02-01,17.8799991607666,18.135000228881836,17.850000381469727,18.059999465942383,9.2512845993042,2274058
2016-02-02,18.05500030517578,18.094999313354492,17.690000534057617,17.799999237060547,9.1181001663208,6157142
2016-02-03,17.78499984741211,17.799999237060547,17.184999465942383,17.295000076293945,8.859413146972656,1824159
2016-02-04,17.489999771118164,17.4950008392334,17.065000534057617,17.19499969482422,8.808186531066895,2335275
2016-02-05,17.145000457763672,17.31999969482422,16.899999618530273,16.920000076293945,8.667317390441895,1726786
2016-02-08,16.985000610351562,17.03499984741211,16.360000610351562,16.415000915527344,8.408631324768066,1728467
2016-02-09,16.55500030517578,16.684999465942383,16.020000457763672,16.174999237060547,8.285687446594238,2477887
2016-02-10,16.204999923706055,16.389999389648438,15.954999923706055,16.219999313354492,8.308741569519043,5546303
2016-02-11,16.0,16.110000610351562,15.6899995803833,15.734999656677246,8.060297012329102,1598116
2016-02-12,15.90999984741211,15.90999984741211,15.619999885559082,15.75,8.067983627319336,1925762
2016-02-15,16.05500030517578,16.31999969482422,15.975000381469727,16.045000076293945,8.219096183776855,2465113
2016-02-16,16.174999237060547,16.200000762939453,15.954999923706055,16.03499984741211,8.213973999023438,1873450
2016-02-17,16.125,16.125,15.84000015258789,16.0,8.196044921875,4236115
2016-02-18,16.040000915527344,16.2549991607666,16.014999389648438,16.100000381469727,8.247271537780762,2402636
2016-02-19,16.114999771118164,16.170000076293945,15.970000267028809,16.145000457763672,8.270320892333984,1383653
2016-02-22,16.315000534057617,16.5,16.225000381469727,16.469999313354492,8.43680477142334,2784234
2016-02-23,16.309999465942383,16.559999465942383,16.204999923706055,16.375,8.388139724731445,1752680
2016-02-24,16.700000762939453,16.825000762939453,16.354999542236328,16.375,8.388139724731445,3679669
2016-02-25,16.530000686645508,16.670000076293945,16.475000381469727,16.6299991607666,8.518762588500977,1364827
2016-02-26,16.739999771118164,16.844999313354492,16.575000762939453,16.575000762939453,8.490591049194336,1993100
2016-02-29,16.5049991607666,16.68000030517578,16.329999923706055,16.68000030517578,8.544377326965332,2552843
2016-03-01,16.610000610351562,16.825000762939453,16.600000381469727,16.780000686645508,8.595601081848145,1545420
2016-03-02,16.850000381469727,16.850000381469727,16.514999389648438,16.6299991607666,8.518762588500977,1902184
2016-03-03,16.6299991607666,16.690000534057617,16.44499969482422,16.520000457763672,8.462416648864746,1505045
2016-03-04,16.53499984741211,16.59000015258789,16.229999542236328,16.280000686645508,8.3394775390625,1987844
2016-03-07,16.3799991607666,16.5,16.299999237060547,16.360000610351562,8.380456924438477,1909117
2016-03-08,16.239999771118164,16.56999969482422,16.104999542236328,16.399999618530273,8.400946617126465,2471853
2016-03-09,16.44499969482422,16.889999389648438,16.43000030517578,16.725000381469727,8.56743049621582,2237063
2016-03-10,16.704999923706055,17.15999984741211,16.645000457763672,16.645000457763672,8.526448249816895,3000087
2016-03-11,16.815000534057617,17.184999465942383,16.735000610351562,17.165000915527344,8.79281997680664,3158502
2016-03-14,17.2450008392334,17.344999313354492,17.114999771118164,17.260000228881836,8.841483116149902,1434432
2016-03-15,17.239999771118164,17.440000534057617,17.200000762939453,17.329999923706055,8.877341270446777,2343571
2016-03-16,17.434999465942383,17.489999771118164,17.299999237060547,17.360000610351562,8.892709732055664,4131308
2016-03-17,17.399999618530273,17.454999923706055,17.354999542236328,17.415000915527344,8.920883178710938,3340991
2016-03-18,17.479999542236328,17.520000457763672,17.405000686645508,17.415000915527344,8.920883178710938,2791675
2016-03-21,17.325000762939453,17.520000457763672,17.315000534057617,17.4950008392334,8.96186351776123,1036999
2016-03-22,17.489999771118164,17.53499984741211,17.364999771118164,17.44499969482422,8.936251640319824,2683475
2016-03-23,17.454999923706055,17.545000076293945,17.25,17.405000686645508,8.91576099395752,1436779
2016-03-24,17.375,17.46500015258789,17.235000610351562,17.270000457763672,8.84660530090332,1099309
2016-03-29,17.420000076293945,17.53499984741211,17.290000915527344,17.420000076293945,8.923445701599121,1003462
2016-03-30,17.489999771118164,17.55500030517578,17.059999465942383,17.239999771118164,8.83123779296875,1858131
2016-03-31,17.229999542236328,17.229999542236328,16.809999465942383,16.8700008392334,8.641706466674805,2593348
2016-04-01,16.665000915527344,16.850000381469727,16.549999237060547,16.850000381469727,8.631458282470703,1542140
2016-04-04,16.864999771118164,17.020000457763672,16.719999313354492,16.84000015258789,8.626338958740234,6572650
2016-04-05,16.735000610351562,16.80500030517578,16.639999389648438,16.764999389648438,8.587919235229492,1454125
2016-04-06,16.7450008392334,16.834999084472656,16.610000610351562,16.7549991607666,8.582797050476074,2063012
2016-04-07,16.7450008392334,16.7549991607666,16.395000457763672,16.46500015258789,8.434244155883789,3256297
2016-04-08,16.53499984741211,16.81999969482422,16.450000762939453,16.770000457763672,8.59048080444336,1982485
2016-04-11,16.75,17.05500030517578,16.59000015258789,17.05500030517578,8.736472129821777,2940458
2016-04-12,17.03499984741211,17.3799991607666,16.829999923706055,17.280000686645508,8.851728439331055,2107206
2016-04-13,17.44499969482422,17.46500015258789,17.145000457763672,17.395000457763672,8.910636901855469,2196076
2016-04-14,17.44499969482422,17.645000457763672,17.350000381469727,17.59000015258789,9.010527610778809,1687874
2016-04-15,17.604999542236328,17.655000686645508,17.5049991607666,17.639999389648438,9.036138534545898,1897192
2016-04-18,17.479999542236328,17.704999923706055,17.415000915527344,17.68000030517578,9.056631088256836,1242286
2016-04-19,17.709999084472656,17.809999465942383,17.549999237060547,17.594999313354492,9.013087272644043,1177431
2016-04-20,17.549999237060547,17.889999389648438,17.549999237060547,17.80500030517578,9.120660781860352,2800172
2016-04-21,17.799999237060547,17.799999237060547,17.514999389648438,17.6299991607666,9.031017303466797,1727346
2016-04-22,17.665000915527344,17.834999084472656,17.59000015258789,17.795000076293945,9.115538597106934,1336526
2016-04-25,17.834999084472656,17.8700008392334,17.690000534057617,17.825000762939453,9.13090705871582,938176
2016-04-26,17.950000762939453,18.03499984741211,17.75,17.854999542236328,9.14627456665039,3246204
2016-04-27,17.934999465942383,18.149999618530273,17.864999771118164,18.079999923706055,9.261529922485352,3161135
2016-04-28,18.079999923706055,18.5,17.889999389648438,18.299999237060547,9.374226570129395,2542795
2016-04-29,18.155000686645508,18.385000228881836,18.139999389648438,18.334999084472656,9.392155647277832,1815479
2016-05-02,18.415000915527344,18.530000686645508,18.295000076293945,18.395000457763672,9.422890663146973,2141747
2016-05-03,18.399999618530273,18.450000762939453,18.184999465942383,18.334999084472656,9.392155647277832,1750732
2016-05-04,18.350000381469727,18.43000030517578,18.084999084472656,18.209999084472656,9.328123092651367,2177431
2016-05-05,18.219999313354492,18.415000915527344,18.219999313354492,18.229999542236328,9.338367462158203,1835153
2016-05-06,18.200000762939453,18.34000015258789,18.149999618530273,18.290000915527344,9.369104385375977,814141
2016-05-09,18.450000762939453,18.584999084472656,18.30500030517578,18.364999771118164,9.407524108886719,895958
2016-05-10,18.56999969482422,18.56999969482422,18.200000762939453,18.309999465942383,9.379348754882812,2245504
2016-05-11,18.295000076293945,18.354999542236328,18.045000076293945,18.149999618530273,9.29738998413086,1475534
2016-05-12,18.1200008392334,18.350000381469727,18.024999618530273,18.19499969482422,9.320439338684082,1865123
2016-05-13,18.204999923706055,18.344999313354492,18.114999771118164,18.274999618530273,9.361418724060059,1112491
2016-05-16,18.149999618530273,18.209999084472656,18.06999969482422,18.149999618530273,9.29738998413086,739648
2016-05-17,18.225000381469727,18.235000610351562,18.024999618530273,18.05500030517578,9.248725891113281,1223290
2016-05-18,18.0,18.03499984741211,17.924999237060547,18.024999618530273,9.233355522155762,1513230
2016-05-19,17.889999389648438,17.9950008392334,17.790000915527344,17.875,9.156518936157227,1313477
2016-05-20,17.979999542236328,18.114999771118164,17.885000228881836,17.989999771118164,9.215428352355957,1395291
2016-05-23,17.979999542236328,17.985000610351562,17.825000762939453,17.924999237060547,9.18213176727295,1615497
2016-05-24,17.875,18.19499969482422,17.81999969482422,18.149999618530273,9.29738998413086,1628010
2016-05-25,18.25,18.325000762939453,18.079999923706055,18.15999984741211,9.302511215209961,1213123
2016-05-26,18.170000076293945,18.299999237060547,18.149999618530273,18.225000381469727,9.335806846618652,1459339
2016-05-27,18.299999237060547,18.389999389648438,18.21500015258789,18.31999969482422,9.384471893310547,1494341
2016-05-30,18.325000762939453,18.420000076293945,18.15999984741211,18.389999389648438,9.420328140258789,705760
2016-05-31,18.364999771118164,18.479999542236328,18.25,18.479999542236328,9.466431617736816,2516918
2016-06-01,18.44499969482422,18.459999084472656,18.100000381469727,18.165000915527344,9.305071830749512,1354325
2016-06-02,18.200000762939453,18.239999771118164,18.079999923706055,18.190000534057617,9.317878723144531,3560979
2016-06-03,18.19499969482422,18.309999465942383,17.969999313354492,18.059999465942383,9.2512845993042,1170651
2016-06-06,18.059999465942383,18.270000457763672,18.040000915527344,18.135000228881836,9.289705276489258,945363
2016-06-07,18.21500015258789,18.44499969482422,18.110000610351562,18.44499969482422,9.448505401611328,1666078
2016-06-08,18.350000381469727,18.469999313354492,18.30500030517578,18.469999313354492,9.461309432983398,973541
2016-06-09,18.28499984741211,18.295000076293945,17.94499969482422,18.065000534057617,9.253847122192383,5631405
2016-06-10,18.0,18.014999389648438,17.610000610351562,17.7450008392334,9.089926719665527,1999575
2016-06-13,17.559999465942383,17.649999618530273,17.475000381469727,17.545000076293945,8.987475395202637,1486326
2016-06-14,17.420000076293945,17.454999923706055,17.190000534057617,17.235000610351562,8.828678131103516,1429582
2016-06-15,17.260000228881836,17.770000457763672,17.184999465942383,17.190000534057617,8.805624961853027,4048979
2016-06-16,17.03499984741211,17.18000030517578,16.940000534057617,17.094999313354492,8.756959915161133,2484386
2016-06-17,17.184999465942383,17.325000762939453,17.149999618530273,17.260000228881836,8.841483116149902,7683179
2016-06-20,17.270000457763672,17.6200008392334,17.229999542236328,17.6200008392334,9.025896072387695,7380586
2016-06-21,17.565000534057617,17.795000076293945,17.53499984741211,17.614999771118164,9.023332595825195,8221655
2016-06-22,17.68000030517578,17.700000762939453,17.40999984741211,17.440000534057617,8.933691024780273,9043198
2016-06-23,17.510000228881836,17.815000534057617,17.354999542236328,17.6299991607666,9.031017303466797,4863454
2016-06-24,14.96500015258789,16.46500015258789,14.6899995803833,16.165000915527344,8.28056812286377,3388533
2016-06-27,16.885000228881836,17.19499969482422,16.530000686645508,16.979999542236328,8.698051452636719,3746621
2016-06-28,16.780000686645508,17.045000076293945,16.604999542236328,16.850000381469727,8.9618558883667,2495749
2016-06-29,17.15999984741211,17.540000915527344,17.125,17.514999389648438,9.315545082092285,2869560
2016-06-30,17.600000381469727,18.030000686645508,17.475000381469727,18.030000686645508,9.589451789855957,6378964
2016-07-01,18.084999084472656,18.1200008392334,17.770000457763672,17.889999389648438,9.514991760253906,6633420
2016-07-04,17.979999542236328,18.200000762939453,17.905000686645508,18.155000686645508,9.65593433380127,6516183
2016-07-05,17.989999771118164,18.1299991607666,17.924999237060547,18.084999084472656,9.618701934814453,2601206
2016-07-06,17.90999984741211,18.079999923706055,17.739999771118164,17.889999389648438,9.514991760253906,3918290
2016-07-07,18.010000228881836,18.110000610351562,17.915000915527344,17.979999542236328,9.562857627868652,1741296
2016-07-08,17.895000457763672,18.31999969482422,17.895000457763672,18.260000228881836,9.711780548095703,2629547
2016-07-11,18.3700008392334,18.399999618530273,18.100000381469727,18.239999771118164,9.701142311096191,1542440
2016-07-12,18.18000030517578,18.299999237060547,18.020000457763672,18.084999084472656,9.618701934814453,2045602
2016-07-13,18.049999237060547,18.2549991607666,18.049999237060547,18.200000762939453,9.6798677444458,2127167
2016-07-14,18.34000015258789,18.399999618530273,18.135000228881836,18.165000915527344,9.6612548828125,1459109
2016-07-15,18.15999984741211,18.219999313354492,18.06999969482422,18.184999465942383,9.67188835144043,1202892
2016-07-18,18.30500030517578,18.334999084472656,18.094999313354492,18.239999771118164,9.701142311096191,1520794
2016-07-19,18.200000762939453,18.274999618530273,18.114999771118164,18.270000457763672,9.717098236083984,2145643
2016-07-20,18.3700008392334,18.389999389648438,18.219999313354492,18.274999618530273,9.719756126403809,1061240
2016-07-21,18.350000381469727,18.479999542236328,18.239999771118164,18.43000030517578,9.80219554901123,1409022
2016-07-22,18.360000610351562,18.469999313354492,18.2549991607666,18.40999984741211,9.791559219360352,2040549
2016-07-25,18.459999084472656,18.610000610351562,18.415000915527344,18.56999969482422,9.876655578613281,1533618
2016-07-26,18.59000015258789,18.6200008392334,18.469999313354492,18.594999313354492,9.889952659606934,1269378
2016-07-27,18.610000610351562,18.6200008392334,18.454999923706055,18.604999542236328,9.895272254943848,1430049
2016-07-28,18.700000762939453,18.850000381469727,18.600000381469727,18.704999923706055,9.948456764221191,2123446
2016-07-29,18.799999237060547,18.889999389648438,18.704999923706055,18.795000076293945,9.99632453918457,1797218
2016-08-01,18.844999313354492,18.985000610351562,18.825000762939453,18.825000762939453,10.012280464172363,1494106
2016-08-02,18.8700008392334,18.8700008392334,18.575000762939453,18.71500015258789,9.953774452209473,2263130
2016-08-03,18.700000762939453,18.795000076293945,18.559999465942383,18.559999465942383,9.871337890625,1539820
2016-08-04,18.7549991607666,18.959999084472656,18.614999771118164,18.764999389648438,9.980369567871094,1995183
2016-08-05,18.860000610351562,19.059999465942383,18.860000610351562,18.8799991607666,10.041531562805176,3798485
2016-08-08,18.875,18.959999084472656,18.71500015258789,18.81999969482422,10.00961971282959,1660009
2016-08-09,18.739999771118164,18.829999923706055,18.684999465942383,18.760000228881836,9.977710723876953,1635092
2016-08-10,18.68000030517578,18.829999923706055,18.665000915527344,18.75,9.972392082214355,960916
2016-08-11,18.780000686645508,18.934999465942383,18.729999542236328,18.854999542236328,10.028236389160156,1252161
2016-08-12,18.885000228881836,18.959999084472656,18.729999542236328,18.799999237060547,9.998985290527344,837705
2016-08-15,18.825000762939453,18.8799991607666,18.760000228881836,18.764999389648438,9.980369567871094,469562
2016-08-16,18.71500015258789,18.774999618530273,18.625,18.674999237060547,9.932501792907715,1244681
2016-08-17,18.69499969482422,18.69499969482422,18.329999923706055,18.385000228881836,9.778263092041016,1582771
2016-08-18,18.514999389648438,18.59000015258789,18.399999618530273,18.514999389648438,9.847403526306152,1105724
2016-08-19,18.469999313354492,18.549999237060547,18.219999313354492,18.309999465942383,9.738373756408691,1867928
2016-08-22,18.290000915527344,18.450000762939453,18.235000610351562,18.325000762939453,9.74635124206543,734567
2016-08-23,18.450000762939453,18.469999313354492,18.350000381469727,18.399999618530273,9.786239624023438,1090787
2016-08-24,18.299999237060547,18.479999542236328,18.264999389648438,18.344999313354492,9.756986618041992,1768335
2016-08-25,18.30500030517578,18.385000228881836,18.25,18.295000076293945,9.73039436340332,1055990
2016-08-26,18.31999969482422,18.530000686645508,18.309999465942383,18.440000534057617,9.807515144348145,905510
2016-08-29,18.399999618530273,18.469999313354492,18.309999465942383,18.424999237060547,9.799535751342773,425832
2016-08-30,18.440000534057617,18.524999618530273,18.354999542236328,18.3700008392334,9.770283699035645,852760
2016-08-31,18.31999969482422,18.40999984741211,18.184999465942383,18.260000228881836,9.711780548095703,1449425
2016-09-01,18.30500030517578,18.389999389648438,18.084999084472656,18.149999618530273,9.653275489807129,1679587
2016-09-02,18.219999313354492,18.6299991607666,18.219999313354492,18.6299991607666,9.908568382263184,2460738
2016-09-05,18.639999389648438,18.760000228881836,18.565000534057617,18.69499969482422,9.94313907623291,963199
2016-09-06,18.75,18.75,18.614999771118164,18.670000076293945,9.929842948913574,996932
2016-09-07,18.5,18.735000610351562,18.4950008392334,18.700000762939453,9.945798873901367,1436423
2016-09-08,18.665000915527344,18.834999084472656,18.6299991607666,18.700000762939453,9.945798873901367,1666959
2016-09-09,18.670000076293945,18.829999923706055,18.6200008392334,18.639999389648438,9.913887023925781,1411236
2016-09-12,18.489999771118164,18.5,18.264999389648438,18.424999237060547,9.799535751342773,1690059
2016-09-13,18.46500015258789,18.764999389648438,18.40999984741211,18.604999542236328,9.895272254943848,2263124
2016-09-14,18.684999465942383,18.719999313354492,18.56999969482422,18.600000381469727,9.89261245727539,1500874
2016-09-15,18.59000015258789,18.790000915527344,18.540000915527344,18.665000915527344,9.927184104919434,1876312
2016-09-16,18.56999969482422,18.635000228881836,18.405000686645508,18.530000686645508,9.855384826660156,4455933
2016-09-19,18.614999771118164,18.690000534057617,18.5049991607666,18.645000457763672,9.916545867919922,1057963
2016-09-20,18.65999984741211,18.920000076293945,18.594999313354492,18.78499984741211,9.991007804870605,8937322
2016-09-21,18.940000534057617,18.969999313354492,18.75,18.790000915527344,9.993666648864746,952497
2016-09-22,18.850000381469727,19.100000381469727,18.780000686645508,19.020000457763672,10.11599349975586,1883451
2016-09-23,18.979999542236328,19.0049991607666,18.829999923706055,18.94499969482422,10.076105117797852,1039284
2016-09-26,18.850000381469727,18.940000534057617,18.770000457763672,18.93000030517578,10.068126678466797,893868
2016-09-27,18.950000762939453,18.969999313354492,18.81999969482422,18.934999465942383,10.070785522460938,850169
2016-09-28,19.0,19.09000015258789,18.8799991607666,18.985000610351562,10.097379684448242,839736
2016-09-29,19.100000381469727,19.344999313354492,18.950000762939453,19.045000076293945,10.129288673400879,1571950
2016-09-30,18.860000610351562,19.094999313354492,18.639999389648438,19.079999923706055,10.147907257080078,2097695
2016-10-03,19.020000457763672,19.079999923706055,18.920000076293945,19.020000457763672,10.11599349975586,878561
2016-10-04,19.049999237060547,19.05500030517578,18.815000534057617,19.03499984741211,10.123971939086914,2346866
2016-10-05,18.90999984741211,19.0,18.764999389648438,18.84000015258789,10.02026081085205,2327546
2016-10-06,18.90999984741211,18.934999465942383,18.760000228881836,18.770000457763672,9.98302936553955,1930597
2016-10-07,18.770000457763672,18.770000457763672,18.395000457763672,18.395000457763672,9.783580780029297,2609881
2016-10-10,18.395000457763672,18.5,18.260000228881836,18.44499969482422,9.810174942016602,1891445
2016-10-11,18.440000534057617,18.625,18.364999771118164,18.5,9.839426040649414,3538460
2016-10-12,18.530000686645508,18.610000610351562,18.40999984741211,18.489999771118164,9.834108352661133,857339
2016-10-13,18.399999618530273,18.56999969482422,18.395000457763672,18.56999969482422,9.876655578613281,1593534
2016-10-14,18.565000534057617,18.985000610351562,18.549999237060547,18.93000030517578,10.068126678466797,1407845
2016-10-17,18.854999542236328,19.010000228881836,18.825000762939453,18.920000076293945,10.062807083129883,1130900
2016-10-18,19.040000915527344,19.264999389648438,19.010000228881836,19.18000030517578,10.201092720031738,1279345
2016-10-19,19.25,19.274999618530273,19.1299991607666,19.149999618530273,10.185134887695312,1538841
2016-10-20,19.170000076293945,19.190000534057617,19.094999313354492,19.139999389648438,10.179817199707031,1992499
2016-10-21,19.190000534057617,19.190000534057617,19.024999618530273,19.110000610351562,10.163863182067871,1088665
2016-10-24,19.165000915527344,19.270000457763672,19.075000762939453,19.094999313354492,10.1558837890625,770952
2016-10-25,19.094999313354492,19.200000762939453,19.075000762939453,19.094999313354492,10.1558837890625,951060
2016-10-26,19.100000381469727,19.280000686645508,19.014999389648438,19.170000076293945,10.19577407836914,822485
2016-10-27,19.155000686645508,19.274999618530273,19.06999969482422,19.174999237060547,10.198431015014648,1083937
2016-10-28,19.05500030517578,19.479999542236328,19.010000228881836,19.385000228881836,10.310124397277832,1340151
2016-10-31,19.295000076293945,19.44499969482422,19.260000228881836,19.364999771118164,10.299483299255371,873626
2016-11-01,19.469999313354492,19.469999313354492,19.170000076293945,19.264999389648438,10.246299743652344,1010537
2016-11-02,19.149999618530273,19.25,18.90999984741211,18.985000610351562,10.097379684448242,1236036
2016-11-03,18.985000610351562,18.985000610351562,18.764999389648438,18.844999313354492,10.022919654846191,922450
2016-11-04,18.799999237060547,18.885000228881836,18.655000686645508,18.674999237060547,9.932501792907715,929134
2016-11-07,18.844999313354492,19.075000762939453,18.729999542236328,18.764999389648438,9.980369567871094,1029597
2016-11-08,19.030000686645508,19.094999313354492,18.809999465942383,18.954999923706055,10.081424713134766,2230962
2016-11-09,18.739999771118164,18.93000030517578,18.530000686645508,18.719999313354492,9.956433296203613,1601391
2016-11-10,18.850000381469727,18.899999618530273,17.80500030517578,18.03499984741211,9.592113494873047,2478055
2016-11-11,18.100000381469727,18.239999771118164,17.940000534057617,18.06999969482422,9.610724449157715,1896168
2016-11-14,18.200000762939453,18.25,17.8799991607666,17.940000534057617,9.541584014892578,1485236
2016-11-15,17.989999771118164,18.260000228881836,17.934999465942383,18.030000686645508,9.589451789855957,1779332
2016-11-16,18.100000381469727,18.200000762939453,17.875,17.989999771118164,9.568178176879883,1069429
2016-11-17,18.049999237060547,18.225000381469727,17.90999984741211,17.979999542236328,9.562857627868652,1446412
2016-11-18,18.014999389648438,18.09000015258789,17.81999969482422,17.94499969482422,9.544243812561035,1290607
2016-11-21,17.96500015258789,18.225000381469727,17.895000457763672,18.15999984741211,9.658594131469727,850391
2016-11-22,18.25,18.420000076293945,18.25,18.329999923706055,9.749009132385254,1044462
2016-11-23,18.5,18.959999084472656,18.450000762939453,18.7549991607666,9.975050926208496,2426727
2016-11-24,18.834999084472656,19.204999923706055,18.760000228881836,19.139999389648438,10.179817199707031,1661611
2016-11-25,19.235000610351562,19.55500030517578,19.209999084472656,19.395000457763672,10.31544303894043,2032030
2016-11-28,19.579999923706055,19.950000762939453,19.540000915527344,19.7549991607666,10.506911277770996,2975320
2016-11-29,19.829999923706055,19.905000686645508,19.295000076293945,19.53499984741211,10.38990306854248,2449610
2016-11-30,19.5,19.829999923706055,19.459999084472656,19.5049991607666,10.373946189880371,1745477
2016-12-01,19.46500015258789,19.485000610351562,19.06999969482422,19.2450008392334,10.235662460327148,2410887
2016-12-02,19.229999542236328,19.46500015258789,19.100000381469727,19.295000076293945,10.262255668640137,2410687
2016-12-05,19.260000228881836,19.55500030517578,19.110000610351562,19.2450008392334,10.235662460327148,1468469
2016-12-06,19.28499984741211,19.725000381469727,19.260000228881836,19.639999389648438,10.445749282836914,1886651
2016-12-07,19.774999618530273,19.950000762939453,19.344999313354492,19.510000228881836,10.376607894897461,1932517
2016-12-08,19.559999465942383,19.690000534057617,19.209999084472656,19.600000381469727,10.424473762512207,1742724
2016-12-09,19.600000381469727,19.934999465942383,19.469999313354492,19.829999923706055,10.546801567077637,3060830
2016-12-12,19.81999969482422,20.0,19.735000610351562,19.950000762939453,10.610625267028809,2351366
2016-12-13,19.96500015258789,20.344999313354492,19.93000030517578,20.229999542236328,10.759546279907227,3212408
2016-12-14,20.25,20.3700008392334,20.114999771118164,20.19499969482422,10.740930557250977,2501560
2016-12-15,20.155000686645508,20.15999984741211,19.780000686645508,19.969999313354492,10.621260643005371,3773339
2016-12-16,19.864999771118164,20.344999313354492,19.864999771118164,20.170000076293945,10.727636337280273,3411371
2016-12-19,20.229999542236328,20.334999084472656,20.135000228881836,20.274999618530273,10.783480644226074,3779784
2016-12-20,20.25,20.3799991607666,20.25,20.344999313354492,10.820710182189941,4103059
2016-12-21,20.3799991607666,20.5,20.34000015258789,20.43000030517578,10.865918159484863,1682345
2016-12-22,20.530000686645508,20.530000686645508,20.329999923706055,20.520000457763672,10.913786888122559,2583210
2016-12-23,20.5,20.790000915527344,20.450000762939453,20.7450008392334,11.033454895019531,14490931
2016-12-27,20.8700008392334,21.020000457763672,20.795000076293945,20.975000381469727,11.155782699584961,1015528
2016-12-28,20.920000076293945,21.200000762939453,20.774999618530273,20.80500030517578,11.065366744995117,1749529
2016-12-29,20.094999313354492,20.25,20.0,20.235000610351562,11.13691520690918,802752
2016-12-30,20.209999084472656,20.344999313354492,20.104999542236328,20.125,11.076375007629395,5791411
2017-01-02,20.165000915527344,20.2450008392334,20.040000915527344,20.225000381469727,11.131410598754883,666543
2017-01-03,20.2549991607666,20.350000381469727,20.065000534057617,20.200000762939453,11.117650985717773,3459492
2017-01-04,20.200000762939453,20.219999313354492,19.860000610351562,19.950000762939453,10.980057716369629,3385139
2017-01-05,19.850000381469727,20.020000457763672,19.709999084472656,19.979999542236328,10.996567726135254,2014401
2017-01-06,19.950000762939453,20.049999237060547,19.934999465942383,20.045000076293945,11.032341957092285,1996287
2017-01-09,20.100000381469727,20.139999389648438,19.975000381469727,20.030000686645508,11.024088859558105,3356002
2017-01-10,20.100000381469727,20.209999084472656,19.6299991607666,19.684999465942383,10.834206581115723,1821857
2017-01-11,19.665000915527344,19.809999465942383,19.559999465942383,19.725000381469727,10.856222152709961,2955899
2017-01-12,19.700000762939453,19.969999313354492,19.639999389648438,19.915000915527344,10.960794448852539,2016492
2017-01-13,19.934999465942383,19.9950008392334,19.774999618530273,19.854999542236328,10.927770614624023,1865565
2017-01-16,19.885000228881836,19.93000030517578,19.700000762939453,19.725000381469727,10.856222152709961,871638
2017-01-17,19.700000762939453,19.774999618530273,19.559999465942383,19.649999618530273,10.81494140625,2727939
2017-01-18,19.71500015258789,19.924999237060547,19.469999313354492,19.56999969482422,10.770912170410156,2026547
2017-01-19,19.55500030517578,19.604999542236328,19.364999771118164,19.55500030517578,10.762657165527344,1303210
2017-01-20,19.600000381469727,19.639999389648438,19.350000381469727,19.399999618530273,10.677348136901855,1257498
2017-01-23,19.3799991607666,19.405000686645508,19.204999923706055,19.209999084472656,10.57277774810791,1517338
2017-01-24,19.270000457763672,19.405000686645508,19.15999984741211,19.405000686645508,10.680100440979004,3114347
2017-01-25,19.520000457763672,19.549999237060547,19.18000030517578,19.21500015258789,10.575529098510742,5781022
2017-01-26,19.299999237060547,19.389999389648438,19.25,19.344999313354492,10.647077560424805,2139579
2017-01-27,19.399999618530273,19.485000610351562,19.295000076293945,19.354999542236328,10.652580261230469,1045169
2017-01-30,19.200000762939453,19.295000076293945,19.010000228881836,19.09000015258789,10.506730079650879,1053332
2017-01-31,19.1200008392334,19.1299991607666,18.93000030517578,19.045000076293945,10.481962203979492,1193758
2017-02-01,19.165000915527344,19.290000915527344,18.875,18.950000762939453,10.429678916931152,1396933
2017-02-02,18.93000030517578,19.280000686645508,18.864999771118164,19.184999465942383,10.559017181396484,1147310
2017-02-03,19.299999237060547,19.450000762939453,19.225000381469727,19.350000381469727,10.649829864501953,3043488
2017-02-06,19.40999984741211,19.5049991607666,19.139999389648438,19.204999923706055,10.570024490356445,1163327
2017-02-07,19.190000534057617,19.270000457763672,19.110000610351562,19.190000534057617,10.561769485473633,1312001
2017-02-08,19.260000228881836,19.565000534057617,19.165000915527344,19.53499984741211,10.751651763916016,1737927
2017-02-09,19.579999923706055,19.690000534057617,19.479999542236328,19.690000534057617,10.836960792541504,1265767
2017-02-10,19.709999084472656,19.790000915527344,19.579999923706055,19.700000762939453,10.842462539672852,1866935
2017-02-13,19.75,19.860000610351562,19.655000686645508,19.844999313354492,10.922266960144043,1149008
2017-02-14,19.8799991607666,19.9950008392334,19.7450008392334,19.770000457763672,10.880987167358398,1611443
2017-02-15,19.809999465942383,19.895000457763672,19.704999923706055,19.795000076293945,10.89474868774414,1120940
2017-02-16,19.774999618530273,20.040000915527344,19.674999237060547,19.969999313354492,10.99106502532959,1641106
2017-02-17,20.030000686645508,20.06999969482422,19.875,19.950000762939453,10.980057716369629,821344
2017-02-20,20.06999969482422,20.084999084472656,19.889999389648438,19.934999465942383,10.9718017578125,470089
2017-02-21,19.93000030517578,19.934999465942383,19.704999923706055,19.7549991607666,10.872733116149902,1054413
2017-02-22,19.774999618530273,19.920000076293945,19.670000076293945,19.729999542236328,10.858972549438477,1290366
2017-02-23,19.94499969482422,19.94499969482422,19.6200008392334,19.915000915527344,10.960794448852539,1542373
2017-02-24,19.959999084472656,20.165000915527344,19.75,19.885000228881836,10.944280624389648,1561310
2017-02-27,19.954999923706055,20.014999389648438,19.809999465942383,19.969999313354492,10.99106502532959,738185
2017-02-28,19.9950008392334,20.110000610351562,19.889999389648438,20.094999313354492,11.05986213684082,1776614
2017-03-01,20.1299991607666,20.155000686645508,19.985000610351562,20.059999465942383,11.040597915649414,1211073
2017-03-02,20.049999237060547,20.184999465942383,19.969999313354492,20.155000686645508,11.092885971069336,1175226
2017-03-03,20.05500030517578,20.225000381469727,20.024999618530273,20.1200008392334,11.073622703552246,793788
2017-03-06,20.1200008392334,20.174999237060547,20.0049991607666,20.084999084472656,11.054356575012207,768615
2017-03-07,20.100000381469727,20.18000030517578,20.049999237060547,20.18000030517578,11.106645584106445,835661
2017-03-08,20.549999237060547,20.934999465942383,20.315000534057617,20.565000534057617,11.318540573120117,4524260
2017-03-09,20.549999237060547,20.7450008392334,20.385000228881836,20.655000686645508,11.368074417114258,2685249
2017-03-10,20.65999984741211,20.764999389648438,20.3700008392334,20.3700008392334,11.211217880249023,1663080
2017-03-13,20.40999984741211,20.434999465942383,20.299999237060547,20.399999618530273,11.227727890014648,704392
2017-03-14,20.489999771118164,20.514999389648438,20.295000076293945,20.350000381469727,11.200209617614746,1495576
2017-03-15,20.399999618530273,20.420000076293945,20.264999389648438,20.264999389648438,11.153423309326172,884319
2017-03-16,20.420000076293945,20.614999771118164,20.3700008392334,20.530000686645508,11.299277305603027,1790670
2017-03-17,20.639999389648438,20.65999984741211,20.315000534057617,20.65999984741211,11.370823860168457,1867475
2017-03-20,20.665000915527344,20.709999084472656,20.545000076293945,20.639999389648438,11.359818458557129,637687
2017-03-21,20.719999313354492,20.760000228881836,20.55500030517578,20.674999237060547,11.379081726074219,1162442
2017-03-22,20.610000610351562,20.920000076293945,20.610000610351562,20.690000534057617,11.38733959197998,2448810
2017-03-23,20.71500015258789,20.979999542236328,20.600000381469727,20.979999542236328,11.54694652557373,1434142
2017-03-24,20.93000030517578,21.145000457763672,20.8799991607666,21.145000457763672,11.637761116027832,1528242
2017-03-27,21.100000381469727,21.290000915527344,20.979999542236328,21.290000915527344,11.717565536499023,867095
2017-03-28,21.299999237060547,21.510000228881836,21.264999389648438,21.5,11.833144187927246,3400113
2017-03-29,21.549999237060547,21.625,21.520000457763672,21.600000381469727,11.88818073272705,1086497
2017-03-30,21.549999237060547,21.7450008392334,21.5,21.7450008392334,11.967989921569824,900348
2017-03-31,21.739999771118164,22.030000686645508,21.68000030517578,22.030000686645508,12.124845504760742,2071221
2017-04-03,22.0,22.059999465942383,21.69499969482422,21.75,11.97073745727539,2072748
2017-04-04,21.75,22.0049991607666,21.7450008392334,21.809999465942383,12.00376033782959,1222685
2017-04-05,21.80500030517578,22.104999542236328,21.709999084472656,22.06999969482422,12.146859169006348,1529891
2017-04-06,22.030000686645508,22.135000228881836,21.899999618530273,22.114999771118164,12.171626091003418,1134167
2017-04-07,21.920000076293945,22.184999465942383,21.920000076293945,22.184999465942383,12.210153579711914,2533810
2017-04-10,22.06999969482422,22.174999237060547,21.864999771118164,22.0049991607666,12.111085891723633,834043
2017-04-11,22.0049991607666,22.125,21.924999237060547,21.934999465942383,12.07255744934082,1198821
2017-04-12,21.959999084472656,22.165000915527344,21.809999465942383,22.165000915527344,12.199146270751953,925398
2017-04-13,22.145000457763672,22.270000457763672,22.040000915527344,22.225000381469727,12.232170104980469,607793
2017-04-18,22.204999923706055,22.2549991607666,21.915000915527344,21.950000762939453,12.080816268920898,1160694
2017-04-19,21.950000762939453,21.950000762939453,21.760000228881836,21.899999618530273,12.053295135498047,4816775
2017-04-20,21.799999237060547,22.03499984741211,21.649999618530273,21.65999984741211,11.921204566955566,1056104
2017-04-21,21.735000610351562,21.735000610351562,21.44499969482422,21.520000457763672,11.844149589538574,1591164
2017-04-24,21.875,22.065000534057617,21.719999313354492,21.985000610351562,12.100080490112305,3834205
2017-04-25,22.014999389648438,22.014999389648438,21.834999084472656,21.959999084472656,12.086318016052246,2424225
2017-04-26,21.975000381469727,21.975000381469727,21.639999389648438,21.709999084472656,11.948721885681152,1101518
2017-04-27,21.639999389648438,21.899999618530273,21.625,21.8799991607666,12.042288780212402,2133178
2017-04-28,21.80500030517578,21.80500030517578,21.53499984741211,21.635000228881836,11.907447814941406,1307146
2017-05-02,21.68000030517578,22.045000076293945,21.625,21.895000457763672,12.050543785095215,1046476
2017-05-03,21.81999969482422,21.950000762939453,21.780000686645508,21.920000076293945,12.064303398132324,1713707
2017-05-04,22.040000915527344,22.520000457763672,21.954999923706055,22.450000762939453,12.35600471496582,2636590
2017-05-05,22.31999969482422,22.594999313354492,22.290000915527344,22.594999313354492,12.435807228088379,3915274
2017-05-08,22.799999237060547,22.885000228881836,22.59000015258789,22.760000228881836,12.526618957519531,1257962
2017-05-09,22.545000076293945,22.719999313354492,21.825000762939453,21.825000762939453,12.012018203735352,3240032
2017-05-10,21.600000381469727,21.600000381469727,21.125,21.270000457763672,11.706558227539062,3339946
2017-05-11,21.350000381469727,21.350000381469727,20.795000076293945,20.875,11.489158630371094,3113846
2017-05-12,20.899999618530273,21.139999389648438,20.795000076293945,20.975000381469727,11.544197082519531,1495867
2017-05-15,21.0,21.059999465942383,20.739999771118164,20.8799991607666,11.49190902709961,1208445
2017-05-16,20.8799991607666,21.204999923706055,20.8799991607666,21.174999237060547,11.654269218444824,1888782
2017-05-17,21.100000381469727,21.2450008392334,20.969999313354492,21.014999389648438,11.566211700439453,1509389
2017-05-18,21.0,21.139999389648438,20.899999618530273,20.9950008392334,11.55520248413086,1322879
2017-05-19,20.969999313354492,21.420000076293945,20.93000030517578,21.239999771118164,11.690044403076172,1133283
2017-05-22,21.34000015258789,21.34000015258789,21.15999984741211,21.270000457763672,11.706558227539062,2348094
2017-05-23,21.100000381469727,21.84000015258789,21.084999084472656,21.75,11.97073745727539,3387348
2017-05-24,21.655000686645508,21.80500030517578,21.575000762939453,21.729999542236328,11.959731101989746,1725870
2017-05-25,21.850000381469727,21.920000076293945,21.665000915527344,21.8700008392334,12.036785125732422,1259864
2017-05-26,21.78499984741211,21.924999237060547,21.614999771118164,21.924999237060547,12.06705379486084,1228606
2017-05-29,21.860000610351562,21.950000762939453,21.735000610351562,21.760000228881836,11.97624397277832,1199022
2017-05-30,21.729999542236328,21.94499969482422,21.639999389648438,21.94499969482422,12.078062057495117,1103398
2017-05-31,21.895000457763672,22.219999313354492,21.850000381469727,22.21500015258789,12.226664543151855,1826622
2017-06-01,22.084999084472656,22.25,22.0049991607666,22.084999084472656,12.155116081237793,3313049
2017-06-02,22.135000228881836,22.2450008392334,22.014999389648438,22.045000076293945,12.133102416992188,820054
2017-06-05,22.075000762939453,22.295000076293945,22.0049991607666,22.1299991607666,12.179882049560547,916198
2017-06-06,22.114999771118164,22.489999771118164,22.084999084472656,22.415000915527344,12.336743354797363,1578625
2017-06-07,22.415000915527344,22.579999923706055,22.209999084472656,22.389999389648438,12.322979927062988,1137644
2017-06-08,22.4950008392334,22.584999084472656,22.225000381469727,22.280000686645508,12.26244068145752,1217621
2017-06-09,22.31999969482422,22.489999771118164,22.030000686645508,22.170000076293945,12.201896667480469,1735734
2017-06-12,22.1200008392334,22.125,21.719999313354492,21.940000534057617,12.075311660766602,1011853
2017-06-13,21.975000381469727,22.024999618530273,21.799999237060547,21.850000381469727,12.025777816772461,1276541
2017-06-14,21.8799991607666,22.03499984741211,21.790000915527344,21.825000762939453,12.012018203735352,2240408
2017-06-15,21.799999237060547,21.93000030517578,21.56999969482422,21.860000610351562,12.03128433227539,1210529
2017-06-16,21.93000030517578,22.170000076293945,21.8700008392334,22.065000534057617,12.144105911254883,2182702
2017-06-19,22.235000610351562,22.30500030517578,22.135000228881836,22.19499969482422,12.215655326843262,1941113
2017-06-20,22.229999542236328,22.43000030517578,22.19499969482422,22.40999984741211,12.333990097045898,8463472
2017-06-21,22.420000076293945,22.68000030517578,22.315000534057617,22.575000762939453,12.42480182647705,3728422
2017-06-22,22.530000686645508,22.549999237060547,22.209999084472656,22.354999542236328,12.303719520568848,2187497
2017-06-23,22.354999542236328,22.389999389648438,22.135000228881836,22.2450008392334,12.24317455291748,20939452
2017-06-26,22.280000686645508,22.399999618530273,22.104999542236328,22.30500030517578,12.276201248168945,4381142
2017-06-27,22.295000076293945,22.375,21.829999923706055,21.8700008392334,12.036785125732422,4492609
2017-06-28,21.81999969482422,21.90999984741211,21.520000457763672,21.59000015258789,11.882678985595703,3613069
2017-06-29,21.2549991607666,21.270000457763672,20.459999084472656,20.565000534057617,11.660412788391113,1561358
2017-06-30,20.579999923706055,20.700000762939453,20.170000076293945,20.170000076293945,11.43644905090332,1839291
2017-07-03,20.30500030517578,20.454999923706055,20.059999465942383,20.2549991607666,11.484641075134277,1915852
2017-07-04,20.280000686645508,20.28499984741211,20.114999771118164,20.174999237060547,11.439281463623047,8602169
2017-07-05,20.165000915527344,20.299999237060547,20.040000915527344,20.110000610351562,11.402425765991211,17610321
2017-07-06,20.165000915527344,20.170000076293945,19.854999542236328,19.934999465942383,11.303200721740723,6273927
2017-07-07,19.989999771118164,20.0,19.8799991607666,19.920000076293945,11.294697761535645,1005013
2017-07-10,19.989999771118164,20.075000762939453,19.924999237060547,19.934999465942383,11.303200721740723,1086121
2017-07-11,20.010000228881836,20.045000076293945,19.635000228881836,19.635000228881836,11.133100509643555,1247690
2017-07-12,19.704999923706055,19.93000030517578,19.53499984741211,19.860000610351562,11.260675430297852,1755356
2017-07-13,19.75,20.0,19.75,19.860000610351562,11.260675430297852,1232034
2017-07-14,19.94499969482422,20.0,19.69499969482422,19.844999313354492,11.252169609069824,1483438
2017-07-17,19.905000686645508,19.920000076293945,19.700000762939453,19.8700008392334,11.266347885131836,1597175
2017-07-18,19.8700008392334,20.145000457763672,19.825000762939453,19.934999465942383,11.303200721740723,1121925
2017-07-19,20.0049991607666,20.21500015258789,20.0049991607666,20.079999923706055,11.385415077209473,1929644
2017-07-20,20.139999389648438,20.149999618530273,19.80500030517578,19.969999313354492,11.32304573059082,1766709
2017-07-21,19.940000534057617,20.020000457763672,19.704999923706055,19.84000015258789,11.249336242675781,1652857
2017-07-24,19.895000457763672,19.93000030517578,19.614999771118164,19.700000762939453,11.169955253601074,4203994
2017-07-25,19.7549991607666,20.059999465942383,19.65999984741211,19.7450008392334,11.195472717285156,989329
2017-07-26,20.149999618530273,20.540000915527344,20.110000610351562,20.440000534057617,11.589537620544434,5161477
2017-07-27,20.559999465942383,20.565000534057617,20.1299991607666,20.280000686645508,11.498817443847656,4513416
2017-07-28,20.25,20.25,19.729999542236328,19.860000610351562,11.260675430297852,1149866
2017-07-31,19.8700008392334,20.094999313354492,19.844999313354492,20.010000228881836,11.345724105834961,1158025
2017-08-01,20.094999313354492,20.25,19.934999465942383,20.225000381469727,11.467630386352539,588785
2017-08-02,20.295000076293945,20.315000534057617,20.155000686645508,20.190000534057617,11.447786331176758,1228275
2017-08-03,20.229999542236328,20.385000228881836,20.104999542236328,20.375,11.552682876586914,634008
2017-08-04,20.375,20.645000457763672,20.30500030517578,20.594999313354492,11.677423477172852,678628
2017-08-07,20.610000610351562,20.610000610351562,20.350000381469727,20.469999313354492,11.606547355651855,584800
2017-08-08,20.4950008392334,20.614999771118164,20.450000762939453,20.575000762939453,11.666085243225098,726542
2017-08-09,20.540000915527344,20.625,20.364999771118164,20.514999389648438,11.632063865661621,1275551
2017-08-10,20.459999084472656,20.639999389648438,20.3700008392334,20.5,11.62355899810791,1389151
2017-08-11,20.385000228881836,20.475000381469727,20.190000534057617,20.200000762939453,11.453455924987793,690517
2017-08-14,20.329999923706055,20.700000762939453,20.235000610351562,20.604999542236328,11.683093070983887,571821
2017-08-15,20.69499969482422,20.809999465942383,20.614999771118164,20.625,11.69443416595459,391153
2017-08-16,20.729999542236328,20.875,20.6200008392334,20.81999969482422,11.804998397827148,531428
2017-08-17,20.809999465942383,21.0049991607666,20.739999771118164,20.8799991607666,11.839019775390625,615949
2017-08-18,20.655000686645508,20.7450008392334,20.549999237060547,20.635000228881836,11.700102806091309,706669
2017-08-21,20.635000228881836,20.729999542236328,20.524999618530273,20.674999237060547,11.722783088684082,1658320
2017-08-22,20.780000686645508,20.780000686645508,20.53499984741211,20.584999084472656,11.671751022338867,429479
2017-08-23,20.6200008392334,20.770000457763672,20.440000534057617,20.614999771118164,11.688762664794922,632293
2017-08-24,20.684999465942383,20.75,20.479999542236328,20.559999465942383,11.657578468322754,1167301
2017-08-25,20.56999969482422,20.56999969482422,20.405000686645508,20.440000534057617,11.589537620544434,616739
2017-08-28,20.520000457763672,20.520000457763672,20.325000762939453,20.395000457763672,11.564022064208984,316988
2017-08-29,20.334999084472656,20.545000076293945,20.225000381469727,20.5049991607666,11.626394271850586,915772
2017-08-30,20.520000457763672,20.559999465942383,20.260000228881836,20.260000228881836,11.48747730255127,983762
2017-08-31,20.329999923706055,20.420000076293945,20.239999771118164,20.264999389648438,11.490309715270996,1177315
2017-09-01,20.280000686645508,20.40999984741211,20.25,20.274999618530273,11.495984077453613,921899
2017-09-04,20.200000762939453,20.399999618530273,20.184999465942383,20.204999923706055,11.456291198730469,697229
2017-09-05,20.30500030517578,20.764999389648438,20.190000534057617,20.760000228881836,11.770978927612305,1368008
2017-09-06,20.645000457763672,20.950000762939453,20.549999237060547,20.7549991607666,11.768141746520996,1363344
2017-09-07,20.809999465942383,20.885000228881836,20.684999465942383,20.7450008392334,11.762474060058594,1789294
2017-09-08,20.700000762939453,20.725000381469727,20.514999389648438,20.56999969482422,11.663248062133789,11065544
2017-09-11,20.604999542236328,20.899999618530273,20.56999969482422,20.80500030517578,11.796493530273438,1247835
2017-09-12,20.809999465942383,20.8700008392334,20.645000457763672,20.725000381469727,11.75113296508789,680660
2017-09-13,20.635000228881836,20.65999984741211,20.405000686645508,20.485000610351562,11.615052223205566,1316203
2017-09-14,20.415000915527344,20.415000915527344,19.864999771118164,20.014999389648438,11.348559379577637,1961966
2017-09-15,20.010000228881836,20.170000076293945,19.905000686645508,20.1200008392334,11.408098220825195,1590362
2017-09-18,20.125,20.329999923706055,19.979999542236328,20.0049991607666,11.342890739440918,3042640
2017-09-19,19.985000610351562,20.209999084472656,19.93000030517578,20.155000686645508,11.427943229675293,1062407
2017-09-20,20.149999618530273,20.149999618530273,19.809999465942383,19.889999389648438,11.277685165405273,1467132
2017-09-21,19.885000228881836,19.905000686645508,19.53499984741211,19.59000015258789,11.107584953308105,1466214
2017-09-22,19.584999084472656,19.584999084472656,19.290000915527344,19.299999237060547,10.943154335021973,1607277
2017-09-25,19.325000762939453,19.485000610351562,19.264999389648438,19.450000762939453,11.028204917907715,1167256
2017-09-26,19.354999542236328,19.360000610351562,19.145000457763672,19.295000076293945,10.940320014953613,1288802
2017-09-27,19.229999542236328,19.280000686645508,19.145000457763672,19.225000381469727,10.900629043579102,1332454
2017-09-28,19.270000457763672,19.270000457763672,19.0,19.010000228881836,10.778724670410156,1296082
2017-09-29,19.0,19.110000610351562,18.934999465942383,19.075000762939453,10.81557846069336,1460041
2017-10-02,18.920000076293945,19.0,18.655000686645508,18.69499969482422,10.600116729736328,2364683
2017-10-03,18.739999771118164,18.770000457763672,18.530000686645508,18.739999771118164,10.62563419342041,1399456
2017-10-04,18.7549991607666,18.7549991607666,18.2549991607666,18.2549991607666,10.35063648223877,2270780
2017-10-05,18.350000381469727,18.8700008392334,18.299999237060547,18.799999237060547,10.659652709960938,3172243
2017-10-06,18.7549991607666,18.84000015258789,18.489999771118164,18.649999618530273,10.574603080749512,2165605
2017-10-09,18.739999771118164,19.030000686645508,18.704999923706055,18.959999084472656,10.750373840332031,1694854
2017-10-10,18.9950008392334,19.0,18.829999923706055,18.959999084472656,10.750373840332031,1221294
2017-10-11,19.5,19.639999389648438,19.295000076293945,19.43000030517578,11.016865730285645,3252298
2017-10-12,19.385000228881836,19.520000457763672,19.28499984741211,19.520000457763672,11.06789493560791,1279744
2017-10-13,19.614999771118164,19.78499984741211,19.479999542236328,19.780000686645508,11.215316772460938,1995645
2017-10-16,19.75,19.75,19.350000381469727,19.450000762939453,11.028204917907715,1015824
2017-10-17,19.3799991607666,19.424999237060547,19.299999237060547,19.30500030517578,10.945987701416016,1080868
2017-10-18,19.44499969482422,19.44499969482422,19.200000762939453,19.209999084472656,10.892126083374023,1070492
2017-10-19,19.200000762939453,19.209999084472656,19.010000228881836,19.100000381469727,10.829754829406738,1398876
2017-10-20,19.225000381469727,19.399999618530273,19.135000228881836,19.21500015258789,10.894960403442383,1339878
2017-10-23,19.170000076293945,19.235000610351562,19.049999237060547,19.110000610351562,10.835423469543457,1115233
2017-10-24,19.065000534057617,19.219999313354492,18.90999984741211,18.969999313354492,10.756041526794434,1211664
2017-10-25,18.899999618530273,18.989999771118164,18.635000228881836,18.690000534057617,10.597284317016602,1995556
2017-10-26,18.65999984741211,19.270000457763672,18.56999969482422,19.21500015258789,10.894960403442383,2251450
2017-10-27,19.200000762939453,19.350000381469727,18.94499969482422,19.06999969482422,10.812745094299316,2451711
2017-10-30,19.295000076293945,19.674999237060547,19.200000762939453,19.575000762939453,11.099079132080078,1711487
2017-10-31,19.774999618530273,19.864999771118164,19.639999389648438,19.649999618530273,11.14160442352295,1424001
2017-11-01,19.844999313354492,19.8799991607666,19.434999465942383,19.520000457763672,11.06789493560791,1709590
2017-11-02,19.540000915527344,19.594999313354492,19.290000915527344,19.3799991607666,10.988513946533203,1695059
2017-11-03,19.5,19.790000915527344,19.395000457763672,19.454999923706055,11.031037330627441,2037396
2017-11-06,19.4950008392334,19.530000686645508,19.274999618530273,19.40999984741211,11.005522727966309,2328852
2017-11-07,19.479999542236328,19.614999771118164,19.239999771118164,19.295000076293945,10.940320014953613,1463395
2017-11-08,19.360000610351562,19.489999771118164,19.03499984741211,19.18000030517578,10.875114440917969,2520085
2017-11-09,19.200000762939453,19.219999313354492,19.040000915527344,19.1200008392334,10.841093063354492,2279308
2017-11-10,19.149999618530273,19.149999618530273,18.899999618530273,18.9950008392334,10.770219802856445,1045100
2017-11-13,19.149999618530273,19.295000076293945,18.899999618530273,19.0,10.773053169250488,1916799
2017-11-14,19.0,19.15999984741211,18.799999237060547,18.825000762939453,10.673828125,4276196
2017-11-15,18.71500015258789,18.854999542236328,18.565000534057617,18.78499984741211,10.651147842407227,1303007
2017-11-16,18.850000381469727,19.149999618530273,18.795000076293945,18.829999923706055,10.676661491394043,1541061
2017-11-17,18.850000381469727,18.850000381469727,18.5049991607666,18.65999984741211,10.58027172088623,2143028
2017-11-20,18.69499969482422,18.69499969482422,18.469999313354492,18.5,10.489551544189453,3247503
2017-11-21,18.540000915527344,18.690000534057617,18.28499984741211,18.28499984741211,10.367646217346191,2719263
2017-11-22,18.334999084472656,18.940000534057617,18.309999465942383,18.844999313354492,10.685168266296387,3044468
2017-11-23,18.875,19.290000915527344,18.860000610351562,19.040000915527344,10.795733451843262,1753600
2017-11-24,19.155000686645508,19.25,18.770000457763672,18.78499984741211,10.651147842407227,2179510
2017-11-27,18.760000228881836,18.81999969482422,18.579999923706055,18.655000686645508,10.577438354492188,1533951
2017-11-28,18.690000534057617,18.979999542236328,18.635000228881836,18.81999969482422,10.670989990234375,1583246
2017-11-29,18.94499969482422,19.225000381469727,18.899999618530273,18.989999771118164,10.767382621765137,1709204
2017-11-30,19.0049991607666,19.184999465942383,18.735000610351562,18.735000610351562,10.622797012329102,5529585
2017-12-01,18.78499984741211,18.920000076293945,18.5,18.559999465942383,10.523571968078613,1544790
2017-12-04,18.65999984741211,18.854999542236328,18.549999237060547,18.809999465942383,10.665323257446289,969546
2017-12-05,18.825000762939453,18.975000381469727,18.739999771118164,18.875,10.702178001403809,1746208
2017-12-06,18.84000015258789,18.940000534057617,18.690000534057617,18.875,10.702178001403809,902662
2017-12-07,18.94499969482422,19.15999984741211,18.864999771118164,19.149999618530273,10.85810375213623,1155470
2017-12-08,19.200000762939453,19.25,19.040000915527344,19.100000381469727,10.829754829406738,2377665
2017-12-11,19.190000534057617,19.190000534057617,18.829999923706055,18.8799991607666,10.705012321472168,1439260
2017-12-12,18.940000534057617,19.010000228881836,18.799999237060547,18.854999542236328,10.690837860107422,1918703
2017-12-13,18.799999237060547,18.93000030517578,18.604999542236328,18.645000457763672,10.57176685333252,6783639
2017-12-14,18.665000915527344,18.7450008392334,18.40999984741211,18.40999984741211,10.438522338867188,1675336
2017-12-15,18.43000030517578,18.594999313354492,18.325000762939453,18.350000381469727,10.404500961303711,5913034
2017-12-18,18.510000228881836,18.729999542236328,18.469999313354492,18.665000915527344,10.583108901977539,3224276
2017-12-19,18.690000534057617,18.774999618530273,18.479999542236328,18.479999542236328,10.478211402893066,18090611
2017-12-20,18.575000762939453,18.600000381469727,18.315000534057617,18.575000762939453,10.532076835632324,7864989
2017-12-21,18.584999084472656,18.795000076293945,18.399999618530273,18.729999542236328,10.619963645935059,1787901
2017-12-22,18.600000381469727,18.959999084472656,18.514999389648438,18.959999084472656,10.750373840332031,1318846
2017-12-27,19.299999237060547,19.299999237060547,18.940000534057617,18.985000610351562,10.764549255371094,2632107
2017-12-28,18.375,18.375,17.725000381469727,17.895000457763672,10.534953117370605,2821041
2017-12-29,17.959999084472656,18.0049991607666,17.80500030517578,17.854999542236328,10.51140308380127,1488037
2018-01-02,18.0049991607666,18.020000457763672,17.674999237060547,17.764999389648438,10.458419799804688,11210363
2018-01-03,17.844999313354492,18.114999771118164,17.75,18.084999084472656,10.646805763244629,1984104
2018-01-04,18.09000015258789,18.364999771118164,18.040000915527344,18.30500030517578,10.776323318481445,1684548
2018-01-05,18.28499984741211,18.3700008392334,18.209999084472656,18.290000915527344,10.767491340637207,1726406
2018-01-08,18.3799991607666,18.395000457763672,18.125,18.125,10.670354843139648,968206
2018-01-09,18.174999237060547,18.3799991607666,18.100000381469727,18.299999237060547,10.773377418518066,2641715
2018-01-10,18.31999969482422,18.334999084472656,18.174999237060547,18.264999389648438,10.75277328491211,1862822
2018-01-11,18.299999237060547,18.3700008392334,18.184999465942383,18.200000762939453,10.714507102966309,1383039
2018-01-12,18.3700008392334,18.5,18.21500015258789,18.21500015258789,10.723339080810547,2248972
2018-01-15,18.360000610351562,18.59000015258789,18.360000610351562,18.475000381469727,10.876401901245117,4409881
2018-01-16,18.53499984741211,18.975000381469727,18.53499984741211,18.829999923706055,11.085392951965332,2841826
2018-01-17,18.795000076293945,18.834999084472656,18.68000030517578,18.760000228881836,11.044185638427734,2098522
2018-01-18,18.799999237060547,18.799999237060547,18.510000228881836,18.649999618530273,10.9794282913208,1147455
2018-01-19,18.649999618530273,18.655000686645508,18.479999542236328,18.540000915527344,10.914670944213867,2174671
2018-01-22,18.56999969482422,18.674999237060547,18.514999389648438,18.625,10.96470832824707,2188371
2018-01-23,18.700000762939453,18.844999313354492,18.635000228881836,18.795000076293945,11.064789772033691,3408517
2018-01-24,18.760000228881836,18.860000610351562,18.665000915527344,18.684999465942383,11.000031471252441,1362943
2018-01-25,18.700000762939453,18.795000076293945,18.55500030517578,18.614999771118164,10.958819389343262,1255381
2018-01-26,18.700000762939453,18.81999969482422,18.604999542236328,18.7549991607666,11.041242599487305,1075178
2018-01-29,18.670000076293945,18.670000076293945,18.125,18.149999618530273,10.685072898864746,3169931
2018-01-30,18.100000381469727,18.149999618530273,17.8799991607666,18.030000686645508,10.61442756652832,2217417
2018-01-31,18.0,18.21500015258789,17.915000915527344,18.100000381469727,10.655638694763184,2134608
2018-02-01,18.174999237060547,18.309999465942383,17.969999313354492,17.969999313354492,10.57910442352295,1383551
2018-02-02,17.969999313354492,17.969999313354492,17.399999618530273,17.510000228881836,10.308300018310547,2114905
2018-02-05,17.479999542236328,17.584999084472656,17.06999969482422,17.084999084472656,10.058096885681152,3176767
2018-02-06,16.600000381469727,16.8799991607666,16.329999923706055,16.69499969482422,9.828500747680664,4472468
2018-02-07,17.184999465942383,17.190000534057617,16.80500030517578,16.860000610351562,9.925638198852539,3894240
2018-02-08,16.850000381469727,16.975000381469727,16.614999771118164,16.950000762939453,9.978620529174805,5695897
2018-02-09,16.809999465942383,16.864999771118164,16.479999542236328,16.600000381469727,9.772573471069336,2617942
2018-02-12,17.079999923706055,17.225000381469727,16.9950008392334,17.139999389648438,10.090476036071777,2452958
2018-02-13,17.155000686645508,17.155000686645508,16.825000762939453,16.844999313354492,9.9168062210083,1768592
2018-02-14,16.899999618530273,17.125,16.860000610351562,16.93000030517578,9.966846466064453,2386690
2018-02-15,17.024999618530273,17.075000762939453,16.700000762939453,17.045000076293945,10.03454875946045,1608061
2018-02-16,17.149999618530273,17.184999465942383,17.020000457763672,17.110000610351562,10.072813987731934,1155282
2018-02-19,17.149999618530273,17.155000686645508,16.924999237060547,17.030000686645508,10.025718688964844,1075873
2018-02-20,17.03499984741211,17.309999465942383,17.020000457763672,17.290000915527344,10.178783416748047,1082293
2018-02-21,17.309999465942383,17.309999465942383,16.985000610351562,17.014999389648438,10.016887664794922,1257717
2018-02-22,16.950000762939453,17.2549991607666,16.829999923706055,17.209999084472656,10.131685256958008,927797
2018-02-23,17.229999542236328,17.600000381469727,17.104999542236328,17.600000381469727,10.361283302307129,1291080
2018-02-26,17.68000030517578,17.700000762939453,17.440000534057617,17.674999237060547,10.405433654785156,984179
2018-02-27,17.7450008392334,17.7450008392334,17.489999771118164,17.6299991607666,10.378941535949707,1304080
2018-02-28,17.549999237060547,17.780000686645508,17.260000228881836,17.299999237060547,10.184669494628906,3186489
2018-03-01,17.274999618530273,17.415000915527344,17.1299991607666,17.40999984741211,10.249427795410156,2901235
2018-03-02,17.280000686645508,17.44499969482422,17.15999984741211,17.2450008392334,10.152291297912598,1477888
2018-03-05,17.21500015258789,17.625,17.149999618530273,17.575000762939453,10.346565246582031,1213895
2018-03-06,17.684999465942383,17.700000762939453,17.225000381469727,17.364999771118164,10.22293472290039,1381863
2018-03-07,17.274999618530273,17.44499969482422,17.235000610351562,17.375,10.228822708129883,1416469
2018-03-08,17.149999618530273,17.46500015258789,16.545000076293945,17.34000015258789,10.208218574523926,2482486
2018-03-09,17.360000610351562,17.545000076293945,17.334999084472656,17.43000030517578,10.261200904846191,1128558
2018-03-12,17.540000915527344,17.649999618530273,17.485000610351562,17.5049991607666,10.305355072021484,1936319
2018-03-13,17.549999237060547,17.684999465942383,17.420000076293945,17.450000762939453,10.272976875305176,1760628
2018-03-14,17.530000686645508,17.75,17.434999465942383,17.665000915527344,10.399548530578613,2772983
2018-03-15,17.69499969482422,17.719999313354492,17.450000762939453,17.559999465942383,10.337733268737793,2547527
2018-03-16,17.5,17.735000610351562,17.5,17.56999969482422,10.343620300292969,1480613
2018-03-19,17.549999237060547,17.549999237060547,17.325000762939453,17.389999389648438,10.237653732299805,1373097
2018-03-20,17.31999969482422,17.405000686645508,17.229999542236328,17.30500030517578,10.187613487243652,1177322
2018-03-21,17.344999313354492,17.454999923706055,17.260000228881836,17.290000915527344,10.178783416748047,772164
2018-03-22,17.229999542236328,17.389999389648438,17.100000381469727,17.19499969482422,10.122854232788086,1653001
2018-03-23,17.100000381469727,17.2450008392334,17.024999618530273,17.114999771118164,10.075758934020996,1875747
2018-03-26,17.21500015258789,17.31999969482422,17.1299991607666,17.219999313354492,10.1375732421875,688955
2018-03-27,17.415000915527344,17.594999313354492,17.290000915527344,17.594999313354492,10.358338356018066,7691645
2018-03-28,17.53499984741211,18.05500030517578,17.415000915527344,18.05500030517578,10.629144668579102,1446651
2018-03-29,18.1200008392334,18.145000457763672,17.829999923706055,17.885000228881836,10.529064178466797,1192930
2018-04-03,17.80500030517578,18.020000457763672,17.735000610351562,17.854999542236328,10.51140308380127,1758273
2018-04-04,17.899999618530273,17.985000610351562,17.739999771118164,17.924999237060547,10.5526123046875,1467451
2018-04-05,18.100000381469727,18.100000381469727,17.920000076293945,18.024999618530273,10.611482620239258,1304839
2018-04-06,18.040000915527344,18.094999313354492,17.885000228881836,17.989999771118164,10.590880393981934,1138440
2018-04-09,18.100000381469727,18.149999618530273,17.975000381469727,18.0,10.596765518188477,993963
2018-04-10,18.104999542236328,18.174999237060547,17.854999542236328,18.030000686645508,10.61442756652832,1557463
2018-04-11,18.040000915527344,18.040000915527344,17.8799991607666,17.899999618530273,10.537895202636719,991827
2018-04-12,17.825000762939453,18.03499984741211,17.6200008392334,18.03499984741211,10.617372512817383,2048648
2018-04-13,18.014999389648438,18.540000915527344,17.94499969482422,18.489999771118164,10.885232925415039,3336969
2018-04-16,18.5,18.53499984741211,18.229999542236328,18.325000762939453,10.788098335266113,2338347
2018-04-17,18.415000915527344,18.584999084472656,18.299999237060547,18.565000534057617,10.929387092590332,2992264
2018-04-18,18.59000015258789,18.75,18.510000228881836,18.68000030517578,10.997090339660645,1437038
2018-04-19,18.69499969482422,18.71500015258789,18.540000915527344,18.604999542236328,10.952933311462402,1555229
2018-04-20,18.899999618530273,18.924999237060547,18.68000030517578,18.809999465942383,11.07361888885498,1374356
2018-04-23,18.834999084472656,18.899999618530273,18.665000915527344,18.8799991607666,11.114829063415527,1277583
2018-04-24,18.90999984741211,19.110000610351562,18.770000457763672,18.90999984741211,11.132491111755371,1415799
2018-04-25,18.854999542236328,19.079999923706055,18.854999542236328,19.030000686645508,11.20313549041748,1301657
2018-04-26,19.06999969482422,19.28499984741211,19.049999237060547,19.274999618530273,11.347371101379395,1342888
2018-04-27,19.299999237060547,19.385000228881836,19.184999465942383,19.309999465942383,11.367973327636719,792539
2018-04-30,19.375,19.469999313354492,19.25,19.3700008392334,11.403299331665039,1295929
2018-05-02,19.299999237060547,19.625,19.290000915527344,19.625,11.553420066833496,1879866
2018-05-03,19.600000381469727,19.7450008392334,19.5049991607666,19.540000915527344,11.503378868103027,1179260
2018-05-04,19.600000381469727,19.68000030517578,19.44499969482422,19.68000030517578,11.585797309875488,1225176
2018-05-07,19.68000030517578,19.739999771118164,19.584999084472656,19.670000076293945,11.579909324645996,696697
2018-05-08,19.770000457763672,19.950000762939453,19.229999542236328,19.649999618530273,11.568136215209961,3524714
2018-05-09,19.700000762939453,19.760000228881836,19.450000762939453,19.469999313354492,11.462166786193848,2217327
2018-05-10,19.559999465942383,19.579999923706055,19.354999542236328,19.459999084472656,11.456281661987305,2036822
2018-05-11,19.479999542236328,19.549999237060547,19.385000228881836,19.459999084472656,11.456281661987305,1448721
2018-05-14,19.549999237060547,19.674999237060547,19.524999618530273,19.610000610351562,11.544589042663574,1597355
2018-05-15,19.604999542236328,19.7549991607666,19.565000534057617,19.729999542236328,11.615234375,1115313
2018-05-16,19.950000762939453,19.979999542236328,19.524999618530273,19.649999618530273,11.568136215209961,2178663
2018-05-17,19.674999237060547,19.920000076293945,19.649999618530273,19.920000076293945,11.72708797454834,1385098
2018-05-18,19.950000762939453,20.0,19.760000228881836,19.969999313354492,11.756524085998535,1561202
2018-05-21,20.0,20.18000030517578,19.90999984741211,19.940000534057617,11.738863945007324,1008822
2018-05-22,19.93000030517578,20.049999237060547,19.834999084472656,20.020000457763672,11.785959243774414,847096
2018-05-23,20.020000457763672,20.030000686645508,19.8799991607666,19.950000762939453,11.744749069213867,3212952
2018-05-24,19.975000381469727,20.040000915527344,19.875,19.90999984741211,11.721199989318848,1885566
2018-05-25,19.959999084472656,20.010000228881836,19.104999542236328,19.354999542236328,11.394465446472168,2862778
2018-05-28,19.34000015258789,19.549999237060547,19.15999984741211,19.184999465942383,11.294386863708496,1255364
2018-05-29,19.1299991607666,19.2450008392334,18.604999542236328,18.975000381469727,11.170758247375488,2062487
2018-05-30,18.969999313354492,19.15999984741211,18.899999618530273,19.05500030517578,11.217854499816895,1891374
2018-05-31,19.1200008392334,19.149999618530273,18.65999984741211,18.844999313354492,11.094225883483887,2342392
2018-06-01,18.864999771118164,19.155000686645508,18.844999313354492,19.0049991607666,11.1884183883667,1908090
2018-06-04,19.1299991607666,19.4950008392334,19.100000381469727,19.260000228881836,11.338539123535156,1569360
2018-06-05,19.204999923706055,19.2549991607666,18.975000381469727,18.975000381469727,11.170758247375488,1640578
2018-06-06,19.065000534057617,19.209999084472656,18.920000076293945,19.0,11.18547534942627,1523842
2018-06-07,19.114999771118164,19.28499984741211,19.020000457763672,19.280000686645508,11.35031509399414,1141806
2018-06-08,19.295000076293945,19.299999237060547,19.0,19.014999389648438,11.194306373596191,3659394
2018-06-11,19.174999237060547,19.21500015258789,18.93000030517578,19.100000381469727,11.244348526000977,1619583
2018-06-12,19.19499969482422,19.385000228881836,19.075000762939453,19.28499984741211,11.353259086608887,4291338
2018-06-13,19.315000534057617,19.315000534057617,18.989999771118164,19.1200008392334,11.256120681762695,4434878
2018-06-14,19.06999969482422,19.56999969482422,19.0,19.5049991607666,11.48277473449707,2213325
2018-06-15,19.549999237060547,19.665000915527344,19.350000381469727,19.485000610351562,11.471000671386719,2909336
2018-06-18,19.540000915527344,19.540000915527344,19.135000228881836,19.264999389648438,11.341480255126953,6574023
2018-06-19,19.149999618530273,19.489999771118164,19.05500030517578,19.395000457763672,11.41801643371582,3942057
2018-06-20,19.524999618530273,19.760000228881836,19.5049991607666,19.600000381469727,11.538702964782715,2626032
2018-06-21,19.649999618530273,19.690000534057617,19.219999313354492,19.229999542236328,11.320878028869629,5519143
2018-06-22,19.399999618530273,19.424999237060547,19.235000610351562,19.424999237060547,11.435678482055664,24378781
2018-06-25,19.424999237060547,19.450000762939453,19.30500030517578,19.30500030517578,11.365030288696289,6019599
2018-06-26,19.450000762939453,19.690000534057617,19.34000015258789,19.475000381469727,11.46511459350586,5794816
2018-06-27,19.514999389648438,19.825000762939453,19.475000381469727,19.75,11.627008438110352,3052395
2018-06-28,19.09000015258789,19.229999542236328,18.795000076293945,18.885000228881836,11.515421867370605,1819023
2018-06-29,18.93000030517578,19.139999389648438,18.770000457763672,18.895000457763672,11.52151870727539,26611815
2018-07-02,18.770000457763672,19.114999771118164,18.7450008392334,19.075000762939453,11.63127613067627,6836937
2018-07-03,19.100000381469727,19.43000030517578,19.045000076293945,19.344999313354492,11.795910835266113,3019569
2018-07-04,19.315000534057617,19.739999771118164,19.315000534057617,19.665000915527344,11.991037368774414,9550757
2018-07-05,19.690000534057617,19.809999465942383,19.55500030517578,19.809999465942383,12.079453468322754,4749732
2018-07-06,19.829999923706055,20.049999237060547,19.7450008392334,19.950000762939453,12.16482162475586,3060790
2018-07-09,19.950000762939453,20.09000015258789,19.825000762939453,19.969999313354492,12.177016258239746,8081541
2018-07-10,19.934999465942383,20.1200008392334,19.809999465942383,20.020000457763672,12.207504272460938,5381214
2018-07-11,19.889999389648438,20.1200008392334,19.8700008392334,19.94499969482422,12.161768913269043,2534027
2018-07-12,20.0,20.100000381469727,19.93000030517578,20.100000381469727,12.256285667419434,1373805
2018-07-13,20.1200008392334,20.15999984741211,19.725000381469727,19.764999389648438,12.052013397216797,1331978
2018-07-16,19.7450008392334,19.860000610351562,19.71500015258789,19.71500015258789,12.021525382995605,913117
2018-07-17,19.700000762939453,19.959999084472656,19.665000915527344,19.954999923706055,12.16787052154541,2127710
2018-07-18,19.979999542236328,19.989999771118164,19.780000686645508,19.8700008392334,12.11603832244873,911890
2018-07-19,19.84000015258789,19.84000015258789,19.584999084472656,19.65999984741211,11.987988471984863,1369322
2018-07-20,19.565000534057617,19.725000381469727,19.459999084472656,19.690000534057617,12.006281852722168,1356016
2018-07-23,19.614999771118164,19.7549991607666,19.5,19.575000762939453,11.936158180236816,2832448
2018-07-24,19.709999084472656,19.75,19.260000228881836,19.3700008392334,11.811158180236816,1974421
2018-07-25,19.3799991607666,19.6200008392334,19.30500030517578,19.510000228881836,11.896523475646973,1422560
2018-07-26,19.565000534057617,19.684999465942383,19.454999923706055,19.584999084472656,11.942255020141602,826215
2018-07-27,19.600000381469727,19.829999923706055,19.565000534057617,19.825000762939453,12.08859920501709,1391789
2018-07-30,19.780000686645508,19.96500015258789,19.610000610351562,19.735000610351562,12.033720016479492,1025932
2018-07-31,19.75,19.834999084472656,19.700000762939453,19.780000686645508,12.06116008758545,1124759
2018-08-01,19.7450008392334,19.885000228881836,19.625,19.68000030517578,12.000185012817383,890474
2018-08-02,19.6299991607666,19.75,19.559999465942383,19.639999389648438,11.975794792175293,2341235
2018-08-03,19.625,19.69499969482422,19.510000228881836,19.655000686645508,11.984940528869629,803157
2018-08-06,19.69499969482422,19.829999923706055,19.645000457763672,19.764999389648438,12.052013397216797,867483
2018-08-07,19.735000610351562,19.885000228881836,19.735000610351562,19.790000915527344,12.06725788116455,645103
2018-08-08,19.75,19.78499984741211,19.565000534057617,19.7450008392334,12.039820671081543,962413
2018-08-09,19.690000534057617,19.770000457763672,19.604999542236328,19.719999313354492,12.024574279785156,735190
2018-08-10,19.600000381469727,19.780000686645508,19.59000015258789,19.635000228881836,11.972744941711426,1069040
2018-08-13,19.6299991607666,19.7549991607666,19.514999389648438,19.7450008392334,12.039820671081543,516087
2018-08-14,19.81999969482422,19.850000381469727,19.709999084472656,19.7450008392334,12.039820671081543,878627
2018-08-15,19.75,19.7549991607666,19.454999923706055,19.575000762939453,11.936158180236816,618621
2018-08-16,19.579999923706055,19.639999389648438,19.469999313354492,19.549999237060547,11.920913696289062,773248
2018-08-17,19.559999465942383,19.674999237060547,19.475000381469727,19.625,11.966646194458008,690784
2018-08-20,19.65999984741211,19.7549991607666,19.46500015258789,19.524999618530273,11.905667304992676,782327
2018-08-21,19.520000457763672,19.684999465942383,19.4950008392334,19.545000076293945,11.917868614196777,697477
2018-08-22,19.540000915527344,19.71500015258789,19.5,19.600000381469727,11.951404571533203,843556
2018-08-23,19.600000381469727,19.690000534057617,19.514999389648438,19.575000762939453,11.936158180236816,609440
2018-08-24,19.530000686645508,19.639999389648438,19.5049991607666,19.59000015258789,11.945306777954102,789162
2018-08-27,19.65999984741211,19.65999984741211,19.53499984741211,19.614999771118164,11.960549354553223,540085
2018-08-28,19.635000228881836,19.729999542236328,19.549999237060547,19.59000015258789,11.945306777954102,573906
2018-08-29,19.635000228881836,19.690000534057617,19.520000457763672,19.614999771118164,11.960549354553223,588370
2018-08-30,19.584999084472656,19.649999618530273,19.299999237060547,19.420000076293945,11.841641426086426,1102337
2018-08-31,19.31999969482422,19.389999389648438,19.190000534057617,19.290000915527344,11.76237678527832,1396440
2018-09-03,19.2549991607666,19.354999542236328,19.174999237060547,19.19499969482422,11.704447746276855,819943
2018-09-04,19.260000228881836,19.325000762939453,19.145000457763672,19.31999969482422,11.780669212341309,1286357
2018-09-05,19.30500030517578,19.479999542236328,19.2549991607666,19.375,11.81420612335205,1096014
2018-09-06,19.415000915527344,19.545000076293945,19.329999923706055,19.420000076293945,11.841641426086426,1804226
2018-09-07,19.3799991607666,19.434999465942383,19.079999923706055,19.209999084472656,11.713591575622559,801523
2018-09-10,19.200000762939453,19.389999389648438,19.165000915527344,19.280000686645508,11.756278991699219,836640
2018-09-11,19.28499984741211,19.299999237060547,19.0,19.170000076293945,11.689203262329102,1057948
2018-09-12,19.094999313354492,19.139999389648438,18.834999084472656,18.850000381469727,11.494077682495117,4225214
2018-09-13,18.850000381469727,19.010000228881836,18.75,18.790000915527344,11.457491874694824,883590
2018-09-14,18.770000457763672,18.81999969482422,18.739999771118164,18.795000076293945,11.460540771484375,755312
2018-09-17,18.80500030517578,19.084999084472656,18.799999237060547,19.020000457763672,11.597739219665527,2164790
2018-09-18,18.985000610351562,19.110000610351562,18.670000076293945,18.825000762939453,11.47883415222168,1778207
2018-09-19,18.854999542236328,18.915000915527344,18.645000457763672,18.739999771118164,11.427003860473633,1250702
2018-09-21,18.719999313354492,18.989999771118164,18.645000457763672,18.649999618530273,11.372124671936035,2643871
2018-09-24,18.639999389648438,18.809999465942383,18.364999771118164,18.40999984741211,11.225781440734863,1457366
2018-09-25,18.405000686645508,18.520000457763672,18.334999084472656,18.360000610351562,11.195293426513672,1205879
2018-09-26,18.3799991607666,18.579999923706055,18.329999923706055,18.549999237060547,11.311149597167969,2402332
2018-09-27,18.4950008392334,18.68000030517578,18.315000534057617,18.670000076293945,11.384319305419922,1192605
2018-09-28,18.674999237060547,18.674999237060547,18.434999465942383,18.610000610351562,11.347733497619629,1043875
2018-10-01,18.690000534057617,18.790000915527344,18.5,18.5,11.280660629272461,1560184
2018-10-02,18.524999618530273,18.674999237060547,18.415000915527344,18.674999237060547,11.387370109558105,1177693
2018-10-03,18.674999237060547,18.8700008392334,18.639999389648438,18.725000381469727,11.417859077453613,911273
2018-10-04,18.65999984741211,18.7450008392334,18.40999984741211,18.514999389648438,11.289807319641113,1540106
2018-10-05,18.520000457763672,18.7450008392334,18.5,18.735000610351562,11.423956871032715,1334458
2018-10-08,18.6299991607666,18.725000381469727,18.594999313354492,18.700000762939453,11.402615547180176,972450
2018-10-09,18.75,18.954999923706055,18.684999465942383,18.954999923706055,11.558103561401367,1298930
2018-10-10,18.959999084472656,18.959999084472656,18.795000076293945,18.815000534057617,11.472737312316895,1048067
2018-10-11,18.575000762939453,18.725000381469727,17.969999313354492,17.969999313354492,10.957483291625977,4909825
2018-10-12,18.1200008392334,18.15999984741211,17.225000381469727,17.25,10.518453598022461,2600977
2018-10-15,17.25,17.399999618530273,17.149999618530273,17.31999969482422,10.561136245727539,2166084
2018-10-16,17.399999618530273,17.959999084472656,17.389999389648438,17.934999465942383,10.936142921447754,2451162
2018-10-17,17.975000381469727,18.049999237060547,17.809999465942383,18.030000686645508,10.994071006774902,1431076
2018-10-18,17.979999542236328,18.3799991607666,17.979999542236328,18.209999084472656,11.103828430175781,1807130
2018-10-19,18.200000762939453,18.459999084472656,18.079999923706055,18.350000381469727,11.189197540283203,1515106
2018-10-22,18.530000686645508,18.674999237060547,18.375,18.395000457763672,11.216633796691895,1044451
2018-10-23,18.260000228881836,18.639999389648438,18.200000762939453,18.3799991607666,11.207487106323242,1068645
2018-10-24,18.450000762939453,18.774999618530273,18.354999542236328,18.43000030517578,11.23797607421875,1166390
2018-10-25,18.350000381469727,18.475000381469727,18.260000228881836,18.450000762939453,11.250170707702637,1288313
2018-10-26,18.399999618530273,18.459999084472656,18.2549991607666,18.459999084472656,11.256268501281738,1365205
2018-10-29,18.415000915527344,18.645000457763672,18.415000915527344,18.540000915527344,11.3050537109375,822904
2018-10-30,18.610000610351562,18.815000534057617,18.4950008392334,18.56999969482422,11.323343276977539,1369148
2018-10-31,18.670000076293945,18.75,18.2450008392334,18.479999542236328,11.268465042114258,1353815
2018-11-01,18.479999542236328,18.600000381469727,18.3700008392334,18.475000381469727,11.265414237976074,1038169
2018-11-02,18.6200008392334,18.645000457763672,18.40999984741211,18.520000457763672,11.292856216430664,1351506
2018-11-05,18.520000457763672,18.7450008392334,18.520000457763672,18.684999465942383,11.39346694946289,835005
2018-11-06,18.850000381469727,19.184999465942383,18.684999465942383,19.184999465942383,11.69835090637207,1995393
2018-11-07,19.200000762939453,19.59000015258789,19.18000030517578,19.59000015258789,11.945306777954102,2755359
2018-11-08,19.520000457763672,19.864999771118164,19.520000457763672,19.790000915527344,12.06725788116455,1773557
2018-11-09,19.7549991607666,19.920000076293945,19.604999542236328,19.850000381469727,12.103843688964844,1329876
2018-11-12,19.84000015258789,19.885000228881836,19.684999465942383,19.825000762939453,12.08859920501709,865566
2018-11-13,19.78499984741211,19.989999771118164,19.78499984741211,19.975000381469727,12.18006420135498,1961734
2018-11-14,19.915000915527344,20.079999923706055,19.7450008392334,20.020000457763672,12.207504272460938,1824493
2018-11-15,20.06999969482422,20.239999771118164,19.975000381469727,20.0,12.195307731628418,1952399
2018-11-16,20.049999237060547,20.1299991607666,19.924999237060547,20.040000915527344,12.219700813293457,1638392
2018-11-19,20.100000381469727,20.329999923706055,20.09000015258789,20.219999313354492,12.329458236694336,1150028
2018-11-20,20.219999313354492,20.360000610351562,20.1299991607666,20.270000457763672,12.359945297241211,1532639
2018-11-21,20.299999237060547,20.350000381469727,19.520000457763672,19.735000610351562,12.033720016479492,2067424
2018-11-22,19.690000534057617,19.93000030517578,19.584999084472656,19.725000381469727,12.02762222290039,914445
2018-11-23,19.704999923706055,19.815000534057617,19.610000610351562,19.700000762939453,12.012378692626953,1223815
2018-11-26,19.780000686645508,19.959999084472656,19.7549991607666,19.959999084472656,12.170917510986328,2990832
2018-11-27,20.0,20.25,19.875,20.059999465942383,12.231895446777344,1390417
2018-11-28,20.059999465942383,20.190000534057617,19.354999542236328,19.969999313354492,12.177016258239746,3086646
2018-11-29,20.020000457763672,20.149999618530273,19.645000457763672,19.645000457763672,11.978843688964844,1078767
2018-11-30,19.65999984741211,19.760000228881836,19.575000762939453,19.68000030517578,12.000185012817383,1634685
2018-12-03,20.0,20.0,19.760000228881836,19.864999771118164,12.112990379333496,969123
2018-12-04,19.920000076293945,20.079999923706055,19.885000228881836,20.079999923706055,12.244089126586914,888087
2018-12-05,19.920000076293945,20.139999389648438,19.850000381469727,20.139999389648438,12.280675888061523,690967
2018-12-06,20.059999465942383,20.200000762939453,19.889999389648438,20.049999237060547,12.22579574584961,1623618
2018-12-07,20.100000381469727,20.299999237060547,20.09000015258789,20.200000762939453,12.3172607421875,1065503
2018-12-10,20.200000762939453,20.350000381469727,20.15999984741211,20.15999984741211,12.292872428894043,1754770
2018-12-11,20.209999084472656,20.700000762939453,20.15999984741211,20.59000015258789,12.555068969726562,3479457
2018-12-12,20.670000076293945,21.0,20.649999618530273,20.8700008392334,12.72580623626709,1782102
2018-12-13,20.959999084472656,21.200000762939453,20.75,21.1200008392334,12.878249168395996,1735868
2018-12-14,21.18000030517578,21.280000686645508,21.0,21.06999969482422,12.847758293151855,3303558
2018-12-17,20.969999313354492,21.309999465942383,20.959999084472656,21.110000610351562,12.872149467468262,1956792
2018-12-18,21.06999969482422,21.139999389648438,20.639999389648438,20.889999389648438,12.737997055053711,3576317
2018-12-19,20.850000381469727,21.209999084472656,20.850000381469727,21.1299991607666,12.884345054626465,2615156
2018-12-20,20.93000030517578,21.219999313354492,20.889999389648438,21.079999923706055,12.853856086730957,3168140
2018-12-21,21.100000381469727,21.190000534057617,20.75,21.079999923706055,12.853856086730957,3192072
2018-12-24,21.049999237060547,21.280000686645508,20.989999771118164,21.270000457763672,12.969711303710938,386837
2018-12-27,21.3799991607666,21.389999389648438,20.190000534057617,20.420000076293945,12.451409339904785,2213118
2018-12-28,19.940000534057617,19.975000381469727,19.719999313354492,19.924999237060547,12.580849647521973,1091380
2018-12-31,19.950000762939453,20.459999084472656,19.94499969482422,20.1299991607666,12.710289001464844,804379
2019-01-02,19.93000030517578,20.110000610351562,19.719999313354492,20.06999969482422,12.672403335571289,3456660
2019-01-03,19.954999923706055,20.309999465942383,19.934999465942383,20.1299991607666,12.710289001464844,6395564
2019-01-04,20.239999771118164,20.350000381469727,20.149999618530273,20.200000762939453,12.754486083984375,992239
2019-01-07,20.219999313354492,20.270000457763672,20.06999969482422,20.270000457763672,12.798686027526855,2345981
2019-01-08,20.209999084472656,20.43000030517578,20.200000762939453,20.3799991607666,12.86814022064209,3144538
2019-01-09,20.440000534057617,20.450000762939453,20.020000457763672,20.100000381469727,12.691346168518066,2808956
2019-01-10,20.100000381469727,20.56999969482422,20.100000381469727,20.56999969482422,12.98810863494873,1746570
2019-01-11,20.530000686645508,20.68000030517578,20.34000015258789,20.5,12.943909645080566,1493691
2019-01-14,20.350000381469727,20.639999389648438,20.31999969482422,20.6200008392334,13.019681930541992,1254953
2019-01-15,20.649999618530273,20.850000381469727,20.579999923706055,20.850000381469727,13.164904594421387,1409128
2019-01-16,20.790000915527344,20.84000015258789,20.510000228881836,20.670000076293945,13.051249504089355,1442853
2019-01-17,20.65999984741211,21.0,20.639999389648438,20.93000030517578,13.21541976928711,1053334
2019-01-18,20.989999771118164,21.190000534057617,20.889999389648438,21.139999389648438,13.348012924194336,1281973
2019-01-21,21.149999618530273,21.15999984741211,20.969999313354492,21.079999923706055,13.310128211975098,553032
2019-01-22,21.040000915527344,21.290000915527344,21.040000915527344,21.209999084472656,13.392210960388184,3137692
2019-01-23,21.190000534057617,21.399999618530273,21.1200008392334,21.399999618530273,13.512177467346191,2215645
2019-01-24,21.360000610351562,21.579999923706055,21.360000610351562,21.559999465942383,13.61320686340332,1477344
2019-01-25,21.59000015258789,21.649999618530273,21.270000457763672,21.329999923706055,13.467979431152344,1182897
2019-01-28,21.209999084472656,21.3700008392334,21.139999389648438,21.239999771118164,13.411153793334961,822915
2019-01-29,21.270000457763672,21.649999618530273,21.270000457763672,21.6200008392334,13.651090621948242,1588086
2019-01-30,21.579999923706055,21.65999984741211,21.489999771118164,21.549999237060547,13.606888771057129,1323640
2019-01-31,21.56999969482422,21.84000015258789,21.56999969482422,21.81999969482422,13.777371406555176,2091135
2019-02-01,21.850000381469727,21.8799991607666,21.579999923706055,21.739999771118164,13.726858139038086,1000944
2019-02-04,21.6299991607666,21.84000015258789,21.559999465942383,21.790000915527344,13.758430480957031,1466547
2019-02-05,21.75,21.989999771118164,21.639999389648438,21.989999771118164,13.884713172912598,1365932
2019-02-06,21.940000534057617,22.09000015258789,21.84000015258789,21.940000534057617,13.853142738342285,1613311
2019-02-07,21.860000610351562,21.989999771118164,21.729999542236328,21.860000610351562,13.802629470825195,755087
2019-02-08,21.75,21.81999969482422,21.530000686645508,21.700000762939453,13.7016019821167,857879
2019-02-11,21.639999389648438,21.81999969482422,21.520000457763672,21.739999771118164,13.726858139038086,964406
2019-02-12,21.799999237060547,22.079999923706055,21.739999771118164,21.899999618530273,13.827882766723633,1260831
2019-02-13,21.8700008392334,21.959999084472656,21.530000686645508,21.68000030517578,13.688973426818848,1173454
2019-02-14,21.75,21.889999389648438,21.670000076293945,21.799999237060547,13.764741897583008,1436532
2019-02-15,21.799999237060547,21.799999237060547,21.34000015258789,21.510000228881836,13.581634521484375,1602833
2019-02-18,21.479999542236328,21.700000762939453,21.450000762939453,21.700000762939453,13.7016019821167,1001737
2019-02-19,21.670000076293945,21.739999771118164,21.59000015258789,21.649999618530273,13.67003059387207,776179
2019-02-20,21.670000076293945,21.969999313354492,21.6299991607666,21.8700008392334,13.808943748474121,1064083
2019-02-21,21.90999984741211,22.139999389648438,21.700000762939453,21.889999389648438,13.821569442749023,1141893
2019-02-22,21.8799991607666,22.0,21.760000228881836,22.0,13.891024589538574,971790
2019-02-25,22.0,22.059999465942383,21.8700008392334,22.020000457763672,13.903655052185059,1311868
2019-02-26,21.899999618530273,22.049999237060547,21.889999389648438,22.010000228881836,13.8973388671875,1575759
2019-02-27,22.09000015258789,22.3799991607666,21.809999465942383,21.809999465942383,13.7710599899292,1673978
2019-02-28,21.799999237060547,22.170000076293945,21.799999237060547,22.149999618530273,13.985736846923828,1203236
2019-03-01,22.190000534057617,22.290000915527344,21.8799991607666,21.920000076293945,13.8405122756958,2008288
2019-03-04,21.959999084472656,22.049999237060547,21.81999969482422,21.889999389648438,13.821569442749023,855824
2019-03-05,21.84000015258789,21.920000076293945,21.65999984741211,21.809999465942383,13.7710599899292,1216941
2019-03-06,21.860000610351562,21.959999084472656,21.719999313354492,21.90999984741211,13.834198951721191,756797
2019-03-07,21.950000762939453,22.639999389648438,21.950000762939453,22.6299991607666,14.288814544677734,1521453
2019-03-08,22.459999084472656,22.899999618530273,22.389999389648438,22.56999969482422,14.250929832458496,1230904
2019-03-11,22.56999969482422,22.610000610351562,22.260000228881836,22.510000228881836,14.213044166564941,1023175
2019-03-12,22.549999237060547,22.780000686645508,22.420000076293945,22.780000686645508,14.383525848388672,936068
2019-03-13,22.56999969482422,22.729999542236328,22.479999542236328,22.540000915527344,14.231985092163086,1186821
2019-03-14,22.610000610351562,22.700000762939453,22.469999313354492,22.56999969482422,14.250929832458496,895327
2019-03-15,22.579999923706055,22.719999313354492,22.43000030517578,22.559999465942383,14.244616508483887,2142829
2019-03-18,22.5,22.739999771118164,22.479999542236328,22.739999771118164,14.358266830444336,1053385
2019-03-19,22.760000228881836,23.020000457763672,22.68000030517578,22.899999618530273,14.459298133850098,1678112
2019-03-20,22.84000015258789,22.989999771118164,22.780000686645508,22.8799991607666,14.446664810180664,1264004
2019-03-21,22.829999923706055,22.989999771118164,22.790000915527344,22.93000030517578,14.478238105773926,670317
2019-03-22,22.950000762939453,23.170000076293945,22.829999923706055,23.139999389648438,14.610832214355469,2671948
2019-03-25,22.959999084472656,23.149999618530273,22.959999084472656,23.100000381469727,14.585578918457031,1306360
2019-03-26,23.190000534057617,23.299999237060547,22.850000381469727,22.969999313354492,14.503495216369629,1001940
2019-03-27,22.790000915527344,23.079999923706055,22.5,23.020000457763672,14.535064697265625,1254222
2019-03-28,22.899999618530273,23.1299991607666,22.790000915527344,22.790000915527344,14.389839172363281,1262269
2019-03-29,22.850000381469727,22.979999542236328,22.700000762939453,22.739999771118164,14.358266830444336,1482409
2019-04-01,22.920000076293945,22.950000762939453,22.6299991607666,22.690000534057617,14.326698303222656,1095299
2019-04-02,22.739999771118164,22.81999969482422,22.6299991607666,22.639999389648438,14.295126914978027,1170883
2019-04-03,22.75,22.75,22.420000076293945,22.639999389648438,14.295126914978027,1372322
2019-04-04,22.670000076293945,23.020000457763672,22.670000076293945,22.799999237060547,14.39615249633789,1111112
2019-04-05,22.81999969482422,22.860000610351562,22.579999923706055,22.709999084472656,14.339326858520508,981698
2019-04-08,22.719999313354492,22.850000381469727,22.68000030517578,22.68000030517578,14.32038688659668,1367924
2019-04-09,22.670000076293945,22.850000381469727,22.549999237060547,22.829999923706055,14.415096282958984,1096897
2019-04-10,22.829999923706055,22.920000076293945,22.729999542236328,22.829999923706055,14.415096282958984,1723959
2019-04-11,22.899999618530273,22.899999618530273,22.440000534057617,22.549999237060547,14.238301277160645,926682
2019-04-12,22.549999237060547,22.6299991607666,22.170000076293945,22.209999084472656,14.02362060546875,1299732
2019-04-15,22.209999084472656,22.299999237060547,22.110000610351562,22.270000457763672,14.061506271362305,949910
2019-04-16,22.209999084472656,22.280000686645508,21.8799991607666,21.940000534057617,13.853142738342285,1329408
2019-04-17,21.860000610351562,21.969999313354492,21.56999969482422,21.790000915527344,13.758430480957031,2449666
2019-04-18,21.790000915527344,21.969999313354492,21.65999984741211,21.920000076293945,13.8405122756958,2127865
2019-04-23,21.920000076293945,22.030000686645508,21.829999923706055,21.8700008392334,13.808943748474121,755366
2019-04-24,21.989999771118164,22.049999237060547,21.610000610351562,21.969999313354492,13.872081756591797,968860
2019-04-25,21.979999542236328,22.43000030517578,21.979999542236328,22.309999465942383,14.086763381958008,1370709
2019-04-26,22.309999465942383,22.420000076293945,22.030000686645508,22.309999465942383,14.086763381958008,699004
2019-04-29,22.139999389648438,22.18000030517578,21.940000534057617,22.1299991607666,13.973106384277344,754961
2019-04-30,22.09000015258789,22.309999465942383,21.889999389648438,22.209999084472656,14.02362060546875,1278964
2019-05-02,22.18000030517578,22.260000228881836,21.93000030517578,22.0,13.891024589538574,1460536
2019-05-03,22.06999969482422,22.420000076293945,21.979999542236328,22.290000915527344,14.07413387298584,976495
2019-05-06,22.139999389648438,22.559999465942383,22.139999389648438,22.469999313354492,14.187788963317871,672809
2019-05-07,22.399999618530273,22.65999984741211,22.229999542236328,22.43000030517578,14.162531852722168,1129628
2019-05-08,22.219999313354492,22.260000228881836,21.899999618530273,21.899999618530273,13.827882766723633,1529799
2019-05-09,21.899999618530273,22.030000686645508,21.729999542236328,21.799999237060547,13.764741897583008,1427211
2019-05-10,21.860000610351562,22.360000610351562,21.739999771118164,22.270000457763672,14.061506271362305,1146922
2019-05-13,22.299999237060547,22.450000762939453,22.1299991607666,22.389999389648438,14.137272834777832,934798
2019-05-14,22.440000534057617,22.450000762939453,22.209999084472656,22.229999542236328,14.036248207092285,959988
2019-05-15,22.15999984741211,22.6200008392334,22.09000015258789,22.59000015258789,14.263555526733398,1226562
2019-05-16,22.649999618530273,22.889999389648438,22.59000015258789,22.709999084472656,14.339326858520508,932545
2019-05-17,22.760000228881836,22.860000610351562,22.68000030517578,22.790000915527344,14.389839172363281,969526
2019-05-20,22.8700008392334,23.100000381469727,22.700000762939453,22.809999465942383,14.402466773986816,1483310
2019-05-21,22.81999969482422,23.020000457763672,22.649999618530273,22.770000457763672,14.37721061706543,752764
2019-05-22,22.739999771118164,23.0,22.68000030517578,22.950000762939453,14.490865707397461,594924
2019-05-23,22.8799991607666,23.020000457763672,22.56999969482422,22.56999969482422,14.250929832458496,1135701
2019-05-24,22.700000762939453,23.030000686645508,22.6200008392334,22.950000762939453,14.490865707397461,1236799
2019-05-27,23.010000228881836,23.31999969482422,22.979999542236328,23.010000228881836,14.528749465942383,404061
2019-05-28,23.059999465942383,23.1200008392334,22.8700008392334,22.889999389648438,14.452980041503906,1430597
2019-05-29,22.809999465942383,22.850000381469727,22.440000534057617,22.459999084472656,14.181474685668945,1121462
2019-05-30,22.459999084472656,22.65999984741211,22.350000381469727,22.469999313354492,14.187788963317871,592080
2019-05-31,22.469999313354492,22.549999237060547,22.049999237060547,22.309999465942383,14.086763381958008,1262336
2019-06-03,22.18000030517578,22.440000534057617,22.15999984741211,22.40999984741211,14.149904251098633,822184
2019-06-04,22.31999969482422,22.459999084472656,22.239999771118164,22.309999465942383,14.086763381958008,1265557
2019-06-05,22.479999542236328,22.760000228881836,22.3700008392334,22.760000228881836,14.37089729309082,2049800
2019-06-06,22.81999969482422,23.299999237060547,22.780000686645508,23.149999618530273,14.617146492004395,1644533
2019-06-07,23.149999618530273,23.579999923706055,23.1200008392334,23.579999923706055,14.888650894165039,1032991
2019-06-10,23.579999923706055,23.600000381469727,23.209999084472656,23.34000015258789,14.737114906311035,520419
2019-06-11,23.34000015258789,23.420000076293945,23.219999313354492,23.3700008392334,14.756056785583496,659434
2019-06-12,23.25,23.68000030517578,23.25,23.600000381469727,14.90128231048584,1231857
2019-06-13,23.579999923706055,24.1200008392334,23.579999923706055,23.8799991607666,15.078076362609863,1168287
2019-06-14,23.829999923706055,23.950000762939453,23.670000076293945,23.790000915527344,15.021247863769531,2932313
2019-06-17,23.799999237060547,23.8799991607666,23.459999084472656,23.5,14.838142395019531,2207975
2019-06-18,23.530000686645508,23.959999084472656,23.40999984741211,23.889999389648438,15.084390640258789,1660396
2019-06-19,23.950000762939453,23.950000762939453,23.450000762939453,23.579999923706055,14.888650894165039,10327842
2019-06-20,23.770000457763672,23.93000030517578,23.530000686645508,23.59000015258789,14.894969940185547,14743857
2019-06-21,23.649999618530273,23.84000015258789,23.579999923706055,23.770000457763672,15.008620262145996,7634038
2019-06-24,23.850000381469727,23.899999618530273,23.399999618530273,23.709999084472656,14.970734596252441,5997573
2019-06-25,23.649999618530273,23.93000030517578,23.610000610351562,23.6200008392334,14.913910865783691,6140621
2019-06-26,23.6299991607666,23.6299991607666,23.360000610351562,23.5,14.838142395019531,1390565
2019-06-27,23.5,23.530000686645508,23.299999237060547,23.43000030517578,14.79394245147705,2075730
2019-06-28,23.0,23.010000228881836,22.43000030517578,22.610000610351562,14.733341217041016,1728657
2019-07-01,22.639999389648438,22.90999984741211,22.290000915527344,22.770000457763672,14.837600708007812,2318907
2019-07-02,22.829999923706055,23.229999542236328,22.709999084472656,23.229999542236328,15.137346267700195,1823858
2019-07-03,23.34000015258789,23.559999465942383,23.309999465942383,23.459999084472656,15.287223815917969,9555984
2019-07-04,23.420000076293945,23.440000534057617,23.229999542236328,23.299999237060547,15.182962417602539,14007588
2019-07-05,23.25,23.450000762939453,22.729999542236328,22.950000762939453,14.954895973205566,6890881
2019-07-08,22.790000915527344,22.940000534057617,22.559999465942383,22.860000610351562,14.896247863769531,5917077
2019-07-09,22.829999923706055,23.110000610351562,22.829999923706055,22.959999084472656,14.961410522460938,7505476
2019-07-10,22.860000610351562,23.0,22.610000610351562,22.920000076293945,14.935344696044922,1178383
2019-07-11,22.799999237060547,22.989999771118164,22.729999542236328,22.760000228881836,14.831087112426758,1151058
2019-07-12,22.709999084472656,22.719999313354492,22.389999389648438,22.559999465942383,14.700758934020996,1076557
2019-07-15,22.5,22.719999313354492,22.450000762939453,22.600000381469727,14.726823806762695,1078072
2019-07-16,22.600000381469727,22.649999618530273,22.420000076293945,22.540000915527344,14.687726974487305,992161
2019-07-17,22.559999465942383,22.950000762939453,22.549999237060547,22.809999465942383,14.863663673400879,1900184
2019-07-18,22.690000534057617,23.079999923706055,22.65999984741211,23.049999237060547,15.020058631896973,1170157
2019-07-19,23.100000381469727,23.139999389648438,22.850000381469727,22.90999984741211,14.92883014678955,816502
2019-07-22,22.850000381469727,23.139999389648438,22.75,23.139999389648438,15.078702926635742,1096943
2019-07-23,23.149999618530273,23.170000076293945,22.729999542236328,22.889999389648438,14.915794372558594,976024
2019-07-24,22.899999618530273,23.170000076293945,22.75,22.84000015258789,14.88321304321289,1999781
2019-07-25,22.809999465942383,23.209999084472656,22.700000762939453,22.860000610351562,14.896247863769531,1009367
2019-07-26,22.969999313354492,22.969999313354492,22.56999969482422,22.610000610351562,14.733341217041016,897964
2019-07-29,22.559999465942383,22.719999313354492,22.489999771118164,22.549999237060547,14.694242477416992,726812
2019-07-30,22.600000381469727,22.600000381469727,22.1200008392334,22.190000534057617,14.459656715393066,1859984
2019-07-31,22.09000015258789,22.350000381469727,21.889999389648438,22.350000381469727,14.563915252685547,1300789
2019-08-01,22.15999984741211,22.709999084472656,22.15999984741211,22.68000030517578,14.778956413269043,710131
2019-08-02,22.549999237060547,22.90999984741211,22.5,22.700000762939453,14.791987419128418,1066732
2019-08-05,22.940000534057617,23.09000015258789,22.59000015258789,22.700000762939453,14.791987419128418,934247
2019-08-06,22.670000076293945,22.959999084472656,22.670000076293945,22.709999084472656,14.798502922058105,1111752
2019-08-07,22.84000015258789,23.06999969482422,22.809999465942383,22.829999923706055,14.876699447631836,2425094
2019-08-08,22.90999984741211,23.06999969482422,22.860000610351562,23.010000228881836,14.99399185180664,764160
2019-08-09,23.040000915527344,23.06999969482422,22.889999389648438,23.049999237060547,15.020058631896973,1517305
2019-08-12,23.06999969482422,23.15999984741211,22.950000762939453,23.09000015258789,15.046119689941406,485233
2019-08-13,23.06999969482422,23.219999313354492,23.020000457763672,23.09000015258789,15.046119689941406,887014
2019-08-14,23.06999969482422,23.229999542236328,22.729999542236328,23.030000686645508,15.007024765014648,836239
2019-08-15,23.0,23.209999084472656,22.920000076293945,23.15999984741211,15.091736793518066,827485
2019-08-16,23.200000762939453,23.579999923706055,23.170000076293945,23.450000762939453,15.280710220336914,1432867
2019-08-19,23.56999969482422,23.56999969482422,23.25,23.530000686645508,15.33283805847168,651776
2019-08-20,23.489999771118164,23.559999465942383,23.239999771118164,23.25,15.150382041931152,2549514
2019-08-21,23.309999465942383,23.43000030517578,23.15999984741211,23.31999969482422,15.195996284484863,481241
2019-08-22,23.290000915527344,23.40999984741211,22.969999313354492,22.969999313354492,14.967926979064941,954060
2019-08-23,23.059999465942383,23.270000457763672,23.0,23.06999969482422,15.033089637756348,1845652
2019-08-26,23.010000228881836,23.110000610351562,22.940000534057617,23.09000015258789,15.046119689941406,306086
2019-08-27,23.079999923706055,23.520000457763672,23.079999923706055,23.440000534057617,15.274191856384277,1154950
2019-08-28,23.420000076293945,23.549999237060547,23.260000228881836,23.5,15.313292503356934,600483
2019-08-29,23.3799991607666,23.68000030517578,23.3799991607666,23.43000030517578,15.267678260803223,467217
2019-08-30,23.459999084472656,23.649999618530273,23.3700008392334,23.3700008392334,15.228577613830566,652550
2019-09-02,23.399999618530273,23.690000534057617,23.360000610351562,23.6200008392334,15.391487121582031,366061
2019-09-03,23.56999969482422,23.760000228881836,23.520000457763672,23.6299991607666,15.398002624511719,987274
2019-09-04,23.649999618530273,23.860000610351562,23.610000610351562,23.850000381469727,15.541360855102539,954146
2019-09-05,23.889999389648438,23.90999984741211,23.639999389648438,23.709999084472656,15.4501314163208,957073
2019-09-06,23.690000534057617,23.729999542236328,23.469999313354492,23.600000381469727,15.378453254699707,1349125
2019-09-09,23.600000381469727,23.729999542236328,23.299999237060547,23.3700008392334,15.228577613830566,950707
2019-09-10,23.350000381469727,23.489999771118164,22.959999084472656,23.43000030517578,15.267678260803223,1279339
2019-09-11,23.5,23.5,22.889999389648438,23.3799991607666,15.235093116760254,1041860
2019-09-12,23.399999618530273,23.860000610351562,23.34000015258789,23.559999465942383,15.352386474609375,927710
2019-09-13,23.469999313354492,23.530000686645508,23.309999465942383,23.389999389648438,15.241609573364258,776312
2019-09-16,23.329999923706055,23.450000762939453,23.260000228881836,23.280000686645508,15.16993236541748,829949
2019-09-17,23.239999771118164,23.530000686645508,23.15999984741211,23.530000686645508,15.33283805847168,939788
2019-09-18,23.469999313354492,23.690000534057617,23.3700008392334,23.610000610351562,15.384968757629395,1144839
2019-09-19,23.68000030517578,23.739999771118164,23.469999313354492,23.6200008392334,15.391487121582031,803114
2019-09-20,23.639999389648438,23.84000015258789,23.56999969482422,23.59000015258789,15.371938705444336,2346394
2019-09-23,23.649999618530273,23.889999389648438,23.59000015258789,23.709999084472656,15.4501314163208,683014
2019-09-24,23.760000228881836,23.940000534057617,23.639999389648438,23.940000534057617,15.60000991821289,610686
2019-09-25,23.93000030517578,23.969999313354492,23.520000457763672,23.530000686645508,15.33283805847168,886771
2019-09-26,23.559999465942383,24.149999618530273,23.559999465942383,24.010000228881836,15.645624160766602,806839
2019-09-27,23.90999984741211,24.0,23.610000610351562,23.850000381469727,15.541360855102539,921264
2019-09-30,23.889999389648438,24.139999389648438,23.81999969482422,24.139999389648438,15.730335235595703,1046350
2019-10-01,24.200000762939453,24.200000762939453,23.760000228881836,23.889999389648438,15.567427635192871,877766
2019-10-02,23.90999984741211,23.940000534057617,23.469999313354492,23.469999313354492,15.293740272521973,2149209
2019-10-03,23.459999084472656,23.760000228881836,23.389999389648438,23.549999237060547,15.345871925354004,708760
2019-10-04,23.540000915527344,23.860000610351562,23.350000381469727,23.809999465942383,15.515295028686523,1223500
2019-10-07,23.75,23.969999313354492,23.739999771118164,23.8799991607666,15.560908317565918,836774
2019-10-08,23.989999771118164,23.989999771118164,23.6200008392334,23.6200008392334,15.391487121582031,1070461
2019-10-09,23.700000762939453,23.790000915527344,23.549999237060547,23.75,15.4761962890625,1568287
2019-10-10,23.81999969482422,23.81999969482422,23.43000030517578,23.479999542236328,15.300257682800293,1052878
2019-10-11,23.6299991607666,23.6299991607666,23.350000381469727,23.5,15.313292503356934,1078751
2019-10-14,23.450000762939453,23.610000610351562,23.3799991607666,23.389999389648438,15.241609573364258,698028
2019-10-15,23.440000534057617,23.600000381469727,23.399999618530273,23.559999465942383,15.352386474609375,930585
2019-10-16,23.540000915527344,23.68000030517578,23.350000381469727,23.440000534057617,15.274191856384277,966229
2019-10-17,23.5,23.670000076293945,23.389999389648438,23.389999389648438,15.241609573364258,1312051
2019-10-18,23.420000076293945,23.68000030517578,23.31999969482422,23.68000030517578,15.430582046508789,746809
2019-10-21,23.68000030517578,23.719999313354492,23.360000610351562,23.56999969482422,15.358903884887695,775876
2019-10-22,23.5,23.719999313354492,23.450000762939453,23.649999618530273,15.411035537719727,543978
2019-10-23,23.59000015258789,23.799999237060547,23.5,23.799999237060547,15.508779525756836,920147
2019-10-24,23.809999465942383,24.079999923706055,23.729999542236328,24.040000915527344,15.665169715881348,990338
2019-10-25,23.989999771118164,24.09000015258789,23.860000610351562,23.90999984741211,15.580459594726562,652058
2019-10-28,23.850000381469727,23.860000610351562,23.690000534057617,23.829999923706055,15.528326988220215,793390
2019-10-29,23.75,23.8799991607666,23.6299991607666,23.850000381469727,15.541360855102539,726440
2019-10-30,23.899999618530273,24.170000076293945,23.81999969482422,24.139999389648438,15.730335235595703,686382
2019-10-31,24.1200008392334,24.510000228881836,24.1200008392334,24.399999618530273,15.899757385253906,1274185
2019-11-01,24.40999984741211,24.440000534057617,23.969999313354492,24.25,15.802013397216797,761744
2019-11-04,24.329999923706055,24.469999313354492,24.219999313354492,24.270000457763672,15.815043449401855,975491
2019-11-05,24.200000762939453,24.260000228881836,23.709999084472656,24.06999969482422,15.684720039367676,1832226
2019-11-06,23.93000030517578,24.100000381469727,23.719999313354492,24.030000686645508,15.65865421295166,1094680
2019-11-07,24.059999465942383,24.149999618530273,23.6299991607666,23.65999984741211,15.417553901672363,1159589
2019-11-08,23.649999618530273,24.0,23.639999389648438,23.90999984741211,15.580459594726562,1088921
2019-11-11,23.860000610351562,23.959999084472656,23.770000457763672,23.899999618530273,15.573939323425293,877953
2019-11-12,23.8799991607666,23.950000762939453,23.700000762939453,23.75,15.4761962890625,1066373
2019-11-13,23.709999084472656,23.899999618530273,23.350000381469727,23.68000030517578,15.430582046508789,1250357
2019-11-14,23.799999237060547,23.920000076293945,23.389999389648438,23.40999984741211,15.254643440246582,827171
2019-11-15,23.40999984741211,23.829999923706055,23.399999618530273,23.690000534057617,15.43709945678711,1974893
2019-11-18,23.690000534057617,24.239999771118164,23.6200008392334,24.190000534057617,15.76291561126709,1359338
2019-11-19,24.100000381469727,24.5,24.100000381469727,24.350000381469727,15.86717700958252,1163049
2019-11-20,24.31999969482422,24.43000030517578,24.219999313354492,24.309999465942383,15.841111183166504,992381
2019-11-21,24.280000686645508,24.450000762939453,24.139999389648438,24.25,15.802013397216797,909898
2019-11-22,24.190000534057617,24.450000762939453,24.1299991607666,24.209999084472656,15.775943756103516,734539
2019-11-25,24.350000381469727,24.75,24.229999542236328,24.6200008392334,16.043113708496094,1714013
2019-11-26,24.600000381469727,24.600000381469727,24.299999237060547,24.3700008392334,15.880210876464844,4721076
2019-11-27,24.600000381469727,24.670000076293945,24.40999984741211,24.559999465942383,16.004018783569336,1435436
2019-11-28,24.670000076293945,24.920000076293945,24.600000381469727,24.700000762939453,16.095245361328125,1363708
2019-11-29,24.700000762939453,24.790000915527344,24.540000915527344,24.68000030517578,16.082216262817383,996096
2019-12-02,24.780000686645508,24.780000686645508,23.8799991607666,23.93000030517578,15.593491554260254,1330341
2019-12-03,23.989999771118164,24.15999984741211,23.84000015258789,23.959999084472656,15.61303997039795,2582283
2019-12-04,24.0,24.309999465942383,23.899999618530273,24.229999542236328,15.788981437683105,940818
2019-12-05,24.229999542236328,24.420000076293945,24.15999984741211,24.170000076293945,15.749879837036133,1184563
2019-12-06,24.219999313354492,24.399999618530273,24.100000381469727,24.34000015258789,15.860657691955566,717838
2019-12-09,24.299999237060547,24.3700008392334,24.139999389648438,24.280000686645508,15.82155990600586,1695904
2019-12-10,24.270000457763672,24.34000015258789,24.030000686645508,24.239999771118164,15.79549789428711,3042852
2019-12-11,24.229999542236328,24.389999389648438,24.170000076293945,24.290000915527344,15.828079223632812,1245109
2019-12-12,24.389999389648438,24.479999542236328,24.139999389648438,24.139999389648438,15.730335235595703,1665173
2019-12-13,24.299999237060547,24.350000381469727,24.100000381469727,24.280000686645508,15.82155990600586,1165491
2019-12-16,24.43000030517578,24.649999618530273,24.40999984741211,24.600000381469727,16.03008460998535,1312562
2019-12-17,24.649999618530273,24.75,24.469999313354492,24.549999237060547,15.997499465942383,1239599
2019-12-18,24.600000381469727,24.75,24.3799991607666,24.3799991607666,15.88672161102295,1026549
2019-12-19,24.469999313354492,24.549999237060547,24.3799991607666,24.5,15.964920997619629,3646569
2019-12-20,24.6299991607666,24.8700008392334,24.530000686645508,24.8700008392334,16.206024169921875,4255165
2019-12-23,24.8799991607666,25.139999389648438,24.75,25.139999389648438,16.3819637298584,1319845
2019-12-24,25.1299991607666,25.25,24.969999313354492,25.200000762939453,16.42106056213379,371930
2019-12-25,25.200000762939453,25.200000762939453,25.200000762939453,25.200000762939453,16.42106056213379,0
2019-12-27,25.440000534057617,25.56999969482422,25.260000228881836,25.489999771118164,16.610031127929688,1988617
2019-12-30,24.81999969482422,24.850000381469727,24.299999237060547,24.3700008392334,16.328622817993164,962327
2019-12-31,24.200000762939453,24.200000762939453,23.729999542236328,23.790000915527344,15.940004348754883,676458
2020-01-02,23.8799991607666,24.010000228881836,23.690000534057617,23.8700008392334,15.993608474731445,3459980
2020-01-03,23.829999923706055,23.860000610351562,23.600000381469727,23.81999969482422,15.960104942321777,4841282
2020-01-06,23.690000534057617,23.799999237060547,23.56999969482422,23.670000076293945,15.859601020812988,719575
2020-01-07,23.649999618530273,23.670000076293945,23.110000610351562,23.170000076293945,15.524588584899902,1241182
2020-01-08,23.100000381469727,23.149999618530273,22.8700008392334,23.0,15.41068172454834,1323236
2020-01-09,23.030000686645508,23.290000915527344,22.989999771118164,23.209999084472656,15.551383972167969,1706519
2020-01-10,23.290000915527344,23.6200008392334,23.209999084472656,23.5,15.745696067810059,784962
2020-01-13,23.559999465942383,23.59000015258789,23.420000076293945,23.56999969482422,15.792597770690918,955669
2020-01-14,23.540000915527344,23.639999389648438,23.280000686645508,23.639999389648438,15.839496612548828,1126070
2020-01-15,23.600000381469727,23.8700008392334,23.350000381469727,23.81999969482422,15.960104942321777,2376018
2020-01-16,23.850000381469727,24.219999313354492,23.790000915527344,24.149999618530273,16.181215286254883,1223826
2020-01-17,24.200000762939453,24.75,24.200000762939453,24.549999237060547,16.4492244720459,1264283
2020-01-20,24.610000610351562,24.649999618530273,24.420000076293945,24.639999389648438,16.509531021118164,595386
2020-01-21,24.520000457763672,24.520000457763672,24.260000228881836,24.350000381469727,16.315221786499023,806886
2020-01-22,24.360000610351562,24.559999465942383,24.360000610351562,24.389999389648438,16.342021942138672,1174276
2020-01-23,24.40999984741211,24.65999984741211,24.329999923706055,24.520000457763672,16.42912483215332,746347
2020-01-24,24.579999923706055,24.690000534057617,24.399999618530273,24.649999618530273,16.51622772216797,994522
2020-01-27,24.3700008392334,24.549999237060547,24.219999313354492,24.219999313354492,16.22811508178711,1023518
2020-01-28,24.219999313354492,24.65999984741211,24.219999313354492,24.6299991607666,16.502826690673828,1935679
2020-01-29,24.670000076293945,24.90999984741211,24.600000381469727,24.780000686645508,16.60333251953125,1162152
2020-01-30,24.690000534057617,24.950000762939453,24.65999984741211,24.809999465942383,16.623432159423828,974080
2020-01-31,24.81999969482422,24.90999984741211,24.579999923706055,24.770000457763672,16.59663200378418,922132
2020-02-03,24.790000915527344,24.920000076293945,24.700000762939453,24.760000228881836,16.589933395385742,973021
2020-02-04,24.75,24.850000381469727,24.579999923706055,24.6299991607666,16.502826690673828,1021840
2020-02-05,24.579999923706055,24.850000381469727,24.239999771118164,24.84000015258789,16.64353370666504,980370
2020-02-06,24.809999465942383,25.06999969482422,24.729999542236328,25.06999969482422,16.797639846801758,1324846
2020-02-07,25.0,25.200000762939453,24.920000076293945,24.989999771118164,16.74403953552246,879086
2020-02-10,25.030000686645508,25.079999923706055,24.860000610351562,25.0,16.75074005126953,452387
2020-02-11,25.149999618530273,25.18000030517578,24.8799991607666,25.110000610351562,16.824443817138672,1636458
2020-02-12,25.079999923706055,25.209999084472656,24.8700008392334,25.020000457763672,16.764141082763672,734829
2020-02-13,24.969999313354492,25.139999389648438,24.780000686645508,24.979999542236328,16.737340927124023,811528
2020-02-14,25.06999969482422,25.219999313354492,25.020000457763672,25.100000381469727,16.817747116088867,1048196
2020-02-17,25.219999313354492,25.459999084472656,25.09000015258789,25.459999084472656,17.05895233154297,1105066
2020-02-18,25.360000610351562,25.709999084472656,25.360000610351562,25.709999084472656,17.226459503173828,1107555
2020-02-19,25.739999771118164,26.260000228881836,25.670000076293945,26.1200008392334,17.501171112060547,1428587
2020-02-20,25.780000686645508,26.06999969482422,25.770000457763672,25.81999969482422,17.300161361694336,1177025
2020-02-21,25.790000915527344,26.040000915527344,25.75,25.84000015258789,17.313568115234375,877033
2020-02-24,25.219999313354492,25.440000534057617,24.860000610351562,25.079999923706055,16.80434226989746,1951498
2020-02-25,24.600000381469727,25.280000686645508,24.559999465942383,24.59000015258789,16.47602653503418,1803921
2020-02-26,24.440000534057617,24.889999389648438,24.079999923706055,24.68000030517578,16.536331176757812,1748084
2020-02-27,24.510000228881836,24.899999618530273,24.0,24.0,16.080707550048828,1788987
2020-02-28,23.690000534057617,23.700000762939453,22.8799991607666,23.229999542236328,15.564784049987793,3655916
2020-03-02,23.59000015258789,23.860000610351562,23.139999389648438,23.510000228881836,15.752396583557129,1912402
2020-03-03,24.15999984741211,24.270000457763672,23.799999237060547,23.950000762939453,16.047208786010742,4394602
2020-03-04,24.010000228881836,24.3700008392334,23.809999465942383,24.3700008392334,16.328622817993164,1862334
2020-03-05,24.479999542236328,24.5,24.030000686645508,24.219999313354492,16.22811508178711,1593686
2020-03-06,24.0,24.06999969482422,23.100000381469727,23.209999084472656,15.551383972167969,2188926
2020-03-09,21.920000076293945,22.59000015258789,21.450000762939453,21.450000762939453,14.3721342086792,2519414
2020-03-10,21.600000381469727,21.809999465942383,20.399999618530273,20.399999618530273,13.66860294342041,3330832
2020-03-11,20.520000457763672,20.850000381469727,20.020000457763672,20.09000015258789,13.460896492004395,1946036
2020-03-12,19.125,19.40999984741211,16.81999969482422,16.889999389648438,11.316798210144043,3632853
2020-03-13,17.274999618530273,18.584999084472656,16.780000686645508,17.084999084472656,11.447454452514648,2493652
2020-03-16,16.5,16.6200008392334,15.265000343322754,15.5,10.385458946228027,4291949
2020-03-17,16.260000228881836,16.479999542236328,15.125,16.049999237060547,10.753974914550781,2452094
2020-03-18,16.450000762939453,16.5,14.770000457763672,16.079999923706055,10.774076461791992,2985237
2020-03-19,16.459999084472656,16.829999923706055,15.9399995803833,16.399999618530273,10.988484382629395,1956908
2020-03-20,16.950000762939453,17.290000915527344,16.5049991607666,17.09000015258789,11.4508056640625,2579539
2020-03-23,17.0,17.09000015258789,16.135000228881836,16.7450008392334,11.219644546508789,1509415
2020-03-24,17.200000762939453,17.69499969482422,16.80500030517578,17.584999084472656,11.78246784210205,1313890
2020-03-25,18.139999389648438,18.764999389648438,17.454999923706055,18.209999084472656,12.201237678527832,1578140
2020-03-26,18.05500030517578,19.46500015258789,17.725000381469727,19.30500030517578,12.934918403625488,1386991
2020-03-27,19.440000534057617,19.899999618530273,18.674999237060547,19.375,12.98182487487793,1771880
2020-03-30,19.3700008392334,19.5,18.079999923706055,19.389999389648438,12.991873741149902,1973088
2020-03-31,19.565000534057617,19.860000610351562,19.06999969482422,19.469999313354492,13.045475006103516,1356168
2020-04-01,19.200000762939453,19.415000915527344,18.735000610351562,18.979999542236328,12.717162132263184,1009358
2020-04-02,18.8799991607666,19.2450008392334,18.299999237060547,18.889999389648438,12.656858444213867,1451944
2020-04-03,18.969999313354492,18.985000610351562,18.44499969482422,18.44499969482422,12.358695030212402,1281016
2020-04-06,19.0,19.065000534057617,18.459999084472656,18.475000381469727,12.378795623779297,1179212
2020-04-07,19.040000915527344,19.625,18.719999313354492,18.875,12.646808624267578,1832587
2020-04-08,19.135000228881836,19.2450008392334,18.530000686645508,18.735000610351562,12.553006172180176,1238045
2020-04-09,19.040000915527344,19.920000076293945,18.780000686645508,19.920000076293945,13.346989631652832,1153633
2020-04-14,20.479999542236328,20.479999542236328,19.334999084472656,19.645000457763672,13.162732124328613,2253087
2020-04-15,19.55500030517578,19.799999237060547,19.3700008392334,19.520000457763672,13.078977584838867,1360058
2020-04-16,19.520000457763672,19.729999542236328,19.309999465942383,19.350000381469727,12.965073585510254,1352528
2020-04-17,19.725000381469727,19.729999542236328,19.155000686645508,19.545000076293945,13.095728874206543,1425632
2020-04-20,19.649999618530273,19.649999618530273,19.350000381469727,19.5049991607666,13.068923950195312,707522
2020-04-21,19.405000686645508,19.59000015258789,19.15999984741211,19.239999771118164,12.891368865966797,835867
2020-04-22,19.40999984741211,19.649999618530273,19.2450008392334,19.565000534057617,13.109128952026367,3294019
2020-04-23,19.649999618530273,19.75,19.31999969482422,19.31999969482422,12.94497299194336,1094004
2020-04-24,19.299999237060547,19.549999237060547,18.81999969482422,19.530000686645508,13.085678100585938,1067903
2020-04-27,19.81999969482422,19.81999969482422,19.084999084472656,19.299999237060547,12.931571960449219,798325
2020-04-28,19.5,19.985000610351562,19.235000610351562,19.90999984741211,13.340288162231445,1642925
2020-04-29,19.770000457763672,20.559999465942383,19.540000915527344,20.299999237060547,13.601598739624023,998165
2020-04-30,20.739999771118164,20.770000457763672,20.25,20.25,13.568098068237305,1552054
2020-05-04,19.75,20.059999465942383,19.514999389648438,19.549999237060547,13.099078178405762,1094186
2020-05-05,21.0,21.0,20.239999771118164,20.239999771118164,13.56139850616455,1102381
2020-05-06,20.200000762939453,20.43000030517578,20.049999237060547,20.139999389648438,13.494396209716797,2188205
2020-05-07,20.1200008392334,20.290000915527344,20.059999465942383,20.06999969482422,13.447492599487305,646347
2020-05-08,20.290000915527344,20.360000610351562,20.100000381469727,20.280000686645508,13.588201522827148,650324
2020-05-11,20.329999923706055,20.459999084472656,20.209999084472656,20.239999771118164,13.56139850616455,711618
2020-05-12,20.229999542236328,20.709999084472656,20.229999542236328,20.559999465942383,13.775808334350586,1476413
2020-05-13,20.450000762939453,21.049999237060547,20.34000015258789,20.719999313354492,13.883012771606445,1009255
2020-05-14,20.610000610351562,20.81999969482422,19.899999618530273,20.1200008392334,13.480995178222656,1073026
2020-05-15,20.469999313354492,20.469999313354492,19.920000076293945,19.920000076293945,13.346989631652832,789736
2020-05-18,20.280000686645508,20.549999237060547,20.170000076293945,20.399999618530273,13.66860294342041,629562
2020-05-19,20.649999618530273,20.649999618530273,19.84000015258789,20.06999969482422,13.447492599487305,1501366
2020-05-20,20.049999237060547,20.40999984741211,19.934999465942383,20.34000015258789,13.628400802612305,1281605
2020-05-21,20.18000030517578,20.65999984741211,20.100000381469727,20.43000030517578,13.688704490661621,1120286
2020-05-22,20.299999237060547,20.360000610351562,20.09000015258789,20.239999771118164,13.56139850616455,2235965
2020-05-25,20.350000381469727,20.520000457763672,20.239999771118164,20.520000457763672,13.749008178710938,435904
2020-05-26,20.65999984741211,20.940000534057617,20.520000457763672,20.719999313354492,13.883012771606445,1771423
2020-05-27,20.75,21.270000457763672,20.729999542236328,21.110000610351562,14.14432430267334,1596550
2020-05-28,21.25,21.760000228881836,21.030000686645508,21.670000076293945,14.519542694091797,1553504
2020-05-29,21.579999923706055,21.719999313354492,21.1200008392334,21.350000381469727,14.305133819580078,3098386
2020-06-01,21.5,21.719999313354492,21.399999618530273,21.700000762939453,14.539641380310059,953521
2020-06-02,21.809999465942383,22.020000457763672,21.649999618530273,21.959999084472656,14.713850021362305,1250237
2020-06-03,22.020000457763672,22.719999313354492,21.889999389648438,22.719999313354492,15.22307014465332,1305338
2020-06-04,22.549999237060547,22.809999465942383,22.420000076293945,22.440000534057617,15.035462379455566,1401823
2020-06-05,22.65999984741211,22.760000228881836,22.3700008392334,22.6200008392334,15.1560697555542,2528613
2020-06-08,22.440000534057617,22.8799991607666,22.350000381469727,22.690000534057617,15.202972412109375,1177022
2020-06-09,22.690000534057617,22.860000610351562,22.190000534057617,22.309999465942383,14.94836139678955,5144307
2020-06-10,22.309999465942383,22.559999465942383,22.049999237060547,22.059999465942383,14.780854225158691,1354504
2020-06-11,21.969999313354492,21.969999313354492,21.219999313354492,21.43000030517578,14.358736038208008,1408213
2020-06-12,21.420000076293945,21.65999984741211,21.209999084472656,21.43000030517578,14.358736038208008,826958
2020-06-15,21.030000686645508,21.719999313354492,20.860000610351562,21.59000015258789,14.465935707092285,1226862
2020-06-16,21.829999923706055,22.280000686645508,21.600000381469727,22.110000610351562,14.814355850219727,2415611
2020-06-17,22.040000915527344,22.329999923706055,21.93000030517578,22.049999237060547,14.774149894714355,3907829
2020-06-18,22.06999969482422,22.209999084472656,21.850000381469727,22.1299991607666,14.827753067016602,1041022
2020-06-19,22.239999771118164,22.649999618530273,22.190000534057617,22.420000076293945,15.022063255310059,5842106
2020-06-22,22.510000228881836,22.6200008392334,22.25,22.530000686645508,15.095767974853516,16593990
2020-06-23,22.649999618530273,23.020000457763672,22.56999969482422,22.899999618530273,15.343679428100586,9508260
2020-06-24,22.799999237060547,22.8799991607666,22.3799991607666,22.5,15.075665473937988,8909977
2020-06-25,22.510000228881836,22.739999771118164,22.209999084472656,22.440000534057617,15.035462379455566,1162106
2020-06-26,22.549999237060547,22.8799991607666,22.489999771118164,22.670000076293945,15.189570426940918,1874501
2020-06-29,22.0,22.079999923706055,21.579999923706055,21.899999618530273,15.193037033081055,973889
2020-06-30,21.959999084472656,22.010000228881836,21.719999313354492,21.93000030517578,15.213850021362305,1240220
2020-07-01,21.940000534057617,22.59000015258789,21.68000030517578,22.540000915527344,15.637038230895996,2376020
2020-07-02,22.690000534057617,23.350000381469727,22.600000381469727,23.350000381469727,16.1989688873291,1611741
2020-07-03,23.239999771118164,23.600000381469727,23.200000762939453,23.5,16.303030014038086,3886077
2020-07-06,23.700000762939453,23.799999237060547,23.389999389648438,23.450000762939453,16.26834487915039,14165120
2020-07-07,23.31999969482422,23.6200008392334,23.059999465942383,23.510000228881836,16.309968948364258,6809636
2020-07-08,23.399999618530273,23.760000228881836,23.280000686645508,23.6299991607666,16.393217086791992,8110406
2020-07-09,23.649999618530273,23.68000030517578,23.280000686645508,23.40999984741211,16.24059295654297,2021006
2020-07-10,23.350000381469727,23.8799991607666,23.260000228881836,23.860000610351562,16.55278205871582,1962389
2020-07-13,23.920000076293945,24.09000015258789,23.719999313354492,24.010000228881836,16.656843185424805,1054503
2020-07-14,23.829999923706055,24.149999618530273,23.75,24.09000015258789,16.712343215942383,1732664
2020-07-15,24.200000762939453,24.6200008392334,24.059999465942383,24.389999389648438,16.920467376708984,2641084
2020-07-16,24.059999465942383,24.469999313354492,23.899999618530273,24.389999389648438,16.920467376708984,1164938
2020-07-17,24.459999084472656,24.6200008392334,24.229999542236328,24.450000762939453,16.962093353271484,2844085
2020-07-20,24.459999084472656,24.770000457763672,24.389999389648438,24.670000076293945,17.114715576171875,754336
2020-07-21,24.8700008392334,24.90999984741211,24.489999771118164,24.489999771118164,16.989839553833008,1194188
2020-07-22,24.399999618530273,24.469999313354492,24.06999969482422,24.299999237060547,16.8580265045166,864859
2020-07-23,24.389999389648438,24.450000762939453,24.219999313354492,24.34000015258789,16.885778427124023,711991
2020-07-24,24.239999771118164,24.270000457763672,23.780000686645508,23.8799991607666,16.5666561126709,1937918
2020-07-27,23.799999237060547,24.100000381469727,23.760000228881836,23.760000228881836,16.4834041595459,893891
2020-07-28,23.829999923706055,24.790000915527344,23.760000228881836,24.639999389648438,17.09389877319336,1974510
2020-07-29,24.65999984741211,24.850000381469727,24.440000534057617,24.6299991607666,17.086965560913086,1456310
2020-07-30,24.520000457763672,24.540000915527344,23.850000381469727,23.959999084472656,16.622154235839844,1094340
2020-07-31,24.110000610351562,24.440000534057617,24.040000915527344,24.040000915527344,16.677656173706055,1219922
2020-08-03,24.020000457763672,24.579999923706055,23.68000030517578,24.43000030517578,16.94821548461914,1355907
2020-08-04,24.3799991607666,24.489999771118164,23.950000762939453,24.100000381469727,16.719282150268555,683996
2020-08-05,24.18000030517578,24.360000610351562,24.030000686645508,24.030000686645508,16.67071533203125,743789
2020-08-06,23.959999084472656,24.079999923706055,23.700000762939453,23.709999084472656,16.448720932006836,767474
2020-08-07,23.670000076293945,24.0,23.579999923706055,23.969999313354492,16.62909507751465,750525
2020-08-10,24.020000457763672,24.239999771118164,23.8799991607666,24.219999313354492,16.80253028869629,616671
2020-08-11,24.290000915527344,24.639999389648438,24.15999984741211,24.34000015258789,16.885778427124023,1029582
2020-08-12,24.229999542236328,24.68000030517578,24.09000015258789,24.68000030517578,17.121654510498047,1121038
2020-08-13,24.540000915527344,24.729999542236328,24.360000610351562,24.489999771118164,16.989839553833008,1082720
2020-08-14,24.43000030517578,24.43000030517578,23.850000381469727,23.959999084472656,16.622154235839844,899242
2020-08-17,23.940000534057617,24.030000686645508,23.799999237060547,23.940000534057617,16.608278274536133,751034
2020-08-18,23.8799991607666,24.149999618530273,23.670000076293945,23.770000457763672,16.49034309387207,993818
2020-08-19,23.770000457763672,23.81999969482422,23.5,23.700000762939453,16.441781997680664,1167218
2020-08-20,23.5,23.510000228881836,23.31999969482422,23.399999618530273,16.233659744262695,1126542
2020-08-21,23.479999542236328,23.5,23.18000030517578,23.440000534057617,16.26140785217285,525352
2020-08-24,23.600000381469727,23.770000457763672,23.579999923706055,23.700000762939453,16.441781997680664,1050260
2020-08-25,23.770000457763672,23.860000610351562,23.510000228881836,23.6200008392334,16.38628387451172,801419
2020-08-26,23.56999969482422,23.56999969482422,23.239999771118164,23.389999389648438,16.226722717285156,1030058
2020-08-27,23.350000381469727,23.600000381469727,23.299999237060547,23.31999969482422,16.178157806396484,612727
2020-08-28,23.399999618530273,23.43000030517578,23.1200008392334,23.299999237060547,16.164283752441406,473680
2020-08-31,23.43000030517578,23.549999237060547,23.219999313354492,23.229999542236328,16.115720748901367,755329
2020-09-01,23.459999084472656,23.610000610351562,23.309999465942383,23.309999465942383,16.171222686767578,846100
2020-09-02,23.389999389648438,23.600000381469727,23.329999923706055,23.510000228881836,16.309968948364258,602684
2020-09-03,23.649999618530273,23.920000076293945,23.399999618530273,23.459999084472656,16.275283813476562,1408816
2020-09-04,23.420000076293945,23.540000915527344,22.90999984741211,22.90999984741211,15.893723487854004,1355477
2020-09-07,22.959999084472656,23.530000686645508,22.899999618530273,23.43000030517578,16.254472732543945,790677
2020-09-08,23.469999313354492,23.549999237060547,22.90999984741211,23.040000915527344,15.983908653259277,639607
2020-09-09,23.079999923706055,23.5,23.020000457763672,23.40999984741211,16.24059295654297,1353823
2020-09-10,23.450000762939453,23.530000686645508,23.190000534057617,23.290000915527344,16.157346725463867,687177
2020-09-11,23.360000610351562,23.600000381469727,23.260000228881836,23.579999923706055,16.358531951904297,942406
2020-09-14,23.6200008392334,23.6200008392334,23.18000030517578,23.190000534057617,16.087970733642578,562101
2020-09-15,23.450000762939453,23.920000076293945,23.399999618530273,23.780000686645508,16.49728012084961,978938
2020-09-16,23.6299991607666,23.75,23.350000381469727,23.389999389648438,16.226722717285156,1435388
2020-09-17,23.25,23.489999771118164,23.170000076293945,23.309999465942383,16.171222686767578,578412
2020-09-18,23.219999313354492,23.299999237060547,22.959999084472656,22.959999084472656,15.928410530090332,1311757
2020-09-21,22.989999771118164,23.040000915527344,22.450000762939453,22.56999969482422,15.657848358154297,936305
2020-09-22,22.610000610351562,22.719999313354492,22.3700008392334,22.3700008392334,15.5191011428833,602985
2020-09-23,22.56999969482422,22.799999237060547,22.440000534057617,22.459999084472656,15.581534385681152,659377
2020-09-24,22.270000457763672,22.799999237060547,22.18000030517578,22.6200008392334,15.692537307739258,1153386
2020-09-25,22.639999389648438,22.950000762939453,22.59000015258789,22.920000076293945,15.90065860748291,753749
2020-09-28,23.049999237060547,23.25,22.969999313354492,23.110000610351562,16.032474517822266,728055
2020-09-29,23.100000381469727,23.25,22.979999542236328,22.979999542236328,15.942283630371094,595423
2020-09-30,22.920000076293945,23.200000762939453,22.829999923706055,22.829999923706055,15.838223457336426,812735
2020-10-01,23.030000686645508,23.219999313354492,22.889999389648438,22.950000762939453,15.921475410461426,694730
2020-10-02,23.079999923706055,23.18000030517578,22.850000381469727,23.110000610351562,16.032474517822266,738514
2020-10-05,23.219999313354492,23.360000610351562,22.979999542236328,23.239999771118164,16.12265968322754,523912
2020-10-06,23.200000762939453,23.309999465942383,23.059999465942383,23.1299991607666,16.04634666442871,701086
2020-10-07,23.209999084472656,23.260000228881836,22.93000030517578,23.110000610351562,16.032474517822266,805052
2020-10-08,23.18000030517578,23.450000762939453,23.170000076293945,23.3700008392334,16.212846755981445,821391
2020-10-09,23.309999465942383,23.3799991607666,23.049999237060547,23.309999465942383,16.171222686767578,1588746
2020-10-12,23.389999389648438,23.770000457763672,23.270000457763672,23.75,16.476470947265625,723084
2020-10-13,23.75,23.860000610351562,23.469999313354492,23.739999771118164,16.46953010559082,1667051
2020-10-14,23.75,24.290000915527344,23.579999923706055,24.18000030517578,16.774782180786133,1168044
2020-10-15,24.020000457763672,24.100000381469727,23.6299991607666,23.790000915527344,16.50421905517578,1029109
2020-10-16,23.8700008392334,24.100000381469727,23.739999771118164,24.100000381469727,16.719282150268555,1089252
2020-10-19,24.170000076293945,24.219999313354492,23.920000076293945,23.969999313354492,16.62909507751465,873911
2020-10-20,24.0,24.170000076293945,23.81999969482422,23.979999542236328,16.63603401184082,1344888
2020-10-21,23.979999542236328,24.030000686645508,23.479999542236328,23.739999771118164,16.46953010559082,1171580
2020-10-22,23.700000762939453,23.979999542236328,23.450000762939453,23.780000686645508,16.49728012084961,741294
2020-10-23,23.709999084472656,24.219999313354492,23.700000762939453,24.110000610351562,16.726221084594727,547777
2020-10-26,23.81999969482422,24.040000915527344,23.809999465942383,23.860000610351562,16.55278205871582,572198
2020-10-27,24.1299991607666,24.149999618530273,23.479999542236328,23.56999969482422,16.351594924926758,1025384
2020-10-28,23.280000686645508,23.299999237060547,22.600000381469727,22.770000457763672,15.796597480773926,1282500
2020-10-29,22.690000534057617,23.049999237060547,22.59000015258789,22.670000076293945,15.727222442626953,1720879
2020-10-30,22.5,23.010000228881836,22.40999984741211,23.010000228881836,15.963096618652344,1060191
2020-11-02,23.100000381469727,23.56999969482422,22.979999542236328,23.56999969482422,16.351594924926758,685583
2020-11-03,23.719999313354492,23.90999984741211,23.540000915527344,23.90999984741211,16.58746910095215,927875
2020-11-04,23.75,24.239999771118164,23.34000015258789,24.219999313354492,16.80253028869629,647343
2020-11-05,24.229999542236328,24.670000076293945,24.219999313354492,24.270000457763672,16.83721923828125,1170188
2020-11-06,24.1200008392334,24.420000076293945,24.040000915527344,24.3799991607666,16.913530349731445,795944
2020-11-09,24.510000228881836,25.149999618530273,24.040000915527344,24.170000076293945,16.767841339111328,1548707
2020-11-10,24.09000015258789,24.200000762939453,23.670000076293945,24.1299991607666,16.740093231201172,2596879
2020-11-11,24.200000762939453,24.530000686645508,24.190000534057617,24.530000686645508,17.017589569091797,1394192
2020-11-12,24.399999618530273,24.670000076293945,24.170000076293945,24.200000762939453,16.78865623474121,999130
2020-11-13,24.110000610351562,24.239999771118164,23.979999542236328,24.149999618530273,16.75396728515625,952650
2020-11-16,24.239999771118164,24.579999923706055,24.15999984741211,24.270000457763672,16.83721923828125,1247037
2020-11-17,24.170000076293945,24.31999969482422,23.8799991607666,24.0,16.649906158447266,1558315
2020-11-18,24.0,24.3700008392334,24.0,24.229999542236328,16.809467315673828,1056397
2020-11-19,24.049999237060547,24.719999313354492,24.049999237060547,24.690000534057617,17.128591537475586,1381512
2020-11-20,24.6299991607666,24.860000610351562,24.489999771118164,24.81999969482422,17.218778610229492,1000450
2020-11-23,24.920000076293945,24.93000030517578,24.68000030517578,24.709999084472656,17.142465591430664,1349839
2020-11-24,24.84000015258789,24.8799991607666,24.040000915527344,24.299999237060547,16.8580265045166,1463595
2020-11-25,24.360000610351562,24.3700008392334,23.889999389648438,23.950000762939453,16.615217208862305,1887637
2020-11-26,24.06999969482422,24.079999923706055,23.829999923706055,23.950000762939453,16.615217208862305,1731668
2020-11-27,23.899999618530273,24.290000915527344,23.8799991607666,24.290000915527344,16.85109519958496,1109900
2020-11-30,24.149999618530273,24.219999313354492,23.93000030517578,23.969999313354492,16.62909507751465,2596279
2020-12-01,23.950000762939453,23.950000762939453,23.219999313354492,23.3700008392334,16.212846755981445,1671503
2020-12-02,23.290000915527344,23.510000228881836,23.149999618530273,23.290000915527344,16.157346725463867,1782131
2020-12-03,23.299999237060547,23.43000030517578,22.829999923706055,22.860000610351562,15.859036445617676,1684874
2020-12-04,22.829999923706055,22.959999084472656,22.610000610351562,22.6200008392334,15.692537307739258,2679920
2020-12-07,22.520000457763672,22.75,22.3799991607666,22.719999313354492,15.761909484863281,1499620
2020-12-08,22.700000762939453,22.739999771118164,22.459999084472656,22.549999237060547,15.643973350524902,805180
2020-12-09,22.639999389648438,22.65999984741211,22.469999313354492,22.610000610351562,15.685598373413086,1281761
2020-12-10,22.68000030517578,22.8799991607666,22.579999923706055,22.770000457763672,15.796597480773926,1398424
2020-12-11,22.770000457763672,23.079999923706055,22.56999969482422,22.950000762939453,15.921475410461426,2054384
2020-12-14,23.040000915527344,23.059999465942383,22.700000762939453,22.75,15.782722473144531,2584369
2020-12-15,22.790000915527344,22.790000915527344,22.280000686645508,22.280000686645508,15.456664085388184,2461192
2020-12-16,22.309999465942383,22.610000610351562,22.280000686645508,22.510000228881836,15.616225242614746,2181151
2020-12-17,22.559999465942383,22.780000686645508,22.31999969482422,22.760000228881836,15.78965950012207,1523501
2020-12-18,22.610000610351562,22.829999923706055,22.610000610351562,22.700000762939453,15.748035430908203,1699208
2020-12-21,22.5,22.5,22.0,22.1299991607666,15.352599143981934,9793817
2020-12-22,22.200000762939453,22.729999542236328,22.18000030517578,22.700000762939453,15.748035430908203,4181062
2020-12-23,22.75,23.06999969482422,22.75,23.0,15.956160545349121,2215394
2020-12-24,23.049999237060547,23.049999237060547,22.709999084472656,22.81999969482422,15.831284523010254,368421
2020-12-28,23.389999389648438,23.389999389648438,23.010000228881836,23.190000534057617,16.087970733642578,1004941
2020-12-29,23.389999389648438,23.6299991607666,23.219999313354492,23.350000381469727,16.1989688873291,1559075
2020-12-30,22.709999084472656,22.81999969482422,22.520000457763672,22.59000015258789,16.15605926513672,1084445
2020-12-31,22.549999237060547,22.559999465942383,22.280000686645508,22.350000381469727,15.984414100646973,355857
2021-01-04,22.450000762939453,22.65999984741211,22.299999237060547,22.3700008392334,15.998720169067383,9449377
2021-01-05,22.31999969482422,22.420000076293945,22.06999969482422,22.170000076293945,15.855682373046875,5070297
2021-01-06,22.270000457763672,22.639999389648438,22.100000381469727,22.639999389648438,16.191818237304688,1005855
2021-01-07,22.719999313354492,22.729999542236328,22.43000030517578,22.530000686645508,16.11315155029297,6409570
2021-01-08,22.530000686645508,22.780000686645508,22.43000030517578,22.780000686645508,16.29194450378418,1262658
2021-01-11,22.5,22.690000534057617,22.3700008392334,22.43000030517578,16.041629791259766,1282971
2021-01-12,22.450000762939453,22.459999084472656,21.760000228881836,21.799999237060547,15.591059684753418,1267991
2021-01-13,22.0,22.450000762939453,21.950000762939453,22.440000534057617,16.048782348632812,2272290
2021-01-14,22.469999313354492,22.68000030517578,22.270000457763672,22.68000030517578,16.220428466796875,1431745
2021-01-15,22.68000030517578,22.68000030517578,22.239999771118164,22.489999771118164,16.08453941345215,1603125
2021-01-18,22.469999313354492,22.469999313354492,22.09000015258789,22.31999969482422,15.962957382202148,1259484
2021-01-19,22.3799991607666,22.479999542236328,22.25,22.43000030517578,16.041629791259766,2935923
2021-01-20,22.309999465942383,22.350000381469727,21.920000076293945,22.040000915527344,15.762709617614746,1240359
2021-01-21,22.040000915527344,22.190000534057617,21.760000228881836,21.760000228881836,15.56245231628418,2834424
2021-01-22,21.809999465942383,21.940000534057617,21.6200008392334,21.920000076293945,15.676886558532715,1023805
2021-01-25,21.989999771118164,22.1299991607666,21.700000762939453,21.979999542236328,15.719793319702148,1064406
2021-01-26,22.0,22.260000228881836,21.84000015258789,21.84000015258789,15.619669914245605,853540
2021-01-27,21.899999618530273,21.959999084472656,21.260000228881836,21.510000228881836,15.383657455444336,1218402
2021-01-28,21.280000686645508,21.84000015258789,21.100000381469727,21.739999771118164,15.548152923583984,907019
2021-01-29,21.5,21.579999923706055,21.100000381469727,21.100000381469727,15.090431213378906,1311944
2021-02-01,21.15999984741211,21.56999969482422,21.15999984741211,21.510000228881836,15.383657455444336,804379
2021-02-02,21.549999237060547,21.639999389648438,21.440000534057617,21.549999237060547,15.412263870239258,1640915
2021-02-03,21.59000015258789,21.93000030517578,21.5,21.81999969482422,15.605365753173828,1109953
2021-02-04,21.860000610351562,21.8799991607666,21.510000228881836,21.639999389648438,15.476630210876465,984202
2021-02-05,21.639999389648438,21.700000762939453,21.450000762939453,21.5,15.376504898071289,1086346
2021-02-08,21.450000762939453,21.579999923706055,21.350000381469727,21.389999389648438,15.297835350036621,727470
2021-02-09,21.350000381469727,21.389999389648438,21.1200008392334,21.190000534057617,15.154797554016113,641738
2021-02-10,21.549999237060547,22.110000610351562,21.510000228881836,21.6200008392334,15.462329864501953,1389604
2021-02-11,21.719999313354492,21.719999313354492,21.43000030517578,21.459999084472656,15.347899436950684,658439
2021-02-12,21.489999771118164,21.93000030517578,21.40999984741211,21.93000030517578,15.684035301208496,989612
2021-02-15,21.950000762939453,21.950000762939453,21.690000534057617,21.829999923706055,15.61252212524414,774038
2021-02-16,21.889999389648438,21.889999389648438,21.579999923706055,21.639999389648438,15.476630210876465,873917
2021-02-17,21.540000915527344,21.860000610351562,21.420000076293945,21.860000610351562,15.633974075317383,1340474
2021-02-18,22.0,22.06999969482422,21.690000534057617,21.75,15.555303573608398,847691
2021-02-19,21.75,21.93000030517578,21.59000015258789,21.709999084472656,15.526695251464844,1715323
2021-02-22,21.700000762939453,21.739999771118164,21.3799991607666,21.3799991607666,15.290681838989258,1131903
2021-02-23,21.469999313354492,21.56999969482422,21.06999969482422,21.56999969482422,15.426569938659668,1268003
2021-02-24,22.170000076293945,22.290000915527344,21.079999923706055,21.219999313354492,15.176253318786621,2183243
2021-02-25,21.309999465942383,21.350000381469727,20.700000762939453,20.700000762939453,14.80435562133789,2245665
2021-02-26,20.709999084472656,20.989999771118164,20.549999237060547,20.549999237060547,14.697080612182617,1418853
2021-03-01,20.649999618530273,20.899999618530273,20.5,20.65999984741211,14.775751113891602,1092600
2021-03-02,20.700000762939453,21.18000030517578,20.670000076293945,20.780000686645508,14.861572265625,1136259
2021-03-03,20.829999923706055,20.84000015258789,20.190000534057617,20.31999969482422,14.532584190368652,1699626
2021-03-04,20.329999923706055,20.959999084472656,20.31999969482422,20.889999389648438,14.940240859985352,1331954
2021-03-05,20.780000686645508,20.81999969482422,20.510000228881836,20.56999969482422,14.711382865905762,1128559
2021-03-08,20.56999969482422,20.770000457763672,20.290000915527344,20.6200008392334,14.747142791748047,2562108
2021-03-09,20.719999313354492,21.459999084472656,20.639999389648438,21.09000015258789,15.083281517028809,1473510
2021-03-10,21.18000030517578,21.610000610351562,21.09000015258789,21.600000381469727,15.448022842407227,2139706
2021-03-11,21.6299991607666,21.84000015258789,21.559999465942383,21.690000534057617,15.512391090393066,1149817
2021-03-12,21.709999084472656,21.729999542236328,21.530000686645508,21.700000762939453,15.51954460144043,665186
2021-03-15,21.950000762939453,21.969999313354492,21.75,21.75,15.555303573608398,1094699
2021-03-16,21.799999237060547,21.959999084472656,21.68000030517578,21.850000381469727,15.62682056427002,1050212
2021-03-17,21.81999969482422,21.920000076293945,21.670000076293945,21.68000030517578,15.505240440368652,910300
2021-03-18,21.690000534057617,21.75,21.56999969482422,21.65999984741211,15.490937232971191,1123758
2021-03-19,21.690000534057617,22.110000610351562,21.649999618530273,22.079999923706055,15.791316032409668,2069929
2021-03-22,22.059999465942383,22.239999771118164,21.770000457763672,22.209999084472656,15.884286880493164,900655
2021-03-23,22.1200008392334,22.65999984741211,21.979999542236328,22.5,16.091691970825195,1681761
2021-03-24,22.520000457763672,22.520000457763672,22.06999969482422,22.299999237060547,15.948653221130371,2614516
2021-03-25,22.31999969482422,22.549999237060547,22.25,22.479999542236328,16.077388763427734,1018937
2021-03-26,22.420000076293945,22.739999771118164,22.350000381469727,22.739999771118164,16.263336181640625,1010997
2021-03-29,22.75,22.93000030517578,22.719999313354492,22.84000015258789,16.334857940673828,1152456
2021-03-30,22.899999618530273,22.899999618530273,22.6200008392334,22.850000381469727,16.342008590698242,1221668
2021-03-31,22.84000015258789,22.899999618530273,22.549999237060547,22.559999465942383,16.134601593017578,1222233
2021-04-01,22.549999237060547,22.600000381469727,22.280000686645508,22.31999969482422,15.962957382202148,1017484
2021-04-06,22.360000610351562,22.6200008392334,22.31999969482422,22.6200008392334,16.177515029907227,1159092
2021-04-07,22.649999618530273,22.739999771118164,22.520000457763672,22.719999313354492,16.249032974243164,1120546
2021-04-08,22.790000915527344,23.040000915527344,22.719999313354492,22.959999084472656,16.420679092407227,1291478
2021-04-09,23.0,23.0,22.6299991607666,22.6299991607666,16.18466567993164,1021769
2021-04-12,22.68000030517578,22.809999465942383,22.59000015258789,22.649999618530273,16.1989688873291,702090
2021-04-13,22.65999984741211,22.670000076293945,22.329999923706055,22.329999923706055,15.970109939575195,1029714
2021-04-14,22.420000076293945,22.43000030517578,22.1299991607666,22.149999618530273,15.841376304626465,1332374
2021-04-15,22.260000228881836,22.329999923706055,21.90999984741211,22.0,15.734099388122559,1053253
2021-04-16,21.959999084472656,22.360000610351562,21.93000030517578,22.239999771118164,15.905743598937988,1022588
2021-04-19,22.170000076293945,22.350000381469727,21.959999084472656,22.200000762939453,15.877137184143066,2346714
2021-04-20,22.209999084472656,22.219999313354492,22.049999237060547,22.170000076293945,15.855682373046875,1647335
2021-04-21,22.170000076293945,22.260000228881836,21.93000030517578,21.959999084472656,15.705491065979004,1093185
2021-04-22,22.0,22.299999237060547,21.989999771118164,22.270000457763672,15.927200317382812,976985
2021-04-23,22.190000534057617,22.299999237060547,22.07999992370605,22.200000762939453,15.877140045166016,2240571
2021-04-26,22.299999237060547,22.459999084472656,22.170000076293945,22.25,15.91289520263672,943398
2021-04-27,22.36000061035156,22.46999931335449,22.100000381469727,22.18000030517578,15.862834930419922,1063326
2021-04-28,22.15999984741211,22.239999771118164,21.989999771118164,22.0,15.73409938812256,646917
2021-04-29,22.049999237060547,22.15999984741211,21.8799991607666,21.8799991607666,15.648277282714844,971180
2021-04-30,21.959999084472656,22.030000686645508,21.84000015258789,21.86000061035156,15.633975982666016,1259772
2021-05-03,21.88999938964844,22.030000686645508,21.81999969482422,22.01000022888184,15.741250991821287,652794
2021-05-04,22.100000381469727,22.15999984741211,21.799999237060547,21.799999237060547,15.591059684753418,1175054
2021-05-05,22.0,22.270000457763672,21.81999969482422,22.15999984741211,15.848529815673828,1470167
2021-05-06,22.100000381469727,22.11000061035156,21.76000022888184,21.989999771118164,15.72694969177246,1279650
2021-05-07,22.09000015258789,22.520000457763672,21.979999542236328,22.350000381469727,15.984416961669922,1093740
2021-05-10,22.36000061035156,22.479999542236328,22.13999938964844,22.38999938964844,16.013019561767578,848558
2021-05-11,22.309999465942383,22.309999465942383,21.82999992370605,21.950000762939453,15.698342323303224,1345843
2021-05-12,21.96999931335449,22.3799991607666,21.96999931335449,22.1200008392334,15.819923400878906,1792329
2021-05-13,22.020000457763672,22.479999542236328,21.81999969482422,22.46999931335449,16.07023811340332,1097901
2021-05-14,22.540000915527344,23.09000015258789,22.459999084472656,23.059999465942383,16.49219512939453,1594012
2021-05-17,23.14999961853028,23.290000915527344,23.06999969482422,23.13999938964844,16.549413681030273,1062375
2021-05-18,23.190000534057617,23.38999938964844,23.049999237060547,23.13999938964844,16.549413681030273,1228989
2021-05-19,23.040000915527344,23.13999938964844,22.709999084472656,22.8700008392334,16.356313705444336,1253572
2021-05-20,22.950000762939453,23.299999237060547,22.90999984741211,23.200000762939453,16.59232521057129,1097321
2021-05-21,23.280000686645508,23.420000076293945,23.09000015258789,23.09000015258789,16.513652801513672,870639
2021-05-24,23.270000457763672,23.350000381469727,23.1200008392334,23.21999931335449,16.606626510620117,578505
2021-05-25,23.25,23.38999938964844,23.18000030517578,23.309999465942383,16.670991897583008,1165773
2021-05-26,23.5,23.770000457763672,23.39999961853028,23.520000457763672,16.821184158325195,1035245
2021-05-27,23.57999992370605,23.68000030517578,23.43000030517578,23.489999771118164,16.799726486206055,1645369
2021-05-28,23.56999969482422,23.739999771118164,23.479999542236328,23.64999961853028,16.91415786743164,1152243
2021-05-31,23.200000762939453,23.200000762939453,22.299999237060547,22.299999237060547,15.94865608215332,3122978
2021-06-01,22.39999961853028,22.39999961853028,22.020000457763672,22.040000915527344,15.762706756591797,2068542
2021-06-02,21.89999961853028,22.06999969482422,21.65999984741211,22.020000457763672,15.748403549194336,1964962
2021-06-03,21.940000534057617,22.020000457763672,21.71999931335449,21.739999771118164,15.548150062561035,1464224
2021-06-04,21.75,21.8700008392334,21.57999992370605,21.790000915527344,15.583909034729004,1730367
2021-06-07,21.8700008392334,21.8799991607666,21.64999961853028,21.64999961853028,15.483783721923828,1354762
2021-06-08,21.670000076293945,21.82999992370605,21.61000061035156,21.799999237060547,15.591059684753418,1163367
2021-06-09,21.799999237060547,21.809999465942383,21.63999938964844,21.709999084472656,15.52669620513916,1120423
2021-06-10,21.790000915527344,21.799999237060547,21.6200008392334,21.700000762939453,15.51954460144043,1071286
2021-06-11,21.75,21.84000015258789,21.690000534057617,21.739999771118164,15.548150062561035,1041482
2021-06-14,21.89999961853028,22.299999237060547,21.8700008392334,22.290000915527344,15.941505432128906,1256890
2021-06-15,22.38999938964844,22.530000686645508,22.309999465942383,22.450000762939453,16.05593490600586,1567782
2021-06-16,22.530000686645508,22.89999961853028,22.489999771118164,22.82999992370605,16.32770347595215,1715296
2021-06-17,22.71999931335449,22.799999237060547,22.39999961853028,22.540000915527344,16.120296478271484,1158260
2021-06-18,22.459999084472656,22.59000015258789,22.309999465942383,22.459999084472656,16.06308364868164,9155322
2021-06-21,22.40999984741211,22.600000381469727,22.36000061035156,22.59000015258789,16.15605926513672,5581572
2021-06-22,22.690000534057617,22.690000534057617,22.540000915527344,22.559999465942383,16.13460350036621,4641319
2021-06-23,22.64999961853028,22.64999961853028,22.190000534057617,22.200000762939453,15.877140045166016,951506
2021-06-24,22.36000061035156,22.46999931335449,22.200000762939453,22.450000762939453,16.05593490600586,1092333
2021-06-25,22.46999931335449,22.540000915527344,22.209999084472656,22.46999931335449,16.07023811340332,3592515
2021-06-28,22.350000381469727,22.3799991607666,22.11000061035156,22.200000762939453,15.877140045166016,1676578
2021-06-29,21.25,21.280000686645508,20.56999969482422,20.920000076293945,15.90267848968506,1773781
2021-06-30,20.8799991607666,20.8799991607666,20.34000015258789,20.459999084472656,15.55299949645996,1876262
2021-07-01,20.520000457763672,20.850000381469727,20.450000762939453,20.780000686645508,15.79625415802002,1649895
2021-07-02,20.76000022888184,20.950000762939453,20.76000022888184,20.8799991607666,15.872270584106444,4760787
2021-07-05,20.940000534057617,20.940000534057617,20.63999938964844,20.81999969482422,15.826664924621582,7603196
2021-07-06,20.770000457763672,21.1299991607666,20.68000030517578,21.049999237060547,16.00149917602539,2473057
2021-07-07,21.13999938964844,21.530000686645508,21.07999992370605,21.420000076293945,16.282760620117188,4304625
2021-07-08,21.32999992370605,21.38999938964844,20.979999542236328,21.1299991607666,16.062313079833984,1428187
2021-07-09,21.1299991607666,21.280000686645508,21.040000915527344,21.25,16.153532028198242,3384747
2021-07-12,21.39999961853028,21.559999465942383,21.31999969482422,21.450000762939453,16.305566787719727,738552
2021-07-13,21.39999961853028,21.440000534057617,21.06999969482422,21.229999542236328,16.138328552246094,913702
2021-07-14,21.07999992370605,21.14999961853028,20.84000015258789,21.040000915527344,15.99389934539795,1132159
2021-07-15,20.940000534057617,20.96999931335449,20.56999969482422,20.61000061035156,15.667027473449709,834540
2021-07-16,20.6299991607666,20.809999465942383,20.5,20.68000030517578,15.720239639282228,826648
2021-07-19,20.6299991607666,20.729999542236328,20.309999465942383,20.43000030517578,15.53019905090332,1442494
2021-07-20,20.40999984741211,20.709999084472656,20.3700008392334,20.56999969482422,15.636618614196776,1414535
2021-07-21,20.59000015258789,20.84000015258789,20.520000457763672,20.809999465942383,15.819059371948242,1480438
2021-07-22,20.850000381469727,21.290000915527344,20.799999237060547,21.290000915527344,16.183940887451172,1121729
2021-07-23,21.34000015258789,21.40999984741211,21.200000762939453,21.350000381469727,16.229551315307617,978242
2021-07-26,21.25,21.350000381469727,21.1299991607666,21.229999542236328,16.138328552246094,708008
2021-07-27,21.1200008392334,21.170000076293945,20.600000381469727,20.88999938964844,15.879873275756836,1150543
2021-07-28,20.96999931335449,21.1200008392334,20.84000015258789,21.0,15.963492393493652,3052124
2021-07-29,20.799999237060547,20.920000076293945,20.739999771118164,20.739999771118164,15.765847206115724,944202
2021-07-30,20.739999771118164,20.76000022888184,20.51000022888184,20.51000022888184,15.591009140014648,1323239
2021-08-02,20.600000381469727,20.63999938964844,20.489999771118164,20.59000015258789,15.651822090148926,1160374
2021-08-03,20.700000762939453,21.209999084472656,20.6200008392334,21.13999938964844,16.069915771484375,1328138
2021-08-04,21.09000015258789,21.11000061035156,20.690000534057617,20.700000762939453,15.735441207885742,1363776
2021-08-05,20.790000915527344,20.84000015258789,20.530000686645508,20.530000686645508,15.606210708618164,979891
2021-08-06,20.600000381469727,20.700000762939453,20.479999542236328,20.68000030517578,15.720239639282228,815381
2021-08-09,20.68000030517578,20.940000534057617,20.64999961853028,20.81999969482422,15.826664924621582,1968005
2021-08-10,20.75,20.82999992370605,20.600000381469727,20.600000381469727,15.659423828125,648551
2021-08-11,20.64999961853028,20.809999465942383,20.61000061035156,20.76000022888184,15.78105354309082,594592
2021-08-12,20.75,20.8799991607666,20.709999084472656,20.790000915527344,15.803858757019045,463176
2021-08-13,20.770000457763672,20.86000061035156,20.71999931335449,20.81999969482422,15.826664924621582,397058
2021-08-16,20.770000457763672,20.799999237060547,20.65999984741211,20.709999084472656,15.74304485321045,700370
2021-08-17,20.520000457763672,20.559999465942383,20.31999969482422,20.39999961853028,15.507391929626465,873436
2021-08-18,20.39999961853028,20.65999984741211,20.36000061035156,20.600000381469727,15.659423828125,1016734
2021-08-19,20.540000915527344,20.809999465942383,20.40999984741211,20.799999237060547,15.811458587646484,895760
2021-08-20,20.84000015258789,21.13999938964844,20.799999237060547,21.030000686645508,15.986298561096191,1183189
2021-08-23,21.13999938964844,21.270000457763672,20.8799991607666,21.15999984741211,16.08511734008789,1902648
2021-08-24,21.07999992370605,21.1200008392334,20.68000030517578,20.75,15.77345085144043,1691618
2021-08-25,20.8799991607666,20.8799991607666,20.51000022888184,20.51000022888184,15.591009140014648,658763
2021-08-26,20.479999542236328,20.489999771118164,20.09000015258789,20.09000015258789,15.27173900604248,1280780
2021-08-27,20.15999984741211,20.209999084472656,20.049999237060547,20.059999465942383,15.248933792114258,508897
2021-08-30,20.049999237060547,20.18000030517578,19.96500015258789,20.100000381469727,15.279339790344238,956849
2021-08-31,20.21999931335449,20.46999931335449,20.170000076293945,20.36000061035156,15.476984024047852,1629023
2021-09-01,20.5,20.86000061035156,20.46999931335449,20.799999237060547,15.811458587646484,1281055
2021-09-02,20.770000457763672,20.979999542236328,20.729999542236328,20.850000381469727,15.849464416503906,1036204
2021-09-03,21.1299991607666,21.38999938964844,20.700000762939453,20.809999465942383,15.819059371948242,1760268
2021-09-06,20.790000915527344,20.940000534057617,20.600000381469727,20.739999771118164,15.765847206115724,549082
2021-09-07,20.75,20.75,20.40999984741211,20.440000534057617,15.537796974182127,928747
2021-09-08,20.43000030517578,20.43000030517578,20.15999984741211,20.270000457763672,15.408568382263184,1028959
2021-09-09,20.43000030517578,20.43000030517578,20.209999084472656,20.31999969482422,15.446577072143556,926868
2021-09-10,20.40999984741211,20.420000076293945,20.09000015258789,20.13999938964844,15.309747695922852,979897
2021-09-13,20.13999938964844,20.59000015258789,20.13999938964844,20.46999931335449,15.560602188110352,944698
2021-09-14,20.049999237060547,20.14999961853028,19.36000061035156,19.40999984741211,14.754825592041016,2348156
2021-09-15,19.315000534057617,19.34000015258789,18.075000762939453,18.170000076293945,13.81222152709961,3939922
2021-09-16,18.100000381469727,18.25,17.75,18.040000915527344,13.713398933410645,3463248
2021-09-17,18.15999984741211,18.489999771118164,18.155000686645508,18.21999931335449,13.850227355957031,3942145
2021-09-20,18.155000686645508,18.155000686645508,17.649999618530273,18.100000381469727,13.759008407592772,2466658
2021-09-21,18.530000686645508,18.64999961853028,18.200000762939453,18.32999992370605,13.933846473693848,2332578
2021-09-22,18.479999542236328,18.479999542236328,18.13500022888184,18.170000076293945,13.81222152709961,1280792
2021-09-23,18.36000061035156,18.364999771118164,18.049999237060547,18.155000686645508,13.800817489624023,1412572
2021-09-24,18.100000381469727,18.325000762939453,18.030000686645508,18.19499969482422,13.83122444152832,1434759
2021-09-27,18.299999237060547,18.375,18.11000061035156,18.25,13.87303352355957,923822
2021-09-28,18.25,18.299999237060547,17.969999313354492,18.065000534057617,13.732404708862305,2057843
2021-09-29,18.01499938964844,18.084999084472656,17.764999389648438,17.860000610351562,13.576570510864258,1217805
2021-09-30,18.0,18.0,17.420000076293945,17.420000076293945,13.242095947265623,1961795
2021-10-01,17.395000457763672,17.709999084472656,17.280000686645508,17.600000381469727,13.378926277160645,1377474
2021-10-04,17.825000762939453,17.844999313354492,17.59000015258789,17.59000015258789,13.371325492858888,1046191
2021-10-05,17.649999618530273,17.799999237060547,17.469999313354492,17.65999984741211,13.424535751342772,1303891
2021-10-06,17.610000610351562,17.684999465942383,17.424999237060547,17.6299991607666,13.401729583740234,1549680
2021-10-07,18.26000022888184,18.559999465942383,18.03499984741211,18.38999938964844,13.97945785522461,2969104
2021-10-08,18.39999961853028,18.64999961853028,18.315000534057617,18.5,14.063074111938477,2597307
2021-10-11,18.44499969482422,18.45499992370605,17.96500015258789,18.104999542236328,13.762810707092283,1501180
2021-10-12,17.989999771118164,18.155000686645508,17.809999465942383,18.125,13.7780122756958,3472211
2021-10-13,18.075000762939453,18.45499992370605,17.899999618530273,18.3700008392334,13.96425437927246,2397280
2021-10-14,18.450000762939453,19.040000915527344,18.364999771118164,18.84499931335449,14.325334548950195,2387398
2021-10-15,18.9950008392334,19.040000915527344,18.6200008392334,18.65999984741211,14.18470287322998,1506115
2021-10-18,18.645000457763672,18.78499984741211,18.549999237060547,18.645000457763672,14.173299789428713,1212375
2021-10-19,18.96500015258789,19.170000076293945,18.825000762939453,19.0,14.443157196044922,1363215
2021-10-20,18.665000915527344,19.14999961853028,18.63500022888184,19.040000915527344,14.473565101623535,1753060
2021-10-21,19.030000686645508,19.165000915527344,18.895000457763672,19.075000762939453,14.500171661376951,963397
2021-10-22,18.989999771118164,19.225000381469727,18.959999084472656,19.065000534057617,14.49256992340088,1722285
2021-10-25,19.125,19.18000030517578,18.989999771118164,19.01499938964844,14.454561233520508,1225996
2021-10-26,19.020000457763672,19.489999771118164,19.020000457763672,19.415000915527344,14.758625984191896,1590247
2021-10-27,19.39999961853028,19.809999465942383,19.315000534057617,19.809999465942383,15.05889129638672,1454568
2021-10-28,20.0,20.040000915527344,19.7549991607666,19.920000076293945,15.142510414123535,3202811
2021-10-29,19.950000762939453,20.049999237060547,19.815000534057617,19.94499969482422,15.161514282226562,1457675
2021-11-01,19.94499969482422,20.07999992370605,19.88999938964844,20.07999992370605,15.264138221740724,2812273
2021-11-02,20.040000915527344,20.18000030517578,19.959999084472656,20.18000030517578,15.34015655517578,981933
2021-11-03,20.0,20.1299991607666,19.8700008392334,20.0,15.203325271606444,1179093
2021-11-04,19.799999237060547,19.95499992370605,19.25,19.76499938964844,15.02468490600586,2203172
2021-11-05,20.0,20.200000762939453,19.88500022888184,20.0,15.203325271606444,1218005
2021-11-08,20.020000457763672,20.09000015258789,19.55500030517578,19.559999465942383,14.86884880065918,1122913
2021-11-09,19.57999992370605,19.709999084472656,19.459999084472656,19.540000915527344,14.853649139404297,1899565
2021-11-10,19.520000457763672,19.670000076293945,19.479999542236328,19.604999542236328,14.903059005737305,992525
2021-11-11,19.575000762939453,19.670000076293945,19.36000061035156,19.36000061035156,14.71681785583496,1234185
2021-11-12,19.299999237060547,19.415000915527344,19.045000076293945,19.200000762939453,14.595191955566406,1859373
2021-11-15,19.145000457763672,19.45499992370605,19.075000762939453,19.440000534057617,14.777634620666504,787905
2021-11-16,19.40999984741211,19.479999542236328,19.280000686645508,19.280000686645508,14.65600299835205,613671
2021-11-17,19.28499984741211,19.424999237060547,19.26499938964844,19.32999992370605,14.694012641906738,686939
2021-11-18,19.364999771118164,19.3700008392334,19.14999961853028,19.2549991607666,14.637001037597656,835240
2021-11-19,19.200000762939453,19.350000381469727,19.125,19.19499969482422,14.591389656066896,1865762
2021-11-22,19.20499992370605,19.46999931335449,19.09000015258789,19.415000915527344,14.758625984191896,815971
2021-11-23,19.315000534057617,19.700000762939453,19.165000915527344,19.6200008392334,14.914463996887209,989988
2021-11-24,19.700000762939453,19.88500022888184,19.6200008392334,19.795000076293945,15.047491073608398,1027511
2021-11-25,19.850000381469727,20.489999771118164,19.825000762939453,20.489999771118164,15.5758056640625,1607800
2021-11-26,20.11000061035156,20.280000686645508,19.93000030517578,20.07999992370605,15.264138221740724,1941590
2021-11-29,20.0,20.299999237060547,19.96500015258789,20.14999961853028,15.317352294921877,1089082
2021-11-30,20.049999237060547,20.209999084472656,19.559999465942383,19.834999084472656,15.077895164489746,2876889
2021-12-01,19.84000015258789,20.059999465942383,19.76499938964844,19.979999542236328,15.188121795654297,1298103
2021-12-02,19.850000381469727,19.850000381469727,19.395000457763672,19.450000762939453,14.785235404968262,1154609
2021-12-03,19.52499961853028,19.53499984741211,19.299999237060547,19.43000030517578,14.77003002166748,891840
2021-12-06,19.584999084472656,19.81999969482422,19.530000686645508,19.81999969482422,15.06649398803711,1611852
2021-12-07,19.934999465942383,20.07999992370605,19.825000762939453,19.834999084472656,15.077895164489746,1296449
2021-12-08,19.84000015258789,20.059999465942383,19.614999771118164,19.684999465942383,14.963871955871582,942955
2021-12-09,19.799999237060547,19.850000381469727,19.63500022888184,19.76499938964844,15.02468490600586,2257188
2021-12-10,19.700000762939453,19.795000076293945,19.625,19.63500022888184,14.925864219665527,618164
2021-12-13,19.63500022888184,19.78499984741211,19.549999237060547,19.70499992370605,14.97907543182373,757412
2021-12-14,19.7450008392334,19.75,19.51000022888184,19.51000022888184,14.830846786499023,899389
2021-12-15,19.59000015258789,19.920000076293945,19.584999084472656,19.854999542236328,15.093098640441896,838767
2021-12-16,20.0,20.09000015258789,19.7450008392334,20.0,15.203325271606444,1244618
2021-12-17,20.059999465942383,20.14999961853028,19.549999237060547,19.665000915527344,14.948670387268066,2791978
2021-12-20,19.39999961853028,19.63500022888184,19.21999931335449,19.584999084472656,14.88785457611084,786792
2021-12-21,19.81999969482422,20.15999984741211,19.729999542236328,20.100000381469727,15.279339790344238,7801765
2021-12-22,20.06999969482422,20.190000534057617,19.950000762939453,20.07999992370605,15.264138221740724,2277934
2021-12-23,20.14999961853028,20.299999237060547,20.01000022888184,20.299999237060547,15.43137550354004,1109171
2021-12-27,20.299999237060547,20.3799991607666,20.14999961853028,20.200000762939453,15.35535717010498,1060401
2021-12-28,20.32999992370605,20.59000015258789,20.280000686645508,20.57999992370605,15.644222259521484,750448
2021-12-29,20.690000534057617,20.690000534057617,20.420000076293945,20.51000022888184,15.591009140014648,864126
2021-12-30,20.01000022888184,20.200000762939453,19.959999084472656,20.200000762939453,15.739049911499023,987374
2022-01-03,20.200000762939453,20.26000022888184,20.07999992370605,20.18000030517578,15.723467826843262,650649
2022-01-04,20.18000030517578,20.36000061035156,20.030000686645508,20.239999771118164,15.770214080810549,4814820
2022-01-05,20.07999992370605,20.11000061035156,19.780000686645508,19.790000915527344,15.419594764709473,3693555
2022-01-06,19.600000381469727,19.6200008392334,19.364999771118164,19.53499984741211,15.220907211303713,2828796
2022-01-07,19.540000915527344,19.559999465942383,19.309999465942383,19.38999938964844,15.107930183410645,994624
2022-01-10,19.475000381469727,19.559999465942383,19.23500061035156,19.325000762939453,15.057283401489258,1369338
2022-01-11,19.34499931335449,19.375,19.1299991607666,19.15999984741211,14.928722381591797,3725278
2022-01-12,19.2450008392334,19.45499992370605,19.174999237060547,19.34000015258789,15.068973541259766,1934145
2022-01-13,19.38500022888184,19.64999961853028,19.299999237060547,19.489999771118164,15.185845375061035,1621102
2022-01-14,19.3799991607666,19.3799991607666,19.05500030517578,19.19499969482422,14.955992698669434,1391658
2022-01-17,19.270000457763672,19.459999084472656,19.174999237060547,19.424999237060547,15.13520050048828,633138
2022-01-18,19.405000686645508,19.479999542236328,19.31999969482422,19.40999984741211,15.123513221740724,739746
2022-01-19,19.28499984741211,19.57999992370605,19.28499984741211,19.57999992370605,15.255970001220703,1648182
2022-01-20,19.600000381469727,19.93000030517578,19.52499961853028,19.93000030517578,15.528675079345703,1006330
2022-01-21,19.81999969482422,19.979999542236328,19.665000915527344,19.76000022888184,15.396221160888672,968398
2022-01-24,19.700000762939453,19.82999992370605,19.350000381469727,19.434999465942383,15.142990112304688,1148117
2022-01-25,19.530000686645508,19.6299991607666,19.3799991607666,19.420000076293945,15.131307601928713,836144
2022-01-26,19.479999542236328,19.799999237060547,19.479999542236328,19.625,15.29103183746338,738482
2022-01-27,19.51000022888184,20.280000686645508,19.46500015258789,20.280000686645508,15.801383018493652,1888126
2022-01-28,20.270000457763672,20.270000457763672,19.864999771118164,20.0,15.583216667175291,895388
2022-01-31,20.15999984741211,20.190000534057617,19.790000915527344,19.84499931335449,15.462448120117188,1022984
2022-02-01,20.0,20.1200008392334,19.77499961853028,19.795000076293945,15.423490524291992,899439
2022-02-02,19.850000381469727,19.895000457763672,19.565000534057617,19.7450008392334,15.38453197479248,1262849
2022-02-03,19.71500015258789,19.8799991607666,19.350000381469727,19.405000686645508,15.119617462158203,827821
2022-02-04,19.655000686645508,19.850000381469727,19.084999084472656,19.174999237060547,14.940412521362305,1265632
2022-02-07,19.28499984741211,19.3700008392334,18.739999771118164,18.739999771118164,14.601472854614258,1604825
2022-02-08,18.780000686645508,19.020000457763672,18.68000030517578,18.850000381469727,14.687182426452637,1043724
2022-02-09,19.049999237060547,19.290000915527344,19.01499938964844,19.01499938964844,14.815743446350098,862384
2022-02-10,19.049999237060547,19.174999237060547,18.71500015258789,18.86000061035156,14.694973945617676,1015961
2022-02-11,18.799999237060547,18.850000381469727,18.51000022888184,18.71999931335449,14.58588981628418,1425060
2022-02-14,18.5,18.51000022888184,18.200000762939453,18.32999992370605,14.28201961517334,1238329
2022-02-15,18.30500030517578,18.645000457763672,18.2450008392334,18.530000686645508,14.437850952148438,940818
2022-02-16,18.540000915527344,18.64999961853028,18.424999237060547,18.6299991607666,14.515767097473145,946858
2022-02-17,18.600000381469727,18.924999237060547,18.57999992370605,18.770000457763672,14.624850273132324,1055089
2022-02-18,18.790000915527344,18.8799991607666,18.57999992370605,18.770000457763672,14.624850273132324,1238255
2022-02-21,18.77499961853028,18.799999237060547,18.270000457763672,18.299999237060547,14.25864315032959,916113
2022-02-22,18.049999237060547,18.27499961853028,17.940000534057617,18.100000381469727,14.102811813354492,1196094
2022-02-23,18.100000381469727,18.875,18.100000381469727,18.645000457763672,14.527456283569336,1792336
2022-02-24,18.010000228881836,18.5,17.815000534057617,18.2450008392334,14.215791702270508,2430224
2022-02-25,18.38999938964844,19.545000076293945,18.30500030517578,19.46999931335449,15.170259475708008,4385135
2022-02-28,19.19499969482422,19.665000915527344,19.114999771118164,19.665000915527344,15.322200775146484,2021646
2022-03-01,19.59000015258789,19.65999984741211,18.09000015258789,18.19499969482422,14.176831245422363,3193871
2022-03-02,18.280000686645508,18.600000381469727,18.0049991607666,18.299999237060547,14.25864315032959,2261029
2022-03-03,18.14999961853028,18.295000076293945,17.770000457763672,17.889999389648438,13.939187049865724,1977108
2022-03-04,17.899999618530273,18.3700008392334,17.780000686645508,17.834999084472656,13.896333694458008,1547473
2022-03-07,17.56999969482422,18.2450008392334,17.05500030517578,17.979999542236328,14.009310722351074,1940593
2022-03-08,17.790000915527344,18.709999084472656,17.780000686645508,18.084999084472656,14.091123580932615,1796354
2022-03-09,18.39999961853028,18.77499961853028,18.23500061035156,18.77499961853028,14.628745079040527,2129778
2022-03-10,18.700000762939453,18.84000015258789,18.14999961853028,18.434999465942383,14.363831520080566,1268539
2022-03-11,18.549999237060547,18.76000022888184,18.209999084472656,18.420000076293945,14.352144241333008,1370917
2022-03-14,18.575000762939453,18.729999542236328,18.46500015258789,18.51499938964844,14.426162719726562,719338
2022-03-15,18.375,18.7450008392334,18.280000686645508,18.70499992370605,14.574204444885254,1091398
2022-03-16,18.88999938964844,18.950000762939453,18.40999984741211,18.5049991607666,14.418373107910156,1770222
2022-03-17,18.170000076293945,18.575000762939453,17.899999618530273,18.575000762939453,14.472914695739746,1485621
2022-03-18,18.520000457763672,18.73500061035156,18.424999237060547,18.479999542236328,14.398893356323242,2369517
2022-03-21,18.424999237060547,18.84499931335449,18.424999237060547,18.625,14.511873245239258,1159651
2022-03-22,18.684999465942383,18.729999542236328,18.295000076293945,18.71500015258789,14.58199691772461,839815
2022-03-23,18.78499984741211,18.80500030517578,18.170000076293945,18.170000076293945,14.157355308532717,871943
2022-03-24,18.2549991607666,18.450000762939453,18.13999938964844,18.450000762939453,14.37551975250244,1495636
2022-03-25,18.375,18.59499931335449,18.309999465942383,18.420000076293945,14.352144241333008,598811
2022-03-28,18.45499992370605,18.989999771118164,18.440000534057617,18.934999465942383,14.753411293029783,873868
2022-03-29,19.0,19.229999542236328,18.915000915527344,19.15999984741211,14.928722381591797,1103494
2022-03-30,19.200000762939453,19.34000015258789,18.975000381469727,19.31999969482422,15.053388595581056,1105946
2022-03-31,19.34499931335449,19.850000381469727,19.239999771118164,19.77499961853028,15.407906532287598,1981646
2022-04-01,19.850000381469727,19.864999771118164,19.479999542236328,19.625,15.29103183746338,997246
2022-04-04,19.700000762939453,19.7549991607666,19.1200008392334,19.2450008392334,14.994954109191896,1536709
2022-04-05,19.290000915527344,19.864999771118164,18.94499969482422,19.795000076293945,15.423490524291992,1174149
2022-04-06,19.7450008392334,20.059999465942383,19.71500015258789,20.059999465942383,15.629968643188477,938278
2022-04-07,20.07999992370605,20.309999465942383,19.790000915527344,19.81999969482422,15.442967414855955,2291805
2022-04-08,20.0,20.1299991607666,19.834999084472656,20.030000686645508,15.60659408569336,1047300
2022-04-11,19.920000076293945,20.1299991607666,19.55500030517578,19.61000061035156,15.279345512390137,1530950
2022-04-12,19.39999961853028,19.63500022888184,19.190000534057617,19.424999237060547,15.13520050048828,729709
2022-04-13,19.39999961853028,19.6200008392334,19.3700008392334,19.440000534057617,15.146888732910156,856081
2022-04-14,19.25,19.73500061035156,19.25,19.614999771118164,15.283241271972656,862371
2022-04-19,19.545000076293945,19.57999992370605,19.18000030517578,19.440000534057617,15.146888732910156,912289
2022-04-20,19.4950008392334,19.8799991607666,19.420000076293945,19.825000762939453,15.446864128112791,1300694
2022-04-21,19.875,20.06999969482422,19.799999237060547,19.86000061035156,15.47413444519043,1109955
2022-04-22,19.645000457763672,19.9950008392334,19.52499961853028,19.86000061035156,15.47413444519043,1397292
2022-04-25,19.63500022888184,20.25,19.5049991607666,20.020000457763672,15.598801612854004,874098
2022-04-26,20.13999938964844,20.309999465942383,19.93000030517578,20.020000457763672,15.598801612854004,989942
2022-04-27,19.940000534057617,20.290000915527344,19.790000915527344,20.200000762939453,15.739049911499023,749428
2022-04-28,20.290000915527344,20.440000534057617,20.01000022888184,20.25,15.778008460998535,1203064
2022-04-29,20.09000015258789,20.26000022888184,19.82999992370605,20.030000686645508,15.60659408569336,809585
2022-05-02,20.0,20.18000030517578,19.40999984741211,19.780000686645508,15.411802291870115,804582
2022-05-03,19.850000381469727,20.06999969482422,19.78499984741211,20.0,15.583216667175291,765186
2022-05-04,20.0,20.200000762939453,20.0,20.100000381469727,15.661134719848633,531861
2022-05-05,20.18000030517578,20.309999465942383,19.815000534057617,19.850000381469727,15.466344833374023,2153072
2022-05-06,19.76000022888184,20.049999237060547,19.625,19.68000030517578,15.333885192871094,757141
2022-05-09,19.700000762939453,19.915000915527344,19.290000915527344,19.290000915527344,15.03001308441162,900635
2022-05-10,19.540000915527344,19.575000762939453,18.600000381469727,19.045000076293945,14.839118003845217,1385654
2022-05-11,19.155000686645508,19.770000457763672,19.084999084472656,19.73500061035156,15.37674045562744,1365041
2022-05-12,19.700000762939453,20.020000457763672,19.56999969482422,19.604999542236328,15.27545166015625,1412883
2022-05-13,19.729999542236328,19.979999542236328,19.670000076293945,19.815000534057617,15.439074516296388,927149
2022-05-16,19.915000915527344,20.09000015258789,19.69499969482422,20.0,15.583216667175291,1030007
2022-05-17,20.01000022888184,20.229999542236328,19.875,19.950000762939453,15.544261932373049,1034108
2022-05-18,20.0,20.26000022888184,19.9950008392334,20.200000762939453,15.739049911499023,1081173
2022-05-19,20.100000381469727,20.770000457763672,19.88999938964844,20.65999984741211,16.097463607788086,1419035
2022-05-20,20.729999542236328,20.920000076293945,20.57999992370605,20.670000076293945,16.105255126953125,902924
2022-05-23,20.75,20.86000061035156,20.56999969482422,20.670000076293945,16.105255126953125,700988
2022-05-24,20.5,20.68000030517578,20.14999961853028,20.670000076293945,16.105255126953125,1319612
2022-05-25,20.799999237060547,20.920000076293945,20.64999961853028,20.850000381469727,16.245502471923828,798754
2022-05-26,20.86000061035156,21.059999465942383,20.84000015258789,20.959999084472656,16.33121109008789,856178
2022-05-27,21.020000457763672,21.049999237060547,20.61000061035156,20.86000061035156,16.253299713134766,992901
2022-05-30,20.920000076293945,21.020000457763672,20.709999084472656,20.780000686645508,16.190961837768555,530198
2022-05-31,20.82999992370605,20.89999961853028,20.59000015258789,20.6299991607666,16.074087142944336,1692113
2022-06-01,20.75,20.959999084472656,20.350000381469727,20.3799991607666,15.87929916381836,809395
2022-06-02,20.46999931335449,20.51000022888184,20.100000381469727,20.229999542236328,15.762425422668455,698949
2022-06-03,20.3700008392334,20.489999771118164,20.209999084472656,20.43000030517578,15.918258666992188,344815
2022-06-06,20.559999465942383,20.739999771118164,20.3799991607666,20.670000076293945,16.105255126953125,576853
2022-06-07,20.63999938964844,20.940000534057617,20.530000686645508,20.8799991607666,16.268878936767578,1183797
2022-06-08,20.920000076293945,20.96999931335449,20.51000022888184,20.6299991607666,16.074087142944336,790611
2022-06-09,20.559999465942383,20.82999992370605,20.450000762939453,20.76000022888184,16.17538070678711,1426355
2022-06-10,20.56999969482422,20.56999969482422,19.645000457763672,19.89999961853028,15.50529956817627,2873966
2022-06-13,19.700000762939453,19.90999984741211,19.64999961853028,19.80500030517578,15.431282997131348,1269489
2022-06-14,19.809999465942383,19.924999237060547,19.084999084472656,19.084999084472656,14.870285034179688,1695761
2022-06-15,19.354999542236328,19.7450008392334,19.26499938964844,19.479999542236328,15.178053855895996,1396076
2022-06-16,19.52499961853028,19.64999961853028,19.239999771118164,19.38500022888184,15.104034423828123,1398640
2022-06-17,19.38500022888184,19.39999961853028,19.07999992370605,19.084999084472656,14.870285034179688,1954984
2022-06-20,19.25,19.38999938964844,19.049999237060547,19.325000762939453,15.057283401489258,4089765
2022-06-21,19.375,19.43000030517578,18.540000915527344,18.76499938964844,14.620953559875488,1787614
2022-06-22,18.940000534057617,18.940000534057617,18.114999771118164,18.34499931335449,14.293705940246582,1923140
2022-06-23,18.290000915527344,18.684999465942383,18.09499931335449,18.51000022888184,14.422268867492676,1812223
2022-06-24,18.690000534057617,19.045000076293945,18.670000076293945,18.94499969482422,14.761202812194824,1405243
2022-06-27,19.0,19.174999237060547,18.57999992370605,18.834999084472656,14.675496101379396,1587852
2022-06-28,18.71999931335449,19.44499969482422,18.71999931335449,19.44499969482422,15.150782585144045,1611332
2022-06-29,18.5,18.6299991607666,18.14999961853028,18.36000061035156,15.029792785644531,1479113
2022-06-30,18.18000030517578,18.25,17.764999389648438,18.0,14.735090255737305,1993896
2022-07-01,17.985000610351562,18.584999084472656,17.905000686645508,18.549999237060547,15.185328483581545,984970
2022-07-04,18.600000381469727,18.739999771118164,18.45499992370605,18.45499992370605,15.10756015777588,1944940
2022-07-05,18.489999771118164,18.559999465942383,18.20499992370605,18.229999542236328,14.923372268676758,682272
2022-07-06,18.364999771118164,18.364999771118164,18.045000076293945,18.190000534057617,14.890626907348633,1466290
2022-07-07,18.25,18.36000061035156,18.09499931335449,18.19499969482422,14.894719123840332,1196694
2022-07-08,18.19499969482422,18.20499992370605,17.985000610351562,18.075000762939453,14.796486854553224,1351615
2022-07-11,18.010000228881836,18.2549991607666,17.96500015258789,18.2450008392334,14.93565273284912,2143929
2022-07-12,18.2450008392334,18.434999465942383,18.0049991607666,18.1299991607666,14.841510772705078,1106072
2022-07-13,18.0,18.1200008392334,17.844999313354492,17.934999465942383,14.681879997253418,962224
2022-07-14,17.8799991607666,17.885000228881836,17.459999084472656,17.594999313354492,14.40355110168457,1215403
2022-07-15,17.635000228881836,17.834999084472656,17.565000534057617,17.71500015258789,14.501786231994627,715710
2022-07-18,17.780000686645508,17.979999542236328,17.65999984741211,17.80500030517578,14.575461387634276,780470
2022-07-19,17.655000686645508,18.0,17.635000228881836,17.8799991607666,14.636856079101562,675150
2022-07-20,17.885000228881836,17.969999313354492,17.575000762939453,17.575000762939453,14.387178421020508,903030
2022-07-21,17.5049991607666,17.69499969482422,17.469999313354492,17.514999389648438,14.33806037902832,1309463
2022-07-22,17.5,17.795000076293945,17.5,17.770000457763672,14.546810150146484,453994
2022-07-25,17.670000076293945,17.80500030517578,17.584999084472656,17.704999923706055,14.493597984313965,794540
2022-07-26,17.71500015258789,17.975000381469727,17.674999237060547,17.94499969482422,14.690065383911133,696597
2022-07-27,18.07999992370605,18.26000022888184,17.6299991607666,17.96500015258789,14.706439018249512,652115
2022-07-28,17.854999542236328,17.979999542236328,17.1299991607666,17.760000228881836,14.53862190246582,2216157
2022-07-29,17.899999618530273,18.084999084472656,17.774999618530273,17.90999984741211,14.661415100097656,2306403
2022-08-01,17.8799991607666,18.20499992370605,17.8799991607666,17.950000762939453,14.694159507751465,892653
2022-08-02,17.899999618530273,17.96500015258789,17.764999389648438,17.850000381469727,14.612297058105469,865588
2022-08-03,17.78499984741211,17.895000457763672,17.665000915527344,17.700000762939453,14.489506721496582,1016808
2022-08-04,17.719999313354492,17.915000915527344,17.655000686645508,17.854999542236328,14.616390228271484,1056062
2022-08-05,17.770000457763672,17.889999389648438,17.670000076293945,17.78499984741211,14.559088706970217,590831
2022-08-08,17.895000457763672,18.11000061035156,17.834999084472656,18.084999084472656,14.804672241210938,683763
2022-08-09,18.07999992370605,18.239999771118164,17.94499969482422,18.23500061035156,14.92746639251709,796315
2022-08-10,18.2450008392334,18.295000076293945,18.059999465942383,18.09000015258789,14.80876636505127,504029
2022-08-11,18.125,18.174999237060547,17.989999771118164,18.06999969482422,14.79239273071289,595665
2022-08-12,18.020000457763672,18.209999084472656,18.0049991607666,18.040000915527344,14.76783561706543,595944
2022-08-15,18.09499931335449,18.18000030517578,18.0049991607666,18.14999961853028,14.857884407043455,396426
2022-08-16,18.18000030517578,18.450000762939453,18.18000030517578,18.440000534057617,15.095280647277832,626833
2022-08-17,18.450000762939453,18.450000762939453,18.200000762939453,18.26499938964844,14.95202350616455,572735
2022-08-18,18.25,18.315000534057617,18.075000762939453,18.200000762939453,14.898815155029297,588873
2022-08-19,18.125,18.209999084472656,18.0049991607666,18.15999984741211,14.866069793701172,738550
2022-08-22,18.11000061035156,18.270000457763672,17.950000762939453,18.270000457763672,14.956117630004885,722375
2022-08-23,18.13500022888184,18.2549991607666,17.969999313354492,18.010000228881836,14.743276596069336,948809
2022-08-24,17.989999771118164,18.170000076293945,17.950000762939453,18.09499931335449,14.812857627868652,575511
2022-08-25,18.114999771118164,18.26000022888184,18.030000686645508,18.11000061035156,14.825139045715332,271919
2022-08-26,18.14999961853028,18.200000762939453,17.80500030517578,17.864999771118164,14.624578475952148,668732
2022-08-29,17.729999542236328,17.829999923706055,17.530000686645508,17.764999389648438,14.542715072631836,584836
2022-08-30,17.75,17.8799991607666,17.5,17.5,14.325782775878906,952275
2022-08-31,17.479999542236328,17.565000534057617,17.030000686645508,17.100000381469727,13.998336791992188,2076111
2022-09-01,17.110000610351562,17.200000762939453,16.954999923706055,17.049999237060547,13.957406044006348,1146149
2022-09-02,17.125,17.295000076293945,16.905000686645508,17.2450008392334,14.117035865783691,733094
2022-09-05,17.15999984741211,17.21500015258789,16.985000610351562,17.21500015258789,14.092476844787598,658779
2022-09-06,17.270000457763672,17.329999923706055,16.979999542236328,17.020000457763672,13.93284797668457,582535
2022-09-07,16.979999542236328,17.770000457763672,16.979999542236328,17.549999237060547,14.36671257019043,1511043
2022-09-08,17.594999313354492,17.670000076293945,17.405000686645508,17.579999923706055,14.391270637512209,650229
2022-09-09,17.469999313354492,17.649999618530273,17.375,17.475000381469727,14.305317878723145,1173282
2022-09-12,17.5,17.770000457763672,17.385000228881836,17.735000610351562,14.51815700531006,733773
2022-09-13,17.799999237060547,18.0,17.524999618530273,17.53499984741211,14.3544340133667,1233508
2022-09-14,17.5,17.514999389648438,17.174999237060547,17.174999237060547,14.059732437133787,1003021
2022-09-15,17.149999618530273,17.780000686645508,16.905000686645508,17.520000457763672,14.342154502868652,1790461
2022-09-16,17.309999465942383,17.760000228881836,17.295000076293945,17.6299991607666,14.432202339172363,1949258
2022-09-19,17.5,17.665000915527344,17.30500030517578,17.5,14.325782775878906,439366
2022-09-20,17.760000228881836,17.989999771118164,17.280000686645508,17.299999237060547,14.16205883026123,1093773
2022-09-21,17.25,17.649999618530273,17.079999923706055,17.549999237060547,14.36671257019043,1299122
2022-09-22,17.415000915527344,17.549999237060547,17.315000534057617,17.3700008392334,14.21936321258545,814177
2022-09-23,17.375,17.424999237060547,16.81999969482422,16.950000762939453,13.875545501708984,1363931
2022-09-26,16.860000610351562,17.03499984741211,16.56999969482422,16.69499969482422,13.66679573059082,886575
2022-09-27,16.71500015258789,16.815000534057617,16.31999969482422,16.334999084472656,13.372095108032228,1123068
2022-09-28,16.200000762939453,16.510000228881836,16.030000686645508,16.31999969482422,13.35981559753418,1264331
2022-09-29,16.184999465942383,16.204999923706055,15.699999809265137,15.699999809265137,12.852272987365724,1936005
2022-09-30,15.704999923706056,15.734999656677246,15.369999885559082,15.420000076293944,12.623061180114746,1234795
2022-10-03,15.385000228881836,16.040000915527344,15.31999969482422,15.994999885559082,13.093765258789062,872072
2022-10-04,16.100000381469727,16.18000030517578,15.9399995803833,16.09000015258789,13.171534538269045,1206807
2022-10-05,16.010000228881836,16.03499984741211,15.664999961853027,15.734999656677246,12.880926132202148,699324
2022-10-06,15.779999732971191,15.859999656677246,15.359999656677246,15.43000030517578,12.631247520446776,768080
2022-10-07,15.359999656677246,15.600000381469728,15.270000457763672,15.270000457763672,12.50026798248291,997037
2022-10-10,15.270000457763672,15.279999732971191,15.09000015258789,15.154999732971191,12.4061279296875,816551
2022-10-11,15.09000015258789,15.164999961853027,14.640000343322754,14.71500015258789,12.045937538146973,1497428
2022-10-12,14.710000038146973,14.859999656677246,14.369999885559082,14.375,11.767605781555176,1796768
2022-10-13,14.279999732971191,14.505000114440918,14.06999969482422,14.270000457763672,11.681653022766112,1428293
2022-10-14,14.539999961853027,14.93000030517578,14.4350004196167,14.81999969482422,12.131892204284668,1662534
2022-10-17,14.859999656677246,15.149999618530272,14.675000190734863,15.104999542236328,12.36519718170166,1947991
2022-10-18,15.109999656677246,15.359999656677246,15.085000038146973,15.21500015258789,12.455245018005373,1233378
2022-10-19,15.225000381469728,15.229999542236328,14.920000076293944,15.045000076293944,12.316080093383787,913426
2022-10-20,15.024999618530272,15.170000076293944,14.9350004196167,15.09000015258789,12.35291862487793,944088
2022-10-21,15.020000457763672,15.0600004196167,14.78499984741211,14.880000114440918,12.181008338928224,805264
2022-10-24,14.970000267028809,15.399999618530272,14.970000267028809,15.3149995803833,12.53710651397705,987587
2022-10-25,15.350000381469728,15.56999969482422,15.234999656677246,15.5649995803833,12.74176025390625,630982
2022-10-26,15.595000267028809,15.824999809265137,15.470000267028809,15.824999809265137,12.954601287841797,835352
2022-10-27,15.829999923706056,16.59000015258789,15.65999984741211,16.479999542236328,13.490792274475098,1620090
2022-10-28,16.360000610351562,16.829999923706055,16.350000381469727,16.704999923706055,13.674982070922852,1298342
2022-10-31,16.68000030517578,16.885000228881836,16.614999771118164,16.885000228881836,13.822335243225098,1615086
2022-11-01,16.959999084472656,17.125,16.770000457763672,16.864999771118164,13.805962562561035,842959
2022-11-02,16.899999618530273,16.924999237060547,16.68000030517578,16.8799991607666,13.81824016571045,1022530
2022-11-03,16.729999542236328,16.739999771118164,16.514999389648438,16.610000610351562,13.597214698791504,958913
2022-11-04,16.690000534057617,16.850000381469727,16.100000381469727,16.655000686645508,13.634053230285645,1263329
2022-11-07,16.704999923706055,16.915000915527344,16.549999237060547,16.600000381469727,13.589028358459473,1200004
2022-11-08,16.600000381469727,17.459999084472656,16.44499969482422,17.3799991607666,14.227548599243164,2231199
2022-11-09,17.389999389648438,17.84000015258789,17.260000228881836,17.719999313354492,14.505878448486328,1574605
2022-11-10,17.760000228881836,18.049999237060547,17.584999084472656,17.9950008392334,14.730998992919922,1537713
2022-11-11,18.049999237060547,18.049999237060547,17.485000610351562,17.71500015258789,14.501786231994627,1409784
2022-11-14,17.924999237060547,18.13999938964844,17.770000457763672,17.920000076293945,14.669600486755373,1304420
2022-11-15,17.989999771118164,18.31999969482422,17.950000762939453,18.31999969482422,14.997048377990724,1765320
2022-11-16,18.280000686645508,18.549999237060547,18.21500015258789,18.51000022888184,15.15258502960205,1128867
2022-11-17,18.5,18.57999992370605,18.03499984741211,18.174999237060547,14.878347396850586,1302837
2022-11-18,18.39999961853028,18.65999984741211,18.354999542236328,18.65999984741211,15.275378227233888,1822705
2022-11-21,18.55500030517578,18.80500030517578,18.549999237060547,18.77499961853028,15.369515419006348,918829
2022-11-22,18.834999084472656,19.190000534057617,18.770000457763672,19.114999771118164,15.64784812927246,1555140
2022-11-23,18.600000381469727,18.600000381469727,17.75,18.13999938964844,14.849698066711426,4725540
2022-11-24,18.13999938964844,18.31999969482422,17.985000610351562,18.20499992370605,14.90290641784668,1698032
2022-11-25,18.26000022888184,18.299999237060547,17.854999542236328,17.93000030517578,14.677789688110352,1963313
2022-11-28,17.93000030517578,18.03499984741211,17.665000915527344,17.719999313354492,14.505878448486328,1507069
2022-11-29,17.719999313354492,17.790000915527344,17.44499969482422,17.545000076293945,14.36262035369873,1411681
2022-11-30,17.475000381469727,17.700000762939453,17.469999313354492,17.700000762939453,14.489506721496582,2279225
2022-12-01,17.850000381469727,18.13999938964844,17.75,17.959999084472656,14.702346801757812,1452413
2022-12-02,17.924999237060547,18.059999465942383,17.850000381469727,17.924999237060547,14.673696517944336,878822
2022-12-05,17.924999237060547,18.049999237060547,17.80500030517578,17.969999313354492,14.710531234741213,917654
2022-12-06,17.954999923706055,18.1299991607666,17.844999313354492,17.950000762939453,14.694159507751465,740188
2022-12-07,17.954999923706055,18.09499931335449,17.885000228881836,17.90999984741211,14.661415100097656,1034110
2022-12-08,17.899999618530273,17.94499969482422,17.575000762939453,17.704999923706055,14.493597984313965,1188688
2022-12-09,17.719999313354492,17.834999084472656,17.6299991607666,17.834999084472656,14.600017547607422,872787
2022-12-12,17.760000228881836,17.81999969482422,17.6299991607666,17.684999465942383,14.477229118347168,1035394
2022-12-13,17.69499969482422,18.045000076293945,17.485000610351562,17.80500030517578,14.575461387634276,1188644
2022-12-14,17.80500030517578,18.040000915527344,17.780000686645508,18.040000915527344,14.76783561706543,1048186
2022-12-15,17.950000762939453,18.065000534057617,17.6200008392334,17.6200008392334,14.42401885986328,924193
2022-12-16,17.575000762939453,17.725000381469727,17.354999542236328,17.4950008392334,14.32168960571289,2544032
2022-12-19,17.4950008392334,17.674999237060547,17.424999237060547,17.4950008392334,14.32168960571289,781587
2022-12-20,17.450000762939453,17.625,17.274999618530273,17.545000076293945,14.36262035369873,704936
2022-12-21,17.639999389648438,17.770000457763672,17.53499984741211,17.725000381469727,14.509971618652344,702368
2022-12-22,17.760000228881836,17.885000228881836,17.739999771118164,17.80500030517578,14.575461387634276,650528
2022-12-23,17.799999237060547,17.815000534057617,17.579999923706055,17.700000762939453,14.489506721496582,551300
2022-12-27,17.760000228881836,17.875,17.614999771118164,17.65999984741211,14.456762313842772,662381
2022-12-28,17.65999984741211,17.795000076293945,17.614999771118164,17.6200008392334,14.42401885986328,708448
2022-12-29,17.579999923706055,17.93000030517578,17.524999618530273,17.8799991607666,14.636856079101562,890095
2022-12-30,17.854999542236328,17.8700008392334,17.6299991607666,17.635000228881836,14.436296463012695,1854822
2023-01-02,17.75,17.979999542236328,17.645000457763672,17.920000076293945,14.669600486755373,528063
2023-01-03,17.899999618530273,18.19499969482422,17.770000457763672,18.0049991607666,14.73918342590332,1185399
2023-01-04,18.100000381469727,18.75,18.100000381469727,18.684999465942383,15.295842170715332,2089191
2023-01-05,18.59000015258789,18.75,18.39999961853028,18.475000381469727,15.123934745788574,1641596
2023-01-06,18.51499938964844,18.809999465942383,18.39999961853028,18.80500030517578,15.394075393676758,821399
2023-01-09,18.36000061035156,18.540000915527344,18.184999465942383,18.479999542236328,15.128026962280272,1737386
2023-01-10,18.420000076293945,18.84499931335449,18.354999542236328,18.709999084472656,15.316307067871094,1798617
2023-01-11,18.75,18.96999931335449,18.690000534057617,18.690000534057617,15.29993724822998,1287193
2023-01-12,18.75,18.94499969482422,18.530000686645508,18.729999542236328,15.332680702209473,1181872
2023-01-13,18.700000762939453,18.76000022888184,18.55500030517578,18.57999992370605,15.209888458251951,899749
2023-01-16,18.645000457763672,18.77499961853028,18.530000686645508,18.7549991607666,15.35314655303955,519346
2023-01-17,18.674999237060547,18.795000076293945,18.51000022888184,18.76499938964844,15.361332893371582,861008
2023-01-18,18.7450008392334,18.7450008392334,18.479999542236328,18.51499938964844,15.156678199768066,1181312
2023-01-19,18.459999084472656,18.549999237060547,18.125,18.30500030517578,14.984768867492676,1038086
2023-01-20,18.350000381469727,18.51000022888184,18.26000022888184,18.34000015258789,15.013421058654783,1038423
2023-01-23,18.38500022888184,18.450000762939453,18.229999542236328,18.375,15.042072296142578,866360
2023-01-24,18.295000076293945,18.420000076293945,18.239999771118164,18.38999938964844,15.054351806640623,609280
2023-01-25,18.440000534057617,18.46999931335449,18.229999542236328,18.34499931335449,15.017511367797852,703060
2023-01-26,18.39999961853028,18.39999961853028,18.104999542236328,18.23500061035156,14.92746639251709,1022396
2023-01-27,18.280000686645508,18.34000015258789,18.165000915527344,18.290000915527344,14.972489356994627,562109
2023-01-30,18.295000076293945,18.420000076293945,18.23500061035156,18.350000381469727,15.021607398986816,692292
2023-01-31,18.295000076293945,18.364999771118164,18.18000030517578,18.270000457763672,14.956117630004885,900428
2023-02-01,18.27499961853028,18.325000762939453,18.114999771118164,18.200000762939453,14.898815155029297,699847
2023-02-02,18.25,18.375,18.09499931335449,18.34499931335449,15.017511367797852,1045866
2023-02-03,18.299999237060547,18.34499931335449,18.13999938964844,18.26499938964844,14.95202350616455,811283
2023-02-06,18.19499969482422,18.26499938964844,18.100000381469727,18.23500061035156,14.92746639251709,462651
2023-02-07,18.280000686645508,18.325000762939453,18.09499931335449,18.170000076293945,14.87425708770752,597936
2023-02-08,18.19499969482422,18.299999237060547,18.1299991607666,18.200000762939453,14.898815155029297,916608
2023-02-09,18.21500015258789,18.30500030517578,18.13500022888184,18.13500022888184,14.845602989196776,548171
2023-02-10,18.100000381469727,18.239999771118164,18.0049991607666,18.1200008392334,14.833325386047363,533058
2023-02-13,18.155000686645508,18.27499961853028,18.09000015258789,18.27499961853028,14.960209846496582,681425
2023-02-14,18.295000076293945,18.520000457763672,18.21999931335449,18.4950008392334,15.140307426452637,1340592
2023-02-15,18.64999961853028,18.815000534057617,18.600000381469727,18.770000457763672,15.365426063537598,1155361
2023-02-16,18.850000381469727,18.89999961853028,18.545000076293945,18.71500015258789,15.320399284362791,858837
2023-02-17,18.700000762939453,19.084999084472656,18.625,19.045000076293945,15.590543746948242,1472764
2023-02-20,19.100000381469727,19.325000762939453,18.84499931335449,18.8799991607666,15.455472946166992,1131358
2023-02-21,18.354999542236328,19.020000457763672,18.239999771118164,18.82999992370605,15.414542198181152,1059690
2023-02-22,18.80500030517578,18.80500030517578,18.44499969482422,18.670000076293945,15.283564567565918,837653
2023-02-23,18.625,18.665000915527344,18.45499992370605,18.53499984741211,15.173049926757812,967178
2023-02-24,18.88999938964844,18.950000762939453,18.440000534057617,18.61000061035156,15.234447479248049,1297668
2023-02-27,18.75,18.780000686645508,18.63500022888184,18.725000381469727,15.328588485717772,863185
2023-02-28,18.674999237060547,18.7549991607666,18.450000762939453,18.56999969482422,15.201701164245604,1362865
2023-03-01,18.584999084472656,18.59499931335449,18.1299991607666,18.155000686645508,14.861977577209473,1285792
2023-03-02,18.114999771118164,18.26000022888184,18.030000686645508,18.225000381469727,14.91928005218506,924610
2023-03-03,18.315000534057617,18.38999938964844,18.21999931335449,18.295000076293945,14.976582527160645,954656
2023-03-06,18.3700008392334,18.434999465942383,18.15999984741211,18.26499938964844,14.95202350616455,764420
2023-03-07,18.270000457763672,18.46999931335449,18.26499938964844,18.280000686645508,14.96430492401123,1061329
2023-03-08,18.93000030517578,19.299999237060547,18.520000457763672,19.100000381469727,15.635568618774414,4516119
2023-03-09,19.13500022888184,19.28499984741211,18.88999938964844,18.975000381469727,15.533243179321287,1513436
2023-03-10,18.93000030517578,19.049999237060547,18.84000015258789,18.90999984741211,15.480031967163086,1173818
2023-03-13,18.854999542236328,18.905000686645508,18.375,18.604999542236328,15.230352401733398,1702471
2023-03-14,18.665000915527344,19.09499931335449,18.665000915527344,18.88500022888184,15.45956802368164,1754707
2023-03-15,19.049999237060547,19.09499931335449,18.46500015258789,18.489999771118164,15.136212348937988,2300359
2023-03-16,18.625,18.905000686645508,18.55500030517578,18.795000076293945,15.385890007019045,1783652
2023-03-17,18.84499931335449,18.98500061035156,18.290000915527344,18.52499961853028,15.16486358642578,20132837
2023-03-20,18.440000534057617,18.934999465942383,18.39999961853028,18.934999465942383,15.500496864318848,1548199
2023-03-21,18.950000762939453,19.155000686645508,18.905000686645508,19.14999961853028,15.676499366760254,1248028
2023-03-22,19.14999961853028,19.309999465942383,19.065000534057617,19.290000915527344,15.791104316711426,1093081
2023-03-23,19.350000381469727,19.440000534057617,19.155000686645508,19.38500022888184,15.86887264251709,923861
2023-03-24,19.309999465942383,19.309999465942383,18.934999465942383,19.040000915527344,15.58645248413086,1373489
2023-03-27,19.190000534057617,19.479999542236328,19.075000762939453,19.415000915527344,15.893431663513184,943792
2023-03-28,19.450000762939453,19.55500030517578,19.34000015258789,19.46999931335449,15.938456535339355,1136154
2023-03-29,19.479999542236328,19.57999992370605,19.395000457763672,19.549999237060547,16.00394630432129,747562
2023-03-30,19.600000381469727,19.850000381469727,19.584999084472656,19.73500061035156,16.15538787841797,1086764
2023-03-31,19.70499992370605,20.040000915527344,19.64999961853028,20.0,16.372323989868164,2525914
2023-04-03,20.0,20.049999237060547,19.59000015258789,19.84499931335449,16.245437622070312,977840
2023-04-04,19.81999969482422,20.030000686645508,19.81999969482422,19.95499992370605,16.335485458374023,832677
2023-04-05,19.979999542236328,20.170000076293945,19.979999542236328,20.1200008392334,16.470558166503906,1439594
2023-04-06,20.170000076293945,20.489999771118164,20.1200008392334,20.350000381469727,16.658838272094727,1285814
2023-04-11,20.36000061035156,20.479999542236328,20.170000076293945,20.280000686645508,16.60153579711914,1272444
2023-04-12,20.25,20.46999931335449,20.25,20.43000030517578,16.724328994750977,913379
2023-04-13,20.46999931335449,20.46999931335449,20.11000061035156,20.270000457763672,16.59334945678711,1851428
2023-04-14,20.350000381469727,20.36000061035156,19.670000076293945,19.75,16.167667388916016,2018519
2023-04-17,19.780000686645508,20.020000457763672,19.75,19.799999237060547,16.20859718322754,1077649
2023-04-18,19.825000762939453,19.84499931335449,19.600000381469727,19.71500015258789,16.13901710510254,1489210
2023-04-19,19.780000686645508,20.059999465942383,19.725000381469727,19.975000381469727,16.351858139038086,1002399
2023-04-20,19.93000030517578,20.100000381469727,19.920000076293945,20.01000022888184,16.380510330200195,955702
2023-04-21,20.09000015258789,20.190000534057617,19.959999084472656,20.059999465942383,16.42144203186035,2078009
2023-04-24,19.729999542236328,19.915000915527344,19.61000061035156,19.700000762939453,16.126737594604492,1800275
2023-04-25,19.700000762939453,19.815000534057617,19.57999992370605,19.809999465942383,16.216785430908203,1028283
2023-04-26,19.8799991607666,19.96500015258789,19.64999961853028,19.739999771118164,16.159482955932617,1521162
2023-04-27,19.770000457763672,20.299999237060547,19.739999771118164,20.26000022888184,16.585163116455078,1344867
2023-04-28,20.25,20.3799991607666,20.1299991607666,20.3700008392334,16.67521095275879,2073518
2023-05-02,20.39999961853028,20.43000030517578,20.1200008392334,20.21999931335449,16.552417755126953,1476029
2023-05-03,20.21999931335449,20.36000061035156,20.18000030517578,20.34000015258789,16.650650024414062,1181990
2023-05-04,20.290000915527344,20.39999961853028,19.9950008392334,20.38999938964844,16.69158172607422,1122273
2023-05-05,20.450000762939453,20.479999542236328,20.14999961853028,20.420000076293945,16.716140747070312,1308309
2023-05-08,20.38999938964844,20.489999771118164,20.26000022888184,20.290000915527344,16.609722137451172,714316
2023-05-09,20.479999542236328,20.479999542236328,19.709999084472656,19.96999931335449,16.34776496887207,2054779
2023-05-10,20.100000381469727,20.100000381469727,19.690000534057617,19.76499938964844,16.179946899414062,1273119
2023-05-11,19.799999237060547,19.90999984741211,19.709999084472656,19.88500022888184,16.278182983398438,801793
2023-05-12,19.96500015258789,20.229999542236328,19.940000534057617,20.030000686645508,16.396883010864258,1720885
2023-05-15,20.190000534057617,20.209999084472656,19.979999542236328,19.98500061035156,16.360042572021484,688360
2023-05-16,20.01000022888184,20.190000534057617,19.915000915527344,19.96999931335449,16.34776496887207,662006
2023-05-17,19.90999984741211,19.96999931335449,19.780000686645508,19.86000061035156,16.257715225219727,620623
2023-05-18,19.98500061035156,19.989999771118164,19.56999969482422,19.670000076293945,16.10218048095703,919235
2023-05-19,19.729999542236328,19.94499969482422,19.625,19.94499969482422,16.327301025390625,1153041
2023-05-22,19.93000030517578,20.15999984741211,19.93000030517578,20.040000915527344,16.405067443847656,868918
2023-05-23,20.020000457763672,20.229999542236328,20.0,20.09000015258789,16.446001052856445,878553
2023-05-24,20.0,20.0,19.770000457763672,19.825000762939453,16.229066848754883,1565880
2023-05-25,19.8700008392334,19.98500061035156,19.709999084472656,19.73500061035156,16.15538787841797,740192
2023-05-26,19.850000381469727,20.049999237060547,19.64999961853028,19.979999542236328,16.35594940185547,812061
2023-05-29,20.15999984741211,20.21999931335449,19.780000686645508,20.020000457763672,16.388694763183594,549895
2023-05-30,20.06999969482422,20.43000030517578,20.040000915527344,20.31999969482422,16.634281158447266,1672820
2023-05-31,20.200000762939453,20.489999771118164,20.18000030517578,20.229999542236328,16.560604095458984,2571948
2023-06-01,20.31999969482422,20.729999542236328,20.280000686645508,20.729999542236328,16.969913482666016,1393807
2023-06-02,20.75,20.96999931335449,20.520000457763672,20.96999931335449,17.166379928588867,1363319
2023-06-05,20.989999771118164,21.200000762939453,20.850000381469727,21.14999961853028,17.313732147216797,994772
2023-06-06,21.14999961853028,21.38999938964844,21.09000015258789,21.31999969482422,17.452896118164062,1302973
2023-06-07,21.31999969482422,21.450000762939453,21.209999084472656,21.36000061035156,17.485641479492188,1065634
2023-06-08,21.36000061035156,21.450000762939453,21.0,21.059999465942383,17.240055084228516,1174196
2023-06-09,21.100000381469727,21.229999542236328,21.040000915527344,21.059999465942383,17.240055084228516,1167880
2023-06-12,21.170000076293945,21.170000076293945,20.82999992370605,21.01000022888184,17.199125289916992,1693198
2023-06-13,21.059999465942383,21.06999969482422,20.670000076293945,20.71999931335449,16.961727142333984,1505415
2023-06-14,20.71999931335449,21.020000457763672,20.690000534057617,20.920000076293945,17.125450134277344,1832135
2023-06-15,20.799999237060547,20.920000076293945,20.729999542236328,20.809999465942383,17.035402297973633,6399734
2023-06-16,20.440000534057617,21.18000030517578,20.299999237060547,20.959999084472656,17.158193588256836,3878417
2023-06-19,21.06999969482422,21.06999969482422,20.790000915527344,20.89999961853028,17.10907745361328,1644245
2023-06-20,20.89999961853028,21.229999542236328,20.89999961853028,21.13999938964844,17.3055477142334,4348912
2023-06-21,21.100000381469727,21.1200008392334,20.90999984741211,21.100000381469727,17.272802352905273,1564353
2023-06-22,21.13999938964844,21.13999938964844,20.86000061035156,20.950000762939453,17.150009155273438,1229938
2023-06-23,20.920000076293945,20.950000762939453,20.709999084472656,20.850000381469727,17.068143844604492,1704594
2023-06-26,21.350000381469727,21.350000381469727,20.770000457763672,21.11000061035156,17.280988693237305,3961763
2023-06-27,21.209999084472656,21.34000015258789,21.06999969482422,21.34000015258789,17.469268798828125,1235178
2023-06-28,21.38999938964844,21.51000022888184,21.309999465942383,21.450000762939453,17.559316635131836,1772588
2023-06-29,19.89999961853028,19.96999931335449,19.51000022888184,19.655000686645508,17.374040603637695,2518254
2023-06-30,19.684999465942383,19.825000762939453,19.57999992370605,19.64999961853028,17.369619369506836,1575104
2023-07-03,19.549999237060547,19.81999969482422,19.51000022888184,19.81999969482422,17.519895553588867,2308099
2023-07-04,20.01000022888184,20.049999237060547,19.81999969482422,19.86000061035156,17.55525016784668,1136036
2023-07-05,19.8700008392334,20.1299991607666,19.709999084472656,19.709999084472656,17.422657012939453,1445106
2023-07-06,19.63999938964844,19.84499931335449,19.375,19.375,17.12653350830078,982285
2023-07-07,19.3700008392334,19.479999542236328,19.18000030517578,19.43000030517578,17.175151824951172,981995
2023-07-10,19.3700008392334,19.434999465942383,19.21500015258789,19.290000915527344,17.05139923095703,1993833
2023-07-11,19.450000762939453,19.56999969482422,19.34000015258789,19.44499969482422,17.18840980529785,613239
2023-07-12,19.440000534057617,19.6200008392334,19.395000457763672,19.604999542236328,17.329843521118164,680636
2023-07-13,19.70499992370605,19.80500030517578,19.61000061035156,19.700000762939453,17.413818359375,589828
2023-07-14,19.700000762939453,19.7450008392334,19.549999237060547,19.63999938964844,17.36077880859375,586264
2023-07-17,19.655000686645508,19.790000915527344,19.559999465942383,19.575000762939453,17.303325653076172,604010
2023-07-18,19.549999237060547,19.55500030517578,19.34499931335449,19.34499931335449,17.10001564025879,808187
2023-07-19,19.36000061035156,19.46999931335449,19.155000686645508,19.34499931335449,17.10001564025879,707853
2023-07-20,19.38999938964844,19.6299991607666,19.3799991607666,19.614999771118164,17.338682174682617,1007407
2023-07-21,19.75,19.875,19.670000076293945,19.84499931335449,17.5419921875,922980
2023-07-24,19.239999771118164,19.51000022888184,18.920000076293945,19.299999237060547,17.060237884521484,2075825
2023-07-25,19.364999771118164,19.709999084472656,19.1299991607666,19.354999542236328,17.108856201171875,1055611
2023-07-26,19.299999237060547,19.51499938964844,19.045000076293945,19.51499938964844,17.250288009643555,1487755
2023-07-27,19.56999969482422,19.86000061035156,19.489999771118164,19.68000030517578,17.396141052246094,1103785
2023-07-28,19.530000686645508,19.69499969482422,19.489999771118164,19.59000015258789,17.31658363342285,757508
2023-07-31,19.59000015258789,19.6299991607666,19.415000915527344,19.48500061035156,17.223772048950195,1032529
2023-08-01,19.520000457763672,19.52499961853028,19.2549991607666,19.2549991607666,17.020458221435547,751206
2023-08-02,19.165000915527344,19.19499969482422,18.780000686645508,18.780000686645508,16.600584030151367,1442068
2023-08-03,18.780000686645508,18.924999237060547,18.674999237060547,18.7549991607666,16.578487396240234,969310
2023-08-04,18.809999465942383,18.950000762939453,18.729999542236328,18.950000762939453,16.750856399536133,1640078
2023-08-07,18.89999961853028,18.975000381469727,18.6200008392334,18.80500030517578,16.622682571411133,570979
2023-08-08,18.729999542236328,19.03499984741211,18.709999084472656,18.8700008392334,16.68014144897461,732483
2023-08-09,18.950000762939453,19.1299991607666,18.790000915527344,18.895000457763672,16.702239990234375,894636
2023-08-10,18.989999771118164,19.165000915527344,18.989999771118164,19.145000457763672,16.923227310180664,916136
2023-08-11,19.11000061035156,19.23500061035156,19.03499984741211,19.03499984741211,16.82598876953125,440203
2023-08-14,19.049999237060547,19.114999771118164,18.959999084472656,19.01499938964844,16.808311462402344,419768
2023-08-15,19.030000686645508,19.06999969482422,18.670000076293945,18.75,16.574068069458008,561409
2023-08-16,18.709999084472656,18.959999084472656,18.700000762939453,18.795000076293945,16.613842010498047,660451
2023-08-17,18.76499938964844,18.80500030517578,18.51000022888184,18.530000686645508,16.37959861755371,1774931
2023-08-18,18.549999237060547,18.700000762939453,18.45499992370605,18.63999938964844,16.476831436157227,613363
2023-08-21,18.64999961853028,18.8799991607666,18.51499938964844,18.584999084472656,16.428211212158203,925074
2023-08-22,18.655000686645508,18.7450008392334,18.549999237060547,18.59000015258789,16.432634353637695,442570
2023-08-23,18.670000076293945,19.065000534057617,18.670000076293945,18.799999237060547,16.618261337280273,450822
2023-08-24,18.86000061035156,18.975000381469727,18.809999465942383,18.854999542236328,16.666879653930664,367765
2023-08-25,18.82999992370605,19.09000015258789,18.77499961853028,19.02499961853028,16.81715202331543,496402
2023-08-28,19.07999992370605,19.1299991607666,19.030000686645508,19.040000915527344,16.830411911010742,64604
2023-08-29,19.174999237060547,19.440000534057617,19.14999961853028,19.395000457763672,17.144214630126953,654302
2023-08-30,19.395000457763672,19.40999984741211,19.1299991607666,19.26499938964844,17.029300689697266,675871
2023-08-31,19.2549991607666,19.44499969482422,19.18000030517578,19.18000030517578,16.954166412353516,1801843
2023-09-01,19.18000030517578,19.325000762939453,19.059999465942383,19.100000381469727,16.883447647094727,469219
2023-09-04,19.114999771118164,19.15999984741211,18.78499984741211,18.81999969482422,16.635942459106445,1094513
2023-09-05,18.799999237060547,19.01499938964844,18.7549991607666,18.77499961853028,16.596160888671875,291539
2023-09-06,18.75,18.88999938964844,18.665000915527344,18.82999992370605,16.64478302001953,591806
2023-09-07,18.799999237060547,19.190000534057617,18.77499961853028,19.13999938964844,16.918804168701172,1030317
2023-09-08,19.209999084472656,19.239999771118164,18.895000457763672,19.18000030517578,16.954166412353516,564246
2023-09-11,19.225000381469727,19.325000762939453,19.1299991607666,19.21999931335449,16.98952293395996,2681649
2023-09-12,19.299999237060547,19.44499969482422,19.25,19.36000061035156,17.113277435302734,921500
2023-09-13,19.299999237060547,19.364999771118164,19.09000015258789,19.364999771118164,17.117694854736328,1569517
2023-09-14,19.39999961853028,19.64999961853028,19.364999771118164,19.64999961853028,17.369619369506836,940329
2023-09-15,19.76000022888184,19.88999938964844,19.700000762939453,19.8700008392334,17.564090728759766,3116431
2023-09-18,19.770000457763672,19.98500061035156,19.674999237060547,19.920000076293945,17.608287811279297,944422
2023-09-19,19.88999938964844,20.059999465942383,19.88500022888184,20.01000022888184,17.68784523010254,1043015
2023-09-20,20.049999237060547,20.18000030517578,19.88500022888184,20.18000030517578,17.838115692138672,1298644
2023-09-21,20.1299991607666,20.18000030517578,19.78499984741211,20.01000022888184,17.68784523010254,1345016
2023-09-22,19.84000015258789,19.94499969482422,19.709999084472656,19.80500030517578,17.506633758544922,639147
2023-09-25,19.770000457763672,19.81999969482422,19.450000762939453,19.55500030517578,17.285646438598633,480676
2023-09-26,19.46999931335449,19.655000686645508,19.334999084472656,19.5,17.237028121948242,838530
2023-09-27,19.440000534057617,19.44499969482422,19.229999542236328,19.28499984741211,17.046977996826172,851555
2023-09-28,19.280000686645508,19.489999771118164,19.209999084472656,19.21999931335449,16.98952293395996,1351980
2023-09-29,19.32999992370605,19.5,19.270000457763672,19.27499961853028,17.03813934326172,846955
2023-10-02,19.315000534057617,19.32999992370605,18.59000015258789,18.59000015258789,16.432634353637695,2182411
2023-10-03,18.61000061035156,18.684999465942383,18.209999084472656,18.354999542236328,16.22490692138672,1606529
2023-10-04,18.43000030517578,18.77499961853028,18.34499931335449,18.45499992370605,16.31329917907715,1243358
2023-10-05,18.6299991607666,18.799999237060547,18.53499984741211,18.7450008392334,16.56964683532715,873616
2023-10-06,18.7450008392334,18.84000015258789,18.5,18.795000076293945,16.613842010498047,699538
2023-10-09,18.88500022888184,19.059999465942383,18.84000015258789,19.045000076293945,16.834829330444336,877563
2023-10-10,19.14999961853028,19.315000534057617,19.040000915527344,19.19499969482422,16.967422485351562,1118696
2023-10-11,19.15999984741211,19.44499969482422,19.114999771118164,19.299999237060547,17.060237884521484,1032616
2023-10-12,19.34000015258789,19.450000762939453,19.13500022888184,19.21999931335449,16.98952293395996,1299347
2023-10-13,19.299999237060547,19.440000534057617,19.15999984741211,19.2549991607666,17.020458221435547,740251
2023-10-16,19.25,19.34000015258789,19.09000015258789,19.200000762939453,16.971843719482422,693982
2023-10-17,19.200000762939453,19.334999084472656,19.020000457763672,19.100000381469727,16.883447647094727,743605
2023-10-18,19.05500030517578,19.11000061035156,18.975000381469727,18.979999542236328,16.777374267578125,1958664
2023-10-19,18.924999237060547,19.145000457763672,18.77499961853028,19.030000686645508,16.821571350097656,766584
2023-10-20,18.84000015258789,18.94499969482422,18.450000762939453,18.57999992370605,16.42379379272461,1735755
2023-10-23,18.57999992370605,18.6299991607666,18.36000061035156,18.4950008392334,16.348661422729492,771224
2023-10-24,18.405000686645508,18.475000381469727,17.915000915527344,18.065000534057617,15.96855926513672,2053244
2023-10-25,18.09499931335449,18.13500022888184,17.760000228881836,17.94499969482422,15.862483978271484,1180939
2023-10-26,17.899999618530273,18.1299991607666,17.729999542236328,17.8700008392334,15.79619026184082,1121719
2023-10-27,17.899999618530273,17.950000762939453,17.739999771118164,17.895000457763672,15.818289756774902,1114905
2023-10-30,18.045000076293945,18.280000686645508,17.96500015258789,17.985000610351562,15.897847175598145,1171976
2023-10-31,17.825000762939453,18.26000022888184,17.690000534057617,17.764999389648438,15.703373908996582,1534439
2023-11-01,17.780000686645508,18.21500015258789,17.540000915527344,18.21500015258789,16.101152420043945,1296264
2023-11-02,18.295000076293945,18.604999542236328,18.290000915527344,18.545000076293945,16.39285659790039,1056776
2023-11-03,18.545000076293945,18.795000076293945,18.5,18.575000762939453,16.419374465942383,1040367
2023-11-06,18.520000457763672,18.655000686645508,18.309999465942383,18.440000534057617,16.300039291381836,891074
2023-11-07,18.350000381469727,18.48500061035156,18.334999084472656,18.405000686645508,16.26910400390625,569457
2023-11-08,18.315000534057617,18.614999771118164,18.315000534057617,18.440000534057617,16.300039291381836,3116055
2023-11-09,18.520000457763672,18.80500030517578,18.450000762939453,18.80500030517578,16.622682571411133,1130240
2023-11-10,18.68000030517578,18.77499961853028,18.48500061035156,18.6200008392334,16.459152221679688,1023976
2023-11-13,18.625,18.80500030517578,18.57999992370605,18.790000915527344,16.609424591064453,621452
2023-11-14,18.825000762939453,19.02499961853028,18.7450008392334,18.94499969482422,16.746437072753906,1000269
2023-11-15,18.96999931335449,19.125,18.854999542236328,18.96500015258789,16.764114379882812,929946
2023-11-16,19.0049991607666,19.209999084472656,18.96999931335449,19.1299991607666,16.90996551513672,1243261
2023-11-17,19.209999084472656,19.6299991607666,19.174999237060547,19.59000015258789,17.31658363342285,2709787
2023-11-20,19.145000457763672,19.459999084472656,18.9950008392334,19.424999237060547,17.170732498168945,1778867
2023-11-21,19.440000534057617,19.530000686645508,19.0049991607666,19.165000915527344,16.94090461730957,1427100
2023-11-22,19.225000381469727,19.36000061035156,19.174999237060547,19.315000534057617,17.073497772216797,1289685
2023-11-23,18.93000030517578,18.989999771118164,18.645000457763672,18.854999542236328,16.666879653930664,2065027
2023-11-24,18.700000762939453,18.86000061035156,18.584999084472656,18.834999084472656,16.649198532104492,1024832
2023-11-27,18.834999084472656,19.11000061035156,18.799999237060547,19.01000022888184,16.80389404296875,1257147
2023-11-28,19.040000915527344,19.190000534057617,18.975000381469727,19.100000381469727,16.883447647094727,1282643
2023-11-29,19.125,19.184999465942383,19.06999969482422,19.100000381469727,16.883447647094727,1016806
2023-11-30,19.1299991607666,19.36000061035156,19.09499931335449,19.184999465942383,16.95858383178711,1906732
2023-12-01,19.27499961853028,19.34499931335449,19.190000534057617,19.299999237060547,17.060237884521484,894774
2023-12-04,19.280000686645508,19.530000686645508,19.26499938964844,19.420000076293945,17.16631507873535,670956
2023-12-05,19.30500030517578,19.475000381469727,19.25,19.43000030517578,17.175151824951172,1033671
2023-12-06,19.475000381469727,19.729999542236328,19.440000534057617,19.559999465942383,17.290063858032227,1622463
2023-12-07,19.559999465942383,19.76499938964844,19.4950008392334,19.670000076293945,17.387300491333008,1215009
2023-12-08,19.64999961853028,19.799999237060547,19.565000534057617,19.739999771118164,17.449176788330078,880383
2023-12-11,19.614999771118164,19.71500015258789,19.53499984741211,19.600000381469727,17.32542610168457,1415880
2023-12-12,19.479999542236328,19.770000457763672,19.43000030517578,19.6200008392334,17.343103408813477,1262956
2023-12-13,19.63500022888184,19.665000915527344,19.46500015258789,19.584999084472656,17.312164306640625,2957727
2023-12-14,19.780000686645508,19.950000762939453,19.5,19.5,17.237028121948242,1761698
2023-12-15,19.51499938964844,19.655000686645508,19.44499969482422,19.52499961853028,17.259126663208008,2804864
2023-12-18,19.459999084472656,19.549999237060547,19.364999771118164,19.364999771118164,17.117694854736328,1662580
2023-12-19,19.395000457763672,19.51499938964844,19.36000061035156,19.44499969482422,17.18840980529785,4158031
2023-12-20,19.5049991607666,19.549999237060547,19.34499931335449,19.364999771118164,17.117694854736328,914988
2023-12-21,19.350000381469727,19.43000030517578,19.290000915527344,19.299999237060547,17.060237884521484,614183
2023-12-22,19.299999237060547,19.424999237060547,19.280000686645508,19.354999542236328,17.108856201171875,684330
2023-12-27,19.450000762939453,19.5,19.239999771118164,19.25,17.016040802001953,1369404
2023-12-28,18.739999771118164,18.88999938964844,18.459999084472656,18.5049991607666,16.793697357177734,4194350
2023-12-29,18.530000686645508,18.625,18.45499992370605,18.459999084472656,16.752859115600586,634492
2024-01-02,18.600000381469727,18.76499938964844,18.450000762939453,18.530000686645508,16.81638526916504,926273
2024-01-03,18.530000686645508,18.68000030517578,18.520000457763672,18.6200008392334,16.89806365966797,874857
2024-01-04,18.89999961853028,19.15999984741211,18.88999938964844,19.104999542236328,17.338211059570312,1453160
2024-01-05,19.01499938964844,19.165000915527344,18.89999961853028,19.14999961853028,17.379051208496094,811594
2024-01-08,19.21500015258789,19.334999084472656,19.11000061035156,19.225000381469727,17.447113037109375,1813777
2024-01-09,19.21500015258789,19.315000534057617,19.02499961853028,19.170000076293945,17.397199630737305,756275
2024-01-10,19.09499931335449,19.1299991607666,18.950000762939453,18.96999931335449,17.215694427490234,1128301
2024-01-11,19.045000076293945,19.354999542236328,19.030000686645508,19.170000076293945,17.397199630737305,1417684
2024-01-12,19.38999938964844,19.799999237060547,19.38999938964844,19.799999237060547,17.96893882751465,2570613
2024-01-15,19.73500061035156,19.780000686645508,19.670000076293945,19.770000457763672,17.941715240478516,934665
2024-01-16,19.76000022888184,19.780000686645508,19.53499984741211,19.6200008392334,17.805585861206055,1194633
2024-01-17,19.450000762939453,19.53499984741211,19.2450008392334,19.3799991607666,17.587778091430664,1468476
2024-01-18,19.27499961853028,19.27499961853028,19.045000076293945,19.045000076293945,17.28375816345215,1685328
2024-01-19,19.045000076293945,19.11000061035156,18.57999992370605,18.655000686645508,16.929828643798828,1877991
2024-01-22,18.725000381469727,18.795000076293945,18.59000015258789,18.76000022888184,17.025115966796875,1022452
2024-01-23,18.76000022888184,18.799999237060547,18.46999931335449,18.53499984741211,16.820924758911133,2611173
2024-01-24,18.549999237060547,18.76000022888184,18.540000915527344,18.70499992370605,16.975202560424805,1090846
2024-01-25,18.68000030517578,18.780000686645508,18.540000915527344,18.64999961853028,16.9252872467041,1007622
2024-01-26,18.709999084472656,18.920000076293945,18.575000762939453,18.604999542236328,16.884449005126953,834455
2024-01-29,18.63500022888184,18.65999984741211,18.34000015258789,18.479999542236328,16.77100944519043,1261685
2024-01-30,18.51000022888184,18.549999237060547,18.38500022888184,18.545000076293945,16.829999923706055,1083184
2024-01-31,18.575000762939453,18.670000076293945,18.309999465942383,18.36000061035156,16.662107467651367,1638228
2024-02-01,18.299999237060547,18.395000457763672,18.07999992370605,18.09000015258789,16.417078018188477,1273885
2024-02-02,18.27499961853028,18.295000076293945,17.94499969482422,17.969999313354492,16.30817222595215,972617
2024-02-05,17.969999313354492,18.31999969482422,17.94499969482422,18.01499938964844,16.349014282226562,1080653
2024-02-06,17.989999771118164,18.03499984741211,17.704999923706055,17.815000534057617,16.167509078979492,1010901
2024-02-07,17.834999084472656,17.940000534057617,17.55500030517578,17.604999542236328,15.976926803588867,1240534
2024-02-08,17.655000686645508,17.719999313354492,17.485000610351562,17.485000610351562,15.86802577972412,1582261
2024-02-09,17.40999984741211,17.40999984741211,17.065000534057617,17.079999923706055,15.500479698181152,2117305
2024-02-12,17.19499969482422,17.375,17.149999618530273,17.30500030517578,15.704671859741213,918732
2024-02-13,17.31999969482422,17.329999923706055,17.139999389648438,17.170000076293945,15.58215618133545,1029675
2024-02-14,17.174999237060547,17.21500015258789,16.905000686645508,16.905000686645508,15.34166431427002,1375937
2024-02-15,16.950000762939453,17.040000915527344,16.885000228881836,16.959999084472656,15.391575813293455,1088982
2024-02-16,16.90999984741211,16.915000915527344,16.440000534057617,16.479999542236328,14.955965042114258,2359055
2024-02-19,16.5049991607666,16.655000686645508,16.415000915527344,16.579999923706055,15.04671859741211,1161121
2024-02-20,16.530000686645508,16.75,16.46500015258789,16.75,15.200997352600098,1239969
2024-02-21,16.780000686645508,17.024999618530273,16.670000076293945,16.94499969482422,15.377963066101074,1147533
2024-02-22,17.0,17.049999237060547,16.809999465942383,16.864999771118164,15.3053617477417,4716447
2024-02-23,16.844999313354492,16.860000610351562,16.65999984741211,16.725000381469727,15.17830753326416,1179569
2024-02-26,16.725000381469727,16.7549991607666,16.475000381469727,16.59000015258789,15.055793762207031,883869
2024-02-27,16.510000228881836,16.579999923706055,16.420000076293945,16.565000534057617,15.03310489654541,987923
2024-02-28,16.56999969482422,16.594999313354492,16.024999618530273,16.094999313354492,14.606569290161133,2647605
2024-02-29,16.06999969482422,16.709999084472656,16.059999465942383,16.639999389648438,15.101168632507324,4460740
2024-03-01,16.725000381469727,16.735000610351562,16.1299991607666,16.184999465942383,14.688246726989746,1819897
2024-03-04,16.059999465942383,16.1299991607666,15.845000267028809,16.040000915527344,14.55665683746338,2613994
2024-03-05,16.1299991607666,16.30500030517578,16.0049991607666,16.2549991607666,14.7517728805542,1220614
2024-03-06,16.25,16.905000686645508,16.239999771118164,16.770000457763672,15.21914768218994,2088947
2024-03-07,16.729999542236328,17.100000381469727,16.700000762939453,16.959999084472656,15.391575813293455,1141103
2024-03-08,16.96500015258789,16.96500015258789,16.639999389648438,16.649999618530273,15.110244750976562,1052696
2024-03-11,16.670000076293945,16.799999237060547,16.389999389648438,16.459999084472656,14.937813758850098,1387428
2024-03-12,16.5049991607666,16.53499984741211,15.975000381469728,15.975000381469728,14.49766731262207,1666901
2024-03-13,16.190000534057617,16.309999465942383,16.079999923706055,16.309999465942383,14.80168628692627,1905054
2024-03-14,16.329999923706055,16.475000381469727,16.079999923706055,16.114999771118164,14.624720573425291,1466578
2024-03-15,16.145000457763672,16.405000686645508,16.065000534057617,16.31999969482422,14.810762405395508,7062856
2024-03-18,16.299999237060547,16.309999465942383,16.174999237060547,16.274999618530273,14.76992416381836,1214044
2024-03-19,16.25,16.299999237060547,16.104999542236328,16.225000381469727,14.72454833984375,1161411
2024-03-20,16.309999465942383,16.44499969482422,16.229999542236328,16.399999618530273,14.883363723754885,1328827
2024-03-21,16.46500015258789,16.59000015258789,16.209999084472656,16.209999084472656,14.71093463897705,1600610
2024-03-22,16.229999542236328,16.639999389648438,16.200000762939453,16.639999389648438,15.101168632507324,1857852
2024-03-25,16.610000610351562,16.764999389648438,16.584999084472656,16.735000610351562,15.187384605407717,1089820
2024-03-26,16.735000610351562,16.815000534057617,16.584999084472656,16.764999389648438,15.214609146118164,795055
2024-03-27,16.790000915527344,17.149999618530273,16.7450008392334,17.079999923706055,15.500479698181152,1770495
2024-03-28,17.110000610351562,17.225000381469727,17.03499984741211,17.165000915527344,15.57762050628662,1597796
2024-04-02,17.100000381469727,17.165000915527344,16.764999389648438,16.80500030517578,15.250910758972168,1796311
2024-04-03,16.75,16.924999237060547,16.6299991607666,16.885000228881836,15.32351303100586,913879
2024-04-04,16.985000610351562,17.264999389648438,16.985000610351562,17.149999618530273,15.564003944396973,1696422
2024-04-05,17.06999969482422,17.28499984741211,17.03499984741211,17.079999923706055,15.500479698181152,1579281
2024-04-08,17.075000762939453,17.1299991607666,16.989999771118164,17.010000228881836,15.436952590942385,1581855
2024-04-09,17.03499984741211,17.375,17.030000686645508,17.295000076293945,15.695596694946287,1273687
2024-04-10,17.325000762939453,17.454999923706055,16.735000610351562,16.920000076293945,15.355276107788086,2143542
2024-04-11,16.950000762939453,17.15999984741211,16.889999389648438,16.934999465942383,15.368886947631836,3312923
2024-04-12,17.020000457763672,17.469999313354492,16.934999465942383,17.299999237060547,15.70013427734375,2919732
2024-04-15,17.290000915527344,17.385000228881836,17.014999389648438,17.084999084472656,15.505016326904297,1539120
2024-04-16,17.0,17.274999618530273,16.950000762939453,17.165000915527344,15.57762050628662,1539086
2024-04-17,17.21500015258789,17.354999542236328,17.114999771118164,17.295000076293945,15.695596694946287,1020821
2024-04-18,17.389999389648438,17.639999389648438,17.360000610351562,17.549999237060547,15.92701244354248,1583501
2024-04-19,17.579999923706055,17.639999389648438,17.329999923706055,17.420000076293945,15.809037208557127,1399126
2024-04-22,17.510000228881836,17.53499984741211,17.045000076293945,17.145000457763672,15.55946922302246,2135295
2024-04-23,17.184999465942383,17.30500030517578,17.084999084472656,17.235000610351562,15.641145706176758,1238539
2024-04-24,17.174999237060547,17.209999084472656,17.024999618530273,17.110000610351562,15.527704238891602,1511185
2024-04-25,17.125,17.125,16.809999465942383,16.934999465942383,15.368886947631836,1367004
2024-04-26,16.940000534057617,17.114999771118164,16.93000030517578,17.05500030517578,15.477790832519531,1110360
2024-04-29,17.03499984741211,17.19499969482422,17.020000457763672,17.135000228881836,15.55039405822754,1410866
2024-04-30,17.190000534057617,17.31999969482422,17.045000076293945,17.100000381469727,15.518630981445312,972157
2024-05-02,17.125,17.344999313354492,17.110000610351562,17.280000686645508,15.681983947753906,1422729
2024-05-03,17.344999313354492,17.53499984741211,17.15999984741211,17.235000610351562,15.641145706176758,1543573
2024-05-06,17.274999618530273,17.40999984741211,17.239999771118164,17.344999313354492,15.740973472595217,827058
2024-05-07,17.3700008392334,17.594999313354492,17.360000610351562,17.59000015258789,15.963315963745115,928798
2024-05-08,17.3799991607666,17.700000762939453,17.229999542236328,17.649999618530273,16.01776695251465,2577121
2024-05-09,17.674999237060547,17.725000381469727,17.325000762939453,17.69499969482422,16.058605194091797,1377893
2024-05-10,17.670000076293945,18.165000915527344,17.639999389648438,17.989999771118164,16.326324462890625,1849210
2024-05-13,17.954999923706055,17.989999771118164,17.78499984741211,17.834999084472656,16.185657501220703,856411
2024-05-14,17.8799991607666,18.040000915527344,17.850000381469727,17.954999923706055,16.2945613861084,1271573
2024-05-15,17.96500015258789,18.21999931335449,17.96500015258789,18.209999084472656,16.525978088378906,1114228
2024-05-16,18.200000762939453,18.334999084472656,18.145000457763672,18.229999542236328,16.544130325317383,784640
2024-05-17,18.18000030517578,18.26499938964844,18.104999542236328,18.23500061035156,16.548669815063477,1273173
2024-05-20,18.26000022888184,18.38999938964844,18.21999931335449,18.34000015258789,16.643957138061523,1321963
2024-05-21,18.315000534057617,18.325000762939453,18.05500030517578,18.26000022888184,16.57135581970215,697236
2024-05-22,18.26000022888184,18.559999465942383,18.059999465942383,18.540000915527344,16.825462341308594,1593164
2024-05-23,18.450000762939453,18.5,18.19499969482422,18.21999931335449,16.535053253173828,1133480
2024-05-24,18.14999961853028,18.20499992370605,18.0,18.165000915527344,16.485139846801758,721387
2024-05-27,18.145000457763672,18.405000686645508,18.09000015258789,18.334999084472656,16.639419555664062,513908
2024-05-28,18.38999938964844,18.520000457763672,18.26000022888184,18.31999969482422,16.625808715820312,743316
2024-05-29,18.26000022888184,18.270000457763672,18.010000228881836,18.01499938964844,16.349014282226562,997591
2024-05-30,17.979999542236328,18.2450008392334,17.954999923706055,18.1299991607666,16.4533748626709,1219268
2024-05-31,18.104999542236328,18.299999237060547,17.8799991607666,18.299999237060547,16.607656478881836,3637168
2024-06-03,18.434999465942383,18.59000015258789,18.2549991607666,18.520000457763672,16.807310104370117,848591
2024-06-04,18.51000022888184,18.809999465942383,18.51000022888184,18.700000762939453,16.970664978027344,1459748
2024-06-05,18.739999771118164,18.850000381469727,18.479999542236328,18.645000457763672,16.920751571655273,1176802
2024-06-06,18.645000457763672,18.780000686645508,18.55500030517578,18.70499992370605,16.975202560424805,861929
2024-06-07,18.59000015258789,18.73500061035156,18.34000015258789,18.434999465942383,16.73017120361328,2226758
2024-06-10,18.395000457763672,18.545000076293945,18.295000076293945,18.545000076293945,16.829999923706055,576291
2024-06-11,18.549999237060547,18.61000061035156,18.065000534057617,18.2549991607666,16.566818237304688,1960969
2024-06-12,18.415000915527344,18.625,18.28499984741211,18.3799991607666,16.680259704589844,1564135
2024-06-13,18.350000381469727,18.440000534057617,18.1200008392334,18.40999984741211,16.70748519897461,1073802
2024-06-14,18.39999961853028,18.63999938964844,18.290000915527344,18.6200008392334,16.89806365966797,1585303
2024-06-17,18.64999961853028,18.709999084472656,18.350000381469727,18.46500015258789,16.757396697998047,1201786
2024-06-18,18.43000030517578,18.809999465942383,18.43000030517578,18.7549991607666,17.020578384399414,4048800
2024-06-19,18.709999084472656,18.88999938964844,18.65999984741211,18.88999938964844,17.14309310913086,4220748
2024-06-20,18.895000457763672,19.09499931335449,18.795000076293945,19.01000022888184,17.251996994018555,1242834
2024-06-21,19.06999969482422,19.170000076293945,18.895000457763672,18.89999961853028,17.15216827392578,2654173
2024-06-24,18.950000762939453,19.14999961853028,18.88999938964844,19.05500030517578,17.292837142944336,1014955
2024-06-25,19.1200008392334,19.174999237060547,19.01499938964844,19.174999237060547,17.4017391204834,913713
2024-06-26,19.200000762939453,19.21500015258789,18.8799991607666,19.01499938964844,17.256534576416016,3385594
2024-06-27,18.46500015258789,18.55500030517578,17.799999237060547,17.799999237060547,16.590133666992188,2101925
2024-06-28,17.795000076293945,17.885000228881836,17.475000381469727,17.53499984741211,16.3431453704834,2350741
2024-07-01,17.684999465942383,17.969999313354492,17.684999465942383,17.815000534057617,16.604114532470703,843081
2024-07-02,17.729999542236328,17.774999618530273,17.53499984741211,17.770000457763672,16.562171936035156,1255038
2024-07-03,17.815000534057617,17.915000915527344,17.704999923706055,17.795000076293945,16.585472106933594,1047985
2024-07-04,17.864999771118164,18.075000762939453,17.864999771118164,18.075000762939453,16.84644317626953,1023157
2024-07-05,18.06999969482422,18.364999771118164,18.059999465942383,18.299999237060547,17.056148529052734,1075815
2024-07-08,18.290000915527344,18.364999771118164,18.125,18.21999931335449,16.981584548950195,784101
2024-07-09,18.200000762939453,18.200000762939453,17.864999771118164,17.920000076293945,16.701976776123047,1342529
2024-07-10,17.795000076293945,18.040000915527344,17.764999389648438,17.9950008392334,16.771879196166992,1281129
2024-07-11,18.100000381469727,18.405000686645508,17.96500015258789,18.309999465942383,17.065467834472656,1223551
2024-07-12,18.364999771118164,18.479999542236328,18.290000915527344,18.350000381469727,17.102750778198242,1498469
2024-07-15,18.34000015258789,18.350000381469727,17.979999542236328,17.979999542236328,16.757898330688477,748708
2024-07-16,17.90999984741211,18.020000457763672,17.71500015258789,17.825000762939453,16.613431930541992,674396
2024-07-17,17.799999237060547,17.889999389648438,17.68000030517578,17.850000381469727,16.636734008789062,895575
2024-07-18,17.864999771118164,18.03499984741211,17.864999771118164,18.0049991607666,16.78119659423828,574641
2024-07-19,17.899999618530273,17.9950008392334,17.700000762939453,17.75,16.54353141784668,803148
2024-07-22,17.905000686645508,18.0049991607666,17.844999313354492,17.895000457763672,16.67867660522461,576299
2024-07-23,17.899999618530273,17.954999923706055,17.760000228881836,17.905000686645508,16.68799591064453,672976
2024-07-24,17.790000915527344,18.26000022888184,17.725000381469727,17.989999771118164,16.7672176361084,1285289
2024-07-25,17.959999084472656,18.190000534057617,17.860000610351562,18.040000915527344,16.81382179260254,1174728
2024-07-26,18.05500030517578,18.084999084472656,17.885000228881836,18.02499961853028,16.79983901977539,948491
2024-07-29,18.049999237060547,18.25,17.959999084472656,18.020000457763672,16.795181274414062,879879
2024-07-30,18.030000686645508,18.100000381469727,17.940000534057617,18.01499938964844,16.79051971435547,647446
2024-07-31,18.18000030517578,18.18000030517578,17.889999389648438,17.899999618530273,16.68333625793457,1009068
2024-08-01,17.860000610351562,17.969999313354492,17.645000457763672,17.969999313354492,16.748577117919922,1134775
2024-08-02,17.905000686645508,18.540000915527344,17.905000686645508,18.420000076293945,17.167991638183594,1410441
2024-08-05,18.06999969482422,18.299999237060547,17.530000686645508,17.530000686645508,16.338485717773438,2443581
2024-08-06,17.514999389648438,17.69499969482422,17.395000457763672,17.655000686645508,16.45499038696289,847121
2024-08-07,17.704999923706055,18.104999542236328,17.6299991607666,18.104999542236328,16.874401092529297,837983
2024-08-08,18.07999992370605,18.1200008392334,17.860000610351562,17.895000457763672,16.67867660522461,612628
2024-08-09,17.934999465942383,18.0049991607666,17.649999618530273,17.774999618530273,16.566831588745117,633138
2024-08-12,17.850000381469727,17.985000610351562,17.84000015258789,17.920000076293945,16.701976776123047,637014
2024-08-13,17.934999465942383,18.25,17.924999237060547,18.225000381469727,16.986244201660156,1050593
2024-08-14,18.2450008392334,18.31999969482422,18.07999992370605,18.19499969482422,16.958284378051758,603911
2024-08-15,18.225000381469727,18.350000381469727,18.13500022888184,18.13500022888184,16.902362823486328,402862
2024-08-16,18.190000534057617,18.26499938964844,18.1299991607666,18.209999084472656,16.97226333618164,436570
2024-08-19,18.200000762939453,18.43000030517578,18.18000030517578,18.375,17.126049041748047,624705
2024-08-20,18.420000076293945,18.440000534057617,18.174999237060547,18.2549991607666,17.014205932617188,539791
2024-08-21,18.209999084472656,18.36000061035156,18.20499992370605,18.315000534057617,17.070127487182617,408115
2024-08-22,18.315000534057617,18.565000534057617,18.315000534057617,18.51499938964844,17.256534576416016,555151
2024-08-23,18.540000915527344,18.90999984741211,18.520000457763672,18.850000381469727,17.56876564025879,966398
2024-08-26,18.799999237060547,18.975000381469727,18.795000076293945,18.86000061035156,17.578083038330078,729899
2024-08-27,18.850000381469727,18.93000030517578,18.780000686645508,18.854999542236328,17.57342529296875,656405
2024-08-28,18.809999465942383,19.049999237060547,18.809999465942383,19.0,17.708568572998047,647280
2024-08-29,19.0,19.184999465942383,19.0,19.01499938964844,17.722549438476562,822109
2024-08-30,19.059999465942383,19.23500061035156,19.040000915527344,19.100000381469727,17.80177116394043,1743245
2024-09-02,19.059999465942383,19.2450008392334,19.059999465942383,19.21500015258789,17.90895652770996,551619
2024-09-03,19.200000762939453,19.3700008392334,19.170000076293945,19.25,17.94157600402832,930223
2024-09-04,19.170000076293945,19.229999542236328,19.01000022888184,19.104999542236328,17.80643081665039,905821
2024-09-05,19.14999961853028,19.34000015258789,19.1299991607666,19.280000686645508,17.96953773498535,688723
2024-09-06,19.26499938964844,19.475000381469727,19.200000762939453,19.44499969482422,18.123321533203125,708746
2024-09-09,19.43000030517578,19.59499931335449,19.420000076293945,19.5049991607666,18.179243087768555,660605
2024-09-10,19.549999237060547,19.825000762939453,19.53499984741211,19.690000534057617,18.35166931152344,1232910
2024-09-11,19.665000915527344,19.799999237060547,19.51000022888184,19.674999237060547,18.33768653869629,777111
2024-09-12,19.77499961853028,19.86000061035156,19.69499969482422,19.71999931335449,18.37962913513184,927114
2024-09-13,19.780000686645508,19.940000534057617,19.780000686645508,19.8799991607666,18.52875518798828,1109500
2024-09-16,19.905000686645508,19.96999931335449,19.76000022888184,19.834999084472656,18.4868106842041,782747
2024-09-17,19.915000915527344,20.09000015258789,19.81999969482422,19.98500061035156,18.62661933898925,1132229
2024-09-18,20.020000457763672,20.07999992370605,19.645000457763672,19.65999984741211,18.323707580566406,789379
2024-09-19,19.75,19.75,19.23500061035156,19.309999465942383,17.99749755859375,1206458
2024-09-20,19.2450008392334,19.450000762939453,19.200000762939453,19.3799991607666,18.0627384185791,2095718
2024-09-23,19.3799991607666,19.690000534057617,19.3799991607666,19.64999961853028,18.314388275146484,820551
2024-09-24,19.655000686645508,19.76000022888184,19.48500061035156,19.75,18.407590866088867,1245875
2024-09-25,19.725000381469727,19.739999771118164,19.53499984741211,19.674999237060547,18.33768653869629,512352
2024-09-26,19.780000686645508,19.89999961853028,19.52499961853028,19.665000915527344,18.32837104797364,749937
2024-09-27,19.63500022888184,19.8700008392334,19.6299991607666,19.77499961853028,18.430891036987305,824760
2024-09-30,19.655000686645508,19.799999237060547,19.565000534057617,19.6299991607666,18.295747756958008,1610326
2024-10-01,19.65999984741211,19.815000534057617,19.57999992370605,19.799999237060547,18.454191207885746,1248841
2024-10-02,19.75,19.76000022888184,19.45499992370605,19.520000457763672,18.19322395324707,966936
2024-10-03,19.46999931335449,19.56999969482422,19.31999969482422,19.3799991607666,18.0627384185791,2212083
2024-10-04,19.415000915527344,19.46999931335449,18.81999969482422,19.18000030517578,17.87633514404297,1171244
2024-10-07,19.13500022888184,19.225000381469727,19.040000915527344,19.040000915527344,17.745849609375,816030
2024-10-08,19.01499938964844,19.26499938964844,19.01499938964844,19.26499938964844,17.955556869506836,833669
2024-10-09,19.25,19.405000686645508,19.23500061035156,19.364999771118164,18.04875946044922,501394
2024-10-10,19.170000076293945,19.23500061035156,18.68000030517578,18.68000030517578,17.41031837463379,1890703
2024-10-11,18.729999542236328,19.040000915527344,18.670000076293945,18.934999465942383,17.647987365722656,1065088
2024-10-14,18.98500061035156,19.34499931335449,18.96500015258789,19.325000762939453,18.011478424072266,915134
2024-10-15,19.40999984741211,19.809999465942383,19.38500022888184,19.665000915527344,18.32837104797364,904316
2024-10-16,19.63999938964844,19.895000457763672,19.48500061035156,19.875,18.52409553527832,1257859
2024-10-17,19.8799991607666,19.979999542236328,19.55500030517578,19.70499992370605,18.36565017700196,1189429
2024-10-18,19.6299991607666,19.69499969482422,19.51000022888184,19.665000915527344,18.32837104797364,1063552
2024-10-21,19.625,19.76000022888184,19.53499984741211,19.665000915527344,18.32837104797364,922302
2024-10-22,19.63999938964844,19.665000915527344,19.2549991607666,19.530000686645508,18.202545166015625,993178
2024-10-23,19.61000061035156,19.81999969482422,19.61000061035156,19.690000534057617,18.35166931152344,734206
2024-10-24,19.690000534057617,19.809999465942383,19.665000915527344,19.7450008392334,18.402931213378903,643920
2024-10-25,19.6299991607666,19.76499938964844,19.56999969482422,19.68000030517578,18.342348098754883,765609
2024-10-28,19.7549991607666,19.80500030517578,19.645000457763672,19.80500030517578,18.458852767944336,502786
2024-10-29,19.78499984741211,19.84499931335449,19.584999084472656,19.70499992370605,18.36565017700196,989410
2024-10-30,19.709999084472656,19.795000076293945,19.395000457763672,19.6299991607666,18.295747756958008,3959669
2024-10-31,19.75,19.895000457763672,19.56999969482422,19.80500030517578,18.458852767944336,1340050
2024-11-01,19.76000022888184,19.96999931335449,19.7450008392334,19.950000762939453,18.593997955322266,998132
2024-11-04,19.89999961853028,19.959999084472656,19.799999237060547,19.799999237060547,18.454191207885746,743436
2024-11-05,19.82999992370605,19.989999771118164,19.815000534057617,19.96999931335449,18.612638473510746,1710805
2024-11-06,19.799999237060547,19.799999237060547,19.075000762939453,19.2549991607666,17.94623565673828,1200946
2024-11-07,19.23500061035156,19.45499992370605,19.23500061035156,19.2549991607666,17.94623565673828,1036788
2024-11-08,19.21999931335449,19.415000915527344,19.200000762939453,19.299999237060547,17.988176345825195,990629
2024-11-11,19.424999237060547,19.46999931335449,19.280000686645508,19.39999961853028,18.08137893676757,934777
2024-11-12,19.290000915527344,19.600000381469727,19.209999084472656,19.434999465942383,18.114002227783203,1464478
2024-11-13,19.5,19.63999938964844,19.32999992370605,19.415000915527344,18.095361709594727,780728
2024-11-14,19.434999465942383,19.684999465942383,19.13500022888184,19.684999465942383,18.347007751464844,1258178
2024-11-15,19.655000686645508,19.8700008392334,19.645000457763672,19.790000915527344,18.444873809814453,958287
2024-11-18,19.88999938964844,19.93000030517578,19.63999938964844,19.78499984741211,18.44021224975586,745862
2024-11-19,19.875,19.96999931335449,19.7450008392334,19.950000762939453,18.593997955322266,1579109
2024-11-20,19.989999771118164,20.209999084472656,19.924999237060547,20.100000381469727,18.73380279541016,1337634
2024-11-21,20.100000381469727,20.31999969482422,19.815000534057617,19.81999969482422,18.47283363342285,1722311
2024-11-22,19.940000534057617,20.36000061035156,19.864999771118164,20.270000457763672,18.89224624633789,1340126
2024-11-25,20.3700008392334,20.84000015258789,20.3700008392334,20.709999084472656,19.30233764648437,3408151
2024-11-26,20.61000061035156,20.64999961853028,20.459999084472656,20.530000686645508,19.13457489013672,952581
2024-11-27,20.530000686645508,20.600000381469727,20.43000030517578,20.51000022888184,19.11593246459961,739667
2024-11-28,20.5,20.690000534057617,20.489999771118164,20.64999961853028,19.246416091918945,430205
2024-11-29,20.61000061035156,20.780000686645508,20.530000686645508,20.739999771118164,19.33030128479004,713289
2024-12-02,20.8799991607666,21.3700008392334,20.86000061035156,21.239999771118164,19.796316146850582,1877498
2024-12-03,21.0,21.39999961853028,20.959999084472656,21.39999961853028,19.94544219970703,803346
2024-12-04,21.299999237060547,21.51000022888184,21.229999542236328,21.229999542236328,19.78699493408203,891780
2024-12-05,21.26000022888184,21.46999931335449,21.209999084472656,21.46999931335449,20.01068115234375,1055486
2024-12-06,21.5,21.559999465942383,21.31999969482422,21.36000061035156,19.908159255981445,767407
2024-12-09,21.350000381469727,21.40999984741211,21.07999992370605,21.13999938964844,19.70311164855957,1052233
2024-12-10,21.1200008392334,21.280000686645508,21.09000015258789,21.190000534057617,19.74971389770508,828790
2024-12-11,21.15999984741211,21.209999084472656,20.90999984741211,20.950000762939453,19.52602767944336,951249
2024-12-12,20.88999938964844,20.90999984741211,20.59000015258789,20.61000061035156,19.209136962890625,1986495
2024-12-13,20.61000061035156,20.71999931335449,20.56999969482422,20.63999938964844,19.237098693847656,906742
2024-12-16,20.600000381469727,20.63999938964844,20.51000022888184,20.59000015258789,19.19049644470215,907031
2024-12-17,20.5,20.6200008392334,20.31999969482422,20.57999992370605,19.181177139282227,1176677
2024-12-18,20.549999237060547,20.64999961853028,20.350000381469727,20.440000534057617,19.05069160461425,1142521
2024-12-19,20.299999237060547,20.36000061035156,20.040000915527344,20.36000061035156,18.97612953186035,1322935
2024-12-20,20.290000915527344,20.459999084472656,20.15999984741211,20.40999984741211,19.02273178100586,1714400
2024-12-23,20.36000061035156,20.479999542236328,20.32999992370605,20.38999938964844,19.00408935546875,1022846
2024-12-24,20.46999931335449,20.51000022888184,20.3799991607666,20.5,19.106613159179688,184508
2024-12-27,20.459999084472656,20.5,20.290000915527344,20.489999771118164,19.097291946411133,669279
2024-12-30,20.489999771118164,20.700000762939453,20.46999931335449,20.63999938964844,19.237098693847656,539654
2024-12-31,20.71999931335449,20.8700008392334,20.65999984741211,20.770000457763672,19.35826110839844,382349
2025-01-02,20.90999984741211,21.190000534057617,20.82999992370605,21.14999961853028,19.71243095397949,2465389
2025-01-03,21.209999084472656,21.25,21.040000915527344,21.100000381469727,19.66583251953125,873124
2025-01-06,20.559999465942383,20.76000022888184,20.520000457763672,20.729999542236328,19.789936065673828,792077
2025-01-07,20.700000762939453,20.809999465942383,20.56999969482422,20.809999465942383,19.86630630493164,1209028
2025-01-08,20.75,20.96999931335449,20.65999984741211,20.96999931335449,20.01905059814453,1197368
2025-01-09,20.86000061035156,21.13999938964844,20.86000061035156,21.1299991607666,20.17179679870605,1516401
2025-01-10,21.100000381469727,21.100000381469727,20.549999237060547,20.6299991607666,19.694469451904297,903318
2025-01-13,20.57999992370605,20.790000915527344,20.5,20.64999961853028,19.713563919067383,905608
2025-01-14,20.65999984741211,20.82999992370605,20.559999465942383,20.6200008392334,19.684925079345703,801313
2025-01-15,20.600000381469727,20.799999237060547,20.40999984741211,20.799999237060547,19.85676002502441,985643
2025-01-16,20.799999237060547,21.030000686645508,20.76000022888184,21.030000686645508,20.07633209228516,1439794
2025-01-17,21.049999237060547,21.229999542236328,21.030000686645508,21.09000015258789,20.13360977172852,1334097
2025-01-20,21.100000381469727,21.190000534057617,21.0,21.1200008392334,20.162250518798828,661352
2025-01-21,21.07999992370605,21.270000457763672,20.920000076293945,21.229999542236328,20.26726150512696,965441
2025-01-22,21.21999931335449,21.239999771118164,20.979999542236328,21.040000915527344,20.085880279541016,903323
2025-01-23,21.09000015258789,21.200000762939453,21.0,21.1200008392334,20.162250518798828,826776
2025-01-24,21.1200008392334,21.18000030517578,20.739999771118164,20.93000030517578,19.980865478515625,755916
2025-01-27,20.93000030517578,21.40999984741211,20.93000030517578,20.940000534057617,19.99041175842285,1082579
2025-01-28,20.920000076293945,21.280000686645508,20.850000381469727,21.25,20.28635597229004,780194
2025-01-29,21.25,21.25,20.979999542236328,21.209999084472656,20.248167037963867,677457
2025-01-30,21.25,21.440000534057617,21.200000762939453,21.420000076293945,20.448644638061523,992546
2025-01-31,21.450000762939453,21.56999969482422,21.36000061035156,21.3700008392334,20.400915145874023,1078890
2025-02-03,21.26000022888184,21.71999931335449,21.25,21.549999237060547,20.5727481842041,1368058
2025-02-04,21.5,21.89999961853028,21.420000076293945,21.790000915527344,20.80186653137207,1281241
2025-02-05,21.799999237060547,22.01000022888184,21.739999771118164,22.01000022888184,21.011892318725582,994925
2025-02-06,21.940000534057617,22.11000061035156,21.63999938964844,21.63999938964844,20.658668518066406,1340364
2025-02-07,21.63999938964844,21.920000076293945,21.6200008392334,21.6200008392334,20.639577865600582,780001
2025-02-10,21.6200008392334,21.850000381469727,21.600000381469727,21.850000381469727,20.859146118164062,1436141
2025-02-11,21.8799991607666,21.8799991607666,21.459999084472656,21.549999237060547,20.5727481842041,909011
2025-02-12,21.59000015258789,21.809999465942383,21.420000076293945,21.6299991607666,20.64912223815918,1012589
2025-02-13,21.6299991607666,21.920000076293945,21.420000076293945,21.799999237060547,20.811412811279297,923799
2025-02-14,21.76000022888184,21.76000022888184,21.46999931335449,21.559999465942383,20.58229637145996,1100603
2025-02-17,21.51000022888184,21.670000076293945,21.450000762939453,21.46999931335449,20.49637794494629,790540
2025-02-18,21.520000457763672,21.559999465942383,21.309999465942383,21.38999938964844,20.420005798339844,1506567
2025-02-19,21.31999969482422,21.65999984741211,21.31999969482422,21.520000457763672,20.54411125183105,779488
2025-02-20,21.6299991607666,21.6299991607666,21.350000381469727,21.51000022888184,20.534564971923828,1041161
2025-02-21,21.46999931335449,21.520000457763672,21.239999771118164,21.450000762939453,20.47728538513184,1005300
2025-02-24,21.57999992370605,21.68000030517578,21.520000457763672,21.64999961853028,20.668216705322266,645927
2025-02-25,21.64999961853028,21.989999771118164,21.57999992370605,21.88999938964844,20.8973331451416,1709033
2025-02-26,21.850000381469727,22.07999992370605,21.770000457763672,22.06999969482422,21.069168090820312,1186388
2025-02-27,22.0,22.01000022888184,21.39999961853028,21.5,20.5250186920166,1808224
2025-02-28,21.5,21.670000076293945,21.270000457763672,21.43000030517578,20.45819091796875,2720124
2025-03-03,21.489999771118164,21.530000686645508,21.06999969482422,21.290000915527344,20.324541091918945,1470460
2025-03-04,21.290000915527344,21.729999542236328,21.290000915527344,21.38999938964844,20.420005798339844,1247736
2025-03-05,21.200000762939453,21.39999961853028,20.940000534057617,21.25,20.28635597229004,1415497
2025-03-06,21.13999938964844,21.13999938964844,20.76000022888184,20.959999084472656,20.009504318237305,1455262
2025-03-07,21.049999237060547,21.39999961853028,20.93000030517578,21.39999961853028,20.429553985595703,803929
2025-03-10,21.40999984741211,21.739999771118164,21.38999938964844,21.600000381469727,20.6204833984375,1282853
2025-03-11,21.690000534057617,21.989999771118164,21.690000534057617,21.93000030517578,20.935518264770508,1392783
2025-03-12,21.780000686645508,21.89999961853028,21.57999992370605,21.809999465942383,20.820959091186523,875530
2025-03-13,21.790000915527344,22.09000015258789,21.729999542236328,22.040000915527344,21.04052925109864,1058037
2025-03-14,21.989999771118164,22.030000686645508,21.82999992370605,21.96999931335449,20.97370338439941,723145
2025-03-17,22.01000022888184,22.239999771118164,21.96999931335449,22.18000030517578,21.17418098449707,872361
2025-03-18,22.450000762939453,22.549999237060547,22.11000061035156,22.459999084472656,21.441482543945312,1528253
2025-03-19,22.540000915527344,22.799999237060547,22.520000457763672,22.780000686645508,21.746973037719727,1494036
2025-03-20,22.799999237060547,22.940000534057617,22.40999984741211,22.940000534057617,21.899717330932617,1205309
2025-03-21,22.920000076293945,23.479999542236328,22.90999984741211,23.479999542236328,22.41522979736328,5025858
2025-03-24,23.39999961853028,23.549999237060547,23.229999542236328,23.299999237060547,22.243391036987305,838205
2025-03-25,23.350000381469727,23.59000015258789,23.350000381469727,23.489999771118164,22.424774169921875,1846728
2025-03-26,23.5,23.729999542236328,23.5,23.6200008392334,22.54887962341309,787521
2025-03-27,23.799999237060547,24.26000022888184,23.799999237060547,24.1200008392334,23.026206970214844,1329746
2025-03-28,24.26000022888184,24.690000534057617,24.209999084472656,24.63999938964844,23.522624969482425,1307606
2025-03-31,24.700000762939453,24.89999961853028,24.3799991607666,24.5,23.388973236083984,2137529
2025-04-01,24.489999771118164,24.68000030517578,24.40999984741211,24.64999961853028,23.53217124938965,1318866
2025-04-02,24.65999984741211,24.86000061035156,24.6200008392334,24.86000061035156,23.732648849487305,1241109
2025-04-03,24.89999961853028,25.6200008392334,24.89999961853028,25.459999084472656,24.305438995361328,1776568
2025-04-04,25.56999969482422,25.82999992370605,24.31999969482422,24.450000762939453,23.34124183654785,2658339
2025-04-07,21.700000762939453,23.700000762939453,21.0,23.0,21.956995010375977,3156577
2025-04-08,23.100000381469727,23.780000686645508,22.89999961853028,23.57999992370605,22.51069450378418,1895534
2025-04-09,23.190000534057617,23.3799991607666,22.88999938964844,23.09000015258789,22.04291534423828,1788534
2025-04-10,24.770000457763672,24.770000457763672,23.530000686645508,23.780000686645508,22.70162582397461,1758629
2025-04-11,23.920000076293945,24.25,23.790000915527344,24.229999542236328,23.131216049194336,1642164
2025-04-14,24.559999465942383,24.600000381469727,24.270000457763672,24.549999237060547,23.43670654296875,1262941
2025-04-15,24.709999084472656,25.15999984741211,24.690000534057617,25.040000915527344,23.90448760986328,1108803
2025-04-16,25.290000915527344,25.46999931335449,25.14999961853028,25.39999961853028,24.24816131591797,1444309
2025-04-17,25.229999542236328,25.549999237060547,25.01000022888184,25.3799991607666,24.229066848754883,1131609
2025-04-22,25.31999969482422,25.799999237060547,25.280000686645508,25.780000686645508,24.610929489135746,972960
2025-04-23,25.8700008392334,25.959999084472656,25.040000915527344,25.270000457763672,24.12405586242676,1553722
2025-04-24,25.25,25.670000076293945,25.25,25.530000686645508,24.37226676940918,1559982
2025-04-25,25.56999969482422,25.780000686645508,25.489999771118164,25.6299991607666,24.467729568481445,786896
2025-04-28,25.76000022888184,25.96999931335449,25.690000534057617,25.89999961853028,24.725486755371094,1091052
2025-04-29,26.0,26.34000015258789,25.90999984741211,26.270000457763672,25.07870864868164,868733
2025-04-30,26.34000015258789,26.5,25.950000762939453,26.5,25.29827880859375,1319057
2025-05-02,26.420000076293945,26.6299991607666,26.040000915527344,26.21999931335449,25.030975341796875,786173
2025-05-05,26.229999542236328,26.530000686645508,26.229999542236328,26.31999969482422,25.126440048217773,1335164
2025-05-06,26.530000686645508,26.63999938964844,26.440000534057617,26.6200008392334,25.41283798217773,762680
2025-05-07,26.75,26.8700008392334,26.3799991607666,26.63999938964844,25.431928634643555,1028042
2025-05-08,25.920000076293945,26.13999938964844,25.1200008392334,25.209999084472656,24.066774368286133,2300662
2025-05-09,25.3799991607666,25.850000381469727,25.3799991607666,25.56999969482422,24.410449981689453,1309950
2025-05-12,25.549999237060547,25.56999969482422,24.68000030517578,25.309999465942383,24.162242889404297,1506390
2025-05-13,25.38999938964844,25.600000381469727,25.18000030517578,25.18000030517578,24.03813743591309,1463493
2025-05-14,25.14999961853028,25.68000030517578,25.13999938964844,25.670000076293945,24.505916595458984,1188872
2025-05-15,25.8700008392334,26.21999931335449,25.61000061035156,26.21999931335449,25.030975341796875,1031600
2025-05-16,26.39999961853028,26.5,26.239999771118164,26.5,25.29827880859375,747222
2025-05-19,26.63999938964844,26.63999938964844,26.14999961853028,26.51000022888184,25.307825088500977,483617
2025-05-20,26.6299991607666,27.200000762939453,26.6299991607666,27.14999961853028,25.918800354003903,888161
2025-05-21,27.13999938964844,27.32999992370605,27.100000381469727,27.26000022888184,26.023815155029297,631176
2025-05-22,27.21999931335449,27.420000076293945,27.13999938964844,27.3700008392334,26.128826141357425,667180
2025-05-23,27.450000762939453,27.59000015258789,27.15999984741211,27.46999931335449,26.22429084777832,828640
2025-05-26,27.38999938964844,27.46999931335449,27.270000457763672,27.38999938964844,26.14791679382324,540280
2025-05-27,27.39999961853028,27.479999542236328,27.020000457763672,27.18000030517578,25.94744110107422,667620
2025-05-28,27.100000381469727,27.13999938964844,26.709999084472656,26.86000061035156,25.64195251464844,720078
2025-05-29,26.71999931335449,26.940000534057617,26.5,26.8700008392334,25.651500701904297,476912
2025-05-30,26.979999542236328,27.14999961853028,26.82999992370605,26.8799991607666,25.66104507446289,3085920
2025-06-02,26.989999771118164,27.170000076293945,26.82999992370605,27.170000076293945,25.937894821166992,680205
2025-06-03,27.299999237060547,27.32999992370605,26.8799991607666,26.93000030517578,25.708778381347656,888911
2025-06-04,27.06999969482422,27.09000015258789,26.8799991607666,27.01000022888184,25.7851505279541,527426
2025-06-05,26.93000030517578,27.26000022888184,26.71999931335449,27.1200008392334,25.89016342163086,503316
2025-06-06,27.25,27.290000915527344,27.0,27.049999237060547,25.823335647583008,415018
2025-06-09,27.100000381469727,27.11000061035156,26.799999237060547,26.93000030517578,25.708778381347656,452606
2025-06-10,27.020000457763672,27.14999961853028,26.89999961853028,26.89999961853028,25.680137634277344,457341
2025-06-11,26.86000061035156,26.89999961853028,26.64999961853028,26.82999992370605,25.61331367492676,613529
2025-06-12,26.84000015258789,27.170000076293945,26.82999992370605,27.13999938964844,25.909255981445312,551824
2025-06-13,27.1299991607666,27.239999771118164,26.940000534057617,27.21999931335449,25.985626220703125,659918
2025-06-16,27.059999465942383,27.07999992370605,26.64999961853028,26.84000015258789,25.622859954833984,860298
2025-06-17,26.700000762939453,26.89999961853028,26.6200008392334,26.75,25.536941528320312,1093145
2025-06-18,26.809999465942383,27.040000915527344,26.780000686645508,26.8799991607666,25.66104507446289,2773735
2025-06-19,26.8700008392334,27.07999992370605,26.8700008392334,27.06999969482422,25.84242820739746,1052081
2025-06-20,27.01000022888184,27.440000534057617,26.959999084472656,27.290000915527344,26.052453994750977,3733458
2025-06-23,27.170000076293945,27.989999771118164,27.15999984741211,27.8700008392334,26.60615348815918,2427030
2025-06-24,27.93000030517578,27.950000762939453,27.420000076293945,27.71999931335449,26.462953567504883,1636706
2025-06-25,27.63999938964844,27.790000915527344,27.229999542236328,27.239999771118164,26.00472068786621,1009295
2025-06-26,27.350000381469727,27.61000061035156,27.190000534057617,27.190000534057617,25.956987380981445,1370805
2025-06-27,26.40999984741211,26.670000076293945,26.280000686645508,26.5,26.082677841186523,1038586
2025-06-30,26.700000762939453,26.940000534057617,26.6200008392334,26.88999938964844,26.466535568237305,1273467
2025-07-01,27.100000381469727,27.25,26.950000762939453,27.06999969482422,26.643701553344727,760124
2025-07-02,27.07999992370605,27.21999931335449,26.709999084472656,26.809999465942383,26.387794494628903,852664
2025-07-03,26.38999938964844,26.700000762939453,26.309999465942383,26.700000762939453,26.27952766418457,890291
2025-07-04,26.81999969482422,27.07999992370605,26.709999084472656,27.049999237060547,26.62401580810547,427261
2025-07-07,26.979999542236328,26.979999542236328,26.31999969482422,26.420000076293945,26.003936767578125,1110937
2025-07-08,26.5,26.63999938964844,26.290000915527344,26.40999984741211,25.99409484863281,984542
2025-07-09,26.39999961853028,26.61000061035156,26.39999961853028,26.51000022888184,26.09251976013184,683360
2025-07-10,26.51000022888184,26.670000076293945,26.15999984741211,26.15999984741211,25.748031616210938,1175585
2025-07-11,26.1200008392334,26.34000015258789,26.11000061035156,26.170000076293945,25.75787353515625,676872
2025-07-14,26.059999465942383,26.15999984741211,25.82999992370605,26.020000457763672,25.61023712158203,930305
2025-07-15,26.14999961853028,26.239999771118164,25.93000030517578,25.93000030517578,25.52165412902832,894465
2025-07-16,26.040000915527344,26.239999771118164,25.8700008392334,25.8799991607666,25.47244071960449,868382
2025-07-17,25.84000015258789,25.979999542236328,25.770000457763672,25.84000015258789,25.43307113647461,686537
2025-07-18,25.93000030517578,26.049999237060547,25.81999969482422,25.90999984741211,25.501968383789062,753252
2025-07-21,25.940000534057617,26.100000381469727,25.8700008392334,26.100000381469727,25.6889762878418,660706
2025-07-22,26.100000381469727,26.39999961853028,26.07999992370605,26.39999961853028,25.984251022338867,446048
2025-07-23,26.299999237060547,26.299999237060547,25.450000762939453,25.450000762939453,25.049213409423828,1414038
2025-07-24,25.489999771118164,25.770000457763672,25.46999931335449,25.530000686645508,25.127954483032227,1066469
2025-07-25,25.56999969482422,25.68000030517578,25.350000381469727,25.540000915527344,25.13779640197754,686354
2025-07-28,25.540000915527344,25.739999771118164,25.5,25.540000915527344,25.13779640197754,779481
2025-07-29,24.43000030517578,25.309999465942383,23.76000022888184,25.239999771118164,24.84251976013184,1545398
2025-07-30,25.26000022888184,25.709999084472656,25.14999961853028,25.63999938964844,25.23621940612793,796975
2025-07-31,25.65999984741211,25.739999771118164,25.280000686645508,25.350000381469727,24.950788497924805,1484172
2025-08-01,25.18000030517578,25.5,25.15999984741211,25.3700008392334,24.970474243164062,790643
2025-08-04,25.32999992370605,25.61000061035156,25.32999992370605,25.61000061035156,25.206693649291992,908615
2025-08-05,25.700000762939453,25.700000762939453,25.489999771118164,25.59000015258789,25.18700790405273,541810
2025-08-06,25.57999992370605,25.790000915527344,25.51000022888184,25.76000022888184,25.354331970214844,455135
2025-08-07,25.459999084472656,25.57999992370605,25.170000076293945,25.540000915527344,25.13779640197754,936252
2025-08-08,25.64999961853028,25.8700008392334,25.489999771118164,25.489999771118164,25.08858299255371,532687
2025-08-11,25.540000915527344,25.64999961853028,25.489999771118164,25.63999938964844,25.23621940612793,493848
2025-08-12,25.729999542236328,25.89999961853028,25.64999961853028,25.670000076293945,25.265748977661133,564582
2025-08-13,25.739999771118164,26.049999237060547,25.739999771118164,25.93000030517578,25.52165412902832,466633
2025-08-14,25.90999984741211,26.39999961853028,25.90999984741211,26.39999961853028,25.984251022338867,570666
2025-08-15,26.420000076293945,26.559999465942383,26.15999984741211,26.559999465942383,26.14173126220703,728742
2025-08-18,26.530000686645508,26.68000030517578,26.299999237060547,26.3799991607666,25.96456718444824,424819
2025-08-19,26.36000061035156,26.51000022888184,26.34000015258789,26.350000381469727,25.935039520263672,569047
2025-08-20,26.489999771118164,26.76000022888184,26.46999931335449,26.65999984741211,26.240158081054688,522482
2025-08-21,26.75,26.799999237060547,26.6299991607666,26.75,26.3287410736084,441820
2025-08-22,26.64999961853028,27.0,26.64999961853028,26.729999542236328,26.30905532836914,383363
2025-08-25,26.61000061035156,26.64999961853028,26.350000381469727,26.540000915527344,26.122047424316406,361161
2025-08-26,26.5,26.809999465942383,26.420000076293945,26.549999237060547,26.13188934326172,905651
2025-08-27,26.600000381469727,26.739999771118164,26.31999969482422,26.39999961853028,25.984251022338867,489257
2025-08-28,26.43000030517578,26.43000030517578,26.01000022888184,26.170000076293945,25.75787353515625,329798
2025-08-29,26.07999992370605,26.170000076293945,25.940000534057617,26.040000915527344,25.62992286682129,525943
2025-09-01,26.049999237060547,26.059999465942383,25.850000381469727,25.86000061035156,25.452756881713867,381516
2025-09-02,25.76000022888184,25.82999992370605,25.559999465942383,25.6200008392334,25.216535568237305,517248
2025-09-03,25.39999961853028,25.65999984741211,25.25,25.600000381469727,25.19685173034668,862347
2025-09-04,25.559999465942383,25.84000015258789,25.549999237060547,25.549999237060547,25.14763641357422,457845
2025-09-05,25.559999465942383,25.739999771118164,25.559999465942383,25.739999771118164,25.334646224975582,344316
2025-09-08,25.75,25.8799991607666,25.64999961853028,25.84000015258789,25.43307113647461,264374
2025-09-09,25.88999938964844,26.0,25.850000381469727,25.90999984741211,25.501968383789062,499052
2025-09-10,26.030000686645508,26.100000381469727,25.90999984741211,25.959999084472656,25.55117988586425,422913
2025-09-11,26.040000915527344,26.450000762939453,26.040000915527344,26.450000762939453,26.033466339111328,901122
2025-09-12,26.5,26.739999771118164,26.420000076293945,26.57999992370605,26.16141700744629,1067510
2025-09-15,26.64999961853028,26.75,26.46999931335449,26.75,26.3287410736084,670322
2025-09-16,26.780000686645508,26.780000686645508,26.440000534057617,26.5,26.082677841186523,1326638
2025-09-17,26.350000381469727,26.46999931335449,26.15999984741211,26.170000076293945,25.75787353515625,558637
2025-09-18,26.190000534057617,26.40999984741211,26.06999969482422,26.26000022888184,25.84645652770996,452947
2025-09-19,26.170000076293945,26.450000762939453,26.06999969482422,26.450000762939453,26.033466339111328,2867360
2025-09-22,26.43000030517578,26.809999465942383,26.3700008392334,26.56999969482422,26.151575088500977,491497
2025-09-23,26.459999084472656,26.81999969482422,26.36000061035156,26.36000061035156,25.944883346557617,725481
2025-09-24,26.559999465942383,26.71999931335449,26.46999931335449,26.549999237060547,26.13188934326172,594019
2025-09-25,26.559999465942383,26.799999237060547,26.46999931335449,26.64999961853028,26.230314254760746,547582
2025-09-26,26.729999542236328,26.89999961853028,26.670000076293945,26.780000686645508,26.35826873779297,579402
2025-09-29,26.82999992370605,26.920000076293945,26.690000534057617,26.90999984741211,26.48622131347656,410289
2025-09-30,26.84000015258789,27.229999542236328,26.64999961853028,27.209999084472656,26.78149604797364,785505
2025-10-01,27.200000762939453,27.51000022888184,27.030000686645508,27.5,27.06692886352539,618847
2025-10-02,27.38999938964844,27.39999961853028,27.11000061035156,27.3700008392334,26.93897819519043,492209
2025-10-03,27.40999984741211,27.709999084472656,27.350000381469727,27.63999938964844,27.204723358154297,517522
2025-10-06,27.709999084472656,27.89999961853028,27.549999237060547,27.729999542236328,27.293306350708008,617939
2025-10-07,27.64999961853028,27.709999084472656,27.299999237060547,27.520000457763672,27.08661460876465,694199
2025-10-08,27.63999938964844,28.06999969482422,27.63999938964844,27.920000076293945,27.48031616210937,541209
2025-10-09,27.93000030517578,28.18000030517578,27.8700008392334,28.100000381469727,27.657480239868164,610917
2025-10-10,28.07999992370605,28.350000381469727,28.07999992370605,28.209999084472656,27.7657470703125,560599
2025-10-13,28.209999084472656,28.350000381469727,28.15999984741211,28.309999465942383,27.864171981811523,446763
2025-10-14,28.450000762939453,28.959999084472656,28.440000534057617,28.84000015258789,28.38582801818848,864388
2025-10-15,28.940000534057617,29.36000061035156,28.90999984741211,29.11000061035156,28.651575088500977,1075802
2025-10-16,28.729999542236328,29.25,28.59000015258789,29.25,28.789369583129883,772828
2025-10-17,29.3799991607666,29.39999961853028,29.020000457763672,29.280000686645508,28.81889915466309,1026132
2025-10-20,29.309999465942383,29.700000762939453,29.239999771118164,29.39999961853028,28.93700790405273,989548
2025-10-21,29.3799991607666,29.559999465942383,29.1299991607666,29.1299991607666,28.6712589263916,972094
2025-10-22,29.170000076293945,29.479999542236328,28.850000381469727,28.90999984741211,28.45472526550293,1062017
2025-10-23,28.8700008392334,29.3700008392334,28.8700008392334,29.200000762939453,28.740158081054688,886336
2025-10-24,29.18000030517578,29.32999992370605,28.93000030517578,29.270000457763672,28.80905532836914,560486
2025-10-27,29.270000457763672,29.6299991607666,29.170000076293945,29.56999969482422,29.10433006286621,1038718
2025-10-28,29.57999992370605,30.209999084472656,29.57999992370605,30.170000076293945,29.694881439208984,1200759
2025-10-29,30.01000022888184,30.739999771118164,29.979999542236328,30.700000762939453,30.216535568237305,801014
2025-10-30,30.8700008392334,31.32999992370605,30.6200008392334,31.239999771118164,30.748031616210938,830079
2025-10-31,31.14999961853028,31.21999931335449,30.82999992370605,31.09000015258789,30.60039329528809,865559
2025-11-03,31.100000381469727,31.559999465942383,31.0,31.5,31.003936767578125,879158
2025-11-04,31.39999961853028,31.8700008392334,31.200000762939453,31.8700008392334,31.36811065673828,659291
2025-11-05,31.86000061035156,31.940000534057617,31.65999984741211,31.84000015258789,31.33858299255371,583705
2025-11-06,31.979999542236328,31.989999771118164,31.65999984741211,31.96999931335449,31.466535568237305,617701
2025-11-07,32.0,32.0,31.600000381469727,31.670000076293945,31.171260833740234,628450
2025-11-10,31.709999084472656,31.89999961853028,31.56999969482422,31.709999084472656,31.210628509521484,638888
2025-11-11,31.81999969482422,32.13999938964844,31.65999984741211,31.93000030517578,31.427165985107425,527057
2025-11-12,32.0,32.22999954223633,31.96999931335449,32.20000076293945,31.692914962768555,547381
2025-11-13,32.34000015258789,32.5099983215332,32.02000045776367,32.029998779296875,31.52558898925781,799740
2025-11-14,32.09000015258789,32.20000076293945,31.88999938964844,32.13999938964844,31.63385772705078,542758
2025-11-17,31.780000686645508,32.22999954223633,31.75,32.130001068115234,31.6240177154541,641550
2025-11-18,31.989999771118164,32.2599983215332,31.950000762939453,31.950000762939453,31.44685173034668,687377
2025-11-19,31.3700008392334,31.549999237060547,30.68000030517578,30.68000030517578,30.19685173034668,1047937
2025-11-20,30.799999237060547,31.459999084472656,30.799999237060547,31.350000381469727,30.856300354003903,811880
2025-11-21,31.280000686645508,31.32999992370605,30.8799991607666,30.8799991607666,30.393699645996094,876422
2025-11-24,31.06999969482422,31.09000015258789,30.63999938964844,30.63999938964844,30.157480239868164,3164814
2025-11-25,30.850000381469727,30.920000076293945,30.440000534057617,30.540000915527344,30.05905532836914,676100
2025-11-26,30.489999771118164,31.209999084472656,30.3700008392334,31.200000762939453,30.70866203308105,698487
2025-11-27,31.25,31.479999542236328,31.13999938964844,31.239999771118164,30.748031616210938,327718
2025-11-28,31.32999992370605,31.32999992370605,31.030000686645508,31.26000022888184,30.767717361450195,434423
2025-12-01,31.030000686645508,31.299999237060547,30.700000762939453,30.81999969482422,30.334646224975582,623548
2025-12-02,30.959999084472656,31.100000381469727,30.850000381469727,31.01000022888184,30.52165412902832,852581
2025-12-03,30.920000076293945,30.979999542236328,30.65999984741211,30.770000457763672,30.28543281555176,859713
2025-12-04,30.709999084472656,30.770000457763672,30.440000534057617,30.61000061035156,30.127954483032227,593219
2025-12-05,30.61000061035156,30.65999984741211,30.3700008392334,30.61000061035156,30.127954483032227,803383
2025-12-08,30.57999992370605,31.229999542236328,30.57999992370605,31.030000686645508,30.54133987426757,739974
2025-12-09,31.0,31.15999984741211,30.780000686645508,30.780000686645508,30.295276641845703,729649
2025-12-10,30.799999237060547,30.82999992370605,30.31999969482422,30.43000030517578,29.950788497924805,600163
2025-12-11,30.309999465942383,30.3799991607666,29.989999771118164,30.190000534057617,29.71456718444824,803873
2025-12-12,30.21999931335449,30.46999931335449,30.15999984741211,30.46999931335449,29.99015617370605,480318
2025-12-15,30.65999984741211,31.040000915527344,30.61000061035156,30.850000381469727,30.36417388916016,461490
2025-12-16,30.88999938964844,30.90999984741211,30.63999938964844,30.700000762939453,30.216535568237305,644175
2025-12-17,30.799999237060547,30.799999237060547,30.38999938964844,30.479999542236328,30.0,681202
2025-12-18,30.59000015258789,30.850000381469727,30.38999938964844,30.68000030517578,30.19685173034668,841598
2025-12-19,30.68000030517578,31.020000457763672,30.65999984741211,31.020000457763672,30.53149604797364,2881265
2025-12-22,30.81999969482422,30.82999992370605,30.559999465942383,30.75,30.265748977661133,556573
2025-12-23,30.729999542236328,30.84000015258789,30.59000015258789,30.64999961853028,30.16732215881348,501877
2025-12-24,30.770000457763672,30.770000457763672,30.549999237060547,30.549999237060547,30.068897247314453,71094
2025-12-29,30.450000762939453,30.700000762939453,30.34000015258789,30.700000762939453,30.216535568237305,586143
2025-12-30,30.68000030517578,30.790000915527344,30.56999969482422,30.729999542236328,30.246063232421875,456623
2025-12-31,30.8799991607666,30.88999938964844,30.6299991607666,30.6299991607666,30.14763641357422,279387
2026-01-02,30.600000381469727,31.21999931335449,30.600000381469727,31.1299991607666,30.63976287841797,877514
2026-01-05,31.18000030517578,31.39999961853028,30.770000457763672,31.229999542236328,30.738189697265625,1552707
2026-01-06,31.229999542236328,31.64999961853028,31.06999969482422,31.350000381469727,30.856300354003903,791401
2026-01-07,31.46999931335449,32.02000045776367,31.38999938964844,31.75,31.25,1489621
2026-01-08,31.26000022888184,31.3700008392334,30.61000061035156,30.920000076293945,30.920000076293945,828041
2026-01-09,30.8799991607666,31.049999237060547,30.670000076293945,31.049999237060547,31.049999237060547,564929
2026-01-12,30.959999084472656,30.96999931335449,30.46999931335449,30.64999961853028,30.64999961853028,860843
2026-01-13,30.68000030517578,30.71999931335449,29.780000686645508,29.959999084472656,29.959999084472656,1073164
2026-01-14,30.11000061035156,30.6200008392334,30.11000061035156,30.520000457763672,30.520000457763672,836683
2026-01-15,30.690000534057617,30.8700008392334,30.3700008392334,30.709999084472656,30.709999084472656,456119
2026-01-16,30.690000534057617,30.940000534057617,30.600000381469727,30.8799991607666,30.8799991607666,512731
2026-01-19,30.670000076293945,30.920000076293945,30.38999938964844,30.450000762939453,30.450000762939453,820250
2026-01-20,30.299999237060547,30.43000030517578,29.81999969482422,30.1299991607666,30.1299991607666,770200
2026-01-21,30.21999931335449,30.59000015258789,30.11000061035156,30.309999465942383,30.309999465942383,654478
2026-01-22,30.51000022888184,30.739999771118164,30.21999931335449,30.440000534057617,30.440000534057617,534511
2026-01-23,30.479999542236328,30.479999542236328,30.15999984741211,30.32999992370605,30.32999992370605,369348
2026-01-26,30.479999542236328,30.89999961853028,30.3700008392334,30.770000457763672,30.770000457763672,512291
2026-01-27,30.799999237060547,31.1200008392334,30.600000381469727,30.989999771118164,30.989999771118164,760614
2026-01-28,31.06999969482422,31.43000030517578,30.739999771118164,31.09000015258789,31.09000015258789,445499
2026-01-29,31.020000457763672,31.350000381469727,30.86000061035156,30.989999771118164,30.989999771118164,596196
2026-01-30,31.0,31.209999084472656,30.850000381469727,31.09000015258789,31.09000015258789,690881
2026-02-02,31.0,31.13999938964844,30.559999465942383,30.65999984741211,30.65999984741211,635388
2026-02-03,30.65999984741211,31.25,30.479999542236328,31.25,31.25,825751
2026-02-04,31.21999931335449,31.6200008392334,31.170000076293945,31.350000381469727,31.350000381469727,913990
2026-02-05,30.71999931335449,31.450000762939453,30.71999931335449,31.450000762939453,31.450000762939453,607182
2026-02-06,31.5,32.04999923706055,31.39999961853028,31.739999771118164,31.739999771118164,747034
2026-02-09,31.799999237060547,31.989999771118164,31.6200008392334,31.89999961853028,31.89999961853028,461202
2026-02-10,31.989999771118164,32.0,31.63999938964844,31.8799991607666,31.8799991607666,690366
2026-02-11,32.0,32.65999984741211,31.93000030517578,32.599998474121094,32.599998474121094,909009
2026-02-12,32.79999923706055,32.84000015258789,31.59000015258789,32.16999816894531,32.16999816894531,778619
2026-02-13,32.0,32.029998779296875,31.06999969482422,31.6200008392334,31.6200008392334,939954
2026-02-16,31.57999992370605,31.63999938964844,31.1299991607666,31.63999938964844,31.63999938964844,674838
2026-02-17,31.729999542236328,32.529998779296875,31.68000030517578,32.029998779296875,32.029998779296875,1356722
2026-02-18,32.13999938964844,32.90999984741211,32.029998779296875,32.630001068115234,32.630001068115234,1263215
2026-02-19,32.20000076293945,32.310001373291016,31.26000022888184,31.43000030517578,31.43000030517578,1465738
2026-02-20,31.32999992370605,31.64999961853028,31.13999938964844,31.46999931335449,31.46999931335449,1151690
2026-02-23,31.57999992370605,32.369998931884766,31.57999992370605,32.0099983215332,32.0099983215332,1293788
2026-02-24,32.970001220703125,34.459999084472656,32.970001220703125,34.279998779296875,34.279998779296875,2678533
2026-02-25,34.77000045776367,35.369998931884766,34.63999938964844,35.189998626708984,35.189998626708984,1166463
2026-02-26,35.189998626708984,35.41999816894531,34.81999969482422,34.970001220703125,34.970001220703125,968635
2026-02-27,34.84000015258789,35.150001525878906,34.20000076293945,34.56999969482422,34.56999969482422,1722653
2026-03-02,34.33000183105469,34.54999923706055,33.93000030517578,34.29999923706055,34.29999923706055,1032455
2026-03-03,33.869998931884766,33.97999954223633,32.36000061035156,32.619998931884766,32.619998931884766,1920074
2026-03-04,32.5,33.54999923706055,32.400001525878906,33.290000915527344,33.290000915527344,1752015
2026-03-05,33.40999984741211,33.52000045776367,32.93000030517578,33.029998779296875,33.029998779296875,933366
2026-03-06,33.16999816894531,33.560001373291016,32.959999084472656,33.2599983215332,33.2599983215332,1137577
2026-03-09,33.099998474121094,33.779998779296875,32.810001373291016,33.599998474121094,33.599998474121094,1520007
2026-03-10,34.099998474121094,34.52000045776367,33.88999938964844,34.15999984741211,34.15999984741211,1575663
2026-03-11,33.880001068115234,34.380001068115234,33.880001068115234,34.15999984741211,34.15999984741211,1299328
2026-03-12,34.2599983215332,34.84000015258789,34.119998931884766,34.7599983215332,34.7599983215332,1482714
2026-03-13,34.849998474121094,35.59000015258789,34.59000015258789,35.29999923706055,35.29999923706055,1016790
