Date,Open,High,Low,Close,Adj Close,Volume
2015-01-02,16.4950008392334,16.4950008392334,16.155000686645508,16.354999542236328,11.910591125488281,1912001
2015-01-05,16.31999969482422,16.4950008392334,16.25,16.274999618530273,11.852331161499023,3270966
2015-01-06,16.295000076293945,16.3799991607666,16.049999237060547,16.094999313354492,11.721245765686035,2959923
2015-01-07,16.190000534057617,16.389999389648438,16.05500030517578,16.19499969482422,11.79407024383545,2215619
2015-01-08,16.354999542236328,16.5,16.239999771118164,16.424999237060547,11.961570739746094,3013216
2015-01-09,16.399999618530273,16.65999984741211,16.28499984741211,16.40999984741211,11.950644493103027,5175683
2015-01-12,16.5,16.780000686645508,16.489999771118164,16.645000457763672,12.12178897857666,5096803
2015-01-13,16.594999313354492,17.270000457763672,16.594999313354492,17.21500015258789,12.536887168884277,3188488
2015-01-14,16.969999313354492,17.420000076293945,16.954999923706055,17.30500030517578,12.602434158325195,4945429
2015-01-15,17.420000076293945,17.729999542236328,17.059999465942383,17.700000762939453,12.890093803405762,6162635
2015-01-16,17.575000762939453,17.700000762939453,17.360000610351562,17.600000381469727,12.817268371582031,3591683
2015-01-19,17.584999084472656,17.815000534057617,17.540000915527344,17.809999465942383,12.97020149230957,3951389
2015-01-20,17.809999465942383,17.975000381469727,17.7450008392334,17.795000076293945,12.959278106689453,4473377
2015-01-21,17.8799991607666,17.8799991607666,17.545000076293945,17.760000228881836,12.93379020690918,3504970
2015-01-22,17.719999313354492,17.950000762939453,17.69499969482422,17.815000534057617,12.973840713500977,4085199
2015-01-23,17.8799991607666,18.09000015258789,17.780000686645508,17.78499984741211,12.951997756958008,5936129
2015-01-26,17.65999984741211,18.065000534057617,17.524999618530273,17.954999923706055,13.075796127319336,4507342
2015-01-27,17.889999389648438,17.989999771118164,17.65999984741211,17.770000457763672,12.941072463989258,3411227
2015-01-28,17.815000534057617,17.864999771118164,17.59000015258789,17.75,12.926504135131836,15517483
2015-01-29,17.69499969482422,17.735000610351562,17.454999923706055,17.600000381469727,12.817268371582031,4001742
2015-01-30,17.639999389648438,17.920000076293945,17.520000457763672,17.584999084472656,12.806343078613281,3620198
2015-02-02,17.625,17.625,17.209999084472656,17.575000762939453,12.799062728881836,2059421
2015-02-03,17.59000015258789,18.0,17.565000534057617,17.940000534057617,13.064876556396484,2385424
2015-02-04,17.954999923706055,18.170000076293945,17.94499969482422,18.170000076293945,13.232375144958496,4066542
2015-02-05,17.940000534057617,18.149999618530273,17.84000015258789,18.149999618530273,13.217804908752441,1928911
2015-02-06,18.149999618530273,18.280000686645508,18.084999084472656,18.19499969482422,13.250575065612793,2026569
2015-02-09,18.104999542236328,18.125,17.864999771118164,17.895000457763672,13.032103538513184,2186449
2015-02-10,17.850000381469727,18.174999237060547,17.735000610351562,18.139999389648438,13.210526466369629,8155863
2015-02-11,18.1299991607666,18.200000762939453,17.850000381469727,17.934999465942383,13.061234474182129,2204375
2015-02-12,17.885000228881836,18.34000015258789,17.860000610351562,18.239999771118164,13.283350944519043,2876110
2015-02-13,18.30500030517578,18.549999237060547,18.270000457763672,18.485000610351562,13.461775779724121,2363346
2015-02-16,18.454999923706055,18.56999969482422,18.375,18.399999618530273,13.399870872497559,1481534
2015-02-17,18.270000457763672,18.530000686645508,18.239999771118164,18.395000457763672,13.396230697631836,1648169
2015-02-18,18.489999771118164,18.540000915527344,18.344999313354492,18.354999542236328,13.367097854614258,2380178
2015-02-19,18.360000610351562,18.55500030517578,18.34000015258789,18.475000381469727,13.45449161529541,1726877
2015-02-20,18.459999084472656,18.510000228881836,18.354999542236328,18.469999313354492,13.450847625732422,9940207
2015-02-23,18.549999237060547,18.68000030517578,18.510000228881836,18.674999237060547,13.600141525268555,2329814
2015-02-24,18.700000762939453,18.75,18.530000686645508,18.674999237060547,13.600141525268555,2009170
2015-02-25,18.489999771118164,19.100000381469727,18.475000381469727,19.100000381469727,13.909651756286621,3864715
2015-02-26,19.0049991607666,19.100000381469727,18.959999084472656,19.03499984741211,13.862313270568848,9643120
2015-02-27,18.989999771118164,19.059999465942383,18.889999389648438,18.940000534057617,13.793128967285156,2931076
2015-03-02,18.940000534057617,19.024999618530273,18.7549991607666,18.799999237060547,13.691174507141113,2825531
2015-03-03,18.80500030517578,18.825000762939453,18.625,18.6299991607666,13.567367553710938,3116753
2015-03-04,18.709999084472656,18.815000534057617,18.43000030517578,18.815000534057617,13.702095985412598,7824769
2015-03-05,18.770000457763672,19.06999969482422,18.684999465942383,19.049999237060547,13.873236656188965,2881204
2015-03-06,19.100000381469727,19.329999923706055,18.8799991607666,18.969999313354492,13.814977645874023,1886334
2015-03-09,18.885000228881836,19.0,18.815000534057617,18.950000762939453,13.800411224365234,1093919
2015-03-10,18.969999313354492,19.094999313354492,18.809999465942383,18.940000534057617,13.793128967285156,2173719
2015-03-11,19.030000686645508,19.1200008392334,18.90999984741211,19.06999969482422,13.887800216674805,3898725
2015-03-12,19.110000610351562,19.18000030517578,18.889999389648438,18.905000686645508,13.767640113830566,1775143
2015-03-13,18.940000534057617,18.9950008392334,18.815000534057617,18.96500015258789,13.811335563659668,2235783
2015-03-16,19.125,19.475000381469727,19.06999969482422,19.399999618530273,14.128125190734863,2125535
2015-03-17,19.299999237060547,19.424999237060547,18.950000762939453,19.229999542236328,14.004319190979004,2718859
2015-03-18,19.209999084472656,19.260000228881836,19.059999465942383,19.260000228881836,14.026167869567871,2279741
2015-03-19,19.25,19.399999618530273,19.18000030517578,19.264999389648438,14.02980899810791,7519351
2015-03-20,19.264999389648438,19.670000076293945,19.145000457763672,19.549999237060547,14.237363815307617,5463872
2015-03-23,19.5,19.59000015258789,19.329999923706055,19.565000534057617,14.24828815460205,3002308
2015-03-24,19.485000610351562,19.700000762939453,19.450000762939453,19.610000610351562,14.281058311462402,1676081
2015-03-25,19.549999237060547,19.639999389648438,19.3799991607666,19.399999618530273,14.128125190734863,2918519
2015-03-26,19.30500030517578,19.329999923706055,18.924999237060547,19.280000686645508,14.04073429107666,2856700
2015-03-27,19.25,19.46500015258789,19.2450008392334,19.334999084472656,14.080789566040039,1693699
2015-03-30,19.375,19.5,19.354999542236328,19.469999313354492,14.17910099029541,981926
2015-03-31,19.485000610351562,19.979999542236328,19.469999313354492,19.799999237060547,14.419425964355469,3977828
2015-04-01,19.700000762939453,19.940000534057617,19.524999618530273,19.795000076293945,14.415786743164062,4883996
2015-04-02,19.764999389648438,19.959999084472656,19.735000610351562,19.90999984741211,14.49953556060791,2013951
2015-04-07,20.094999313354492,20.475000381469727,19.989999771118164,20.475000381469727,14.910995483398438,2581722
2015-04-08,20.600000381469727,20.625,20.40999984741211,20.514999389648438,14.940128326416016,4200509
2015-04-09,20.645000457763672,20.770000457763672,20.565000534057617,20.649999618530273,15.038443565368652,4302734
2015-04-10,20.649999618530273,20.825000762939453,20.59000015258789,20.81999969482422,15.162245750427246,2987119
2015-04-13,20.829999923706055,20.975000381469727,20.80500030517578,20.915000915527344,15.231428146362305,2198581
2015-04-14,20.915000915527344,21.114999771118164,20.729999542236328,20.84000015258789,15.176806449890137,3185781
2015-04-15,20.854999542236328,20.954999923706055,20.760000228881836,20.829999923706055,15.16952896118164,5398572
2015-04-16,20.799999237060547,20.84000015258789,20.549999237060547,20.65999984741211,15.04572582244873,3455167
2015-04-17,20.475000381469727,20.5,19.584999084472656,20.18000030517578,14.696161270141602,4075858
2015-04-20,20.280000686645508,20.399999618530273,20.209999084472656,20.325000762939453,14.801763534545898,1168047
2015-04-21,20.350000381469727,20.6299991607666,20.350000381469727,20.540000915527344,14.958333969116211,1614334
2015-04-22,20.610000610351562,20.729999542236328,20.25,20.295000076293945,14.779911994934082,1464819
2015-04-23,20.25,20.459999084472656,20.110000610351562,20.200000762939453,14.71073055267334,4144652
2015-04-24,20.260000228881836,20.540000915527344,20.2549991607666,20.415000915527344,14.867303848266602,1281020
2015-04-27,20.440000534057617,20.614999771118164,20.06999969482422,20.55500030517578,14.969260215759277,2219200
2015-04-28,20.6299991607666,20.825000762939453,20.434999465942383,20.604999542236328,15.005670547485352,1329205
2015-04-29,20.584999084472656,20.71500015258789,20.030000686645508,20.145000457763672,14.670677185058594,1542403
2015-04-30,20.059999465942383,20.364999771118164,20.010000228881836,20.299999237060547,14.783554077148438,2897864
2015-05-04,20.434999465942383,20.645000457763672,20.274999618530273,20.594999313354492,14.99838638305664,5732789
2015-05-05,20.549999237060547,20.729999542236328,19.93000030517578,19.950000762939453,14.528664588928223,3234339
2015-05-06,19.68000030517578,19.75,19.364999771118164,19.510000228881836,14.428092002868652,3111616
2015-05-07,19.4950008392334,19.4950008392334,18.40999984741211,19.325000762939453,14.291281700134277,4233072
2015-05-08,19.454999923706055,19.625,19.325000762939453,19.625,14.513134956359863,3676961
2015-05-11,19.639999389648438,19.7549991607666,19.510000228881836,19.7549991607666,14.609271049499512,1468265
2015-05-12,19.65999984741211,19.68000030517578,19.34000015258789,19.559999465942383,14.465066909790039,2527488
2015-05-13,19.610000610351562,19.934999465942383,19.53499984741211,19.770000457763672,14.620363235473633,2175872
2015-05-14,19.709999084472656,19.959999084472656,19.540000915527344,19.885000228881836,14.705412864685059,1626021
2015-05-15,19.979999542236328,19.979999542236328,19.725000381469727,19.844999313354492,14.67583179473877,1825108
2015-05-18,19.915000915527344,20.075000762939453,19.690000534057617,20.075000762939453,14.845924377441406,2985950
2015-05-19,20.190000534057617,20.440000534057617,20.094999313354492,20.264999389648438,14.986429214477539,2926732
2015-05-20,20.344999313354492,20.344999313354492,20.09000015258789,20.229999542236328,14.960545539855957,1217502
2015-05-21,20.1299991607666,20.395000457763672,20.1200008392334,20.344999313354492,15.045589447021484,1264749
2015-05-22,20.385000228881836,20.405000686645508,20.21500015258789,20.350000381469727,15.04929256439209,1042966
2015-05-25,20.219999313354492,20.325000762939453,19.889999389648438,19.950000762939453,14.753480911254883,3239769
2015-05-26,19.950000762939453,20.100000381469727,19.559999465942383,19.81999969482422,14.657343864440918,3750954
2015-05-27,19.889999389648438,20.21500015258789,19.860000610351562,20.18000030517578,14.923567771911621,1230507
2015-05-28,20.065000534057617,20.184999465942383,19.84000015258789,20.024999618530273,14.808942794799805,1559653
2015-05-29,20.059999465942383,20.114999771118164,19.565000534057617,19.655000686645508,14.535324096679688,3693587
2015-06-01,19.704999923706055,19.954999923706055,19.655000686645508,19.780000686645508,14.627756118774414,1159241
2015-06-02,19.934999465942383,19.934999465942383,19.6200008392334,19.790000915527344,14.63515567779541,1588389
2015-06-03,19.8799991607666,20.06999969482422,19.684999465942383,19.75,14.605573654174805,4278849
2015-06-04,19.649999618530273,19.674999237060547,19.270000457763672,19.30500030517578,14.276484489440918,2688945
2015-06-05,19.260000228881836,19.40999984741211,19.049999237060547,19.295000076293945,14.269087791442871,2844724
2015-06-08,19.225000381469727,19.309999465942383,19.094999313354492,19.094999313354492,14.121190071105957,1780412
2015-06-09,19.094999313354492,19.350000381469727,18.920000076293945,19.344999313354492,14.306069374084473,2943786
2015-06-10,19.200000762939453,19.655000686645508,19.200000762939453,19.59000015258789,14.487251281738281,3688875
2015-06-11,19.55500030517578,19.690000534057617,19.454999923706055,19.594999313354492,14.490946769714355,1553563
2015-06-12,19.594999313354492,19.690000534057617,19.2450008392334,19.415000915527344,14.357834815979004,1541914
2015-06-15,19.2450008392334,19.270000457763672,19.020000457763672,19.094999313354492,14.121190071105957,3637141
2015-06-16,19.0049991607666,19.3700008392334,18.799999237060547,19.329999923706055,14.294976234436035,1781754
2015-06-17,19.524999618530273,19.665000915527344,19.225000381469727,19.280000686645508,14.257997512817383,1575264
2015-06-18,19.200000762939453,19.315000534057617,18.989999771118164,19.315000534057617,14.283884048461914,2410133
2015-06-19,19.315000534057617,19.565000534057617,19.290000915527344,19.454999923706055,14.38741683959961,1845295
2015-06-22,19.93000030517578,20.125,19.795000076293945,20.0,14.79045581817627,2996426
2015-06-23,20.145000457763672,20.264999389648438,20.03499984741211,20.104999542236328,14.8681058883667,2167313
2015-06-24,20.174999237060547,20.19499969482422,19.84000015258789,19.9950008392334,14.786758422851562,1868507
2015-06-25,19.905000686645508,20.190000534057617,19.834999084472656,20.1200008392334,14.87919807434082,1376175
2015-06-26,19.950000762939453,20.395000457763672,19.934999465942383,20.299999237060547,15.012312889099121,1914268
2015-06-29,19.364999771118164,19.860000610351562,19.200000762939453,19.625,14.513134956359863,3462520
2015-06-30,19.520000457763672,19.71500015258789,19.399999618530273,19.450000762939453,14.383720397949219,2272663
2015-07-01,19.700000762939453,20.0,19.520000457763672,19.844999313354492,14.67583179473877,2333077
2015-07-02,19.864999771118164,19.915000915527344,19.735000610351562,19.854999542236328,14.6832275390625,1706681
2015-07-03,19.825000762939453,19.959999084472656,19.799999237060547,19.950000762939453,14.753480911254883,1919018
2015-07-06,19.520000457763672,19.799999237060547,19.415000915527344,19.719999313354492,14.58338737487793,1769282
2015-07-07,19.735000610351562,19.795000076293945,19.364999771118164,19.385000228881836,14.335649490356445,2874160
2015-07-08,19.434999465942383,19.5,19.239999771118164,19.385000228881836,14.335649490356445,1958349
2015-07-09,19.395000457763672,19.954999923706055,19.385000228881836,19.829999923706055,14.664737701416016,2091813
2015-07-10,20.184999465942383,20.434999465942383,20.020000457763672,20.424999237060547,15.104750633239746,3158612
2015-07-13,20.5,20.854999542236328,20.450000762939453,20.770000457763672,15.359891891479492,2084803
2015-07-14,20.690000534057617,20.809999465942383,20.604999542236328,20.764999389648438,15.356191635131836,3483593
2015-07-15,20.795000076293945,21.079999923706055,20.719999313354492,21.0,15.52997875213623,1573859
2015-07-16,21.100000381469727,21.34000015258789,21.094999313354492,21.264999389648438,15.7259521484375,1878509
2015-07-17,21.344999313354492,21.469999313354492,21.260000228881836,21.375,15.807297706604004,2005811
2015-07-20,21.420000076293945,21.635000228881836,21.375,21.540000915527344,15.929323196411133,1263918
2015-07-21,21.6299991607666,21.6299991607666,21.020000457763672,21.280000686645508,15.737041473388672,3525449
2015-07-22,21.149999618530273,21.520000457763672,21.104999542236328,21.415000915527344,15.836880683898926,1690448
2015-07-23,21.559999465942383,21.59000015258789,21.354999542236328,21.450000762939453,15.862763404846191,2367948
2015-07-24,21.40999984741211,21.5,21.329999923706055,21.385000228881836,15.814696311950684,923549
2015-07-27,21.344999313354492,21.395000457763672,21.084999084472656,21.104999542236328,15.60763168334961,2377678
2015-07-28,21.125,21.360000610351562,21.06999969482422,21.25,15.714861869812012,1519042
2015-07-29,21.34000015258789,21.46500015258789,21.280000686645508,21.415000915527344,15.836880683898926,1243415
2015-07-30,21.4950008392334,21.59000015258789,21.225000381469727,21.344999313354492,15.785114288330078,4636159
2015-07-31,21.770000457763672,22.139999389648438,21.690000534057617,22.139999389648438,16.373031616210938,3393017
2015-08-03,22.149999618530273,22.364999771118164,22.114999771118164,22.270000457763672,16.469173431396484,1799878
2015-08-04,22.174999237060547,22.19499969482422,21.760000228881836,21.829999923706055,16.14378547668457,2487697
2015-08-05,21.8700008392334,21.93000030517578,21.21500015258789,21.639999389648438,16.003271102905273,3903604
2015-08-06,21.65999984741211,21.770000457763672,21.520000457763672,21.719999313354492,16.062435150146484,1983149
2015-08-07,21.649999618530273,21.774999618530273,21.434999465942383,21.469999313354492,15.877554893493652,1541756
2015-08-10,21.639999389648438,21.954999923706055,21.549999237060547,21.850000381469727,16.158573150634766,2066377
2015-08-11,21.795000076293945,21.905000686645508,21.639999389648438,21.729999542236328,16.06982421875,1570136
2015-08-12,21.489999771118164,21.559999465942383,21.104999542236328,21.209999084472656,15.685277938842773,1747668
2015-08-13,21.489999771118164,21.704999923706055,21.469999313354492,21.600000381469727,15.973695755004883,1386441
2015-08-14,21.549999237060547,21.78499984741211,21.524999618530273,21.56999969482422,15.951507568359375,3279115
2015-08-17,21.815000534057617,21.854999542236328,21.44499969482422,21.665000915527344,16.021759033203125,697466
2015-08-18,21.635000228881836,21.860000610351562,21.559999465942383,21.559999465942383,15.944110870361328,1557693
2015-08-19,21.489999771118164,21.594999313354492,21.350000381469727,21.479999542236328,15.88494873046875,1044704
2015-08-20,21.450000762939453,21.55500030517578,20.915000915527344,21.0049991607666,15.533676147460938,2123522
2015-08-21,20.739999771118164,20.940000534057617,20.424999237060547,20.424999237060547,15.104750633239746,4327388
2015-08-24,19.875,20.05500030517578,19.25,19.674999237060547,14.550111770629883,4444831
2015-08-25,19.825000762939453,20.739999771118164,19.80500030517578,20.604999542236328,15.23786449432373,2539629
2015-08-26,20.614999771118164,21.100000381469727,20.209999084472656,20.665000915527344,15.282240867614746,3031075
2015-08-27,21.084999084472656,21.454999923706055,20.950000762939453,21.31999969482422,15.766627311706543,2088116
2015-08-28,21.34000015258789,21.399999618530273,21.059999465942383,21.260000228881836,15.72225570678711,1436725
2015-08-31,21.18000030517578,21.31999969482422,21.065000534057617,21.31999969482422,15.766627311706543,2349508
2015-09-01,21.014999389648438,21.219999313354492,20.719999313354492,21.174999237060547,15.659394264221191,2505638
2015-09-02,21.290000915527344,21.44499969482422,21.0,21.079999923706055,15.589141845703125,2428880
2015-09-03,21.28499984741211,21.510000228881836,21.184999465942383,21.399999618530273,15.825786590576172,2202581
2015-09-04,21.229999542236328,21.28499984741211,20.969999313354492,21.18000030517578,15.663092613220215,1539672
2015-09-07,21.385000228881836,21.450000762939453,21.010000228881836,21.219999313354492,15.692673683166504,1496552
2015-09-08,21.2549991607666,21.540000915527344,21.225000381469727,21.260000228881836,15.72225570678711,2136434
2015-09-09,21.55500030517578,21.950000762939453,21.55500030517578,21.65999984741211,16.018062591552734,2516457
2015-09-10,21.520000457763672,21.979999542236328,21.440000534057617,21.834999084472656,16.147480010986328,1825666
2015-09-11,21.940000534057617,21.940000534057617,21.459999084472656,21.68000030517578,16.032852172851562,1514282
2015-09-14,21.729999542236328,21.889999389648438,21.610000610351562,21.610000610351562,15.981084823608398,2343278
2015-09-15,21.625,21.8799991607666,21.510000228881836,21.799999237060547,16.121597290039062,1657241
2015-09-16,21.915000915527344,22.139999389648438,21.905000686645508,21.94499969482422,16.22882843017578,2107876
2015-09-17,22.024999618530273,22.190000534057617,21.905000686645508,22.100000381469727,16.34345245361328,1786251
2015-09-18,22.0,22.014999389648438,21.53499984741211,21.709999084472656,16.055042266845703,3163698
2015-09-21,21.700000762939453,22.0,21.65999984741211,21.94499969482422,16.22882843017578,2515914
2015-09-22,21.924999237060547,21.94499969482422,21.34000015258789,21.44499969482422,15.8590726852417,2319835
2015-09-23,21.450000762939453,21.6200008392334,21.19499969482422,21.459999084472656,15.870159149169922,2300272
2015-09-24,21.44499969482422,21.645000457763672,20.940000534057617,21.139999389648438,15.633512496948242,2671182
2015-09-25,21.389999389648438,21.69499969482422,21.360000610351562,21.56999969482422,15.951507568359375,2270107
2015-09-28,21.5,21.68000030517578,21.280000686645508,21.459999084472656,15.870159149169922,1843887
2015-09-29,21.21500015258789,21.270000457763672,20.920000076293945,20.979999542236328,15.51518726348877,3249139
2015-09-30,21.34000015258789,21.46500015258789,21.170000076293945,21.34000015258789,15.781416893005371,2034265
2015-10-01,21.56999969482422,21.670000076293945,21.405000686645508,21.5,15.899740219116211,1440085
2015-10-02,21.735000610351562,21.760000228881836,21.075000762939453,21.399999618530273,15.825786590576172,1470893
2015-10-05,21.75,22.18000030517578,21.670000076293945,22.18000030517578,16.40261459350586,2301749
2015-10-06,22.270000457763672,22.59000015258789,22.139999389648438,22.415000915527344,16.576406478881836,2012053
2015-10-07,22.475000381469727,22.59000015258789,22.09000015258789,22.125,16.361942291259766,2861905
2015-10-08,22.084999084472656,22.299999237060547,21.989999771118164,22.229999542236328,16.439592361450195,2564891
2015-10-09,22.399999618530273,22.399999618530273,21.729999542236328,21.829999923706055,16.14378547668457,2899225
2015-10-12,21.854999542236328,22.075000762939453,21.594999313354492,21.78499984741211,16.110502243041992,2333176
2015-10-13,21.75,22.1200008392334,21.649999618530273,21.989999771118164,16.26211166381836,3128409
2015-10-14,21.895000457763672,21.899999618530273,21.690000534057617,21.764999389648438,16.095714569091797,2939123
2015-10-15,21.959999084472656,22.30500030517578,21.799999237060547,22.190000534057617,16.410009384155273,1944901
2015-10-16,22.334999084472656,22.469999313354492,22.225000381469727,22.395000457763672,16.561613082885742,1983173
2015-10-19,22.364999771118164,22.639999389648438,22.364999771118164,22.46500015258789,16.61338233947754,1831421
2015-10-20,22.420000076293945,22.604999542236328,22.2450008392334,22.434999465942383,16.591197967529297,1111043
2015-10-21,22.510000228881836,22.75,22.334999084472656,22.6200008392334,16.728004455566406,1607124
2015-10-22,22.614999771118164,22.8799991607666,22.299999237060547,22.8799991607666,16.9202823638916,2666299
2015-10-23,23.0,23.264999389648438,22.950000762939453,23.139999389648438,17.112560272216797,3657924
2015-10-26,23.170000076293945,23.375,23.045000076293945,23.31999969482422,17.24567222595215,3447677
2015-10-27,23.325000762939453,23.354999542236328,23.049999237060547,23.100000381469727,17.082977294921875,2277848
2015-10-28,23.06999969482422,23.344999313354492,22.924999237060547,23.145000457763672,17.116256713867188,4865294
2015-10-29,23.299999237060547,23.299999237060547,23.05500030517578,23.274999618530273,17.212392807006836,2038557
2015-10-30,22.030000686645508,22.979999542236328,21.90999984741211,22.959999084472656,16.979442596435547,4549014
2015-11-02,22.825000762939453,22.825000762939453,22.454999923706055,22.709999084472656,16.7945613861084,3535145
2015-11-03,22.395000457763672,22.584999084472656,22.219999313354492,22.315000534057617,16.79682159423828,3569348
2015-11-04,22.434999465942383,22.545000076293945,22.040000915527344,22.104999542236328,16.638750076293945,3653936
2015-11-05,22.1200008392334,22.530000686645508,22.030000686645508,22.274999618530273,16.766714096069336,2217627
2015-11-06,22.260000228881836,22.540000915527344,22.170000076293945,22.375,16.84198760986328,4944480
2015-11-09,22.21500015258789,22.299999237060547,21.80500030517578,21.864999771118164,16.458101272583008,4271010
2015-11-10,21.979999542236328,22.170000076293945,21.774999618530273,22.110000610351562,16.64251708984375,1428018
2015-11-11,22.09000015258789,22.454999923706055,22.05500030517578,22.21500015258789,16.72154998779297,1826536
2015-11-12,22.21500015258789,22.3700008392334,21.854999542236328,21.905000686645508,16.48820686340332,1651090
2015-11-13,21.899999618530273,21.920000076293945,21.524999618530273,21.704999923706055,16.33766746520996,2221196
2015-11-16,21.5049991607666,22.139999389648438,21.440000534057617,22.139999389648438,16.66509246826172,4470655
2015-11-17,22.2450008392334,22.3799991607666,22.170000076293945,22.34000015258789,16.815637588500977,3178325
2015-11-18,22.219999313354492,22.440000534057617,22.165000915527344,22.389999389648438,16.8532772064209,2793413
2015-11-19,22.489999771118164,22.565000534057617,22.360000610351562,22.399999618530273,16.86080551147461,1982763
2015-11-20,22.520000457763672,22.540000915527344,21.9950008392334,22.135000228881836,16.661334991455078,4060205
2015-11-23,22.045000076293945,22.364999771118164,22.030000686645508,22.274999618530273,16.766714096069336,2301854
2015-11-24,22.235000610351562,22.235000610351562,21.844999313354492,22.190000534057617,16.702728271484375,4993337
2015-11-25,22.219999313354492,22.385000228881836,22.104999542236328,22.21500015258789,16.72154998779297,1099630
2015-11-26,22.229999542236328,22.399999618530273,22.155000686645508,22.299999237060547,16.785531997680664,1157703
2015-11-27,22.149999618530273,22.4950008392334,22.149999618530273,22.40999984741211,16.868330001831055,2660914
2015-11-30,22.43000030517578,22.645000457763672,22.3799991607666,22.420000076293945,16.875858306884766,3045361
2015-12-01,22.3700008392334,22.489999771118164,22.235000610351562,22.360000610351562,16.830692291259766,2020415
2015-12-02,22.415000915527344,22.510000228881836,22.184999465942383,22.295000076293945,16.781770706176758,1467392
2015-12-03,22.270000457763672,22.489999771118164,21.674999237060547,21.684999465942383,16.32261085510254,3574887
2015-12-04,21.540000915527344,21.674999237060547,21.420000076293945,21.59000015258789,16.251102447509766,1592708
2015-12-07,21.584999084472656,21.809999465942383,21.510000228881836,21.725000381469727,16.35272216796875,1828317
2015-12-08,21.735000610351562,21.8799991607666,21.3700008392334,21.530000686645508,16.205942153930664,2534124
2015-12-09,21.565000534057617,21.655000686645508,21.30500030517578,21.424999237060547,16.126903533935547,1897168
2015-12-10,21.270000457763672,21.459999084472656,21.18000030517578,21.2450008392334,15.991416931152344,1903152
2015-12-11,21.149999618530273,21.209999084472656,20.700000762939453,20.770000457763672,15.633880615234375,2558169
2015-12-14,20.799999237060547,21.0049991607666,20.575000762939453,20.600000381469727,15.505915641784668,4924134
2015-12-15,20.764999389648438,20.969999313354492,20.684999465942383,20.899999618530273,15.731731414794922,4147247
2015-12-16,20.860000610351562,20.93000030517578,20.600000381469727,20.684999465942383,15.569896697998047,4873741
2015-12-17,20.924999237060547,21.239999771118164,20.78499984741211,21.05500030517578,15.84839916229248,3823107
2015-12-18,20.895000457763672,21.010000228881836,20.56999969482422,20.68000030517578,15.566133499145508,3781878
2015-12-21,20.399999618530273,20.7450008392334,20.0,20.385000228881836,15.344084739685059,2593005
2015-12-22,20.5,20.594999313354492,20.290000915527344,20.559999465942383,15.47580623626709,6067613
2015-12-23,20.68000030517578,20.989999771118164,20.68000030517578,20.844999313354492,15.690333366394043,1206887
2015-12-24,20.950000762939453,21.059999465942383,20.80500030517578,21.059999465942383,15.852163314819336,636764
2015-12-28,20.969999313354492,21.020000457763672,20.709999084472656,20.71500015258789,15.592475891113281,1391093
2015-12-29,20.78499984741211,21.06999969482422,20.78499984741211,20.985000610351562,15.795711517333984,2428262
2015-12-30,20.920000076293945,21.09000015258789,20.834999084472656,20.940000534057617,15.761839866638184,1295929
2015-12-31,20.209999084472656,20.940000534057617,20.209999084472656,20.854999542236328,15.697855949401855,5442041
2016-01-04,20.780000686645508,21.084999084472656,20.395000457763672,20.649999618530273,15.54355239868164,1782558
2016-01-05,20.854999542236328,20.985000610351562,20.549999237060547,20.704999923706055,15.584949493408203,1406499
2016-01-06,20.700000762939453,20.71500015258789,20.440000534057617,20.594999313354492,15.50214958190918,1075769
2016-01-07,20.139999389648438,20.325000762939453,19.5,20.209999084472656,15.21235466003418,2187060
2016-01-08,20.235000610351562,20.469999313354492,20.059999465942383,20.059999465942383,15.099452018737793,1545370
2016-01-11,19.969999313354492,20.299999237060547,19.65999984741211,20.030000686645508,15.076870918273926,3774615
2016-01-12,20.010000228881836,20.395000457763672,19.950000762939453,20.200000762939453,15.204832077026367,2106318
2016-01-13,20.264999389648438,20.40999984741211,20.059999465942383,20.06999969482422,15.106974601745605,3176638
2016-01-14,19.299999237060547,19.350000381469727,18.934999465942383,19.155000686645508,14.418244361877441,39870304
2016-01-15,19.149999618530273,19.225000381469727,18.834999084472656,18.989999771118164,14.294046401977539,5833827
2016-01-18,18.9950008392334,19.459999084472656,18.9950008392334,19.264999389648438,14.5010404586792,7255956
2016-01-19,19.600000381469727,19.90999984741211,19.5,19.56999969482422,14.730620384216309,3093869
2016-01-20,19.110000610351562,19.2450008392334,18.950000762939453,19.065000534057617,14.350500106811523,9578700
2016-01-21,19.094999313354492,19.434999465942383,19.0,19.434999465942383,14.629005432128906,10966930
2016-01-22,19.65999984741211,19.774999618530273,19.469999313354492,19.610000610351562,14.760725975036621,3735904
2016-01-25,19.725000381469727,19.760000228881836,19.469999313354492,19.565000534057617,14.726853370666504,3654377
2016-01-26,19.270000457763672,19.600000381469727,19.1200008392334,19.540000915527344,14.708039283752441,3487311
2016-01-27,19.545000076293945,19.68000030517578,19.454999923706055,19.584999084472656,14.74190902709961,2190107
2016-01-28,19.600000381469727,19.920000076293945,19.479999542236328,19.65999984741211,14.798358917236328,2937856
2016-01-29,19.90999984741211,20.135000228881836,19.774999618530273,20.135000228881836,15.155901908874512,3293037
2016-02-01,20.434999465942383,20.489999771118164,20.09000015258789,20.3700008392334,15.332789421081543,2342128
2016-02-02,20.315000534057617,20.31999969482422,19.844999313354492,19.940000534057617,15.009126663208008,3349091
2016-02-03,19.844999313354492,19.950000762939453,19.40999984741211,19.639999389648438,14.783309936523438,4666220
2016-02-04,19.93000030517578,19.934999465942383,19.28499984741211,19.405000686645508,14.60642147064209,3544809
2016-02-05,19.514999389648438,19.579999923706055,18.875,18.950000762939453,14.263940811157227,3033641
2016-02-08,18.889999389648438,19.06999969482422,17.954999923706055,18.05500030517578,13.590259552001953,3348980
2016-02-09,17.959999084472656,18.190000534057617,17.5049991607666,17.78499984741211,13.387027740478516,3788047
2016-02-10,17.96500015258789,18.344999313354492,17.774999618530273,18.145000457763672,13.658004760742188,2285154
2016-02-11,17.920000076293945,17.924999237060547,17.299999237060547,17.299999237060547,13.021957397460938,3347507
2016-02-12,17.364999771118164,17.610000610351562,17.295000076293945,17.565000534057617,13.221427917480469,2977863
2016-02-15,17.954999923706055,18.469999313354492,17.93000030517578,18.020000457763672,13.56391429901123,6897411
2016-02-16,18.145000457763672,18.334999084472656,18.045000076293945,18.19499969482422,13.695633888244629,2441917
2016-02-17,18.309999465942383,18.700000762939453,18.2450008392334,18.639999389648438,14.030594825744629,4794775
2016-02-18,18.75,18.795000076293945,18.469999313354492,18.55500030517578,13.966614723205566,2211798
2016-02-19,18.450000762939453,18.59000015258789,18.075000762939453,18.364999771118164,13.823598861694336,5386943
2016-02-22,18.600000381469727,18.75,18.514999389648438,18.514999389648438,13.936504364013672,4766916
2016-02-23,18.434999465942383,18.600000381469727,18.309999465942383,18.350000381469727,13.812305450439453,2542170
2016-02-24,18.325000762939453,18.40999984741211,17.895000457763672,18.020000457763672,13.56391429901123,5089814
2016-02-25,18.25,18.594999313354492,18.174999237060547,18.389999389648438,13.84242057800293,3300722
2016-02-26,18.725000381469727,18.725000381469727,17.6299991607666,17.649999618530273,13.285409927368164,4897290
2016-02-29,17.479999542236328,17.934999465942383,17.315000534057617,17.829999923706055,13.420897483825684,7665758
2016-03-01,17.770000457763672,18.104999542236328,17.71500015258789,17.954999923706055,13.514984130859375,4090962
2016-03-02,18.1299991607666,18.1299991607666,17.875,17.950000762939453,13.511225700378418,3500450
2016-03-03,18.139999389648438,18.344999313354492,17.920000076293945,18.094999313354492,13.62036418914795,3803909
2016-03-04,18.235000610351562,18.434999465942383,18.09000015258789,18.25,13.737039566040039,6579653
2016-03-07,18.200000762939453,18.399999618530273,18.165000915527344,18.235000610351562,13.725746154785156,2956312
2016-03-08,18.059999465942383,18.274999618530273,17.959999084472656,18.200000762939453,13.69940185546875,5305016
2016-03-09,18.204999923706055,18.46500015258789,18.110000610351562,18.290000915527344,13.767145156860352,7524185
2016-03-10,18.2450008392334,18.610000610351562,18.06999969482422,18.114999771118164,13.635420799255371,3246802
2016-03-11,18.329999923706055,18.540000915527344,18.235000610351562,18.485000610351562,13.913928031921387,6735208
2016-03-14,18.604999542236328,18.670000076293945,18.344999313354492,18.405000686645508,13.853708267211914,3402326
2016-03-15,18.354999542236328,18.424999237060547,18.139999389648438,18.200000762939453,13.69940185546875,1898424
2016-03-16,18.260000228881836,18.299999237060547,18.084999084472656,18.200000762939453,13.69940185546875,6909395
2016-03-17,18.389999389648438,18.395000457763672,18.079999923706055,18.270000457763672,13.752092361450195,5305872
2016-03-18,18.450000762939453,18.704999923706055,18.264999389648438,18.639999389648438,14.030594825744629,7342619
2016-03-21,18.579999923706055,18.80500030517578,18.520000457763672,18.80500030517578,14.154791831970215,2495189
2016-03-22,18.704999923706055,18.934999465942383,18.579999923706055,18.8799991607666,14.211247444152832,2361617
2016-03-23,18.985000610351562,19.31999969482422,18.940000534057617,19.110000610351562,14.384371757507324,4175288
2016-03-24,18.954999923706055,19.084999084472656,18.854999542236328,18.920000076293945,14.241354942321777,1429596
2016-03-29,19.079999923706055,19.18000030517578,18.770000457763672,18.834999084472656,14.177374839782715,2083224
2016-03-30,18.954999923706055,19.149999618530273,18.895000457763672,18.920000076293945,14.241354942321777,2117083
2016-03-31,18.850000381469727,18.920000076293945,18.700000762939453,18.885000228881836,14.215011596679688,5969233
2016-04-01,18.684999465942383,18.829999923706055,18.584999084472656,18.7549991607666,14.117155075073242,4258616
2016-04-04,18.790000915527344,18.84000015258789,18.649999618530273,18.684999465942383,14.064469337463379,4252034
2016-04-05,18.649999618530273,18.665000915527344,18.219999313354492,18.299999237060547,13.774672508239746,3330071
2016-04-06,18.360000610351562,18.614999771118164,18.239999771118164,18.489999771118164,13.917685508728027,2048722
2016-04-07,18.5049991607666,18.559999465942383,18.05500030517578,18.084999084472656,13.612838745117188,2181026
2016-04-08,17.9950008392334,18.315000534057617,17.959999084472656,18.239999771118164,13.729510307312012,2505702
2016-04-11,18.25,18.40999984741211,18.024999618530273,18.235000610351562,13.725746154785156,5037449
2016-04-12,18.239999771118164,18.299999237060547,18.024999618530273,18.235000610351562,13.725746154785156,1628548
2016-04-13,18.389999389648438,18.510000228881836,18.239999771118164,18.489999771118164,13.917685508728027,1935832
2016-04-14,19.399999618530273,19.399999618530273,18.75,19.200000762939453,14.45211410522461,4961350
2016-04-15,19.2450008392334,19.299999237060547,19.155000686645508,19.295000076293945,14.523618698120117,3128741
2016-04-18,19.059999465942383,19.344999313354492,18.975000381469727,19.334999084472656,14.553733825683594,2258622
2016-04-19,19.334999084472656,19.344999313354492,18.864999771118164,19.045000076293945,14.335447311401367,5862954
2016-04-20,19.040000915527344,19.125,18.75,18.899999618530273,14.226301193237305,7434835
2016-04-21,19.010000228881836,19.049999237060547,18.575000762939453,18.81999969482422,14.166083335876465,10495437
2016-04-22,18.799999237060547,19.014999389648438,18.75,18.969999313354492,14.27899169921875,1706975
2016-04-25,19.0,19.18000030517578,18.875,19.18000030517578,14.43705940246582,2078533
2016-04-26,19.274999618530273,19.489999771118164,19.264999389648438,19.375,14.583842277526855,5479459
2016-04-27,19.295000076293945,19.540000915527344,19.190000534057617,19.479999542236328,14.662875175476074,6893584
2016-04-28,19.34000015258789,19.415000915527344,19.110000610351562,19.19499969482422,14.44835376739502,8208022
2016-04-29,18.975000381469727,18.975000381469727,18.649999618530273,18.790000915527344,14.143500328063965,9591164
2016-05-02,18.864999771118164,18.989999771118164,18.735000610351562,18.899999618530273,14.226301193237305,2636079
2016-05-03,18.924999237060547,18.93000030517578,18.40999984741211,18.479999542236328,13.910163879394531,4838778
2016-05-04,18.53499984741211,18.700000762939453,18.104999542236328,18.184999465942383,13.6881103515625,3426686
2016-05-05,18.139999389648438,18.55500030517578,18.09000015258789,18.200000762939453,13.69940185546875,2512527
2016-05-06,18.200000762939453,18.239999771118164,18.0,18.170000076293945,13.676819801330566,2032465
2016-05-09,18.260000228881836,18.440000534057617,18.079999923706055,18.174999237060547,13.680583000183105,3362854
2016-05-10,18.334999084472656,18.334999084472656,18.125,18.184999465942383,13.6881103515625,1567099
2016-05-11,18.125,18.239999771118164,18.0,18.110000610351562,13.631658554077148,1788199
2016-05-12,18.0,18.15999984741211,17.885000228881836,18.0,13.548858642578125,2285779
2016-05-13,17.899999618530273,18.104999542236328,17.809999465942383,18.010000228881836,13.55638599395752,1378099
2016-05-16,17.90999984741211,18.100000381469727,17.864999771118164,18.094999313354492,13.62036418914795,3385812
2016-05-17,18.204999923706055,18.280000686645508,18.079999923706055,18.21500015258789,13.710692405700684,2169677
2016-05-18,18.079999923706055,18.649999618530273,18.05500030517578,18.625,14.019306182861328,3655032
2016-05-19,18.514999389648438,18.584999084472656,18.3700008392334,18.489999771118164,13.917685508728027,2197342
2016-05-20,18.600000381469727,18.665000915527344,18.450000762939453,18.65999984741211,14.045652389526367,10156871
2016-05-23,18.514999389648438,18.65999984741211,18.350000381469727,18.350000381469727,13.812305450439453,3766894
2016-05-24,18.260000228881836,18.989999771118164,18.184999465942383,18.920000076293945,14.241354942321777,2837177
2016-05-25,19.104999542236328,19.184999465942383,18.9950008392334,19.1200008392334,14.391900062561035,2671821
2016-05-26,19.1299991607666,19.190000534057617,18.940000534057617,19.059999465942383,14.346732139587402,1590287
2016-05-27,18.729999542236328,18.969999313354492,18.549999237060547,18.950000762939453,14.500544548034668,1714824
2016-05-30,18.915000915527344,18.934999465942383,18.760000228881836,18.795000076293945,14.381936073303223,1519418
2016-05-31,18.704999923706055,19.15999984741211,18.635000228881836,19.030000686645508,14.561756134033203,2907131
2016-06-01,19.045000076293945,19.045000076293945,18.690000534057617,18.940000534057617,14.492884635925293,2004340
2016-06-02,18.90999984741211,19.05500030517578,18.854999542236328,19.030000686645508,14.561756134033203,1708153
2016-06-03,19.024999618530273,19.09000015258789,18.780000686645508,18.854999542236328,14.427844047546387,1540128
2016-06-06,18.75,18.850000381469727,18.6200008392334,18.69499969482422,14.305411338806152,5740882
2016-06-07,18.799999237060547,19.024999618530273,18.795000076293945,19.014999389648438,14.55027961730957,1476518
2016-06-08,18.895000457763672,18.924999237060547,18.575000762939453,18.635000228881836,14.259505271911621,1822063
2016-06-09,18.56999969482422,18.59000015258789,18.3700008392334,18.440000534057617,14.11029052734375,5814123
2016-06-10,18.364999771118164,18.364999771118164,18.065000534057617,18.079999923706055,13.83481502532959,2251841
2016-06-13,17.844999313354492,17.950000762939453,17.719999313354492,17.719999313354492,13.559340476989746,1910964
2016-06-14,17.5,17.559999465942383,17.325000762939453,17.354999542236328,13.280047416687012,2964524
2016-06-15,17.5049991607666,17.655000686645508,17.3799991607666,17.3799991607666,13.299176216125488,2460321
2016-06-16,17.155000686645508,17.309999465942383,17.075000762939453,17.165000915527344,13.134655952453613,1923807
2016-06-17,17.28499984741211,17.475000381469727,17.239999771118164,17.3700008392334,13.291523933410645,6423325
2016-06-20,17.80500030517578,18.639999389648438,17.780000686645508,18.614999771118164,14.244199752807617,11023365
2016-06-21,18.56999969482422,18.6200008392334,18.375,18.489999771118164,14.14854621887207,4793763
2016-06-22,18.579999923706055,18.940000534057617,18.389999389648438,18.549999237060547,14.194461822509766,2180650
2016-06-23,18.770000457763672,19.030000686645508,18.684999465942383,18.889999389648438,14.454630851745605,2357827
2016-06-24,15.199999809265137,17.3700008392334,15.15999984741211,17.1299991607666,13.107877731323242,11542347
2016-06-27,17.010000228881836,17.125,15.8100004196167,15.954999923706055,12.208767890930176,6735799
2016-06-28,16.3700008392334,16.760000228881836,16.25,16.594999313354492,12.698495864868164,4690790
2016-06-29,16.795000076293945,17.5049991607666,16.625,17.395000457763672,13.310654640197754,4310776
2016-06-30,17.485000610351562,17.53499984741211,17.274999618530273,17.434999465942383,13.341262817382812,2934962
2016-07-01,17.614999771118164,17.774999618530273,17.450000762939453,17.700000762939453,13.54404354095459,2107122
2016-07-04,17.7450008392334,17.860000610351562,17.364999771118164,17.604999542236328,13.471345901489258,2112620
2016-07-05,17.559999465942383,17.639999389648438,17.350000381469727,17.350000381469727,13.276222229003906,2121769
2016-07-06,17.235000610351562,17.415000915527344,17.045000076293945,17.239999771118164,13.192049980163574,3052944
2016-07-07,17.385000228881836,17.545000076293945,17.295000076293945,17.459999084472656,13.360393524169922,2051957
2016-07-08,17.459999084472656,17.75,17.389999389648438,17.594999313354492,13.463692665100098,1571014
2016-07-11,17.735000610351562,17.985000610351562,17.604999542236328,17.94499969482422,13.731513977050781,1685220
2016-07-12,17.924999237060547,18.290000915527344,17.915000915527344,18.125,13.869250297546387,1813660
2016-07-13,18.170000076293945,18.34000015258789,18.149999618530273,18.15999984741211,13.896032333374023,1666437
2016-07-14,18.325000762939453,18.325000762939453,17.6299991607666,18.014999389648438,13.785079956054688,2048956
2016-07-15,18.100000381469727,18.280000686645508,17.90999984741211,18.149999618530273,13.888379096984863,2348292
2016-07-18,18.264999389648438,18.31999969482422,18.06999969482422,18.15999984741211,13.896032333374023,1358282
2016-07-19,18.05500030517578,18.2450008392334,18.024999618530273,18.219999313354492,13.941944122314453,3684743
2016-07-20,18.299999237060547,18.299999237060547,18.040000915527344,18.104999542236328,13.853943824768066,1635234
2016-07-21,18.100000381469727,18.125,17.885000228881836,18.010000228881836,13.781250953674316,5433060
2016-07-22,18.075000762939453,18.139999389648438,17.950000762939453,18.040000915527344,13.804208755493164,1802892
2016-07-25,18.010000228881836,18.18000030517578,17.96500015258789,18.18000030517578,13.911337852478027,1471589
2016-07-26,18.329999923706055,18.584999084472656,18.204999923706055,18.549999237060547,14.194461822509766,2369757
2016-07-27,18.559999465942383,18.825000762939453,18.559999465942383,18.684999465942383,14.29776382446289,2354722
2016-07-28,18.68000030517578,18.8799991607666,18.594999313354492,18.594999313354492,14.228897094726562,1696738
2016-07-29,18.145000457763672,18.565000534057617,18.010000228881836,18.514999389648438,14.167679786682129,3513366
2016-08-01,18.674999237060547,18.700000762939453,18.075000762939453,18.149999618530273,13.888379096984863,1981335
2016-08-02,18.165000915527344,18.165000915527344,17.93000030517578,18.020000457763672,13.788904190063477,2366383
2016-08-03,18.0,18.1200008392334,17.844999313354492,17.90999984741211,13.704733848571777,1821707
2016-08-04,18.0,18.09000015258789,17.649999618530273,17.704999923706055,13.54786491394043,3649628
2016-08-05,17.69499969482422,17.81999969482422,17.4950008392334,17.655000686645508,13.509608268737793,4556993
2016-08-08,17.825000762939453,17.825000762939453,17.559999465942383,17.645000457763672,13.501957893371582,2580259
2016-08-09,17.600000381469727,17.924999237060547,17.559999465942383,17.895000457763672,13.693255424499512,1307998
2016-08-10,17.780000686645508,17.895000457763672,17.709999084472656,17.760000228881836,13.58995532989502,2553343
2016-08-11,17.844999313354492,18.0,17.739999771118164,17.954999923706055,13.739166259765625,1738592
2016-08-12,17.934999465942383,18.104999542236328,17.915000915527344,17.96500015258789,13.746818542480469,3219805
2016-08-15,18.024999618530273,18.03499984741211,17.864999771118164,17.93000030517578,13.720037460327148,759222
2016-08-16,17.899999618530273,17.899999618530273,17.610000610351562,17.68000030517578,13.528738021850586,1220789
2016-08-17,17.655000686645508,17.684999465942383,17.3700008392334,17.440000534057617,13.34508991241455,2481802
2016-08-18,17.549999237060547,17.549999237060547,17.325000762939453,17.469999313354492,13.368047714233398,1943288
2016-08-19,17.5049991607666,17.5049991607666,17.2549991607666,17.31999969482422,13.253266334533691,1756028
2016-08-22,17.260000228881836,17.524999618530273,17.2450008392334,17.44499969482422,13.348916053771973,1090270
2016-08-23,17.540000915527344,17.7549991607666,17.424999237060547,17.65999984741211,13.513431549072266,1316991
2016-08-24,17.510000228881836,17.68000030517578,17.46500015258789,17.600000381469727,13.46751880645752,2710256
2016-08-25,17.5,17.5,17.354999542236328,17.440000534057617,13.34508991241455,1148062
2016-08-26,17.405000686645508,17.665000915527344,17.3700008392334,17.53499984741211,13.41778564453125,747208
2016-08-29,17.450000762939453,17.53499984741211,17.364999771118164,17.485000610351562,13.379521369934082,994465
2016-08-30,17.514999389648438,17.719999313354492,17.510000228881836,17.6200008392334,13.482827186584473,1217787
2016-08-31,17.530000686645508,17.825000762939453,17.530000686645508,17.665000915527344,13.517263412475586,1820928
2016-09-01,17.65999984741211,18.014999389648438,17.604999542236328,17.8700008392334,13.674124717712402,1708786
2016-09-02,17.905000686645508,18.145000457763672,17.8700008392334,18.110000610351562,13.857773780822754,1994137
2016-09-05,18.110000610351562,18.309999465942383,18.110000610351562,18.270000457763672,13.980205535888672,1132000
2016-09-06,18.469999313354492,18.56999969482422,18.344999313354492,18.420000076293945,14.094985961914062,1982762
2016-09-07,18.024999618530273,18.5,18.0,18.450000762939453,14.117940902709961,1924834
2016-09-08,18.43000030517578,18.860000610351562,18.405000686645508,18.795000076293945,14.381936073303223,2058603
2016-09-09,18.75,18.860000610351562,18.545000076293945,18.610000610351562,14.240370750427246,1879390
2016-09-12,18.315000534057617,18.389999389648438,18.110000610351562,18.3799991607666,14.064377784729004,1231951
2016-09-13,18.44499969482422,18.5,18.09000015258789,18.125,13.869250297546387,1696982
2016-09-14,18.209999084472656,18.270000457763672,18.114999771118164,18.200000762939453,13.926641464233398,1315656
2016-09-15,18.15999984741211,18.350000381469727,18.125,18.235000610351562,13.953422546386719,1575279
2016-09-16,18.209999084472656,18.28499984741211,17.96500015258789,18.084999084472656,13.838642120361328,1676921
2016-09-19,18.190000534057617,18.295000076293945,18.1200008392334,18.21500015258789,13.938117980957031,810727
2016-09-20,18.139999389648438,18.290000915527344,18.135000228881836,18.139999389648438,13.880729675292969,1343448
2016-09-21,18.299999237060547,18.329999923706055,17.954999923706055,18.0,13.773602485656738,2286017
2016-09-22,18.094999313354492,18.4950008392334,18.075000762939453,18.334999084472656,14.029942512512207,1436853
2016-09-23,18.280000686645508,18.375,18.1200008392334,18.295000076293945,13.999335289001465,1373423
2016-09-26,18.21500015258789,18.219999313354492,17.975000381469727,18.155000686645508,13.892208099365234,3961762
2016-09-27,18.229999542236328,18.290000915527344,18.059999465942383,18.219999313354492,13.941944122314453,4105516
2016-09-28,18.344999313354492,18.479999542236328,18.2549991607666,18.30500030517578,14.006988525390625,960961
2016-09-29,18.454999923706055,18.799999237060547,18.450000762939453,18.68000030517578,14.293935775756836,3071327
2016-09-30,18.514999389648438,19.06999969482422,18.415000915527344,18.950000762939453,14.500544548034668,2858057
2016-10-03,18.899999618530273,18.954999923706055,18.770000457763672,18.899999618530273,14.4622802734375,1189525
2016-10-04,18.899999618530273,18.940000534057617,18.684999465942383,18.700000762939453,14.309244155883789,2313537
2016-10-05,18.510000228881836,18.594999313354492,18.360000610351562,18.469999313354492,14.133244514465332,1387564
2016-10-06,18.584999084472656,18.59000015258789,18.19499969482422,18.19499969482422,13.92281436920166,1627152
2016-10-07,18.229999542236328,18.229999542236328,17.56999969482422,17.604999542236328,13.471345901489258,2532697
2016-10-10,17.604999542236328,17.8700008392334,17.559999465942383,17.764999389648438,13.59377670288086,1916342
2016-10-11,17.68000030517578,17.969999313354492,17.639999389648438,17.8700008392334,13.674124717712402,1670673
2016-10-12,17.905000686645508,18.06999969482422,17.850000381469727,18.059999465942383,13.819513320922852,1875837
2016-10-13,17.96500015258789,18.059999465942383,17.84000015258789,18.059999465942383,13.819513320922852,1242734
2016-10-14,18.125,18.469999313354492,18.125,18.3700008392334,14.056727409362793,1625029
2016-10-17,18.229999542236328,18.364999771118164,18.18000030517578,18.2450008392334,13.961074829101562,1822005
2016-10-18,18.354999542236328,18.690000534057617,18.34000015258789,18.645000457763672,14.267157554626465,1577346
2016-10-19,18.645000457763672,18.670000076293945,18.415000915527344,18.469999313354492,14.133244514465332,1696989
2016-10-20,18.459999084472656,18.600000381469727,18.31999969482422,18.540000915527344,14.186807632446289,3709076
2016-10-21,18.665000915527344,18.96500015258789,18.614999771118164,18.93000030517578,14.485239028930664,5380056
2016-10-24,19.100000381469727,19.329999923706055,19.010000228881836,19.075000762939453,14.596195220947266,1896168
2016-10-25,19.030000686645508,19.334999084472656,18.614999771118164,18.68000030517578,14.293935775756836,5485416
2016-10-26,18.479999542236328,18.635000228881836,18.299999237060547,18.59000015258789,14.225066184997559,1459859
2016-10-27,18.329999923706055,18.350000381469727,17.670000076293945,17.96500015258789,13.746818542480469,10613674
2016-10-28,17.905000686645508,18.200000762939453,17.75,18.149999618530273,13.888379096984863,2881932
2016-10-31,17.815000534057617,17.885000228881836,17.6299991607666,17.725000381469727,13.875075340270996,2046697
2016-11-01,17.885000228881836,17.885000228881836,17.415000915527344,17.415000915527344,13.632407188415527,2063764
2016-11-02,17.360000610351562,17.389999389648438,17.139999389648438,17.200000762939453,13.464105606079102,2124420
2016-11-03,17.059999465942383,17.315000534057617,16.885000228881836,17.024999618530273,13.327116012573242,2571299
2016-11-04,17.100000381469727,17.114999771118164,16.729999542236328,16.729999542236328,13.096190452575684,2132285
2016-11-07,16.975000381469727,17.045000076293945,16.770000457763672,16.81999969482422,13.166643142700195,2289794
2016-11-08,16.8700008392334,16.8700008392334,16.704999923706055,16.80500030517578,13.154901504516602,1617567
2016-11-09,16.3700008392334,17.05500030517578,16.229999542236328,17.020000457763672,13.323202133178711,2708119
2016-11-10,17.184999465942383,17.260000228881836,16.385000228881836,16.479999542236328,12.900491714477539,2913482
2016-11-11,16.479999542236328,16.584999084472656,15.9350004196167,16.149999618530273,12.642168045043945,4076745
2016-11-14,16.280000686645508,16.309999465942383,15.930000305175781,16.03499984741211,12.552145957946777,4139588
2016-11-15,16.125,16.420000076293945,16.110000610351562,16.420000076293945,12.853523254394531,2359008
2016-11-16,16.46500015258789,16.584999084472656,16.260000228881836,16.415000915527344,12.849610328674316,2552159
2016-11-17,16.420000076293945,16.71500015258789,16.420000076293945,16.71500015258789,13.084449768066406,1722200
2016-11-18,16.770000457763672,16.809999465942383,16.485000610351562,16.639999389648438,13.025738716125488,1819815
2016-11-21,16.665000915527344,16.739999771118164,16.354999542236328,16.3799991607666,12.822211265563965,1276879
2016-11-22,16.44499969482422,16.594999313354492,16.309999465942383,16.334999084472656,12.786985397338867,2007600
2016-11-23,16.399999618530273,16.475000381469727,16.229999542236328,16.260000228881836,12.728278160095215,1286072
2016-11-24,16.475000381469727,16.575000762939453,16.405000686645508,16.469999313354492,12.89266300201416,911687
2016-11-25,16.549999237060547,16.600000381469727,16.415000915527344,16.549999237060547,12.955286026000977,790820
2016-11-28,16.55500030517578,16.665000915527344,16.454999923706055,16.540000915527344,12.94745922088623,992921
2016-11-29,16.635000228881836,16.709999084472656,16.489999771118164,16.709999084472656,13.08053207397461,1374270
2016-11-30,16.68000030517578,16.864999771118164,16.6299991607666,16.725000381469727,13.092275619506836,2287413
2016-12-01,16.639999389648438,16.7450008392334,16.5,16.639999389648438,13.025738716125488,4269431
2016-12-02,16.549999237060547,16.6200008392334,16.399999618530273,16.450000762939453,12.877007484436035,2246517
2016-12-05,16.329999923706055,16.709999084472656,16.260000228881836,16.405000686645508,12.841781616210938,2036802
2016-12-06,16.395000457763672,16.700000762939453,16.350000381469727,16.65999984741211,13.041397094726562,2637681
2016-12-07,16.735000610351562,16.75,16.56999969482422,16.600000381469727,12.994425773620605,2040504
2016-12-08,16.645000457763672,16.850000381469727,16.6200008392334,16.764999389648438,13.123587608337402,2038458
2016-12-09,16.68000030517578,16.93000030517578,16.6200008392334,16.895000457763672,13.225353240966797,2360153
2016-12-12,16.905000686645508,16.950000762939453,16.704999923706055,16.795000076293945,13.147072792053223,3737200
2016-12-13,16.799999237060547,17.219999313354492,16.790000915527344,17.174999237060547,13.444535255432129,3068894
2016-12-14,17.25,17.30500030517578,17.09000015258789,17.09000015258789,13.377997398376465,1831551
2016-12-15,17.075000762939453,17.415000915527344,16.9950008392334,17.344999313354492,13.577609062194824,2974140
2016-12-16,17.299999237060547,17.415000915527344,17.174999237060547,17.174999237060547,13.444535255432129,2884589
2016-12-19,17.114999771118164,17.3700008392334,17.104999542236328,17.315000534057617,13.554128646850586,1801816
2016-12-20,17.315000534057617,17.395000457763672,17.260000228881836,17.280000686645508,13.526726722717285,1790555
2016-12-21,17.34000015258789,17.55500030517578,17.299999237060547,17.540000915527344,13.730255126953125,1810257
2016-12-22,17.55500030517578,17.565000534057617,17.200000762939453,17.200000762939453,13.464105606079102,3802552
2016-12-23,17.25,17.329999923706055,17.049999237060547,17.299999237060547,13.542384147644043,2240395
2016-12-27,17.280000686645508,17.354999542236328,17.155000686645508,17.219999313354492,13.479762077331543,947430
2016-12-28,17.174999237060547,17.219999313354492,17.125,17.15999984741211,13.432793617248535,768474
2016-12-29,17.049999237060547,17.21500015258789,17.049999237060547,17.125,13.4053955078125,636606
2016-12-30,17.1200008392334,17.149999618530273,16.9950008392334,16.9950008392334,13.303631782531738,1839276
2017-01-02,16.989999771118164,17.295000076293945,16.989999771118164,17.209999084472656,13.471931457519531,683315
2017-01-03,17.30500030517578,17.780000686645508,17.30500030517578,17.690000534057617,13.847676277160645,2681728
2017-01-04,17.75,17.760000228881836,17.459999084472656,17.59000015258789,13.769392013549805,1415840
2017-01-05,17.729999542236328,17.844999313354492,17.6299991607666,17.809999465942383,13.941610336303711,3049002
2017-01-06,17.969999313354492,17.9950008392334,17.81999969482422,17.915000915527344,14.023805618286133,1485002
2017-01-09,18.0,18.114999771118164,17.899999618530273,18.084999084472656,14.156880378723145,1476055
2017-01-10,18.155000686645508,18.19499969482422,17.90999984741211,17.969999313354492,14.066856384277344,1022099
2017-01-11,17.924999237060547,18.110000610351562,17.864999771118164,17.979999542236328,14.074687004089355,2050739
2017-01-12,17.90999984741211,18.059999465942383,17.829999923706055,17.860000610351562,13.980749130249023,1205885
2017-01-13,17.899999618530273,18.09000015258789,17.780000686645508,18.09000015258789,14.160795211791992,2532121
2017-01-16,17.950000762939453,18.0049991607666,17.78499984741211,17.809999465942383,13.941610336303711,1226921
2017-01-17,17.790000915527344,17.815000534057617,17.625,17.735000610351562,13.882902145385742,2556404
2017-01-18,17.5,17.610000610351562,17.424999237060547,17.53499984741211,13.726344108581543,1693483
2017-01-19,17.56999969482422,17.56999969482422,17.149999618530273,17.274999618530273,13.52281379699707,3374308
2017-01-20,17.270000457763672,17.325000762939453,17.100000381469727,17.149999618530273,13.424962997436523,1704860
2017-01-23,17.09000015258789,17.295000076293945,17.03499984741211,17.110000610351562,13.393651962280273,1666042
2017-01-24,17.049999237060547,17.18000030517578,16.96500015258789,17.114999771118164,13.39756965637207,1192967
2017-01-25,17.200000762939453,17.334999084472656,17.149999618530273,17.204999923706055,13.468019485473633,2022816
2017-01-26,17.200000762939453,17.274999618530273,16.975000381469727,17.0049991607666,13.3114595413208,1977006
2017-01-27,17.0,17.040000915527344,16.90999984741211,17.0,13.307543754577637,1033548
2017-01-30,16.989999771118164,17.024999618530273,16.875,16.8799991607666,13.213610649108887,939702
2017-01-31,16.860000610351562,16.920000076293945,16.71500015258789,16.75,13.111848831176758,2035745
2017-02-01,16.915000915527344,16.924999237060547,16.625,16.7549991607666,13.11575984954834,1747010
2017-02-02,16.760000228881836,16.915000915527344,16.704999923706055,16.860000610351562,13.197955131530762,1536798
2017-02-03,16.94499969482422,17.079999923706055,16.899999618530273,17.014999389648438,13.319287300109863,1265712
2017-02-06,17.040000915527344,17.09000015258789,16.854999542236328,16.94499969482422,13.264490127563477,1930797
2017-02-07,16.920000076293945,16.975000381469727,16.850000381469727,16.875,13.209695816040039,2277782
2017-02-08,16.885000228881836,17.225000381469727,16.860000610351562,17.114999771118164,13.39756965637207,1656388
2017-02-09,17.18000030517578,17.415000915527344,17.1299991607666,17.3700008392334,13.597180366516113,1291687
2017-02-10,17.420000076293945,17.53499984741211,17.280000686645508,17.315000534057617,13.554128646850586,1651134
2017-02-13,17.399999618530273,17.4950008392334,17.274999618530273,17.415000915527344,13.632407188415527,962127
2017-02-14,17.385000228881836,17.434999465942383,17.190000534057617,17.260000228881836,13.511069297790527,1525642
2017-02-15,17.235000610351562,17.34000015258789,17.190000534057617,17.200000762939453,13.464105606079102,1050825
2017-02-16,17.18000030517578,17.270000457763672,17.045000076293945,17.139999389648438,13.417137145996094,1313027
2017-02-17,17.15999984741211,17.190000534057617,16.969999313354492,17.020000457763672,13.323202133178711,1621006
2017-02-20,17.06999969482422,17.15999984741211,16.985000610351562,16.9950008392334,13.303631782531738,1211027
2017-02-21,16.9950008392334,17.094999313354492,16.854999542236328,17.05500030517578,13.350600242614746,1947390
2017-02-22,17.014999389648438,17.1200008392334,16.799999237060547,16.969999313354492,13.28406047821045,2259934
2017-02-23,17.010000228881836,17.06999969482422,16.915000915527344,16.989999771118164,13.29971694946289,1347571
2017-02-24,16.924999237060547,17.049999237060547,16.84000015258789,16.950000762939453,13.26840591430664,1848545
2017-02-27,17.040000915527344,17.209999084472656,16.829999923706055,17.165000915527344,13.436705589294434,2074348
2017-02-28,17.790000915527344,18.09000015258789,17.670000076293945,17.905000686645508,14.015976905822754,6865892
2017-03-01,18.049999237060547,18.165000915527344,17.934999465942383,18.059999465942383,14.137310981750488,2834167
2017-03-02,18.0,18.049999237060547,17.920000076293945,17.96500015258789,14.062946319580078,1843847
2017-03-03,17.899999618530273,17.979999542236328,17.815000534057617,17.940000534057617,14.043376922607422,1570522
2017-03-06,17.920000076293945,18.014999389648438,17.829999923706055,17.940000534057617,14.043376922607422,827086
2017-03-07,17.989999771118164,17.989999771118164,17.760000228881836,17.850000381469727,13.972923278808594,942921
2017-03-08,17.899999618530273,17.985000610351562,17.799999237060547,17.940000534057617,14.043376922607422,1343842
2017-03-09,17.924999237060547,18.184999465942383,17.81999969482422,18.03499984741211,14.117742538452148,1660196
2017-03-10,18.100000381469727,18.1200008392334,17.799999237060547,17.920000076293945,14.027719497680664,1339744
2017-03-13,17.94499969482422,17.954999923706055,17.735000610351562,17.864999771118164,13.984663963317871,3415029
2017-03-14,17.815000534057617,17.850000381469727,17.600000381469727,17.639999389648438,13.8085355758667,1164474
2017-03-15,17.700000762939453,17.860000610351562,17.635000228881836,17.7450008392334,13.890727996826172,1173162
2017-03-16,17.959999084472656,18.139999389648438,17.899999618530273,18.079999923706055,14.15296459197998,1619334
2017-03-17,17.969999313354492,18.43000030517578,17.969999313354492,18.43000030517578,14.4269437789917,3264947
2017-03-20,18.329999923706055,18.489999771118164,18.31999969482422,18.31999969482422,14.340835571289062,992988
2017-03-21,18.424999237060547,18.53499984741211,18.315000534057617,18.3700008392334,14.37998104095459,1637695
2017-03-22,18.235000610351562,18.315000534057617,18.165000915527344,18.260000228881836,14.293869972229004,919497
2017-03-23,18.299999237060547,18.68000030517578,18.2549991607666,18.68000030517578,14.62264347076416,1824108
2017-03-24,18.700000762939453,18.825000762939453,18.594999313354492,18.774999618530273,14.697012901306152,1480920
2017-03-27,18.860000610351562,18.860000610351562,18.584999084472656,18.774999618530273,14.697012901306152,1436546
2017-03-28,18.799999237060547,18.864999771118164,18.670000076293945,18.790000915527344,14.70875072479248,1163390
2017-03-29,18.850000381469727,18.895000457763672,18.655000686645508,18.780000686645508,14.70092487335205,1025543
2017-03-30,18.639999389648438,18.7549991607666,18.524999618530273,18.700000762939453,14.638303756713867,1099506
2017-03-31,18.700000762939453,18.825000762939453,18.545000076293945,18.760000228881836,14.685266494750977,1119639
2017-04-03,18.815000534057617,19.045000076293945,18.71500015258789,18.81999969482422,14.732234001159668,1642333
2017-04-04,18.75,18.93000030517578,18.75,18.885000228881836,14.783119201660156,1930084
2017-04-05,18.940000534057617,19.06999969482422,18.875,18.8799991607666,14.779205322265625,1758542
2017-04-06,18.809999465942383,19.15999984741211,18.7450008392334,19.15999984741211,14.998388290405273,1626960
2017-04-07,19.0,19.139999389648438,18.854999542236328,19.139999389648438,14.982728958129883,1866707
2017-04-10,19.149999618530273,19.170000076293945,19.030000686645508,19.065000534057617,14.924028396606445,677459
2017-04-11,19.049999237060547,19.315000534057617,19.0,19.274999618530273,15.088404655456543,1898804
2017-04-12,19.290000915527344,19.389999389648438,19.145000457763672,19.209999084472656,15.037528991699219,1099383
2017-04-13,19.149999618530273,19.299999237060547,19.1299991607666,19.295000076293945,15.1040620803833,742291
2017-04-18,19.30500030517578,19.3799991607666,19.030000686645508,19.204999923706055,15.033613204956055,1814019
2017-04-19,19.165000915527344,19.295000076293945,19.030000686645508,19.100000381469727,14.951420783996582,6227381
2017-04-20,19.040000915527344,19.25,18.700000762939453,19.020000457763672,14.888797760009766,2571802
2017-04-21,18.954999923706055,19.139999389648438,18.8700008392334,19.0049991607666,14.87705135345459,1396746
2017-04-24,19.524999618530273,19.6200008392334,19.25,19.25,15.068838119506836,2396853
2017-04-25,19.280000686645508,19.375,19.190000534057617,19.315000534057617,15.119720458984375,2446575
2017-04-26,19.295000076293945,19.350000381469727,19.075000762939453,19.104999542236328,14.95533275604248,2730904
2017-04-27,19.155000686645508,19.530000686645508,19.059999465942383,19.360000610351562,15.154947280883789,1503488
2017-04-28,19.405000686645508,19.6299991607666,19.31999969482422,19.53499984741211,15.291932106018066,2050212
2017-05-02,19.649999618530273,19.799999237060547,19.514999389648438,19.799999237060547,15.499375343322754,2201810
2017-05-03,19.790000915527344,19.940000534057617,19.635000228881836,19.790000915527344,15.49155044555664,1725620
2017-05-04,19.825000762939453,20.170000076293945,19.764999389648438,20.149999618530273,15.773355484008789,3492739
2017-05-05,19.854999542236328,20.149999618530273,19.239999771118164,19.735000610351562,15.448497772216797,3656348
2017-05-08,19.825000762939453,20.05500030517578,19.684999465942383,19.8799991607666,15.562000274658203,4032672
2017-05-09,19.700000762939453,20.0049991607666,19.594999313354492,19.704999923706055,15.673356056213379,1742241
2017-05-10,19.690000534057617,19.764999389648438,19.549999237060547,19.764999389648438,15.721077919006348,1510485
2017-05-11,19.78499984741211,19.78499984741211,19.34000015258789,19.524999618530273,15.530181884765625,1909617
2017-05-12,19.56999969482422,19.639999389648438,19.46500015258789,19.604999542236328,15.593815803527832,1790388
2017-05-15,19.639999389648438,19.770000457763672,19.594999313354492,19.69499969482422,15.665404319763184,1417707
2017-05-16,19.575000762939453,19.6299991607666,19.34000015258789,19.375,15.410873413085938,2698860
2017-05-17,19.225000381469727,19.4950008392334,19.225000381469727,19.360000610351562,15.398943901062012,3510767
2017-05-18,19.309999465942383,19.395000457763672,19.264999389648438,19.31999969482422,15.36712646484375,1826921
2017-05-19,19.405000686645508,19.645000457763672,19.344999313354492,19.594999313354492,15.585859298706055,1260381
2017-05-22,19.59000015258789,19.774999618530273,19.520000457763672,19.6299991607666,15.613700866699219,1824037
2017-05-23,19.600000381469727,19.989999771118164,19.575000762939453,19.950000762939453,15.868229866027832,1319224
2017-05-24,20.0,20.2450008392334,19.889999389648438,19.985000610351562,15.896068572998047,2060748
2017-05-25,20.1299991607666,20.174999237060547,19.799999237060547,19.875,15.808570861816406,1318069
2017-05-26,19.915000915527344,20.21500015258789,19.844999313354492,20.184999465942383,16.05514907836914,3365538
2017-05-29,20.18000030517578,20.18000030517578,20.059999465942383,20.065000534057617,15.959701538085938,717147
2017-05-30,19.979999542236328,20.020000457763672,19.809999465942383,19.934999465942383,15.856294631958008,1234650
2017-05-31,19.96500015258789,20.184999465942383,19.899999618530273,20.05500030517578,15.951745986938477,2799230
2017-06-01,20.1200008392334,20.4950008392334,20.114999771118164,20.4950008392334,16.301725387573242,2143086
2017-06-02,20.5,20.549999237060547,20.325000762939453,20.350000381469727,16.18638801574707,1769675
2017-06-05,20.30500030517578,20.399999618530273,20.204999923706055,20.274999618530273,16.12673568725586,1194953
2017-06-06,20.274999618530273,20.28499984741211,20.075000762939453,20.18000030517578,16.051170349121094,1825796
2017-06-07,20.059999465942383,20.229999542236328,19.8799991607666,20.045000076293945,15.943794250488281,1808203
2017-06-08,20.065000534057617,20.079999923706055,19.7549991607666,19.94499969482422,15.864252090454102,1397928
2017-06-09,19.8799991607666,19.969999313354492,19.700000762939453,19.915000915527344,15.840397834777832,1199140
2017-06-12,19.94499969482422,19.94499969482422,19.709999084472656,19.825000762939453,15.768803596496582,1272834
2017-06-13,19.815000534057617,20.184999465942383,19.795000076293945,20.15999984741211,16.03526496887207,1764072
2017-06-14,20.30500030517578,20.635000228881836,20.18000030517578,20.489999771118164,16.297744750976562,2120598
2017-06-15,20.5,20.5,20.075000762939453,20.325000762939453,16.166505813598633,1594596
2017-06-16,20.440000534057617,20.75,20.309999465942383,20.75,16.50455093383789,2701835
2017-06-19,20.75,20.809999465942383,20.405000686645508,20.454999923706055,16.2699031829834,1705465
2017-06-20,20.5,20.5,20.174999237060547,20.225000381469727,16.086965560913086,2312547
2017-06-21,20.190000534057617,20.200000762939453,19.84000015258789,20.110000610351562,15.995492935180664,1642085
2017-06-22,20.05500030517578,20.200000762939453,20.0,20.075000762939453,15.967655181884766,1873320
2017-06-23,20.110000610351562,20.145000457763672,19.969999313354492,20.075000762939453,15.967655181884766,1042497
2017-06-26,20.155000686645508,20.260000228881836,20.09000015258789,20.09000015258789,15.979585647583008,2291620
2017-06-27,20.06999969482422,20.114999771118164,19.844999313354492,19.844999313354492,15.784714698791504,3872956
2017-06-28,19.815000534057617,19.96500015258789,19.59000015258789,19.815000534057617,15.76085090637207,2005070
2017-06-29,19.850000381469727,19.8799991607666,19.014999389648438,19.364999771118164,15.402920722961426,3074745
2017-06-30,19.280000686645508,19.594999313354492,19.135000228881836,19.434999465942383,15.458597183227539,1686799
2017-07-03,19.485000610351562,19.489999771118164,19.225000381469727,19.334999084472656,15.379058837890625,1385752
2017-07-04,19.31999969482422,19.34000015258789,19.135000228881836,19.15999984741211,15.239861488342285,2232196
2017-07-05,19.149999618530273,19.584999084472656,19.149999618530273,19.540000915527344,15.542115211486816,2212424
2017-07-06,19.514999389648438,19.514999389648438,18.7450008392334,18.7450008392334,14.909778594970703,3296453
2017-07-07,18.764999389648438,18.8799991607666,18.510000228881836,18.8799991607666,15.01715087890625,2773212
2017-07-10,18.950000762939453,19.024999618530273,18.674999237060547,18.704999923706055,14.877955436706543,2667053
2017-07-11,18.809999465942383,18.844999313354492,18.459999084472656,18.600000381469727,14.794437408447266,1688270
2017-07-12,18.690000534057617,19.049999237060547,18.639999389648438,19.030000686645508,15.136462211608887,2164954
2017-07-13,19.094999313354492,19.200000762939453,18.940000534057617,19.049999237060547,15.152368545532227,1624547
2017-07-14,19.024999618530273,19.125,18.764999389648438,18.90999984741211,15.04101276397705,1610776
2017-07-17,18.915000915527344,19.014999389648438,18.834999084472656,18.924999237060547,15.052946090698242,2014335
2017-07-18,18.829999923706055,19.040000915527344,18.825000762939453,18.905000686645508,15.037034034729004,2076254
2017-07-19,18.9950008392334,19.049999237060547,18.795000076293945,19.0,15.112600326538086,4821412
2017-07-20,19.040000915527344,19.225000381469727,18.799999237060547,18.84000015258789,14.985336303710938,8590027
2017-07-21,18.84000015258789,19.059999465942383,18.704999923706055,18.825000762939453,14.973405838012695,3367500
2017-07-24,18.94499969482422,18.94499969482422,18.645000457763672,18.795000076293945,14.949542045593262,2277933
2017-07-25,18.71500015258789,18.71500015258789,18.309999465942383,18.405000686645508,14.639334678649902,2735580
2017-07-26,18.40999984741211,18.604999542236328,18.40999984741211,18.5,14.7149019241333,2286524
2017-07-27,18.600000381469727,18.635000228881836,18.415000915527344,18.520000457763672,14.73080825805664,1203682
2017-07-28,18.375,18.375,18.0049991607666,18.334999084472656,14.583656311035156,2064581
2017-07-31,18.315000534057617,18.489999771118164,18.174999237060547,18.2450008392334,14.51207447052002,2453188
2017-08-01,18.31999969482422,18.420000076293945,18.25,18.315000534057617,14.56775188446045,1995543
2017-08-02,18.424999237060547,18.46500015258789,18.290000915527344,18.329999923706055,14.579680442810059,1319184
2017-08-03,18.299999237060547,18.485000610351562,18.209999084472656,18.3799991607666,14.619453430175781,1813272
2017-08-04,18.389999389648438,18.594999313354492,18.344999313354492,18.565000534057617,14.766600608825684,1384798
2017-08-07,18.6200008392334,18.665000915527344,18.485000610351562,18.53499984741211,14.74273681640625,874834
2017-08-08,18.510000228881836,18.55500030517578,18.389999389648438,18.5,14.7149019241333,1114632
2017-08-09,18.385000228881836,18.46500015258789,18.28499984741211,18.375,14.615476608276367,1104448
2017-08-10,18.350000381469727,18.475000381469727,18.219999313354492,18.25,14.5160493850708,2063762
2017-08-11,18.190000534057617,18.325000762939453,18.135000228881836,18.2549991607666,14.520027160644531,1423973
2017-08-14,18.309999465942383,18.670000076293945,18.309999465942383,18.604999542236328,14.798417091369629,1231445
2017-08-15,18.700000762939453,18.875,18.68000030517578,18.764999389648438,14.925677299499512,1458336
2017-08-16,18.799999237060547,18.959999084472656,18.795000076293945,18.844999313354492,14.989311218261719,1310695
2017-08-17,18.799999237060547,18.885000228881836,18.670000076293945,18.760000228881836,14.921704292297363,872806
2017-08-18,18.579999923706055,18.709999084472656,18.514999389648438,18.575000762939453,14.774555206298828,1093774
2017-08-21,18.579999923706055,18.75,18.530000686645508,18.739999771118164,14.905794143676758,908728
2017-08-22,18.809999465942383,18.850000381469727,18.704999923706055,18.760000228881836,14.921704292297363,1017825
2017-08-23,18.790000915527344,18.850000381469727,18.700000762939453,18.700000762939453,14.873980522155762,830005
2017-08-24,18.709999084472656,18.799999237060547,18.594999313354492,18.604999542236328,14.798417091369629,988243
2017-08-25,18.610000610351562,18.81999969482422,18.56999969482422,18.7450008392334,14.909778594970703,831428
2017-08-28,18.68000030517578,18.760000228881836,18.59000015258789,18.594999313354492,14.7904634475708,584733
2017-08-29,18.5049991607666,18.575000762939453,18.274999618530273,18.405000686645508,14.639334678649902,1087295
2017-08-30,18.4950008392334,18.94499969482422,18.415000915527344,18.895000457763672,15.029086112976074,2458365
2017-08-31,18.950000762939453,19.174999237060547,18.94499969482422,19.145000457763672,15.22793197631836,1534996
2017-09-01,19.15999984741211,19.25,19.1200008392334,19.200000762939453,15.271678924560547,939784
2017-09-04,19.020000457763672,19.174999237060547,19.020000457763672,19.135000228881836,15.219977378845215,2184217
2017-09-05,19.135000228881836,19.389999389648438,19.09000015258789,19.344999313354492,15.387015342712402,1298017
2017-09-06,19.270000457763672,19.329999923706055,19.15999984741211,19.15999984741211,15.239861488342285,989744
2017-09-07,19.270000457763672,19.31999969482422,19.165000915527344,19.274999618530273,15.331334114074707,813232
2017-09-08,19.209999084472656,19.325000762939453,19.075000762939453,19.2549991607666,15.315423965454102,611821
2017-09-11,19.344999313354492,19.489999771118164,19.344999313354492,19.3799991607666,15.4148530960083,1889654
2017-09-12,19.385000228881836,19.434999465942383,18.979999542236328,19.0,15.112600326538086,1551983
2017-09-13,19.0,19.06999969482422,18.889999389648438,19.010000228881836,15.120553016662598,1948710
2017-09-14,19.040000915527344,19.270000457763672,18.969999313354492,19.270000457763672,15.327357292175293,1183089
2017-09-15,19.174999237060547,19.21500015258789,18.954999923706055,19.059999465942383,15.160321235656738,3992927
2017-09-18,19.125,19.149999618530273,18.950000762939453,18.96500015258789,15.084760665893555,2362273
2017-09-19,18.8799991607666,18.959999084472656,18.7450008392334,18.84000015258789,14.985336303710938,1445473
2017-09-20,18.799999237060547,18.854999542236328,18.625,18.7450008392334,14.909778594970703,1475238
2017-09-21,18.770000457763672,18.799999237060547,18.375,18.415000915527344,14.647290229797363,2332844
2017-09-22,18.420000076293945,18.530000686645508,18.3700008392334,18.5049991607666,14.718877792358398,1300154
2017-09-25,18.489999771118164,18.545000076293945,18.350000381469727,18.3700008392334,14.61149787902832,971616
2017-09-26,18.375,18.40999984741211,18.204999923706055,18.270000457763672,14.531960487365723,1024429
2017-09-27,18.280000686645508,18.524999618530273,18.280000686645508,18.5,14.7149019241333,885633
2017-09-28,18.55500030517578,18.600000381469727,18.389999389648438,18.459999084472656,14.68308162689209,1095923
2017-09-29,18.469999313354492,18.645000457763672,18.329999923706055,18.625,14.81432819366455,1326585
2017-10-02,18.469999313354492,18.594999313354492,18.329999923706055,18.559999465942383,14.762622833251953,1240299
2017-10-03,18.545000076293945,18.635000228881836,18.364999771118164,18.3799991607666,14.619453430175781,893778
2017-10-04,18.350000381469727,18.350000381469727,17.834999084472656,17.864999771118164,14.209818840026855,2126955
2017-10-05,17.989999771118164,18.610000610351562,17.934999465942383,18.559999465942383,14.762622833251953,2320354
2017-10-06,18.584999084472656,18.584999084472656,18.315000534057617,18.360000610351562,14.603547096252441,1330977
2017-10-09,18.329999923706055,18.579999923706055,18.329999923706055,18.475000381469727,14.695013046264648,1078407
2017-10-10,18.459999084472656,18.514999389648438,18.31999969482422,18.399999618530273,14.635359764099121,964790
2017-10-11,18.719999313354492,18.84000015258789,18.559999465942383,18.614999771118164,14.80636978149414,1523451
2017-10-12,18.579999923706055,18.729999542236328,18.540000915527344,18.635000228881836,14.822278022766113,1237929
2017-10-13,18.7549991607666,18.889999389648438,18.71500015258789,18.770000457763672,14.929659843444824,1408849
2017-10-16,18.799999237060547,18.799999237060547,18.385000228881836,18.44499969482422,14.671149253845215,1494796
2017-10-17,18.434999465942383,18.8700008392334,18.415000915527344,18.68000030517578,14.858070373535156,3645282
2017-10-18,18.655000686645508,18.979999542236328,18.645000457763672,18.979999542236328,15.09669017791748,1378326
2017-10-19,18.864999771118164,18.975000381469727,18.614999771118164,18.75,14.913752555847168,1304521
2017-10-20,18.690000534057617,18.760000228881836,18.3799991607666,18.44499969482422,14.671149253845215,2520298
2017-10-23,18.485000610351562,18.5049991607666,18.014999389648438,18.014999389648438,14.329130172729492,2395143
2017-10-24,18.049999237060547,18.170000076293945,17.915000915527344,17.9950008392334,14.313224792480469,1898576
2017-10-25,18.0,18.045000076293945,17.709999084472656,17.75,14.11834716796875,2457580
2017-10-26,17.84000015258789,18.415000915527344,17.81999969482422,18.325000762939453,14.575706481933594,3545739
2017-10-27,18.5,18.649999618530273,17.959999084472656,18.200000762939453,14.47628116607666,2101313
2017-10-30,18.100000381469727,18.459999084472656,18.024999618530273,18.354999542236328,14.930998802185059,2280038
2017-10-31,18.325000762939453,18.764999389648438,18.235000610351562,18.649999618530273,15.170970916748047,2096500
2017-11-01,18.795000076293945,18.834999084472656,18.485000610351562,18.4950008392334,15.044885635375977,2029775
2017-11-02,18.5,18.815000534057617,18.5,18.625,15.150633811950684,1769059
2017-11-03,18.670000076293945,18.670000076293945,18.405000686645508,18.5,15.048955917358398,946469
2017-11-06,18.549999237060547,18.594999313354492,18.405000686645508,18.56999969482422,15.1058931350708,873782
2017-11-07,18.6299991607666,18.655000686645508,18.31999969482422,18.350000381469727,14.926932334899902,1739864
2017-11-08,18.395000457763672,18.440000534057617,18.2549991607666,18.360000610351562,14.935070991516113,2166257
2017-11-09,18.350000381469727,18.440000534057617,18.155000686645508,18.264999389648438,14.85779094696045,1111246
2017-11-10,18.21500015258789,18.25,18.0049991607666,18.094999313354492,14.719502449035645,959939
2017-11-13,18.149999618530273,18.15999984741211,17.864999771118164,17.979999542236328,14.625953674316406,921227
2017-11-14,17.96500015258789,18.014999389648438,17.834999084472656,17.979999542236328,14.625953674316406,941717
2017-11-15,17.864999771118164,18.125,17.809999465942383,18.065000534057617,14.695098876953125,1199967
2017-11-16,18.190000534057617,18.46500015258789,18.190000534057617,18.309999465942383,14.894394874572754,1194325
2017-11-17,18.354999542236328,18.364999771118164,18.084999084472656,18.170000076293945,14.78051471710205,1532945
2017-11-20,18.100000381469727,18.354999542236328,18.059999465942383,18.225000381469727,14.825251579284668,1553298
2017-11-21,18.235000610351562,18.420000076293945,18.170000076293945,18.30500030517578,14.890327453613281,960677
2017-11-22,18.31999969482422,18.459999084472656,18.30500030517578,18.30500030517578,14.890327453613281,942357
2017-11-23,18.25,18.43000030517578,18.2450008392334,18.280000686645508,14.869994163513184,563558
2017-11-24,18.2549991607666,18.34000015258789,18.219999313354492,18.235000610351562,14.833386421203613,389256
2017-11-27,18.149999618530273,18.30500030517578,18.075000762939453,18.075000762939453,14.703232765197754,603767
2017-11-28,18.114999771118164,18.354999542236328,18.075000762939453,18.290000915527344,14.878127098083496,937398
2017-11-29,18.375,18.594999313354492,18.325000762939453,18.5,15.048955917358398,1488724
2017-11-30,18.5,18.71500015258789,18.43000030517578,18.4950008392334,15.044885635375977,2044441
2017-12-01,18.559999465942383,18.584999084472656,18.110000610351562,18.174999237060547,14.78458023071289,2434704
2017-12-04,18.290000915527344,18.59000015258789,18.190000534057617,18.540000915527344,15.081491470336914,1201898
2017-12-05,18.565000534057617,18.735000610351562,18.53499984741211,18.65999984741211,15.179108619689941,1319651
2017-12-06,18.55500030517578,18.645000457763672,18.389999389648438,18.530000686645508,15.073358535766602,884978
2017-12-07,18.575000762939453,18.665000915527344,18.510000228881836,18.510000228881836,15.057090759277344,1287783
2017-12-08,18.614999771118164,18.709999084472656,18.559999465942383,18.635000228881836,15.158769607543945,1294007
2017-12-11,18.739999771118164,18.7450008392334,18.350000381469727,18.354999542236328,14.930998802185059,1222033
2017-12-12,18.3700008392334,18.46500015258789,18.1299991607666,18.325000762939453,14.906599998474121,1260694
2017-12-13,18.25,18.274999618530273,18.014999389648438,18.014999389648438,14.654426574707031,1306953
2017-12-14,18.049999237060547,18.235000610351562,17.989999771118164,18.045000076293945,14.67883014678955,1445840
2017-12-15,18.100000381469727,18.434999465942383,18.100000381469727,18.329999923706055,14.910663604736328,2401664
2017-12-18,18.420000076293945,18.55500030517578,18.399999618530273,18.55500030517578,15.093692779541016,2634924
2017-12-19,18.53499984741211,18.729999542236328,18.485000610351562,18.71500015258789,15.223848342895508,1315280
2017-12-20,18.665000915527344,18.795000076293945,18.6299991607666,18.719999313354492,15.227911949157715,1505103
2017-12-21,18.895000457763672,19.31999969482422,18.834999084472656,19.25,15.65904712677002,2387022
2017-12-22,18.96500015258789,19.2549991607666,18.729999542236328,19.165000915527344,15.589900016784668,2222037
2017-12-27,19.200000762939453,19.219999313354492,19.010000228881836,19.104999542236328,15.541089057922363,738518
2017-12-28,19.094999313354492,19.1299991607666,18.934999465942383,18.9950008392334,15.451611518859863,717862
2017-12-29,19.05500030517578,19.09000015258789,18.8799991607666,18.924999237060547,15.394673347473145,1046713
2018-01-02,19.010000228881836,19.084999084472656,18.885000228881836,19.084999084472656,15.524825096130371,1179423
2018-01-03,19.100000381469727,19.149999618530273,19.024999618530273,19.040000915527344,15.488221168518066,693711
2018-01-04,19.190000534057617,19.625,19.190000534057617,19.625,15.964093208312988,1277006
2018-01-05,19.655000686645508,19.84000015258789,19.559999465942383,19.774999618530273,16.08611297607422,1781217
2018-01-08,19.860000610351562,19.8799991607666,19.6299991607666,19.649999618530273,15.98442554473877,1263682
2018-01-09,19.665000915527344,19.725000381469727,19.520000457763672,19.625,15.964093208312988,1088352
2018-01-10,19.625,19.6299991607666,19.5049991607666,19.59000015258789,15.935624122619629,893773
2018-01-11,19.645000457763672,19.645000457763672,19.06999969482422,19.325000762939453,15.720056533813477,1669864
2018-01-12,19.31999969482422,19.34000015258789,19.030000686645508,19.030000686645508,15.480083465576172,1661834
2018-01-15,19.075000762939453,19.145000457763672,18.920000076293945,18.920000076293945,15.390604972839355,1712773
2018-01-16,18.975000381469727,19.30500030517578,18.959999084472656,19.190000534057617,15.610240936279297,1317018
2018-01-17,19.139999389648438,19.469999313354492,19.09000015258789,19.274999618530273,15.679380416870117,1502437
2018-01-18,19.274999618530273,19.31999969482422,18.950000762939453,19.059999465942383,15.504487037658691,1488945
2018-01-19,18.764999389648438,18.94499969482422,18.25,18.94499969482422,15.410942077636719,2680194
2018-01-22,18.94499969482422,18.989999771118164,18.829999923706055,18.924999237060547,15.394673347473145,1377373
2018-01-23,18.979999542236328,19.010000228881836,18.729999542236328,18.940000534057617,15.40687084197998,1635468
2018-01-24,18.875,18.989999771118164,18.735000610351562,18.735000610351562,15.240118026733398,1153032
2018-01-25,18.684999465942383,18.764999389648438,18.479999542236328,18.5,15.048955917358398,1848483
2018-01-26,18.5,18.540000915527344,18.43000030517578,18.5,15.048955917358398,1526566
2018-01-29,18.5,18.524999618530273,18.415000915527344,18.485000610351562,15.03675365447998,1426615
2018-01-30,18.399999618530273,18.524999618530273,18.364999771118164,18.3700008392334,14.94320297241211,1170932
2018-01-31,18.334999084472656,18.520000457763672,18.329999923706055,18.475000381469727,15.02861499786377,1240027
2018-02-01,18.5,18.645000457763672,18.114999771118164,18.290000915527344,14.878127098083496,2143025
2018-02-02,18.274999618530273,18.325000762939453,18.020000457763672,18.020000457763672,14.65849494934082,1175454
2018-02-05,17.959999084472656,17.969999313354492,17.545000076293945,17.594999313354492,14.312772750854492,2125752
2018-02-06,17.0049991607666,17.415000915527344,16.700000762939453,17.350000381469727,14.11347770690918,3287562
2018-02-07,17.450000762939453,17.514999389648438,17.31999969482422,17.5,14.235496520996094,1805664
2018-02-08,17.40999984741211,17.485000610351562,17.139999389648438,17.18000030517578,13.975190162658691,3146733
2018-02-09,17.06999969482422,17.354999542236328,17.059999465942383,17.1200008392334,13.926382064819336,2121021
2018-02-12,17.235000610351562,17.354999542236328,17.155000686645508,17.219999313354492,14.00772762298584,1353573
2018-02-13,17.219999313354492,17.235000610351562,17.024999618530273,17.024999618530273,13.849102020263672,1603079
2018-02-14,17.079999923706055,17.174999237060547,16.780000686645508,17.0049991607666,13.83283519744873,3285914
2018-02-15,17.165000915527344,17.274999618530273,16.9950008392334,17.274999618530273,14.052467346191406,1348950
2018-02-16,17.375,17.75,17.329999923706055,17.6299991607666,14.341242790222168,1583994
2018-02-19,17.670000076293945,17.729999542236328,17.350000381469727,17.375,14.133813858032227,966130
2018-02-20,17.385000228881836,17.670000076293945,17.385000228881836,17.645000457763672,14.353447914123535,1233721
2018-02-21,17.579999923706055,17.6200008392334,17.5,17.56999969482422,14.292436599731445,801916
2018-02-22,17.415000915527344,17.65999984741211,17.354999542236328,17.600000381469727,14.316843032836914,963161
2018-02-23,17.639999389648438,17.860000610351562,17.469999313354492,17.80500030517578,14.483601570129395,1109771
2018-02-26,17.825000762939453,17.924999237060547,17.65999984741211,17.774999618530273,14.459198951721191,1027239
2018-02-27,17.799999237060547,18.094999313354492,17.774999618530273,17.985000610351562,14.630023002624512,2135396
2018-02-28,17.7549991607666,17.934999465942383,17.56999969482422,17.764999389648438,14.45106029510498,1714332
2018-03-01,17.489999771118164,17.489999771118164,16.959999084472656,17.0,13.828763961791992,2635322
2018-03-02,16.905000686645508,16.940000534057617,16.649999618530273,16.739999771118164,13.617269515991211,1889770
2018-03-05,16.719999313354492,17.079999923706055,16.709999084472656,17.040000915527344,13.861307144165039,1296118
2018-03-06,17.165000915527344,17.225000381469727,16.71500015258789,16.71500015258789,13.59693431854248,2822945
2018-03-07,16.700000762939453,17.0049991607666,16.700000762939453,16.934999465942383,13.775890350341797,1392255
2018-03-08,17.020000457763672,17.260000228881836,16.90999984741211,17.200000762939453,13.991459846496582,1899528
2018-03-09,17.2450008392334,17.299999237060547,17.15999984741211,17.264999389648438,14.044332504272461,1106368
2018-03-12,17.3799991607666,17.469999313354492,17.264999389648438,17.350000381469727,14.11347770690918,863923
2018-03-13,17.389999389648438,17.53499984741211,17.149999618530273,17.2549991607666,14.036200523376465,970519
2018-03-14,17.219999313354492,17.350000381469727,17.155000686645508,17.280000686645508,14.056534767150879,1147788
2018-03-15,17.299999237060547,17.360000610351562,17.165000915527344,17.200000762939453,13.991459846496582,1067393
2018-03-16,17.155000686645508,17.264999389648438,17.100000381469727,17.125,13.930449485778809,2797719
2018-03-19,17.045000076293945,17.06999969482422,16.844999313354492,16.950000762939453,13.788093566894531,1466442
2018-03-20,16.989999771118164,17.010000228881836,16.78499984741211,16.899999618530273,13.747421264648438,1775420
2018-03-21,16.899999618530273,16.96500015258789,16.65999984741211,16.65999984741211,13.552192687988281,1851615
2018-03-22,16.614999771118164,16.790000915527344,16.3799991607666,16.399999618530273,13.340692520141602,2170289
2018-03-23,16.2549991607666,16.34000015258789,16.1200008392334,16.299999237060547,13.259346008300781,1647522
2018-03-26,16.3700008392334,16.3700008392334,16.18000030517578,16.200000762939453,13.178001403808594,2356932
2018-03-27,16.395000457763672,16.5,16.264999389648438,16.389999389648438,13.332558631896973,1732777
2018-03-28,16.299999237060547,16.7549991607666,16.25,16.7549991607666,13.629470825195312,2609260
2018-03-29,16.764999389648438,17.020000457763672,16.75,16.96500015258789,13.80029582977295,1544497
2018-04-03,16.950000762939453,17.079999923706055,16.684999465942383,16.799999237060547,13.6660737991333,1645978
2018-04-04,16.795000076293945,16.795000076293945,16.565000534057617,16.690000534057617,13.576597213745117,1498798
2018-04-05,16.850000381469727,17.21500015258789,16.725000381469727,17.149999618530273,13.950783729553223,1292483
2018-04-06,17.05500030517578,17.145000457763672,17.0,17.03499984741211,13.8572359085083,955412
2018-04-09,17.06999969482422,17.274999618530273,17.05500030517578,17.2549991607666,14.036200523376465,1472247
2018-04-10,17.360000610351562,17.530000686645508,17.34000015258789,17.415000915527344,14.166354179382324,1386020
2018-04-11,17.405000686645508,17.434999465942383,17.229999542236328,17.350000381469727,14.11347770690918,816859
2018-04-12,17.315000534057617,17.350000381469727,17.079999923706055,17.079999923706055,13.893845558166504,1010166
2018-04-13,17.145000457763672,17.290000915527344,17.145000457763672,17.219999313354492,14.00772762298584,958432
2018-04-16,17.229999542236328,17.299999237060547,17.190000534057617,17.270000457763672,14.04840087890625,775261
2018-04-17,17.274999618530273,17.434999465942383,17.219999313354492,17.395000457763672,14.150081634521484,1056033
2018-04-18,17.420000076293945,17.584999084472656,17.329999923706055,17.524999618530273,14.25583267211914,1882326
2018-04-19,17.520000457763672,17.639999389648438,17.520000457763672,17.604999542236328,14.320910453796387,1872087
2018-04-20,17.65999984741211,17.75,17.565000534057617,17.75,14.438857078552246,1143482
2018-04-23,17.770000457763672,17.78499984741211,17.639999389648438,17.719999313354492,14.414454460144043,706388
2018-04-24,17.739999771118164,17.844999313354492,17.614999771118164,17.674999237060547,14.377849578857422,2017651
2018-04-25,17.600000381469727,17.80500030517578,17.524999618530273,17.799999237060547,14.479534149169922,1025133
2018-04-26,17.815000534057617,18.030000686645508,17.704999923706055,17.899999618530273,14.560880661010742,1118417
2018-04-27,17.405000686645508,17.815000534057617,17.18000030517578,17.71500015258789,14.410391807556152,2149855
2018-04-30,17.790000915527344,17.959999084472656,17.729999542236328,17.735000610351562,14.426656723022461,1514414
2018-05-02,17.709999084472656,17.84000015258789,17.59000015258789,17.684999465942383,14.385984420776367,2283501
2018-05-03,17.639999389648438,17.8799991607666,17.639999389648438,17.770000457763672,14.455130577087402,1338190
2018-05-04,17.80500030517578,17.924999237060547,17.760000228881836,17.780000686645508,14.463265419006348,1496810
2018-05-07,17.864999771118164,17.915000915527344,17.809999465942383,17.8799991607666,14.544610023498535,950272
2018-05-08,17.84000015258789,17.94499969482422,17.825000762939453,17.934999465942383,14.589349746704102,1695001
2018-05-09,17.950000762939453,18.075000762939453,17.80500030517578,18.075000762939453,14.703232765197754,1881408
2018-05-10,18.0,18.274999618530273,17.985000610351562,18.1200008392334,14.73984146118164,1616811
2018-05-11,17.530000686645508,18.084999084472656,17.510000228881836,17.969999313354492,14.617819786071777,2310213
2018-05-14,17.96500015258789,17.969999313354492,17.56999969482422,17.639999389648438,14.349380493164062,1684603
2018-05-15,17.56999969482422,17.700000762939453,17.520000457763672,17.649999618530273,14.357516288757324,1539226
2018-05-16,17.684999465942383,17.71500015258789,17.56999969482422,17.59000015258789,14.308704376220703,2362094
2018-05-17,17.415000915527344,17.520000457763672,17.204999923706055,17.44499969482422,14.448680877685547,1259089
2018-05-18,17.450000762939453,17.5,17.34000015258789,17.375,14.390704154968262,1737022
2018-05-21,17.40999984741211,17.614999771118164,17.360000610351562,17.540000915527344,14.527363777160645,869238
2018-05-22,17.545000076293945,17.725000381469727,17.530000686645508,17.690000534057617,14.651598930358887,2004056
2018-05-23,17.649999618530273,17.709999084472656,17.579999923706055,17.674999237060547,14.639174461364746,1408556
2018-05-24,17.6299991607666,17.7450008392334,17.56999969482422,17.665000915527344,14.63089656829834,2239092
2018-05-25,17.719999313354492,17.78499984741211,17.170000076293945,17.43000030517578,14.436258316040039,2056773
2018-05-28,17.5,17.55500030517578,17.364999771118164,17.424999237060547,14.432114601135254,621156
2018-05-29,17.329999923706055,17.329999923706055,17.139999389648438,17.2450008392334,14.283031463623047,1400538
2018-05-30,17.354999542236328,17.459999084472656,17.219999313354492,17.354999542236328,14.374134063720703,1319758
2018-05-31,17.540000915527344,17.610000610351562,17.309999465942383,17.43000030517578,14.436258316040039,2569229
2018-06-01,17.5049991607666,17.815000534057617,17.5049991607666,17.579999923706055,14.560490608215332,2529132
2018-06-04,17.84000015258789,18.28499984741211,17.704999923706055,18.200000762939453,15.074004173278809,2424203
2018-06-05,18.174999237060547,18.375,18.084999084472656,18.295000076293945,15.15268611907959,2652501
2018-06-06,18.299999237060547,18.559999465942383,18.229999542236328,18.434999465942383,15.268641471862793,3587350
2018-06-07,18.44499969482422,18.540000915527344,18.28499984741211,18.344999313354492,15.19409465789795,1459664
2018-06-08,18.239999771118164,18.329999923706055,18.114999771118164,18.30500030517578,15.160966873168945,1068652
2018-06-11,18.395000457763672,18.43000030517578,18.28499984741211,18.399999618530273,15.239645957946777,1811006
2018-06-12,18.469999313354492,18.514999389648438,18.399999618530273,18.510000228881836,15.330760955810547,1398587
2018-06-13,18.514999389648438,18.530000686645508,18.03499984741211,18.149999618530273,15.032591819763184,1704399
2018-06-14,18.09000015258789,18.489999771118164,18.079999923706055,18.43000030517578,15.264495849609375,2406058
2018-06-15,18.454999923706055,18.485000610351562,18.299999237060547,18.40999984741211,15.247933387756348,3841146
2018-06-18,18.350000381469727,18.395000457763672,18.135000228881836,18.21500015258789,15.086423873901367,1087213
2018-06-19,18.049999237060547,18.309999465942383,17.670000076293945,18.225000381469727,15.094706535339355,1165209
2018-06-20,18.344999313354492,18.565000534057617,18.290000915527344,18.325000762939453,15.177535057067871,1518058
2018-06-21,18.325000762939453,18.375,18.135000228881836,18.165000915527344,15.045013427734375,1350203
2018-06-22,18.100000381469727,18.104999542236328,17.854999542236328,17.959999084472656,14.875223159790039,1428179
2018-06-25,17.8799991607666,17.889999389648438,17.610000610351562,17.610000610351562,14.585338592529297,1742272
2018-06-26,17.65999984741211,17.700000762939453,17.4950008392334,17.4950008392334,14.490094184875488,1381412
2018-06-27,17.5,17.635000228881836,17.229999542236328,17.53499984741211,14.523221969604492,1452699
2018-06-28,17.459999084472656,17.614999771118164,17.424999237060547,17.5,14.494235038757324,946696
2018-06-29,17.53499984741211,17.649999618530273,17.459999084472656,17.575000762939453,14.556354522705078,1681018
2018-07-02,17.450000762939453,17.514999389648438,17.334999084472656,17.364999771118164,14.382417678833008,1103863
2018-07-03,17.450000762939453,17.665000915527344,17.375,17.440000534057617,14.444540023803711,984409
2018-07-04,17.440000534057617,17.6299991607666,17.395000457763672,17.575000762939453,14.556354522705078,1502236
2018-07-05,17.600000381469727,17.764999389648438,17.600000381469727,17.75,14.701290130615234,846910
2018-07-06,17.78499984741211,17.829999923706055,17.690000534057617,17.7549991607666,14.705432891845703,1001542
2018-07-09,17.795000076293945,17.915000915527344,17.71500015258789,17.809999465942383,14.750986099243164,813948
2018-07-10,17.829999923706055,17.959999084472656,17.80500030517578,17.934999465942383,14.85451889038086,762802
2018-07-11,17.84000015258789,17.860000610351562,17.709999084472656,17.709999084472656,14.66816234588623,731905
2018-07-12,17.7549991607666,17.889999389648438,17.690000534057617,17.825000762939453,14.763409614562988,1062559
2018-07-13,17.850000381469727,17.924999237060547,17.739999771118164,17.764999389648438,14.713716506958008,1143389
2018-07-16,17.719999313354492,17.844999313354492,17.665000915527344,17.770000457763672,14.71786117553711,1238774
2018-07-17,17.7549991607666,17.760000228881836,17.334999084472656,17.55500030517578,14.539787292480469,1902276
2018-07-18,17.649999618530273,17.649999618530273,17.405000686645508,17.510000228881836,14.50251579284668,1011968
2018-07-19,17.450000762939453,17.594999313354492,17.290000915527344,17.420000076293945,14.427974700927734,1133435
2018-07-20,17.40999984741211,17.46500015258789,17.235000610351562,17.405000686645508,14.41555118560791,2315074
2018-07-23,17.405000686645508,17.655000686645508,17.360000610351562,17.524999618530273,14.514939308166504,1166177
2018-07-24,17.584999084472656,17.760000228881836,17.485000610351562,17.610000610351562,14.585338592529297,1168455
2018-07-25,17.625,17.7549991607666,17.440000534057617,17.5,14.494235038757324,899821
2018-07-26,17.645000457763672,17.75,17.459999084472656,17.5049991607666,14.498372077941895,1130507
2018-07-27,17.56999969482422,18.2549991607666,17.520000457763672,17.979999542236328,14.891786575317383,2249925
2018-07-30,17.959999084472656,18.024999618530273,17.829999923706055,17.920000076293945,14.842095375061035,1011739
2018-07-31,17.899999618530273,17.94499969482422,17.68000030517578,17.68000030517578,14.643320083618164,2064388
2018-08-01,17.635000228881836,17.760000228881836,17.514999389648438,17.514999389648438,14.506653785705566,1523447
2018-08-02,17.485000610351562,17.59000015258789,17.40999984741211,17.520000457763672,14.510799407958984,1388861
2018-08-03,17.545000076293945,17.969999313354492,17.540000915527344,17.969999313354492,14.883504867553711,1063948
2018-08-06,17.979999542236328,18.094999313354492,17.889999389648438,18.014999389648438,14.920775413513184,981077
2018-08-07,18.030000686645508,18.18000030517578,18.030000686645508,18.09000015258789,14.982895851135254,977817
2018-08-08,18.110000610351562,18.139999389648438,18.0,18.104999542236328,14.995317459106445,685242
2018-08-09,18.094999313354492,18.31999969482422,18.049999237060547,18.235000610351562,15.102992057800293,904429
2018-08-10,18.094999313354492,18.139999389648438,17.915000915527344,17.9950008392334,14.904213905334473,715804
2018-08-13,17.93000030517578,18.059999465942383,17.829999923706055,18.030000686645508,14.933201789855957,920499
2018-08-14,18.05500030517578,18.28499984741211,18.03499984741211,18.235000610351562,15.102992057800293,1198562
2018-08-15,18.260000228881836,18.270000457763672,17.860000610351562,17.985000610351562,14.895929336547852,1144017
2018-08-16,18.125,18.1299991607666,17.540000915527344,17.770000457763672,14.71786117553711,1314566
2018-08-17,17.75,17.80500030517578,17.639999389648438,17.80500030517578,14.746847152709961,881925
2018-08-20,17.809999465942383,18.209999084472656,17.809999465942383,18.079999923706055,14.974614143371582,3284516
2018-08-21,18.104999542236328,18.424999237060547,18.030000686645508,18.264999389648438,15.127838134765625,1287540
2018-08-22,18.25,18.385000228881836,18.059999465942383,18.264999389648438,15.127838134765625,564018
2018-08-23,18.25,18.469999313354492,18.2450008392334,18.30500030517578,15.160966873168945,1217778
2018-08-24,18.309999465942383,18.46500015258789,18.30500030517578,18.420000076293945,15.256214141845703,738129
2018-08-27,18.469999313354492,18.489999771118164,18.389999389648438,18.46500015258789,15.293484687805176,357536
2018-08-28,18.469999313354492,18.770000457763672,18.434999465942383,18.5,15.322477340698242,929275
2018-08-29,18.59000015258789,18.655000686645508,18.334999084472656,18.59000015258789,15.397018432617188,1961432
2018-08-30,18.579999923706055,18.770000457763672,18.469999313354492,18.655000686645508,15.450852394104004,1537781
2018-08-31,18.665000915527344,18.735000610351562,18.440000534057617,18.625,15.426007270812988,1379321
2018-09-03,18.584999084472656,18.649999618530273,18.219999313354492,18.309999465942383,15.16511058807373,990501
2018-09-04,18.260000228881836,18.315000534057617,17.780000686645508,17.96500015258789,14.879364967346191,1200674
2018-09-05,17.93000030517578,18.25,17.93000030517578,18.024999618530273,14.929059982299805,1332274
2018-09-06,18.020000457763672,18.170000076293945,17.934999465942383,18.010000228881836,14.916638374328613,932327
2018-09-07,18.030000686645508,18.05500030517578,17.78499984741211,17.875,14.804824829101562,849044
2018-09-10,17.860000610351562,18.100000381469727,17.725000381469727,18.03499984741211,14.937345504760742,1002404
2018-09-11,18.049999237060547,18.094999313354492,17.96500015258789,18.079999923706055,14.974614143371582,981015
2018-09-12,18.125,18.145000457763672,17.985000610351562,18.059999465942383,14.958047866821289,877021
2018-09-13,18.045000076293945,18.114999771118164,17.829999923706055,17.829999923706055,14.767552375793457,1224959
2018-09-14,17.934999465942383,18.05500030517578,17.834999084472656,18.020000457763672,14.92491626739502,1350640
2018-09-17,17.9950008392334,18.350000381469727,17.9950008392334,18.239999771118164,15.107132911682129,666530
2018-09-18,18.204999923706055,18.405000686645508,18.174999237060547,18.405000686645508,15.243791580200195,758142
2018-09-19,18.43000030517578,18.475000381469727,18.260000228881836,18.375,15.218945503234863,1353528
2018-09-21,18.639999389648438,18.780000686645508,18.56999969482422,18.575000762939453,15.384596824645996,2859594
2018-09-24,18.594999313354492,18.670000076293945,18.354999542236328,18.375,15.218945503234863,780607
2018-09-25,18.399999618530273,18.454999923706055,18.040000915527344,18.15999984741211,15.040872573852539,987003
2018-09-26,18.235000610351562,18.235000610351562,18.040000915527344,18.135000228881836,15.020169258117676,1080064
2018-09-27,18.014999389648438,18.110000610351562,17.665000915527344,18.045000076293945,14.945623397827148,974333
2018-09-28,17.959999084472656,17.979999542236328,17.71500015258789,17.8700008392334,14.80068302154541,1513807
2018-10-01,17.94499969482422,18.344999313354492,17.8700008392334,18.299999237060547,15.156824111938477,1911046
2018-10-02,18.149999618530273,18.4950008392334,18.1299991607666,18.469999313354492,15.297628402709961,2556277
2018-10-03,18.475000381469727,18.579999923706055,18.405000686645508,18.450000762939453,15.281063079833984,1308821
2018-10-04,18.3799991607666,18.424999237060547,17.93000030517578,17.959999084472656,14.875223159790039,970197
2018-10-05,18.0,18.040000915527344,17.844999313354492,17.905000686645508,14.829669952392578,674268
2018-10-08,17.8700008392334,18.075000762939453,17.854999542236328,17.989999771118164,14.900070190429688,812202
2018-10-09,17.985000610351562,18.079999923706055,17.600000381469727,18.03499984741211,14.937345504760742,1253000
2018-10-10,18.09000015258789,18.09000015258789,17.7549991607666,17.795000076293945,14.738565444946289,961785
2018-10-11,17.549999237060547,17.635000228881836,17.30500030517578,17.354999542236328,14.374134063720703,1389966
2018-10-12,17.43000030517578,17.545000076293945,16.959999084472656,17.110000610351562,14.171218872070312,1215789
2018-10-15,17.200000762939453,17.559999465942383,16.959999084472656,17.559999465942383,14.543928146362305,1696355
2018-10-16,18.469999313354492,18.549999237060547,18.024999618530273,18.420000076293945,15.256214141845703,2871323
2018-10-17,18.520000457763672,18.69499969482422,18.219999313354492,18.350000381469727,15.198237419128418,2075219
2018-10-18,18.350000381469727,18.645000457763672,18.235000610351562,18.235000610351562,15.102992057800293,1777690
2018-10-19,18.139999389648438,18.450000762939453,17.969999313354492,18.190000534057617,15.065718650817871,1475857
2018-10-22,18.3799991607666,18.424999237060547,17.954999923706055,17.959999084472656,14.875223159790039,8653676
2018-10-23,17.920000076293945,18.5,17.774999618530273,17.774999618530273,14.722001075744629,1662215
2018-10-24,18.0049991607666,18.350000381469727,17.90999984741211,18.0,14.908354759216309,1950855
2018-10-25,17.924999237060547,18.139999389648438,17.834999084472656,17.969999313354492,14.883504867553711,1412308
2018-10-26,17.825000762939453,17.899999618530273,17.614999771118164,17.899999618530273,14.825530052185059,1089039
2018-10-29,17.700000762939453,17.889999389648438,17.625,17.684999465942383,14.647457122802734,1306639
2018-10-30,17.610000610351562,17.9950008392334,17.610000610351562,17.829999923706055,14.767552375793457,1947098
2018-10-31,17.950000762939453,18.25,17.700000762939453,17.700000762939453,14.659883499145508,1740734
2018-11-01,17.625,17.774999618530273,17.5049991607666,17.635000228881836,14.606048583984375,4929355
2018-11-02,17.75,17.96500015258789,17.59000015258789,17.649999618530273,14.618471145629883,2381796
2018-11-05,17.610000610351562,17.729999542236328,17.399999618530273,17.399999618530273,14.411410331726074,1510201
2018-11-06,17.15999984741211,17.395000457763672,17.05500030517578,17.315000534057617,14.684491157531738,1751179
2018-11-07,17.405000686645508,17.725000381469727,17.399999618530273,17.610000610351562,14.934673309326172,1524655
2018-11-08,17.565000534057617,17.604999542236328,17.31999969482422,17.520000457763672,14.858346939086914,1603924
2018-11-09,17.479999542236328,17.795000076293945,17.405000686645508,17.795000076293945,15.091567039489746,996773
2018-11-12,17.774999618530273,18.03499984741211,17.725000381469727,17.864999771118164,15.1509370803833,945643
2018-11-13,17.8799991607666,18.010000228881836,17.81999969482422,18.0,15.265423774719238,1699837
2018-11-14,17.899999618530273,17.899999618530273,17.670000076293945,17.75,15.053403854370117,1901769
2018-11-15,17.829999923706055,18.05500030517578,17.600000381469727,17.6200008392334,14.943154335021973,1364414
2018-11-16,17.665000915527344,17.760000228881836,17.5049991607666,17.68000030517578,14.994041442871094,1329965
2018-11-19,17.69499969482422,17.924999237060547,17.604999542236328,17.604999542236328,14.930434226989746,1886039
2018-11-20,17.559999465942383,17.719999313354492,17.540000915527344,17.65999984741211,14.977075576782227,1297181
2018-11-21,17.725000381469727,17.920000076293945,17.604999542236328,17.895000457763672,15.176380157470703,806398
2018-11-22,17.78499984741211,17.940000534057617,17.69499969482422,17.864999771118164,15.1509370803833,742605
2018-11-23,17.93000030517578,18.135000228881836,17.90999984741211,18.104999542236328,15.354474067687988,2906199
2018-11-26,18.110000610351562,18.375,18.110000610351562,18.264999389648438,15.490164756774902,1538750
2018-11-27,18.229999542236328,18.399999618530273,18.19499969482422,18.25,15.477445602416992,1191761
2018-11-28,18.299999237060547,18.299999237060547,17.979999542236328,18.065000534057617,15.320547103881836,885420
2018-11-29,18.200000762939453,18.239999771118164,17.969999313354492,18.09000015258789,15.341751098632812,806535
2018-11-30,18.139999389648438,18.21500015258789,18.0,18.170000076293945,15.40959644317627,1666059
2018-12-03,18.360000610351562,18.530000686645508,18.209999084472656,18.329999923706055,15.54529094696045,1487169
2018-12-04,18.399999618530273,18.469999313354492,18.299999237060547,18.30500030517578,15.52408504486084,764404
2018-12-05,18.155000686645508,18.334999084472656,17.9950008392334,18.219999313354492,15.452000617980957,1100139
2018-12-06,18.075000762939453,18.184999465942383,17.65999984741211,17.65999984741211,14.977075576782227,2400081
2018-12-07,17.75,17.985000610351562,17.75,17.8799991607666,15.163655281066895,1519173
2018-12-10,17.795000076293945,17.834999084472656,17.40999984741211,17.40999984741211,14.765059471130371,2086235
2018-12-11,17.514999389648438,17.93000030517578,17.440000534057617,17.780000686645508,15.07884693145752,1722101
2018-12-12,17.790000915527344,18.09000015258789,17.709999084472656,18.09000015258789,15.341751098632812,1556654
2018-12-13,18.31999969482422,18.34000015258789,17.739999771118164,17.875,15.159414291381836,2010110
2018-12-14,17.790000915527344,18.040000915527344,17.639999389648438,18.040000915527344,15.29935073852539,2097403
2018-12-17,18.014999389648438,18.155000686645508,17.950000762939453,18.045000076293945,15.3035888671875,1598779
2018-12-18,18.024999618530273,18.024999618530273,17.6200008392334,17.829999923706055,15.121253967285156,1754110
2018-12-19,17.850000381469727,18.024999618530273,17.774999618530273,17.96500015258789,15.235743522644043,1760735
2018-12-20,17.850000381469727,17.94499969482422,17.479999542236328,17.760000228881836,15.06188678741455,1629553
2018-12-21,17.75,17.75,17.5049991607666,17.56999969482422,14.900751113891602,2540114
2018-12-24,17.5,17.729999542236328,17.489999771118164,17.665000915527344,14.981319427490234,335017
2018-12-27,17.809999465942383,17.829999923706055,17.170000076293945,17.274999618530273,14.650568962097168,1573442
2018-12-28,17.34000015258789,17.645000457763672,17.329999923706055,17.604999542236328,14.930434226989746,1026184
2018-12-31,17.649999618530273,17.809999465942383,17.6200008392334,17.69499969482422,15.006759643554688,965172
2019-01-02,17.53499984741211,17.78499984741211,17.350000381469727,17.709999084472656,15.019482612609863,1210386
2019-01-03,17.565000534057617,17.950000762939453,17.524999618530273,17.799999237060547,15.095808982849121,1117692
2019-01-04,17.915000915527344,18.100000381469727,17.825000762939453,18.014999389648438,15.278148651123047,1313015
2019-01-07,18.014999389648438,18.149999618530273,17.7549991607666,18.149999618530273,15.39263916015625,994252
2019-01-08,18.104999542236328,18.360000610351562,18.049999237060547,18.325000762939453,15.54105281829834,1517151
2019-01-09,18.399999618530273,18.540000915527344,18.34000015258789,18.405000686645508,15.608899116516113,2192975
2019-01-10,18.399999618530273,18.6299991607666,18.28499984741211,18.6299991607666,15.799715042114258,1601801
2019-01-11,18.875,19.165000915527344,18.514999389648438,18.55500030517578,15.736108779907227,3471466
2019-01-14,18.5,18.774999618530273,18.440000534057617,18.774999618530273,15.922684669494629,2171638
2019-01-15,18.899999618530273,18.9950008392334,18.625,18.69499969482422,15.854842185974121,1060301
2019-01-16,18.704999923706055,18.864999771118164,18.594999313354492,18.864999771118164,15.99901294708252,1969382
2019-01-17,18.78499984741211,19.084999084472656,18.68000030517578,19.084999084472656,16.185588836669922,1334591
2019-01-18,19.100000381469727,19.399999618530273,19.09000015258789,19.360000610351562,16.418811798095703,1511201
2019-01-21,19.280000686645508,19.450000762939453,19.204999923706055,19.360000610351562,16.418811798095703,1314373
2019-01-22,19.309999465942383,19.545000076293945,19.309999465942383,19.3799991607666,16.43577766418457,5607592
2019-01-23,19.295000076293945,19.709999084472656,19.295000076293945,19.584999084472656,16.609634399414062,1275308
2019-01-24,19.579999923706055,19.700000762939453,19.350000381469727,19.649999618530273,16.66475486755371,1935302
2019-01-25,19.690000534057617,19.774999618530273,19.514999389648438,19.68000030517578,16.69019889831543,2584460
2019-01-28,19.579999923706055,19.71500015258789,19.479999542236328,19.674999237060547,16.685955047607422,2095898
2019-01-29,19.700000762939453,19.725000381469727,19.21500015258789,19.350000381469727,16.41033172607422,1644161
2019-01-30,19.30500030517578,19.364999771118164,19.145000457763672,19.299999237060547,16.367931365966797,2701484
2019-01-31,19.405000686645508,19.56999969482422,19.350000381469727,19.56999969482422,16.596906661987305,2324369
2019-02-01,19.674999237060547,19.78499984741211,19.479999542236328,19.635000228881836,16.652034759521484,1035423
2019-02-04,19.600000381469727,19.674999237060547,19.454999923706055,19.610000610351562,16.630828857421875,1193475
2019-02-05,19.645000457763672,19.764999389648438,19.40999984741211,19.764999389648438,16.762283325195312,2141679
2019-02-06,19.739999771118164,19.75,19.46500015258789,19.514999389648438,16.550264358520508,1294615
2019-02-07,19.485000610351562,19.65999984741211,19.46500015258789,19.489999771118164,16.529062271118164,1616051
2019-02-08,19.434999465942383,19.579999923706055,19.315000534057617,19.424999237060547,16.47393798828125,1719373
2019-02-11,19.5049991607666,19.674999237060547,19.450000762939453,19.639999389648438,16.656272888183594,1367612
2019-02-12,19.700000762939453,19.7450008392334,19.59000015258789,19.59000015258789,16.61387062072754,1028915
2019-02-13,19.68000030517578,19.684999465942383,19.485000610351562,19.6299991607666,16.647794723510742,855371
2019-02-14,19.75,19.844999313354492,19.655000686645508,19.690000534057617,16.69868278503418,1070132
2019-02-15,19.71500015258789,19.860000610351562,19.55500030517578,19.815000534057617,16.804689407348633,1215242
2019-02-18,19.799999237060547,19.96500015258789,19.75,19.905000686645508,16.88101577758789,886655
2019-02-19,19.905000686645508,19.90999984741211,19.719999313354492,19.860000610351562,16.84285545349121,1450174
2019-02-20,19.889999389648438,20.149999618530273,19.8700008392334,20.100000381469727,17.0463924407959,1211803
2019-02-21,20.110000610351562,20.280000686645508,19.899999618530273,19.899999618530273,16.87677764892578,3371586
2019-02-22,19.864999771118164,20.079999923706055,19.78499984741211,20.030000686645508,16.98702621459961,2805475
2019-02-25,20.030000686645508,20.100000381469727,19.739999771118164,19.774999618530273,16.770767211914062,2044143
2019-02-26,19.719999313354492,19.940000534057617,19.604999542236328,19.899999618530273,16.87677764892578,1679987
2019-02-27,19.8799991607666,19.924999237060547,19.65999984741211,19.700000762939453,16.7071590423584,1621554
2019-02-28,19.5049991607666,20.260000228881836,19.5049991607666,20.260000228881836,17.182083129882812,2578820
2019-03-01,20.350000381469727,21.170000076293945,20.229999542236328,20.770000457763672,17.614604949951172,3144052
2019-03-04,20.760000228881836,20.959999084472656,20.709999084472656,20.8700008392334,17.69940948486328,2164154
2019-03-05,20.889999389648438,20.90999984741211,20.579999923706055,20.860000610351562,17.690927505493164,1359642
2019-03-06,20.760000228881836,20.989999771118164,20.760000228881836,20.90999984741211,17.733333587646484,1545077
2019-03-07,20.940000534057617,21.09000015258789,20.81999969482422,21.049999237060547,17.852066040039062,1544477
2019-03-08,20.920000076293945,20.940000534057617,20.440000534057617,20.540000915527344,17.419551849365234,1759617
2019-03-11,20.549999237060547,20.719999313354492,20.43000030517578,20.68000030517578,17.538278579711914,1012048
2019-03-12,20.68000030517578,20.719999313354492,20.5,20.65999984741211,17.521318435668945,1104254
2019-03-13,20.6200008392334,20.709999084472656,20.5,20.6299991607666,17.495872497558594,1476185
2019-03-14,20.549999237060547,20.700000762939453,20.43000030517578,20.6200008392334,17.487394332885742,1221784
2019-03-15,20.6200008392334,20.90999984741211,20.6200008392334,20.8799991607666,17.7078914642334,5125681
2019-03-18,20.84000015258789,21.0,20.81999969482422,21.0,17.809661865234375,859231
2019-03-19,20.979999542236328,20.979999542236328,20.68000030517578,20.8799991607666,17.7078914642334,1776187
2019-03-20,20.8799991607666,20.969999313354492,20.729999542236328,20.75,17.597646713256836,1734516
2019-03-21,20.739999771118164,20.850000381469727,20.56999969482422,20.610000610351562,17.478910446166992,1155227
2019-03-22,20.610000610351562,20.65999984741211,20.459999084472656,20.559999465942383,17.436508178710938,2002606
2019-03-25,20.450000762939453,20.59000015258789,20.399999618530273,20.450000762939453,17.343223571777344,1443374
2019-03-26,20.600000381469727,20.860000610351562,20.489999771118164,20.84000015258789,17.673965454101562,1677379
2019-03-27,20.84000015258789,20.8700008392334,20.559999465942383,20.809999465942383,17.648529052734375,1557301
2019-03-28,20.809999465942383,20.8799991607666,20.700000762939453,20.799999237060547,17.64004898071289,1320329
2019-03-29,20.799999237060547,21.030000686645508,20.780000686645508,20.8799991607666,17.7078914642334,1373330
2019-04-01,20.989999771118164,21.09000015258789,20.889999389648438,20.989999771118164,17.80118179321289,1529161
2019-04-02,21.049999237060547,21.149999618530273,20.940000534057617,21.1200008392334,17.91143035888672,1741153
2019-04-03,21.170000076293945,21.40999984741211,21.149999618530273,21.34000015258789,18.098012924194336,1636377
2019-04-04,21.350000381469727,21.420000076293945,21.18000030517578,21.25,18.021686553955078,1176693
2019-04-05,21.149999618530273,21.610000610351562,21.030000686645508,21.25,18.021686553955078,3297110
2019-04-08,21.239999771118164,21.270000457763672,20.90999984741211,21.0,17.809661865234375,2788797
2019-04-09,20.920000076293945,21.040000915527344,20.799999237060547,20.799999237060547,17.64004898071289,1612139
2019-04-10,20.770000457763672,20.850000381469727,20.600000381469727,20.649999618530273,17.512834548950195,1677291
2019-04-11,20.610000610351562,20.65999984741211,20.239999771118164,20.5,17.3856258392334,1817522
2019-04-12,20.5,20.770000457763672,20.469999313354492,20.690000534057617,17.54676055908203,2557650
2019-04-15,20.790000915527344,20.889999389648438,20.670000076293945,20.719999313354492,17.572202682495117,1922061
2019-04-16,20.649999618530273,20.770000457763672,20.59000015258789,20.65999984741211,17.521318435668945,2015650
2019-04-17,20.709999084472656,20.81999969482422,20.459999084472656,20.799999237060547,17.64004898071289,2108806
2019-04-18,20.81999969482422,21.049999237060547,20.81999969482422,20.989999771118164,17.80118179321289,1758245
2019-04-23,21.0,21.139999389648438,20.90999984741211,21.1200008392334,17.91143035888672,1595186
2019-04-24,21.200000762939453,21.459999084472656,21.190000534057617,21.450000762939453,18.19129753112793,1883775
2019-04-25,21.3799991607666,21.700000762939453,21.239999771118164,21.700000762939453,18.403316497802734,2112681
2019-04-26,21.719999313354492,21.8700008392334,21.59000015258789,21.84000015258789,18.522050857543945,1611114
2019-04-29,21.709999084472656,21.8700008392334,21.649999618530273,21.8700008392334,18.5474910736084,1122574
2019-04-30,21.8799991607666,22.049999237060547,21.780000686645508,21.959999084472656,18.623815536499023,2235337
2019-05-02,21.899999618530273,21.90999984741211,21.719999313354492,21.790000915527344,18.47964859008789,2363105
2019-05-03,21.899999618530273,21.90999984741211,21.670000076293945,21.780000686645508,18.471166610717773,2487709
2019-05-06,21.510000228881836,21.68000030517578,21.309999465942383,21.579999923706055,18.30154800415039,2797811
2019-05-07,21.479999542236328,21.790000915527344,21.450000762939453,21.549999237060547,18.276105880737305,1844369
2019-05-08,20.469999313354492,21.0,19.649999618530273,20.790000915527344,17.631567001342773,4103926
2019-05-09,20.75,20.90999984741211,20.559999465942383,20.610000610351562,17.478910446166992,2355771
2019-05-10,20.6200008392334,20.8700008392334,20.530000686645508,20.530000686645508,17.41106605529785,3846911
2019-05-13,20.6200008392334,20.639999389648438,20.280000686645508,20.34000015258789,17.249929428100586,1646448
2019-05-14,20.09000015258789,20.329999923706055,20.030000686645508,20.299999237060547,17.48333168029785,2516557
2019-05-15,20.420000076293945,20.5,20.239999771118164,20.40999984741211,17.578065872192383,3413362
2019-05-16,20.3700008392334,21.09000015258789,20.3700008392334,21.09000015258789,18.163713455200195,2665635
2019-05-17,21.040000915527344,21.3799991607666,21.0,21.299999237060547,18.344573974609375,2660098
2019-05-20,21.219999313354492,21.440000534057617,21.0,21.18000030517578,18.241226196289062,4778086
2019-05-21,21.1299991607666,21.489999771118164,21.1200008392334,21.469999313354492,18.49098777770996,1285271
2019-05-22,21.420000076293945,21.65999984741211,21.420000076293945,21.459999084472656,18.482376098632812,1273161
2019-05-23,21.40999984741211,21.559999465942383,21.34000015258789,21.389999389648438,18.422090530395508,1696424
2019-05-24,21.420000076293945,21.719999313354492,21.3799991607666,21.610000610351562,18.611562728881836,2065931
2019-05-27,21.729999542236328,21.8700008392334,21.649999618530273,21.770000457763672,18.749364852905273,732208
2019-05-28,21.739999771118164,21.760000228881836,21.520000457763672,21.760000228881836,18.740753173828125,3496545
2019-05-29,21.600000381469727,21.6299991607666,21.260000228881836,21.299999237060547,18.344573974609375,1940338
2019-05-30,21.25,21.479999542236328,21.15999984741211,21.3700008392334,18.404861450195312,1167212
2019-05-31,21.219999313354492,21.399999618530273,21.18000030517578,21.389999389648438,18.422090530395508,2137781
2019-06-03,21.229999542236328,21.270000457763672,20.920000076293945,21.15999984741211,18.2240047454834,2956733
2019-06-04,21.100000381469727,21.1299991607666,20.809999465942383,20.809999465942383,17.922563552856445,4280390
2019-06-05,20.84000015258789,21.170000076293945,20.84000015258789,20.979999542236328,18.0689754486084,1874268
2019-06-06,21.100000381469727,21.209999084472656,20.989999771118164,21.149999618530273,18.21538734436035,1582033
2019-06-07,21.270000457763672,21.700000762939453,21.229999542236328,21.670000076293945,18.663240432739258,1223489
2019-06-10,21.790000915527344,21.950000762939453,21.670000076293945,21.770000457763672,18.749364852905273,1715127
2019-06-11,21.889999389648438,21.989999771118164,21.719999313354492,21.899999618530273,18.861328125,4875542
2019-06-12,21.81999969482422,22.040000915527344,21.799999237060547,21.920000076293945,18.878551483154297,2166863
2019-06-13,21.93000030517578,22.1299991607666,21.90999984741211,22.049999237060547,18.990514755249023,1444594
2019-06-14,22.049999237060547,22.209999084472656,22.030000686645508,22.139999389648438,19.06802749633789,1610148
2019-06-17,22.1299991607666,22.260000228881836,22.100000381469727,22.100000381469727,19.033573150634766,1764559
2019-06-18,22.059999465942383,22.479999542236328,21.860000610351562,22.399999618530273,19.29195213317871,2182639
2019-06-19,22.43000030517578,22.489999771118164,22.34000015258789,22.399999618530273,19.29195213317871,1740368
2019-06-20,22.5,22.6299991607666,22.3799991607666,22.479999542236328,19.36084747314453,1418773
2019-06-21,22.489999771118164,22.6200008392334,22.25,22.25,19.162761688232422,5953546
2019-06-24,22.329999923706055,22.56999969482422,22.31999969482422,22.489999771118164,19.369462966918945,938079
2019-06-25,22.3799991607666,22.780000686645508,22.3799991607666,22.68000030517578,19.53310203552246,2148680
2019-06-26,22.790000915527344,22.829999923706055,22.389999389648438,22.40999984741211,19.30056381225586,1515915
2019-06-27,22.43000030517578,22.510000228881836,22.229999542236328,22.229999542236328,19.145538330078125,1434086
2019-06-28,22.170000076293945,22.610000610351562,22.059999465942383,22.510000228881836,19.386688232421875,1420289
2019-07-01,22.790000915527344,22.790000915527344,22.479999542236328,22.6299991607666,19.490036010742188,1348297
2019-07-02,22.75,22.809999465942383,22.549999237060547,22.75,19.593387603759766,1465006
2019-07-03,22.829999923706055,23.209999084472656,22.829999923706055,23.09000015258789,19.886211395263672,1540564
2019-07-04,23.1200008392334,23.15999984741211,22.90999984741211,23.0,19.808698654174805,803977
2019-07-05,22.93000030517578,23.030000686645508,22.600000381469727,22.649999618530273,19.507261276245117,988531
2019-07-08,22.6299991607666,22.84000015258789,22.579999923706055,22.799999237060547,19.636449813842773,2860264
2019-07-09,22.65999984741211,22.84000015258789,22.5,22.600000381469727,19.464197158813477,2406935
2019-07-10,22.68000030517578,22.940000534057617,22.399999618530273,22.75,19.593387603759766,2418865
2019-07-11,22.75,23.1200008392334,22.75,23.0,19.808698654174805,2965317
2019-07-12,23.020000457763672,23.139999389648438,22.8700008392334,23.079999923706055,19.87759780883789,1592424
2019-07-15,23.15999984741211,23.420000076293945,23.059999465942383,23.350000381469727,20.110136032104492,2467679
2019-07-16,23.309999465942383,23.68000030517578,23.25,23.670000076293945,20.38573455810547,2471452
2019-07-17,23.68000030517578,24.059999465942383,23.65999984741211,24.020000457763672,20.68717384338379,2350013
2019-07-18,23.850000381469727,23.989999771118164,23.670000076293945,23.940000534057617,20.618268966674805,1985863
2019-07-19,24.049999237060547,24.239999771118164,23.8700008392334,24.1299991607666,20.78190803527832,2128777
2019-07-22,24.09000015258789,24.5,24.040000915527344,24.399999618530273,21.01444435119629,1892573
2019-07-23,24.450000762939453,24.709999084472656,24.420000076293945,24.489999771118164,21.091955184936523,1690864
2019-07-24,24.290000915527344,24.469999313354492,24.170000076293945,24.3799991607666,20.99721908569336,1666489
2019-07-25,24.440000534057617,24.670000076293945,24.229999542236328,24.229999542236328,20.868030548095703,1340222
2019-07-26,24.15999984741211,24.399999618530273,24.079999923706055,24.260000228881836,20.893869400024414,1214489
2019-07-29,24.1200008392334,24.440000534057617,24.059999465942383,24.31999969482422,20.945545196533203,1474942
2019-07-30,24.260000228881836,24.290000915527344,23.760000228881836,23.889999389648438,20.575206756591797,1383625
2019-07-31,23.520000457763672,23.75,23.399999618530273,23.549999237060547,20.28238296508789,2311345
2019-08-01,23.43000030517578,23.809999465942383,23.43000030517578,23.790000915527344,20.489084243774414,2893288
2019-08-02,23.469999313354492,24.010000228881836,23.3799991607666,23.950000762939453,20.62688636779785,2486308
2019-08-05,23.68000030517578,23.84000015258789,23.59000015258789,23.75,20.454631805419922,1673202
2019-08-06,23.700000762939453,24.280000686645508,23.700000762939453,23.979999542236328,20.652719497680664,1029159
2019-08-07,24.010000228881836,24.770000457763672,24.010000228881836,24.59000015258789,21.178075790405273,3043738
2019-08-08,24.709999084472656,24.860000610351562,24.489999771118164,24.860000610351562,21.41061782836914,1542255
2019-08-09,24.84000015258789,24.899999618530273,24.700000762939453,24.799999237060547,21.35894203186035,1476144
2019-08-12,24.799999237060547,25.139999389648438,24.6200008392334,24.950000762939453,21.488130569458008,906514
2019-08-13,24.829999923706055,25.520000457763672,24.829999923706055,25.200000762939453,21.703445434570312,1614755
2019-08-14,25.239999771118164,25.489999771118164,25.030000686645508,25.06999969482422,21.591480255126953,2673251
2019-08-15,25.190000534057617,25.350000381469727,24.8799991607666,25.09000015258789,21.60870361328125,4312536
2019-08-16,25.110000610351562,25.350000381469727,25.059999465942383,25.329999923706055,21.81540298461914,995644
2019-08-19,25.450000762939453,25.479999542236328,25.200000762939453,25.420000076293945,21.892915725708008,2152855
2019-08-20,25.399999618530273,25.709999084472656,25.270000457763672,25.31999969482422,21.806793212890625,1652946
2019-08-21,25.440000534057617,25.65999984741211,25.290000915527344,25.610000610351562,22.05655288696289,1330428
2019-08-22,25.549999237060547,25.68000030517578,25.399999618530273,25.479999542236328,21.944591522216797,951663
2019-08-23,25.549999237060547,25.829999923706055,25.479999542236328,25.479999542236328,21.944591522216797,1035662
2019-08-26,25.3799991607666,25.56999969482422,25.360000610351562,25.559999465942383,22.013490676879883,829894
2019-08-27,25.540000915527344,25.860000610351562,25.450000762939453,25.860000610351562,22.271867752075195,1428332
2019-08-28,25.68000030517578,26.0,25.68000030517578,25.90999984741211,22.314929962158203,985317
2019-08-29,25.969999313354492,26.100000381469727,25.809999465942383,26.079999923706055,22.461339950561523,1440597
2019-08-30,26.049999237060547,26.079999923706055,25.780000686645508,25.8700008392334,22.280479431152344,10142984
2019-09-02,25.8799991607666,26.25,25.8700008392334,26.25,22.60775375366211,936729
2019-09-03,26.100000381469727,26.440000534057617,26.020000457763672,26.290000915527344,22.64220428466797,3341731
2019-09-04,26.200000762939453,26.299999237060547,25.979999542236328,26.200000762939453,22.5646915435791,1970156
2019-09-05,26.3799991607666,26.5,26.06999969482422,26.100000381469727,22.478567123413086,2126729
2019-09-06,26.25,26.540000915527344,26.149999618530273,26.43000030517578,22.76277732849121,2249505
2019-09-09,26.40999984741211,26.450000762939453,25.979999542236328,26.040000915527344,22.42689323425293,2492615
2019-09-10,25.940000534057617,26.0,25.06999969482422,25.329999923706055,21.81540298461914,3110430
2019-09-11,25.450000762939453,25.520000457763672,25.170000076293945,25.309999465942383,21.798179626464844,4648509
2019-09-12,25.469999313354492,26.040000915527344,25.450000762939453,25.8799991607666,22.289087295532227,1624025
2019-09-13,25.799999237060547,25.799999237060547,25.56999969482422,25.75,22.177127838134766,835659
2019-09-16,25.530000686645508,25.780000686645508,25.399999618530273,25.510000228881836,21.970428466796875,2686554
2019-09-17,25.579999923706055,25.850000381469727,25.40999984741211,25.780000686645508,22.202966690063477,2038703
2019-09-18,25.68000030517578,26.110000610351562,25.6299991607666,25.950000762939453,22.349380493164062,1817176
2019-09-19,25.81999969482422,26.489999771118164,25.81999969482422,26.25,22.60775375366211,2034433
2019-09-20,26.170000076293945,26.59000015258789,26.170000076293945,26.479999542236328,22.80583953857422,3870553
2019-09-23,26.469999313354492,26.520000457763672,26.280000686645508,26.299999237060547,22.65081787109375,1002729
2019-09-24,26.459999084472656,26.59000015258789,26.110000610351562,26.489999771118164,22.814453125,1998124
2019-09-25,26.489999771118164,26.540000915527344,26.110000610351562,26.149999618530273,22.521629333496094,1288183
2019-09-26,26.110000610351562,26.780000686645508,26.110000610351562,26.649999618530273,22.952251434326172,1153086
2019-09-27,26.75,26.829999923706055,26.18000030517578,26.34000015258789,22.685258865356445,1312513
2019-09-30,26.290000915527344,26.649999618530273,26.270000457763672,26.510000228881836,22.83167839050293,1154795
2019-10-01,26.559999465942383,26.65999984741211,26.170000076293945,26.229999542236328,22.590530395507812,2005431
2019-10-02,26.110000610351562,26.200000762939453,25.25,25.25,21.74650764465332,2134073
2019-10-03,25.360000610351562,25.889999389648438,25.34000015258789,25.5,21.961820602416992,1307255
2019-10-04,25.579999923706055,25.84000015258789,25.479999542236328,25.84000015258789,22.254640579223633,1367866
2019-10-07,25.8700008392334,26.0,25.6299991607666,25.899999618530273,22.306312561035156,1046039
2019-10-08,25.8700008392334,26.030000686645508,25.5,25.610000610351562,22.05655288696289,972248
2019-10-09,25.68000030517578,26.020000457763672,25.670000076293945,25.75,22.177127838134766,1108048
2019-10-10,25.860000610351562,25.920000076293945,25.549999237060547,25.809999465942383,22.228801727294922,681607
2019-10-11,25.850000381469727,25.850000381469727,25.450000762939453,25.700000762939453,22.13406753540039,3390317
2019-10-14,25.59000015258789,26.190000534057617,25.579999923706055,25.950000762939453,22.349380493164062,2884890
2019-10-15,25.989999771118164,26.110000610351562,25.770000457763672,25.90999984741211,22.314929962158203,1325968
2019-10-16,25.75,25.809999465942383,25.399999618530273,25.469999313354492,21.935977935791016,1191651
2019-10-17,25.5,26.040000915527344,25.329999923706055,25.969999313354492,22.366601943969727,1381931
2019-10-18,25.989999771118164,26.1200008392334,25.75,26.0,22.39244270324707,1269113
2019-10-21,26.100000381469727,26.360000610351562,25.860000610351562,26.209999084472656,22.573301315307617,2469378
2019-10-22,26.049999237060547,26.43000030517578,25.969999313354492,26.260000228881836,22.616363525390625,1906909
2019-10-23,26.06999969482422,26.229999542236328,25.799999237060547,25.899999618530273,22.306312561035156,3749569
2019-10-24,25.8799991607666,25.979999542236328,25.829999923706055,25.93000030517578,22.3321533203125,2376200
2019-10-25,25.93000030517578,26.329999923706055,25.93000030517578,26.25,22.60775375366211,4225852
2019-10-28,26.190000534057617,26.399999618530273,25.959999084472656,26.329999923706055,22.676654815673828,2037200
2019-10-29,26.299999237060547,26.350000381469727,25.920000076293945,26.200000762939453,22.5646915435791,8743598
2019-10-30,26.299999237060547,26.479999542236328,26.1299991607666,26.25,22.60775375366211,1742176
2019-10-31,26.299999237060547,26.489999771118164,26.219999313354492,26.459999084472656,22.788612365722656,1498562
2019-11-01,26.450000762939453,27.06999969482422,26.450000762939453,27.010000228881836,23.262304306030273,1718828
2019-11-04,27.139999389648438,27.18000030517578,26.93000030517578,27.010000228881836,23.262304306030273,2209403
2019-11-05,27.0,27.079999923706055,26.850000381469727,26.860000610351562,23.133115768432617,2197447
2019-11-06,26.489999771118164,26.530000686645508,25.93000030517578,26.309999465942383,23.00893211364746,1045146
2019-11-07,26.420000076293945,26.43000030517578,25.790000915527344,25.850000381469727,22.606643676757812,2825464
2019-11-08,25.760000228881836,26.110000610351562,25.6200008392334,26.110000610351562,22.834026336669922,1304164
2019-11-11,25.989999771118164,26.149999618530273,25.950000762939453,26.1299991607666,22.85151481628418,1170497
2019-11-12,26.219999313354492,26.260000228881836,25.959999084472656,26.110000610351562,22.834026336669922,3118151
2019-11-13,26.100000381469727,26.149999618530273,25.770000457763672,25.989999771118164,22.72907829284668,1784114
2019-11-14,26.030000686645508,26.229999542236328,25.790000915527344,25.93000030517578,22.676610946655273,2881686
2019-11-15,25.959999084472656,26.190000534057617,25.90999984741211,26.1299991607666,22.85151481628418,3536260
2019-11-18,26.030000686645508,26.239999771118164,25.889999389648438,26.15999984741211,22.87775230407715,1619877
2019-11-19,26.209999084472656,26.639999389648438,26.190000534057617,26.459999084472656,23.14011001586914,1096724
2019-11-20,26.350000381469727,26.739999771118164,26.309999465942383,26.520000457763672,23.192584991455078,2039270
2019-11-21,26.450000762939453,26.510000228881836,26.1200008392334,26.360000610351562,23.05265998840332,985221
2019-11-22,26.420000076293945,26.479999542236328,26.079999923706055,26.1299991607666,22.85151481628418,1621523
2019-11-25,26.299999237060547,26.479999542236328,26.139999389648438,26.450000762939453,23.13136863708496,1455472
2019-11-26,26.40999984741211,26.670000076293945,26.149999618530273,26.610000610351562,23.271289825439453,2569041
2019-11-27,26.610000610351562,26.8799991607666,26.450000762939453,26.790000915527344,23.4287052154541,1368285
2019-11-28,26.780000686645508,26.979999542236328,26.610000610351562,26.979999542236328,23.594865798950195,2617986
2019-11-29,26.8799991607666,27.079999923706055,26.760000228881836,26.950000762939453,23.56863021850586,851687
2019-12-02,26.8700008392334,26.989999771118164,25.8700008392334,25.950000762939453,22.6940975189209,3628252
2019-12-03,26.030000686645508,26.450000762939453,25.979999542236328,25.979999542236328,22.7203369140625,1904087
2019-12-04,26.15999984741211,26.739999771118164,26.139999389648438,26.639999389648438,23.29752540588379,2493104
2019-12-05,26.649999618530273,26.780000686645508,26.579999923706055,26.579999923706055,23.245054244995117,3545159
2019-12-06,26.59000015258789,26.829999923706055,26.440000534057617,26.770000457763672,23.411216735839844,990111
2019-12-09,26.8700008392334,27.190000534057617,26.75,27.110000610351562,23.708559036254883,1283551
2019-12-10,27.030000686645508,27.219999313354492,26.719999313354492,27.1299991607666,23.72604751586914,813964
2019-12-11,27.1299991607666,27.200000762939453,26.899999618530273,27.040000915527344,23.647342681884766,855745
2019-12-12,27.100000381469727,27.530000686645508,27.059999465942383,27.15999984741211,23.75228500366211,5558952
2019-12-13,27.479999542236328,27.540000915527344,27.100000381469727,27.18000030517578,23.769773483276367,1146645
2019-12-16,26.899999618530273,27.270000457763672,26.770000457763672,27.209999084472656,23.796009063720703,3263925
2019-12-17,27.15999984741211,27.209999084472656,26.799999237060547,27.1200008392334,23.717300415039062,3836030
2019-12-18,27.1299991607666,27.420000076293945,26.969999313354492,27.049999237060547,23.656084060668945,1613926
2019-12-19,27.010000228881836,27.110000610351562,26.729999542236328,26.799999237060547,23.437450408935547,3909780
2019-12-20,26.84000015258789,26.920000076293945,26.549999237060547,26.780000686645508,23.419960021972656,4624052
2019-12-23,26.700000762939453,27.209999084472656,26.68000030517578,27.030000686645508,23.638591766357422,1507895
2019-12-24,27.0,27.350000381469727,26.639999389648438,27.18000030517578,23.769773483276367,868315
2019-12-25,27.18000030517578,27.18000030517578,27.18000030517578,27.18000030517578,23.769773483276367,0
2019-12-27,27.350000381469727,27.350000381469727,26.950000762939453,27.139999389648438,23.73478889465332,980230
2019-12-30,27.049999237060547,27.049999237060547,26.670000076293945,26.739999771118164,23.384981155395508,705081
2019-12-31,26.549999237060547,26.969999313354492,26.5,26.969999313354492,23.586122512817383,1125539
2020-01-02,27.149999618530273,27.34000015258789,26.979999542236328,27.290000915527344,23.865970611572266,1082203
2020-01-03,27.18000030517578,27.219999313354492,26.84000015258789,27.100000381469727,23.699810028076172,1126005
2020-01-06,26.950000762939453,27.18000030517578,26.729999542236328,27.09000015258789,23.691064834594727,872086
2020-01-07,27.149999618530273,27.5,27.1299991607666,27.5,24.049625396728516,1314877
2020-01-08,27.299999237060547,27.729999542236328,27.290000915527344,27.65999984741211,24.18954849243164,1426627
2020-01-09,27.760000228881836,27.850000381469727,27.459999084472656,27.610000610351562,24.14582633972168,1369315
2020-01-10,27.68000030517578,27.809999465942383,27.469999313354492,27.760000228881836,24.277002334594727,704860
2020-01-13,27.739999771118164,28.010000228881836,27.700000762939453,27.809999465942383,24.32072639465332,529961
2020-01-14,27.899999618530273,28.18000030517578,27.700000762939453,28.18000030517578,24.644304275512695,5311458
2020-01-15,28.139999389648438,28.559999465942383,27.950000762939453,28.559999465942383,24.976627349853516,942682
2020-01-16,28.489999771118164,28.540000915527344,28.309999465942383,28.399999618530273,24.836700439453125,655609
2020-01-17,28.5,28.989999771118164,28.40999984741211,28.940000534057617,25.308950424194336,3911390
2020-01-20,28.93000030517578,29.110000610351562,28.8799991607666,29.06999969482422,25.422639846801758,1343371
2020-01-21,28.899999618530273,29.31999969482422,28.81999969482422,29.31999969482422,25.641271591186523,4631084
2020-01-22,29.399999618530273,29.489999771118164,29.25,29.329999923706055,25.650014877319336,1315993
2020-01-23,29.229999542236328,29.479999542236328,29.020000457763672,29.309999465942383,25.632526397705078,1139345
2020-01-24,29.540000915527344,29.719999313354492,29.479999542236328,29.600000381469727,25.88614273071289,914066
2020-01-27,29.31999969482422,29.31999969482422,28.8700008392334,29.1200008392334,25.466365814208984,888778
2020-01-28,29.110000610351562,29.280000686645508,28.850000381469727,29.100000381469727,25.448875427246094,1454413
2020-01-29,28.969999313354492,29.350000381469727,28.950000762939453,29.219999313354492,25.553815841674805,1051429
2020-01-30,29.0,29.15999984741211,28.6200008392334,28.899999618530273,25.273969650268555,3305073
2020-01-31,28.959999084472656,29.139999389648438,28.40999984741211,28.65999984741211,25.06407928466797,1562694
2020-02-03,28.729999542236328,28.860000610351562,28.549999237060547,28.610000610351562,25.020353317260742,1336914
2020-02-04,28.739999771118164,28.829999923706055,28.579999923706055,28.829999923706055,25.21274757385254,1119391
2020-02-05,28.75,29.389999389648438,28.729999542236328,29.110000610351562,25.457622528076172,6990316
2020-02-06,29.139999389648438,29.219999313354492,28.860000610351562,28.920000076293945,25.29145622253418,1080943
2020-02-07,29.0,29.010000228881836,28.6299991607666,28.959999084472656,25.326440811157227,3736280
2020-02-10,28.8799991607666,29.309999465942383,28.75,29.149999618530273,25.492599487304688,1547283
2020-02-11,29.25,29.709999084472656,29.25,29.68000030517578,25.95610237121582,833719
2020-02-12,29.75,29.75,29.450000762939453,29.549999237060547,25.842411041259766,1092469
2020-02-13,29.520000457763672,29.670000076293945,29.299999237060547,29.489999771118164,25.789941787719727,1325182
2020-02-14,29.479999542236328,29.8700008392334,29.459999084472656,29.8700008392334,26.122264862060547,2402641
2020-02-17,29.90999984741211,30.25,29.829999923706055,30.25,26.4545841217041,911912
2020-02-18,30.1200008392334,30.3799991607666,30.1200008392334,30.190000534057617,26.40211296081543,683795
2020-02-19,30.389999389648438,30.5,30.209999084472656,30.450000762939453,26.629491806030273,975202
2020-02-20,30.360000610351562,30.43000030517578,29.68000030517578,29.760000228881836,26.02606773376465,2455231
2020-02-21,29.709999084472656,29.809999465942383,29.3799991607666,29.790000915527344,26.05229949951172,2915820
2020-02-24,29.1299991607666,29.219999313354492,28.540000915527344,28.690000534057617,25.090316772460938,1081435
2020-02-25,28.799999237060547,28.920000076293945,28.059999465942383,28.059999465942383,24.539358139038086,2465673
2020-02-26,27.770000457763672,28.09000015258789,27.06999969482422,27.940000534057617,24.434415817260742,3965565
2020-02-27,27.5,27.770000457763672,26.65999984741211,26.8700008392334,23.49867057800293,1794119
2020-02-28,26.0,26.299999237060547,25.65999984741211,25.8799991607666,22.63288116455078,3778082
2020-03-02,26.489999771118164,26.989999771118164,26.239999771118164,26.860000610351562,23.48992347717285,3961282
2020-03-03,27.149999618530273,28.139999389648438,27.020000457763672,27.75,24.26825714111328,12085309
2020-03-04,27.700000762939453,28.299999237060547,27.549999237060547,28.149999618530273,24.61806869506836,2280378
2020-03-05,28.290000915527344,28.670000076293945,27.850000381469727,28.06999969482422,24.548107147216797,6763805
2020-03-06,27.65999984741211,27.670000076293945,26.139999389648438,26.420000076293945,23.105131149291992,3330242
2020-03-09,24.200000762939453,25.5,24.0,24.229999542236328,21.189903259277344,6255061
2020-03-10,24.309999465942383,25.389999389648438,23.6200008392334,23.649999618530273,20.682680130004883,2391010
2020-03-11,23.899999618530273,24.18000030517578,22.969999313354492,23.079999923706055,20.18419075012207,6491967
2020-03-12,20.360000610351562,21.899999618530273,19.7450008392334,20.200000762939453,17.665538787841797,9664744
2020-03-13,20.56999969482422,23.75,20.540000915527344,21.18000030517578,18.522584915161133,3214202
2020-03-16,20.030000686645508,20.260000228881836,18.4950008392334,19.485000610351562,17.040250778198242,4676003
2020-03-17,20.0,20.829999923706055,18.454999923706055,19.68000030517578,17.210786819458008,1856816
2020-03-18,19.059999465942383,19.399999618530273,16.450000762939453,17.489999771118164,15.295559883117676,5168124
2020-03-19,17.989999771118164,18.510000228881836,17.600000381469727,18.020000457763672,15.759063720703125,3012012
2020-03-20,17.799999237060547,19.700000762939453,17.799999237060547,18.959999084472656,16.58112335205078,3695404
2020-03-23,18.05500030517578,19.2450008392334,17.350000381469727,18.450000762939453,16.135112762451172,1428563
2020-03-24,18.7549991607666,20.0,18.7549991607666,19.739999771118164,17.26325798034668,1977474
2020-03-25,20.549999237060547,21.399999618530273,20.3700008392334,21.399999618530273,18.71497917175293,1654346
2020-03-26,21.0,22.600000381469727,20.530000686645508,22.520000457763672,19.694456100463867,1363398
2020-03-27,22.350000381469727,22.5,21.440000534057617,22.270000457763672,19.475826263427734,3931454
2020-03-30,22.25,22.420000076293945,20.850000381469727,21.440000534057617,18.749956130981445,3813683
2020-03-31,21.450000762939453,22.049999237060547,21.190000534057617,21.8700008392334,19.12601089477539,1324940
2020-04-01,21.280000686645508,21.459999084472656,20.6299991607666,20.889999389648438,18.268970489501953,1298945
2020-04-02,20.770000457763672,21.3799991607666,20.31999969482422,20.760000228881836,18.15528106689453,950668
2020-04-03,20.600000381469727,20.790000915527344,20.329999923706055,20.360000610351562,17.80546760559082,1717096
2020-04-06,21.0,21.540000915527344,20.670000076293945,21.540000915527344,18.83741569519043,4988783
2020-04-07,21.920000076293945,23.0,21.920000076293945,22.729999542236328,19.87810516357422,1458330
2020-04-08,22.549999237060547,22.920000076293945,22.110000610351562,22.3799991607666,19.572019577026367,1039668
2020-04-09,22.729999542236328,23.309999465942383,22.389999389648438,23.100000381469727,20.20168685913086,1578341
2020-04-14,23.700000762939453,24.31999969482422,23.219999313354492,24.139999389648438,21.11119842529297,1962584
2020-04-15,23.739999771118164,24.049999237060547,23.18000030517578,23.5,20.551496505737305,1683208
2020-04-16,23.75,23.850000381469727,23.290000915527344,23.299999237060547,20.3765869140625,1064536
2020-04-17,23.739999771118164,23.950000762939453,23.360000610351562,23.459999084472656,20.516515731811523,770792
2020-04-20,23.549999237060547,23.56999969482422,22.700000762939453,23.139999389648438,20.236669540405273,939450
2020-04-21,22.84000015258789,23.25,22.649999618530273,22.709999084472656,19.860614776611328,2711573
2020-04-22,22.520000457763672,22.690000534057617,22.18000030517578,22.399999618530273,19.589513778686523,2903088
2020-04-23,22.34000015258789,22.90999984741211,22.34000015258789,22.75,19.895599365234375,572877
2020-04-24,22.299999237060547,22.700000762939453,21.889999389648438,22.0,19.239700317382812,1218152
2020-04-27,22.440000534057617,22.709999084472656,21.770000457763672,21.850000381469727,19.1085205078125,601389
2020-04-28,21.579999923706055,22.489999771118164,21.579999923706055,22.190000534057617,19.40586280822754,998842
2020-04-29,22.360000610351562,22.84000015258789,22.010000228881836,22.84000015258789,19.97430419921875,962506
2020-04-30,22.920000076293945,23.110000610351562,22.6200008392334,22.799999237060547,19.939327239990234,2366987
2020-05-04,21.8799991607666,22.31999969482422,21.579999923706055,21.920000076293945,19.16973876953125,5713359
2020-05-05,22.0,22.739999771118164,21.90999984741211,22.520000457763672,19.694456100463867,5337105
2020-05-06,22.170000076293945,22.709999084472656,22.15999984741211,22.309999465942383,19.510801315307617,1268250
2020-05-07,21.8799991607666,22.360000610351562,21.8799991607666,22.15999984741211,19.379627227783203,597260
2020-05-08,22.850000381469727,23.549999237060547,22.760000228881836,23.5,20.551496505737305,1984592
2020-05-11,23.520000457763672,23.860000610351562,22.75,22.8700008392334,20.00054359436035,3314686
2020-05-12,22.93000030517578,23.81999969482422,22.84000015258789,23.690000534057617,20.7176570892334,2409767
2020-05-13,23.280000686645508,23.829999923706055,23.280000686645508,23.780000686645508,20.796367645263672,1009676
2020-05-14,23.110000610351562,23.600000381469727,22.59000015258789,22.59000015258789,20.01831817626953,1272770
2020-05-15,22.65999984741211,22.81999969482422,22.5,22.600000381469727,20.02718162536621,659241
2020-05-18,22.959999084472656,22.989999771118164,22.690000534057617,22.90999984741211,20.30188751220703,938328
2020-05-19,22.940000534057617,22.940000534057617,22.229999542236328,22.780000686645508,20.186687469482422,1988310
2020-05-20,22.739999771118164,23.079999923706055,22.469999313354492,22.90999984741211,20.30188751220703,1073034
2020-05-21,22.649999618530273,23.18000030517578,22.420000076293945,22.81999969482422,20.222131729125977,1084243
2020-05-22,22.600000381469727,22.899999618530273,22.549999237060547,22.790000915527344,20.195552825927734,3655149
2020-05-25,22.799999237060547,24.1200008392334,22.799999237060547,24.1200008392334,21.3741397857666,1119596
2020-05-26,24.200000762939453,24.780000686645508,23.950000762939453,24.25,21.489343643188477,1903013
2020-05-27,24.360000610351562,24.760000228881836,24.110000610351562,24.219999313354492,21.46275520324707,2549164
2020-05-28,24.25,24.93000030517578,24.170000076293945,24.81999969482422,21.99445152282715,1515780
2020-05-29,24.719999313354492,24.84000015258789,24.420000076293945,24.420000076293945,21.63998794555664,4636415
2020-06-01,24.700000762939453,24.8700008392334,24.440000534057617,24.780000686645508,21.959007263183594,708031
2020-06-02,24.93000030517578,25.520000457763672,24.90999984741211,25.469999313354492,22.570453643798828,1386741
2020-06-03,25.75,26.010000228881836,25.600000381469727,25.93000030517578,22.978090286254883,1749686
2020-06-04,25.610000610351562,26.100000381469727,25.520000457763672,25.649999618530273,22.72996711730957,2005619
2020-06-05,25.799999237060547,26.219999313354492,25.75,26.0,23.040122985839844,3344326
2020-06-08,25.719999313354492,26.260000228881836,25.690000534057617,26.020000457763672,23.057842254638672,2073510
2020-06-09,26.0,26.18000030517578,25.559999465942383,25.81999969482422,22.880605697631836,2306094
2020-06-10,25.729999542236328,26.06999969482422,25.399999618530273,25.489999771118164,22.588176727294922,1800159
2020-06-11,25.079999923706055,25.079999923706055,24.549999237060547,24.6299991607666,21.826080322265625,3108709
2020-06-12,24.549999237060547,24.969999313354492,24.15999984741211,24.600000381469727,21.799495697021484,4544788
2020-06-15,24.079999923706055,25.020000457763672,23.940000534057617,24.81999969482422,21.99445152282715,2122777
2020-06-16,25.510000228881836,26.0,25.420000076293945,25.639999389648438,22.721101760864258,1350313
2020-06-17,25.600000381469727,25.649999618530273,24.979999542236328,25.190000534057617,22.322330474853516,2663013
2020-06-18,25.100000381469727,25.510000228881836,25.020000457763672,25.15999984741211,22.295745849609375,1338447
2020-06-19,25.1200008392334,25.399999618530273,25.09000015258789,25.100000381469727,22.24257469177246,2583704
2020-06-22,24.940000534057617,25.3700008392334,24.760000228881836,25.06999969482422,22.215991973876953,907979
2020-06-23,25.329999923706055,25.5,24.809999465942383,25.1200008392334,22.260303497314453,2514729
2020-06-24,24.920000076293945,25.200000762939453,24.530000686645508,24.530000686645508,21.73746681213379,989150
2020-06-25,24.469999313354492,24.690000534057617,24.1299991607666,24.600000381469727,21.799495697021484,2898919
2020-06-26,24.670000076293945,24.899999618530273,24.209999084472656,24.25,21.489343643188477,1269844
2020-06-29,24.110000610351562,24.40999984741211,23.899999618530273,23.969999313354492,21.24121856689453,1472306
2020-06-30,24.010000228881836,24.149999618530273,23.59000015258789,23.700000762939453,21.001955032348633,1545310
2020-07-01,23.559999465942383,23.790000915527344,23.3799991607666,23.5,20.824722290039062,1223371
2020-07-02,23.68000030517578,24.530000686645508,23.610000610351562,24.200000762939453,21.44503402709961,1417873
2020-07-03,24.209999084472656,24.25,24.0,24.100000381469727,21.35641860961914,2117010
2020-07-06,24.790000915527344,24.790000915527344,24.219999313354492,24.239999771118164,21.48048210144043,678681
2020-07-07,24.030000686645508,24.170000076293945,23.8799991607666,24.079999923706055,21.338693618774414,2016557
2020-07-08,23.979999542236328,23.989999771118164,23.40999984741211,23.40999984741211,20.744970321655273,984658
2020-07-09,23.579999923706055,23.600000381469727,23.100000381469727,23.1200008392334,20.48798179626465,1049298
2020-07-10,23.0,23.31999969482422,22.90999984741211,23.209999084472656,20.567731857299805,741244
2020-07-13,23.40999984741211,23.75,23.079999923706055,23.520000457763672,20.842445373535156,3386311
2020-07-14,23.3799991607666,23.3799991607666,23.010000228881836,23.1299991607666,20.496841430664062,1092464
2020-07-15,23.3799991607666,23.719999313354492,23.309999465942383,23.469999313354492,20.798137664794922,1404262
2020-07-16,23.3799991607666,23.780000686645508,23.329999923706055,23.469999313354492,20.798137664794922,907477
2020-07-17,23.149999618530273,23.399999618530273,22.6200008392334,22.93000030517578,20.319616317749023,1309161
2020-07-20,22.989999771118164,23.010000228881836,22.709999084472656,22.809999465942383,20.213274002075195,1023673
2020-07-21,23.030000686645508,23.559999465942383,23.030000686645508,23.25,20.603181838989258,1176643
2020-07-22,23.219999313354492,23.389999389648438,23.06999969482422,23.350000381469727,20.691801071166992,2459365
2020-07-23,23.40999984741211,23.469999313354492,22.950000762939453,22.989999771118164,20.37278175354004,7283270
2020-07-24,22.899999618530273,22.950000762939453,22.329999923706055,22.399999618530273,19.849950790405273,815066
2020-07-27,22.309999465942383,22.399999618530273,21.889999389648438,22.0,19.495487213134766,1334684
2020-07-28,22.18000030517578,22.459999084472656,21.799999237060547,21.81999969482422,19.335975646972656,4088720
2020-07-29,21.600000381469727,22.1200008392334,21.260000228881836,22.0,19.495487213134766,2989691
2020-07-30,21.889999389648438,21.889999389648438,21.15999984741211,21.290000915527344,18.866313934326172,922630
2020-07-31,21.200000762939453,21.6200008392334,20.739999771118164,20.739999771118164,18.378925323486328,1596630
2020-08-03,20.68000030517578,21.219999313354492,20.579999923706055,21.06999969482422,18.671356201171875,1584955
2020-08-04,21.200000762939453,21.559999465942383,21.1200008392334,21.5,19.052406311035156,2867936
2020-08-05,21.690000534057617,22.110000610351562,21.690000534057617,21.989999771118164,19.486623764038086,2883044
2020-08-06,21.969999313354492,21.969999313354492,21.579999923706055,21.760000228881836,19.28281021118164,811303
2020-08-07,21.670000076293945,22.09000015258789,21.579999923706055,22.020000457763672,19.513212203979492,924304
2020-08-10,22.190000534057617,22.6299991607666,22.020000457763672,22.6299991607666,20.05376434326172,1002149
2020-08-11,22.799999237060547,23.329999923706055,22.690000534057617,22.8700008392334,20.266447067260742,989848
2020-08-12,22.770000457763672,22.940000534057617,22.639999389648438,22.93000030517578,20.319616317749023,726139
2020-08-13,22.799999237060547,23.18000030517578,22.780000686645508,22.84000015258789,20.239858627319336,604036
2020-08-14,22.809999465942383,22.809999465942383,22.350000381469727,22.579999923706055,20.009456634521484,848115
2020-08-17,22.56999969482422,22.6200008392334,22.25,22.610000610351562,20.036039352416992,920073
2020-08-18,22.43000030517578,22.920000076293945,22.649999618530273,22.829999923706055,20.230993270874023,1161346
2020-08-19,22.81999969482422,23.25,22.719999313354492,23.1299991607666,20.496841430664062,2342078
2020-08-20,22.860000610351562,23.100000381469727,22.690000534057617,22.75,20.160104751586914,644072
2020-08-21,22.889999389648438,23.010000228881836,22.3700008392334,22.780000686645508,20.186687469482422,920875
2020-08-24,22.93000030517578,23.260000228881836,22.93000030517578,23.25,20.603181838989258,509672
2020-08-25,23.329999923706055,23.559999465942383,23.190000534057617,23.190000534057617,20.550012588500977,622148
2020-08-26,23.079999923706055,23.280000686645508,22.93000030517578,23.170000076293945,20.53228759765625,314075
2020-08-27,23.06999969482422,23.209999084472656,22.790000915527344,23.079999923706055,20.45253562927246,570720
2020-08-28,23.06999969482422,23.190000534057617,22.889999389648438,23.010000228881836,20.3905086517334,1042945
2020-08-31,23.190000534057617,23.25,22.3799991607666,22.3799991607666,19.832225799560547,775823
2020-09-01,22.600000381469727,22.739999771118164,22.329999923706055,22.440000534057617,19.885395050048828,602011
2020-09-02,22.600000381469727,23.200000762939453,22.600000381469727,23.040000915527344,20.417085647583008,1938047
2020-09-03,23.229999542236328,23.549999237060547,22.93000030517578,23.100000381469727,20.470258712768555,792054
2020-09-04,22.959999084472656,23.299999237060547,22.65999984741211,22.75,20.160104751586914,1608364
2020-09-07,22.790000915527344,23.469999313354492,22.790000915527344,23.350000381469727,20.691801071166992,1773539
2020-09-08,23.350000381469727,23.40999984741211,22.420000076293945,22.6299991607666,20.05376434326172,767413
2020-09-09,22.469999313354492,22.559999465942383,22.049999237060547,22.5,19.938562393188477,1751842
2020-09-10,22.450000762939453,22.520000457763672,21.799999237060547,21.84000015258789,19.353700637817383,1097481
2020-09-11,21.899999618530273,21.90999984741211,21.510000228881836,21.600000381469727,19.141021728515625,1162915
2020-09-14,21.709999084472656,22.06999969482422,21.59000015258789,21.899999618530273,19.406869888305664,960486
2020-09-15,21.829999923706055,22.649999618530273,21.799999237060547,22.350000381469727,19.80564308166504,954465
2020-09-16,22.229999542236328,22.6200008392334,22.219999313354492,22.540000915527344,19.97401237487793,1173914
2020-09-17,22.209999084472656,22.790000915527344,22.110000610351562,22.68000030517578,20.098073959350586,1088717
2020-09-18,22.579999923706055,22.780000686645508,22.329999923706055,22.329999923706055,19.787918090820312,4717602
2020-09-21,22.229999542236328,22.239999771118164,21.510000228881836,21.579999923706055,19.12329864501953,917048
2020-09-22,21.700000762939453,21.84000015258789,21.440000534057617,21.489999771118164,19.043542861938477,806400
2020-09-23,21.670000076293945,22.25,21.610000610351562,21.799999237060547,19.31825065612793,999088
2020-09-24,21.6200008392334,22.110000610351562,21.579999923706055,21.860000610351562,19.371421813964844,1166148
2020-09-25,21.5,21.549999237060547,20.809999465942383,21.0,18.609325408935547,2930384
2020-09-28,21.239999771118164,21.65999984741211,20.969999313354492,21.65999984741211,19.194190979003906,978820
2020-09-29,21.520000457763672,21.520000457763672,21.010000228881836,21.139999389648438,18.733388900756836,1107329
2020-09-30,21.0,21.209999084472656,20.75,20.75,18.38779067993164,3340115
2020-10-01,20.920000076293945,21.059999465942383,20.5,20.5,18.166248321533203,1099397
2020-10-02,20.190000534057617,20.850000381469727,20.100000381469727,20.850000381469727,18.47640037536621,1783791
2020-10-05,21.049999237060547,21.25,20.790000915527344,20.860000610351562,18.48526382446289,1536927
2020-10-06,20.84000015258789,21.200000762939453,20.81999969482422,21.049999237060547,18.653636932373047,1415997
2020-10-07,21.049999237060547,21.350000381469727,20.940000534057617,21.149999618530273,18.74224853515625,2647066
2020-10-08,21.31999969482422,21.559999465942383,21.260000228881836,21.280000686645508,18.857450485229492,720984
2020-10-09,21.350000381469727,21.3799991607666,21.0,21.0,18.609325408935547,1517616
2020-10-12,21.049999237060547,21.1200008392334,20.559999465942383,20.670000076293945,18.316898345947266,1133012
2020-10-13,20.59000015258789,20.799999237060547,20.40999984741211,20.469999313354492,18.139663696289062,1139095
2020-10-14,20.489999771118164,21.06999969482422,20.450000762939453,21.030000686645508,18.635913848876953,2292926
2020-10-15,20.790000915527344,20.799999237060547,20.15999984741211,20.200000762939453,17.90039825439453,2596059
2020-10-16,20.290000915527344,20.639999389648438,20.270000457763672,20.549999237060547,18.210556030273438,676988
2020-10-19,20.549999237060547,20.950000762939453,20.549999237060547,20.68000030517578,18.325754165649414,1242921
2020-10-20,20.639999389648438,21.3700008392334,20.579999923706055,21.209999084472656,18.7954158782959,1067540
2020-10-21,21.309999465942383,21.309999465942383,20.6200008392334,20.700000762939453,18.343481063842773,1005134
2020-10-22,20.600000381469727,20.6200008392334,20.299999237060547,20.440000534057617,18.113079071044922,1181965
2020-10-23,20.360000610351562,20.700000762939453,20.25,20.65999984741211,18.308032989501953,8090672
2020-10-26,20.43000030517578,20.639999389648438,20.280000686645508,20.350000381469727,18.033323287963867,2067992
2020-10-27,20.360000610351562,20.440000534057617,19.969999313354492,20.09000015258789,17.80292320251465,1417511
2020-10-28,19.799999237060547,19.809999465942383,19.139999389648438,19.459999084472656,17.24464225769043,4560762
2020-10-29,19.5,19.639999389648438,18.915000915527344,19.065000534057617,16.894607543945312,1506768
2020-10-30,18.735000610351562,18.760000228881836,18.18000030517578,18.575000762939453,16.46039390563965,1569682
2020-11-02,18.645000457763672,19.06999969482422,18.290000915527344,18.93000030517578,16.774978637695312,1099902
2020-11-03,19.059999465942383,19.774999618530273,19.0049991607666,19.75,17.501628875732422,887816
2020-11-04,19.21500015258789,19.780000686645508,18.90999984741211,19.780000686645508,17.70753288269043,1249764
2020-11-05,19.825000762939453,20.200000762939453,19.80500030517578,20.020000457763672,17.922382354736328,802117
2020-11-06,19.8799991607666,20.059999465942383,19.674999237060547,19.899999618530273,17.814956665039062,815410
2020-11-09,20.149999618530273,23.719999313354492,20.09000015258789,22.610000610351562,20.241016387939453,2999765
2020-11-10,22.5,23.489999771118164,22.299999237060547,23.450000762939453,20.993003845214844,4412371
2020-11-11,23.399999618530273,23.65999984741211,23.059999465942383,23.219999313354492,20.787099838256836,2918382
2020-11-12,23.030000686645508,23.299999237060547,22.719999313354492,22.899999618530273,20.500629425048828,3674184
2020-11-13,22.809999465942383,23.350000381469727,22.760000228881836,23.040000915527344,20.625961303710938,906880
2020-11-16,23.360000610351562,23.989999771118164,23.020000457763672,23.829999923706055,21.333189010620117,5838632
2020-11-17,23.799999237060547,23.8700008392334,23.229999542236328,23.6200008392334,21.145191192626953,5955903
2020-11-18,23.520000457763672,23.8799991607666,23.389999389648438,23.59000015258789,21.118335723876953,1851106
2020-11-19,23.489999771118164,23.489999771118164,23.079999923706055,23.079999923706055,20.66176986694336,2984864
2020-11-20,23.100000381469727,23.530000686645508,23.049999237060547,23.440000534057617,20.984050750732422,1502397
2020-11-23,23.549999237060547,23.969999313354492,23.420000076293945,23.420000076293945,20.966144561767578,721413
2020-11-24,23.549999237060547,23.989999771118164,23.440000534057617,23.649999618530273,21.172046661376953,958088
2020-11-25,23.950000762939453,24.030000686645508,23.389999389648438,23.639999389648438,21.163097381591797,2708459
2020-11-26,23.799999237060547,23.809999465942383,23.440000534057617,23.559999465942383,21.091476440429688,915172
2020-11-27,23.440000534057617,23.610000610351562,23.229999542236328,23.610000610351562,21.136240005493164,783632
2020-11-30,23.5,23.610000610351562,23.280000686645508,23.31999969482422,20.876625061035156,1586616
2020-12-01,23.389999389648438,23.65999984741211,23.329999923706055,23.350000381469727,20.90348243713379,1078674
2020-12-02,23.25,23.649999618530273,23.25,23.600000381469727,21.12728500366211,845282
2020-12-03,23.510000228881836,23.770000457763672,23.399999618530273,23.399999618530273,20.9482421875,1152018
2020-12-04,23.360000610351562,23.719999313354492,23.229999542236328,23.520000457763672,21.0556697845459,1178642
2020-12-07,23.469999313354492,23.65999984741211,23.329999923706055,23.559999465942383,21.091476440429688,4007460
2020-12-08,23.489999771118164,23.530000686645508,23.200000762939453,23.329999923706055,20.885576248168945,554355
2020-12-09,23.399999618530273,23.549999237060547,22.93000030517578,23.040000915527344,20.625961303710938,669073
2020-12-10,23.1200008392334,23.239999771118164,22.790000915527344,23.100000381469727,20.679676055908203,838269
2020-12-11,22.969999313354492,23.059999465942383,22.450000762939453,22.989999771118164,20.58119773864746,877973
2020-12-14,23.200000762939453,23.540000915527344,23.200000762939453,23.290000915527344,20.84976577758789,2686907
2020-12-15,23.309999465942383,23.3700008392334,23.06999969482422,23.219999313354492,20.787099838256836,768331
2020-12-16,23.329999923706055,23.469999313354492,22.940000534057617,23.18000030517578,20.751293182373047,792086
2020-12-17,23.229999542236328,23.6299991607666,23.040000915527344,23.549999237060547,21.0825252532959,3046201
2020-12-18,23.360000610351562,23.399999618530273,22.709999084472656,22.84000015258789,20.446918487548828,2189676
2020-12-21,22.389999389648438,22.479999542236328,21.799999237060547,22.06999969482422,19.757593154907227,1942067
2020-12-22,22.25,22.43000030517578,22.030000686645508,22.43000030517578,20.07987403869629,708599
2020-12-23,22.3799991607666,22.68000030517578,22.360000610351562,22.579999923706055,20.214160919189453,1104642
2020-12-24,22.6200008392334,22.719999313354492,22.450000762939453,22.520000457763672,20.160444259643555,312343
2020-12-28,22.600000381469727,23.40999984741211,22.600000381469727,22.920000076293945,20.518537521362305,722120
2020-12-29,23.0,23.1299991607666,22.809999465942383,22.850000381469727,20.455867767333984,659459
2020-12-30,22.8799991607666,22.8799991607666,22.68000030517578,22.729999542236328,20.348438262939453,1073163
2020-12-31,22.6299991607666,22.809999465942383,22.469999313354492,22.600000381469727,20.232059478759766,3841006
2021-01-04,22.920000076293945,23.270000457763672,22.1200008392334,22.209999084472656,19.882923126220703,1444435
2021-01-05,21.979999542236328,22.260000228881836,21.850000381469727,21.889999389648438,19.59645652770996,1112494
2021-01-06,22.079999923706055,22.260000228881836,21.8700008392334,22.1200008392334,19.802356719970703,1317688
2021-01-07,22.219999313354492,22.219999313354492,21.540000915527344,21.81999969482422,19.533784866333008,1336634
2021-01-08,21.959999084472656,22.389999389648438,21.93000030517578,22.229999542236328,19.900829315185547,3014193
2021-01-11,22.139999389648438,22.18000030517578,21.549999237060547,21.68000030517578,19.40845489501953,1886086
2021-01-12,21.690000534057617,21.8799991607666,21.600000381469727,21.719999313354492,19.444263458251953,756369
2021-01-13,21.690000534057617,21.739999771118164,21.049999237060547,21.049999237060547,18.84446144104004,1423949
2021-01-14,21.049999237060547,21.1299991607666,20.670000076293945,21.020000457763672,18.817609786987305,1683886
2021-01-15,20.889999389648438,20.940000534057617,20.520000457763672,20.649999618530273,18.486371994018555,2225430
2021-01-18,20.600000381469727,20.90999984741211,20.479999542236328,20.809999465942383,18.629613876342773,612588
2021-01-19,21.0,21.360000610351562,20.93000030517578,20.979999542236328,18.781803131103516,2071354
2021-01-20,20.889999389648438,21.1299991607666,20.760000228881836,20.90999984741211,18.719133377075195,1287907
2021-01-21,20.90999984741211,21.100000381469727,20.34000015258789,20.3799991607666,18.244665145874023,4273031
2021-01-22,20.239999771118164,20.299999237060547,19.969999313354492,20.18000030517578,18.06562042236328,707504
2021-01-25,20.280000686645508,20.399999618530273,20.030000686645508,20.170000076293945,18.056669235229492,1018787
2021-01-26,20.0,20.260000228881836,19.90999984741211,20.149999618530273,18.03876495361328,712915
2021-01-27,20.1200008392334,20.639999389648438,19.954999923706055,20.1299991607666,18.020856857299805,4755525
2021-01-28,19.920000076293945,20.959999084472656,19.80500030517578,20.780000686645508,18.602758407592773,4514122
2021-01-29,20.479999542236328,20.479999542236328,19.80500030517578,19.80500030517578,17.729909896850586,1482700
2021-02-01,20.0,20.209999084472656,19.84000015258789,20.170000076293945,18.056669235229492,1668462
2021-02-02,20.260000228881836,20.899999618530273,20.139999389648438,20.899999618530273,18.710180282592773,2633872
2021-02-03,21.0,21.030000686645508,20.549999237060547,20.670000076293945,18.504281997680664,796470
2021-02-04,20.639999389648438,21.0,20.59000015258789,20.899999618530273,18.710180282592773,816121
2021-02-05,21.020000457763672,21.6299991607666,21.010000228881836,21.530000686645508,19.2741756439209,1191161
2021-02-08,21.559999465942383,21.950000762939453,21.440000534057617,21.950000762939453,19.65016746520996,1242343
2021-02-09,21.8700008392334,21.899999618530273,21.0,21.049999237060547,18.84446144104004,1106829
2021-02-10,21.049999237060547,21.15999984741211,20.780000686645508,20.84000015258789,18.65646743774414,947503
2021-02-11,20.81999969482422,21.0,20.760000228881836,20.850000381469727,18.66541862487793,691286
2021-02-12,20.709999084472656,20.719999313354492,20.34000015258789,20.549999237060547,18.396852493286133,930181
2021-02-15,20.670000076293945,20.770000457763672,20.31999969482422,20.579999923706055,18.423709869384766,655423
2021-02-16,20.610000610351562,20.649999618530273,20.25,20.309999465942383,18.181997299194336,695058
2021-02-17,20.299999237060547,20.399999618530273,20.079999923706055,20.079999923706055,17.97609519958496,3255783
2021-02-18,20.059999465942383,20.149999618530273,19.959999084472656,20.040000915527344,17.940292358398438,1119885
2021-02-19,20.040000915527344,20.3799991607666,19.985000610351562,20.260000228881836,18.137239456176758,1341122
2021-02-22,20.110000610351562,20.510000228881836,19.9950008392334,20.5,18.352092742919922,3674319
2021-02-23,20.510000228881836,21.440000534057617,20.5,21.309999465942383,19.077220916748047,1273618
2021-02-24,21.34000015258789,21.84000015258789,21.15999984741211,21.520000457763672,19.265220642089844,1723855
2021-02-25,21.530000686645508,21.770000457763672,21.3799991607666,21.3799991607666,19.139890670776367,1014812
2021-02-26,20.739999771118164,21.649999618530273,20.639999389648438,20.639999389648438,18.47742462158203,1520709
2021-03-01,20.799999237060547,21.479999542236328,20.639999389648438,21.469999313354492,19.220455169677734,905465
2021-03-02,21.6200008392334,21.6299991607666,21.030000686645508,21.030000686645508,18.82655906677246,1203824
2021-03-03,21.06999969482422,21.420000076293945,20.780000686645508,20.850000381469727,18.66541862487793,1167511
2021-03-04,20.799999237060547,21.510000228881836,20.799999237060547,21.360000610351562,19.121984481811523,903227
2021-03-05,21.270000457763672,21.3700008392334,20.75,20.75,18.57590103149414,1049340
2021-03-08,20.940000534057617,21.600000381469727,20.940000534057617,21.600000381469727,19.336835861206055,1171535
2021-03-09,21.719999313354492,22.559999465942383,21.700000762939453,22.25,19.918733596801758,1451049
2021-03-10,22.559999465942383,22.610000610351562,22.239999771118164,22.34000015258789,19.99930191040039,1241783
2021-03-11,22.260000228881836,22.459999084472656,21.84000015258789,22.049999237060547,19.73969078063965,1107691
2021-03-12,22.25,22.549999237060547,22.020000457763672,22.5,20.142541885375977,1256257
2021-03-15,22.719999313354492,22.81999969482422,22.360000610351562,22.469999313354492,20.11568260192871,1049924
2021-03-16,22.56999969482422,22.719999313354492,22.309999465942383,22.469999313354492,20.11568260192871,969143
2021-03-17,22.3799991607666,22.389999389648438,22.06999969482422,22.079999923706055,19.766544342041016,932265
2021-03-18,22.1200008392334,22.1200008392334,21.6299991607666,21.6299991607666,19.36369514465332,5234872
2021-03-19,21.549999237060547,21.600000381469727,20.969999313354492,21.010000228881836,18.808658599853516,2683918
2021-03-22,21.010000228881836,21.100000381469727,20.559999465942383,21.06999969482422,18.86237335205078,1576012
2021-03-23,20.93000030517578,21.239999771118164,20.739999771118164,21.06999969482422,18.86237335205078,1744824
2021-03-24,21.719999313354492,21.829999923706055,20.920000076293945,21.739999771118164,19.462169647216797,1817607
2021-03-25,21.670000076293945,21.670000076293945,21.18000030517578,21.56999969482422,19.309978485107422,716383
2021-03-26,21.709999084472656,21.860000610351562,21.5,21.719999313354492,19.444263458251953,691539
2021-03-29,21.729999542236328,22.1299991607666,21.639999389648438,22.1299991607666,19.811307907104492,929293
2021-03-30,22.219999313354492,22.34000015258789,22.0,22.200000762939453,19.873971939086914,1038824
2021-03-31,22.15999984741211,22.459999084472656,22.079999923706055,22.229999542236328,19.900829315185547,1088606
2021-04-01,22.239999771118164,22.649999618530273,22.200000762939453,22.530000686645508,20.169401168823242,764849
2021-04-06,22.649999618530273,22.700000762939453,21.959999084472656,22.06999969482422,19.757593154907227,919226
2021-04-07,22.139999389648438,22.299999237060547,22.010000228881836,22.079999923706055,19.766544342041016,692187
2021-04-08,22.1299991607666,22.459999084472656,21.920000076293945,22.399999618530273,20.05301856994629,1022714
2021-04-09,22.399999618530273,22.440000534057617,22.06999969482422,22.260000228881836,19.927684783935547,777276
2021-04-12,22.34000015258789,22.34000015258789,22.010000228881836,22.09000015258789,19.775497436523438,770442
2021-04-13,21.979999542236328,22.239999771118164,21.920000076293945,22.15999984741211,19.838163375854492,461777
2021-04-14,22.399999618530273,22.489999771118164,22.190000534057617,22.450000762939453,20.097780227661133,661407
2021-04-15,22.5,22.549999237060547,22.15999984741211,22.15999984741211,19.838163375854492,667649
2021-04-16,22.209999084472656,22.290000915527344,22.040000915527344,22.290000915527344,19.954544067382812,1145189
2021-04-19,22.219999313354492,22.799999237060547,22.209999084472656,22.65999984741211,20.285778045654297,4652010
2021-04-20,22.6200008392334,22.65999984741211,21.790000915527344,21.799999237060547,19.51588249206543,3116232
2021-04-21,21.860000610351562,22.239999771118164,21.829999923706055,22.1299991607666,19.811307907104492,614961
2021-04-22,22.290000915527344,22.309999465942383,22.030000686645508,22.309999465942383,19.972450256347656,670749
2021-04-23,22.26000022888184,22.39999961853028,22.0,22.239999771118164,19.90978240966797,656296
2021-04-26,22.200000762939453,22.65999984741211,22.170000076293945,22.6200008392334,20.24996757507324,2569851
2021-04-27,22.780000686645508,22.940000534057617,22.559999465942383,22.89999961853028,20.50062561035156,858956
2021-04-28,23.0,23.1299991607666,22.76000022888184,23.030000686645508,20.61700820922852,623052
2021-04-29,23.11000061035156,23.549999237060547,23.11000061035156,23.290000915527344,20.849767684936523,1484556
2021-04-30,23.39999961853028,23.809999465942383,23.350000381469727,23.63999938964844,21.16309356689453,1261074
2021-05-03,23.700000762939453,23.959999084472656,23.51000022888184,23.76000022888184,21.270526885986328,556479
2021-05-04,23.770000457763672,24.770000457763672,23.770000457763672,24.209999084472656,21.67337417602539,1717723
2021-05-05,24.14999961853028,24.31999969482422,23.96999931335449,24.049999237060547,21.53013610839844,830708
2021-05-06,24.280000686645508,24.559999465942383,24.07999992370605,24.34000015258789,21.789751052856445,2324827
2021-05-07,24.709999084472656,25.270000457763672,24.700000762939453,24.96999931335449,22.35373878479004,3232562
2021-05-10,25.040000915527344,25.100000381469727,24.46999931335449,24.68000030517578,22.094127655029297,10224067
2021-05-11,24.51000022888184,24.850000381469727,24.3700008392334,24.65999984741211,22.076221466064453,867725
2021-05-12,24.65999984741211,24.950000762939453,24.46999931335449,24.81999969482422,22.21945571899414,715542
2021-05-13,24.43000030517578,24.43000030517578,23.75,24.31999969482422,21.94603729248047,760540
2021-05-14,24.51000022888184,24.65999984741211,24.290000915527344,24.65999984741211,22.25284576416016,793909
2021-05-17,24.75,24.850000381469727,24.57999992370605,24.600000381469727,22.198705673217773,560478
2021-05-18,24.690000534057617,24.809999465942383,24.1200008392334,24.13999938964844,21.783605575561523,1013889
2021-05-19,24.049999237060547,24.06999969482422,23.530000686645508,23.809999465942383,21.48581886291504,3653035
2021-05-20,24.040000915527344,24.100000381469727,23.700000762939453,24.020000457763672,21.67531967163086,2798186
2021-05-21,24.059999465942383,24.350000381469727,23.959999084472656,24.200000762939453,21.83774948120117,5023776
2021-05-24,24.200000762939453,24.6299991607666,24.200000762939453,24.420000076293945,22.03627586364746,3682426
2021-05-25,24.46999931335449,24.520000457763672,24.229999542236328,24.229999542236328,21.86482048034668,3315981
2021-05-26,24.32999992370605,24.36000061035156,24.07999992370605,24.15999984741211,21.801654815673828,1108330
2021-05-27,24.100000381469727,24.290000915527344,23.82999992370605,23.82999992370605,21.503868103027344,2797161
2021-05-28,24.049999237060547,24.15999984741211,23.93000030517578,23.96999931335449,21.63020133972168,1717609
2021-05-31,23.979999542236328,24.280000686645508,23.940000534057617,24.030000686645508,21.684345245361328,679160
2021-06-01,24.200000762939453,24.32999992370605,24.06999969482422,24.200000762939453,21.83774948120117,727387
2021-06-02,24.549999237060547,24.86000061035156,24.459999084472656,24.59000015258789,22.189682006835938,1638699
2021-06-03,24.559999465942383,24.63999938964844,24.229999542236328,24.36000061035156,21.98213005065918,856536
2021-06-04,24.3700008392334,24.520000457763672,24.31999969482422,24.39999961853028,22.018224716186523,2348289
2021-06-07,24.459999084472656,24.68000030517578,24.229999542236328,24.540000915527344,22.14456367492676,603414
2021-06-08,24.540000915527344,25.020000457763672,24.5,24.850000381469727,22.424301147460938,628711
2021-06-09,24.950000762939453,25.309999465942383,24.770000457763672,25.25,22.78525733947754,781939
2021-06-10,25.36000061035156,25.420000076293945,24.90999984741211,24.959999084472656,22.52356338500977,639660
2021-06-11,24.950000762939453,25.39999961853028,24.950000762939453,25.26000022888184,22.794279098510746,714307
2021-06-14,25.31999969482422,25.450000762939453,25.1299991607666,25.34000015258789,22.8664665222168,755671
2021-06-15,25.5,25.520000457763672,25.299999237060547,25.3700008392334,22.89354515075684,590763
2021-06-16,25.39999961853028,25.51000022888184,25.18000030517578,25.18000030517578,22.722087860107425,846359
2021-06-17,25.049999237060547,25.459999084472656,24.959999084472656,25.459999084472656,22.974754333496094,799161
2021-06-18,25.31999969482422,25.38999938964844,24.76000022888184,24.90999984741211,22.47844314575196,2374276
2021-06-21,24.690000534057617,25.11000061035156,24.559999465942383,25.07999992370605,22.631851196289062,2379338
2021-06-22,25.030000686645508,25.1200008392334,24.61000061035156,24.729999542236328,22.31601524353028,930845
2021-06-23,24.850000381469727,25.239999771118164,24.75,24.81999969482422,22.397226333618164,630658
2021-06-24,24.96999931335449,25.5,24.86000061035156,25.3700008392334,22.89354515075684,986299
2021-06-25,25.5,25.76000022888184,25.36000061035156,25.59000015258789,23.09206771850586,1652685
2021-06-28,25.670000076293945,25.68000030517578,24.88999938964844,25.170000076293945,22.71306037902832,1080267
2021-06-29,25.13999938964844,25.34000015258789,24.959999084472656,24.959999084472656,22.52356338500977,915512
2021-06-30,24.89999961853028,25.100000381469727,24.6200008392334,24.75,22.334060668945312,1353053
2021-07-01,24.89999961853028,25.40999984741211,24.84000015258789,25.350000381469727,22.8754940032959,831483
2021-07-02,25.34000015258789,25.489999771118164,25.229999542236328,25.450000762939453,22.965734481811523,1258488
2021-07-05,25.3700008392334,25.559999465942383,24.940000534057617,25.520000457763672,23.02890014648437,662636
2021-07-06,25.450000762939453,25.82999992370605,25.3799991607666,25.540000915527344,23.04694557189941,676729
2021-07-07,25.559999465942383,26.030000686645508,25.559999465942383,25.64999961853028,23.14620780944824,828664
2021-07-08,25.6299991607666,25.6299991607666,25.13999938964844,25.36000061035156,22.88451766967773,758318
2021-07-09,25.39999961853028,25.63999938964844,25.280000686645508,25.459999084472656,22.974754333496094,1074384
2021-07-12,25.56999969482422,25.690000534057617,25.13999938964844,25.440000534057617,22.956710815429688,657543
2021-07-13,25.450000762939453,25.530000686645508,25.11000061035156,25.309999465942383,22.839399337768555,782826
2021-07-14,25.209999084472656,25.25,24.89999961853028,25.100000381469727,22.64989852905273,1227731
2021-07-15,24.950000762939453,25.020000457763672,24.3700008392334,24.559999465942383,22.1626091003418,935072
2021-07-16,24.68000030517578,25.1200008392334,24.5,24.780000686645508,22.36113548278809,1189982
2021-07-19,24.3700008392334,24.600000381469727,23.64999961853028,23.75,21.431676864624023,1283173
2021-07-20,23.940000534057617,24.01000022888184,23.61000061035156,23.86000061035156,21.53094291687012,960692
2021-07-21,24.020000457763672,24.450000762939453,23.989999771118164,24.3700008392334,21.99115753173828,1159144
2021-07-22,24.34000015258789,24.670000076293945,24.34000015258789,24.39999961853028,22.018224716186523,1019453
2021-07-23,24.520000457763672,24.780000686645508,24.51000022888184,24.600000381469727,22.198705673217773,615017
2021-07-26,24.36000061035156,24.88999938964844,24.34000015258789,24.729999542236328,22.31601524353028,542275
2021-07-27,24.700000762939453,25.36000061035156,24.479999542236328,24.540000915527344,22.14456367492676,827842
2021-07-28,25.21999931335449,25.459999084472656,24.670000076293945,25.39999961853028,22.920616149902344,1143775
2021-07-29,25.459999084472656,25.6299991607666,25.170000076293945,25.38999938964844,22.91158866882324,661851
2021-07-30,25.239999771118164,25.420000076293945,24.89999961853028,25.0,22.55965614318848,897460
2021-08-02,25.1299991607666,25.31999969482422,24.959999084472656,25.18000030517578,22.722087860107425,732375
2021-08-03,25.21999931335449,25.21999931335449,24.8700008392334,24.88999938964844,22.46039581298828,631636
2021-08-04,25.0,25.01000022888184,24.729999542236328,24.81999969482422,22.397226333618164,443932
2021-08-05,24.780000686645508,25.13999938964844,24.709999084472656,25.1200008392334,22.667945861816406,508074
2021-08-06,25.14999961853028,25.190000534057617,24.729999542236328,25.06999969482422,22.6228256225586,573624
2021-08-09,24.90999984741211,24.979999542236328,24.65999984741211,24.65999984741211,22.25284576416016,1326708
2021-08-10,24.6200008392334,24.790000915527344,24.530000686645508,24.65999984741211,22.25284576416016,469617
2021-08-11,24.63999938964844,25.18000030517578,24.63999938964844,25.14999961853028,22.69501686096192,481974
2021-08-12,25.1299991607666,25.32999992370605,25.11000061035156,25.190000534057617,22.73111343383789,494479
2021-08-13,25.229999542236328,25.299999237060547,25.09000015258789,25.18000030517578,22.722087860107425,660003
2021-08-16,24.979999542236328,25.01000022888184,24.780000686645508,24.89999961853028,22.46941947937012,579364
2021-08-17,24.780000686645508,24.950000762939453,24.61000061035156,24.81999969482422,22.397226333618164,887069
2021-08-18,24.75,25.100000381469727,24.700000762939453,25.0,22.55965614318848,585377
2021-08-19,24.670000076293945,25.059999465942383,24.479999542236328,24.82999992370605,22.40625190734864,607754
2021-08-20,24.770000457763672,24.770000457763672,24.530000686645508,24.64999961853028,22.24382400512696,557824
2021-08-23,24.739999771118164,24.940000534057617,24.71999931335449,24.82999992370605,22.40625190734864,425157
2021-08-24,24.850000381469727,24.96999931335449,24.68000030517578,24.850000381469727,22.424301147460938,586882
2021-08-25,24.940000534057617,25.049999237060547,24.81999969482422,24.89999961853028,22.46941947937012,565237
2021-08-26,24.76000022888184,24.81999969482422,24.43000030517578,24.51000022888184,22.117488861083984,610600
2021-08-27,24.559999465942383,24.559999465942383,24.31999969482422,24.459999084472656,22.07236862182617,603991
2021-08-30,24.489999771118164,24.5,24.350000381469727,24.350000381469727,21.973106384277344,491140
2021-08-31,24.3700008392334,24.540000915527344,24.280000686645508,24.520000457763672,22.12651634216309,1236029
2021-09-01,24.959999084472656,25.61000061035156,24.8700008392334,25.43000030517578,22.94768524169922,794320
2021-09-02,25.39999961853028,25.71999931335449,25.3700008392334,25.43000030517578,22.94768524169922,615439
2021-09-03,25.3700008392334,25.600000381469727,24.90999984741211,24.93000030517578,22.496490478515625,990877
2021-09-06,25.0,25.01000022888184,24.76000022888184,24.790000915527344,22.37015914916992,364967
2021-09-07,24.690000534057617,25.01000022888184,24.690000534057617,24.950000762939453,22.51454162597656,1092417
2021-09-08,24.89999961853028,25.40999984741211,24.68000030517578,25.309999465942383,22.839399337768555,883782
2021-09-09,25.11000061035156,25.200000762939453,24.8700008392334,25.01000022888184,22.56868362426757,911499
2021-09-10,25.040000915527344,25.049999237060547,24.450000762939453,24.520000457763672,22.12651634216309,823847
2021-09-13,24.600000381469727,25.07999992370605,24.600000381469727,24.90999984741211,22.47844314575196,652387
2021-09-14,24.84000015258789,25.030000686645508,24.780000686645508,24.920000076293945,22.48746681213379,566280
2021-09-15,24.8799991607666,25.06999969482422,24.3700008392334,24.3700008392334,21.99115753173828,577941
2021-09-16,24.46999931335449,25.040000915527344,24.459999084472656,24.780000686645508,22.36113548278809,983096
2021-09-17,24.850000381469727,25.049999237060547,24.479999542236328,24.479999542236328,22.09041786193848,1506512
2021-09-20,24.11000061035156,24.86000061035156,23.8799991607666,24.780000686645508,22.36113548278809,1170982
2021-09-21,24.93000030517578,25.25,24.8700008392334,25.25,22.78525733947754,531236
2021-09-22,25.479999542236328,25.56999969482422,25.15999984741211,25.290000915527344,22.821352005004883,1789299
2021-09-23,25.39999961853028,25.559999465942383,25.270000457763672,25.31999969482422,22.84842109680176,433453
2021-09-24,25.26000022888184,25.770000457763672,25.21999931335449,25.68000030517578,23.17327880859375,693787
2021-09-27,25.90999984741211,26.690000534057617,25.850000381469727,26.420000076293945,23.841047286987305,1103554
2021-09-28,26.3799991607666,26.440000534057617,25.299999237060547,25.36000061035156,22.88451766967773,1026078
2021-09-29,25.489999771118164,25.65999984741211,25.40999984741211,25.5,23.010852813720703,657110
2021-09-30,25.75,25.89999961853028,25.040000915527344,25.229999542236328,22.767208099365234,1092119
2021-10-01,24.739999771118164,25.43000030517578,24.34000015258789,25.43000030517578,22.94768524169922,912841
2021-10-04,25.420000076293945,25.940000534057617,25.39999961853028,25.82999992370605,23.308637619018555,1162222
2021-10-05,25.82999992370605,26.040000915527344,25.63999938964844,26.01000022888184,23.471067428588867,1783193
2021-10-06,25.68000030517578,25.729999542236328,25.13999938964844,25.46999931335449,22.983781814575195,746628
2021-10-07,25.549999237060547,26.170000076293945,25.549999237060547,26.049999237060547,23.507164001464844,548172
2021-10-08,25.93000030517578,26.25,25.8700008392334,26.1200008392334,23.57033348083496,712920
2021-10-11,25.89999961853028,26.200000762939453,25.88999938964844,26.190000534057617,23.63349723815918,1839630
2021-10-12,25.920000076293945,26.14999961853028,25.43000030517578,26.059999465942383,23.51618766784668,793314
2021-10-13,26.020000457763672,26.100000381469727,25.76000022888184,26.07999992370605,23.534238815307617,506165
2021-10-14,26.290000915527344,26.549999237060547,25.780000686645508,26.15999984741211,23.606426239013672,538175
2021-10-15,26.299999237060547,26.709999084472656,26.21999931335449,26.700000762939453,24.093713760375977,918662
2021-10-18,26.690000534057617,26.690000534057617,25.96999931335449,26.34000015258789,23.768856048583984,660902
2021-10-19,26.299999237060547,26.670000076293945,26.209999084472656,26.57999992370605,23.98542594909668,501027
2021-10-20,26.209999084472656,27.0,26.200000762939453,26.84000015258789,24.22005271911621,707927
2021-10-21,26.729999542236328,27.100000381469727,26.65999984741211,26.81999969482422,24.20200157165528,595250
2021-10-22,26.799999237060547,27.229999542236328,26.770000457763672,27.18000030517578,24.52686309814453,756678
2021-10-25,27.18000030517578,27.190000534057617,26.84000015258789,27.14999961853028,24.499792098999023,994007
2021-10-26,27.100000381469727,27.59000015258789,26.950000762939453,27.280000686645508,24.617101669311523,937154
2021-10-27,27.25,27.479999542236328,27.229999542236328,27.290000915527344,24.626121520996094,6202604
2021-10-28,27.200000762939453,27.729999542236328,27.06999969482422,27.729999542236328,25.023176193237305,10894011
2021-10-29,27.15999984741211,27.40999984741211,26.450000762939453,27.26000022888184,24.59905433654785,1623216
2021-11-01,27.09000015258789,28.06999969482422,27.09000015258789,27.75,25.041221618652344,742556
2021-11-02,27.71999931335449,27.82999992370605,27.479999542236328,27.670000076293945,24.96902847290039,943033
2021-11-03,27.18000030517578,27.209999084472656,26.739999771118164,26.81999969482422,24.47174644470215,719073
2021-11-04,27.030000686645508,27.229999542236328,26.82999992370605,27.040000915527344,24.672487258911133,901072
2021-11-05,27.059999465942383,27.59000015258789,26.88999938964844,27.39999961853028,25.000965118408203,2131224
2021-11-08,27.5,27.600000381469727,27.01000022888184,27.32999992370605,24.93709754943848,681001
2021-11-09,27.209999084472656,27.40999984741211,26.8700008392334,26.8700008392334,24.517372131347656,1335688
2021-11-10,26.8700008392334,27.01000022888184,26.64999961853028,26.799999237060547,24.453500747680664,1580530
2021-11-11,26.729999542236328,27.09000015258789,26.350000381469727,26.39999961853028,24.08852195739746,5156141
2021-11-12,26.40999984741211,26.450000762939453,26.200000762939453,26.350000381469727,24.042898178100582,6693407
2021-11-15,26.3700008392334,26.920000076293945,26.18000030517578,26.920000076293945,24.5629940032959,1241309
2021-11-16,26.65999984741211,27.01000022888184,26.600000381469727,26.799999237060547,24.453500747680664,679166
2021-11-17,26.940000534057617,27.030000686645508,26.6299991607666,26.670000076293945,24.334880828857425,1444857
2021-11-18,26.57999992370605,26.57999992370605,26.1200008392334,26.420000076293945,24.10677146911621,766034
2021-11-19,26.3700008392334,26.459999084472656,25.780000686645508,25.979999542236328,23.705293655395508,1399928
2021-11-22,26.100000381469727,26.540000915527344,25.89999961853028,26.39999961853028,24.08852195739746,1027643
2021-11-23,26.18000030517578,26.68000030517578,26.040000915527344,26.3700008392334,24.061147689819336,828898
2021-11-24,26.420000076293945,26.76000022888184,26.36000061035156,26.6200008392334,24.289257049560547,945873
2021-11-25,26.68000030517578,27.270000457763672,26.65999984741211,27.1299991607666,24.75460433959961,2592850
2021-11-26,26.31999969482422,26.31999969482422,24.770000457763672,24.770000457763672,22.601238250732425,1972290
2021-11-29,25.170000076293945,25.540000915527344,24.8799991607666,25.100000381469727,22.90234565734864,1490354
2021-11-30,24.700000762939453,25.14999961853028,24.420000076293945,24.559999465942383,22.409624099731445,2451908
2021-12-01,24.559999465942383,25.520000457763672,24.549999237060547,25.43000030517578,23.20344924926757,1177245
2021-12-02,25.07999992370605,25.8799991607666,25.07999992370605,25.600000381469727,23.35856819152832,1263225
2021-12-03,25.89999961853028,25.959999084472656,25.34000015258789,25.39999961853028,23.17607688903809,2519995
2021-12-06,25.729999542236328,25.979999542236328,25.68000030517578,25.790000915527344,23.53192710876465,1301047
2021-12-07,26.0,26.420000076293945,25.799999237060547,26.280000686645508,23.979028701782227,1049300
2021-12-08,26.25,26.43000030517578,25.88999938964844,25.88999938964844,23.62317657470703,2261604
2021-12-09,25.96999931335449,25.979999542236328,25.709999084472656,25.71999931335449,23.46805953979492,736618
2021-12-10,25.600000381469727,25.790000915527344,25.489999771118164,25.489999771118164,23.258197784423828,431033
2021-12-13,25.81999969482422,25.86000061035156,25.290000915527344,25.40999984741211,23.18520164489746,710214
2021-12-14,25.56999969482422,25.8799991607666,25.51000022888184,25.709999084472656,23.458934783935547,2428301
2021-12-15,25.770000457763672,25.770000457763672,25.299999237060547,25.299999237060547,23.0848331451416,1114902
2021-12-16,25.71999931335449,25.780000686645508,25.450000762939453,25.71999931335449,23.46805953979492,1427360
2021-12-17,25.6299991607666,25.86000061035156,25.459999084472656,25.690000534057617,23.440683364868164,2836680
2021-12-20,24.950000762939453,25.71999931335449,24.71999931335449,25.600000381469727,23.35856819152832,899862
2021-12-21,25.89999961853028,26.0,25.61000061035156,25.86000061035156,23.595802307128903,1887214
2021-12-22,25.96999931335449,26.59000015258789,25.86000061035156,26.530000686645508,24.20713996887207,809777
2021-12-23,26.56999969482422,27.049999237060547,26.56999969482422,26.93000030517578,24.57211685180664,584774
2021-12-27,26.670000076293945,27.270000457763672,26.65999984741211,27.270000457763672,24.8823471069336,592953
2021-12-28,27.229999542236328,27.61000061035156,27.190000534057617,27.38999938964844,24.99183654785156,498821
2021-12-29,27.39999961853028,27.489999771118164,27.209999084472656,27.34000015258789,24.94622039794922,345057
2021-12-30,27.3700008392334,27.6299991607666,27.270000457763672,27.559999465942383,25.14695167541504,678390
2022-01-03,27.559999465942383,27.950000762939453,27.540000915527344,27.71999931335449,25.292945861816406,656013
2022-01-04,27.96999931335449,27.96999931335449,27.34000015258789,27.61000061035156,25.19257926940918,884121
2022-01-05,27.5,27.65999984741211,27.229999542236328,27.299999237060547,24.90971946716309,2378666
2022-01-06,26.86000061035156,27.32999992370605,26.75,27.32999992370605,24.93709754943848,1981142
2022-01-07,26.65999984741211,27.030000686645508,26.32999992370605,26.6200008392334,24.289257049560547,1202395
2022-01-10,26.729999542236328,27.209999084472656,26.6299991607666,26.84000015258789,24.489999771118164,1114546
2022-01-11,26.8700008392334,27.06999969482422,26.809999465942383,26.920000076293945,24.5629940032959,698629
2022-01-12,27.040000915527344,27.100000381469727,26.57999992370605,26.75,24.40787696838379,847307
2022-01-13,26.39999961853028,26.5,26.14999961853028,26.5,24.179765701293945,1252248
2022-01-14,26.450000762939453,26.61000061035156,26.290000915527344,26.43000030517578,24.11589431762696,2139347
2022-01-17,26.68000030517578,26.709999084472656,26.38999938964844,26.670000076293945,24.334880828857425,1651573
2022-01-18,26.59000015258789,26.64999961853028,26.290000915527344,26.34000015258789,24.03377723693848,2455159
2022-01-19,26.07999992370605,26.530000686645508,25.979999542236328,26.030000686645508,23.75091552734375,1168446
2022-01-20,26.0,26.31999969482422,26.0,26.030000686645508,23.75091552734375,819747
2022-01-21,25.89999961853028,25.93000030517578,25.520000457763672,25.670000076293945,23.42243766784668,1214433
2022-01-24,25.559999465942383,25.57999992370605,24.700000762939453,24.709999084472656,22.54649353027344,1701190
2022-01-25,24.809999465942383,25.040000915527344,24.270000457763672,24.479999542236328,22.33662796020508,1225560
2022-01-26,24.61000061035156,25.1200008392334,24.5,24.5,22.354875564575195,839731
2022-01-27,24.06999969482422,24.63999938964844,23.799999237060547,24.479999542236328,22.33662796020508,2094662
2022-01-28,24.489999771118164,24.63999938964844,23.93000030517578,24.18000030517578,22.062894821166992,924492
2022-01-31,24.450000762939453,24.670000076293945,24.350000381469727,24.56999969482422,22.418746948242188,1185683
2022-02-01,24.729999542236328,25.280000686645508,24.65999984741211,25.14999961853028,22.947969436645508,1054107
2022-02-02,25.309999465942383,25.46999931335449,25.14999961853028,25.15999984741211,22.957090377807617,1033629
2022-02-03,25.239999771118164,25.3799991607666,24.520000457763672,24.76000022888184,22.592117309570312,1382838
2022-02-04,25.059999465942383,25.13999938964844,24.01000022888184,24.11000061035156,21.999027252197266,975551
2022-02-07,24.229999542236328,24.38999938964844,23.600000381469727,23.600000381469727,21.533676147460938,1896938
2022-02-08,23.5,24.1200008392334,23.46999931335449,24.1200008392334,22.008150100708008,1500625
2022-02-09,24.270000457763672,24.88999938964844,24.270000457763672,24.739999771118164,22.573863983154297,825884
2022-02-10,24.86000061035156,25.07999992370605,24.36000061035156,24.520000457763672,22.37312698364257,796020
2022-02-11,24.299999237060547,24.5,23.84000015258789,24.459999084472656,22.31838035583496,809556
2022-02-14,23.950000762939453,23.96999931335449,23.51000022888184,23.799999237060547,21.716163635253903,1754740
2022-02-15,23.799999237060547,24.6299991607666,23.729999542236328,24.6299991607666,22.47349548339844,1146555
2022-02-16,24.6299991607666,25.489999771118164,24.6299991607666,25.170000076293945,22.966217041015625,2959068
2022-02-17,25.31999969482422,25.56999969482422,25.040000915527344,25.290000915527344,23.07571029663086,2195266
2022-02-18,25.32999992370605,25.43000030517578,24.57999992370605,24.59000015258789,22.43699836730957,1258755
2022-02-21,24.690000534057617,25.020000457763672,24.34000015258789,24.450000762939453,22.30925369262696,1167976
2022-02-22,23.71999931335449,24.51000022888184,23.63999938964844,24.209999084472656,22.09026908874512,1021244
2022-02-23,24.229999542236328,24.56999969482422,23.90999984741211,24.040000915527344,21.93515396118164,607970
2022-02-24,22.96999931335449,23.65999984741211,22.700000762939453,23.13999938964844,21.11395263671875,1422341
2022-02-25,23.200000762939453,24.530000686645508,23.030000686645508,24.3700008392334,22.23625946044922,1508572
2022-02-28,24.01000022888184,24.540000915527344,23.790000915527344,24.420000076293945,22.28188133239746,2035596
2022-03-01,24.3799991607666,24.8799991607666,23.989999771118164,23.989999771118164,21.88953018188477,1174293
2022-03-02,23.8700008392334,24.8700008392334,23.559999465942383,24.56999969482422,22.418746948242188,1873650
2022-03-03,23.809999465942383,24.729999542236328,23.790000915527344,24.01000022888184,21.90777587890625,1475435
2022-03-04,23.96999931335449,23.96999931335449,23.170000076293945,23.39999961853028,21.3511905670166,1208568
2022-03-07,22.89999961853028,23.729999542236328,22.190000534057617,23.06999969482422,21.05008316040039,1613189
2022-03-08,22.709999084472656,24.030000686645508,22.709999084472656,23.059999465942383,21.04096031188965,2005921
2022-03-09,23.530000686645508,24.40999984741211,23.38999938964844,24.18000030517578,22.062894821166992,2541209
2022-03-10,24.09000015258789,24.3799991607666,23.440000534057617,23.81999969482422,21.734413146972656,1273175
2022-03-11,23.989999771118164,24.709999084472656,23.8700008392334,24.39999961853028,22.26363182067871,1139588
2022-03-14,24.670000076293945,25.100000381469727,24.600000381469727,24.86000061035156,22.68335723876953,724027
2022-03-15,24.6200008392334,25.11000061035156,24.489999771118164,24.809999465942383,22.63773536682129,909091
2022-03-16,25.209999084472656,25.540000915527344,25.1299991607666,25.170000076293945,22.966217041015625,1205101
2022-03-17,25.18000030517578,25.75,25.18000030517578,25.75,23.49543190002441,940448
2022-03-18,25.739999771118164,25.780000686645508,25.229999542236328,25.63999938964844,23.395065307617188,3222697
2022-03-21,25.34000015258789,25.68000030517578,25.07999992370605,25.1200008392334,22.920595169067383,4494308
2022-03-22,25.209999084472656,25.34000015258789,24.850000381469727,25.13999938964844,22.9388427734375,1000437
2022-03-23,25.190000534057617,25.440000534057617,24.809999465942383,24.8700008392334,22.69248390197754,3480412
2022-03-24,24.93000030517578,25.13999938964844,24.8799991607666,25.059999465942383,22.865846633911133,2562051
2022-03-25,25.200000762939453,25.200000762939453,24.61000061035156,24.61000061035156,22.455245971679688,1162238
2022-03-28,24.670000076293945,24.93000030517578,24.18000030517578,24.18000030517578,22.062894821166992,722211
2022-03-29,24.43000030517578,24.809999465942383,24.14999961853028,24.59000015258789,22.43699836730957,936605
2022-03-30,24.239999771118164,24.56999969482422,23.920000076293945,24.07999992370605,21.97165298461914,1275847
2022-03-31,24.09000015258789,24.40999984741211,23.8700008392334,24.1299991607666,22.017274856567383,1234376
2022-04-01,24.100000381469727,24.75,24.100000381469727,24.3799991607666,22.24538230895996,653875
2022-04-04,24.38999938964844,24.530000686645508,24.07999992370605,24.21999931335449,22.09939384460449,683134
2022-04-05,24.31999969482422,24.3700008392334,23.93000030517578,24.040000915527344,21.93515396118164,943043
2022-04-06,24.040000915527344,24.270000457763672,23.46999931335449,23.75,21.67054748535156,799026
2022-04-07,23.88999938964844,25.030000686645508,23.82999992370605,24.34000015258789,22.208885192871094,1279924
2022-04-08,24.59000015258789,24.780000686645508,24.059999465942383,24.3700008392334,22.23625946044922,836826
2022-04-11,24.39999961853028,24.90999984741211,24.350000381469727,24.86000061035156,22.68335723876953,883775
2022-04-12,24.5,25.39999961853028,24.46999931335449,25.200000762939453,22.99359130859375,1686736
2022-04-13,24.850000381469727,25.450000762939453,24.850000381469727,25.420000076293945,23.194324493408203,1001561
2022-04-14,25.46999931335449,25.89999961853028,25.420000076293945,25.739999771118164,23.486309051513672,824454
2022-04-19,25.520000457763672,25.549999237060547,25.059999465942383,25.34000015258789,23.12133026123047,2536202
2022-04-20,25.440000534057617,25.440000534057617,24.959999084472656,25.34000015258789,23.12133026123047,1125099
2022-04-21,25.34000015258789,25.739999771118164,25.34000015258789,25.559999465942383,23.322071075439453,908021
2022-04-22,25.0,25.190000534057617,24.46999931335449,24.46999931335449,22.327505111694336,1133309
2022-04-25,24.14999961853028,24.549999237060547,23.850000381469727,24.309999465942383,22.181516647338867,822084
2022-04-26,24.3799991607666,25.26000022888184,24.3799991607666,24.76000022888184,22.592117309570312,8216561
2022-04-27,24.739999771118164,25.1299991607666,24.290000915527344,24.76000022888184,22.592117309570312,681773
2022-04-28,24.979999542236328,25.3700008392334,24.63999938964844,24.920000076293945,22.73810386657715,812092
2022-04-29,25.030000686645508,25.049999237060547,24.59000015258789,24.59000015258789,22.43699836730957,938825
2022-05-02,24.280000686645508,24.459999084472656,22.84000015258789,23.86000061035156,21.77091407775879,1023350
2022-05-03,24.01000022888184,24.5,24.01000022888184,24.290000915527344,22.16326713562012,621826
2022-05-04,24.299999237060547,24.76000022888184,24.290000915527344,24.489999771118164,22.34575462341309,753877
2022-05-05,24.920000076293945,25.07999992370605,24.299999237060547,24.38999938964844,22.25450897216797,589155
2022-05-06,23.780000686645508,24.18000030517578,23.32999992370605,23.670000076293945,21.59754943847656,1217457
2022-05-09,23.479999542236328,23.76000022888184,22.979999542236328,22.979999542236328,20.96796417236328,1427145
2022-05-10,23.18000030517578,23.57999992370605,23.030000686645508,23.14999961853028,21.123077392578125,805536
2022-05-11,23.06999969482422,23.43000030517578,23.020000457763672,23.3700008392334,21.5830020904541,825767
2022-05-12,23.0,23.39999961853028,22.850000381469727,23.190000534057617,21.416763305664062,1042679
2022-05-13,23.350000381469727,23.93000030517578,23.290000915527344,23.8700008392334,22.04476928710937,749125
2022-05-16,23.8799991607666,24.049999237060547,23.57999992370605,23.96999931335449,22.13711929321289,688657
2022-05-17,24.09000015258789,24.26000022888184,23.709999084472656,23.850000381469727,22.026296615600582,563948
2022-05-18,23.799999237060547,24.07999992370605,23.670000076293945,23.780000686645508,21.96164894104004,881759
2022-05-19,23.600000381469727,23.700000762939453,23.13999938964844,23.18000030517578,21.40752601623535,945091
2022-05-20,23.309999465942383,23.63999938964844,23.11000061035156,23.309999465942383,21.527587890625,791476
2022-05-23,23.600000381469727,23.89999961853028,23.31999969482422,23.6200008392334,21.81388282775879,2149351
2022-05-24,23.31999969482422,23.68000030517578,23.280000686645508,23.68000030517578,21.86929512023925,2488273
2022-05-25,23.88999938964844,24.190000534057617,23.68000030517578,24.13999938964844,22.29412078857422,604765
2022-05-26,24.170000076293945,24.290000915527344,24.07999992370605,24.13999938964844,22.29412078857422,2449323
2022-05-27,24.270000457763672,24.31999969482422,24.030000686645508,24.209999084472656,22.358766555786133,845363
2022-05-30,24.34000015258789,24.56999969482422,24.26000022888184,24.34000015258789,22.47882652282715,437435
2022-05-31,24.200000762939453,24.270000457763672,24.0,24.01000022888184,22.174057006835938,1988200
2022-06-01,24.059999465942383,24.270000457763672,23.8799991607666,23.959999084472656,22.12788391113281,653537
2022-06-02,24.1299991607666,24.479999542236328,24.1299991607666,24.299999237060547,22.44188690185547,411963
2022-06-03,24.440000534057617,24.600000381469727,24.34000015258789,24.5,22.62659072875977,422345
2022-06-06,24.6200008392334,24.920000076293945,24.459999084472656,24.850000381469727,22.9498291015625,536303
2022-06-07,24.8799991607666,25.26000022888184,24.850000381469727,25.18000030517578,23.25459671020508,1227989
2022-06-08,25.21999931335449,25.38999938964844,24.93000030517578,25.26000022888184,23.328479766845703,1148753
2022-06-09,24.6200008392334,25.040000915527344,24.46999931335449,25.0,23.088359832763672,2768840
2022-06-10,24.8700008392334,24.96999931335449,24.6299991607666,24.68000030517578,22.79283142089844,3492406
2022-06-13,24.46999931335449,24.540000915527344,24.280000686645508,24.440000534057617,22.57118034362793,1213670
2022-06-14,24.65999984741211,24.809999465942383,23.270000457763672,23.270000457763672,21.49064826965332,1465410
2022-06-15,23.5,24.06999969482422,23.1299991607666,23.729999542236328,21.91547203063965,882279
2022-06-16,23.61000061035156,23.790000915527344,23.39999961853028,23.549999237060547,21.74923515319824,1899476
2022-06-17,23.670000076293945,24.07999992370605,23.32999992370605,23.530000686645508,21.73076438903809,2962460
2022-06-20,23.76000022888184,23.799999237060547,23.1200008392334,23.34000015258789,21.555294036865234,1766348
2022-06-21,23.799999237060547,23.8799991607666,23.25,23.270000457763672,21.49064826965332,3864443
2022-06-22,23.049999237060547,23.290000915527344,22.770000457763672,23.25,21.47217559814453,837859
2022-06-23,23.07999992370605,24.059999465942383,23.06999969482422,23.81999969482422,21.99858665466309,2368495
2022-06-24,24.0,24.600000381469727,24.0,24.479999542236328,22.60812187194824,807967
2022-06-27,24.600000381469727,24.65999984741211,23.96999931335449,24.1200008392334,22.27565193176269,556049
2022-06-28,24.25,24.61000061035156,24.15999984741211,24.209999084472656,22.358766555786133,917474
2022-06-29,24.09000015258789,24.40999984741211,23.799999237060547,24.100000381469727,22.25717735290528,3545363
2022-06-30,23.76000022888184,24.190000534057617,23.25,24.190000534057617,22.34029769897461,1975270
2022-07-01,24.040000915527344,24.420000076293945,23.700000762939453,24.21999931335449,22.36800193786621,689321
2022-07-04,24.479999542236328,24.89999961853028,24.40999984741211,24.670000076293945,22.78359603881836,382399
2022-07-05,24.729999542236328,24.780000686645508,24.190000534057617,24.3700008392334,22.506534576416016,1956205
2022-07-06,24.65999984741211,24.88999938964844,24.489999771118164,24.809999465942383,22.912887573242188,824616
2022-07-07,25.09000015258789,25.40999984741211,24.950000762939453,25.40999984741211,23.46700859069824,1504859
2022-07-08,25.5,26.09000015258789,25.489999771118164,26.0,24.011898040771484,1045383
2022-07-11,25.68000030517578,25.700000762939453,25.020000457763672,25.18000030517578,23.25459671020508,864157
2022-07-12,25.01000022888184,25.51000022888184,24.959999084472656,25.46999931335449,23.52242088317871,1561923
2022-07-13,25.38999938964844,25.43000030517578,24.8799991607666,24.940000534057617,23.032947540283203,1001551
2022-07-14,24.81999969482422,25.040000915527344,24.56999969482422,24.68000030517578,22.79283142089844,685762
2022-07-15,24.850000381469727,25.63999938964844,24.76000022888184,25.600000381469727,23.64248275756836,1405066
2022-07-18,25.700000762939453,26.040000915527344,25.6200008392334,26.040000915527344,24.04883575439453,811878
2022-07-19,26.0,26.700000762939453,25.8700008392334,26.63999938964844,24.60295486450196,929776
2022-07-20,26.770000457763672,26.780000686645508,26.11000061035156,26.14999961853028,24.15042304992676,1406170
2022-07-21,26.100000381469727,26.46999931335449,25.950000762939453,26.0,24.011898040771484,743681
2022-07-22,26.06999969482422,26.26000022888184,25.81999969482422,26.25,24.24277687072754,918974
2022-07-25,26.18000030517578,26.63999938964844,26.100000381469727,26.100000381469727,24.10424995422364,709059
2022-07-26,26.040000915527344,26.270000457763672,25.84000015258789,26.030000686645508,24.039600372314453,765601
2022-07-27,26.049999237060547,26.1200008392334,25.82999992370605,25.979999542236328,23.993423461914062,690857
2022-07-28,26.100000381469727,26.43000030517578,25.76000022888184,26.39999961853028,24.381309509277344,639825
2022-07-29,26.200000762939453,26.700000762939453,25.780000686645508,26.07999992370605,24.085777282714844,905668
2022-08-01,26.38999938964844,26.39999961853028,26.049999237060547,26.15999984741211,24.15966033935547,764456
2022-08-02,26.059999465942383,26.26000022888184,25.96999931335449,26.18000030517578,24.178129196166992,564649
2022-08-03,26.18000030517578,26.520000457763672,26.170000076293945,26.290000915527344,24.279720306396484,1233912
2022-08-04,26.420000076293945,26.440000534057617,26.09000015258789,26.299999237060547,24.28895378112793,591179
2022-08-05,26.299999237060547,26.299999237060547,25.780000686645508,25.920000076293945,23.938013076782227,597052
2022-08-08,25.920000076293945,26.059999465942383,25.46999931335449,25.549999237060547,23.596302032470703,1131175
2022-08-09,25.65999984741211,26.6299991607666,25.559999465942383,26.5,24.47366142272949,1438658
2022-08-10,26.38999938964844,26.600000381469727,26.18000030517578,26.350000381469727,24.33513069152832,2169955
2022-08-11,26.479999542236328,26.770000457763672,26.31999969482422,26.670000076293945,24.630661010742188,710087
2022-08-12,26.65999984741211,26.68000030517578,26.280000686645508,26.3700008392334,24.35360145568848,478486
2022-08-15,26.3700008392334,26.520000457763672,26.280000686645508,26.43000030517578,24.409013748168945,385819
2022-08-16,26.420000076293945,26.690000534057617,26.3700008392334,26.690000534057617,24.64913558959961,555106
2022-08-17,27.0,27.0,26.489999771118164,26.559999465942383,24.52907371520996,648751
2022-08-18,26.520000457763672,26.850000381469727,26.520000457763672,26.850000381469727,24.79690170288086,529272
2022-08-19,26.739999771118164,27.049999237060547,26.600000381469727,26.82999992370605,24.77842903137207,680935
2022-08-22,26.309999465942383,26.670000076293945,25.940000534057617,26.61000061035156,24.57524871826172,528659
2022-08-23,26.489999771118164,26.520000457763672,26.01000022888184,26.100000381469727,24.10424995422364,370876
2022-08-24,26.01000022888184,26.25,25.979999542236328,26.229999542236328,24.22430419921875,383463
2022-08-25,26.36000061035156,26.51000022888184,25.96999931335449,26.030000686645508,24.039600372314453,353806
2022-08-26,26.18000030517578,26.32999992370605,25.739999771118164,25.8700008392334,23.891834259033203,427746
2022-08-29,25.5,25.65999984741211,25.32999992370605,25.56999969482422,23.61477470397949,408594
2022-08-30,25.59000015258789,25.790000915527344,25.420000076293945,25.420000076293945,23.476242065429688,470003
2022-08-31,25.3700008392334,25.450000762939453,24.88999938964844,24.979999542236328,23.06989097595215,1021155
2022-09-01,24.81999969482422,24.90999984741211,24.59000015258789,24.700000762939453,22.8113021850586,570536
2022-09-02,24.979999542236328,25.11000061035156,24.670000076293945,25.11000061035156,23.189950942993164,330942
2022-09-05,24.309999465942383,24.89999961853028,24.309999465942383,24.8700008392334,22.96830177307129,398359
2022-09-06,24.89999961853028,24.920000076293945,24.600000381469727,24.84000015258789,22.940593719482425,425387
2022-09-07,24.6200008392334,25.030000686645508,24.61000061035156,24.84000015258789,22.940593719482425,494556
2022-09-08,25.049999237060547,25.049999237060547,24.57999992370605,24.90999984741211,23.0052433013916,508505
2022-09-09,24.84000015258789,25.32999992370605,24.82999992370605,25.15999984741211,23.23612594604492,3711337
2022-09-12,25.3700008392334,25.940000534057617,25.32999992370605,25.82999992370605,23.85489082336425,597031
2022-09-13,25.790000915527344,26.0,25.350000381469727,25.450000762939453,23.503950119018555,443356
2022-09-14,25.32999992370605,25.459999084472656,25.059999465942383,25.170000076293945,23.24536323547364,441600
2022-09-15,25.040000915527344,25.190000534057617,24.8799991607666,25.06999969482422,23.15300941467285,385256
2022-09-16,24.89999961853028,24.940000534057617,24.549999237060547,24.64999961853028,22.765125274658203,2000467
2022-09-19,24.63999938964844,25.020000457763672,24.51000022888184,24.950000762939453,23.04218482971192,369764
2022-09-20,25.020000457763672,25.270000457763672,24.25,24.25,22.395713806152344,632223
2022-09-21,23.530000686645508,24.43000030517578,23.25,24.36000061035156,22.497295379638672,391684
2022-09-22,24.059999465942383,24.06999969482422,23.56999969482422,23.6200008392334,21.81388282775879,673765
2022-09-23,23.64999961853028,23.729999542236328,23.09000015258789,23.299999237060547,21.518354415893555,2661703
2022-09-26,23.299999237060547,23.32999992370605,23.059999465942383,23.07999992370605,21.315174102783203,1953990
2022-09-27,23.299999237060547,23.350000381469727,23.030000686645508,23.049999237060547,21.28746795654297,712100
2022-09-28,22.86000061035156,23.239999771118164,22.729999542236328,23.209999084472656,21.43523025512696,930897
2022-09-29,23.229999542236328,23.350000381469727,22.96999931335449,23.15999984741211,21.389057159423828,689895
2022-09-30,23.34000015258789,23.520000457763672,23.15999984741211,23.38999938964844,21.601470947265625,861455
2022-10-03,23.39999961853028,23.440000534057617,22.96999931335449,23.299999237060547,21.518354415893555,587816
2022-10-04,23.51000022888184,24.06999969482422,23.440000534057617,24.059999465942383,22.2202377319336,944107
2022-10-05,23.75,23.979999542236328,23.64999961853028,23.8799991607666,22.054000854492188,567831
2022-10-06,23.950000762939453,24.059999465942383,23.450000762939453,23.489999771118164,21.69382095336914,483367
2022-10-07,23.3799991607666,23.6299991607666,23.049999237060547,23.059999465942383,21.29670524597168,739035
2022-10-10,23.07999992370605,23.200000762939453,22.88999938964844,23.040000915527344,21.27823066711425,744046
2022-10-11,22.71999931335449,23.520000457763672,22.670000076293945,23.15999984741211,21.389057159423828,1286717
2022-10-12,23.18000030517578,23.350000381469727,22.96999931335449,23.239999771118164,21.46293830871582,1091833
2022-10-13,23.26000022888184,23.459999084472656,22.809999465942383,23.3799991607666,21.59223365783692,1106631
2022-10-14,23.75,23.780000686645508,23.36000061035156,23.43000030517578,21.638408660888672,1090106
2022-10-17,23.43000030517578,23.989999771118164,23.38999938964844,23.920000076293945,22.0909423828125,894596
2022-10-18,24.09000015258789,24.270000457763672,23.90999984741211,24.07999992370605,22.23870849609375,2230919
2022-10-19,24.100000381469727,24.11000061035156,23.89999961853028,23.979999542236328,22.146352767944336,2114518
2022-10-20,23.93000030517578,24.049999237060547,23.739999771118164,23.84000015258789,22.017059326171875,709998
2022-10-21,23.61000061035156,23.6200008392334,22.3799991607666,22.81999969482422,21.07505226135254,2074311
2022-10-24,23.11000061035156,23.270000457763672,22.850000381469727,23.13999938964844,21.370586395263672,600972
2022-10-25,23.229999542236328,23.63999938964844,23.13999938964844,23.6200008392334,21.81388282775879,776386
2022-10-26,23.6200008392334,24.01000022888184,23.21999931335449,23.979999542236328,22.146352767944336,1687525
2022-10-27,23.780000686645508,24.350000381469727,23.440000534057617,24.209999084472656,22.358766555786133,844880
2022-10-28,23.729999542236328,24.3700008392334,23.729999542236328,24.3700008392334,22.506534576416016,867852
2022-10-31,24.239999771118164,24.81999969482422,23.75,24.709999084472656,22.820537567138672,785581
2022-11-01,24.89999961853028,24.96999931335449,24.32999992370605,24.63999938964844,22.75588798522949,728993
2022-11-02,24.600000381469727,24.790000915527344,24.38999938964844,24.38999938964844,22.52500534057617,737130
2022-11-03,23.770000457763672,23.799999237060547,23.1200008392334,23.38999938964844,21.974464416503903,1147078
2022-11-04,23.520000457763672,23.920000076293945,23.31999969482422,23.600000381469727,22.1717586517334,1699673
2022-11-07,23.5,23.6299991607666,23.3799991607666,23.39999961853028,21.983861923217773,1140854
2022-11-08,23.290000915527344,23.6299991607666,23.25,23.530000686645508,22.10599708557129,3789186
2022-11-09,23.440000534057617,23.989999771118164,23.420000076293945,23.81999969482422,22.378442764282227,2573294
2022-11-10,23.8799991607666,24.56999969482422,23.64999961853028,24.39999961853028,22.92334175109864,2946400
2022-11-11,24.59000015258789,24.959999084472656,24.43000030517578,24.670000076293945,23.177005767822266,952144
2022-11-14,24.63999938964844,25.059999465942383,24.57999992370605,24.81999969482422,23.31792640686035,1024220
2022-11-15,24.84000015258789,25.11000061035156,24.739999771118164,24.959999084472656,23.449451446533203,756788
2022-11-16,25.14999961853028,25.25,24.64999961853028,24.75,23.25216293334961,841458
2022-11-17,24.75,24.89999961853028,24.68000030517578,24.770000457763672,23.27095031738281,725056
2022-11-18,25.040000915527344,25.059999465942383,24.63999938964844,24.88999938964844,23.383689880371094,2622195
2022-11-21,24.93000030517578,25.26000022888184,24.90999984741211,25.200000762939453,23.67493057250977,703631
2022-11-22,25.299999237060547,25.71999931335449,25.209999084472656,25.540000915527344,23.994354248046875,1006114
2022-11-23,25.57999992370605,25.770000457763672,25.450000762939453,25.450000762939453,23.90979766845703,717689
2022-11-24,25.489999771118164,25.75,25.420000076293945,25.739999771118164,24.182249069213867,4136777
2022-11-25,25.709999084472656,25.93000030517578,25.690000534057617,25.8700008392334,24.304384231567383,745310
2022-11-28,25.84000015258789,25.989999771118164,25.71999931335449,25.81999969482422,24.25740623474121,1389500
2022-11-29,25.81999969482422,25.850000381469727,25.479999542236328,25.530000686645508,23.98495864868164,842251
2022-11-30,25.530000686645508,25.71999931335449,25.450000762939453,25.600000381469727,24.050722122192383,3180992
2022-12-01,25.8799991607666,26.209999084472656,25.59000015258789,26.07999992370605,24.501670837402344,887096
2022-12-02,26.030000686645508,26.26000022888184,25.959999084472656,26.07999992370605,24.501670837402344,868692
2022-12-05,26.030000686645508,26.1200008392334,25.84000015258789,25.84000015258789,24.27619743347168,1058161
2022-12-06,25.89999961853028,25.89999961853028,25.479999542236328,25.61000061035156,24.060117721557617,707730
2022-12-07,25.530000686645508,25.63999938964844,25.450000762939453,25.540000915527344,23.994354248046875,544652
2022-12-08,25.61000061035156,25.61000061035156,25.420000076293945,25.46999931335449,23.9285888671875,540165
2022-12-09,25.450000762939453,25.82999992370605,25.34000015258789,25.690000534057617,24.13527488708496,925869
2022-12-12,25.530000686645508,25.850000381469727,25.46999931335449,25.61000061035156,24.060117721557617,808257
2022-12-13,25.690000534057617,25.920000076293945,25.239999771118164,25.76000022888184,24.201038360595703,1036286
2022-12-14,25.64999961853028,25.709999084472656,25.43000030517578,25.63999938964844,24.08830070495605,968308
2022-12-15,25.46999931335449,25.65999984741211,25.299999237060547,25.549999237060547,24.00374412536621,1905137
2022-12-16,25.530000686645508,25.530000686645508,24.39999961853028,24.40999984741211,22.932737350463867,2419611
2022-12-19,24.51000022888184,24.64999961853028,24.32999992370605,24.5,23.01729202270508,550930
2022-12-20,24.290000915527344,24.40999984741211,24.030000686645508,24.350000381469727,22.876371383666992,627333
2022-12-21,24.489999771118164,24.56999969482422,24.270000457763672,24.450000762939453,22.970319747924805,1002982
2022-12-22,24.56999969482422,24.68000030517578,24.3799991607666,24.3799991607666,22.904550552368164,612661
2022-12-23,24.479999542236328,24.700000762939453,24.3700008392334,24.63999938964844,23.14881706237793,684573
2022-12-27,24.76000022888184,24.81999969482422,24.489999771118164,24.61000061035156,23.12063789367676,249266
2022-12-28,24.61000061035156,24.709999084472656,24.540000915527344,24.65999984741211,23.16761016845703,404685
2022-12-29,24.64999961853028,24.729999542236328,24.420000076293945,24.6299991607666,23.139423370361328,649847
2022-12-30,24.670000076293945,24.729999542236328,24.459999084472656,24.46999931335449,22.98910522460937,640053
2023-01-02,24.6299991607666,24.65999984741211,24.309999465942383,24.559999465942383,23.073659896850582,614575
2023-01-03,24.479999542236328,24.739999771118164,24.309999465942383,24.530000686645508,23.04547882080078,681799
2023-01-04,24.670000076293945,24.89999961853028,24.670000076293945,24.799999237060547,23.299135208129883,538880
2023-01-05,24.700000762939453,25.01000022888184,24.700000762939453,24.739999771118164,23.24276733398437,399805
2023-01-06,24.65999984741211,25.270000457763672,24.600000381469727,25.21999931335449,23.69371795654297,651670
2023-01-09,25.559999465942383,25.8700008392334,25.450000762939453,25.450000762939453,23.90979766845703,1118534
2023-01-10,25.32999992370605,25.790000915527344,25.200000762939453,25.75,24.19164276123047,1158223
2023-01-11,25.780000686645508,25.799999237060547,25.459999084472656,25.459999084472656,23.9191951751709,1391141
2023-01-12,25.450000762939453,26.030000686645508,25.450000762939453,25.82999992370605,24.266801834106445,948055
2023-01-13,25.8700008392334,26.26000022888184,25.84000015258789,26.100000381469727,24.520463943481445,593405
2023-01-16,26.100000381469727,26.3700008392334,26.100000381469727,26.270000457763672,24.68017578125,504373
2023-01-17,26.299999237060547,26.670000076293945,26.190000534057617,26.56999969482422,24.96201705932617,844311
2023-01-18,26.63999938964844,27.06999969482422,26.63999938964844,26.780000686645508,25.15930938720703,840186
2023-01-19,26.64999961853028,26.90999984741211,26.309999465942383,26.38999938964844,24.792909622192383,1653579
2023-01-20,26.479999542236328,26.959999084472656,26.479999542236328,26.65999984741211,25.046573638916016,1276879
2023-01-23,26.739999771118164,26.920000076293945,26.700000762939453,26.920000076293945,25.29083633422852,5045228
2023-01-24,26.989999771118164,27.26000022888184,26.90999984741211,27.26000022888184,25.61026191711425,2741829
2023-01-25,27.26000022888184,27.31999969482422,26.89999961853028,27.059999465942383,25.42236328125,2722180
2023-01-26,27.170000076293945,27.40999984741211,26.989999771118164,27.34000015258789,25.6854190826416,649888
2023-01-27,27.34000015258789,27.459999084472656,27.09000015258789,27.40999984741211,25.751182556152344,2395649
2023-01-30,27.39999961853028,27.520000457763672,27.270000457763672,27.350000381469727,25.694812774658203,697356
2023-01-31,27.299999237060547,27.31999969482422,26.989999771118164,27.040000915527344,25.40357780456543,1767562
2023-02-01,27.049999237060547,27.26000022888184,27.020000457763672,27.11000061035156,25.46933937072754,622611
2023-02-02,27.25,27.479999542236328,27.190000534057617,27.32999992370605,25.67602729797364,1111455
2023-02-03,27.25,27.39999961853028,27.1200008392334,27.25,25.60086441040039,909859
2023-02-06,27.1200008392334,27.350000381469727,26.989999771118164,27.200000762939453,25.55389213562012,663661
2023-02-07,27.13999938964844,27.270000457763672,26.940000534057617,27.030000686645508,25.39417839050293,648937
2023-02-08,27.170000076293945,27.40999984741211,27.06999969482422,27.06999969482422,25.431758880615234,587059
2023-02-09,27.39999961853028,27.65999984741211,27.36000061035156,27.489999771118164,25.82634162902832,742003
2023-02-10,27.36000061035156,27.40999984741211,26.979999542236328,27.18000030517578,25.53510284423828,614149
2023-02-13,27.200000762939453,27.56999969482422,26.920000076293945,27.56999969482422,25.901498794555664,706524
2023-02-14,27.600000381469727,27.790000915527344,27.38999938964844,27.450000762939453,25.78876304626465,673578
2023-02-15,27.440000534057617,27.56999969482422,27.309999465942383,27.40999984741211,25.751182556152344,637786
2023-02-16,27.450000762939453,27.530000686645508,27.1299991607666,27.290000915527344,25.63844871520996,779030
2023-02-17,26.739999771118164,26.739999771118164,26.020000457763672,26.489999771118164,24.886859893798828,2397952
2023-02-20,26.549999237060547,26.56999969482422,26.26000022888184,26.31999969482422,24.72714805603028,778164
2023-02-21,26.229999542236328,26.239999771118164,25.82999992370605,25.96999931335449,24.39832878112793,1101931
2023-02-22,25.88999938964844,25.920000076293945,25.3799991607666,25.76000022888184,24.201038360595703,893961
2023-02-23,25.600000381469727,26.36000061035156,25.600000381469727,26.200000762939453,24.614408493041992,1139658
2023-02-24,26.38999938964844,26.38999938964844,25.86000061035156,25.989999771118164,24.41711807250977,728177
2023-02-27,26.15999984741211,26.309999465942383,26.059999465942383,26.059999465942383,24.48288345336914,705325
2023-02-28,25.8700008392334,26.36000061035156,25.8700008392334,26.26000022888184,24.67078018188477,1525706
2023-03-01,26.700000762939453,26.89999961853028,26.350000381469727,26.420000076293945,24.821094512939453,1572513
2023-03-02,26.40999984741211,26.8700008392334,26.190000534057617,26.729999542236328,25.11233711242676,1443171
2023-03-03,26.920000076293945,27.459999084472656,26.75,27.459999084472656,25.798158645629883,1659509
2023-03-06,27.440000534057617,27.450000762939453,27.14999961853028,27.239999771118164,25.591472625732425,680863
2023-03-07,27.239999771118164,27.3700008392334,26.88999938964844,26.88999938964844,25.26264953613281,1250189
2023-03-08,26.850000381469727,26.920000076293945,26.68000030517578,26.76000022888184,25.14051818847656,726392
2023-03-09,26.71999931335449,26.82999992370605,26.5,26.799999237060547,25.178098678588867,1105136
2023-03-10,26.440000534057617,26.84000015258789,26.440000534057617,26.670000076293945,25.055965423583984,735395
2023-03-13,26.709999084472656,26.709999084472656,25.8700008392334,26.34000015258789,24.745939254760746,846419
2023-03-14,26.280000686645508,26.89999961853028,26.280000686645508,26.89999961853028,25.27204704284668,1996923
2023-03-15,27.0,27.0,26.040000915527344,26.21999931335449,24.63319969177246,1256263
2023-03-16,26.549999237060547,26.71999931335449,26.15999984741211,26.700000762939453,25.084152221679688,1236621
2023-03-17,26.799999237060547,26.89999961853028,26.200000762939453,26.51000022888184,24.905651092529297,2745084
2023-03-20,26.40999984741211,26.84000015258789,26.13999938964844,26.65999984741211,25.046573638916016,1110696
2023-03-21,26.850000381469727,27.299999237060547,26.770000457763672,27.09000015258789,25.450550079345703,764609
2023-03-22,27.01000022888184,27.200000762939453,26.93000030517578,27.1299991607666,25.48812866210937,630586
2023-03-23,27.07999992370605,27.32999992370605,26.93000030517578,27.25,25.60086441040039,1475375
2023-03-24,27.0,27.100000381469727,26.09000015258789,26.3700008392334,24.77412414550781,1708654
2023-03-27,26.63999938964844,26.8700008392334,26.420000076293945,26.420000076293945,24.821094512939453,1192748
2023-03-28,26.61000061035156,26.690000534057617,26.3799991607666,26.420000076293945,24.821094512939453,979612
2023-03-29,26.64999961853028,26.940000534057617,26.520000457763672,26.940000534057617,25.309627532958984,1098812
2023-03-30,27.07999992370605,27.239999771118164,26.88999938964844,26.920000076293945,25.29083633422852,1130082
2023-03-31,27.0,27.170000076293945,26.959999084472656,27.09000015258789,25.450550079345703,956694
2023-04-03,27.030000686645508,27.13999938964844,26.86000061035156,26.940000534057617,25.309627532958984,669671
2023-04-04,27.049999237060547,27.200000762939453,26.96999931335449,27.059999465942383,25.42236328125,695933
2023-04-05,27.020000457763672,27.299999237060547,27.01000022888184,27.15999984741211,25.516313552856445,771796
2023-04-06,27.15999984741211,27.280000686645508,27.100000381469727,27.170000076293945,25.52570343017578,888721
2023-04-11,27.229999542236328,27.39999961853028,26.61000061035156,26.809999465942383,25.187488555908203,1003213
2023-04-12,26.780000686645508,27.18000030517578,26.780000686645508,27.13999938964844,25.497522354125977,845881
2023-04-13,27.14999961853028,27.5,27.06999969482422,27.38999938964844,25.73238945007324,1012910
2023-04-14,27.489999771118164,27.59000015258789,27.3799991607666,27.59000015258789,25.920289993286133,632910
2023-04-17,27.68000030517578,27.90999984741211,27.459999084472656,27.600000381469727,25.929685592651367,1161909
2023-04-18,27.64999961853028,27.71999931335449,27.51000022888184,27.63999938964844,25.96726417541504,475851
2023-04-19,27.63999938964844,28.200000762939453,27.6299991607666,28.190000534057617,26.483980178833008,883574
2023-04-20,28.049999237060547,28.39999961853028,27.979999542236328,28.25,26.540346145629883,842838
2023-04-21,28.25,28.270000457763672,27.850000381469727,27.93000030517578,26.23971176147461,1537194
2023-04-24,27.950000762939453,28.170000076293945,27.920000076293945,28.170000076293945,26.46519088745117,742913
2023-04-25,28.020000457763672,28.25,27.96999931335449,28.239999771118164,26.53095245361328,745338
2023-04-26,28.170000076293945,28.309999465942383,28.049999237060547,28.170000076293945,26.46519088745117,663331
2023-04-27,28.07999992370605,28.32999992370605,27.979999542236328,28.270000457763672,26.559139251708984,641877
2023-04-28,28.39999961853028,28.489999771118164,28.1200008392334,28.43000030517578,26.709449768066406,1050893
2023-05-02,28.5,28.6200008392334,28.270000457763672,28.38999938964844,26.671875,729273
2023-05-03,28.5,28.81999969482422,28.5,28.809999465942383,27.066455841064453,1723273
2023-05-04,28.809999465942383,28.8700008392334,28.459999084472656,28.780000686645508,27.038272857666016,731104
2023-05-05,28.8700008392334,29.049999237060547,28.76000022888184,29.040000915527344,27.28254127502441,1475265
2023-05-08,28.950000762939453,29.13999938964844,28.850000381469727,29.100000381469727,27.338905334472656,356254
2023-05-09,29.030000686645508,29.170000076293945,28.809999465942383,29.020000457763672,27.263744354248047,767385
2023-05-10,29.09000015258789,29.14999961853028,28.739999771118164,28.809999465942383,27.066455841064453,799815
2023-05-11,28.700000762939453,29.040000915527344,28.459999084472656,28.700000762939453,26.963115692138672,802272
2023-05-12,29.0,29.46999931335449,29.0,29.25,27.47983169555664,790995
2023-05-15,29.270000457763672,29.299999237060547,28.790000915527344,28.89999961853028,27.151010513305664,582639
2023-05-16,28.959999084472656,29.18000030517578,28.799999237060547,29.100000381469727,27.338905334472656,2216212
2023-05-17,29.14999961853028,29.40999984741211,28.90999984741211,29.290000915527344,27.517406463623047,629562
2023-05-18,29.479999542236328,29.559999465942383,29.309999465942383,29.3700008392334,27.592567443847656,443668
2023-05-19,29.450000762939453,29.670000076293945,29.229999542236328,29.479999542236328,27.69590950012207,796471
2023-05-22,29.46999931335449,29.81999969482422,29.459999084472656,29.739999771118164,27.94017219543457,492303
2023-05-23,29.729999542236328,29.739999771118164,29.440000534057617,29.440000534057617,27.65832901000977,537489
2023-05-24,29.21999931335449,29.21999931335449,28.89999961853028,29.13999938964844,27.376483917236328,536684
2023-05-25,29.13999938964844,29.14999961853028,28.950000762939453,28.989999771118164,27.23556327819824,542697
2023-05-26,29.190000534057617,29.190000534057617,28.68000030517578,28.96999931335449,27.21677017211914,642908
2023-05-29,29.18000030517578,29.200000762939453,29.020000457763672,29.1200008392334,27.35769462585449,246165
2023-05-30,29.200000762939453,29.290000915527344,28.989999771118164,29.059999465942383,27.301326751708984,598411
2023-05-31,28.89999961853028,29.15999984741211,28.739999771118164,28.950000762939453,27.19798469543457,2915506
2023-06-01,29.170000076293945,29.239999771118164,28.950000762939453,29.13999938964844,27.376483917236328,555944
2023-06-02,29.229999542236328,29.39999961853028,29.14999961853028,29.290000915527344,27.517406463623047,692732
2023-06-05,29.39999961853028,29.46999931335449,29.190000534057617,29.280000686645508,27.50801467895508,823455
2023-06-06,29.209999084472656,29.34000015258789,29.030000686645508,29.170000076293945,27.40467071533203,784251
2023-06-07,29.09000015258789,29.14999961853028,28.950000762939453,29.0,27.24495887756348,660602
2023-06-08,28.89999961853028,29.0,28.770000457763672,28.8700008392334,27.1228256225586,486224
2023-06-09,28.799999237060547,28.8799991607666,28.540000915527344,28.75,27.01008987426757,626660
2023-06-12,28.799999237060547,29.01000022888184,28.729999542236328,28.780000686645508,27.038272857666016,488577
2023-06-13,28.90999984741211,28.96999931335449,28.559999465942383,28.71999931335449,26.981903076171875,803102
2023-06-14,28.59000015258789,28.979999542236328,28.459999084472656,28.84000015258789,27.094640731811523,706932
2023-06-15,28.770000457763672,29.040000915527344,28.709999084472656,28.920000076293945,27.169801712036133,842791
2023-06-16,29.940000534057617,29.940000534057617,28.600000381469727,29.549999237060547,27.76167106628418,3338962
2023-06-19,29.100000381469727,29.56999969482422,29.030000686645508,29.1200008392334,27.35769462585449,720811
2023-06-20,29.11000061035156,29.76000022888184,29.11000061035156,29.520000457763672,27.73348999023437,1313099
2023-06-21,29.5,29.5,29.350000381469727,29.39999961853028,27.62074851989746,604817
2023-06-22,29.11000061035156,29.13999938964844,28.530000686645508,29.1200008392334,27.35769462585449,872809
2023-06-23,28.96999931335449,28.979999542236328,28.420000076293945,28.549999237060547,26.82219123840332,937570
2023-06-26,28.600000381469727,28.600000381469727,28.26000022888184,28.40999984741211,26.690662384033203,3235621
2023-06-27,28.43000030517578,28.5,28.15999984741211,28.38999938964844,26.671875,935614
2023-06-28,28.600000381469727,28.65999984741211,28.40999984741211,28.59000015258789,26.859769821166992,800774
2023-06-29,28.670000076293945,28.71999931335449,28.559999465942383,28.68000030517578,26.944324493408203,773057
2023-06-30,28.709999084472656,29.1299991607666,28.709999084472656,28.96999931335449,27.21677017211914,1164658
2023-07-03,29.0,29.25,28.90999984741211,29.25,27.47983169555664,638778
2023-07-04,29.15999984741211,29.6200008392334,29.100000381469727,29.36000061035156,27.58316993713379,599703
2023-07-05,28.90999984741211,29.18000030517578,28.82999992370605,29.100000381469727,27.568012237548828,809139
2023-07-06,28.739999771118164,28.86000061035156,28.479999542236328,28.6299991607666,27.12275505065918,951746
2023-07-07,28.76000022888184,28.76000022888184,28.299999237060547,28.56999969482422,27.06591415405273,499986
2023-07-10,28.459999084472656,28.89999961853028,28.43000030517578,28.84000015258789,27.321701049804688,613517
2023-07-11,29.0,29.11000061035156,28.81999969482422,28.88999938964844,27.369070053100582,621087
2023-07-12,29.07999992370605,29.100000381469727,28.790000915527344,28.920000076293945,27.397491455078125,775731
2023-07-13,29.049999237060547,29.049999237060547,28.600000381469727,28.68000030517578,27.17012405395508,472221
2023-07-14,28.799999237060547,29.21999931335449,28.739999771118164,29.11000061035156,27.57748794555664,2783701
2023-07-17,29.0,29.32999992370605,28.90999984741211,29.18000030517578,27.64380073547364,686040
2023-07-18,29.200000762939453,29.459999084472656,28.979999542236328,29.440000534057617,27.890113830566406,1156670
2023-07-19,29.459999084472656,29.88999938964844,29.450000762939453,29.770000457763672,28.202741622924805,724919
2023-07-20,29.71999931335449,30.14999961853028,29.670000076293945,30.09000015258789,28.50589370727539,747283
2023-07-21,30.0,30.170000076293945,29.8700008392334,30.1200008392334,28.53431701660156,692567
2023-07-24,29.780000686645508,30.31999969482422,29.780000686645508,30.170000076293945,28.58168029785156,438441
2023-07-25,30.190000534057617,30.21999931335449,30.100000381469727,30.190000534057617,28.60062789916992,520648
2023-07-26,30.190000534057617,30.280000686645508,30.06999969482422,30.18000030517578,28.59115600585937,733738
2023-07-27,30.25,30.40999984741211,30.170000076293945,30.21999931335449,28.62904930114746,2437946
2023-07-28,30.200000762939453,30.309999465942383,30.059999465942383,30.200000762939453,28.61010360717773,501738
2023-07-31,30.200000762939453,30.290000915527344,29.920000076293945,30.13999938964844,28.553260803222656,662872
2023-08-01,29.989999771118164,30.18000030517578,29.809999465942383,30.100000381469727,28.51536750793457,764893
2023-08-02,29.8700008392334,29.8799991607666,29.56999969482422,29.850000381469727,28.278528213500977,1295326
2023-08-03,29.729999542236328,29.76000022888184,29.39999961853028,29.479999542236328,27.928009033203125,819158
2023-08-04,29.600000381469727,29.76000022888184,29.40999984741211,29.76000022888184,28.193267822265625,1847784
2023-08-07,29.559999465942383,29.709999084472656,29.350000381469727,29.709999084472656,28.145898818969727,401066
2023-08-08,29.540000915527344,29.81999969482422,29.489999771118164,29.709999084472656,28.145898818969727,525845
2023-08-09,29.940000534057617,29.96999931335449,29.700000762939453,29.82999992370605,28.259578704833984,462051
2023-08-10,29.920000076293945,30.350000381469727,29.850000381469727,30.200000762939453,28.61010360717773,2006046
2023-08-11,30.1299991607666,30.1299991607666,29.790000915527344,29.979999542236328,28.40168571472168,389170
2023-08-14,29.799999237060547,29.950000762939453,29.709999084472656,29.850000381469727,28.278528213500977,535798
2023-08-15,29.89999961853028,29.90999984741211,29.440000534057617,29.729999542236328,28.16484642028809,548428
2023-08-16,29.68000030517578,29.76000022888184,29.5,29.520000457763672,27.965904235839844,2754275
2023-08-17,29.40999984741211,29.479999542236328,29.15999984741211,29.190000534057617,27.65327262878418,2874206
2023-08-18,29.100000381469727,29.13999938964844,28.559999465942383,28.81999969482422,27.302753448486328,660100
2023-08-21,29.0,29.07999992370605,28.709999084472656,28.790000915527344,27.274333953857425,537697
2023-08-22,28.86000061035156,29.229999542236328,28.86000061035156,29.14999961853028,27.61537742614746,384159
2023-08-23,29.1200008392334,29.21999931335449,29.020000457763672,29.020000457763672,27.49222183227539,438956
2023-08-24,29.190000534057617,29.26000022888184,28.979999542236328,28.979999542236328,27.454328536987305,979921
2023-08-25,28.8799991607666,29.059999465942383,28.690000534057617,28.89999961853028,27.37854385375977,506186
2023-08-28,29.059999465942383,29.14999961853028,29.049999237060547,29.100000381469727,27.568012237548828,76060
2023-08-29,29.39999961853028,29.420000076293945,29.209999084472656,29.26000022888184,27.71959114074707,898198
2023-08-30,29.40999984741211,29.420000076293945,29.200000762939453,29.239999771118164,27.70064353942871,1088275
2023-08-31,29.25,29.43000030517578,29.1299991607666,29.25,27.710119247436523,1594652
2023-09-01,29.1299991607666,29.3799991607666,29.040000915527344,29.1299991607666,27.596433639526367,594926
2023-09-04,29.1299991607666,29.32999992370605,29.020000457763672,29.1299991607666,27.596433639526367,351394
2023-09-05,29.1200008392334,29.13999938964844,28.950000762939453,29.100000381469727,27.568012237548828,3842212
2023-09-06,29.020000457763672,29.18000030517578,28.89999961853028,29.100000381469727,27.568012237548828,5531497
2023-09-07,29.020000457763672,29.489999771118164,29.0,29.38999938964844,27.84274673461914,803778
2023-09-08,29.520000457763672,29.84000015258789,29.3799991607666,29.64999961853028,28.08905601501465,840652
2023-09-11,29.68000030517578,29.8700008392334,29.520000457763672,29.790000915527344,28.22168731689453,635975
2023-09-12,29.799999237060547,29.989999771118164,29.700000762939453,29.76000022888184,28.193267822265625,612094
2023-09-13,29.76000022888184,29.76000022888184,29.200000762939453,29.559999465942383,28.003795623779297,703170
2023-09-14,29.5,30.11000061035156,29.5,30.0,28.420629501342773,852648
2023-09-15,30.200000762939453,30.6200008392334,30.190000534057617,30.43000030517578,28.827993392944336,3952955
2023-09-18,30.36000061035156,30.440000534057617,30.15999984741211,30.299999237060547,28.704837799072266,571164
2023-09-19,30.229999542236328,30.56999969482422,30.229999542236328,30.56999969482422,28.96062660217285,686145
2023-09-20,30.5,30.670000076293945,30.299999237060547,30.34000015258789,28.74273109436035,681046
2023-09-21,30.14999961853028,30.270000457763672,29.799999237060547,30.0,28.420629501342773,960470
2023-09-22,29.71999931335449,29.90999984741211,29.600000381469727,29.71999931335449,28.155372619628903,670542
2023-09-25,29.65999984741211,29.780000686645508,29.39999961853028,29.600000381469727,28.041690826416016,768630
2023-09-26,29.31999969482422,29.61000061035156,29.270000457763672,29.440000534057617,27.890113830566406,928017
2023-09-27,29.530000686645508,29.6200008392334,29.350000381469727,29.450000762939453,27.89958953857422,799842
2023-09-28,29.540000915527344,29.540000915527344,29.1299991607666,29.31999969482422,27.776430130004883,1360368
2023-09-29,29.38999938964844,29.39999961853028,28.96999931335449,28.96999931335449,27.444854736328125,1687596
2023-10-02,29.030000686645508,29.26000022888184,28.64999961853028,28.71999931335449,27.2080192565918,1455488
2023-10-03,28.6200008392334,28.88999938964844,28.170000076293945,28.21999931335449,26.73434066772461,1532587
2023-10-04,28.1299991607666,28.40999984741211,27.950000762939453,28.21999931335449,26.73434066772461,875963
2023-10-05,28.420000076293945,28.420000076293945,28.100000381469727,28.200000762939453,26.71539306640625,776301
2023-10-06,28.34000015258789,28.36000061035156,28.020000457763672,28.36000061035156,26.866973876953125,756267
2023-10-09,28.309999465942383,28.36000061035156,27.950000762939453,27.989999771118164,26.516450881958008,863363
2023-10-10,28.290000915527344,28.450000762939453,28.280000686645508,28.40999984741211,26.914337158203125,861624
2023-10-11,28.32999992370605,29.280000686645508,28.299999237060547,29.21999931335449,27.68169403076172,1217774
2023-10-12,29.6299991607666,29.76000022888184,29.440000534057617,29.600000381469727,28.041690826416016,751427
2023-10-13,29.489999771118164,29.90999984741211,29.40999984741211,29.450000762939453,27.89958953857422,851577
2023-10-16,29.46999931335449,29.46999931335449,29.170000076293945,29.209999084472656,27.67222213745117,588927
2023-10-17,29.239999771118164,29.39999961853028,29.13999938964844,29.309999465942383,27.766956329345703,730025
2023-10-18,28.950000762939453,29.1299991607666,28.600000381469727,28.75,27.236440658569336,3292206
2023-10-19,28.56999969482422,28.59000015258789,28.25,28.38999938964844,26.8953914642334,861719
2023-10-20,28.100000381469727,28.290000915527344,28.020000457763672,28.059999465942383,26.58276557922364,1178048
2023-10-23,28.14999961853028,28.21999931335449,27.75,27.88999938964844,26.42171669006348,662195
2023-10-24,28.0,28.270000457763672,27.88999938964844,28.13999938964844,26.65855407714844,679073
2023-10-25,27.6299991607666,27.71999931335449,27.40999984741211,27.61000061035156,26.560047149658203,651839
2023-10-26,27.36000061035156,27.559999465942383,27.25,27.350000381469727,26.309932708740234,952596
2023-10-27,27.520000457763672,28.190000534057617,27.5,27.65999984741211,26.60814476013184,1205871
2023-10-30,27.540000915527344,28.13999938964844,27.540000915527344,27.920000076293945,26.85825729370117,1084330
2023-10-31,27.989999771118164,28.530000686645508,27.809999465942383,28.440000534057617,27.35848426818848,2213735
2023-11-01,28.39999961853028,28.75,28.01000022888184,28.350000381469727,27.27190589904785,1106753
2023-11-02,28.5,28.959999084472656,28.5,28.700000762939453,27.608598709106445,3280086
2023-11-03,28.90999984741211,28.96999931335449,28.729999542236328,28.8799991607666,27.7817497253418,528310
2023-11-06,28.950000762939453,29.06999969482422,28.61000061035156,28.71999931335449,27.627836227416992,687230
2023-11-07,28.559999465942383,28.690000534057617,28.38999938964844,28.68000030517578,27.58935737609864,513576
2023-11-08,28.559999465942383,28.940000534057617,28.520000457763672,28.71999931335449,27.627836227416992,833523
2023-11-09,28.709999084472656,28.739999771118164,28.43000030517578,28.670000076293945,27.57973861694336,642921
2023-11-10,28.600000381469727,28.96999931335449,28.59000015258789,28.799999237060547,27.70479202270508,660349
2023-11-13,28.959999084472656,29.18000030517578,28.68000030517578,29.18000030517578,28.07034492492676,715333
2023-11-14,29.280000686645508,29.88999938964844,29.18000030517578,29.790000915527344,28.657146453857425,2456642
2023-11-15,29.89999961853028,30.020000457763672,29.780000686645508,29.89999961853028,28.7629623413086,616419
2023-11-16,30.0,30.01000022888184,29.799999237060547,29.799999237060547,28.666763305664062,512166
2023-11-17,29.88999938964844,30.26000022888184,29.88999938964844,30.26000022888184,29.10927391052246,1850543
2023-11-20,30.299999237060547,30.3700008392334,30.170000076293945,30.209999084472656,29.06117057800293,612733
2023-11-21,30.26000022888184,30.780000686645508,30.209999084472656,30.71999931335449,29.55177879333496,803706
2023-11-22,30.84000015258789,30.989999771118164,30.709999084472656,30.8799991607666,29.7056941986084,585453
2023-11-23,30.89999961853028,30.940000534057617,30.64999961853028,30.84000015258789,29.667217254638672,396531
2023-11-24,30.8700008392334,31.11000061035156,30.8700008392334,31.030000686645508,29.849992752075195,705558
2023-11-27,31.040000915527344,31.280000686645508,31.01000022888184,31.100000381469727,29.917329788208008,1099225
2023-11-28,31.07999992370605,31.25,30.790000915527344,30.959999084472656,29.78265380859375,1003521
2023-11-29,31.5,31.940000534057617,31.5,31.540000915527344,30.3405990600586,1147012
2023-11-30,31.59000015258789,31.76000022888184,31.40999984741211,31.76000022888184,30.552230834960938,5236526
2023-12-01,31.600000381469727,31.89999961853028,31.59000015258789,31.799999237060547,30.590707778930664,807616
2023-12-04,31.799999237060547,31.959999084472656,31.76000022888184,31.770000457763672,30.561851501464844,573258
2023-12-05,31.84000015258789,32.290000915527344,31.780000686645508,32.22999954223633,31.00435447692871,1016779
2023-12-06,32.29999923706055,32.5099983215332,32.2400016784668,32.33000183105469,31.100555419921875,619659
2023-12-07,32.130001068115234,32.380001068115234,32.09000015258789,32.25,31.023595809936523,676945
2023-12-08,32.290000915527344,32.5,32.18000030517578,32.47999954223633,31.244850158691406,645129
2023-12-11,32.369998931884766,32.540000915527344,32.349998474121094,32.38999938964844,31.15827178955078,924053
2023-12-12,32.5,32.58000183105469,32.31999969482422,32.38999938964844,31.15827178955078,598900
2023-12-13,32.400001525878906,32.7400016784668,32.290000915527344,32.61000061035156,31.36990737915039,1011326
2023-12-14,32.849998474121094,33.0,32.470001220703125,32.689998626708984,31.44686508178711,793902
2023-12-15,32.68000030517578,32.97999954223633,32.439998626708984,32.84000015258789,31.59116172790528,2665921
2023-12-18,32.70000076293945,32.720001220703125,32.209999084472656,32.2599983215332,31.0332145690918,798667
2023-12-19,32.310001373291016,32.52000045776367,32.189998626708984,32.5,31.26408576965332,962379
2023-12-20,32.59000015258789,32.650001525878906,32.11000061035156,32.61000061035156,31.36990737915039,522969
2023-12-21,32.470001220703125,32.630001068115234,32.43000030517578,32.58000183105469,31.341047286987305,432992
2023-12-22,32.54999923706055,32.709999084472656,32.5,32.630001068115234,31.389144897460938,392190
2023-12-27,32.470001220703125,32.7599983215332,32.45000076293945,32.709999084472656,31.46609878540039,386001
2023-12-28,32.7400016784668,32.88999938964844,32.68000030517578,32.83000183105469,31.58154487609864,341149
2023-12-29,32.79999923706055,33.20000076293945,32.79999923706055,33.02000045776367,31.76431465148925,620309
2024-01-02,33.5,34.41999816894531,33.47999954223633,34.18000030517578,32.88020324707031,1365475
2024-01-03,34.06999969482422,34.13999938964844,33.279998779296875,33.400001525878906,32.12986373901367,1085264
2024-01-04,33.380001068115234,33.88999938964844,33.380001068115234,33.86000061035156,32.57237243652344,1012460
2024-01-05,33.72999954223633,33.72999954223633,33.16999816894531,33.33000183105469,32.06252670288086,1126262
2024-01-08,33.25,33.689998626708984,33.150001525878906,33.689998626708984,32.40883255004883,808914
2024-01-09,33.66999816894531,33.939998626708984,33.439998626708984,33.849998474121094,32.562747955322266,799403
2024-01-10,33.83000183105469,34.349998474121094,33.68000030517578,34.279998779296875,32.97639846801758,1183442
2024-01-11,34.36000061035156,34.66999816894531,34.099998474121094,34.34000015258789,33.03411865234375,1230907
2024-01-12,34.459999084472656,34.79999923706055,34.41999816894531,34.77000045776367,33.44776916503906,1046741
2024-01-15,35.02000045776367,35.119998931884766,34.900001525878906,34.90999984741211,33.58244323730469,1075778
2024-01-16,34.79999923706055,35.02000045776367,34.470001220703125,34.959999084472656,33.63053894042969,998561
2024-01-17,34.72999954223633,34.7400016784668,34.310001373291016,34.5099983215332,33.197654724121094,947046
2024-01-18,34.529998779296875,34.810001373291016,34.279998779296875,34.7599983215332,33.438140869140625,739104
2024-01-19,34.81999969482422,34.959999084472656,34.54999923706055,34.630001068115234,33.31309509277344,1159872
2024-01-22,34.88999938964844,35.279998779296875,34.880001068115234,35.25,33.90951156616211,652406
2024-01-23,35.29999923706055,35.369998931884766,34.369998931884766,34.439998626708984,33.130313873291016,779797
2024-01-24,34.779998779296875,34.900001525878906,34.54999923706055,34.900001525878906,33.57282257080078,655438
2024-01-25,34.849998474121094,35.08000183105469,34.75,35.08000183105469,33.745975494384766,572488
2024-01-26,35.06999969482422,35.61000061035156,35.029998779296875,35.529998779296875,34.17885971069336,777130
2024-01-29,35.540000915527344,35.619998931884766,35.27000045776367,35.290000915527344,33.94799041748047,938591
2024-01-30,35.38999938964844,35.779998779296875,35.310001373291016,35.56999969482422,34.217342376708984,839745
2024-01-31,35.599998474121094,35.7599983215332,35.40999984741211,35.40999984741211,34.06343460083008,1207286
2024-02-01,35.279998779296875,35.66999816894531,33.7400016784668,34.290000915527344,32.98602294921875,1616351
2024-02-02,34.66999816894531,34.7599983215332,34.22999954223633,34.349998474121094,33.043739318847656,954762
2024-02-05,34.40999984741211,35.18000030517578,34.400001525878906,35.119998931884766,33.784454345703125,863396
2024-02-06,35.2599983215332,35.529998779296875,35.209999084472656,35.52000045776367,34.169246673583984,801648
2024-02-07,35.41999816894531,35.83000183105469,35.33000183105469,35.63999938964844,34.28467559814453,806066
2024-02-08,35.81999969482422,36.09999847412109,35.5,35.650001525878906,34.2943000793457,1079781
2024-02-09,35.65999984741211,35.900001525878906,35.58000183105469,35.630001068115234,34.27506637573242,1024988
2024-02-12,35.7400016784668,35.779998779296875,35.380001068115234,35.4900016784668,34.14038848876953,499865
2024-02-13,35.459999084472656,35.5099983215332,34.939998626708984,35.18000030517578,33.84217834472656,730043
2024-02-14,35.119998931884766,35.36000061035156,35.060001373291016,35.36000061035156,34.01532745361328,604292
2024-02-15,35.5,35.619998931884766,35.34000015258789,35.400001525878906,34.053810119628906,582920
2024-02-16,35.529998779296875,35.529998779296875,34.36000061035156,34.810001373291016,33.48624420166016,919543
2024-02-19,34.75,35.209999084472656,34.68000030517578,35.15999984741211,33.822933197021484,573049
2024-02-20,35.04999923706055,35.790000915527344,35.04999923706055,35.5,34.15000534057617,845418
2024-02-21,35.650001525878906,35.75,35.349998474121094,35.45000076293945,34.10190963745117,405095
2024-02-22,35.900001525878906,35.900001525878906,35.20000076293945,35.400001525878906,34.053810119628906,2121257
2024-02-23,35.0,35.099998474121094,34.349998474121094,34.900001525878906,33.57282257080078,1055636
2024-02-26,35.150001525878906,35.150001525878906,34.900001525878906,35.0,33.66902160644531,750262
2024-02-27,34.95000076293945,35.0,34.54999923706055,34.75,33.428524017333984,779697
2024-02-28,34.5,35.0,34.099998474121094,34.45000076293945,33.13993835449219,1282210
2024-02-29,34.54999923706055,34.650001525878906,34.20000076293945,34.650001525878906,33.33232879638672,2777401
2024-03-01,34.54999923706055,34.650001525878906,34.29999923706055,34.5,33.18803787231445,1053039
2024-03-04,34.5,34.5,34.150001525878906,34.349998474121094,33.043739318847656,668055
2024-03-05,34.29999923706055,34.54999923706055,34.20000076293945,34.349998474121094,33.043739318847656,1073135
2024-03-06,34.29999923706055,34.5,33.900001525878906,34.5,33.18803787231445,948257
2024-03-07,34.29999923706055,35.459999084472656,34.2599983215332,35.29999923706055,33.95760726928711,1071353
2024-03-08,35.29999923706055,35.47999954223633,34.91999816894531,35.15999984741211,33.822933197021484,702949
2024-03-11,35.0,36.040000915527344,34.959999084472656,36.040000915527344,34.669471740722656,873065
2024-03-12,36.09999847412109,36.31999969482422,35.7599983215332,36.040000915527344,34.669471740722656,1170572
2024-03-13,36.0,36.52000045776367,35.91999816894531,36.400001525878906,35.01578521728516,799856
2024-03-14,36.400001525878906,36.540000915527344,35.97999954223633,36.119998931884766,34.746429443359375,658908
2024-03-15,36.060001373291016,36.47999954223633,35.900001525878906,36.29999923706055,34.91958236694336,2369584
2024-03-18,36.220001220703125,36.41999816894531,35.900001525878906,36.34000015258789,34.958065032958984,913543
2024-03-19,36.34000015258789,36.540000915527344,36.119998931884766,36.41999816894531,35.03501510620117,894122
2024-03-20,36.400001525878906,36.68000030517578,36.31999969482422,36.58000183105469,35.188941955566406,1244125
2024-03-21,36.7599983215332,37.41999816894531,36.65999984741211,37.31999969482422,35.90079498291016,1060226
2024-03-22,37.18000030517578,37.2599983215332,36.77999877929688,36.91999816894531,35.5160026550293,1242228
2024-03-25,36.91999816894531,37.060001373291016,36.81999969482422,36.959999084472656,35.55448913574219,543264
2024-03-26,37.040000915527344,37.15999984741211,36.68000030517578,36.68000030517578,35.28513717651367,504119
2024-03-27,36.7599983215332,37.34000015258789,36.720001220703125,37.09999847412109,35.68915939331055,1348558
2024-03-28,36.900001525878906,36.93999862670898,36.040000915527344,36.68000030517578,35.28513717651367,1768578
2024-04-02,36.18000030517578,36.459999084472656,35.36000061035156,35.400001525878906,34.053810119628906,1459512
2024-04-03,35.41999816894531,35.84000015258789,35.220001220703125,35.70000076293945,34.34239959716797,873050
2024-04-04,35.619998931884766,35.720001220703125,35.18000030517578,35.5,34.15000534057617,1242172
2024-04-05,35.02000045776367,35.47999954223633,35.0,35.119998931884766,33.784454345703125,1061393
2024-04-08,34.7599983215332,35.119998931884766,34.65999984741211,34.939998626708984,33.61129379272461,1655245
2024-04-09,34.86000061035156,34.939998626708984,34.47999954223633,34.619998931884766,33.303466796875,1369172
2024-04-10,34.720001220703125,34.86000061035156,34.18000030517578,34.52000045776367,33.20726776123047,1924024
2024-04-11,34.5,34.5,33.939998626708984,34.20000076293945,32.89944076538086,1291212
2024-04-12,34.41999816894531,34.779998779296875,34.20000076293945,34.36000061035156,33.0533561706543,836175
2024-04-15,33.959999084472656,34.279998779296875,33.5,33.68000030517578,32.39921569824219,2023646
2024-04-16,33.400001525878906,33.7400016784668,33.15999984741211,33.599998474121094,32.32225799560547,952288
2024-04-17,33.58000183105469,33.81999969482422,33.400001525878906,33.540000915527344,32.2645378112793,1994933
2024-04-18,33.5,33.58000183105469,33.119998931884766,33.220001220703125,31.956710815429688,1391922
2024-04-19,33.2400016784668,33.560001373291016,32.939998626708984,33.220001220703125,31.956710815429688,1248351
2024-04-22,33.29999923706055,33.7599983215332,33.2599983215332,33.599998474121094,32.32225799560547,5389548
2024-04-23,33.70000076293945,34.2599983215332,33.599998474121094,34.20000076293945,32.89944076538086,1327913
2024-04-24,34.099998474121094,34.5,34.099998474121094,34.34000015258789,33.03411865234375,2808453
2024-04-25,34.31999969482422,34.36000061035156,33.439998626708984,33.70000076293945,32.418453216552734,698924
2024-04-26,33.70000076293945,33.91999816894531,33.459999084472656,33.70000076293945,32.418453216552734,872454
2024-04-29,33.779998779296875,34.040000915527344,33.779998779296875,33.880001068115234,32.591609954833984,759829
2024-04-30,33.91999816894531,34.400001525878906,33.540000915527344,33.79999923706055,32.514652252197266,1781699
2024-05-02,33.65999984741211,34.15999984741211,33.65999984741211,34.060001373291016,32.764766693115234,983266
2024-05-03,34.2599983215332,34.619998931884766,34.08000183105469,34.220001220703125,32.91868209838867,4282569
2024-05-06,34.47999954223633,35.20000076293945,34.47999954223633,35.040000915527344,33.707496643066406,1068788
2024-05-07,35.220001220703125,35.619998931884766,34.84000015258789,35.52000045776367,34.169246673583984,1272363
2024-05-08,35.52000045776367,36.2599983215332,35.47999954223633,35.7400016784668,34.38087844848633,1043553
2024-05-09,35.84000015258789,35.84000015258789,35.36000061035156,35.41999816894531,34.07304382324219,864751
2024-05-10,35.2599983215332,35.5,34.459999084472656,34.58000183105469,33.264991760253906,1012111
2024-05-13,34.5,35.040000915527344,34.459999084472656,35.040000915527344,33.707496643066406,733006
2024-05-14,35.880001068115234,36.81999969482422,35.79999923706055,36.58000183105469,35.188941955566406,11587809
2024-05-15,36.63999938964844,37.52000045776367,36.15999984741211,37.400001525878906,35.97775650024414,3362376
2024-05-16,37.380001068115234,37.400001525878906,36.619998931884766,36.720001220703125,35.32361602783203,671909
2024-05-17,36.720001220703125,37.09999847412109,36.65999984741211,37.02000045776367,35.612205505371094,1199788
2024-05-20,36.79999923706055,36.91999816894531,36.400001525878906,36.400001525878906,35.305030822753906,403904
2024-05-21,36.47999954223633,36.619998931884766,36.15999984741211,36.52000045776367,35.421424865722656,914640
2024-05-22,36.5,36.70000076293945,36.119998931884766,36.68000030517578,35.57660675048828,559717
2024-05-23,36.7599983215332,36.880001068115234,36.459999084472656,36.720001220703125,35.61540603637695,427424
2024-05-24,36.58000183105469,36.58000183105469,35.939998626708984,36.31999969482422,35.227439880371094,700098
2024-05-27,36.20000076293945,36.68000030517578,36.119998931884766,36.65999984741211,35.55720901489258,286711
2024-05-28,36.79999923706055,36.91999816894531,36.47999954223633,36.5,35.40202331542969,1155589
2024-05-29,36.43999862670898,36.43999862670898,35.939998626708984,36.09999847412109,35.01405334472656,1244300
2024-05-30,36.0,36.5,35.91999816894531,36.31999969482422,35.227439880371094,591577
2024-05-31,36.380001068115234,36.52000045776367,36.15999984741211,36.2599983215332,35.16923904418945,2578857
2024-06-03,36.58000183105469,36.59999847412109,35.959999084472656,36.36000061035156,35.266231536865234,731538
2024-06-04,36.27999877929688,36.70000076293945,36.13999938964844,36.5,35.40202331542969,658909
2024-06-05,36.5,36.52000045776367,36.13999938964844,36.34000015258789,35.246829986572266,3798304
2024-06-06,36.59999847412109,36.79999923706055,36.5,36.540000915527344,35.44082260131836,479225
2024-06-07,36.59999847412109,36.70000076293945,36.040000915527344,36.13999938964844,35.05284881591797,682336
2024-06-10,36.0,36.13999938964844,35.540000915527344,36.060001373291016,34.97525787353516,712749
2024-06-11,36.0,36.02000045776367,35.34000015258789,35.599998474121094,34.52909469604492,3237075
2024-06-12,35.79999923706055,36.720001220703125,35.68000030517578,36.540000915527344,35.44082260131836,797729
2024-06-13,36.43999862670898,36.52000045776367,36.040000915527344,36.13999938964844,35.05284881591797,2941134
2024-06-14,36.09999847412109,36.68000030517578,35.779998779296875,36.619998931884766,35.518409729003906,1433144
2024-06-17,36.59999847412109,36.7400016784668,35.47999954223633,35.560001373291016,34.49030303955078,839201
2024-06-18,35.779998779296875,36.5,35.7400016784668,36.36000061035156,35.266231536865234,852764
2024-06-19,36.36000061035156,36.5,36.20000076293945,36.380001068115234,35.28563690185547,1723475
2024-06-20,36.41999816894531,36.68000030517578,36.2599983215332,36.47999954223633,35.382625579833984,938948
2024-06-21,36.459999084472656,36.59999847412109,35.939998626708984,36.060001373291016,34.97525787353516,2346592
2024-06-24,36.20000076293945,36.720001220703125,36.060001373291016,36.560001373291016,35.4602165222168,1100505
2024-06-25,36.400001525878906,36.63999938964844,35.86000061035156,36.63999938964844,35.537811279296875,1054322
2024-06-26,36.63999938964844,37.09999847412109,36.400001525878906,36.560001373291016,35.4602165222168,1819336
2024-06-27,36.63999938964844,36.68000030517578,36.15999984741211,36.5,35.40202331542969,1060811
2024-06-28,36.619998931884766,36.720001220703125,36.18000030517578,36.2599983215332,35.16923904418945,784938
2024-07-01,36.5,36.619998931884766,36.20000076293945,36.459999084472656,35.36322784423828,598452
2024-07-02,36.20000076293945,36.34000015258789,35.79999923706055,36.2599983215332,35.16923904418945,704068
2024-07-03,36.540000915527344,37.060001373291016,36.27999877929688,36.97999954223633,35.86758041381836,814971
2024-07-04,36.91999816894531,37.2400016784668,36.86000061035156,37.13999938964844,36.02277374267578,842739
2024-07-05,37.20000076293945,37.68000030517578,37.13999938964844,37.380001068115234,36.25555038452149,982911
2024-07-08,37.34000015258789,37.540000915527344,37.09999847412109,37.18000030517578,36.06156539916992,1159077
2024-07-09,37.13999938964844,37.220001220703125,36.34000015258789,36.400001525878906,35.305030822753906,634116
2024-07-10,36.560001373291016,37.18000030517578,36.47999954223633,37.18000030517578,36.06156539916992,627193
2024-07-11,37.31999969482422,38.380001068115234,37.220001220703125,38.09999847412109,36.95389175415039,880899
2024-07-12,38.09999847412109,38.400001525878906,37.70000076293945,38.220001220703125,37.07028198242188,694546
2024-07-15,38.2400016784668,38.5,38.220001220703125,38.29999923706055,37.14787292480469,713744
2024-07-16,38.119998931884766,38.29999923706055,37.880001068115234,38.2400016784668,37.08968353271485,715477
2024-07-17,38.2400016784668,38.27999877929688,37.900001525878906,38.119998931884766,36.973289489746094,563716
2024-07-18,38.20000076293945,38.58000183105469,37.91999816894531,38.2599983215332,37.10908126831055,672089
2024-07-19,38.20000076293945,38.34000015258789,38.02000045776367,38.2400016784668,37.08968353271485,778500
2024-07-22,38.43999862670898,38.84000015258789,38.08000183105469,38.70000076293945,37.53584289550781,654946
2024-07-23,38.65999984741211,38.7400016784668,38.15999984741211,38.7400016784668,37.57463836669922,533929
2024-07-24,38.5,38.7599983215332,38.29999923706055,38.459999084472656,37.30306625366211,576616
2024-07-25,38.08000183105469,38.34000015258789,37.619998931884766,38.18000030517578,37.03148651123047,992982
2024-07-26,37.400001525878906,38.41999816894531,37.09999847412109,38.060001373291016,36.91510009765625,1267139
2024-07-29,38.29999923706055,38.400001525878906,37.900001525878906,38.0,36.85689926147461,781855
2024-07-30,38.20000076293945,38.79999923706055,38.119998931884766,38.7400016784668,37.57463836669922,836720
2024-07-31,37.900001525878906,37.900001525878906,36.7400016784668,36.7400016784668,35.634803771972656,1992625
2024-08-01,36.70000076293945,36.77999877929688,36.040000915527344,36.060001373291016,34.97525787353516,893225
2024-08-02,35.70000076293945,36.34000015258789,35.599998474121094,36.18000030517578,35.09165573120117,1101545
2024-08-05,35.119998931884766,35.41999816894531,34.2599983215332,35.36000061035156,34.29631423950195,995618
2024-08-06,35.29999923706055,35.400001525878906,34.86000061035156,35.20000076293945,34.14113235473633,998466
2024-08-07,35.5,36.13999938964844,35.15999984741211,36.040000915527344,34.95586013793945,1117072
2024-08-08,35.7400016784668,36.040000915527344,35.560001373291016,35.70000076293945,34.6260871887207,733386
2024-08-09,35.81999969482422,36.15999984741211,35.63999938964844,35.779998779296875,34.70367813110352,664431
2024-08-12,35.91999816894531,36.08000183105469,35.599998474121094,35.779998779296875,34.70367813110352,530967
2024-08-13,35.91999816894531,36.400001525878906,35.84000015258789,36.31999969482422,35.227439880371094,492090
2024-08-14,36.43999862670898,36.58000183105469,36.09999847412109,36.400001525878906,35.305030822753906,347962
2024-08-15,36.36000061035156,36.7400016784668,36.2599983215332,36.70000076293945,35.596004486083984,624374
2024-08-16,36.20000076293945,36.619998931884766,35.779998779296875,36.36000061035156,35.266231536865234,1127883
2024-08-19,36.540000915527344,36.880001068115234,36.36000061035156,36.63999938964844,35.537811279296875,581224
2024-08-20,36.86000061035156,36.959999084472656,36.380001068115234,36.43999862670898,35.34382629394531,394698
2024-08-21,36.47999954223633,36.619998931884766,36.29999923706055,36.459999084472656,35.36322784423828,366692
2024-08-22,36.43999862670898,36.93999862670898,36.43999862670898,36.63999938964844,35.537811279296875,411642
2024-08-23,36.79999923706055,37.13999938964844,36.7400016784668,37.119998931884766,36.00337219238281,425756
2024-08-26,37.060001373291016,37.220001220703125,36.58000183105469,36.68000030517578,35.57660675048828,659101
2024-08-27,36.5,36.77999877929688,36.5,36.59999847412109,35.4990119934082,945635
2024-08-28,36.81999969482422,37.380001068115234,36.70000076293945,37.27999877929688,36.1585578918457,556957
2024-08-29,37.29999923706055,37.43999862670898,36.97999954223633,37.36000061035156,36.23615264892578,1718085
2024-08-30,37.43999862670898,37.7400016784668,37.41999816894531,37.7400016784668,36.60472106933594,1359157
2024-09-02,37.63999938964844,37.959999084472656,37.58000183105469,37.880001068115234,36.740509033203125,497309
2024-09-03,37.900001525878906,38.060001373291016,37.41999816894531,37.59999847412109,36.46892929077149,709063
2024-09-04,37.15999984741211,37.540000915527344,37.02000045776367,37.43999862670898,36.31374740600586,460709
2024-09-05,37.36000061035156,37.959999084472656,37.2599983215332,37.560001373291016,36.430137634277344,5602570
2024-09-06,37.52000045776367,38.040000915527344,37.52000045776367,37.58000183105469,36.44953536987305,532327
2024-09-09,37.77999877929688,38.08000183105469,37.68000030517578,38.08000183105469,36.93449401855469,377379
2024-09-10,37.93999862670898,38.31999969482422,37.70000076293945,37.79999923706055,36.66291809082031,678388
2024-09-11,37.720001220703125,37.79999923706055,37.13999938964844,37.41999816894531,36.29434585571289,662808
2024-09-12,37.7400016784668,37.86000061035156,37.2400016784668,37.34000015258789,36.21675491333008,1649680
2024-09-13,37.380001068115234,38.2400016784668,37.34000015258789,37.959999084472656,36.8181037902832,2026532
2024-09-16,37.900001525878906,38.040000915527344,37.63999938964844,37.77999877929688,36.64352035522461,944121
2024-09-17,37.880001068115234,38.47999954223633,37.84000015258789,38.47999954223633,37.32246398925781,871928
2024-09-18,38.13999938964844,38.31999969482422,38.040000915527344,38.31999969482422,37.16727066040039,646641
2024-09-19,38.5,38.65999984741211,38.220001220703125,38.2400016784668,37.08968353271485,629012
2024-09-20,38.34000015258789,38.43999862670898,37.900001525878906,37.959999084472656,36.8181037902832,3475275
2024-09-23,38.119998931884766,38.58000183105469,38.09999847412109,38.560001373291016,37.40005874633789,630948
2024-09-24,38.7599983215332,38.7599983215332,38.18000030517578,38.58000183105469,37.41945266723633,401427
2024-09-25,38.540000915527344,38.68000030517578,38.2400016784668,38.5,37.34186172485352,442264
2024-09-26,38.7599983215332,38.91999816894531,38.63999938964844,38.7599983215332,37.59403991699219,465653
2024-09-27,38.7400016784668,39.060001373291016,38.65999984741211,38.81999969482422,37.65223693847656,458905
2024-09-30,38.59999847412109,38.70000076293945,38.380001068115234,38.58000183105469,37.41945266723633,764110
2024-10-01,38.59999847412109,39.2400016784668,38.47999954223633,38.68000030517578,37.51644515991211,1577062
2024-10-02,38.68000030517578,38.70000076293945,38.15999984741211,38.59999847412109,37.43885040283203,511199
2024-10-03,38.459999084472656,38.47999954223633,38.08000183105469,38.2400016784668,37.08968353271485,476738
2024-10-04,37.0,37.18000030517578,36.15999984741211,36.540000915527344,35.44082260131836,2132238
2024-10-07,36.720001220703125,37.2400016784668,36.560001373291016,37.09999847412109,35.98397445678711,1010799
2024-10-08,37.08000183105469,37.380001068115234,36.97999954223633,37.220001220703125,36.10036849975586,655942
2024-10-09,37.2599983215332,37.52000045776367,37.040000915527344,37.31999969482422,36.19735336303711,558093
2024-10-10,37.31999969482422,37.560001373291016,37.119998931884766,37.540000915527344,36.41073989868164,725790
2024-10-11,37.41999816894531,37.68000030517578,37.31999969482422,37.459999084472656,36.3331413269043,607412
2024-10-14,37.5,37.93999862670898,37.43999862670898,37.93999862670898,36.7987060546875,477403
2024-10-15,38.040000915527344,38.59999847412109,38.02000045776367,38.31999969482422,37.16727066040039,613824
2024-10-16,38.2400016784668,38.900001525878906,38.20000076293945,38.900001525878906,37.729827880859375,641044
2024-10-17,38.720001220703125,39.08000183105469,38.459999084472656,38.79999923706055,37.6328353881836,589519
2024-10-18,38.70000076293945,38.959999084472656,38.70000076293945,38.959999084472656,37.78802108764648,974869
2024-10-21,38.97999954223633,39.02000045776367,38.27999877929688,38.27999877929688,37.12847518920898,991792
2024-10-22,38.15999984741211,38.27999877929688,37.720001220703125,38.040000915527344,36.89569854736328,487236
2024-10-23,38.040000915527344,38.34000015258789,37.84000015258789,38.18000030517578,37.03148651123047,463940
2024-10-24,38.2400016784668,38.400001525878906,37.77999877929688,37.77999877929688,36.64352035522461,542568
2024-10-25,37.7400016784668,37.79999923706055,37.02000045776367,37.20000076293945,36.080963134765625,944564
2024-10-28,37.380001068115234,37.959999084472656,37.380001068115234,37.79999923706055,36.66291809082031,400270
2024-10-29,38.119998931884766,38.20000076293945,37.65999984741211,37.84000015258789,36.70171737670898,560566
2024-10-30,37.959999084472656,37.97999954223633,36.59999847412109,37.02000045776367,35.90637969970703,5460911
2024-10-31,36.86000061035156,37.220001220703125,36.720001220703125,36.880001068115234,35.770591735839844,10976585
2024-11-01,36.880001068115234,37.220001220703125,36.77999877929688,37.220001220703125,36.10036849975586,641811
2024-11-04,37.119998931884766,37.15999984741211,36.2400016784668,36.2400016784668,35.149845123291016,791600
2024-11-05,36.2400016784668,36.43999862670898,36.040000915527344,36.36000061035156,35.266231536865234,623005
2024-11-06,36.15999984741211,36.70000076293945,35.47999954223633,35.720001220703125,35.08911895751953,900693
2024-11-07,35.63999938964844,36.13999938964844,35.41999816894531,35.900001525878906,35.26593780517578,942176
2024-11-08,35.86000061035156,36.08000183105469,35.7400016784668,36.0,35.36417388916016,1025910
2024-11-11,36.27999877929688,36.70000076293945,36.27999877929688,36.619998931884766,35.97322082519531,1099085
2024-11-12,36.29999923706055,36.84000015258789,36.20000076293945,36.31999969482422,35.678524017333984,2894383
2024-11-13,36.20000076293945,36.380001068115234,35.7599983215332,36.0,35.36417388916016,6407264
2024-11-14,36.040000915527344,36.70000076293945,35.86000061035156,36.70000076293945,36.05181121826172,700344
2024-11-15,36.59999847412109,36.93999862670898,36.58000183105469,36.720001220703125,36.07145690917969,860520
2024-11-18,36.65999984741211,36.65999984741211,36.2599983215332,36.560001373291016,35.914283752441406,638365
2024-11-19,36.65999984741211,36.86000061035156,36.15999984741211,36.81999969482422,36.1696891784668,905046
2024-11-20,36.91999816894531,37.18000030517578,36.5,36.65999984741211,36.01251602172852,1969898
2024-11-21,36.52000045776367,36.7400016784668,36.31999969482422,36.720001220703125,36.07145690917969,870171
2024-11-22,36.7400016784668,37.29999923706055,36.7400016784668,37.29999923706055,36.641212463378906,1184828
2024-11-25,38.0,38.900001525878906,37.7400016784668,38.540000915527344,37.859317779541016,5751558
2024-11-26,38.2599983215332,38.70000076293945,38.18000030517578,38.70000076293945,38.01648712158203,959309
2024-11-27,38.619998931884766,39.18000030517578,38.52000045776367,38.86000061035156,38.17366027832031,958278
2024-11-28,38.91999816894531,39.02000045776367,38.68000030517578,38.86000061035156,38.17366027832031,653262
2024-11-29,38.79999923706055,39.040000915527344,38.720001220703125,39.02000045776367,38.33083724975586,732860
2024-12-02,39.0,39.81999969482422,38.91999816894531,39.65999984741211,38.95952987670898,857998
2024-12-03,40.0,40.70000076293945,39.97999954223633,40.70000076293945,39.98116683959961,877380
2024-12-04,40.7599983215332,40.91999816894531,40.540000915527344,40.63999938964844,39.92222213745117,962445
2024-12-05,40.65999984741211,41.09999847412109,40.59999847412109,41.0,40.27586364746094,9862084
2024-12-06,41.060001373291016,41.09999847412109,40.84000015258789,41.0,40.27586364746094,619419
2024-12-09,41.09999847412109,41.459999084472656,40.2599983215332,40.70000076293945,39.98116683959961,731232
2024-12-10,40.7599983215332,40.97999954223633,40.119998931884766,40.119998931884766,39.411407470703125,997977
2024-12-11,40.15999984741211,40.77999877929688,40.040000915527344,40.540000915527344,39.82399368286133,541398
2024-12-12,40.400001525878906,40.900001525878906,40.400001525878906,40.7599983215332,40.04010391235352,740467
2024-12-13,40.720001220703125,40.93999862670898,40.52000045776367,40.619998931884766,39.93647766113281,761450
2024-12-16,40.619998931884766,41.15999984741211,40.619998931884766,41.040000915527344,40.34941101074219,852993
2024-12-17,40.959999084472656,41.13999938964844,40.7400016784668,40.7400016784668,40.05445861816406,2927952
2024-12-18,40.81999969482422,40.93999862670898,40.459999084472656,40.52000045776367,39.83816146850586,2453296
2024-12-19,40.040000915527344,40.29999923706055,39.81999969482422,40.09999847412109,39.42522430419922,1128081
2024-12-20,39.880001068115234,40.040000915527344,39.36000061035156,39.84000015258789,39.16960144042969,3724597
2024-12-23,39.79999923706055,40.13999938964844,39.34000015258789,40.060001373291016,39.38590621948242,1328301
2024-12-24,40.20000076293945,40.540000915527344,40.13999938964844,40.540000915527344,39.85782623291016,249950
2024-12-27,40.68000030517578,40.720001220703125,40.31999969482422,40.59999847412109,39.91681289672852,524499
2024-12-30,40.59999847412109,40.720001220703125,40.47999954223633,40.65999984741211,39.975807189941406,312552
2024-12-31,40.720001220703125,40.84000015258789,40.59999847412109,40.59999847412109,39.91681289672852,554237
2025-01-02,40.59999847412109,40.93999862670898,40.20000076293945,40.86000061035156,40.17243957519531,2656079
2025-01-03,40.91999816894531,40.91999816894531,40.5,40.58000183105469,39.89715576171875,443813
2025-01-06,40.7599983215332,40.86000061035156,40.43999862670898,40.81999969482422,40.133113861083984,491056
2025-01-07,40.900001525878906,41.09999847412109,40.619998931884766,40.68000030517578,39.99546813964844,409352
2025-01-08,40.7400016784668,40.81999969482422,40.15999984741211,40.63999938964844,39.95614242553711,590353
2025-01-09,40.5,41.119998931884766,40.5,41.040000915527344,40.34941101074219,567595
2025-01-10,40.959999084472656,41.060001373291016,39.63999938964844,39.68000030517578,39.012298583984375,743450
2025-01-13,39.5,39.59999847412109,39.2599983215332,39.540000915527344,38.87465286254883,1247545
2025-01-14,39.77999877929688,39.81999969482422,38.880001068115234,39.060001373291016,38.40272903442383,565898
2025-01-15,39.20000076293945,39.380001068115234,39.02000045776367,39.29999923706055,38.63869094848633,594031
2025-01-16,39.93999862670898,39.97999954223633,39.2599983215332,39.77999877929688,39.11061096191406,859456
2025-01-17,39.77999877929688,40.29999923706055,39.7599983215332,40.20000076293945,39.5235481262207,851672
2025-01-20,40.34000015258789,40.720001220703125,40.2400016784668,40.540000915527344,39.85782623291016,496340
2025-01-21,40.540000915527344,41.0,40.43999862670898,40.91999816894531,40.23143005371094,529707
2025-01-22,41.0,41.619998931884766,40.97999954223633,41.619998931884766,40.91965103149414,727173
2025-01-23,41.70000076293945,42.0,41.58000183105469,41.880001068115234,41.17527389526367,576721
2025-01-24,42.09999847412109,42.119998931884766,41.15999984741211,41.29999923706055,40.60503387451172,429829
2025-01-27,41.0,41.29999923706055,40.81999969482422,41.119998931884766,40.42806243896485,546237
2025-01-28,41.34000015258789,41.720001220703125,41.040000915527344,41.68000030517578,40.97864532470703,566513
2025-01-29,41.70000076293945,41.79999923706055,41.08000183105469,41.18000030517578,40.48705673217773,674834
2025-01-30,41.27999877929688,41.86000061035156,41.2400016784668,41.86000061035156,41.15561294555664,640832
2025-01-31,42.0,42.0,41.400001525878906,41.400001525878906,40.70335006713867,947009
2025-02-03,40.93999862670898,40.97999954223633,40.20000076293945,40.36000061035156,39.680850982666016,918923
2025-02-04,40.20000076293945,40.91999816894531,40.20000076293945,40.81999969482422,40.133113861083984,703671
2025-02-05,40.77999877929688,40.93999862670898,40.560001373291016,40.7599983215332,40.07411956787109,688381
2025-02-06,40.7599983215332,41.0,40.5,40.900001525878906,40.21176910400391,686787
2025-02-07,40.97999954223633,41.70000076293945,40.97999954223633,41.20000076293945,40.50672149658203,749453
2025-02-10,41.27999877929688,42.02000045776367,41.27999877929688,42.0,41.29325485229492,754511
2025-02-11,41.720001220703125,42.2599983215332,41.720001220703125,42.220001220703125,41.50955581665039,765374
2025-02-12,42.20000076293945,42.68000030517578,42.13999938964844,42.52000045776367,41.80450439453125,568103
2025-02-13,42.7599983215332,43.040000915527344,42.36000061035156,42.84000015258789,42.11912155151367,531643
2025-02-14,42.79999923706055,42.79999923706055,41.93999862670898,42.77999877929688,42.06013107299805,567696
2025-02-17,42.900001525878906,43.27999877929688,42.619998931884766,43.18000030517578,42.453399658203125,2308839
2025-02-18,43.119998931884766,43.65999984741211,43.09999847412109,43.560001373291016,42.82700729370117,672763
2025-02-19,43.58000183105469,43.63999938964844,43.02000045776367,43.060001373291016,42.33542251586914,565058
2025-02-20,43.15999984741211,43.29999923706055,42.81999969482422,43.02000045776367,42.29609298706055,438599
2025-02-21,43.040000915527344,43.040000915527344,42.47999954223633,42.7400016784668,42.02080535888672,786302
2025-02-24,42.7400016784668,42.81999969482422,41.959999084472656,42.18000030517578,41.4702262878418,534529
2025-02-25,41.959999084472656,42.63999938964844,41.86000061035156,42.5,41.78483963012695,465115
2025-02-26,42.43999862670898,43.20000076293945,42.41999816894531,43.09999847412109,42.3747444152832,559044
2025-02-27,42.959999084472656,43.52000045776367,42.81999969482422,43.2599983215332,42.53205108642578,677764
2025-02-28,42.459999084472656,42.81999969482422,41.720001220703125,42.81999969482422,42.09946060180664,2002176
2025-03-03,42.97999954223633,42.97999954223633,42.060001373291016,42.540000915527344,41.82417297363281,703811
2025-03-04,42.2599983215332,42.380001068115234,41.400001525878906,41.58000183105469,40.88032531738281,805025
2025-03-05,41.97999954223633,42.7400016784668,41.70000076293945,42.02000045776367,41.31291961669922,951232
2025-03-06,42.2599983215332,42.31999969482422,40.540000915527344,40.58000183105469,39.89715576171875,1237458
2025-03-07,40.2400016784668,40.720001220703125,40.060001373291016,40.20000076293945,39.5235481262207,911760
2025-03-10,40.619998931884766,40.70000076293945,39.43999862670898,39.540000915527344,38.87465286254883,884502
2025-03-11,39.70000076293945,40.02000045776367,39.02000045776367,39.119998931884766,38.46171569824219,741370
2025-03-12,39.400001525878906,39.65999984741211,39.060001373291016,39.36000061035156,38.69768142700195,796768
2025-03-13,39.2599983215332,39.900001525878906,39.09999847412109,39.720001220703125,39.0516242980957,1064106
2025-03-14,39.91999816894531,39.93999862670898,39.18000030517578,39.65999984741211,38.99263000488281,773143
2025-03-17,39.880001068115234,40.09999847412109,39.47999954223633,39.93999862670898,39.26792144775391,593967
2025-03-18,40.040000915527344,40.43999862670898,39.79999923706055,40.36000061035156,39.680850982666016,623250
2025-03-19,40.52000045776367,41.09999847412109,40.31999969482422,40.91999816894531,40.23143005371094,587902
2025-03-20,41.0,41.27999877929688,40.540000915527344,41.27999877929688,40.58536911010742,851676
2025-03-21,41.08000183105469,41.34000015258789,40.91999816894531,41.27999877929688,40.58536911010742,1653249
2025-03-24,41.380001068115234,41.560001373291016,40.70000076293945,40.97999954223633,40.29042053222656,3836382
2025-03-25,41.2599983215332,41.52000045776367,41.13999938964844,41.34000015258789,40.64436340332031,1117828
2025-03-26,41.380001068115234,41.68000030517578,41.2599983215332,41.59999847412109,40.89998626708984,645484
2025-03-27,41.5,42.15999984741211,41.2400016784668,41.93999862670898,41.2342643737793,620292
2025-03-28,41.97999954223633,42.18000030517578,41.619998931884766,41.77999877929688,41.076961517333984,518121
2025-03-31,41.540000915527344,41.720001220703125,40.720001220703125,41.18000030517578,40.48705673217773,1247268
2025-04-01,41.400001525878906,41.7599983215332,40.93999862670898,41.720001220703125,41.01797103881836,667341
2025-04-02,41.720001220703125,42.34000015258789,41.68000030517578,42.31999969482422,41.607872009277344,702560
2025-04-03,42.18000030517578,42.70000076293945,41.08000183105469,41.63999938964844,40.93931198120117,784677
2025-04-04,41.459999084472656,41.459999084472656,38.619998931884766,39.34000015258789,38.67802047729492,967911
2025-04-07,37.09999847412109,39.29999923706055,36.29999923706055,37.20000076293945,36.57402801513672,1357641
2025-04-08,37.34999847412109,38.81999969482422,36.970001220703125,38.47999954223633,37.83248901367188,810179
2025-04-09,37.5,37.900001525878906,36.66999816894531,37.34999847412109,36.72150421142578,1007327
2025-04-10,39.0,39.59999847412109,38.91999816894531,39.220001220703125,38.560035705566406,1107556
2025-04-11,39.470001220703125,39.77000045776367,38.06999969482422,38.220001220703125,37.57686614990234,2440783
2025-04-14,39.11000061035156,39.18000030517578,38.5,39.09000015258789,38.43222427368164,594566
2025-04-15,39.09000015258789,39.70000076293945,38.68000030517578,39.70000076293945,39.031959533691406,709334
2025-04-16,39.54999923706055,40.0,39.369998931884766,40.0,39.32691192626953,1267181
2025-04-17,39.970001220703125,40.08000183105469,39.52999877929688,39.900001525878906,39.22859573364258,471520
2025-04-22,39.66999816894531,40.369998931884766,39.560001373291016,40.209999084472656,39.53337860107422,599545
2025-04-23,40.86000061035156,41.0,40.31999969482422,40.59000015258789,39.906982421875,805658
2025-04-24,40.5,41.150001525878906,40.45000076293945,41.09999847412109,40.40840148925781,1576546
2025-04-25,42.45000076293945,43.02999877929688,42.0099983215332,42.20000076293945,41.48989486694336,2294255
2025-04-28,42.41999816894531,42.5099983215332,42.119998931884766,42.22999954223633,41.51938629150391,864215
2025-04-29,42.52000045776367,42.650001525878906,42.22999954223633,42.33000183105469,41.61770248413086,775341
2025-04-30,42.720001220703125,43.02999877929688,42.310001373291016,42.880001068115234,42.158447265625,998560
2025-05-02,43.43999862670898,44.09000015258789,43.060001373291016,43.810001373291016,43.07279968261719,921060
2025-05-05,43.72999954223633,43.93999862670898,43.41999816894531,43.59999847412109,42.866329193115234,2483952
2025-05-06,43.70000076293945,43.7599983215332,43.06999969482422,43.41999816894531,42.689361572265625,1444250
2025-05-07,43.470001220703125,43.630001068115234,43.400001525878906,43.47999954223633,42.74835205078125,971260
2025-05-08,43.77999877929688,43.77999877929688,43.02999877929688,43.22999954223633,42.502559661865234,2016399
2025-05-09,43.459999084472656,43.970001220703125,43.459999084472656,43.59000015258789,42.85650253295898,545746
2025-05-12,44.08000183105469,44.20000076293945,42.970001220703125,43.34999847412109,42.62053680419922,2771787
2025-05-13,43.709999084472656,43.869998931884766,43.40999984741211,43.459999084472656,42.72868728637695,741309
2025-05-14,43.650001525878906,45.16999816894531,43.27999877929688,44.84000015258789,44.08546447753906,2911832
2025-05-15,44.88999938964844,44.88999938964844,44.209999084472656,44.66999816894531,43.9183235168457,1227818
2025-05-16,44.66999816894531,45.09000015258789,44.630001068115234,45.09000015258789,44.33126068115234,889525
2025-05-19,45.38999938964844,45.47999954223633,44.630001068115234,45.45000076293945,44.685203552246094,7650558
2025-05-20,45.5,46.560001373291016,45.4900016784668,46.459999084472656,45.67820739746094,812405
2025-05-21,46.459999084472656,47.09000015258789,46.459999084472656,46.63999938964844,45.85517883300781,817825
2025-05-22,46.27999877929688,46.52000045776367,45.84999847412109,45.959999084472656,45.49702072143555,750882
2025-05-23,46.2400016784668,46.2400016784668,45.150001525878906,46.060001373291016,45.59601593017578,802181
2025-05-26,46.33000183105469,46.93999862670898,46.33000183105469,46.41999816894531,45.95238876342773,3571942
2025-05-27,46.369998931884766,47.040000915527344,46.369998931884766,46.43999862670898,45.97218322753906,3800096
2025-05-28,45.27999877929688,45.86000061035156,44.400001525878906,45.47999954223633,45.021854400634766,1684842
2025-05-29,45.77999877929688,45.77999877929688,45.02000045776367,45.25,44.79417419433594,640770
2025-05-30,45.27999877929688,45.59999847412109,44.810001373291016,44.84000015258789,44.3883056640625,5162308
2025-06-02,44.83000183105469,45.15999984741211,44.31999969482422,45.04999923706055,44.59619140625,545693
2025-06-03,45.380001068115234,45.400001525878906,44.59999847412109,44.900001525878906,44.44770431518555,2713823
2025-06-04,45.02000045776367,45.02000045776367,44.400001525878906,44.650001525878906,44.2002182006836,493725
2025-06-05,44.900001525878906,45.08000183105469,44.400001525878906,44.869998931884766,44.417999267578125,268611
2025-06-06,44.88999938964844,45.150001525878906,44.790000915527344,45.09999847412109,44.64568328857422,362032
2025-06-09,45.130001068115234,45.13999938964844,44.650001525878906,44.72999954223633,44.27941131591797,3793184
2025-06-10,44.9900016784668,45.310001373291016,44.880001068115234,45.060001373291016,44.6060905456543,472953
2025-06-11,45.0,45.150001525878906,44.77000045776367,44.880001068115234,44.42790222167969,373533
2025-06-12,44.63999938964844,44.90999984741211,44.47999954223633,44.709999084472656,44.259613037109375,423446
2025-06-13,44.16999816894531,44.54999923706055,43.93999862670898,44.54999923706055,44.10122680664063,1560499
2025-06-16,44.650001525878906,44.7599983215332,44.34000015258789,44.65999984741211,44.21011734008789,4828321
2025-06-17,44.34999847412109,44.459999084472656,43.93999862670898,44.2599983215332,43.81414413452149,525302
2025-06-18,44.2400016784668,44.33000183105469,43.72999954223633,43.86000061035156,43.41817855834961,1080328
2025-06-19,43.66999816894531,43.88999938964844,43.43999862670898,43.4900016784668,43.05190658569336,378849
2025-06-20,43.52000045776367,43.81999969482422,43.33000183105469,43.560001373291016,43.12120056152344,1109758
2025-06-23,43.5,44.20000076293945,43.310001373291016,44.06999969482422,43.62606048583984,446468
2025-06-24,44.709999084472656,44.79999923706055,44.220001220703125,44.369998931884766,43.923038482666016,515584
2025-06-25,45.0,45.130001068115234,44.709999084472656,44.81999969482422,44.36850738525391,720962
2025-06-26,44.790000915527344,45.06999969482422,44.66999816894531,44.90999984741211,44.45759963989258,313882
2025-06-27,45.119998931884766,45.369998931884766,45.040000915527344,45.33000183105469,44.87337112426758,459141
2025-06-30,45.52000045776367,45.52999877929688,45.16999816894531,45.2599983215332,44.80406951904297,508846
2025-07-01,45.34000015258789,45.4900016784668,44.9900016784668,45.119998931884766,44.66548538208008,431704
2025-07-02,45.2400016784668,45.369998931884766,44.369998931884766,44.77999877929688,44.32890701293945,387299
2025-07-03,44.7599983215332,45.22999954223633,44.52999877929688,45.09999847412109,44.64568328857422,362746
2025-07-04,45.13999938964844,45.29999923706055,44.45000076293945,44.720001220703125,44.26951599121094,357837
2025-07-07,44.790000915527344,45.0,44.5099983215332,45.0,44.54669189453125,758459
2025-07-08,45.0,45.09000015258789,44.56999969482422,44.72999954223633,44.27941131591797,428921
2025-07-09,44.97999954223633,45.150001525878906,44.75,44.9900016784668,44.53679656982422,296678
2025-07-10,45.16999816894531,45.209999084472656,44.72999954223633,45.0,44.54669189453125,636376
2025-07-11,44.70000076293945,45.06999969482422,44.70000076293945,45.060001373291016,44.6060905456543,342404
2025-07-14,44.400001525878906,45.02999877929688,44.16999816894531,44.900001525878906,44.44770431518555,615483
2025-07-15,44.93999862670898,45.22999954223633,44.63999938964844,44.75,44.29921340942383,506170
2025-07-16,44.72999954223633,45.119998931884766,44.66999816894531,44.68999862670898,44.23981475830078,468111
2025-07-17,44.65999984741211,45.61000061035156,44.65999984741211,45.34000015258789,44.88327026367188,550536
2025-07-18,45.540000915527344,45.54999923706055,45.06999969482422,45.54999923706055,45.09115219116211,1114554
2025-07-21,45.59999847412109,45.70000076293945,45.13999938964844,45.31999969482422,44.863468170166016,383358
2025-07-22,45.119998931884766,45.38999938964844,45.02999877929688,45.060001373291016,44.6060905456543,1229482
2025-07-23,45.27999877929688,45.619998931884766,44.91999816894531,45.36000061035156,44.90306854248047,730917
2025-07-24,45.68000030517578,46.220001220703125,45.459999084472656,45.709999084472656,45.24953842163086,646637
2025-07-25,45.720001220703125,45.880001068115234,44.790000915527344,45.33000183105469,44.87337112426758,879207
2025-07-28,45.65999984741211,45.68000030517578,44.79999923706055,45.09000015258789,44.63578796386719,731291
2025-07-29,45.29999923706055,45.52999877929688,44.84000015258789,45.52999877929688,45.07135391235352,647855
2025-07-30,45.0,45.43000030517578,44.18000030517578,45.380001068115234,44.92286682128906,810722
2025-07-31,45.54999923706055,46.18999862670898,44.900001525878906,44.900001525878906,44.44770431518555,783510
2025-08-01,44.59999847412109,44.70000076293945,43.810001373291016,43.970001220703125,43.52706909179688,826247
2025-08-04,44.18000030517578,44.63999938964844,43.90999984741211,44.5,44.05172729492188,543113
2025-08-05,44.84999847412109,44.84999847412109,44.47999954223633,44.720001220703125,44.26951599121094,1559625
2025-08-06,44.97999954223633,45.0,44.29999923706055,44.7599983215332,44.30910873413086,447042
2025-08-07,44.77000045776367,45.15999984741211,44.72999954223633,45.0099983215332,44.55659103393555,541953
2025-08-08,45.220001220703125,45.2599983215332,44.84000015258789,44.93999862670898,44.48729705810547,367891
2025-08-11,45.16999816894531,45.34000015258789,44.90999984741211,45.310001373291016,44.85357284545898,429874
2025-08-12,45.5,45.59999847412109,45.29999923706055,45.47999954223633,45.021854400634766,407019
2025-08-13,45.86000061035156,46.16999816894531,45.5099983215332,45.54999923706055,45.09115219116211,591550
2025-08-14,45.970001220703125,46.38999938964844,45.900001525878906,46.38999938964844,45.92269134521485,737845
2025-08-15,47.0099983215332,47.220001220703125,46.720001220703125,46.790000915527344,46.318660736083984,632821
2025-08-18,46.869998931884766,46.959999084472656,46.4900016784668,46.91999816894531,46.44734954833984,461469
2025-08-19,47.209999084472656,47.2599983215332,46.81999969482422,47.130001068115234,46.65523910522461,696896
2025-08-20,46.95000076293945,47.4900016784668,46.83000183105469,47.43000030517578,46.95221710205078,710668
2025-08-21,47.43000030517578,47.47999954223633,46.84000015258789,47.2599983215332,46.7839241027832,557572
2025-08-22,47.33000183105469,47.72999954223633,47.220001220703125,47.56999969482422,47.09080123901367,360743
2025-08-25,47.33000183105469,47.619998931884766,46.90999984741211,47.18999862670898,46.714630126953125,406623
2025-08-26,46.959999084472656,47.09000015258789,46.470001220703125,46.77999877929688,46.30876159667969,1053268
2025-08-27,46.7599983215332,47.290000915527344,46.7599983215332,47.04999923706055,46.5760383605957,528416
2025-08-28,47.119998931884766,47.13999938964844,46.7599983215332,47.0,46.52654647827149,306693
2025-08-29,47.09000015258789,47.09999847412109,46.68999862670898,46.68999862670898,46.219669342041016,507887
2025-09-01,46.720001220703125,46.93999862670898,46.52000045776367,46.79999923706055,46.32855987548828,220370
2025-09-02,46.630001068115234,46.81999969482422,45.59000015258789,45.709999084472656,45.24953842163086,508487
2025-09-03,45.68000030517578,46.09999847412109,45.68000030517578,46.040000915527344,45.57621765136719,529814
2025-09-04,46.02000045776367,47.060001373291016,45.86000061035156,46.900001525878906,46.42755508422852,502564
2025-09-05,47.0,47.25,46.77000045776367,46.959999084472656,46.48694610595703,544432
2025-09-08,47.34999847412109,47.83000183105469,47.20000076293945,47.68000030517578,47.1996955871582,551324
2025-09-09,46.900001525878906,47.4900016784668,46.66999816894531,47.18999862670898,46.714630126953125,918880
2025-09-10,47.25,48.02000045776367,47.25,47.81999969482422,47.338287353515625,790557
2025-09-11,48.06999969482422,48.93999862670898,47.79999923706055,48.810001373291016,48.31831359863281,1142842
2025-09-12,48.77999877929688,49.18999862670898,48.650001525878906,48.880001068115234,48.38760757446289,823709
2025-09-15,49.08000183105469,49.18999862670898,48.68999862670898,48.72999954223633,48.23911666870117,595445
2025-09-16,48.959999084472656,49.150001525878906,48.18999862670898,48.18999862670898,47.70455932617188,687537
2025-09-17,48.400001525878906,48.90999984741211,48.27000045776367,48.720001220703125,48.22922134399414,799614
2025-09-18,49.18999862670898,49.5099983215332,48.77999877929688,49.09999847412109,48.60538864135742,603249
2025-09-19,49.13999938964844,49.5,48.900001525878906,48.900001525878906,48.40740585327149,2687048
2025-09-22,48.97999954223633,49.0,48.38999938964844,48.93000030517578,48.43710708618164,725601
2025-09-23,49.310001373291016,49.34999847412109,48.59000015258789,48.59000015258789,48.100528717041016,504922
2025-09-24,48.560001373291016,48.810001373291016,48.29999923706055,48.29999923706055,47.81344985961914,694086
2025-09-25,48.290000915527344,48.34999847412109,47.880001068115234,48.0,47.51647186279297,594715
2025-09-26,48.04999923706055,48.4900016784668,48.0,48.2400016784668,47.75405502319336,575678
2025-09-29,48.459999084472656,48.68000030517578,48.06999969482422,48.45000076293945,47.96194076538086,633690
2025-09-30,48.66999816894531,49.02000045776367,48.2599983215332,48.77999877929688,48.28861618041992,1007159
2025-10-01,49.31999969482422,49.43000030517578,48.86000061035156,49.150001525878906,48.65489196777344,910344
2025-10-02,49.41999816894531,50.15999984741211,49.31999969482422,50.13999938964844,49.63491439819336,869430
2025-10-03,50.68000030517578,50.880001068115234,50.13999938964844,50.560001373291016,50.05068588256836,3608338
2025-10-06,50.47999954223633,51.09999847412109,50.18000030517578,50.959999084472656,50.4466552734375,493383
2025-10-07,51.220001220703125,51.77999877929688,50.81999969482422,51.560001373291016,51.04061126708984,5236882
2025-10-08,51.65999984741211,52.29999923706055,51.5,51.91999816894531,51.3969841003418,1787078
2025-10-09,52.2400016784668,52.400001525878906,51.59999847412109,51.59999847412109,51.08020782470703,767455
2025-10-10,51.81999969482422,52.29999923706055,51.560001373291016,51.560001373291016,51.04061126708984,1086303
2025-10-13,51.65999984741211,52.27999877929688,51.560001373291016,51.86000061035156,51.337589263916016,1007131
2025-10-14,51.70000076293945,52.47999954223633,51.63999938964844,52.2599983215332,51.73355484008789,1310955
2025-10-15,52.91999816894531,53.09999847412109,52.18000030517578,52.2400016784668,51.71376419067383,987786
2025-10-16,52.2599983215332,53.91999816894531,52.13999938964844,53.91999816894531,53.37683868408203,8181370
2025-10-17,53.84000015258789,54.7400016784668,53.58000183105469,53.91999816894531,53.37683868408203,1197253
2025-10-20,54.29999923706055,54.58000183105469,54.119998931884766,54.31999969482422,53.77280807495117,5335964
2025-10-21,54.29999923706055,54.41999816894531,53.79999923706055,54.09999847412109,53.555023193359375,785181
2025-10-22,54.20000076293945,54.86000061035156,54.13999938964844,54.20000076293945,53.65401458740234,2769260
2025-10-23,54.18000030517578,54.81999969482422,54.08000183105469,54.59999847412109,54.04998779296875,409215
2025-10-24,54.43999862670898,55.060001373291016,53.900001525878906,54.79999923706055,54.72597122192383,580805
2025-10-27,55.0,55.619998931884766,54.79999923706055,55.47999954223633,55.405052185058594,650780
2025-10-28,56.0,56.08000183105469,55.040000915527344,55.040000915527344,54.96564865112305,744844
2025-10-29,53.13999938964844,54.13999938964844,52.540000915527344,53.400001525878906,53.32786560058594,8744025
2025-10-30,54.09999847412109,54.77999877929688,53.68000030517578,54.2599983215332,54.18669891357422,661575
2025-10-31,54.15999984741211,54.2400016784668,53.119998931884766,53.20000076293945,53.12813568115234,1151848
2025-11-03,53.400001525878906,54.040000915527344,53.400001525878906,53.880001068115234,53.80721664428711,555834
2025-11-04,53.52000045776367,54.47999954223633,53.380001068115234,54.41999816894531,54.34648513793945,669275
2025-11-05,54.31999969482422,55.7400016784668,54.15999984741211,55.15999984741211,55.08548355102539,824143
2025-11-06,55.79999923706055,55.79999923706055,54.619998931884766,54.619998931884766,54.54621505737305,819479
2025-11-07,55.15999984741211,55.20000076293945,54.09999847412109,54.20000076293945,54.12678146362305,665298
2025-11-10,54.63999938964844,55.08000183105469,54.2599983215332,54.77999877929688,54.705997467041016,1090705
2025-11-11,54.97999954223633,55.220001220703125,54.84000015258789,54.93999862670898,54.86577987670898,786370
2025-11-12,55.08000183105469,55.77999877929688,54.86000061035156,55.540000915527344,55.46497344970703,2903308
2025-11-13,56.0,56.13999938964844,55.36000061035156,55.41999816894531,55.34513092041016,1012082
2025-11-14,55.119998931884766,55.47999954223633,54.5,55.15999984741211,55.08548355102539,928366
2025-11-17,55.0,55.29999923706055,54.459999084472656,54.619998931884766,54.54621505737305,563389
2025-11-18,54.02000045776367,54.2400016784668,53.5,53.7400016784668,53.66740417480469,1103649
2025-11-19,53.7599983215332,54.47999954223633,53.59999847412109,54.119998931884766,54.04689025878906,1897720
2025-11-20,54.52000045776367,55.70000076293945,54.43999862670898,55.060001373291016,54.98562240600586,1088575
2025-11-21,54.400001525878906,54.70000076293945,53.720001220703125,54.119998931884766,54.04689025878906,1137692
2025-11-24,54.41999816894531,56.09999847412109,54.41999816894531,55.91999816894531,55.84445571899414,1811307
2025-11-25,56.220001220703125,56.41999816894531,55.63999938964844,56.040000915527344,55.964298248291016,655754
2025-11-26,56.79999923706055,56.81999969482422,55.900001525878906,56.459999084472656,56.38372802734375,783614
2025-11-27,56.52000045776367,56.91999816894531,56.31999969482422,56.31999969482422,56.243919372558594,649627
2025-11-28,56.41999816894531,56.68000030517578,56.08000183105469,56.459999084472656,56.38372802734375,508899
2025-12-01,56.119998931884766,56.36000061035156,55.52000045776367,56.040000915527344,55.964298248291016,7226336
2025-12-02,56.20000076293945,56.619998931884766,56.02000045776367,56.2599983215332,56.18399810791016,6002388
2025-12-03,56.040000915527344,57.08000183105469,55.97999954223633,57.0,56.92300033569336,869084
2025-12-04,57.09999847412109,57.13999938964844,56.43999862670898,56.7599983215332,56.7599983215332,883640
2025-12-05,56.81999969482422,57.20000076293945,56.29999923706055,56.459999084472656,56.459999084472656,1702557
2025-12-08,56.52000045776367,57.43999862670898,56.52000045776367,57.36000061035156,57.36000061035156,519180
2025-12-09,57.5,57.84000015258789,57.060001373291016,57.36000061035156,57.36000061035156,6253326
2025-12-10,56.93999862670898,57.15999984741211,56.08000183105469,56.540000915527344,56.540000915527344,2104017
2025-12-11,56.70000076293945,56.880001068115234,55.65999984741211,56.09999847412109,56.09999847412109,2247591
2025-12-12,56.93999862670898,57.65999984741211,56.36000061035156,56.36000061035156,56.36000061035156,610681
2025-12-15,57.400001525878906,57.81999969482422,56.43999862670898,57.59999847412109,57.59999847412109,795197
2025-12-16,57.29999923706055,57.380001068115234,56.81999969482422,57.08000183105469,57.08000183105469,799699
2025-12-17,57.2599983215332,57.720001220703125,56.77999877929688,56.77999877929688,56.77999877929688,700936
2025-12-18,56.29999923706055,56.93999862670898,56.060001373291016,56.560001373291016,56.560001373291016,2285297
2025-12-19,56.63999938964844,56.7400016784668,55.619998931884766,56.34000015258789,56.34000015258789,2278794
2025-12-22,56.5,56.58000183105469,55.959999084472656,56.29999923706055,56.29999923706055,840775
2025-12-23,55.47999954223633,56.08000183105469,55.060001373291016,55.43999862670898,55.43999862670898,772986
2025-12-24,55.65999984741211,55.65999984741211,55.27999877929688,55.41999816894531,55.41999816894531,167620
2025-12-29,55.400001525878906,55.560001373291016,54.900001525878906,55.36000061035156,55.36000061035156,609564
2025-12-30,54.959999084472656,55.70000076293945,54.959999084472656,55.63999938964844,55.63999938964844,481463
2025-12-31,55.34000015258789,55.36000061035156,55.0,55.34000015258789,55.34000015258789,239807
2026-01-02,55.040000915527344,55.459999084472656,54.97999954223633,55.34000015258789,55.34000015258789,1230804
2026-01-05,55.43999862670898,56.58000183105469,55.220001220703125,56.400001525878906,56.400001525878906,2663485
2026-01-06,57.040000915527344,57.2599983215332,56.65999984741211,56.79999923706055,56.79999923706055,2194529
2026-01-07,57.36000061035156,58.060001373291016,57.34000015258789,57.7400016784668,57.7400016784668,942428
2026-01-08,57.81999969482422,58.08000183105469,57.52000045776367,57.65999984741211,57.65999984741211,1122188
2026-01-09,57.58000183105469,58.02000045776367,56.18000030517578,56.79999923706055,56.79999923706055,1659772
2026-01-12,56.81999969482422,57.560001373291016,56.560001373291016,57.540000915527344,57.540000915527344,521176
2026-01-13,57.79999923706055,58.02000045776367,57.040000915527344,57.93999862670898,57.93999862670898,540339
2026-01-14,58.20000076293945,58.720001220703125,57.720001220703125,58.060001373291016,58.060001373291016,813242
2026-01-15,58.27999877929688,58.52000045776367,57.29999923706055,58.34000015258789,58.34000015258789,600130
2026-01-16,58.13999938964844,58.560001373291016,57.880001068115234,58.560001373291016,58.560001373291016,868747
2026-01-19,58.040000915527344,58.560001373291016,57.93999862670898,58.220001220703125,58.220001220703125,328233
2026-01-20,57.59999847412109,57.63999938964844,56.81999969482422,56.86000061035156,56.86000061035156,697900
2026-01-21,56.7400016784668,56.93999862670898,56.27999877929688,56.68000030517578,56.68000030517578,396540
2026-01-22,57.7599983215332,57.959999084472656,57.09999847412109,57.41999816894531,57.41999816894531,516302
2026-01-23,57.41999816894531,57.41999816894531,56.29999923706055,56.70000076293945,56.70000076293945,615472
2026-01-26,56.70000076293945,57.27999877929688,56.09999847412109,57.0,57.0,528413
2026-01-27,57.08000183105469,57.86000061035156,57.02000045776367,57.63999938964844,57.63999938964844,1552932
2026-01-28,57.880001068115234,58.02000045776367,56.400001525878906,56.79999923706055,56.79999923706055,674618
2026-01-29,56.52000045776367,57.27999877929688,56.2400016784668,56.380001068115234,56.380001068115234,618854
2026-01-30,56.540000915527344,57.459999084472656,56.43999862670898,57.02000045776367,57.02000045776367,785309
2026-02-02,57.08000183105469,57.880001068115234,56.7400016784668,57.47999954223633,57.47999954223633,643908
2026-02-03,58.0,58.41999816894531,57.65999984741211,58.13999938964844,58.13999938964844,571851
2026-02-04,58.08000183105469,58.619998931884766,57.65999984741211,57.65999984741211,57.65999984741211,580403
2026-02-05,57.84000015258789,58.34000015258789,57.540000915527344,58.2400016784668,58.2400016784668,542982
2026-02-06,59.13999938964844,59.97999954223633,58.560001373291016,59.97999954223633,59.97999954223633,564187
2026-02-09,60.220001220703125,61.459999084472656,60.02000045776367,61.459999084472656,61.459999084472656,548261
2026-02-10,61.5,62.18000030517578,60.900001525878906,61.5,61.5,986579
2026-02-11,61.70000076293945,62.5,61.380001068115234,62.08000183105469,62.08000183105469,595691
2026-02-12,62.2599983215332,62.93999862670898,61.900001525878906,62.15999984741211,62.15999984741211,1048010
2026-02-13,61.7599983215332,62.119998931884766,60.41999816894531,61.27999877929688,61.27999877929688,488686
2026-02-16,61.68000030517578,61.7599983215332,61.119998931884766,61.13999938964844,61.13999938964844,593516
2026-02-17,61.220001220703125,61.79999923706055,60.52000045776367,61.65999984741211,61.65999984741211,557115
2026-02-18,61.65999984741211,62.459999084472656,61.47999954223633,62.31999969482422,62.31999969482422,620122
2026-02-19,61.18000030517578,61.720001220703125,60.2400016784668,60.900001525878906,60.900001525878906,619627
2026-02-20,61.13999938964844,62.08000183105469,60.97999954223633,61.720001220703125,61.720001220703125,1132013
2026-02-23,61.619998931884766,62.08000183105469,61.20000076293945,61.63999938964844,61.63999938964844,573570
2026-02-24,61.560001373291016,62.060001373291016,61.20000076293945,61.7400016784668,61.7400016784668,707709
2026-02-25,62.15999984741211,62.29999923706055,60.68000030517578,61.29999923706055,61.29999923706055,903578
2026-02-26,60.5,63.040000915527344,59.7400016784668,62.77999877929688,62.77999877929688,1011738
2026-02-27,62.68000030517578,63.540000915527344,62.5,63.15999984741211,63.15999984741211,1590088
2026-03-02,62.0,62.47999954223633,61.27999877929688,62.2400016784668,62.2400016784668,789912
2026-03-03,60.959999084472656,61.0,58.70000076293945,59.560001373291016,59.560001373291016,1646807
2026-03-04,58.0,60.2400016784668,57.959999084472656,59.59999847412109,59.59999847412109,877450
2026-03-05,59.58000183105469,60.18000030517578,57.91999816894531,58.040000915527344,58.040000915527344,1071161
2026-03-06,58.040000915527344,59.060001373291016,56.2400016784668,57.060001373291016,57.060001373291016,940854
2026-03-09,54.34000015258789,56.380001068115234,53.900001525878906,56.0,56.0,4646734
2026-03-10,57.060001373291016,57.70000076293945,56.880001068115234,57.119998931884766,57.119998931884766,967207
2026-03-11,56.720001220703125,57.08000183105469,56.119998931884766,56.77999877929688,56.77999877929688,779063
2026-03-12,56.619998931884766,56.900001525878906,55.43999862670898,55.93999862670898,55.93999862670898,748403
2026-03-13,55.86000061035156,56.34000015258789,55.20000076293945,55.27999877929688,55.27999877929688,678943
