Date,Open,High,Low,Close,Adj Close,Volume
2015-01-02,20.239999771118164,20.31999969482422,19.595600128173828,20.31999969482422,20.3084716796875,944850
2015-01-05,20.079999923706055,20.34000015258789,20.0,20.280000686645508,20.26849365234375,313300
2015-01-06,19.763999938964844,20.22640037536621,18.799999237060547,18.8799991607666,18.86928939819336,12470725
2015-01-07,18.8799991607666,19.394800186157227,18.8799991607666,19.031999588012695,19.021203994750977,7385150
2015-01-08,19.54400062561035,19.573400497436523,18.959999084472656,19.399999618530273,19.388994216918945,700075
2015-01-09,19.552000045776367,19.552000045776367,19.06800079345703,19.083999633789062,19.07317352294922,356300
2015-01-12,19.083999633789062,19.43079948425293,18.860000610351562,18.860000610351562,18.84930419921875,450225
2015-01-13,18.875999450683594,19.27720069885254,18.68400001525879,18.799999237060547,18.789331436157227,1027850
2015-01-14,18.68400001525879,18.99920082092285,18.68400001525879,18.799999237060547,18.789331436157227,2698475
2015-01-15,19.152000427246094,19.152000427246094,18.735599517822266,19.04400062561035,19.03319549560547,581775
2015-01-16,19.8799991607666,20.559999465942383,19.663999557495117,20.31999969482422,20.3084716796875,12944750
2015-01-19,20.399999618530273,20.559999465942383,20.219999313354492,20.520000457763672,20.508359909057617,702400
2015-01-20,20.360000610351562,20.510000228881836,20.0,20.200000762939453,20.188541412353516,545950
2015-01-21,20.0,20.235599517822266,19.520000457763672,19.520000457763672,19.508930206298828,742025
2015-01-22,19.719999313354492,19.924800872802734,19.200000762939453,19.200000762939453,19.18910789489746,1039150
2015-01-23,19.360000610351562,19.875999450683594,19.079999923706055,19.743999481201172,19.73279571533203,1739375
2015-01-26,19.799999237060547,20.167600631713867,19.674999237060547,19.940000534057617,19.92868995666504,8025775
2015-01-27,20.200000762939453,20.200000762939453,19.68000030517578,19.719999313354492,19.70880889892578,2612700
2015-01-28,19.624000549316406,20.31599998474121,19.624000549316406,20.079999923706055,20.068607330322266,736125
2015-01-29,20.200000762939453,20.799999237060547,19.920000076293945,20.360000610351562,20.348451614379883,5771575
2015-01-30,20.219999313354492,20.540000915527344,20.1200008392334,20.1200008392334,20.108585357666016,533650
2015-02-02,20.459999084472656,20.483200073242188,19.959999084472656,20.100000381469727,20.08859634399414,943300
2015-02-03,20.440000534057617,20.459999084472656,19.804000854492188,20.280000686645508,20.26849365234375,673000
2015-02-04,19.799999237060547,20.347999572753906,19.799999237060547,19.899999618530273,19.888710021972656,659625
2015-02-05,19.799999237060547,20.275999069213867,19.760000228881836,20.18000030517578,20.168556213378906,1997925
2015-02-06,20.200000762939453,20.239999771118164,19.903600692749023,20.219999313354492,20.208528518676758,754725
2015-02-09,19.784000396728516,20.100000381469727,19.7455997467041,19.812000274658203,19.800764083862305,536875
2015-02-10,20.059999465942383,20.15999984741211,19.760000228881836,20.15999984741211,20.148563385009766,285875
2015-02-11,20.0,20.217599868774414,19.607999801635742,19.996000289916992,19.98465919494629,279875
2015-02-12,19.600000381469727,19.851999282836914,19.600000381469727,19.715999603271484,19.70481300354004,481100
2015-02-13,19.600000381469727,20.100000381469727,19.600000381469727,19.812000274658203,19.800764083862305,868000
2015-02-16,19.799999237060547,20.260000228881836,19.535999298095703,19.559999465942383,19.548904418945312,2562700
2015-02-17,19.700000762939453,19.700000762939453,19.282699584960938,19.360000610351562,19.349018096923828,1408400
2015-02-18,19.280000686645508,19.72800064086914,19.20800018310547,19.43600082397461,19.424978256225586,721775
2015-02-19,19.20800018310547,19.808000564575195,19.20800018310547,19.808000564575195,19.79676628112793,577000
2015-02-20,19.40399932861328,20.3799991607666,19.40399932861328,20.139999389648438,20.12857437133789,504425
2015-02-23,19.799999237060547,20.3799991607666,19.799999237060547,20.18000030517578,20.168556213378906,800250
2015-02-24,19.799999237060547,20.31999969482422,19.799999237060547,19.827999114990234,19.816747665405273,257225
2015-02-25,20.3799991607666,20.3799991607666,19.799999237060547,20.200000762939453,20.188541412353516,319025
2015-02-26,20.200000762939453,20.200000762939453,19.86400032043457,20.18000030517578,20.168556213378906,213925
2015-02-27,19.979999542236328,20.079999923706055,19.36400032043457,19.6200008392334,19.608869552612305,999600
2015-03-02,19.41200065612793,20.0,19.40399932861328,19.468000411987305,19.456958770751953,575775
2015-03-03,19.399999618530273,19.967899322509766,19.131999969482422,19.327999114990234,19.317033767700195,1040000
2015-03-04,19.75200080871582,20.02199935913086,19.588600158691406,19.756000518798828,19.744792938232422,690375
2015-03-05,19.8799991607666,19.8799991607666,19.56800079345703,19.631999969482422,19.620866775512695,394925
2015-03-06,19.760000228881836,20.02519989013672,19.600000381469727,19.695999145507812,19.68482780456543,2408300
2015-03-09,20.059999465942383,20.059999465942383,19.375999450683594,19.375999450683594,19.365007400512695,1042000
2015-03-10,19.284000396728516,19.629600524902344,19.200000762939453,19.284000396728516,19.27305793762207,404025
2015-03-11,19.280000686645508,19.746700286865234,19.236000061035156,19.236000061035156,19.22509002685547,869850
2015-03-12,19.239999771118164,19.784000396728516,19.239999771118164,19.479999542236328,19.468950271606445,448350
2015-03-13,19.79599952697754,19.79599952697754,19.243999481201172,19.34000015258789,19.32902717590332,513075
2015-03-16,19.31999969482422,19.799999237060547,19.280000686645508,19.280000686645508,19.269058227539062,385725
2015-03-17,19.799999237060547,19.799999237060547,19.280000686645508,19.280000686645508,19.269058227539062,545400
2015-03-18,19.488000869750977,19.598499298095703,19.41200065612793,19.41200065612793,19.40098762512207,793600
2015-03-19,19.323999404907227,19.804000854492188,19.323999404907227,19.520000457763672,19.508930206298828,2472425
2015-03-20,19.40399932861328,19.784000396728516,19.40399932861328,19.56399917602539,19.552902221679688,5538125
2015-03-23,19.8799991607666,20.57200050354004,19.309799194335938,19.77199935913086,19.760780334472656,1902025
2015-03-24,19.93199920654297,20.0,19.600000381469727,19.75200080871582,19.740795135498047,142350
2015-03-25,19.604000091552734,19.93600082397461,19.600000381469727,19.799999237060547,19.78877067565918,237050
2015-03-26,19.600000381469727,19.719999313354492,19.224000930786133,19.224000930786133,19.213096618652344,498675
2015-03-27,19.511999130249023,19.90959930419922,19.399999618530273,19.503999710083008,19.492938995361328,319975
2015-03-30,19.399999618530273,19.90399932861328,19.091999053955078,19.091999053955078,19.081167221069336,955825
2015-03-31,19.79199981689453,19.799999237060547,19.15839958190918,19.18000030517578,19.169118881225586,946825
2015-04-01,19.219999313354492,19.68000030517578,19.187999725341797,19.399999618530273,19.388994216918945,963800
2015-04-02,19.1200008392334,19.42799949645996,17.59440040588379,18.81999969482422,18.8093204498291,2877700
2015-04-07,18.832000732421875,19.283599853515625,18.57200050354004,19.195999145507812,19.18511199951172,1802875
2015-04-08,19.399999618530273,19.399999618530273,18.799999237060547,18.851999282836914,18.8413028717041,640800
2015-04-09,18.799999237060547,19.68000030517578,18.799999237060547,19.600000381469727,19.588878631591797,1064950
2015-04-10,19.600000381469727,19.79199981689453,19.239999771118164,19.79199981689453,19.780773162841797,4686500
2015-04-13,19.996000289916992,20.051599502563477,19.440000534057617,19.920000076293945,19.90869903564453,667800
2015-04-14,19.600000381469727,20.559999465942383,19.600000381469727,20.3799991607666,20.368436813354492,2168150
2015-04-15,21.020000457763672,21.760000228881836,21.020000457763672,21.559999465942383,21.54776954650879,20353850
2015-04-16,22.0,22.559999465942383,21.744800567626953,22.5,22.487234115600586,3274975
2015-04-17,22.15999984741211,22.639999389648438,22.0,22.479999542236328,22.467247009277344,2665450
2015-04-20,22.559999465942383,23.0,22.399999618530273,22.799999237060547,22.787071228027344,52913400
2015-04-21,22.6200008392334,22.8533992767334,22.079999923706055,22.5,22.487234115600586,1377825
2015-04-22,22.079999923706055,22.985599517822266,22.079999923706055,22.639999389648438,22.62715721130371,1968600
2015-04-23,22.200000762939453,22.803199768066406,22.200000762939453,22.65999984741211,22.647146224975586,642100
2015-04-24,22.799999237060547,23.31999969482422,22.720800399780273,23.31999969482422,23.306772232055664,1653775
2015-04-27,23.399999618530273,23.399999618530273,23.02560043334961,23.34000015258789,23.326757431030273,1393650
2015-04-28,22.600000381469727,23.399999618530273,22.600000381469727,23.31999969482422,23.306772232055664,623275
2015-04-29,23.360000610351562,23.360000610351562,22.765199661254883,23.040000915527344,23.02692985534668,476525
2015-04-30,22.719999313354492,23.360000610351562,22.6200008392334,22.979999542236328,22.966962814331055,1031675
2015-05-01,23.360000610351562,23.360000610351562,22.600000381469727,22.860000610351562,22.847030639648438,443125
2015-05-05,23.34000015258789,23.579999923706055,22.910600662231445,23.520000457763672,23.506656646728516,2028350
2015-05-06,23.600000381469727,23.700000762939453,23.29560089111328,23.520000457763672,23.506656646728516,2914175
2015-05-07,23.399999618530273,23.940000534057617,22.920000076293945,23.8799991607666,23.8664493560791,1379300
2015-05-08,24.0,24.823999404907227,23.8799991607666,24.6200008392334,24.606033325195312,7608050
2015-05-11,24.899999618530273,24.899999618530273,24.559999465942383,24.760000228881836,24.745952606201172,2081925
2015-05-12,24.860000610351562,24.8799991607666,24.420000076293945,24.780000686645508,24.765941619873047,2281525
2015-05-13,24.780000686645508,24.780000686645508,24.440000534057617,24.739999771118164,24.725967407226562,1066300
2015-05-14,24.760000228881836,24.979999542236328,24.639999389648438,24.780000686645508,24.765941619873047,3190800
2015-05-15,24.780000686645508,25.65999984741211,24.46929931640625,25.260000228881836,25.245676040649414,4747725
2015-05-18,25.260000228881836,25.360000610351562,24.79759979248047,25.239999771118164,25.225683212280273,1207200
2015-05-19,25.399999618530273,25.68000030517578,24.82200050354004,25.540000915527344,25.525510787963867,1047825
2015-05-20,25.18000030517578,25.527999877929688,24.846500396728516,25.059999465942383,25.045785903930664,3541700
2015-05-21,25.219999313354492,25.399999618530273,25.153600692749023,25.299999237060547,25.285646438598633,364975
2015-05-22,25.200000762939453,25.600000381469727,25.200000762939453,25.3799991607666,25.365604400634766,698575
2015-05-26,25.399999618530273,25.399999618530273,24.43000030517578,25.15999984741211,25.145721435546875,1170850
2015-05-27,24.540000915527344,25.399999618530273,24.540000915527344,25.280000686645508,25.26565933227539,1366150
2015-05-28,25.34000015258789,25.559999465942383,24.979999542236328,25.399999618530273,25.385591506958008,686250
2015-05-29,25.600000381469727,26.200000762939453,25.312000274658203,26.079999923706055,26.065200805664062,1155875
2015-06-01,25.84000015258789,26.299999237060547,25.73040008544922,26.139999389648438,26.12516975402832,1044950
2015-06-02,26.139999389648438,26.243999481201172,26.0,26.15999984741211,26.14516258239746,555925
2015-06-03,25.600000381469727,26.239999771118164,25.600000381469727,26.0,25.985248565673828,1271975
2015-06-04,26.100000381469727,26.3799991607666,25.81999969482422,25.940000534057617,25.92528533935547,4404950
2015-06-05,26.3799991607666,26.3799991607666,25.8799991607666,26.1200008392334,26.105182647705078,470400
2015-06-08,26.360000610351562,26.360000610351562,25.899999618530273,26.0,25.985248565673828,611575
2015-06-09,26.0,26.0,25.5,25.700000762939453,25.685420989990234,275950
2015-06-10,25.399999618530273,26.459999084472656,25.399999618530273,26.459999084472656,26.444990158081055,204900300
2015-06-11,26.399999618530273,27.654399871826172,26.399999618530273,26.799999237060547,26.7847957611084,3487425
2015-06-12,26.799999237060547,26.940000534057617,26.284799575805664,26.940000534057617,26.92471694946289,1224175
2015-06-15,27.0,27.0,26.219999313354492,26.739999771118164,26.724830627441406,1303075
2015-06-16,26.979999542236328,26.979999542236328,26.700000762939453,26.799999237060547,26.7847957611084,2882600
2015-06-17,27.0,27.0,26.54400062561035,26.739999771118164,26.724830627441406,2372875
2015-06-18,26.780000686645508,26.780000686645508,26.520000457763672,26.6200008392334,26.604894638061523,1270125
2015-06-19,26.799999237060547,26.799999237060547,26.459999084472656,26.799999237060547,26.7847957611084,10144400
2015-06-22,26.799999237060547,27.18000030517578,26.25749969482422,26.799999237060547,26.7847957611084,3055175
2015-06-23,26.68000030517578,27.139999389648438,26.639999389648438,27.0,26.98468780517578,1405225
2015-06-24,27.200000762939453,28.1200008392334,26.579999923706055,28.1200008392334,28.104045867919922,4493500
2015-06-25,27.360000610351562,28.15999984741211,26.798999786376953,27.780000686645508,27.766571044921875,6480875
2015-06-26,27.84000015258789,28.34000015258789,27.479999542236328,28.34000015258789,28.3262996673584,3137825
2015-06-29,27.440000534057617,28.420000076293945,27.250999450683594,28.420000076293945,28.40626335144043,1675325
2015-06-30,27.719999313354492,28.420000076293945,27.719999313354492,28.280000686645508,28.26633071899414,4167950
2015-07-01,28.440000534057617,28.440000534057617,27.780000686645508,28.280000686645508,28.26633071899414,1781275
2015-07-02,28.31999969482422,28.399999618530273,28.11440086364746,28.360000610351562,28.346290588378906,3837975
2015-07-03,28.479999542236328,28.479999542236328,28.219999313354492,28.399999618530273,28.386272430419922,50359800
2015-07-06,28.479999542236328,28.559999465942383,28.020000457763672,28.399999618530273,28.386272430419922,1954175
2015-07-07,28.600000381469727,28.600000381469727,28.263200759887695,28.34000015258789,28.3262996673584,4223950
2015-07-08,28.600000381469727,28.600000381469727,28.09119987487793,28.479999542236328,28.466232299804688,1520275
2015-07-09,28.600000381469727,28.600000381469727,28.18000030517578,28.219999313354492,28.20635986328125,899600
2015-07-10,28.579999923706055,28.579999923706055,27.899999618530273,28.219999313354492,28.20635986328125,3557275
2015-07-13,28.459999084472656,28.459999084472656,28.239200592041016,28.399999618530273,28.386272430419922,2836375
2015-07-14,28.540000915527344,28.540000915527344,28.139999389648438,28.360000610351562,28.346290588378906,10334175
2015-07-15,28.579999923706055,28.579999923706055,28.357200622558594,28.520000457763672,28.50621223449707,1764700
2015-07-16,28.600000381469727,28.6200008392334,28.32080078125,28.6200008392334,28.60616683959961,2351025
2015-07-17,28.31999969482422,28.959999084472656,28.31999969482422,28.799999237060547,28.786073684692383,5995700
2015-07-20,29.040000915527344,29.200000762939453,28.667999267578125,28.81999969482422,28.806068420410156,2545725
2015-07-21,29.200000762939453,29.200000762939453,28.729999542236328,28.8799991607666,28.86603546142578,3233400
2015-07-22,28.700000762939453,29.200000762939453,28.700000762939453,29.0,28.98598289489746,713675
2015-07-23,28.739999771118164,29.200000762939453,28.739999771118164,28.920000076293945,28.906021118164062,553475
2015-07-24,28.739999771118164,29.09040069580078,28.65999984741211,28.719999313354492,28.70611572265625,10795075
2015-07-27,29.399999618530273,29.399999618530273,28.65999984741211,28.959999084472656,28.94599723815918,937400
2015-07-28,28.700000762939453,29.260000228881836,28.700000762939453,28.799999237060547,28.786073684692383,8495525
2015-07-29,29.399999618530273,29.399999618530273,28.68000030517578,29.100000381469727,29.0859317779541,4196450
2015-07-30,28.739999771118164,29.860000610351562,28.739999771118164,29.860000610351562,29.84556770324707,4623775
2015-07-31,31.020000457763672,32.619998931884766,31.020000457763672,32.20000076293945,32.18444061279297,72514025
2015-08-03,32.779998779296875,32.779998779296875,32.2775993347168,32.68000030517578,32.66421127319336,5182575
2015-08-04,32.880001068115234,33.0,32.231998443603516,32.86000061035156,32.84410858154297,30211025
2015-08-05,32.959999084472656,33.380001068115234,32.65999984741211,33.380001068115234,33.36386489868164,7782675
2015-08-06,33.36000061035156,33.959999084472656,33.178001403808594,33.7400016784668,33.723690032958984,9042300
2015-08-07,33.91999816894531,33.939998626708984,33.56999969482422,33.7400016784668,33.723690032958984,3069425
2015-08-10,33.959999084472656,34.439998626708984,33.888999938964844,34.439998626708984,34.423343658447266,2992050
2015-08-11,34.400001525878906,34.7400016784668,34.28239822387695,34.68000030517578,34.663230895996094,3283875
2015-08-12,33.81999969482422,34.4828987121582,33.619998931884766,34.040000915527344,34.02355194091797,1745450
2015-08-13,34.060001373291016,35.23400115966797,34.060001373291016,34.939998626708984,34.9231071472168,4263425
2015-08-14,34.599998474121094,35.10240173339844,34.58000183105469,34.63999938964844,34.623260498046875,2780950
2015-08-17,34.86000061035156,34.92399978637695,34.63999938964844,34.779998779296875,34.76319122314453,1573075
2015-08-18,34.459999084472656,35.20000076293945,34.459999084472656,35.0,34.98308181762695,4678450
2015-08-19,35.13999938964844,35.13999938964844,34.52040100097656,34.959999084472656,34.94309616088867,1053500
2015-08-20,34.70000076293945,35.400001525878906,34.627201080322266,34.70000076293945,34.6832160949707,1694975
2015-08-21,34.41999816894531,34.46540069580078,32.97999954223633,33.36000061035156,33.34387969970703,3146975
2015-08-24,32.599998474121094,32.880001068115234,32.040000915527344,32.220001220703125,32.20443344116211,4701575
2015-08-25,32.65999984741211,33.81999969482422,32.119998931884766,33.81999969482422,33.80365753173828,3502275
2015-08-26,33.34000015258789,34.15999984741211,33.12179946899414,33.68000030517578,33.663726806640625,1731525
2015-08-27,34.0,35.485198974609375,33.86000061035156,35.040000915527344,35.02306365966797,3583975
2015-08-28,35.279998779296875,35.400001525878906,34.59040069580078,35.040000915527344,35.02306365966797,3046350
2015-09-01,35.119998931884766,35.279998779296875,34.81999969482422,34.97999954223633,34.96308898925781,2127300
2015-09-02,35.119998931884766,35.119998931884766,34.47999954223633,34.47999954223633,34.46333312988281,1780725
2015-09-03,34.63999938964844,34.880001068115234,34.55030059814453,34.86000061035156,34.84314727783203,3207700
2015-09-04,35.20000076293945,35.20000076293945,34.439998626708984,34.91999816894531,34.90312194824219,5534500
2015-09-07,34.900001525878906,35.18159866333008,34.65999984741211,34.70000076293945,34.6832160949707,1173025
2015-09-08,34.52000045776367,34.68000030517578,34.459999084472656,34.68000030517578,34.663230895996094,4562100
2015-09-09,34.68000030517578,34.84000015258789,34.52000045776367,34.68000030517578,34.663230895996094,1431100
2015-09-10,34.7599983215332,34.7599983215332,34.44660186767578,34.7400016784668,34.72320556640625,1470275
2015-09-11,34.68000030517578,35.380001068115234,34.65999984741211,35.20000076293945,35.18297576904297,5397500
2015-09-14,35.400001525878906,35.400001525878906,35.02000045776367,35.20000076293945,35.18297576904297,8318625
2015-09-15,35.279998779296875,35.79180145263672,34.91999816894531,35.7400016784668,35.72272872924805,3074000
2015-09-16,37.08000183105469,37.08000183105469,35.77439880371094,36.91999816894531,36.90214157104492,47450000
2015-09-17,37.099998474121094,37.2599983215332,36.20000076293945,36.599998474121094,36.58230209350586,12291025
2015-09-18,36.720001220703125,37.31999969482422,36.400001525878906,36.79999923706055,36.78221130371094,13367625
2015-09-21,37.400001525878906,37.52000045776367,36.31999969482422,37.31999969482422,37.301963806152344,5196475
2015-09-22,37.31999969482422,37.52830123901367,37.099998474121094,37.20000076293945,37.18202209472656,3031925
2015-09-23,37.20000076293945,37.2494010925293,37.13840103149414,37.15999984741211,37.14204025268555,6402250
2015-09-24,37.20000076293945,37.20880126953125,36.900001525878906,37.20000076293945,37.18202209472656,5926900
2015-09-25,37.20000076293945,38.20000076293945,37.060001373291016,37.619998931884766,37.601810455322266,24114825
2015-09-28,37.81999969482422,37.86000061035156,37.2400016784668,37.720001220703125,37.7017707824707,5547175
2015-09-29,37.68000030517578,38.2400016784668,37.68000030517578,37.86000061035156,37.84170150756836,6892225
2015-09-30,38.2599983215332,38.34000015258789,37.68000030517578,38.20000076293945,38.18153762817383,13611875
2015-10-01,38.52000045776367,38.672401428222656,38.439998626708984,38.65999984741211,38.64130783081055,4838675
2015-10-02,38.79999923706055,38.97999954223633,38.58000183105469,38.959999084472656,38.94116973876953,10442650
2015-10-05,39.0,39.31999969482422,38.832000732421875,39.279998779296875,39.26102066040039,7004525
2015-10-06,39.220001220703125,39.41999816894531,39.196998596191406,39.380001068115234,39.36096954345703,21022050
2015-10-07,39.560001373291016,39.57360076904297,38.47999954223633,38.779998779296875,38.761253356933594,4046300
2015-10-08,38.84000015258789,39.119998931884766,38.459999084472656,38.52000045776367,38.50137710571289,2035075
2015-10-09,38.68000030517578,38.7400016784668,37.36000061035156,37.459999084472656,37.441898345947266,3764900
2015-10-12,37.599998474121094,38.512001037597656,37.4911994934082,38.400001525878906,38.38143539428711,16834300
2015-10-13,38.560001373291016,38.599998474121094,38.08000183105469,38.5,38.481380462646484,5236075
2015-10-14,38.400001525878906,38.599998474121094,38.119998931884766,38.34000015258789,38.321468353271484,4168200
2015-10-15,38.220001220703125,38.619998931884766,38.220001220703125,38.400001525878906,38.38143539428711,3828825
2015-10-16,38.41999816894531,38.81919860839844,37.97999954223633,38.08000183105469,38.06159210205078,2441525
2015-10-19,37.939998626708984,38.007198333740234,37.560001373291016,37.619998931884766,37.601810455322266,2536825
2015-10-20,37.619998931884766,38.5,37.517601013183594,38.2599983215332,38.24150085449219,3537500
2015-10-21,37.900001525878906,38.49100112915039,37.7848014831543,38.36000061035156,38.34145736694336,1829725
2015-10-22,38.279998779296875,38.279998779296875,37.52000045776367,37.65999984741211,37.64179229736328,11870550
2015-10-23,37.81999969482422,38.31999969482422,37.68000030517578,38.119998931884766,38.1015739440918,7351525
2015-10-26,38.20000076293945,38.65999984741211,37.86000061035156,38.2400016784668,38.22151565551758,9834075
2015-10-27,38.400001525878906,38.400001525878906,38.2599983215332,38.29999923706055,38.281494140625,13706475
2015-10-28,38.400001525878906,38.81999969482422,38.04719924926758,38.599998474121094,38.58133316040039,15162275
2015-10-29,38.779998779296875,38.880001068115234,38.459999084472656,38.68000030517578,38.66130065917969,1688425
2015-10-30,38.880001068115234,38.880001068115234,38.30839920043945,38.619998931884766,38.6013298034668,2222200
2015-11-02,38.619998931884766,38.79999923706055,38.41999816894531,38.619998931884766,38.6013298034668,149298100
2015-11-03,38.720001220703125,38.922401428222656,38.400001525878906,38.619998931884766,38.6013298034668,3272200
2015-11-04,39.0,39.0,38.29999923706055,38.400001525878906,38.38143539428711,3760650
2015-11-05,38.599998474121094,38.97999954223633,38.3672981262207,38.720001220703125,38.7012825012207,11613425
2015-11-06,38.86000061035156,38.880001068115234,38.619998931884766,38.720001220703125,38.7012825012207,4054050
2015-11-09,38.81999969482422,38.81999969482422,38.220001220703125,38.5,38.481380462646484,2297050
2015-11-10,38.65999984741211,38.81520080566406,38.220001220703125,38.380001068115234,38.361446380615234,1901950
2015-11-11,38.18000030517578,38.439998626708984,38.08000183105469,38.15999984741211,38.14155197143555,5216550
2015-11-12,38.29999923706055,38.39440155029297,38.099998474121094,38.18000030517578,38.16154479980469,14822375
2015-11-13,38.34000015258789,38.9031982421875,38.06480026245117,38.18000030517578,38.16154479980469,1828525
2015-11-16,39.0,39.0,37.76319885253906,38.040000915527344,38.02161407470703,4486600
2015-11-17,38.20000076293945,38.36000061035156,37.7400016784668,38.20000076293945,38.18153762817383,2676150
2015-11-18,38.41999816894531,38.97999954223633,37.7599983215332,38.20000076293945,38.18153762817383,8334400
2015-11-19,38.63999938964844,38.78160095214844,38.18000030517578,38.5,38.481380462646484,4071175
2015-11-20,39.0,39.0,38.400001525878906,38.599998474121094,38.58133316040039,3329825
2015-11-23,38.599998474121094,38.68880081176758,38.439998626708984,38.52000045776367,38.50137710571289,7141550
2015-11-24,39.0,39.0,38.18000030517578,38.400001525878906,38.38143539428711,1511325
2015-11-25,37.63999938964844,38.720001220703125,37.63999938964844,38.68000030517578,38.66130065917969,5505475
2015-11-26,38.439998626708984,38.81999969482422,38.2400016784668,38.560001373291016,38.541351318359375,1041925
2015-11-27,38.31999969482422,38.720001220703125,38.099998474121094,38.720001220703125,38.7012825012207,3228925
2015-11-30,38.81999969482422,39.056800842285156,38.03499984741211,38.81999969482422,38.80123519897461,7509700
2015-12-01,37.900001525878906,38.939998626708984,37.900001525878906,38.599998474121094,38.58133316040039,5896250
2015-12-02,39.0,39.410400390625,38.619998931884766,39.400001525878906,39.38095474243164,49086575
2015-12-03,39.439998626708984,40.599998474121094,39.414398193359375,40.31999969482422,40.30099868774414,48134050
2015-12-04,40.63999938964844,42.31999969482422,40.04800033569336,42.20000076293945,42.180118560791016,7171950
2015-12-07,42.560001373291016,43.2400016784668,42.485599517822266,42.91999816894531,42.89976501464844,19787375
2015-12-08,42.63999938964844,42.79999923706055,41.7599983215332,42.599998474121094,42.579925537109375,4375000
2015-12-09,42.400001525878906,42.400001525878906,41.31999969482422,41.52000045776367,41.50042724609375,23201800
2015-12-10,42.0,42.0,40.560001373291016,41.15999984741211,41.14060592651367,3129900
2015-12-11,40.720001220703125,41.52000045776367,40.720001220703125,40.880001068115234,40.860740661621094,2109075
2015-12-14,41.560001373291016,41.560001373291016,40.560001373291016,40.720001220703125,40.70081329345703,2026200
2015-12-15,40.52000045776367,41.119998931884766,40.31999969482422,41.119998931884766,41.100616455078125,1991450
2015-12-16,40.52000045776367,41.599998474121094,40.52000045776367,40.880001068115234,40.860740661621094,2050425
2015-12-17,41.279998779296875,41.279998779296875,40.84000015258789,41.15999984741211,41.14060592651367,23666675
2015-12-18,41.31999969482422,41.31999969482422,40.68000030517578,41.15999984741211,41.14060592651367,4607700
2015-12-21,41.36000061035156,41.36000061035156,40.7599983215332,40.880001068115234,40.860740661621094,30749250
2015-12-22,40.79999923706055,40.91999816894531,39.880001068115234,40.79999923706055,40.78076934814453,9337600
2015-12-23,41.15999984741211,41.15999984741211,40.2400016784668,40.68000030517578,40.660831451416016,1429700
2015-12-24,40.599998474121094,40.79999923706055,40.47999954223633,40.47999954223633,40.46091842651367,153150
2015-12-29,40.599998474121094,41.36000061035156,40.332801818847656,41.36000061035156,41.34050369262695,1821875
2015-12-30,41.15999984741211,41.64759826660156,40.880001068115234,41.599998474121094,41.58039093017578,1844050
2015-12-31,41.68000030517578,41.720001220703125,41.36000061035156,41.63999938964844,41.62036895751953,418200
2016-01-04,41.2400016784668,41.38180160522461,40.68000030517578,41.040000915527344,41.020660400390625,3315325
2016-01-05,41.47999954223633,41.47999954223633,40.47999954223633,40.599998474121094,40.580867767333984,11483675
2016-01-06,40.560001373291016,41.36000061035156,40.560001373291016,41.279998779296875,41.26054763793945,1759050
2016-01-07,40.560001373291016,42.279998779296875,40.560001373291016,41.7599983215332,41.740318298339844,4341550
2016-01-08,42.31999969482422,42.68000030517578,41.02880096435547,41.31999969482422,41.300537109375,8509950
2016-01-11,41.119998931884766,41.439998626708984,39.44240188598633,40.52000045776367,40.50090789794922,11866275
2016-01-12,40.560001373291016,40.880001068115234,40.31999969482422,40.7599983215332,40.740787506103516,6619675
2016-01-13,41.20000076293945,42.68000030517578,41.15999984741211,42.31999969482422,42.3000602722168,12202450
2016-01-14,43.599998474121094,45.619998931884766,43.599998474121094,44.08000183105469,44.059226989746094,9597525
2016-01-15,44.0,45.959999084472656,44.0,45.31999969482422,45.29864501953125,15496250
2016-01-18,45.20000076293945,45.36000061035156,42.19329833984375,43.119998931884766,43.09967803955078,6437375
2016-01-19,44.15999984741211,44.15999984741211,42.7672004699707,43.560001373291016,43.539459228515625,8740100
2016-01-20,43.2400016784668,43.599998474121094,42.7599983215332,43.279998779296875,43.259605407714844,4981500
2016-01-21,43.400001525878906,43.560001373291016,42.63999938964844,43.560001373291016,43.539459228515625,4881400
2016-01-22,43.560001373291016,44.0,43.040000915527344,43.880001068115234,43.85932159423828,8269575
2016-01-25,44.47999954223633,45.65439987182617,43.70000076293945,45.400001525878906,45.37861251831055,6826275
2016-01-26,45.560001373291016,45.560001373291016,44.68000030517578,45.400001525878906,45.37861251831055,2911225
2016-01-27,45.47999954223633,45.959999084472656,45.0,45.720001220703125,45.69845199584961,5510100
2016-01-28,45.79999923706055,45.79999923706055,44.959999084472656,45.0,44.978790283203125,1644775
2016-01-29,45.400001525878906,45.7599983215332,44.880001068115234,45.7599983215332,45.73843765258789,2230450
2016-02-01,45.84000015258789,46.119998931884766,45.720001220703125,46.0,45.978328704833984,3977475
2016-02-02,45.91999816894531,46.599998474121094,45.599998474121094,46.599998474121094,46.57803726196289,20781625
2016-02-03,46.560001373291016,46.560001373291016,45.439998626708984,45.68000030517578,45.658477783203125,6249025
2016-02-04,45.91999816894531,45.91999816894531,44.959999084472656,45.08000183105469,45.05875778198242,2509800
2016-02-05,45.040000915527344,45.68000030517578,44.279998779296875,44.279998779296875,44.259132385253906,3213425
2016-02-08,44.31999969482422,44.481998443603516,40.54280090332031,41.2400016784668,41.2205696105957,4897875
2016-02-09,41.47999954223633,41.68000030517578,40.400001525878906,41.63999938964844,41.62036895751953,5443850
2016-02-10,42.040000915527344,42.959999084472656,41.52000045776367,41.79999923706055,41.780303955078125,3250325
2016-02-11,41.68000030517578,41.880001068115234,41.0,41.400001525878906,41.380489349365234,2342800
2016-02-12,40.91999816894531,42.36000061035156,40.91999816894531,42.279998779296875,42.26008224487305,2528775
2016-02-15,42.79999923706055,43.560001373291016,42.69919967651367,43.15999984741211,43.1396598815918,2368900
2016-02-16,43.31999969482422,43.31999969482422,42.31999969482422,42.79999923706055,42.77982711791992,2315900
2016-02-17,42.63999938964844,44.040000915527344,42.63999938964844,43.47999954223633,43.459510803222656,2600475
2016-02-18,43.560001373291016,44.959999084472656,43.439998626708984,44.08000183105469,44.059226989746094,2366050
2016-02-19,43.68000030517578,45.040000915527344,43.31999969482422,44.63999938964844,44.61895751953125,3038875
2016-02-22,44.36000061035156,45.439998626708984,43.720001220703125,43.84000015258789,43.81934356689453,3082100
2016-02-23,44.36000061035156,44.880001068115234,43.400001525878906,44.560001373291016,44.539005279541016,1903550
2016-02-24,44.31999969482422,44.959999084472656,43.79999923706055,44.31999969482422,44.29911804199219,2559125
2016-02-25,44.20000076293945,45.400001525878906,44.20000076293945,45.119998931884766,45.098731994628906,2358125
2016-02-26,44.52000045776367,45.560001373291016,44.52000045776367,45.31999969482422,45.29864501953125,2067600
2016-02-29,45.63999938964844,46.040000915527344,45.08000183105469,45.84000015258789,45.81840133666992,8025700
2016-03-01,45.91999816894531,46.400001525878906,45.560001373291016,45.79999923706055,45.778411865234375,2680025
2016-03-02,45.880001068115234,46.0,44.79999923706055,44.84000015258789,44.818870544433594,2486575
2016-03-03,44.91999816894531,46.08000183105469,43.605499267578125,45.560001373291016,45.53853225708008,4056900
2016-03-04,44.880001068115234,46.400001525878906,44.880001068115234,46.08000183105469,46.058284759521484,2766200
2016-03-07,46.2400016784668,46.854801177978516,44.91999816894531,45.0,44.978790283203125,2697450
2016-03-08,45.439998626708984,45.7599983215332,44.63999938964844,45.68000030517578,45.658477783203125,2329650
2016-03-09,45.880001068115234,46.6973991394043,45.560001373291016,46.040000915527344,46.0182991027832,2550750
2016-03-10,46.119998931884766,46.63999938964844,44.91999816894531,45.15999984741211,45.13872528076172,3363350
2016-03-11,44.79999923706055,45.599998474121094,43.52000045776367,45.52000045776367,45.49855041503906,3516125
2016-03-14,45.720001220703125,46.08000183105469,45.16790008544922,45.7599983215332,45.73843765258789,2961850
2016-03-15,45.7599983215332,45.880001068115234,45.34199905395508,45.720001220703125,45.69845199584961,5774825
2016-03-16,45.31999969482422,46.0,44.928001403808594,46.0,45.978328704833984,3246275
2016-03-17,45.79999923706055,46.20000076293945,45.20000076293945,46.0,45.978328704833984,3102300
2016-03-18,46.08000183105469,46.2400016784668,45.15999984741211,45.15999984741211,45.13872528076172,13258450
2016-03-21,45.68000030517578,45.68000030517578,44.20000076293945,45.47999954223633,45.458560943603516,3450175
2016-03-22,45.2400016784668,45.84000015258789,44.560001373291016,45.52000045776367,45.49855041503906,2435025
2016-03-23,44.79999923706055,45.720001220703125,43.36000061035156,44.2400016784668,44.219146728515625,5248050
2016-03-24,43.91999816894531,45.31999969482422,43.91999816894531,44.15999984741211,44.139190673828125,3907525
2016-03-29,44.68000030517578,44.91999816894531,44.20000076293945,44.560001373291016,44.539005279541016,14062850
2016-03-30,44.959999084472656,45.31999969482422,44.483299255371094,45.20000076293945,45.1786994934082,3199725
2016-03-31,45.119998931884766,45.2224006652832,44.20000076293945,45.040000915527344,45.01877212524414,2730725
2016-04-01,44.47999954223633,45.31999969482422,43.599998474121094,44.560001373291016,44.539005279541016,3477575
2016-04-04,44.36000061035156,45.41120147705078,44.279998779296875,44.84000015258789,44.818870544433594,3866600
2016-04-05,44.959999084472656,45.560001373291016,44.47999954223633,44.959999084472656,44.938812255859375,3807125
2016-04-06,44.720001220703125,46.20000076293945,44.31999969482422,46.040000915527344,46.0182991027832,5890400
2016-04-07,46.20000076293945,46.20000076293945,45.31999969482422,45.560001373291016,45.53853225708008,4508550
2016-04-08,45.84000015258789,46.439998626708984,45.47999954223633,45.63999938964844,45.618499755859375,6067475
2016-04-11,45.7599983215332,45.921600341796875,45.08000183105469,45.720001220703125,45.69845199584961,4533125
2016-04-12,45.84000015258789,46.119998931884766,45.439998626708984,45.720001220703125,45.69845199584961,3565000
2016-04-13,46.20000076293945,46.599998474121094,45.599998474121094,46.439998626708984,46.418113708496094,9853750
2016-04-14,47.880001068115234,48.76639938354492,46.7599983215332,47.720001220703125,47.6975212097168,33232875
2016-04-15,47.79999923706055,48.233299255371094,47.2400016784668,48.08000183105469,48.057334899902344,13685475
2016-04-18,48.15999984741211,48.720001220703125,47.959999084472656,48.47999954223633,48.4571533203125,11782700
2016-04-19,48.91999816894531,48.959999084472656,48.36000061035156,48.63999938964844,48.6170768737793,13391250
2016-04-20,48.68000030517578,49.060001373291016,48.400001525878906,48.880001068115234,48.85696029663086,10968325
2016-04-21,49.119998931884766,49.279998779296875,48.400001525878906,49.279998779296875,49.256778717041016,18411650
2016-04-22,49.20000076293945,49.400001525878906,48.880001068115234,49.0,48.97690963745117,5160975
2016-04-25,49.0,49.400001525878906,48.84000015258789,49.36000061035156,49.33673858642578,5066800
2016-04-26,49.52000045776367,49.79999923706055,49.15999984741211,49.560001373291016,49.536643981933594,7945525
2016-04-27,50.31999969482422,50.31999969482422,49.20000076293945,49.880001068115234,49.85649490356445,14732500
2016-04-28,49.7599983215332,50.31999969482422,49.560001373291016,50.31999969482422,50.2962760925293,14446300
2016-04-29,50.31999969482422,50.31999969482422,49.58000183105469,49.959999084472656,49.93645477294922,3636100
2016-05-03,49.720001220703125,50.36000061035156,49.720001220703125,50.040000915527344,50.01642608642578,5427950
2016-05-04,50.20000076293945,50.36000061035156,49.84000015258789,50.31999969482422,50.2962760925293,8517950
2016-05-05,50.400001525878906,50.599998474121094,49.52000045776367,50.599998474121094,50.57615280151367,3607900
2016-05-06,50.599998474121094,50.79999923706055,50.31999969482422,50.599998474121094,50.57615280151367,3242100
2016-05-09,50.91999816894531,51.15999984741211,50.68000030517578,50.959999084472656,50.93598175048828,3580425
2016-05-10,51.119998931884766,51.124000549316406,50.20000076293945,50.68000030517578,50.65612030029297,7488000
2016-05-11,50.560001373291016,50.91999816894531,50.39619827270508,50.52000045776367,50.4962043762207,1998175
2016-05-12,50.400001525878906,50.599998474121094,49.769798278808594,50.119998931884766,50.09638595581055,4201350
2016-05-13,50.400001525878906,51.119998931884766,48.79999923706055,50.400001525878906,50.376251220703125,7247100
2016-05-16,50.36000061035156,50.52000045776367,49.68000030517578,50.15999984741211,50.13636016845703,2170375
2016-05-17,50.36000061035156,50.79999923706055,49.880001068115234,50.15999984741211,50.13636016845703,6066875
2016-05-18,50.119998931884766,51.68000030517578,49.63999938964844,51.2400016784668,51.215850830078125,4653600
2016-05-19,51.040000915527344,51.09590148925781,50.20000076293945,50.560001373291016,50.53617477416992,16922275
2016-05-20,50.68000030517578,51.08000183105469,50.439998626708984,50.880001068115234,50.85602569580078,7226225
2016-05-23,51.0,51.599998474121094,50.84640121459961,51.20000076293945,51.17586898803711,3251825
2016-05-24,51.20000076293945,52.0,51.040000915527344,52.0,51.97549057006836,3728875
2016-05-25,52.15999984741211,52.28350067138672,51.36000061035156,51.400001525878906,51.37577819824219,18751025
2016-05-26,51.7599983215332,52.20000076293945,51.47999954223633,52.0,51.97549057006836,4742350
2016-05-27,52.119998931884766,52.2400016784668,51.68000030517578,51.84000015258789,51.815574645996094,2938400
2016-05-31,52.08000183105469,52.79999923706055,52.040000915527344,52.560001373291016,52.535240173339844,32966425
2016-06-01,52.84000015258789,52.84000015258789,51.720001220703125,52.0,51.97549057006836,5115975
2016-06-02,51.91999816894531,52.20000076293945,51.47999954223633,52.15999984741211,52.13541030883789,5959200
2016-06-03,52.119998931884766,52.439998626708984,51.79999923706055,52.279998779296875,52.25536346435547,5412100
2016-06-06,52.36000061035156,52.400001525878906,51.75120162963867,52.279998779296875,52.25536346435547,3647325
2016-06-07,52.599998474121094,52.599998474121094,52.040000915527344,52.400001525878906,52.375308990478516,11581025
2016-06-08,52.31999969482422,52.7599983215332,52.15999984741211,52.7599983215332,52.73512649536133,5718525
2016-06-09,52.47999954223633,52.79999923706055,52.17559814453125,52.599998474121094,52.5752067565918,3878225
2016-06-10,52.7599983215332,52.7599983215332,51.52000045776367,51.68000030517578,51.6556396484375,3573675
2016-06-13,51.439998626708984,51.560001373291016,50.521400451660156,50.84000015258789,50.816043853759766,5493725
2016-06-14,51.20000076293945,51.20000076293945,48.0,49.720001220703125,49.69657897949219,10040850
2016-06-15,49.880001068115234,50.36000061035156,49.589500427246094,49.79999923706055,49.77653121948242,4525475
2016-06-16,49.47999954223633,49.79999923706055,48.79999923706055,49.0,48.97690963745117,5647750
2016-06-17,49.36000061035156,51.20159912109375,48.5260009765625,49.560001373291016,49.536643981933594,27583125
2016-06-20,50.400001525878906,53.47999954223633,50.15620040893555,53.15999984741211,53.13493728637695,12996675
2016-06-21,53.08000183105469,53.32749938964844,52.2322998046875,53.15999984741211,53.13493728637695,3833600
2016-06-22,53.119998931884766,53.439998626708984,52.58399963378906,53.279998779296875,53.2548942565918,5446750
2016-06-23,53.279998779296875,53.84000015258789,52.68000030517578,53.20000076293945,53.177398681640625,3488500
2016-06-24,47.08000183105469,49.15999984741211,42.0,44.63999938964844,44.62103271484375,17503675
2016-06-27,44.63999938964844,45.79999923706055,41.00199890136719,41.47999954223633,41.462379455566406,12543850
2016-06-28,42.560001373291016,43.31999969482422,41.68000030517578,42.720001220703125,42.70185852050781,9320175
2016-06-29,43.2400016784668,44.600799560546875,42.84000015258789,43.68000030517578,43.66145324707031,8249475
2016-06-30,43.91999816894531,46.31999969482422,43.31999969482422,46.119998931884766,46.10041046142578,9494050
2016-07-01,46.560001373291016,46.68000030517578,45.31999969482422,46.279998779296875,46.26034927368164,5264650
2016-07-04,46.08000183105469,46.68000030517578,45.35499954223633,45.720001220703125,45.70058059692383,4644400
2016-07-05,45.63999938964844,46.040000915527344,42.76639938354492,42.91999816894531,42.901763916015625,9030350
2016-07-06,42.63999938964844,43.720001220703125,41.683998107910156,42.31999969482422,42.30202865600586,12642000
2016-07-07,42.279998779296875,44.31999969482422,42.279998779296875,43.720001220703125,43.7014274597168,5922000
2016-07-08,43.400001525878906,44.560001373291016,43.25600051879883,44.560001373291016,44.541080474853516,3371100
2016-07-11,45.279998779296875,47.19300079345703,44.97600173950195,47.119998931884766,47.09998321533203,5920125
2016-07-12,47.400001525878906,48.119998931884766,46.63999938964844,47.36000061035156,47.33988571166992,6366500
2016-07-13,47.400001525878906,47.79999923706055,46.439998626708984,47.0,46.98004150390625,5164000
2016-07-14,47.0,47.944000244140625,46.84000015258789,47.119998931884766,47.09998321533203,6743800
2016-07-15,46.560001373291016,47.47999954223633,46.560001373291016,47.0,46.98004150390625,4539150
2016-07-18,46.959999084472656,47.720001220703125,46.91999816894531,47.31999969482422,47.299903869628906,2377950
2016-07-19,47.08000183105469,47.53260040283203,46.86880111694336,47.15999984741211,47.13996887207031,4597375
2016-07-20,47.0,49.47999954223633,46.79999923706055,49.119998931884766,49.09913635253906,6455075
2016-07-21,49.47999954223633,49.57120132446289,47.91999816894531,48.599998474121094,48.57935333251953,4409375
2016-07-22,48.720001220703125,49.119998931884766,47.959999084472656,48.47999954223633,48.45941162109375,2872650
2016-07-25,48.880001068115234,50.05759811401367,48.15999984741211,49.560001373291016,49.5389518737793,6098200
2016-07-26,49.36000061035156,49.52000045776367,48.52000045776367,48.880001068115234,48.85923385620117,3060375
2016-07-27,48.959999084472656,49.79999923706055,48.599998474121094,49.439998626708984,49.419002532958984,3695550
2016-07-28,49.36000061035156,50.599998474121094,49.36000061035156,49.720001220703125,49.698890686035156,10338800
2016-07-29,49.63999938964844,50.400001525878906,49.08000183105469,50.31999969482422,50.29861831665039,5746550
2016-08-01,50.36000061035156,50.560001373291016,49.7599983215332,50.31999969482422,50.29861831665039,13812475
2016-08-02,50.439998626708984,51.439998626708984,50.0,50.560001373291016,50.53852462768555,14433175
2016-08-03,51.040000915527344,51.279998779296875,50.040000915527344,51.040000915527344,51.0183219909668,4819100
2016-08-04,51.279998779296875,52.0,50.69020080566406,51.720001220703125,51.69803237915039,7066750
2016-08-05,52.040000915527344,52.279998779296875,51.599998474121094,52.08000183105469,52.05788803100586,5180075
2016-08-08,52.52000045776367,52.7224006652832,51.880001068115234,52.400001525878906,52.37774658203125,3457250
2016-08-09,52.52000045776367,52.599998474121094,51.7599983215332,52.31999969482422,52.29778289794922,2583800
2016-08-10,51.880001068115234,52.599998474121094,51.63999938964844,52.52000045776367,52.4976921081543,3549700
2016-08-11,52.2400016784668,52.68000030517578,51.52320098876953,52.47999954223633,52.45771026611328,3337475
2016-08-12,52.279998779296875,52.88600158691406,52.119998931884766,52.599998474121094,52.57765579223633,2834925
2016-08-15,52.52000045776367,52.91999816894531,51.599998474121094,52.84000015258789,52.817562103271484,2874225
2016-08-16,52.599998474121094,52.880001068115234,46.599998474121094,51.0,50.97834396362305,5826175
2016-08-17,51.47999954223633,51.79999923706055,51.059600830078125,51.52000045776367,51.49811935424805,2280575
2016-08-18,51.63999938964844,52.36000061035156,51.31999969482422,51.68000030517578,51.65804672241211,2657700
2016-08-19,51.279998779296875,52.400001525878906,51.26580047607422,51.91999816894531,51.89794921875,2484525
2016-08-22,51.560001373291016,52.52000045776367,50.959999084472656,52.279998779296875,52.25779724121094,4658875
2016-08-23,52.279998779296875,52.46200180053711,51.68000030517578,52.20000076293945,52.17782974243164,1832725
2016-08-24,52.0,52.880001068115234,51.7599983215332,52.68000030517578,52.657630920410156,2634800
2016-08-25,52.47999954223633,52.47999954223633,50.84000015258789,52.15999984741211,52.13783645629883,2802775
2016-08-26,52.040000915527344,52.560001373291016,51.84000015258789,52.119998931884766,52.09785842895508,2290725
2016-08-30,51.91999816894531,52.439998626708984,51.63999938964844,52.0,51.97791290283203,3225525
2016-08-31,51.84000015258789,52.2400016784668,51.20000076293945,51.68000030517578,51.65804672241211,2944350
2016-09-01,52.119998931884766,52.720001220703125,51.64759826660156,52.599998474121094,52.57765579223633,3666675
2016-09-02,52.91999816894531,53.2400016784668,52.279998779296875,52.84000015258789,52.817562103271484,3449425
2016-09-05,52.91999816894531,53.20000076293945,52.47999954223633,52.880001068115234,52.85753631591797,2365425
2016-09-06,53.560001373291016,53.61940002441406,52.880001068115234,53.31999969482422,53.29735565185547,2353300
2016-09-07,53.400001525878906,53.599998474121094,51.92599868774414,53.20000076293945,53.177398681640625,2574900
2016-09-08,53.47999954223633,53.560001373291016,52.123199462890625,53.400001525878906,53.3773193359375,8300150
2016-09-09,53.040000915527344,53.439998626708984,52.31999969482422,52.47999954223633,52.45771026611328,3603025
2016-09-12,52.20000076293945,53.530799865722656,51.95600128173828,53.31999969482422,53.29735565185547,3430625
2016-09-13,56.79999923706055,57.720001220703125,54.91999816894531,56.0,55.97621154785156,33140400
2016-09-14,56.36000061035156,56.36000061035156,55.08000183105469,55.880001068115234,55.85626983642578,27082475
2016-09-15,56.15999984741211,57.400001525878906,55.79999923706055,57.400001525878906,57.37562942504883,78081325
2016-09-16,57.599998474121094,57.7599983215332,56.79999923706055,57.040000915527344,57.01577377319336,6873200
2016-09-19,57.2400016784668,57.63999938964844,56.52000045776367,56.720001220703125,56.6959114074707,10051100
2016-09-20,56.47999954223633,57.91999816894531,56.47999954223633,57.599998474121094,57.575531005859375,4125175
2016-09-21,57.720001220703125,57.84000015258789,57.394798278808594,57.400001525878906,57.37562942504883,7266175
2016-09-22,57.79999923706055,57.944801330566406,57.400001525878906,57.720001220703125,57.69548034667969,7222850
2016-09-23,57.36000061035156,57.880001068115234,57.36000061035156,57.7599983215332,57.7354621887207,7249900
2016-09-26,57.84000015258789,57.84000015258789,56.84000015258789,57.599998474121094,57.575531005859375,4533825
2016-09-27,58.0,58.040000915527344,57.279998779296875,57.91999816894531,57.8953971862793,4787300
2016-09-28,58.0,58.560001373291016,57.79999923706055,58.560001373291016,58.53512954711914,5866950
2016-09-29,58.400001525878906,59.15999984741211,58.34400177001953,59.0,58.974937438964844,24326950
2016-09-30,58.040000915527344,59.15999984741211,57.52000045776367,59.08000183105469,59.05491256713867,7202675
2016-10-03,59.279998779296875,60.20000076293945,58.52000045776367,60.08000183105469,60.05448532104492,5934725
2016-10-04,60.0,61.7599983215332,60.0,61.63999938964844,61.61381912231445,14071550
2016-10-05,61.68000030517578,63.91999816894531,61.29800033569336,62.91999816894531,62.89327621459961,12383150
2016-10-06,63.439998626708984,63.4984016418457,61.91999816894531,62.959999084472656,62.933258056640625,10056750
2016-10-07,63.2400016784668,63.91999816894531,61.439998626708984,62.08000183105469,62.05363082885742,12391200
2016-10-10,61.79999923706055,62.7599983215332,61.79999923706055,62.560001373291016,62.53342819213867,5622250
2016-10-11,62.91999816894531,62.959999084472656,62.235198974609375,62.959999084472656,62.933258056640625,11173375
2016-10-12,63.119998931884766,63.31999969482422,62.31999969482422,63.279998779296875,63.25312042236328,8530825
2016-10-13,63.2400016784668,63.7599983215332,62.560001373291016,63.47999954223633,63.453033447265625,8222275
2016-10-14,63.79999923706055,63.79999923706055,62.47999954223633,62.47999954223633,62.45345687866211,13249000
2016-10-17,62.68000030517578,62.68000030517578,61.20000076293945,61.439998626708984,61.413902282714844,6881250
2016-10-18,62.439998626708984,63.31999969482422,61.4900016784668,63.0,62.973243713378906,6840200
2016-10-19,63.0,63.36000061035156,62.07400131225586,62.959999084472656,62.933258056640625,3102400
2016-10-20,63.119998931884766,63.15999984741211,62.2400016784668,62.36000061035156,62.33351516723633,5660750
2016-10-21,62.0,62.79999923706055,62.0,62.439998626708984,62.413482666015625,8773525
2016-10-24,62.47999954223633,63.040000915527344,62.119998931884766,62.400001525878906,62.37348556518555,3352950
2016-10-25,62.439998626708984,63.0,62.119998931884766,62.36000061035156,62.33351516723633,5933575
2016-10-26,61.91999816894531,62.31999969482422,60.880001068115234,61.959999084472656,61.933692932128906,5815600
2016-10-27,61.720001220703125,61.91999816894531,60.400001525878906,60.68000030517578,60.65422821044922,5192700
2016-10-28,60.279998779296875,62.040000915527344,60.119998931884766,61.400001525878906,61.37391662597656,6453750
2016-10-31,61.2400016784668,61.45600128173828,60.439998626708984,60.7599983215332,60.734195709228516,5121375
2016-11-01,61.15999984741211,62.119998931884766,61.0,61.400001525878906,61.37391662597656,17764875
2016-11-02,60.68000030517578,62.0,60.68000030517578,61.79999923706055,61.773746490478516,5282150
2016-11-03,61.47999954223633,63.63999938964844,61.47999954223633,63.08000183105469,63.053218841552734,9349550
2016-11-04,62.79999923706055,63.56850051879883,62.279998779296875,62.720001220703125,62.693359375,9506500
2016-11-07,63.959999084472656,63.959999084472656,61.720001220703125,62.599998474121094,62.57341766357422,8771325
2016-11-08,62.880001068115234,62.891998291015625,62.400001525878906,62.84000015258789,62.81330871582031,4357275
2016-11-09,61.15999984741211,63.91999816894531,60.20000076293945,63.720001220703125,63.69293975830078,6676650
2016-11-10,63.91999816894531,65.09600067138672,62.68230056762695,63.0,62.973243713378906,6359000
2016-11-11,63.400001525878906,63.400001525878906,60.7599983215332,61.15999984741211,61.1340217590332,4102075
2016-11-14,61.599998474121094,61.68000030517578,60.52000045776367,60.720001220703125,60.694217681884766,5107075
2016-11-15,61.119998931884766,61.560001373291016,60.84000015258789,61.439998626708984,61.413902282714844,2933175
2016-11-16,61.119998931884766,61.84000015258789,60.84000015258789,61.84000015258789,61.8137321472168,3137700
2016-11-17,61.599998474121094,62.08000183105469,60.10710144042969,62.08000183105469,62.05363082885742,3469525
2016-11-18,62.08000183105469,62.84000015258789,61.947601318359375,62.36000061035156,62.33351516723633,3964150
2016-11-21,62.2400016784668,62.29600143432617,60.959999084472656,61.439998626708984,61.413902282714844,4993050
2016-11-22,61.84000015258789,63.20000076293945,61.36000061035156,63.040000915527344,63.01322937011719,3529250
2016-11-23,63.47999954223633,63.79999923706055,62.720001220703125,63.279998779296875,63.25312042236328,5615425
2016-11-24,63.52000045776367,63.52000045776367,62.52000045776367,62.91999816894531,62.89327621459961,2528425
2016-11-25,62.959999084472656,64.04000091552734,62.959999084472656,63.880001068115234,63.852867126464844,2661850
2016-11-28,66.0,67.4800033569336,62.52000045776367,66.5,66.47174835205078,5926415
2016-11-29,66.23999786376953,68.4000015258789,65.23999786376953,67.36000061035156,67.33140563964844,6894745
2016-11-30,68.0199966430664,68.0199966430664,65.45999908447266,66.5999984741211,66.57170104980469,11586130
2016-12-01,66.62000274658203,67.35399627685547,64.39800262451172,65.05999755859375,65.03285217285156,7105455
2016-12-02,65.30000305175781,65.68000030517578,64.0,65.13999938964844,65.11282348632812,4689390
2016-12-05,65.31999969482422,66.22000122070312,64.8030014038086,65.80000305175781,65.77255249023438,4745500
2016-12-06,66.45999908447266,66.94000244140625,64.77999877929688,65.4000015258789,65.37273406982422,5687695
2016-12-07,64.4000015258789,66.16000366210938,64.0199966430664,66.04000091552734,66.012451171875,4324820
2016-12-08,66.58000183105469,67.22000122070312,65.36000061035156,66.08000183105469,66.05242919921875,3353425
2016-12-09,65.0,66.8667984008789,65.0,65.94000244140625,65.9124984741211,2891825
2016-12-12,66.18000030517578,66.9000015258789,64.76000213623047,65.0999984741211,65.07283782958984,3865725
2016-12-13,66.22000122070312,67.5,65.4000015258789,67.5,67.4718246459961,6978470
2016-12-14,66.19999694824219,67.1240005493164,60.485801696777344,62.720001220703125,62.69382858276367,16980955
2016-12-15,63.439998626708984,64.45999908447266,58.5,64.37999725341797,64.3531494140625,16610435
2016-12-16,63.81999969482422,64.94000244140625,63.47999954223633,64.0199966430664,63.99325942993164,6297110
2016-12-19,64.41999816894531,64.41999816894531,62.63999938964844,63.18000030517578,63.15363693237305,6122115
2016-12-20,63.279998779296875,64.41999816894531,62.18000030517578,63.459999084472656,63.433528900146484,5036280
2016-12-21,63.0,64.31999969482422,63.0,64.31999969482422,64.29316711425781,5968185
2016-12-22,65.0,65.00399780273438,63.619998931884766,64.58000183105469,64.55305480957031,9678985
2016-12-23,63.939998626708984,64.5199966430664,63.0,63.13999938964844,63.1136589050293,1571400
2016-12-28,63.119998931884766,64.31999969482422,63.04399871826172,64.26000213623047,64.2331771850586,7232595
2016-12-29,63.439998626708984,64.4917984008789,63.439998626708984,64.0,63.97329330444336,2794455
2016-12-30,64.0,64.0,63.220001220703125,63.58000183105469,63.55347442626953,1745855
2017-01-03,63.97999954223633,64.22000122070312,63.400001525878906,63.79999923706055,63.77338409423828,4463225
2017-01-04,64.0,64.41999816894531,62.709999084472656,62.86000061035156,62.833770751953125,6707160
2017-01-05,62.880001068115234,63.84000015258789,62.33599853515625,63.15999984741211,63.13365173339844,9324040
2017-01-06,63.5,63.79999923706055,62.91999816894531,63.099998474121094,63.07366943359375,5367195
2017-01-09,63.63999938964844,65.9800033569336,63.395999908447266,65.73999786376953,65.71256256103516,11839755
2017-01-10,66.0,66.0,64.58000183105469,65.18000030517578,65.1528091430664,6193170
2017-01-11,65.5999984741211,65.81999969482422,64.77999877929688,65.08000183105469,65.05284881591797,4178965
2017-01-12,69.4000015258789,71.58000183105469,67.45999908447266,70.0,69.9708023071289,18319950
2017-01-13,70.87999725341797,71.33999633789062,69.68000030517578,71.0,70.97038269042969,9015505
2017-01-16,70.63999938964844,71.47000122070312,69.30000305175781,69.95999908447266,69.9308090209961,7029140
2017-01-17,69.95999908447266,70.19999694824219,69.16400146484375,69.95999908447266,69.9308090209961,6200540
2017-01-18,69.9000015258789,70.91999816894531,69.55999755859375,70.63999938964844,70.61052703857422,7129155
2017-01-19,70.27999877929688,70.62000274658203,69.58000183105469,70.33999633789062,70.31063079833984,3624125
2017-01-20,69.33999633789062,70.44080352783203,69.04000091552734,69.30000305175781,69.2710952758789,4689020
2017-01-23,69.0,69.30000305175781,68.27999877929688,68.81999969482422,68.7912826538086,3078640
2017-01-24,69.19999694824219,69.5978012084961,68.12000274658203,69.0199966430664,68.99120330810547,5082430
2017-01-25,69.9800033569336,69.9800033569336,68.73999786376953,69.04000091552734,69.0112075805664,4757315
2017-01-26,68.69999694824219,69.35880279541016,68.54000091552734,68.94000244140625,68.91124725341797,3189245
2017-01-27,69.58000183105469,69.58000183105469,68.37999725341797,68.55999755859375,68.53137969970703,4170430
2017-01-30,69.23999786376953,69.23999786376953,68.27999877929688,68.68000030517578,68.65135192871094,4453460
2017-01-31,68.44000244140625,69.76000213623047,68.4000015258789,69.45999908447266,69.43101501464844,4441845
2017-02-01,69.0199966430664,70.31999969482422,69.0199966430664,70.0999984741211,70.07075500488281,6099450
2017-02-02,69.9000015258789,71.4000015258789,69.83999633789062,71.04000091552734,71.01036834716797,5048785
2017-02-03,71.04000091552734,73.30000305175781,70.89199829101562,72.95999908447266,72.9295654296875,15450295
2017-02-06,72.0,72.58000183105469,70.13999938964844,70.23999786376953,70.21070098876953,7479260
2017-02-07,69.37999725341797,70.89199829101562,69.37999725341797,70.19999694824219,70.17072296142578,5742250
2017-02-08,70.9000015258789,71.58000183105469,70.23999786376953,71.08000183105469,71.05034637451172,3830240
2017-02-09,71.55999755859375,71.55999755859375,69.54000091552734,70.0,69.9708023071289,6251900
2017-02-10,70.45999908447266,70.87999725341797,69.86000061035156,70.19999694824219,70.17072296142578,3921440
2017-02-13,70.0199966430664,70.4000015258789,69.76000213623047,69.95999908447266,69.9308090209961,3012625
2017-02-14,69.66000366210938,70.41999816894531,69.27999877929688,69.9000015258789,69.87083435058594,3136005
2017-02-15,70.37999725341797,70.9000015258789,69.41999816894531,70.45999908447266,70.43059539794922,5379105
2017-02-16,71.08000183105469,71.08000183105469,70.04000091552734,70.4000015258789,70.37061309814453,2750000
2017-02-17,69.41999816894531,70.95999908447266,69.41999816894531,70.04000091552734,70.01078796386719,4111995
2017-02-20,70.05999755859375,70.82879638671875,69.86000061035156,70.33999633789062,70.31063079833984,1478365
2017-02-21,70.27999877929688,70.9000015258789,69.77519989013672,70.62000274658203,70.59053039550781,3009350
2017-02-22,71.13999938964844,71.41999816894531,70.58000183105469,71.05999755859375,71.03035736083984,4768925
2017-02-23,71.69999694824219,71.91999816894531,70.16000366210938,70.26000213623047,70.23068237304688,2871370
2017-02-24,69.76000213623047,70.98200225830078,69.31999969482422,69.69999694824219,69.6709213256836,2954350
2017-02-27,70.05999755859375,71.08000183105469,69.79000091552734,70.41999816894531,70.39060974121094,3681130
2017-02-28,70.91999816894531,71.0,69.94000244140625,70.36000061035156,70.33062744140625,3542285
2017-03-01,70.19999694824219,73.80000305175781,70.19999694824219,72.62000274658203,72.58971405029297,6968065
2017-03-02,73.55999755859375,73.55999755859375,71.37999725341797,71.5,71.47017669677734,5086285
2017-03-03,71.0,72.16000366210938,70.22000122070312,71.30000305175781,71.27024841308594,12036070
2017-03-06,71.87999725341797,72.2020034790039,70.87999725341797,71.27999877929688,71.25027465820312,2952065
2017-03-07,70.91999816894531,71.5,70.9000015258789,71.26000213623047,71.23028564453125,3115845
2017-03-08,71.63999938964844,72.23999786376953,70.81999969482422,71.91999816894531,71.88999938964844,2430815
2017-03-09,72.5999984741211,72.72000122070312,71.63999938964844,72.66000366210938,72.62968444824219,3856265
2017-03-10,72.72000122070312,73.13999938964844,72.44000244140625,73.0,72.96954345703125,2453210
2017-03-13,73.22000122070312,73.76000213623047,72.54000091552734,73.68000030517578,73.64924621582031,3025480
2017-03-14,73.91999816894531,74.0199966430664,72.37999725341797,74.0199966430664,73.98910522460938,2992530
2017-03-15,73.12000274658203,74.3855972290039,72.13999938964844,72.54000091552734,72.50971984863281,3377270
2017-03-16,72.91999816894531,73.36000061035156,72.5999984741211,73.31999969482422,73.28941345214844,2128130
2017-03-17,73.41999816894531,74.18000030517578,72.69999694824219,74.18000030517578,74.14905548095703,6175945
2017-03-20,73.95999908447266,74.54000091552734,73.36000061035156,74.31999969482422,74.28899383544922,2611615
2017-03-21,74.08000183105469,74.63999938964844,73.63999938964844,73.9000015258789,73.86917877197266,3092285
2017-03-22,73.68000030517578,74.33999633789062,72.5,74.26000213623047,74.22901916503906,4092205
2017-03-23,73.76000213623047,75.95999908447266,73.76000213623047,75.73999786376953,75.70840454101562,3543425
2017-03-24,76.0,76.33999633789062,74.86000061035156,76.31999969482422,76.28816223144531,7192650
2017-03-27,75.5999984741211,75.87999725341797,74.5999984741211,75.4800033569336,75.44851684570312,3575680
2017-03-28,75.58000183105469,76.5,75.13999938964844,76.5,76.46808624267578,5237060
2017-03-29,76.08000183105469,76.77999877929688,75.68000030517578,76.58000183105469,76.54805755615234,5305080
2017-03-30,77.27999877929688,77.72000122070312,76.27760314941406,77.72000122070312,77.68758392333984,5993830
2017-03-31,78.27999877929688,78.27999877929688,76.91999816894531,77.05999755859375,77.02784729003906,5560635
2017-04-03,77.55999755859375,77.68000030517578,76.16000366210938,77.4000015258789,77.36771392822266,4514840
2017-04-04,76.68000030517578,77.95999908447266,76.68000030517578,77.94000244140625,77.90748596191406,3236700
2017-04-05,78.16000366210938,78.22000122070312,76.9800033569336,77.80000305175781,77.76756286621094,4256050
2017-04-06,77.68000030517578,79.12000274658203,76.80000305175781,78.69999694824219,78.66716766357422,5003620
2017-04-07,78.26000213623047,78.81199645996094,77.69999694824219,78.0999984741211,78.0674057006836,4374350
2017-04-10,78.0,81.9800033569336,78.0,81.31999969482422,81.28605651855469,9200180
2017-04-11,83.16000366210938,92.4000015258789,82.81999969482422,88.0199966430664,87.98326873779297,23003635
2017-04-12,88.5,91.30000305175781,87.23999786376953,90.04000091552734,90.00243377685547,14171705
2017-04-13,89.58000183105469,90.91999816894531,89.27999877929688,90.08000183105469,90.04241943359375,8121190
2017-04-18,90.08000183105469,90.33999633789062,87.23999786376953,88.9000015258789,88.86292266845703,12292970
2017-04-19,89.55999755859375,89.55999755859375,87.32599639892578,89.13999938964844,89.10282135009766,6993635
2017-04-20,90.33999633789062,90.33999633789062,87.69999694824219,88.9000015258789,88.86292266845703,5283420
2017-04-21,88.80000305175781,89.41000366210938,88.4219970703125,88.80000305175781,88.76295471191406,5245770
2017-04-24,89.87999725341797,90.197998046875,88.4800033569336,89.45999908447266,89.42267608642578,7035070
2017-04-25,89.81999969482422,90.30000305175781,88.69999694824219,88.69999694824219,88.66299438476562,3360990
2017-04-26,88.37999725341797,89.16000366210938,87.27799987792969,89.0,88.96287536621094,3587830
2017-04-27,88.0199966430664,89.0,87.36000061035156,88.72000122070312,88.6829833984375,5961445
2017-04-28,88.31999969482422,89.27999877929688,88.12799835205078,89.0,88.96287536621094,14473620
2017-05-02,89.73999786376953,89.73999786376953,87.5199966430664,88.76000213623047,88.72296142578125,5870595
2017-05-03,87.26000213623047,88.86000061035156,87.26000213623047,87.9000015258789,87.86331939697266,3509870
2017-05-04,88.33999633789062,88.9000015258789,87.44000244140625,88.9000015258789,88.86292266845703,4574430
2017-05-05,88.91999816894531,89.2040023803711,88.4800033569336,88.83999633789062,88.80294036865234,2752480
2017-05-08,89.0,89.44000244140625,88.4000015258789,89.0999984741211,89.06283569335938,3445585
2017-05-09,90.73999786376953,90.73999786376953,89.12000274658203,90.19999694824219,90.16236114501953,6180965
2017-05-10,89.13999938964844,89.9800033569336,89.0199966430664,89.5,89.462646484375,5905520
2017-05-11,89.13999938964844,90.22000122070312,89.13999938964844,89.83999633789062,89.80252075195312,3520405
2017-05-12,90.19999694824219,90.19999694824219,87.9968032836914,88.66000366210938,88.62301635742188,3711125
2017-05-15,89.31999969482422,89.31999969482422,87.81800079345703,88.9800033569336,88.94287872314453,4439325
2017-05-16,88.9800033569336,91.19999694824219,87.5,91.19999694824219,91.1619644165039,6761700
2017-05-17,91.22000122070312,91.22000122070312,89.36000061035156,89.62000274658203,89.58261108398438,4929875
2017-05-18,89.13999938964844,89.9800033569336,87.66000366210938,89.45999908447266,89.42267608642578,6377900
2017-05-19,90.08000183105469,90.91999816894531,88.68000030517578,88.9000015258789,88.86292266845703,4256855
2017-05-22,89.5999984741211,89.5999984741211,88.4000015258789,89.18000030517578,89.1427993774414,2187795
2017-05-23,88.16000366210938,90.77999877929688,88.16000366210938,90.0,89.96244049072266,5135930
2017-05-24,90.04000091552734,90.80000305175781,89.5199966430664,90.13999938964844,90.1023941040039,5962520
2017-05-25,90.33999633789062,91.63999938964844,89.58000183105469,91.19999694824219,91.1619644165039,5146915
2017-05-26,91.72000122070312,92.30000305175781,89.94000244140625,90.27999877929688,90.24234008789062,5657695
2017-05-30,89.4000015258789,91.12000274658203,89.31199645996094,90.69999694824219,90.66215515136719,5265540
2017-05-31,90.83999633789062,91.12000274658203,89.77999877929688,90.22000122070312,90.1823501586914,11343795
2017-06-01,90.23999786376953,90.4000015258789,89.21199798583984,90.36000061035156,90.32231903076172,3894765
2017-06-02,90.5999984741211,91.16000366210938,89.5999984741211,89.86000061035156,89.82251739501953,4731785
2017-06-05,90.4000015258789,91.44000244140625,90.0459976196289,90.58000183105469,90.5422134399414,3719800
2017-06-06,90.5199966430664,90.5199966430664,87.5,88.36000061035156,88.3231430053711,6951735
2017-06-07,88.0999984741211,88.37999725341797,86.53800201416016,87.9000015258789,87.86331939697266,5734460
2017-06-08,87.72000122070312,88.49400329589844,87.5,88.0,87.9632797241211,4669810
2017-06-09,87.76000213623047,88.41999816894531,85.05999755859375,88.36000061035156,88.3231430053711,7175465
2017-06-12,87.54000091552734,87.81999969482422,86.12000274658203,86.68000030517578,86.64383697509766,2888350
2017-06-13,86.5999984741211,87.58399963378906,85.62000274658203,85.73999786376953,85.70423126220703,4423400
2017-06-14,85.5999984741211,86.9176025390625,85.27999877929688,85.4800033569336,85.44434356689453,6657930
2017-06-15,85.22000122070312,85.22000122070312,82.81999969482422,83.45999908447266,83.42518615722656,10736925
2017-06-16,83.73999786376953,85.9000015258789,83.00800323486328,85.63999938964844,85.60426330566406,10123685
2017-06-19,85.5999984741211,87.04000091552734,85.68000030517578,86.76000213623047,86.72380828857422,2218435
2017-06-20,86.05999755859375,87.44000244140625,85.31999969482422,85.37999725341797,85.34436798095703,569920
2017-06-21,84.87999725341797,85.87999725341797,82.9800033569336,83.13999938964844,83.10530853271484,10956115
2017-06-22,82.44000244140625,82.84239959716797,79.30000305175781,79.30000305175781,79.2693862915039,7900635
2017-06-23,79.4800033569336,79.5823974609375,77.08280181884766,78.0,77.96990966796875,6273505
2017-06-26,78.30000305175781,79.76000213623047,77.46880340576172,79.11360168457031,79.08306884765625,1904790
2017-06-27,79.5999984741211,79.5,78.27999877929688,78.66780090332031,78.63744354248047,1167215
2017-06-28,78.19999694824219,80.16000366210938,77.41400146484375,79.55999755859375,79.52928924560547,3378825
2017-06-29,77.5999984741211,77.28600311279297,70.13999938964844,72.83999633789062,72.8118896484375,5629110
2017-06-30,72.77999877929688,73.77999877929688,69.27140045166016,70.0,69.97299194335938,5690905
2017-07-03,70.77999877929688,71.4800033569336,69.0,69.30000305175781,69.27326202392578,12181365
2017-07-04,69.19999694824219,70.44000244140625,69.18000030517578,69.19999694824219,69.17330169677734,5015115
2017-07-05,69.63999938964844,70.9800033569336,68.66000366210938,70.27999877929688,70.25287628173828,5646950
2017-07-06,70.58000183105469,70.58000183105469,68.83999633789062,69.58000183105469,69.55314636230469,6148690
2017-07-07,69.87999725341797,70.44000244140625,68.91999816894531,70.44000244140625,70.41280364990234,33677155
2017-07-10,71.12000274658203,71.5,69.72000122070312,70.08000183105469,70.0529556274414,41913685
2017-07-11,70.08000183105469,70.08000183105469,70.08000183105469,70.08000183105469,70.0529556274414,0
2017-07-12,67.5999984741211,68.80000305175781,65.08000183105469,65.5,65.47471618652344,11997825
2017-07-13,65.62000274658203,68.83999633789062,64.5,68.19999694824219,68.1736831665039,11202935
2017-07-14,68.96379852294922,68.96379852294922,68.96379852294922,68.96379852294922,68.93718719482422,8758105
2017-07-17,68.86000061035156,68.94000244140625,68.36000061035156,68.4800033569336,68.45356750488281,5179590
2017-07-18,68.0,69.16000366210938,68.0,68.30000305175781,68.27365112304688,9938305
2017-07-19,68.37999725341797,71.5199966430664,68.33000183105469,70.87999725341797,70.85263061523438,9341640
2017-07-20,72.0,72.41999816894531,70.95999908447266,71.86000061035156,71.83226776123047,8265795
2017-07-21,72.08000183105469,72.08000183105469,70.5199966430664,71.66000366210938,71.6323471069336,5210895
2017-07-24,71.68000030517578,72.33999633789062,70.46080017089844,71.04000091552734,71.01258850097656,8835800
2017-07-25,70.76000213623047,72.73999786376953,70.45999908447266,70.95999908447266,70.93262481689453,7239170
2017-07-26,70.81999969482422,72.0,69.81999969482422,71.81999969482422,71.79228210449219,8935300
2017-07-27,71.58000183105469,72.94000244140625,71.51000213623047,71.72000122070312,71.69232177734375,3887440
2017-07-28,71.4800033569336,72.87999725341797,71.33999633789062,71.80000305175781,71.77229309082031,5634565
2017-07-31,71.45999908447266,72.0999984741211,71.12000274658203,71.58000183105469,71.5523681640625,5699850
2017-08-01,72.0,72.68000030517578,71.16000366210938,71.91999816894531,71.89224243164062,4776700
2017-08-02,72.63999938964844,73.0199966430664,72.23999786376953,72.66000366210938,72.6319580078125,4029960
2017-08-03,72.66000366210938,75.5999984741211,72.37799835205078,74.66000366210938,74.63119506835938,7334490
2017-08-04,74.5999984741211,75.08000183105469,73.94000244140625,74.05999755859375,74.03142547607422,3855255
2017-08-07,74.08000183105469,75.73999786376953,74.08000183105469,75.0999984741211,75.07101440429688,5869455
2017-08-08,75.0199966430664,75.87999725341797,73.16000366210938,73.23999786376953,73.21173095703125,6069625
2017-08-09,73.05999755859375,73.19999694824219,72.0999984741211,72.16000366210938,72.13215637207031,5335635
2017-08-10,73.16000366210938,73.16000366210938,70.76000213623047,70.94000244140625,70.91262817382812,5190770
2017-08-11,70.23999786376953,70.27999877929688,68.17500305175781,69.91999816894531,69.89301300048828,5731580
2017-08-14,70.23999786376953,72.12000274658203,70.18000030517578,71.81999969482422,71.79228210449219,4214015
2017-08-15,72.12000274658203,72.4000015258789,70.68000030517578,71.13999938964844,71.112548828125,4685765
2017-08-16,70.80000305175781,73.12000274658203,70.76000213623047,72.18000030517578,72.15214538574219,4319150
2017-08-17,72.12000274658203,73.44960021972656,71.87999725341797,72.4000015258789,72.37206268310547,4503380
2017-08-18,72.30000305175781,73.72000122070312,68.41999816894531,68.5999984741211,68.5735092163086,12380990
2017-08-21,68.36000061035156,70.58000183105469,68.125,68.54000091552734,68.51354217529297,9557370
2017-08-22,68.95999908447266,69.26399993896484,67.26000213623047,67.37999725341797,67.35400390625,8533065
2017-08-23,67.23999786376953,67.62000274658203,66.18000030517578,66.72000122070312,66.69426727294922,9374100
2017-08-24,66.86000061035156,66.86000061035156,62.459999084472656,62.900001525878906,62.87572479248047,20475075
2017-08-25,62.91999816894531,63.87799835205078,61.7599983215332,62.18000030517578,62.156005859375,12571105
2017-08-29,61.7599983215332,62.806400299072266,60.01499938964844,60.65999984741211,60.63658905029297,14432505
2017-08-30,61.79999923706055,63.619998931884766,61.437599182128906,63.279998779296875,63.25557327270508,10849535
2017-08-31,64.26000213623047,64.81999969482422,61.41999816894531,64.81999969482422,64.79497528076172,9140690
2017-09-01,65.0,66.81999969482422,64.66000366210938,65.73999786376953,65.7146224975586,8109420
2017-09-04,64.83999633789062,65.5260009765625,64.54000091552734,64.95999908447266,64.93492126464844,3302745
2017-09-05,64.94000244140625,66.44000244140625,64.94000244140625,65.37999725341797,65.35478210449219,4897715
2017-09-06,65.16000366210938,66.41999816894531,64.80000305175781,65.23999786376953,65.21482849121094,14055170
2017-09-07,65.5199966430664,66.42880249023438,64.80000305175781,65.04000091552734,65.014892578125,4924915
2017-09-08,64.87999725341797,65.68000030517578,64.77999877929688,65.4000015258789,65.3747787475586,4066480
2017-09-11,66.77999877929688,68.80000305175781,65.87999725341797,68.5199966430664,68.49354553222656,13781545
2017-09-12,74.19999694824219,76.94000244140625,69.86000061035156,74.68000030517578,74.65117645263672,36915995
2017-09-13,74.63999938964844,77.16000366210938,73.95999908447266,75.0999984741211,75.07101440429688,17069540
2017-09-14,75.08000183105469,75.9800033569336,73.66000366210938,74.41999816894531,74.39128875732422,9529160
2017-09-15,74.13999938964844,76.73999786376953,74.08000183105469,76.63999938964844,76.61042785644531,14808715
2017-09-18,76.9800033569336,77.54000091552734,75.19999694824219,77.54000091552734,77.51007080078125,9454475
2017-09-19,77.5999984741211,78.72000122070312,76.86000061035156,78.68000030517578,78.6496353149414,10392625
2017-09-20,78.69999694824219,79.0999984741211,76.58000183105469,76.72000122070312,76.69039154052734,11153360
2017-09-21,77.16000366210938,77.86299896240234,74.54000091552734,75.13999938964844,75.11100769042969,7257375
2017-09-22,75.18000030517578,75.9000015258789,74.58000183105469,75.86000061035156,75.8307113647461,3873340
2017-09-25,75.68000030517578,75.75,74.5,74.73999786376953,74.71113586425781,4015180
2017-09-26,74.80000305175781,76.11820220947266,73.58000183105469,74.95999908447266,74.93107604980469,11032130
2017-09-27,75.05999755859375,75.30000305175781,74.13999938964844,74.72000122070312,74.69115447998047,8004875
2017-09-28,74.69999694824219,75.45999908447266,74.2384033203125,75.12000274658203,75.09101104736328,3738890
2017-09-29,75.83999633789062,75.83999633789062,74.76000213623047,74.9000015258789,74.8711166381836,5363175
2017-10-02,74.9000015258789,76.36000061035156,74.9000015258789,75.76000213623047,75.73077392578125,2904615
2017-10-03,75.94000244140625,76.5,74.9000015258789,76.36000061035156,76.33052825927734,3205745
2017-10-04,76.27999877929688,76.55039978027344,75.0199966430664,75.41999816894531,75.39088439941406,4683535
2017-10-05,75.86000061035156,75.86000061035156,74.86000061035156,75.04000091552734,75.01103210449219,4915215
2017-10-06,75.41999816894531,75.41999816894531,73.3499984741211,74.4000015258789,74.37129974365234,3507875
2017-10-09,74.4000015258789,75.69999694824219,72.91999816894531,74.05999755859375,74.03142547607422,12229425
2017-10-10,74.41999816894531,75.27999877929688,72.80000305175781,73.04000091552734,73.01181030273438,9828175
2017-10-11,73.76000213623047,75.13999938964844,72.77999877929688,74.54000091552734,74.51123046875,17011280
2017-10-12,74.54000091552734,75.0,73.41999816894531,73.54000091552734,73.51162719726562,4611205
2017-10-13,73.72000122070312,74.80960083007812,72.59239959716797,73.30000305175781,73.27171325683594,3769005
2017-10-16,73.41999816894531,73.41999816894531,71.40039825439453,71.62000274658203,71.59235382080078,6181995
2017-10-17,72.12000274658203,72.12000274658203,70.94999694824219,71.54000091552734,71.51237487792969,3756650
2017-10-18,71.68000030517578,72.30000305175781,71.18000030517578,71.69999694824219,71.67232513427734,2563955
2017-10-19,71.55999755859375,72.0,70.37999725341797,70.45999908447266,70.43280029296875,3891885
2017-10-20,70.83999633789062,71.13800048828125,66.95999908447266,67.5999984741211,67.57391357421875,10051520
2017-10-23,67.41999816894531,68.72000122070312,67.12640380859375,67.5999984741211,67.57391357421875,3904600
2017-10-24,67.55999755859375,68.26000213623047,67.33999633789062,67.4000015258789,67.3740005493164,4255190
2017-10-25,67.58000183105469,69.37999725341797,66.86799621582031,68.31999969482422,68.29364013671875,7405340
2017-10-26,68.16000366210938,71.76000213623047,68.12000274658203,71.55999755859375,71.5323715209961,8137350
2017-10-27,71.9000015258789,72.1760025024414,70.54000091552734,71.0,70.97260284423828,6434365
2017-10-30,70.91999816894531,71.4800033569336,70.76000213623047,71.13999938964844,71.112548828125,6755360
2017-10-31,71.37999725341797,72.26000213623047,70.73799896240234,71.5199966430664,71.49239349365234,8705660
2017-11-01,72.16000366210938,73.95999908447266,71.21199798583984,71.9800033569336,71.95222473144531,10101875
2017-11-02,72.87999725341797,72.87999725341797,71.05999755859375,71.83999633789062,71.8122787475586,10074330
2017-11-03,72.5999984741211,73.26000213623047,71.9800033569336,72.58000183105469,72.55198669433594,5351940
2017-11-06,72.80000305175781,73.01599884033203,71.33999633789062,72.26000213623047,72.23210144042969,2724440
2017-11-07,72.23999786376953,74.02400207519531,71.31999969482422,71.31999969482422,71.29247283935547,5769720
2017-11-08,71.69999694824219,71.72000122070312,70.26000213623047,71.19999694824219,71.17251586914062,4474630
2017-11-09,71.41999816894531,72.14399719238281,69.83999633789062,69.83999633789062,69.81304931640625,3163790
2017-11-10,69.45999908447266,70.58000183105469,68.23999786376953,69.66000366210938,69.63312530517578,7576630
2017-11-13,70.45999908447266,70.51200103759766,65.22000122070312,67.0199966430664,66.9941177368164,7261810
2017-11-14,67.33999633789062,69.26000213623047,66.85199737548828,69.23999786376953,69.21327209472656,4751200
2017-11-15,69.13999938964844,69.13999938964844,67.0199966430664,67.0199966430664,66.9941177368164,4937875
2017-11-16,67.26000213623047,69.26000213623047,67.08000183105469,68.80000305175781,68.7734375,3383820
2017-11-17,68.95999908447266,69.62000274658203,67.83999633789062,69.4000015258789,69.37319946289062,3772780
2017-11-20,70.0,70.62000274658203,68.12000274658203,68.22000122070312,68.19367218017578,5732680
2017-11-21,68.62000274658203,68.62000274658203,66.72000122070312,67.66000366210938,67.6338882446289,7044970
2017-11-22,67.76000213623047,68.33999633789062,67.4000015258789,67.80000305175781,67.77384185791016,6084770
2017-11-23,67.94000244140625,68.19999694824219,67.12000274658203,67.13999938964844,67.11408996582031,4285685
2017-11-24,68.23999786376953,68.23999786376953,66.41999816894531,66.66000366210938,66.63429260253906,3327005
2017-11-27,66.66000366210938,66.81999969482422,65.73999786376953,65.91999816894531,65.89456176757812,3729685
2017-11-28,66.05999755859375,66.5199966430664,65.5999984741211,65.83999633789062,65.8145980834961,5430375
2017-11-29,66.0999984741211,66.76000213623047,65.41999816894531,66.0999984741211,66.07449340820312,5794625
2017-11-30,66.04000091552734,67.05999755859375,65.0,65.95999908447266,65.93504333496094,6784190
2017-12-01,66.0,66.16000366210938,64.9800033569336,65.86000061035156,65.83511352539062,3164625
2017-12-04,65.80000305175781,66.5199966430664,64.5999984741211,65.31999969482422,65.29530334472656,6293115
2017-12-05,65.5,65.66000366210938,64.66000366210938,65.16000366210938,65.13536834716797,4248660
2017-12-06,64.95999908447266,64.95999908447266,62.31999969482422,63.599998474121094,63.57595443725586,6323155
2017-12-07,63.5,66.95999908447266,62.97999954223633,65.80000305175781,65.77513122558594,8312520
2017-12-08,66.0999984741211,66.58000183105469,65.4000015258789,65.81999969482422,65.79512786865234,8168015
2017-12-11,66.13999938964844,66.76000213623047,65.55999755859375,65.83999633789062,65.81511688232422,3822430
2017-12-12,65.86000061035156,66.23999786376953,63.52000045776367,64.9000015258789,64.87548065185547,8355755
2017-12-13,64.9000015258789,66.30000305175781,64.5199966430664,66.0999984741211,66.07501220703125,9928350
2017-12-14,65.80000305175781,67.0199966430664,64.72000122070312,65.77999877929688,65.755126953125,9912775
2017-12-15,65.72000122070312,65.72000122070312,64.31999969482422,65.37999725341797,65.35529327392578,11840535
2017-12-18,65.72000122070312,66.36000061035156,64.86000061035156,65.94000244140625,65.9150619506836,3841885
2017-12-19,65.77999877929688,68.80000305175781,65.68000030517578,67.44000244140625,67.41449737548828,8359110
2017-12-20,67.36000061035156,67.36000061035156,64.66000366210938,67.13999938964844,67.11461639404297,7609780
2017-12-21,66.9000015258789,67.5,65.81999969482422,67.0,66.97466278076172,8209075
2017-12-22,66.5999984741211,68.04000091552734,66.55999755859375,67.44000244140625,67.41449737548828,2781525
2017-12-27,67.05999755859375,67.58000183105469,66.94000244140625,67.30000305175781,67.2745590209961,2983420
2017-12-28,67.19999694824219,67.80000305175781,66.91999816894531,67.22000122070312,67.19458770751953,2990460
2017-12-29,67.05999755859375,68.37999725341797,67.05999755859375,67.23999786376953,67.21456146240234,2977355
2018-01-02,66.73999786376953,69.13999938964844,66.73999786376953,68.33999633789062,68.31415557861328,6094470
2018-01-03,68.37999725341797,71.13999938964844,68.30000305175781,70.45999908447266,70.43335723876953,8406240
2018-01-04,70.95999908447266,71.33999633789062,68.26000213623047,68.69999694824219,68.67402648925781,10725430
2018-01-05,69.04000091552734,71.66000366210938,67.12000274658203,70.4000015258789,70.37337493896484,10618060
2018-01-08,70.91999816894531,71.41999816894531,69.05999755859375,69.31999969482422,69.29378509521484,8938545
2018-01-09,69.22000122070312,71.73999786376953,69.22000122070312,70.80000305175781,70.77323150634766,9617115
2018-01-10,70.5999984741211,71.58000183105469,69.91999816894531,70.5199966430664,70.49333953857422,10680595
2018-01-11,70.26000213623047,71.19999694824219,69.94000244140625,70.5,70.47335052490234,9002585
2018-01-12,70.4800033569336,72.83999633789062,70.13999938964844,72.33999633789062,72.31266784667969,16032570
2018-01-15,72.5999984741211,73.95999908447266,72.19999694824219,73.0999984741211,73.07235717773438,19940950
2018-01-16,77.5,80.0,76.62000274658203,77.9800033569336,77.95052337646484,25731020
2018-01-17,78.37999725341797,78.9800033569336,76.77999877929688,78.83999633789062,78.81018829345703,12151835
2018-01-18,77.30000305175781,77.86000061035156,74.5199966430664,75.4000015258789,75.37149047851562,12142825
2018-01-19,75.33999633789062,75.5199966430664,73.18000030517578,75.36000061035156,75.3315200805664,7120035
2018-01-22,75.4800033569336,75.80000305175781,73.80000305175781,74.18000030517578,74.15194702148438,6945220
2018-01-23,74.4000015258789,75.0999984741211,72.4800033569336,75.0,74.97162628173828,16658525
2018-01-24,74.87999725341797,74.87999725341797,72.91999816894531,73.80000305175781,73.77210235595703,10885910
2018-01-25,73.4000015258789,73.77999877929688,71.66000366210938,72.13999938964844,72.11273956298828,9268040
2018-01-26,72.18000030517578,75.13999938964844,70.5199966430664,73.58000183105469,73.55218505859375,8959425
2018-01-29,73.5199966430664,75.0,73.4800033569336,74.18000030517578,74.15194702148438,4672945
2018-01-30,73.95999908447266,74.41999816894531,73.66000366210938,74.19999694824219,74.17194366455078,11383105
2018-01-31,74.0199966430664,74.31999969482422,72.77999877929688,73.23999786376953,73.21231079101562,10069665
2018-02-01,73.19999694824219,74.87999725341797,73.19999694824219,74.41999816894531,74.39187622070312,6473575
2018-02-02,74.4800033569336,75.19999694824219,72.91999816894531,73.0,72.97239685058594,7685935
2018-02-05,72.31999969482422,72.41999816894531,71.36000061035156,71.55999755859375,71.5329360961914,6933145
2018-02-06,70.0,70.95999908447266,68.66000366210938,69.4800033569336,69.4537353515625,10587805
2018-02-07,70.41999816894531,73.27999877929688,68.91999816894531,73.12000274658203,73.09235382080078,9016545
2018-02-08,72.63999938964844,74.04000091552734,70.95999908447266,71.77999877929688,71.75286102294922,7122535
2018-02-09,71.55999755859375,72.22000122070312,70.63999938964844,71.12000274658203,71.0931167602539,4201605
2018-02-12,72.18000030517578,72.77999877929688,70.72000122070312,72.63999938964844,72.61254119873047,5565425
2018-02-13,73.0,73.0999984741211,71.76000213623047,73.0,72.97239685058594,5533255
2018-02-14,73.68000030517578,74.31999969482422,73.05999755859375,74.12000274658203,74.09198760986328,6722925
2018-02-15,74.73999786376953,77.9000015258789,73.31999969482422,76.36000061035156,76.33113098144531,10274910
2018-02-16,77.04000091552734,77.91999816894531,75.5,77.55999755859375,77.53067779541016,8540400
2018-02-19,77.18000030517578,78.12000274658203,76.76000213623047,76.95999908447266,76.930908203125,9613315
2018-02-20,77.30000305175781,78.18000030517578,76.41999816894531,77.81999969482422,77.79058074951172,8355460
2018-02-21,77.4000015258789,77.4000015258789,75.86000061035156,77.37999725341797,77.35073852539062,7129425
2018-02-22,76.81999969482422,78.12000274658203,75.4800033569336,77.73999786376953,77.71061706542969,4498785
2018-02-23,77.95999908447266,77.95999908447266,76.04000091552734,77.5999984741211,77.5706558227539,4350765
2018-02-26,78.08000183105469,79.08000183105469,77.55999755859375,78.5999984741211,78.57028198242188,8719370
2018-02-27,79.94000244140625,79.94000244140625,76.66000366210938,77.13999938964844,77.11083221435547,9989785
2018-02-28,76.9800033569336,77.4800033569336,76.12000274658203,76.66000366210938,76.63101959228516,5907530
2018-03-01,77.08000183105469,77.08000183105469,74.94000244140625,75.36000061035156,75.3315200805664,6684950
2018-03-02,74.66000366210938,75.04000091552734,73.66000366210938,74.72000122070312,74.69174194335938,7882880
2018-03-05,74.9000015258789,76.0,74.66000366210938,75.4000015258789,75.37149047851562,7953865
2018-03-06,76.0999984741211,77.63999938964844,75.0,77.22000122070312,77.19080352783203,5023345
2018-03-07,77.19999694824219,77.26000213623047,75.31999969482422,75.94000244140625,75.91128540039062,6848885
2018-03-08,75.95999908447266,77.5999984741211,75.76000213623047,77.31999969482422,77.29076385498047,9252175
2018-03-09,77.41999816894531,77.58000183105469,76.37999725341797,77.18000030517578,77.15081787109375,5192325
2018-03-12,77.62000274658203,78.0,76.80000305175781,77.37999725341797,77.35073852539062,5928490
2018-03-13,77.5,78.36000061035156,71.23999786376953,71.9000015258789,71.87281799316406,10298925
2018-03-14,72.05999755859375,73.73999786376953,71.4800033569336,72.87999725341797,72.8524398803711,12205375
2018-03-15,72.76000213623047,73.86000061035156,72.33999633789062,73.4000015258789,73.37225341796875,10559140
2018-03-16,73.26000213623047,73.68000030517578,72.08000183105469,72.23999786376953,72.21268463134766,9596380
2018-03-19,72.62000274658203,72.62000274658203,70.4000015258789,70.5,70.47335052490234,10541690
2018-03-20,71.23999786376953,71.23999786376953,69.4000015258789,70.18000030517578,70.15347290039062,11276895
2018-03-21,70.36000061035156,71.08000183105469,69.13999938964844,69.55999755859375,69.53369903564453,7129935
2018-03-22,69.4000015258789,71.66000366210938,69.0,70.0199966430664,69.99353790283203,6434375
2018-03-23,69.33999633789062,71.36000061035156,69.0,71.16000366210938,71.13310241699219,5324655
2018-03-26,71.19999694824219,73.9000015258789,67.5199966430664,67.83999633789062,67.81436157226562,18151705
2018-03-27,68.86000061035156,69.27999877929688,66.22000122070312,67.66000366210938,67.6344223022461,14112635
2018-03-28,67.19999694824219,67.91999816894531,66.9000015258789,67.36000061035156,67.33454132080078,7810955
2018-03-29,68.12000274658203,68.18000030517578,66.77999877929688,67.05999755859375,67.03462982177734,7953330
2018-04-03,66.77999877929688,67.94000244140625,66.5,67.30000305175781,67.2745590209961,6728270
2018-04-04,67.0199966430664,67.54000091552734,65.68000030517578,66.18000030517578,66.15499114990234,10927640
2018-04-05,66.5199966430664,69.9000015258789,66.5199966430664,69.05999755859375,69.03388214111328,7855200
2018-04-06,68.0999984741211,68.66000366210938,67.12000274658203,68.30000305175781,68.27418518066406,8940170
2018-04-09,68.72000122070312,70.16000366210938,68.69999694824219,69.54000091552734,69.51372528076172,5109155
2018-04-10,70.16000366210938,70.72000122070312,69.54000091552734,69.80000305175781,69.77362823486328,5404720
2018-04-11,69.76000213623047,70.18000030517578,68.33999633789062,68.37999725341797,68.35414123535156,5838465
2018-04-12,68.55999755859375,68.66000366210938,67.44000244140625,68.4800033569336,68.45410919189453,7069910
2018-04-13,68.77999877929688,70.45999908447266,68.27999877929688,69.5199966430664,69.49372100830078,6567220
2018-04-16,69.5999984741211,71.94000244140625,69.18000030517578,70.58000183105469,70.5533218383789,12926275
2018-04-17,75.19999694824219,76.12000274658203,72.80000305175781,74.26000213623047,74.23193359375,21794345
2018-04-18,75.16000366210938,76.86000061035156,74.33999633789062,76.5199966430664,76.4910659790039,14701565
2018-04-19,76.80000305175781,76.9000015258789,75.19999694824219,75.95999908447266,75.93128204345703,9802175
2018-04-20,76.37999725341797,78.36000061035156,76.0,78.30000305175781,78.2704086303711,10105280
2018-04-23,78.22000122070312,78.72000122070312,77.13999938964844,78.08000183105469,78.05047607421875,9316090
2018-04-24,78.16000366210938,78.58000183105469,76.13999938964844,76.45999908447266,76.43111419677734,8333185
2018-04-25,76.41999816894531,78.45999908447266,76.18000030517578,78.23999786376953,78.2104263305664,11060620
2018-04-26,78.12000274658203,78.68000030517578,77.36000061035156,77.76000213623047,77.7306137084961,5929030
2018-04-27,78.13999938964844,79.26000213623047,78.13999938964844,78.5,78.47032165527344,4386740
2018-04-30,79.23999786376953,79.37999725341797,77.95999908447266,78.19999694824219,78.1704330444336,6888860
2018-05-01,78.26000213623047,79.44000244140625,78.13999938964844,78.4000015258789,78.37034606933594,8646900
2018-05-02,78.80000305175781,79.0,77.69999694824219,78.4000015258789,78.37034606933594,7114540
2018-05-03,78.77999877929688,79.18000030517578,78.05999755859375,78.5999984741211,78.57028198242188,6681605
2018-05-04,78.4000015258789,79.05999755859375,77.83999633789062,78.26000213623047,78.23042297363281,10360540
2018-05-08,78.73999786376953,78.80000305175781,77.54000091552734,78.23999786376953,78.2104263305664,10608140
2018-05-09,78.30000305175781,80.16000366210938,77.81999969482422,78.5,78.47032165527344,5611035
2018-05-10,79.37999725341797,79.77999877929688,78.16000366210938,78.4000015258789,78.37034606933594,3598820
2018-05-11,78.69999694824219,79.23999786376953,78.69999694824219,79.0,78.97013092041016,3610400
2018-05-14,79.04000091552734,79.5,77.94000244140625,78.27999877929688,78.25041961669922,5001325
2018-05-15,78.63999938964844,79.16000366210938,77.91999816894531,78.0,77.97052001953125,6842400
2018-05-16,77.95999908447266,78.0,72.44000244140625,73.5999984741211,73.57217407226562,15035860
2018-05-17,73.66000366210938,76.05999755859375,73.66000366210938,75.81999969482422,75.79135131835938,5977630
2018-05-18,75.62000274658203,76.30000305175781,74.73999786376953,76.04000091552734,76.01124572753906,4467460
2018-05-21,76.5199966430664,76.80000305175781,75.66000366210938,76.08000183105469,76.05123901367188,4075725
2018-05-22,76.54000091552734,76.72000122070312,75.66000366210938,76.0,75.97126770019531,5425500
2018-05-23,75.95999908447266,76.30000305175781,75.05999755859375,75.9000015258789,75.87129211425781,13053950
2018-05-24,75.9800033569336,77.12000274658203,75.58000183105469,77.12000274658203,77.09083557128906,30477875
2018-05-25,77.72000122070312,77.72000122070312,76.4800033569336,77.04000091552734,77.01087188720703,10614660
2018-05-29,76.63999938964844,76.63999938964844,74.54000091552734,74.68000030517578,74.65176391601562,12621045
2018-05-30,74.5999984741211,75.0199966430664,74.0999984741211,74.45999908447266,74.43185424804688,8923655
2018-05-31,74.63999938964844,76.41999816894531,74.13999938964844,76.13999938964844,76.11121368408203,16125005
2018-06-01,76.55999755859375,77.26000213623047,75.12000274658203,76.0,75.97126770019531,15049245
2018-06-04,76.36000061035156,77.04000091552734,76.0199966430664,76.54000091552734,76.51106262207031,14810665
2018-06-05,76.37999725341797,78.27999877929688,76.31999969482422,77.5,77.47069549560547,5602490
2018-06-06,78.13999938964844,80.0199966430664,77.69999694824219,80.0,79.9697494506836,13975340
2018-06-07,80.0199966430664,82.23999786376953,80.0199966430664,81.86000061035156,81.82904815673828,18789310
2018-06-08,81.72000122070312,81.9800033569336,80.77999877929688,81.9000015258789,81.86903381347656,20781340
2018-06-11,82.4000015258789,83.62000274658203,81.36000061035156,81.76000213623047,81.72909545898438,11701330
2018-06-12,82.55999755859375,83.30000305175781,82.0,82.72000122070312,82.68871307373047,7154065
2018-06-13,82.5999984741211,84.08000183105469,82.58000183105469,83.19999694824219,83.16854095458984,5631245
2018-06-14,82.30000305175781,84.04000091552734,81.95999908447266,83.80000305175781,83.76830291748047,5726490
2018-06-15,84.0,84.91999816894531,82.91999816894531,83.22000122070312,83.18854522705078,10815045
2018-06-18,82.9800033569336,83.41999816894531,82.13999938964844,82.9800033569336,82.9486312866211,3774030
2018-06-19,81.9800033569336,82.0,81.0199966430664,81.26000213623047,81.22927856445312,15626215
2018-06-20,81.91999816894531,86.41999816894531,81.91999816894531,85.62000274658203,85.58761596679688,20243375
2018-06-21,86.18000030517578,86.62000274658203,84.41999816894531,85.41999816894531,85.38770294189453,5297800
2018-06-22,86.04000091552734,86.13999938964844,84.54000091552734,85.26000213623047,85.2277603149414,7331750
2018-06-25,84.68000030517578,85.55999755859375,84.04000091552734,85.33999633789062,85.30773162841797,5328435
2018-06-26,85.19999694824219,86.95999908447266,84.73999786376953,85.5999984741211,85.567626953125,9697220
2018-06-27,85.87999725341797,87.77999877929688,84.81999969482422,86.95999908447266,86.92713165283203,6835240
2018-06-28,85.66000366210938,87.69999694824219,85.04000091552734,86.0,85.97020721435547,8730590
2018-06-29,86.73999786376953,88.9800033569336,86.69999694824219,88.12000274658203,88.08946228027344,10141060
2018-07-02,87.68000030517578,89.12000274658203,87.36000061035156,89.12000274658203,89.0891342163086,10668410
2018-07-03,89.68000030517578,89.69999694824219,87.66000366210938,89.22000122070312,89.18907165527344,10273750
2018-07-04,89.33999633789062,91.36000061035156,89.0999984741211,89.0999984741211,89.06912994384766,5615440
2018-07-05,89.80000305175781,90.62000274658203,89.22000122070312,89.73999786376953,89.70889282226562,7258790
2018-07-06,90.5,90.9000015258789,89.4000015258789,89.83999633789062,89.80886840820312,6199020
2018-07-09,89.5,90.76000213623047,89.5,90.0199966430664,89.9887924194336,11550100
2018-07-10,90.04000091552734,91.58000183105469,89.58000183105469,91.58000183105469,91.54824829101562,10077735
2018-07-11,91.45999908447266,91.80000305175781,90.0,91.76000213623047,91.72818756103516,11961730
2018-07-12,90.81999969482422,92.26000213623047,90.58000183105469,91.87999725341797,91.84814453125,10015595
2018-07-13,91.83999633789062,92.94000244140625,91.76000213623047,91.9800033569336,91.94813537597656,6040960
2018-07-16,92.9000015258789,92.9000015258789,91.04000091552734,91.68499755859375,91.65323638916016,6411560
2018-07-17,92.4000015258789,92.4000015258789,90.0,90.54000091552734,90.50862884521484,17051055
2018-07-18,91.18000030517578,92.22000122070312,91.18000030517578,91.5999984741211,91.56824493408203,34022760
2018-07-19,91.5,91.87999725341797,90.66000366210938,91.5999984741211,91.56824493408203,30744770
2018-07-20,90.86000061035156,93.0,90.86000061035156,92.62000274658203,92.5879135131836,24088995
2018-07-23,92.9800033569336,92.9800033569336,91.0199966430664,91.4800033569336,91.44829559326172,6124080
2018-07-24,92.22000122070312,92.55999755859375,91.22000122070312,91.63999938964844,91.60824584960938,6504360
2018-07-25,91.81999969482422,92.31999969482422,91.5,91.86000061035156,91.82815551757812,6259470
2018-07-26,91.86000061035156,93.5999984741211,91.69999694824219,93.27999877929688,93.24768829345703,8369430
2018-07-27,94.08000183105469,94.08000183105469,92.5999984741211,93.22000122070312,93.18769836425781,6326330
2018-07-30,92.44000244140625,93.69999694824219,92.44000244140625,93.0,92.9677734375,4954760
2018-07-31,93.0,94.36000061035156,92.83999633789062,93.58000183105469,93.54756927490234,6393595
2018-08-01,93.19999694824219,96.16000366210938,93.19999694824219,95.81999969482422,95.78679656982422,18001175
2018-08-02,95.41999816894531,95.63999938964844,92.83999633789062,92.87999725341797,92.8478012084961,15665580
2018-08-03,93.58000183105469,93.58000183105469,92.5,93.0,92.9677734375,15925980
2018-08-06,93.69999694824219,93.73999786376953,92.41999816894531,93.5,93.46759796142578,8307860
2018-08-07,94.0,94.0199966430664,93.0999984741211,93.83999633789062,93.8074722290039,5789500
2018-08-08,94.0,95.81999969482422,93.41999816894531,95.22000122070312,95.1869888305664,18738040
2018-08-09,95.5999984741211,97.68000030517578,94.54000091552734,97.4000015258789,97.36624908447266,6538495
2018-08-10,97.58000183105469,97.80000305175781,96.04000091552734,97.22000122070312,97.18630981445312,7234515
2018-08-13,97.0,97.08000183105469,95.87999725341797,96.36000061035156,96.32660675048828,4581665
2018-08-14,96.36000061035156,96.58000183105469,95.76000213623047,96.0,95.96674346923828,10509070
2018-08-15,96.55999755859375,97.36000061035156,94.62000274658203,95.30000305175781,95.26698303222656,15982290
2018-08-16,95.91999816894531,96.62000274658203,95.12000274658203,95.58000183105469,95.54688262939453,16485235
2018-08-17,95.87999725341797,96.08000183105469,95.08000183105469,95.5999984741211,95.5668716430664,6307290
2018-08-20,95.4000015258789,99.13999938964844,95.4000015258789,98.4800033569336,98.44588470458984,7712565
2018-08-21,97.58000183105469,98.72000122070312,96.54000091552734,98.69999694824219,98.66578674316406,4209665
2018-08-22,98.5199966430664,98.5199966430664,94.9800033569336,96.08000183105469,96.04669952392578,7254540
2018-08-23,96.19999694824219,97.62000274658203,95.5199966430664,97.44000244140625,97.4062271118164,5005590
2018-08-24,97.18000030517578,98.94000244140625,96.69999694824219,98.4800033569336,98.44588470458984,3904035
2018-08-28,99.04000091552734,103.4000015258789,98.18000030517578,102.91999816894531,102.88432312011719,14204465
2018-08-29,103.27999877929688,103.27999877929688,99.44000244140625,100.55999755859375,100.525146484375,7486380
2018-08-30,100.55999755859375,102.91999816894531,99.72000122070312,102.4000015258789,102.36451721191406,6475195
2018-08-31,101.63999938964844,102.31999969482422,100.91999816894531,101.5999984741211,101.5647964477539,8120785
2018-09-03,101.68000030517578,102.5199966430664,101.23999786376953,101.76000213623047,101.7247314453125,7686705
2018-09-04,101.76000213623047,102.04000091552734,98.54000091552734,99.05999755859375,99.02566528320312,10580390
2018-09-05,98.9000015258789,100.16000366210938,98.63999938964844,99.54000091552734,99.50548553466797,7301585
2018-09-06,98.80000305175781,99.91999816894531,98.68000030517578,99.54000091552734,99.50548553466797,13223155
2018-09-07,99.9000015258789,99.95999908447266,97.30000305175781,98.5199966430664,98.48585510253906,8559085
2018-09-10,98.33999633789062,99.0999984741211,97.0199966430664,97.4800033569336,97.44622039794922,8231175
2018-09-11,98.0,103.83999633789062,96.27999877929688,103.83999633789062,103.80401611328125,24124910
2018-09-12,104.16000366210938,107.87999725341797,101.5999984741211,104.27999877929688,104.24385070800781,16104680
2018-09-13,103.0,104.4800033569336,99.86000061035156,100.0,99.96533966064453,16139875
2018-09-14,101.4800033569336,101.80000305175781,99.45999908447266,100.04000091552734,100.00532531738281,10789300
2018-09-17,100.4000015258789,100.72000122070312,99.22000122070312,100.0,99.96533966064453,10790740
2018-09-18,101.31999969482422,102.27999877929688,98.41999816894531,99.62000274658203,99.5854721069336,13412910
2018-09-19,99.13999938964844,100.91999816894531,96.9000015258789,96.9000015258789,96.86642456054688,14208395
2018-09-20,97.45999908447266,98.41999816894531,94.63999938964844,95.0999984741211,95.06705474853516,16582950
2018-09-21,95.19999694824219,95.66000366210938,90.4000015258789,90.4000015258789,90.3686752319336,37366705
2018-09-24,90.37999725341797,93.13999938964844,90.31999969482422,92.05999755859375,92.02808380126953,15100915
2018-09-25,91.5999984741211,92.91999816894531,90.77999877929688,90.77999877929688,90.74854278564453,9448440
2018-09-26,91.4000015258789,93.37999725341797,90.55999755859375,91.63999938964844,91.60824584960938,9189215
2018-09-27,91.44000244140625,93.5,90.87999725341797,92.5999984741211,92.56791687011719,7231710
2018-09-28,91.94000244140625,93.23999786376953,91.80000305175781,91.81999969482422,91.78816986083984,6646665
2018-10-01,92.4800033569336,93.95999908447266,92.16000366210938,93.08000183105469,93.04774475097656,8938580
2018-10-02,93.0199966430664,94.5999984741211,92.86000061035156,94.08000183105469,94.0473861694336,11284900
2018-10-03,94.19999694824219,94.23999786376953,91.83999633789062,92.77999877929688,92.74784851074219,9150445
2018-10-04,94.0,94.0,90.58000183105469,91.05999755859375,91.0284423828125,6540205
2018-10-05,91.19999694824219,91.41999816894531,87.68000030517578,89.26000213623047,89.22905731201172,9780325
2018-10-08,89.27999877929688,90.37999725341797,88.26000213623047,88.62000274658203,88.58930206298828,11461705
2018-10-09,88.04000091552734,89.0199966430664,85.0999984741211,85.5999984741211,85.57032775878906,22021235
2018-10-10,85.27999877929688,85.76000213623047,83.05999755859375,83.05999755859375,83.03121185302734,32877285
2018-10-11,81.63999938964844,84.81999969482422,80.0199966430664,83.66000366210938,83.63101196289062,14720555
2018-10-12,83.62000274658203,85.26000213623047,83.62000274658203,84.55999755859375,84.53070831298828,9521860
2018-10-15,83.86000061035156,84.80000305175781,83.26000213623047,83.72000122070312,83.69098663330078,8762110
2018-10-16,80.0,82.23999786376953,78.23999786376953,79.12000274658203,79.09258270263672,33154100
2018-10-17,78.86000061035156,80.62000274658203,76.0999984741211,78.5999984741211,78.57276153564453,18749125
2018-10-18,78.5999984741211,79.5999984741211,76.95999908447266,78.44000244140625,78.41281127929688,9056700
2018-10-19,79.55999755859375,79.5999984741211,77.9800033569336,77.9800033569336,77.9529800415039,7962750
2018-10-22,78.19999694824219,78.4800033569336,77.4800033569336,77.55999755859375,77.53311157226562,7492235
2018-10-23,76.66000366210938,77.0999984741211,75.45999908447266,77.0999984741211,77.07328033447266,10895750
2018-10-24,77.0,78.05999755859375,76.08000183105469,76.27999877929688,76.2535629272461,6210135
2018-10-25,75.5999984741211,78.41999816894531,75.27999877929688,77.31999969482422,77.29319763183594,8792600
2018-10-26,76.41999816894531,78.18000030517578,75.95999908447266,77.5,77.47313690185547,6464240
2018-10-29,77.73999786376953,78.5999984741211,76.5999984741211,77.27999877929688,77.25322723388672,5746910
2018-10-30,76.87999725341797,79.94000244140625,76.87999725341797,79.5199966430664,79.49243927001953,6308720
2018-10-31,81.05999755859375,81.68000030517578,79.87999725341797,81.66000366210938,81.6317138671875,19192205
2018-11-01,81.04000091552734,85.0,81.04000091552734,83.81999969482422,83.79093933105469,16372635
2018-11-02,84.86000061035156,85.5199966430664,83.41999816894531,84.5,84.4707260131836,5750160
2018-11-05,83.5999984741211,85.31999969482422,83.36000061035156,83.5999984741211,83.5710220336914,6907730
2018-11-06,83.66000366210938,83.95999908447266,81.31999969482422,81.31999969482422,81.29180908203125,5256600
2018-11-07,83.13999938964844,83.13999938964844,81.23999786376953,82.63999938964844,82.61137390136719,6489595
2018-11-08,83.36000061035156,86.33999633789062,83.36000061035156,85.62000274658203,85.59031677246094,6786915
2018-11-09,85.12000274658203,87.5199966430664,84.81999969482422,86.41999816894531,86.39005279541016,12802650
2018-11-12,88.05999755859375,88.27999877929688,83.41999816894531,83.41999816894531,83.3910903930664,10459705
2018-11-13,83.5199966430664,84.5999984741211,82.77999877929688,83.26000213623047,83.23114013671875,5834850
2018-11-14,83.27999877929688,83.80000305175781,82.0,82.86000061035156,82.83129119873047,4891180
2018-11-15,83.08000183105469,83.08000183105469,79.68000030517578,81.0199966430664,80.9919204711914,9246295
2018-11-16,81.4000015258789,82.66000366210938,78.5,78.5999984741211,78.57276153564453,5188525
2018-11-19,78.12000274658203,79.77999877929688,77.54000091552734,77.73999786376953,77.71306610107422,7874045
2018-11-20,77.0199966430664,77.68000030517578,74.80000305175781,75.16000366210938,75.13395690917969,12249320
2018-11-21,76.62000274658203,78.80000305175781,75.27999877929688,77.5199966430664,77.49313354492188,7841855
2018-11-22,77.80000305175781,79.04000091552734,77.0,78.5999984741211,78.57276153564453,5758125
2018-11-23,78.0,79.0199966430664,77.80000305175781,78.86000061035156,78.8326644897461,4081265
2018-11-26,79.62000274658203,80.19999694824219,77.87999725341797,78.37999725341797,78.35284423828125,4884390
2018-11-27,77.63999938964844,79.77999877929688,77.4000015258789,78.5999984741211,78.57276153564453,9796780
2018-11-28,78.19999694824219,80.23999786376953,78.19999694824219,79.68000030517578,79.65238189697266,4071805
2018-11-29,79.0,80.58000183105469,79.0,79.0,78.97315216064453,10283110
2018-11-30,79.36000061035156,79.4000015258789,78.36000061035156,79.0,78.97315216064453,5335115
2018-12-03,80.23999786376953,81.87999725341797,77.86000061035156,78.30000305175781,78.2734146118164,4202985
2018-12-04,78.45999908447266,78.45999908447266,74.30000305175781,74.73999786376953,74.71459197998047,8033410
2018-12-05,74.68000030517578,76.05999755859375,72.94000244140625,75.5999984741211,75.57430267333984,4800495
2018-12-06,75.4800033569336,76.16000366210938,71.27999877929688,73.0199966430664,72.99518585205078,6595595
2018-12-07,73.76000213623047,74.36000061035156,72.22000122070312,72.69999694824219,72.67529296875,4565955
2018-12-10,72.4800033569336,73.5,70.5,70.69999694824219,70.67596435546875,5186205
2018-12-11,70.5999984741211,74.69999694824219,70.55999755859375,73.18000030517578,73.1551284790039,9658465
2018-12-12,73.18000030517578,73.63999938964844,71.55999755859375,73.55999755859375,73.53500366210938,6648595
2018-12-13,73.9000015258789,76.94000244140625,71.66000366210938,71.66000366210938,71.63565826416016,13423560
2018-12-14,71.4000015258789,71.68000030517578,70.37999725341797,71.08000183105469,71.05585479736328,8512735
2018-12-17,69.80000305175781,69.80000305175781,64.72000122070312,66.0199966430664,65.99757385253906,28709830
2018-12-18,66.80000305175781,66.95999908447266,65.13999938964844,65.4000015258789,65.37779235839844,21273330
2018-12-19,65.0,66.04000091552734,64.19999694824219,65.0999984741211,65.077880859375,13622405
2018-12-20,64.22000122070312,66.04000091552734,63.70000076293945,63.70000076293945,63.6783561706543,9372575
2018-12-21,64.19999694824219,68.45999908447266,63.7599983215332,68.30000305175781,68.27680206298828,32210135
2018-12-24,67.36000061035156,68.76000213623047,66.66000366210938,67.9800033569336,67.9569091796875,13955150
2018-12-27,68.5,68.83999633789062,66.30000305175781,66.68000030517578,66.65735626220703,16257340
2018-12-28,66.66000366210938,68.27999877929688,65.31999969482422,67.83999633789062,67.81695556640625,10114520
2018-12-31,67.86000061035156,70.4000015258789,67.86000061035156,69.76000213623047,69.7363052368164,2373130
2019-01-02,69.81999969482422,71.08000183105469,68.16000366210938,71.08000183105469,71.05585479736328,9191525
2019-01-03,69.83999633789062,72.9800033569336,67.5199966430664,69.83999633789062,69.81627655029297,15346665
2019-01-04,69.81999969482422,72.77999877929688,69.81999969482422,72.77999877929688,72.7552719116211,7792835
2019-01-07,73.13999938964844,75.5199966430664,71.76000213623047,75.0,74.97450256347656,28881090
2019-01-08,74.5,76.76000213623047,74.0999984741211,74.80000305175781,74.77458953857422,21712090
2019-01-09,75.41999816894531,79.76000213623047,75.31999969482422,79.12000274658203,79.0931167602539,17632440
2019-01-10,78.91999816894531,80.0,76.86000061035156,77.44000244140625,77.41368865966797,6306840
2019-01-11,78.87999725341797,79.54000091552734,77.0199966430664,79.23999786376953,79.21308135986328,31809175
2019-01-14,82.62000274658203,88.0999984741211,82.44000244140625,84.27999877929688,84.25135040283203,23772220
2019-01-15,84.18000030517578,86.31999969482422,84.0,85.08000183105469,85.05109405517578,25037785
2019-01-16,85.31999969482422,88.19999694824219,85.16000366210938,88.19999694824219,88.17003631591797,10492260
2019-01-17,86.94000244140625,87.9000015258789,86.36000061035156,86.91999816894531,86.8904800415039,14049110
2019-01-18,87.44000244140625,89.30000305175781,87.05999755859375,89.19999694824219,89.16969299316406,8105405
2019-01-21,89.5199966430664,89.5199966430664,86.0,88.16000366210938,88.13005065917969,10012570
2019-01-22,87.73999786376953,88.58000183105469,86.72000122070312,88.30000305175781,88.27001190185547,6952000
2019-01-23,88.26000213623047,88.4800033569336,87.12000274658203,88.4800033569336,88.44993591308594,13002240
2019-01-24,88.5999984741211,90.04000091552734,88.44000244140625,89.66000366210938,89.6295394897461,6775000
2019-01-25,89.66000366210938,90.86000061035156,88.81999969482422,90.31999969482422,90.28932189941406,10384140
2019-01-28,89.58000183105469,90.5199966430664,88.77999877929688,90.22000122070312,90.18933868408203,5879530
2019-01-29,91.4000015258789,91.4000015258789,89.45999908447266,90.9800033569336,90.9490966796875,5467775
2019-01-30,90.31999969482422,93.41999816894531,90.31999969482422,92.72000122070312,92.6884994506836,7191150
2019-01-31,91.77999877929688,93.86000061035156,91.45999908447266,92.55999755859375,92.52855682373047,6940950
2019-02-01,92.83999633789062,93.72000122070312,90.69999694824219,91.45999908447266,91.42892456054688,6236120
2019-02-04,91.05999755859375,91.55999755859375,89.77999877929688,90.41999816894531,90.3892822265625,6582470
2019-02-05,91.04000091552734,91.27999877929688,89.68000030517578,91.27999877929688,91.2490005493164,4096755
2019-02-06,90.27999877929688,93.18000030517578,89.69999694824219,93.18000030517578,93.14835357666016,3944705
2019-02-07,92.55999755859375,92.72000122070312,90.91999816894531,91.13999938964844,91.10903930664062,9852405
2019-02-08,90.44000244140625,91.68000030517578,89.68000030517578,89.68000030517578,89.6495361328125,6914115
2019-02-11,90.26000213623047,92.23999786376953,89.27999877929688,92.12000274658203,92.08870697021484,4933795
2019-02-12,91.77999877929688,92.9000015258789,91.05999755859375,92.12000274658203,92.08870697021484,6092205
2019-02-13,92.5999984741211,92.62000274658203,91.33999633789062,91.66000366210938,91.62886810302734,3170385
2019-02-14,91.23999786376953,92.69999694824219,89.27999877929688,89.68000030517578,89.6495361328125,5786495
2019-02-15,89.54000091552734,91.54000091552734,89.54000091552734,89.87999725341797,89.84947204589844,4117830
2019-02-18,89.5199966430664,94.12000274658203,89.5199966430664,93.5199966430664,93.48822021484375,4365105
2019-02-19,94.12000274658203,95.5199966430664,92.55999755859375,94.73999786376953,94.70780181884766,6183155
2019-02-20,95.0,96.0,93.95999908447266,96.0,95.96739196777344,3633475
2019-02-21,95.12000274658203,96.27999877929688,94.31999969482422,94.95999908447266,94.927734375,3755550
2019-02-22,94.77999877929688,96.54000091552734,93.9000015258789,94.54000091552734,94.50788116455078,2460610
2019-02-25,94.4800033569336,94.4800033569336,92.83999633789062,94.27999877929688,94.24797058105469,5843895
2019-02-26,93.04000091552734,97.41999816894531,93.04000091552734,96.95999908447266,96.92706298828125,5459685
2019-02-27,96.86000061035156,96.87999725341797,93.41999816894531,93.41999816894531,93.38825988769531,6236310
2019-02-28,94.81999969482422,94.81999969482422,92.5199966430664,93.13999938964844,93.10835266113281,10573870
2019-03-01,94.0199966430664,98.41999816894531,92.87999725341797,97.0,96.967041015625,13185385
2019-03-04,98.22000122070312,98.22000122070312,95.5999984741211,96.58000183105469,96.54719543457031,7302850
2019-03-05,96.87999725341797,97.86000061035156,95.5999984741211,97.66000366210938,97.62681579589844,4295320
2019-03-06,97.77999877929688,97.77999877929688,95.55999755859375,95.9000015258789,95.8674087524414,22288290
2019-03-07,95.76000213623047,96.86000061035156,94.95999908447266,96.0999984741211,96.06734466552734,4131330
2019-03-08,94.9000015258789,95.44000244140625,93.62000274658203,93.63999938964844,93.6081771850586,4350950
2019-03-11,94.62000274658203,95.68000030517578,93.62000274658203,94.4000015258789,94.36791229248047,2871830
2019-03-12,94.33999633789062,95.23999786376953,92.69999694824219,93.18000030517578,93.14835357666016,4770255
2019-03-13,92.26000213623047,93.44000244140625,87.30000305175781,92.9000015258789,92.86843872070312,6149685
2019-03-14,94.95999908447266,95.58000183105469,92.5999984741211,95.31999969482422,95.2876205444336,4165955
2019-03-15,94.80000305175781,98.12000274658203,93.55999755859375,97.19999694824219,97.1669692993164,4924305
2019-03-18,97.45999908447266,98.27999877929688,96.33999633789062,98.27999877929688,98.2466049194336,4115840
2019-03-19,99.4000015258789,99.4000015258789,97.37999725341797,98.4000015258789,98.36656951904297,4897555
2019-03-20,98.86000061035156,98.87999725341797,96.55999755859375,97.12000274658203,97.0870132446289,5682740
2019-03-21,97.63999938964844,97.63999938964844,93.5999984741211,96.37999725341797,96.34725952148438,6123685
2019-03-22,96.19999694824219,96.76000213623047,95.12000274658203,96.76000213623047,96.72712707519531,3985895
2019-03-25,96.80000305175781,96.80000305175781,94.5999984741211,95.95999908447266,95.92739868164062,3735275
2019-03-26,96.4000015258789,98.37999725341797,94.54000091552734,97.62000274658203,97.58683776855469,4567060
2019-03-27,98.4000015258789,98.4000015258789,95.87999725341797,96.0,95.96739196777344,4968505
2019-03-28,95.69999694824219,100.68000030517578,95.69999694824219,99.58000183105469,99.5461654663086,7844180
2019-03-29,100.5999984741211,100.83999633789062,97.87999725341797,100.5199966430664,100.48584747314453,17518270
2019-04-01,99.86000061035156,100.87999725341797,98.86000061035156,100.08000183105469,100.0459976196289,4099140
2019-04-02,100.27999877929688,102.0,99.4800033569336,101.68000030517578,101.64546203613281,9638250
2019-04-03,103.0,103.0,101.04000091552734,101.68000030517578,101.64546203613281,4790995
2019-04-04,101.23999786376953,103.72000122070312,99.5199966430664,99.87999725341797,99.84606170654297,3969940
2019-04-05,101.19999694824219,102.63999938964844,99.94000244140625,101.68000030517578,101.64546203613281,6428355
2019-04-08,100.95999908447266,103.44000244140625,100.95999908447266,102.63999938964844,102.60511016845703,4096740
2019-04-09,102.80000305175781,103.19999694824219,100.31999969482422,101.19999694824219,101.16560363769531,8212930
2019-04-10,100.0,101.80000305175781,100.0,101.12000274658203,101.08564758300781,4982955
2019-04-11,102.4000015258789,102.63999938964844,101.12000274658203,102.63999938964844,102.60511016845703,5261980
2019-04-12,102.95999908447266,104.16000366210938,102.27999877929688,104.16000366210938,104.12461853027344,4130860
2019-04-15,104.68000030517578,106.83999633789062,104.44000244140625,106.4000015258789,106.36384582519531,18091535
2019-04-16,109.80000305175781,115.55999755859375,107.0,115.31999969482422,115.28082275390625,19890400
2019-04-17,114.5999984741211,120.19999694824219,114.5999984741211,118.4000015258789,118.35977172851562,12904735
2019-04-18,120.04000091552734,120.80000305175781,116.72000122070312,120.12000274658203,120.07919311523438,14298740
2019-04-23,120.5199966430664,120.63999938964844,118.80000305175781,120.63999938964844,120.5990219116211,11605305
2019-04-24,120.23999786376953,121.76000213623047,119.80000305175781,120.4000015258789,120.35909271240234,12213145
2019-04-25,120.55999755859375,121.55999755859375,119.27999877929688,121.55999755859375,121.5186996459961,18478870
2019-04-26,121.12000274658203,122.4000015258789,120.76000213623047,122.4000015258789,122.35842895507812,12734720
2019-04-29,121.31999969482422,124.87999725341797,121.31999969482422,123.4800033569336,123.43805694580078,7437015
2019-04-30,123.4800033569336,126.5199966430664,123.4800033569336,125.87999725341797,125.83721923828125,10819115
2019-05-01,125.55999755859375,126.4800033569336,123.83999633789062,123.87999725341797,123.8379135131836,5503175
2019-05-02,125.63999938964844,126.5999984741211,122.76000213623047,123.72000122070312,123.67797088623047,9374260
2019-05-03,124.83999633789062,127.19999694824219,123.95999908447266,126.31999969482422,126.27708435058594,9462300
2019-05-07,126.83999633789062,129.72000122070312,125.72000122070312,127.12000274658203,127.0768051147461,10870920
2019-05-08,127.55999755859375,128.16000366210938,123.19999694824219,124.68000030517578,124.63765716552734,13894775
2019-05-09,124.5999984741211,125.23999786376953,123.55999755859375,124.08000183105469,124.037841796875,6828760
2019-05-10,125.5199966430664,127.44000244140625,123.91999816894531,124.0,123.9578628540039,8880950
2019-05-13,124.0,124.63999938964844,119.91999816894531,120.91999816894531,120.8789291381836,9584460
2019-05-14,121.68000030517578,122.91999816894531,121.63999938964844,122.4000015258789,122.35842895507812,7093270
2019-05-15,123.27999877929688,125.04000091552734,122.12000274658203,124.80000305175781,124.75758361816406,4350350
2019-05-16,125.0,126.87999725341797,123.55999755859375,126.87999725341797,126.83689880371094,5619680
2019-05-17,125.68000030517578,127.0,124.95999908447266,126.91999816894531,126.87688446044922,6451955
2019-05-20,125.16000366210938,127.19999694824219,124.27999877929688,125.19999694824219,125.15746307373047,4357535
2019-05-21,125.16000366210938,127.04000091552734,125.08000183105469,125.87999725341797,125.83721923828125,11501045
2019-05-22,125.0,126.23999786376953,123.27999877929688,123.27999877929688,123.23811340332031,4827310
2019-05-23,122.80000305175781,123.63999938964844,120.83999633789062,122.27999877929688,122.23844909667969,5618045
2019-05-24,121.95999908447266,123.83999633789062,121.72000122070312,123.76000213623047,123.71797180175781,8168725
2019-05-28,122.63999938964844,126.4000015258789,122.63999938964844,125.4000015258789,125.35739135742188,10393500
2019-05-29,123.5199966430664,125.08000183105469,120.12000274658203,120.31999969482422,120.27912139892578,5087600
2019-05-30,121.4000015258789,124.5999984741211,120.72000122070312,123.5199966430664,123.47801208496094,3917125
2019-05-31,121.19999694824219,123.5999984741211,121.19999694824219,123.36000061035156,123.31807708740234,4919710
2019-06-03,125.0,125.04000091552734,121.5199966430664,124.68000030517578,124.63765716552734,4818930
2019-06-04,122.63999938964844,128.36000061035156,122.4000015258789,124.95999908447266,124.91753387451172,6323680
2019-06-05,125.27999877929688,127.4800033569336,123.68000030517578,125.44000244140625,125.3973617553711,11977605
2019-06-06,125.4800033569336,125.72000122070312,123.5999984741211,125.23999786376953,125.19744873046875,5716795
2019-06-07,124.68000030517578,125.83999633789062,123.19999694824219,124.27999877929688,124.2377700805664,4556645
2019-06-10,125.0,126.08000183105469,123.5999984741211,124.19999694824219,124.15779876708984,5140250
2019-06-11,124.63999938964844,124.87999725341797,121.95999908447266,122.55999755859375,122.51835632324219,8794500
2019-06-12,122.16000366210938,124.4800033569336,120.31999969482422,122.0,121.95854187011719,8922040
2019-06-13,121.16000366210938,121.36000061035156,118.36000061035156,118.72000122070312,118.67967224121094,6356665
2019-06-14,119.27999877929688,120.0,117.76000213623047,118.31999969482422,118.2798080444336,6727015
2019-06-17,118.44000244140625,119.08000183105469,116.91999816894531,118.19999694824219,118.15983581542969,23099290
2019-06-18,117.5199966430664,119.36000061035156,117.08000183105469,118.04000091552734,117.99989318847656,7202455
2019-06-19,117.80000305175781,119.83999633789062,117.27999877929688,117.76000213623047,117.7199935913086,5796495
2019-06-20,118.91999816894531,119.36000061035156,116.55999755859375,118.27999877929688,118.23982238769531,6908775
2019-06-21,116.83999633789062,118.4800033569336,115.76000213623047,116.72000122070312,116.68034362792969,63656645
2019-06-24,115.83999633789062,120.4000015258789,115.83999633789062,118.0,117.95990753173828,8791870
2019-06-25,116.83999633789062,119.36000061035156,116.16000366210938,118.55999755859375,118.51972198486328,8788595
2019-06-26,117.44000244140625,118.4000015258789,116.08000183105469,117.5199966430664,117.48006439208984,6395725
2019-06-27,116.83999633789062,119.12000274658203,116.83999633789062,118.19999694824219,118.16272735595703,9802125
2019-06-28,118.44000244140625,119.80000305175781,117.27999877929688,117.27999877929688,117.24302673339844,23363345
2019-07-01,118.12000274658203,120.31999969482422,118.0,119.68000030517578,119.64225769042969,12177525
2019-07-02,120.80000305175781,121.76000213623047,120.19999694824219,120.4800033569336,120.44202423095703,8489375
2019-07-03,122.0,125.80000305175781,121.5199966430664,124.0,123.96089935302734,19630675
2019-07-04,124.0,126.08000183105469,123.4000015258789,124.63999938964844,124.6007080078125,46075555
2019-07-05,126.36000061035156,126.36000061035156,123.12000274658203,124.31999969482422,124.28079986572266,9166665
2019-07-08,125.08000183105469,125.08000183105469,118.83999633789062,120.68000030517578,120.6419448852539,12722080
2019-07-09,120.76000213623047,122.0,120.23999786376953,120.95999908447266,120.92186737060547,5933545
2019-07-10,120.12000274658203,122.16000366210938,119.91999816894531,121.95999908447266,121.92154693603516,12623770
2019-07-11,122.55999755859375,123.0,120.31999969482422,122.27999877929688,122.24144744873047,13984230
2019-07-12,122.83999633789062,123.36000061035156,121.91999816894531,123.16000366210938,123.12117004394531,5853190
2019-07-15,123.80000305175781,124.5999984741211,122.12000274658203,124.04000091552734,124.00088500976562,10022800
2019-07-16,124.0,124.36000061035156,122.76000213623047,123.55999755859375,123.52104187011719,5954190
2019-07-17,123.5999984741211,124.4800033569336,122.72000122070312,123.5999984741211,123.56102752685547,6830600
2019-07-18,123.95999908447266,123.95999908447266,122.27999877929688,122.31999969482422,122.28143310546875,17414895
2019-07-19,122.31999969482422,123.91999816894531,122.12000274658203,122.5199966430664,122.48136138916016,4645260
2019-07-22,124.87999725341797,125.08000183105469,122.91999816894531,123.76000213623047,123.72100067138672,9106255
2019-07-23,124.83999633789062,124.83999633789062,120.5199966430664,122.16000366210938,122.12149810791016,6939155
2019-07-24,123.31999969482422,124.27999877929688,122.19999694824219,122.91999816894531,122.8812484741211,6925395
2019-07-25,124.31999969482422,124.31999969482422,122.12000274658203,123.5199966430664,123.48104095458984,7126075
2019-07-26,123.83999633789062,126.04000091552734,122.95999908447266,126.04000091552734,126.00027465820312,5833840
2019-07-29,125.68000030517578,128.75999450683594,125.63999938964844,127.5199966430664,127.47979736328125,9462295
2019-07-30,128.75999450683594,130.29600524902344,126.87999725341797,129.67999267578125,129.63909912109375,9603700
2019-07-31,129.0,130.41419982910156,128.75999450683594,129.9600067138672,129.9190216064453,12184920
2019-08-01,129.8000030517578,130.63999938964844,126.83999633789062,128.0,127.95964050292969,9094855
2019-08-02,126.27999877929688,126.45099639892578,122.80000305175781,122.83999633789062,122.80126953125,5481640
2019-08-05,121.5999984741211,121.5999984741211,115.95999908447266,116.4000015258789,116.3633041381836,9305430
2019-08-06,115.83999633789062,119.50779724121094,115.83999633789062,117.76000213623047,117.7228775024414,11235005
2019-08-07,117.55999755859375,119.87999725341797,116.36000061035156,119.4800033569336,119.44233703613281,7625365
2019-08-08,119.44000244140625,122.42980194091797,119.44000244140625,121.44000244140625,121.40171813964844,5293685
2019-08-09,121.72000122070312,124.08000183105469,121.27059936523438,123.12000274658203,123.08118438720703,6333905
2019-08-12,124.68000030517578,124.80000305175781,120.97679901123047,121.16000366210938,121.12179565429688,5230795
2019-08-13,121.4000015258789,121.80000305175781,118.6312026977539,121.72000122070312,121.68163299560547,6800965
2019-08-14,122.68000030517578,122.85880279541016,119.19999694824219,119.63999938964844,119.60227966308594,7019365
2019-08-15,120.0,120.23999786376953,115.5999984741211,116.27999877929688,116.24333190917969,7175465
2019-08-16,118.72000122070312,120.3292007446289,117.19999694824219,119.19999694824219,119.16241455078125,6241505
2019-08-19,119.16000366210938,120.72000122070312,119.16000366210938,120.27999877929688,120.24208068847656,6392240
2019-08-20,120.5199966430664,121.76000213623047,119.72000122070312,120.08000183105469,120.04215240478516,6315060
2019-08-21,120.5199966430664,123.5999984741211,120.16919708251953,123.23999786376953,123.20114135742188,3073330
2019-08-22,121.80000305175781,124.40080261230469,121.80000305175781,123.72000122070312,123.68099975585938,3566120
2019-08-23,123.87999725341797,124.72000122070312,120.16000366210938,120.16000366210938,120.12212371826172,5650675
2019-08-27,120.0,120.72000122070312,117.95999908447266,120.72000122070312,120.68193817138672,9567240
2019-08-28,120.12000274658203,122.08000183105469,119.44000244140625,121.91999816894531,121.8815689086914,6983470
2019-08-29,121.91999816894531,124.12000274658203,121.84200286865234,123.83999633789062,123.80095672607422,6239345
2019-08-30,122.5199966430664,125.23999786376953,122.5199966430664,123.4000015258789,123.36109924316406,7501770
2019-09-02,122.87999725341797,125.76000213623047,122.4000015258789,125.31999969482422,125.2804946899414,9859360
2019-09-03,126.23999786376953,126.23999786376953,123.4000015258789,123.55999755859375,123.52104187011719,6242425
2019-09-04,124.4000015258789,125.4800033569336,124.19999694824219,124.4800033569336,124.44076538085938,7996095
2019-09-05,124.95999908447266,127.4800033569336,124.08000183105469,127.04000091552734,126.99994659423828,9403670
2019-09-06,127.0,128.32000732421875,126.16000366210938,128.0399932861328,127.99958801269531,12505440
2019-09-09,129.47999572753906,130.0,125.91999816894531,126.5199966430664,126.4801025390625,14954980
2019-09-10,128.36000061035156,138.32000732421875,126.91999816894531,137.63999938964844,137.59658813476562,23588725
2019-09-11,141.1199951171875,142.9600067138672,138.72000122070312,142.36000061035156,142.31512451171875,22091950
2019-09-12,144.52000427246094,144.52000427246094,140.8000030517578,142.0,141.95523071289062,17193285
2019-09-13,142.0399932861328,145.75999450683594,140.8791961669922,145.75999450683594,145.7140350341797,14093365
2019-09-16,145.1199951171875,146.0,142.60000610351562,143.1199951171875,143.07485961914062,13439060
2019-09-17,143.39999389648438,143.8000030517578,141.55999755859375,141.9600067138672,141.91525268554688,11622015
2019-09-18,142.63999938964844,143.32000732421875,141.67999267578125,142.47999572753906,142.43508911132812,17186970
2019-09-19,143.24000549316406,143.52859497070312,137.36000061035156,138.39999389648438,138.35638427734375,12071135
2019-09-20,138.63999938964844,140.67999267578125,137.16000366210938,139.0,138.95619201660156,14396995
2019-09-23,139.44000244140625,140.16000366210938,137.9600067138672,139.32000732421875,139.27610778808594,13796990
2019-09-24,139.44000244140625,141.8000030517578,138.52000427246094,141.39999389648438,141.3553924560547,14376020
2019-09-25,140.9199981689453,141.24000549316406,138.8376007080078,140.27999877929688,140.2357940673828,9845575
2019-09-26,140.9600067138672,145.75999450683594,139.16000366210938,144.8000030517578,144.7543487548828,13875065
2019-09-27,144.8000030517578,148.52000427246094,144.27999877929688,147.24000549316406,147.193603515625,12800250
2019-09-30,148.0399932861328,151.0,147.39999389648438,150.27999877929688,150.2326202392578,16882085
2019-10-01,150.60000610351562,150.9600067138672,147.1999969482422,150.39999389648438,150.35256958007812,35455615
2019-10-02,148.9199981689453,150.0,145.60000610351562,146.24000549316406,146.1938934326172,14422095
2019-10-03,145.0,147.36000061035156,143.38999938964844,146.8800048828125,146.8336944580078,12525915
2019-10-04,148.0,150.83999633789062,146.75999450683594,150.83999633789062,150.7924346923828,8896880
2019-10-07,151.9600067138672,151.9600067138672,145.8800048828125,146.9600067138672,146.9136962890625,10727020
2019-10-08,148.44000244140625,148.44000244140625,144.1199951171875,145.75999450683594,145.7140350341797,9749745
2019-10-09,145.0800018310547,146.9600067138672,145.0,146.0,145.95396423339844,12076645
2019-10-10,145.47999572753906,147.0800018310547,144.47999572753906,146.47999572753906,146.43382263183594,11701715
2019-10-11,146.47999572753906,152.39999389648438,146.27999877929688,152.16000366210938,152.11203002929688,16360785
2019-10-14,152.63999938964844,154.0,146.3000030517578,153.67999267578125,153.6315155029297,9121010
2019-10-15,155.83999633789062,157.24000549316406,153.1199951171875,156.1999969482422,156.15074157714844,14763695
2019-10-16,157.27999877929688,157.27999877929688,153.36000061035156,155.0,154.9511260986328,7249445
2019-10-17,156.0,159.0800018310547,152.32000732421875,155.27999877929688,155.23104858398438,8154755
2019-10-18,155.39999389648438,155.39999389648438,153.72000122070312,154.0,153.95143127441406,7223760
2019-10-21,154.0800018310547,154.9600067138672,153.0399932861328,154.1199951171875,154.07139587402344,8901680
2019-10-22,154.36000061035156,155.0800018310547,152.0800018310547,155.0399932861328,154.99111938476562,7169495
2019-10-23,154.0800018310547,154.9600067138672,152.66839599609375,153.52000427246094,153.47158813476562,9298295
2019-10-24,153.39999389648438,155.24000549316406,152.67999267578125,152.72000122070312,152.67185974121094,9269640
2019-10-25,151.9600067138672,153.83999633789062,151.39999389648438,153.44000244140625,153.39161682128906,6875495
2019-10-28,153.0,155.1199951171875,151.52000427246094,154.8800048828125,154.8311767578125,6192360
2019-10-29,154.8800048828125,154.8800048828125,153.32000732421875,154.47999572753906,154.43130493164062,5100715
2019-10-30,153.63999938964844,154.27999877929688,152.8000030517578,153.9199981689453,153.87149047851562,6119665
2019-10-31,155.0,155.0,152.60000610351562,153.67999267578125,153.6315155029297,6421960
2019-11-01,154.0800018310547,155.1999969482422,152.9459991455078,154.0,153.95143127441406,9359005
2019-11-04,154.32000732421875,154.9503936767578,151.60000610351562,151.63999938964844,151.5922088623047,6670670
2019-11-05,151.9600067138672,153.16000366210938,151.0800018310547,151.9199981689453,151.8721160888672,7988860
2019-11-06,152.27999877929688,152.67520141601562,146.8800048828125,148.36000061035156,148.31321716308594,12952675
2019-11-07,148.27999877929688,151.1199951171875,148.27999877929688,149.0,148.95303344726562,9889170
2019-11-08,148.67999267578125,149.0800018310547,146.47999572753906,147.0399932861328,146.99365234375,12412595
2019-11-11,146.75999450683594,150.8000030517578,146.0,150.27999877929688,150.2326202392578,11106905
2019-11-12,149.8000030517578,151.0399932861328,148.0399932861328,150.55999755859375,150.51251220703125,10661510
2019-11-13,150.60000610351562,151.32000732421875,149.16000366210938,151.0800018310547,151.03237915039062,7929715
2019-11-14,151.0,151.52000427246094,147.75999450683594,149.36000061035156,149.3129119873047,8269190
2019-11-15,151.0,151.60000610351562,149.0399932861328,151.39999389648438,151.35227966308594,8776275
2019-11-18,152.0,155.32000732421875,151.75999450683594,154.0,153.95143127441406,9942215
2019-11-19,155.0399932861328,156.0800018310547,151.32000732421875,152.0,151.95208740234375,8368390
2019-11-20,149.9600067138672,152.9600067138672,148.67999267578125,151.24000549316406,151.19232177734375,15578005
2019-11-21,151.0800018310547,152.55999755859375,149.44000244140625,151.75999450683594,151.71212768554688,10633825
2019-11-22,152.32000732421875,157.72000122070312,152.1999969482422,157.55999755859375,157.51034545898438,16926815
2019-11-25,157.27999877929688,161.47999572753906,157.27999877929688,161.39999389648438,161.34910583496094,19092485
2019-11-26,161.8800048828125,163.1999969482422,155.1999969482422,157.52000427246094,157.47035217285156,172565715
2019-11-27,159.39999389648438,160.36000061035156,152.58999633789062,154.67999267578125,154.63121032714844,15556265
2019-11-28,154.60000610351562,155.61279296875,153.16000366210938,155.32000732421875,155.27157592773438,4016465
2019-11-29,154.0800018310547,155.63999938964844,152.0,152.1199951171875,152.07257080078125,7294815
2019-12-02,153.0399932861328,154.24000549316406,151.55999755859375,151.55999755859375,151.51278686523438,16386045
2019-12-03,151.63999938964844,153.9199981689453,150.39999389648438,151.47999572753906,151.43280029296875,15282510
2019-12-04,151.0,156.16000366210938,150.52000427246094,155.60000610351562,155.55154418945312,25865185
2019-12-05,156.67999267578125,156.67999267578125,152.1199951171875,156.47999572753906,156.43124389648438,10520390
2019-12-06,154.83999633789062,159.97979736328125,154.83999633789062,159.8000030517578,159.7501983642578,8406960
2019-12-09,160.0399932861328,161.67999267578125,159.54519653320312,161.1999969482422,161.1497802734375,7520675
2019-12-10,160.83999633789062,160.9792022705078,158.72000122070312,160.67999267578125,160.62991333007812,8453655
2019-12-11,153.0,153.0,142.0,145.39999389648438,145.35467529296875,51191970
2019-12-12,147.0,149.72000122070312,146.57960510253906,148.24000549316406,148.1938018798828,20442580
2019-12-13,155.39999389648438,159.47999572753906,153.0800018310547,156.55999755859375,156.51123046875,15667670
2019-12-16,158.39999389648438,162.52000427246094,157.0,162.0,161.9495086669922,8944870
2019-12-17,162.16000366210938,165.9600067138672,160.67999267578125,164.1999969482422,164.14883422851562,13912910
2019-12-18,163.72000122070312,164.0,159.39999389648438,161.8800048828125,161.82957458496094,31523120
2019-12-19,161.8000030517578,164.27999877929688,159.8800048828125,163.24000549316406,163.1891326904297,18563995
2019-12-20,164.0800018310547,164.76199340820312,161.9600067138672,164.0,163.94888305664062,13710000
2019-12-23,164.1199951171875,166.39999389648438,162.36000061035156,166.39999389648438,166.34814453125,9385775
2019-12-24,166.24000549316406,167.04440307617188,165.39999389648438,166.8800048828125,166.8280029296875,1311705
2019-12-27,166.60000610351562,168.83999633789062,163.54640197753906,168.83999633789062,168.78738403320312,3660415
2019-12-30,166.8800048828125,169.9600067138672,166.24000549316406,166.44000244140625,166.38815307617188,5314460
2019-12-31,167.24000549316406,168.9199981689453,166.44000244140625,167.47999572753906,167.42782592773438,2190915
2020-01-02,168.47999572753906,170.0019989013672,164.44000244140625,166.27999877929688,166.22817993164062,7360400
2020-01-03,164.36000061035156,165.27999877929688,160.72000122070312,162.24000549316406,162.18943786621094,8996305
2020-01-06,161.27999877929688,163.27999877929688,159.16000366210938,163.27999877929688,163.2291259765625,8410620
2020-01-07,163.27999877929688,164.8800048828125,162.24000549316406,163.36000061035156,163.30911254882812,5958865
2020-01-08,162.72000122070312,164.72000122070312,160.83999633789062,163.8000030517578,163.7489471435547,6069505
2020-01-09,164.16000366210938,165.83999633789062,160.67999267578125,165.47999572753906,165.42840576171875,9637955
2020-01-10,166.0,169.8000030517578,160.0399932861328,166.39999389648438,166.34814453125,21000200
2020-01-13,169.36000061035156,170.63999938964844,160.16639709472656,168.16000366210938,168.1075897216797,15960055
2020-01-14,168.36000061035156,171.60000610351562,167.91200256347656,170.83999633789062,170.78675842285156,10898220
2020-01-15,171.83999633789062,171.83999633789062,169.60000610351562,170.0,169.947021484375,7612145
2020-01-16,171.60000610351562,171.60000610351562,169.1199951171875,171.39999389648438,171.34657287597656,8570380
2020-01-17,172.60000610351562,178.0,172.4720001220703,174.8000030517578,174.7455596923828,9487080
2020-01-20,175.0,175.61000061035156,172.60000610351562,173.0399932861328,172.986083984375,4885205
2020-01-21,171.75999450683594,172.49000549316406,169.67999267578125,170.9199981689453,170.8667449951172,7187745
2020-01-22,172.16000366210938,173.55999755859375,170.16000366210938,171.0,170.94671630859375,8277895
2020-01-23,171.16000366210938,171.8000030517578,167.27999877929688,167.63999938964844,167.58773803710938,7378855
2020-01-24,169.1999969482422,172.0,168.552001953125,169.83999633789062,169.7870635986328,6070465
2020-01-27,167.60000610351562,167.67999267578125,164.72000122070312,165.8000030517578,165.7483367919922,5786195
2020-01-28,166.0800018310547,166.8800048828125,163.60000610351562,166.60000610351562,166.54808044433594,4337615
2020-01-29,166.83999633789062,167.32000732421875,164.0800018310547,165.24000549316406,165.1885223388672,6029350
2020-01-30,164.39999389648438,168.16000366210938,162.60000610351562,164.8800048828125,164.82861328125,5488765
2020-01-31,165.63999938964844,166.67999267578125,164.36000061035156,164.36000061035156,164.30880737304688,10208875
2020-02-03,165.9600067138672,166.72000122070312,164.55999755859375,166.60000610351562,166.54808044433594,6833640
2020-02-04,167.24000549316406,173.52000427246094,167.24000549316406,173.0399932861328,172.986083984375,8271020
2020-02-05,172.9199981689453,175.8800048828125,169.9600067138672,171.1199951171875,171.06668090820312,16997620
2020-02-06,171.36000061035156,172.39999389648438,168.75999450683594,171.36000061035156,171.30661010742188,4990340
2020-02-07,172.0800018310547,172.0800018310547,166.8000030517578,167.0,166.94796752929688,6596770
2020-02-10,167.8000030517578,169.55999755859375,165.60000610351562,169.1999969482422,169.14727783203125,7925615
2020-02-11,171.0,175.27999877929688,171.0,174.60000610351562,174.54559326171875,8488390
2020-02-12,174.0800018310547,176.27999877929688,166.83999633789062,176.27999877929688,176.22506713867188,6958960
2020-02-13,176.16000366210938,176.32000732421875,172.63999938964844,173.72000122070312,173.66587829589844,4072160
2020-02-14,173.8000030517578,174.47999572753906,171.55999755859375,173.47999572753906,173.42591857910156,5335835
2020-02-17,173.72000122070312,174.44000244140625,172.1199951171875,172.67999267578125,172.6261749267578,3428620
2020-02-18,171.0399932861328,172.32000732421875,169.8800048828125,170.0,169.947021484375,8432145
2020-02-19,170.8000030517578,173.32000732421875,170.0399932861328,172.55999755859375,172.5062255859375,6406990
2020-02-20,173.9199981689453,175.47999572753906,172.0800018310547,173.47999572753906,173.42591857910156,8274640
2020-02-21,173.47999572753906,176.83999633789062,171.55999755859375,175.75999450683594,175.70523071289062,30130085
2020-02-24,171.9600067138672,172.4456024169922,164.75999450683594,164.83999633789062,164.7886199951172,22861405
2020-02-25,165.36000061035156,168.9600067138672,160.47999572753906,161.0399932861328,160.98980712890625,8132580
2020-02-26,160.1999969482422,160.8800048828125,153.44000244140625,156.75999450683594,156.71116638183594,13397645
2020-02-27,153.1999969482422,154.52000427246094,145.9199981689453,148.36000061035156,148.31375122070312,12444585
2020-02-28,141.52000427246094,148.36000061035156,138.91859436035156,147.39999389648438,147.35403442382812,22946565
2020-03-02,150.0800018310547,150.8800048828125,142.27999877929688,144.24000549316406,144.19508361816406,14192120
2020-03-03,147.39999389648438,150.72000122070312,146.0399932861328,147.8000030517578,147.75393676757812,10575260
2020-03-04,150.0,150.0,143.72000122070312,144.75999450683594,144.71490478515625,11414500
2020-03-05,145.39999389648438,147.32000732421875,140.24000549316406,141.1999969482422,141.156005859375,12553890
2020-03-06,138.8000030517578,139.23519897460938,133.32000732421875,135.72000122070312,135.6776885986328,17265660
2020-03-09,132.32000732421875,134.36000061035156,126.41480255126953,130.60000610351562,130.55929565429688,18093660
2020-03-10,131.67999267578125,136.83999633789062,127.68000030517578,127.68000030517578,127.64020538330078,14374535
2020-03-11,128.0800018310547,130.3179931640625,120.44000244140625,121.23999786376953,121.20221710205078,24606970
2020-03-12,114.72000122070312,114.72000122070312,105.19999694824219,107.72000122070312,107.6864242553711,28567065
2020-03-13,112.72000122070312,115.23999786376953,101.04000091552734,102.5199966430664,102.48804473876953,23108130
2020-03-16,95.37999725341797,98.19999694824219,77.36219787597656,83.44000244140625,83.41400146484375,27376815
2020-03-17,86.12000274658203,88.12000274658203,67.41999816894531,68.45999908447266,68.43865966796875,27545365
2020-03-18,67.30000305175781,68.66000366210938,58.2400016784668,58.63999938964844,58.621726989746094,29568800
2020-03-19,59.900001525878906,65.69999694824219,54.939998626708984,63.880001068115234,63.8600959777832,34589105
2020-03-20,68.77999877929688,78.28739929199219,65.28199768066406,75.83999633789062,75.81635284423828,63075240
2020-03-23,69.91999816894531,73.72000122070312,62.91999816894531,72.76000213623047,72.7373275756836,26835365
2020-03-24,71.30000305175781,86.5248031616211,71.30000305175781,86.41999816894531,86.39306640625,29404560
2020-03-25,90.23999786376953,108.27999877929688,90.0199966430664,103.83999633789062,103.80763244628906,30032275
2020-03-26,101.44000244140625,103.84120178222656,93.77999877929688,103.27999877929688,103.24781036376953,17578175
2020-03-27,103.68000030517578,104.12000274658203,92.72200012207031,95.41999816894531,95.3902587890625,28181435
2020-03-30,94.73999786376953,103.84839630126953,85.31999969482422,91.77999877929688,91.75138854980469,13615915
2020-03-31,92.23999786376953,103.84839630126953,87.79720306396484,91.54000091552734,91.51146697998047,32481940
2020-04-01,87.72000122070312,89.44000244140625,83.86000061035156,84.58000183105469,84.55364990234375,16237765
2020-04-02,83.73999786376953,86.47160339355469,81.13999938964844,81.91999816894531,81.89447021484375,12052720
2020-04-03,83.08000183105469,84.27999877929688,80.0,81.54000091552734,81.51458740234375,14973805
2020-04-06,82.58000183105469,95.80000305175781,82.58000183105469,93.4000015258789,93.37089538574219,26311790
2020-04-07,96.5,108.16000366210938,96.5,102.95999908447266,102.92790222167969,29142365
2020-04-08,100.31999969482422,105.27999877929688,98.5,104.95999908447266,104.92728424072266,13515235
2020-04-09,106.80000305175781,117.31999969482422,106.04000091552734,112.91999816894531,112.88479614257812,20737610
2020-04-14,113.5999984741211,114.83999633789062,109.29340362548828,111.72000122070312,111.6851806640625,21498960
2020-04-15,108.4000015258789,111.19999694824219,101.4000015258789,102.31999969482422,102.28811645507812,26687700
2020-04-16,100.36000061035156,105.63999938964844,98.0,98.0,97.96946716308594,20835150
2020-04-17,101.87999725341797,107.4800033569336,99.33999633789062,100.83999633789062,100.8085708618164,16002865
2020-04-20,101.72000122070312,104.5999984741211,95.5,98.81999969482422,98.78919219970703,14536695
2020-04-21,96.9000015258789,98.22679901123047,94.31999969482422,96.0999984741211,96.07005310058594,52891105
2020-04-22,98.0,99.84639739990234,95.23999786376953,95.23999786376953,95.2103042602539,19543675
2020-04-23,95.80000305175781,98.9800033569336,94.72000122070312,98.72000122070312,98.68923950195312,12409200
2020-04-24,98.0,101.51119995117188,94.68000030517578,98.62000274658203,98.58926391601562,13071040
2020-04-27,100.0,101.3583984375,95.19999694824219,96.30000305175781,96.2699966430664,13708915
2020-04-28,96.9000015258789,107.55999755859375,96.27999877929688,104.5199966430664,104.4874267578125,17727810
2020-04-29,104.87999725341797,107.87999725341797,101.44000244140625,107.12000274658203,107.08662414550781,38702430
2020-04-30,108.4000015258789,110.83999633789062,102.04000091552734,105.87999725341797,105.84700775146484,21127405
2020-05-01,105.19999694824219,107.4000015258789,103.80000305175781,105.44000244140625,105.40714263916016,7034625
2020-05-04,104.23999786376953,105.44000244140625,101.09259796142578,104.55999755859375,104.52742004394531,13023670
2020-05-05,106.83999633789062,107.31999969482422,99.68000030517578,101.04000091552734,101.00851440429688,13995225
2020-05-06,99.5999984741211,104.79199981689453,98.94419860839844,103.63999938964844,103.60769653320312,17982695
2020-05-07,102.4800033569336,111.96199798583984,102.4800033569336,110.83999633789062,110.80545806884766,18261830
2020-05-11,111.4000015258789,114.5199966430664,104.72000122070312,107.83999633789062,107.80638885498047,14110740
2020-05-12,107.80000305175781,110.5199966430664,105.5199966430664,107.91999816894531,107.88636779785156,10781040
2020-05-13,106.04000091552734,107.5999984741211,102.0,105.12000274658203,105.08724975585938,17452975
2020-05-14,102.76000213623047,105.57959747314453,99.73999786376953,104.44000244140625,104.40745544433594,15846220
2020-05-15,105.16000366210938,108.89839935302734,101.29979705810547,104.0,103.96759033203125,13564980
2020-05-18,105.68000030517578,109.44000244140625,103.59200286865234,109.08000183105469,109.04600524902344,10535490
2020-05-19,111.31999969482422,113.4000015258789,109.4800033569336,112.4000015258789,112.36498260498047,8216525
2020-05-20,112.12000274658203,115.62999725341797,110.27999877929688,114.16000366210938,114.12444305419922,8464325
2020-05-21,112.83999633789062,116.04640197753906,110.8125991821289,114.12000274658203,114.08444213867188,6740115
2020-05-22,113.04000091552734,115.36000061035156,110.08000183105469,112.95999908447266,112.92478942871094,6938595
2020-05-26,117.5199966430664,126.5999984741211,116.80000305175781,124.4800033569336,124.44120788574219,15884170
2020-05-27,126.0,131.60000610351562,123.5999984741211,131.60000610351562,131.5590057373047,18165965
2020-05-28,133.44000244140625,137.75999450683594,131.0,132.75999450683594,132.71864318847656,15319840
2020-05-29,132.0,133.67999267578125,127.63999938964844,131.67999267578125,131.63897705078125,27927600
2020-06-01,133.0399932861328,133.0399932861328,128.83999633789062,131.63999938964844,131.5989990234375,6550615
2020-06-02,132.8000030517578,135.8000030517578,131.1999969482422,134.0399932861328,133.99819946289062,9294010
2020-06-03,137.0,137.0,132.24020385742188,133.8000030517578,133.75830078125,19754025
2020-06-04,133.39999389648438,134.27999877929688,130.72000122070312,133.0,132.9585418701172,13596650
2020-06-05,134.9199981689453,159.0,133.2263946533203,138.24000549316406,138.19692993164062,30229940
2020-06-08,131.0399932861328,136.0800018310547,126.16000366210938,133.0,132.9585418701172,15950850
2020-06-09,132.60000610351562,133.63999938964844,128.8800048828125,129.0800018310547,129.03977966308594,17202090
2020-06-10,129.1199951171875,134.8000030517578,127.63999938964844,129.63999938964844,129.59959411621094,13465370
2020-06-11,126.4000015258789,128.44000244140625,123.19999694824219,125.0,124.96104431152344,15176025
2020-06-12,122.91999816894531,129.73260498046875,120.43219757080078,125.63999938964844,125.60083770751953,23937595
2020-06-15,123.91380310058594,128.16000366210938,118.91999816894531,124.5999984741211,124.56117248535156,17920935
2020-06-16,128.36000061035156,130.36000061035156,126.04000091552734,128.0399932861328,128.00006103515625,7062560
2020-06-17,128.39999389648438,131.75999450683594,126.87999725341797,129.0800018310547,129.03977966308594,7647930
2020-06-18,129.27999877929688,129.8800048828125,126.95999908447266,128.32000732421875,128.280029296875,5592840
2020-06-19,130.8800048828125,131.75999450683594,127.36000061035156,129.39999389648438,129.3596649169922,10276080
2020-06-22,127.4800033569336,128.83999633789062,124.63999938964844,126.19999694824219,126.16065979003906,28508855
2020-06-23,127.5199966430664,130.8800048828125,125.90740203857422,128.1999969482422,128.16004943847656,7218085
2020-06-24,129.63999938964844,130.39999389648438,122.27999877929688,122.4000015258789,122.36186218261719,8934140
2020-06-25,121.80000305175781,127.43199920654297,119.55999755859375,127.08000183105469,127.04039764404297,11541480
2020-06-26,127.31999969482422,127.87999725341797,120.87999725341797,125.12000274658203,125.08100891113281,8837630
2020-06-29,124.63999938964844,128.32000732421875,122.55999755859375,123.80000305175781,123.76142120361328,6444540
2020-06-30,124.27999877929688,126.0,122.76000213623047,124.44000244140625,124.40122985839844,16430580
2020-07-01,125.4000015258789,127.08000183105469,122.91999816894531,126.04000091552734,126.000732421875,24750940
2020-07-02,126.63999938964844,132.32000732421875,125.83999633789062,130.44000244140625,130.39935302734375,8598440
2020-07-03,130.0,133.4739990234375,130.0,130.52000427246094,130.47933959960938,6777170
2020-07-06,132.8800048828125,138.83999633789062,131.47999572753906,134.9199981689453,134.87796020507812,13922775
2020-07-07,139.52000427246094,141.9600067138672,130.27999877929688,133.67999267578125,133.6383514404297,18617195
2020-07-08,131.52000427246094,134.0800018310547,128.60000610351562,131.52000427246094,131.47900390625,16219855
2020-07-09,134.0399932861328,135.44000244140625,130.1199951171875,130.16000366210938,130.11944580078125,14928800
2020-07-10,128.55999755859375,130.39999389648438,126.77559661865234,129.60000610351562,129.55960083007812,6066225
2020-07-13,132.0800018310547,132.1999969482422,125.87999725341797,129.1199951171875,129.07977294921875,7416100
2020-07-14,127.04000091552734,127.27999877929688,122.08100128173828,123.83999633789062,123.80140686035156,8598810
2020-07-15,124.87999725341797,131.0800018310547,123.4000015258789,130.36000061035156,130.31936645507812,7965105
2020-07-16,130.8000030517578,130.8000030517578,127.72000122070312,128.39999389648438,128.35997009277344,7418595
2020-07-17,126.0,130.52000427246094,124.12000274658203,129.32000732421875,129.27969360351562,6784045
2020-07-20,127.63999938964844,129.24000549316406,125.8478012084961,127.31999969482422,127.28032684326172,4532080
2020-07-21,131.1199951171875,131.16000366210938,126.63999938964844,126.63999938964844,126.60053253173828,4585565
2020-07-22,126.4800033569336,128.16000366210938,123.72000122070312,127.0,126.96041107177734,6309855
2020-07-23,127.5999984741211,128.36000061035156,124.72000122070312,125.16000366210938,125.12100219726562,4061385
2020-07-24,122.80000305175781,124.08000183105469,118.85179901123047,119.76000213623047,119.72267150878906,8407310
2020-07-27,120.95999908447266,120.95999908447266,116.80799865722656,118.44000244140625,118.4030990600586,8666060
2020-07-28,118.0,121.31999969482422,118.0,121.0,120.96228790283203,11144510
2020-07-29,120.95999908447266,125.12000274658203,120.23999786376953,124.4000015258789,124.36124420166016,18121800
2020-07-30,125.55999755859375,125.55999755859375,120.72000122070312,122.12000274658203,122.08195495605469,10519865
2020-07-31,123.31999969482422,126.87999725341797,121.12000274658203,121.12000274658203,121.0822525024414,11713360
2020-08-03,120.5199966430664,123.44000244140625,117.76000213623047,122.4000015258789,122.36186218261719,5399300
2020-08-04,123.63999938964844,124.87999725341797,121.16000366210938,123.19999694824219,123.16160583496094,6518680
2020-08-05,122.31999969482422,130.0,121.68000030517578,130.0,129.95948791503906,11990225
2020-08-06,127.04000091552734,131.39999389648438,126.36000061035156,131.0800018310547,131.03915405273438,5423630
2020-08-07,131.9199981689453,134.36000061035156,129.63319396972656,131.83999633789062,131.79891967773438,8866255
2020-08-10,133.72000122070312,136.8800048828125,132.62120056152344,136.8800048828125,136.83734130859375,8594900
2020-08-11,138.60000610351562,142.9199981689453,137.72000122070312,141.32000732421875,141.27598571777344,9765785
2020-08-12,142.1999969482422,144.2758026123047,137.75999450683594,141.44000244140625,141.39588928222656,12721995
2020-08-13,141.39999389648438,142.0,138.9199981689453,140.1199951171875,140.07632446289062,7508190
2020-08-14,140.44000244140625,140.44000244140625,135.16000366210938,138.67999267578125,138.6367645263672,5189440
2020-08-17,136.0,138.9600067138672,136.0,138.60000610351562,138.5568084716797,5256765
2020-08-18,138.9600067138672,139.36000061035156,135.8800048828125,136.1199951171875,136.07757568359375,3851970
2020-08-19,136.72000122070312,138.1999969482422,132.72000122070312,135.8800048828125,135.83766174316406,5530970
2020-08-20,133.16000366210938,135.55999755859375,132.1199951171875,135.55999755859375,135.5177459716797,6246730
2020-08-21,134.36000061035156,137.47999572753906,133.72000122070312,136.9600067138672,136.91732788085938,8427670
2020-08-24,138.0,139.83999633789062,133.7261962890625,138.1999969482422,138.15692138671875,4585695
2020-08-25,141.27999877929688,141.27999877929688,137.1865997314453,138.27999877929688,138.23690795898438,5990530
2020-08-26,138.75999450683594,143.55999755859375,137.1199951171875,143.55999755859375,143.5152587890625,6400075
2020-08-27,143.0399932861328,146.36000061035156,142.0,144.55999755859375,144.5149383544922,7180950
2020-08-28,145.72000122070312,147.1199951171875,142.27999877929688,145.16000366210938,145.11477661132812,9392745
2020-09-01,144.8800048828125,146.1999969482422,140.1999969482422,142.16000366210938,142.11570739746094,10539240
2020-09-02,143.63999938964844,147.32000732421875,140.83999633789062,142.24000549316406,142.1956787109375,17041165
2020-09-03,141.9199981689453,149.55999755859375,141.67999267578125,142.52000427246094,142.47560119628906,8704715
2020-09-04,142.0800018310547,147.24000549316406,141.0399932861328,143.0,142.95545959472656,9981875
2020-09-07,143.52000427246094,147.9199981689453,143.44000244140625,144.9199981689453,144.87481689453125,9838015
2020-09-08,158.8000030517578,159.27999877929688,152.16000366210938,159.16000366210938,159.1103973388672,43514275
2020-09-09,158.32000732421875,165.16000366210938,155.1999969482422,163.55999755859375,163.50900268554688,12680430
2020-09-10,163.60000610351562,165.47999572753906,161.83999633789062,163.67999267578125,163.62896728515625,9223590
2020-09-11,164.0800018310547,164.67999267578125,157.44000244140625,157.44000244140625,157.39096069335938,9999490
2020-09-14,158.60000610351562,159.3468017578125,156.16000366210938,157.0399932861328,156.99105834960938,7062580
2020-09-15,156.63999938964844,160.9199981689453,155.72000122070312,160.36000061035156,160.3100128173828,6598170
2020-09-16,161.67999267578125,163.60000610351562,160.1199951171875,160.67999267578125,160.62991333007812,10347740
2020-09-17,158.8000030517578,162.39999389648438,157.83999633789062,161.75999450683594,161.7095947265625,9729620
2020-09-18,161.0399932861328,161.8000030517578,156.0,156.44000244140625,156.39125061035156,16051290
2020-09-21,153.32000732421875,153.9199981689453,147.24000549316406,149.39999389648438,149.35342407226562,11201805
2020-09-22,150.1999969482422,154.44000244140625,148.89480590820312,152.60000610351562,152.5524444580078,15500045
2020-09-23,156.9600067138672,161.1199951171875,155.44000244140625,158.44000244140625,158.39064025878906,11736405
2020-09-24,155.67999267578125,160.47999572753906,154.75999450683594,156.75999450683594,156.71116638183594,15461275
2020-09-25,157.60000610351562,160.55999755859375,154.8000030517578,160.52000427246094,160.47000122070312,6595925
2020-09-28,162.39999389648438,164.75999450683594,161.24000549316406,162.24000549316406,162.18943786621094,6391480
2020-09-29,161.0800018310547,162.63999938964844,158.39999389648438,159.0,158.95045471191406,13144610
2020-09-30,157.39999389648438,162.00100708007812,156.0399932861328,161.8800048828125,161.82957458496094,14704040
2020-10-01,162.27999877929688,163.67999267578125,159.24000549316406,161.55999755859375,161.50967407226562,7258250
2020-10-02,160.1999969482422,160.72000122070312,156.0399932861328,159.60000610351562,159.55027770996094,6322705
2020-10-05,162.27999877929688,162.83999633789062,158.55999755859375,158.8000030517578,158.75050354003906,10623530
2020-10-06,158.75999450683594,159.1999969482422,154.8800048828125,155.0,154.95169067382812,17697990
2020-10-07,154.72000122070312,157.27999877929688,154.72000122070312,156.0399932861328,155.99136352539062,11885210
2020-10-08,157.0,161.60000610351562,156.75999450683594,157.8000030517578,157.7508087158203,7099475
2020-10-09,156.60000610351562,158.46600341796875,156.27999877929688,156.9600067138672,156.91107177734375,5493765
2020-10-12,159.27999877929688,160.75999450683594,155.0800018310547,156.0800018310547,156.0313720703125,8969040
2020-10-13,155.55999755859375,159.27999877929688,154.39999389648438,156.75999450683594,156.71116638183594,10199675
2020-10-14,158.32000732421875,162.8800048828125,155.60000610351562,160.1199951171875,160.0701141357422,10291340
2020-10-15,159.60000610351562,159.60000610351562,151.39999389648438,155.47999572753906,155.43154907226562,9039145
2020-10-16,157.9199981689453,161.8800048828125,156.60000610351562,159.9199981689453,159.87014770507812,6734235
2020-10-19,161.32000732421875,162.72000122070312,159.47999572753906,161.72000122070312,161.6696014404297,4130615
2020-10-20,160.72000122070312,163.8000030517578,160.39999389648438,162.8000030517578,162.74929809570312,5427510
2020-10-21,163.44000244140625,163.72000122070312,158.0,158.67999267578125,158.63055419921875,4644850
2020-10-22,158.67999267578125,161.42059326171875,156.32000732421875,160.72000122070312,160.669921875,5476555
2020-10-23,160.9600067138672,165.44520568847656,160.0800018310547,164.47999572753906,164.42872619628906,4147515
2020-10-26,161.83999633789062,165.44520568847656,160.1199951171875,161.0399932861328,160.98980712890625,7848615
2020-10-27,160.0800018310547,160.8800048828125,155.93600463867188,156.44000244140625,156.39125061035156,4803290
2020-10-28,154.8000030517578,155.5780029296875,148.1999969482422,150.16000366210938,150.11322021484375,15504485
2020-10-29,150.1199951171875,151.83999633789062,148.39999389648438,149.63999938964844,149.59336853027344,11484655
2020-10-30,147.67999267578125,149.82040405273438,146.47999572753906,148.24000549316406,148.1938018798828,17618110
2020-11-02,148.0,148.0,136.8184051513672,138.1999969482422,138.15692138671875,17060620
2020-11-03,139.39999389648438,144.27999877929688,138.52000427246094,141.55999755859375,141.51588439941406,11386980
2020-11-04,140.0,148.1199951171875,140.0,148.1199951171875,148.0738525390625,9101000
2020-11-05,149.9199981689453,150.39999389648438,146.27999877929688,150.39999389648438,150.35311889648438,5367820
2020-11-06,149.44000244140625,150.63999938964844,145.39999389648438,150.1199951171875,150.07321166992188,5643355
2020-11-09,153.60000610351562,164.47999572753906,153.36000061035156,162.16000366210938,162.10946655273438,13331260
2020-11-10,161.16000366210938,166.0800018310547,159.1199951171875,159.47999572753906,159.4302978515625,10751875
2020-11-11,157.47999572753906,164.39999389648438,157.47999572753906,164.1199951171875,164.06884765625,8381940
2020-11-12,162.9600067138672,165.24000549316406,159.36000061035156,162.1199951171875,162.0694580078125,6366150
2020-11-13,161.0399932861328,163.39999389648438,158.58799743652344,161.9199981689453,161.86952209472656,6428830
2020-11-16,164.27999877929688,164.8000030517578,159.72000122070312,162.32000732421875,162.26942443847656,7439730
2020-11-17,161.52000427246094,162.0800018310547,156.72000122070312,157.39999389648438,157.3509521484375,8670600
2020-11-18,157.27999877929688,162.16000366210938,156.8800048828125,161.47999572753906,161.4296875,6941075
2020-11-19,160.16000366210938,161.44000244140625,157.8800048828125,160.32000732421875,160.27001953125,11608815
2020-11-20,161.0399932861328,165.0800018310547,160.60000610351562,164.75999450683594,164.70864868164062,6964500
2020-11-23,166.39999389648438,167.1999969482422,161.9199981689453,162.55999755859375,162.50933837890625,5869585
2020-11-24,163.8000030517578,165.1199951171875,150.9199981689453,152.0,151.95263671875,18302945
2020-11-25,151.72000122070312,153.9199981689453,148.16000366210938,148.9600067138672,148.91357421875,8734970
2020-11-26,150.52000427246094,151.55999755859375,145.8800048828125,146.32000732421875,146.27442932128906,5127585
2020-11-27,146.67999267578125,147.72000122070312,142.38119506835938,146.63999938964844,146.5943145751953,12188565
2020-11-30,146.8800048828125,158.9199981689453,146.8800048828125,155.24000549316406,155.19161987304688,20439880
2020-12-01,157.0800018310547,162.83999633789062,154.67999267578125,161.8000030517578,161.74960327148438,8849200
2020-12-02,160.1999969482422,164.75999450683594,159.9600067138672,160.32000732421875,160.27001953125,8959955
2020-12-03,162.67999267578125,164.0,159.44000244140625,164.0,163.94888305664062,5539910
2020-12-04,164.39999389648438,164.8800048828125,160.8000030517578,163.32000732421875,163.26913452148438,4606825
2020-12-07,164.1999969482422,164.60000610351562,157.16000366210938,157.83999633789062,157.79080200195312,6631700
2020-12-08,157.0800018310547,160.27999877929688,157.0800018310547,157.60000610351562,157.55091857910156,5694235
2020-12-09,158.39999389648438,162.9199981689453,155.1999969482422,161.63999938964844,161.58963012695312,8720690
2020-12-10,161.1199951171875,163.27999877929688,154.1999969482422,157.24000549316406,157.19100952148438,14403465
2020-12-11,158.1199951171875,158.1199951171875,150.17599487304688,150.36000061035156,150.31312561035156,8947285
2020-12-14,151.1999969482422,159.1199951171875,151.1999969482422,158.1199951171875,158.07070922851562,10884525
2020-12-15,158.9199981689453,170.0399932861328,158.1199951171875,162.9199981689453,162.8692169189453,19404890
2020-12-16,164.52000427246094,170.72579956054688,163.55999755859375,169.0,168.9473419189453,15126835
2020-12-17,168.9600067138672,172.1999969482422,166.84979248046875,168.32000732421875,168.2675323486328,9030295
2020-12-18,167.0,167.75999450683594,161.27999877929688,162.24000549316406,162.18943786621094,12525450
2020-12-21,157.67999267578125,167.68479919433594,152.0,157.67999267578125,157.63084411621094,8126825
2020-12-22,157.27999877929688,162.72000122070312,156.44000244140625,162.72000122070312,162.66929626464844,17865160
2020-12-23,161.72000122070312,170.9199981689453,161.66220092773438,170.0399932861328,169.9870147705078,6010635
2020-12-24,167.0,173.63999938964844,166.63999938964844,169.72000122070312,169.6671142578125,2559870
2020-12-29,172.67999267578125,174.83999633789062,171.39999389648438,173.47999572753906,173.42591857910156,5361055
2020-12-30,172.67999267578125,175.47999572753906,170.9600067138672,171.1999969482422,171.14663696289062,2926880
2020-12-31,167.0800018310547,173.55999755859375,165.36000061035156,172.0,171.94642639160156,2338460
2021-01-04,170.36000061035156,173.04879760742188,161.36000061035156,162.8800048828125,162.82923889160156,8059605
2021-01-05,162.0399932861328,167.27999877929688,160.9600067138672,165.72000122070312,165.66836547851562,6593595
2021-01-06,167.0,173.52000427246094,164.52000427246094,170.9600067138672,170.90673828125,6123880
2021-01-07,173.27999877929688,173.36000061035156,168.0399932861328,168.0399932861328,167.98760986328125,4596420
2021-01-08,170.16000366210938,170.44000244140625,166.60000610351562,170.16000366210938,170.1069793701172,4108210
2021-01-11,184.39999389648438,184.63999938964844,174.89500427246094,176.63999938964844,176.58497619628906,12848085
2021-01-12,178.55999755859375,178.55999755859375,169.55999755859375,171.60000610351562,171.54652404785156,9044715
2021-01-13,170.60000610351562,173.1199951171875,169.27999877929688,171.1999969482422,171.14663696289062,15496570
2021-01-14,171.0800018310547,173.0399932861328,167.60000610351562,170.27999877929688,170.22694396972656,8401340
2021-01-15,169.9600067138672,172.9600067138672,164.55999755859375,165.9600067138672,165.90829467773438,6123460
2021-01-18,167.9600067138672,168.36000061035156,165.16000366210938,167.9600067138672,167.90768432617188,2119910
2021-01-19,168.39999389648438,168.52000427246094,163.8800048828125,163.8800048828125,163.82894897460938,4029460
2021-01-20,164.16000366210938,166.1199951171875,163.27999877929688,166.1199951171875,166.0682373046875,7505965
2021-01-21,168.36000061035156,168.36000061035156,163.83999633789062,166.44000244140625,166.38815307617188,7469735
2021-01-22,165.67999267578125,166.75999450683594,162.9199981689453,165.8000030517578,165.7483367919922,6989205
2021-01-25,163.8800048828125,166.67999267578125,162.36000061035156,163.60000610351562,163.54901123046875,5918825
2021-01-26,159.60000610351562,162.9600067138672,157.55999755859375,158.63999938964844,158.59056091308594,15636805
2021-01-27,158.60000610351562,159.55999755859375,152.32000732421875,152.44000244140625,152.3925018310547,12710080
2021-01-28,152.0,158.1999969482422,151.24000549316406,155.75999450683594,155.71145629882812,14482020
2021-01-29,153.1199951171875,154.0186004638672,149.39999389648438,149.39999389648438,149.35342407226562,16055160
2021-02-01,152.0,161.16000366210938,152.0,159.9199981689453,159.87014770507812,37614000
2021-02-02,160.0399932861328,164.16000366210938,157.32000732421875,163.0,162.94920349121094,6649785
2021-02-03,165.16000366210938,167.32000732421875,161.52000427246094,163.0,162.94920349121094,5699415
2021-02-04,160.39999389648438,167.67999267578125,159.0,166.60000610351562,166.54808044433594,41562565
2021-02-05,166.9600067138672,172.5991973876953,166.16000366210938,170.55999755859375,170.5068359375,25600310
2021-02-08,173.8000030517578,175.39999389648438,165.67999267578125,165.67999267578125,165.62835693359375,81020835
2021-02-09,165.39999389648438,169.24000549316406,161.16000366210938,161.83999633789062,161.78958129882812,12145980
2021-02-10,163.0,163.67999267578125,157.0399932861328,159.60000610351562,159.55027770996094,20227035
2021-02-11,160.0,162.44000244140625,158.0399932861328,162.44000244140625,162.38938903808594,7887130
2021-02-12,161.27999877929688,164.60000610351562,160.36000061035156,160.83999633789062,160.78985595703125,25629030
2021-02-15,162.16000366210938,169.0399932861328,161.55999755859375,169.0399932861328,168.98731994628906,17815815
2021-02-16,169.36000061035156,170.1199951171875,164.52000427246094,168.63999938964844,168.5874481201172,9370205
2021-02-17,170.27999877929688,170.72000122070312,166.0399932861328,166.24000549316406,166.18821716308594,14064085
2021-02-18,167.1999969482422,168.69960021972656,163.1999969482422,165.60000610351562,165.5483856201172,22243745
2021-02-19,165.83999633789062,170.0,165.27999877929688,170.0,169.947021484375,14751850
2021-02-22,168.0,168.55999755859375,164.0,167.9199981689453,167.86769104003906,5329525
2021-02-23,169.24000549316406,171.47999572753906,165.0,169.60000610351562,169.54713439941406,12420370
2021-02-24,168.32000732421875,172.32000732421875,168.32000732421875,170.16000366210938,170.1069793701172,17806370
2021-02-25,171.1199951171875,174.0,169.67999267578125,169.67999267578125,169.6271209716797,14682055
2021-02-26,166.52000427246094,169.6699981689453,164.0800018310547,166.0800018310547,166.02825927734375,18615545
2021-03-01,168.24000549316406,170.52000427246094,165.47999572753906,167.44000244140625,167.38783264160156,8542415
2021-03-02,166.67999267578125,168.16000366210938,161.1199951171875,162.60000610351562,162.54931640625,20347165
2021-03-03,164.60000610351562,168.2615966796875,163.60000610351562,167.16000366210938,167.10791015625,8628805
2021-03-04,167.27999877929688,167.27999877929688,161.52000427246094,162.16000366210938,162.10946655273438,14240225
2021-03-05,160.60000610351562,162.67999267578125,156.16000366210938,156.16000366210938,156.11134338378906,8821075
2021-03-08,157.83999633789062,159.60000610351562,154.55999755859375,159.60000610351562,159.55027770996094,9135635
2021-03-09,159.47999572753906,165.67999267578125,158.1199951171875,164.9199981689453,164.8686065673828,13764425
2021-03-10,164.39999389648438,167.55999755859375,161.83999633789062,165.9199981689453,165.8682861328125,10690465
2021-03-11,167.8800048828125,168.52000427246094,164.52000427246094,165.32000732421875,165.26849365234375,8262495
2021-03-12,164.60000610351562,167.8000030517578,163.8800048828125,167.1999969482422,167.1478729248047,8932465
2021-03-15,167.83999633789062,169.8000030517578,166.1999969482422,167.24000549316406,167.18788146972656,6656620
2021-03-16,169.1999969482422,172.24000549316406,168.36000061035156,171.0800018310547,171.0266876220703,30141770
2021-03-17,171.9600067138672,172.8800048828125,169.39999389648438,171.9600067138672,171.90643310546875,21761950
2021-03-18,172.32000732421875,173.39999389648438,168.27999877929688,172.0,171.94642639160156,11961875
2021-03-19,170.8800048828125,199.58799743652344,167.83999633789062,169.0,168.9473419189453,17597430
2021-03-22,168.8800048828125,172.0800018310547,166.52000427246094,167.55999755859375,167.50778198242188,10854135
2021-03-23,166.0800018310547,166.62460327148438,160.60000610351562,162.1999969482422,162.14944458007812,7274485
2021-03-24,160.32000732421875,164.47999572753906,159.27999877929688,163.60000610351562,163.54901123046875,6992505
2021-03-25,161.75999450683594,164.24000549316406,159.8800048828125,163.52000427246094,163.46905517578125,5425540
2021-03-26,165.0800018310547,167.32000732421875,163.72000122070312,165.72000122070312,165.66836547851562,6385700
2021-03-29,165.63999938964844,167.3135986328125,163.75999450683594,164.16000366210938,164.1088409423828,6195560
2021-03-30,165.8000030517578,167.9600067138672,164.36000061035156,167.0,166.9479522705078,6081045
2021-03-31,167.24000549316406,170.8000030517578,164.9199981689453,164.9199981689453,164.86859130859375,9187270
2021-04-01,165.8800048828125,171.72000122070312,165.27999877929688,170.0,169.947021484375,9169410
2021-04-06,172.75999450683594,174.0,167.63999938964844,170.55999755859375,170.50685119628906,7030540
2021-04-07,171.52000427246094,173.0399932861328,169.16000366210938,172.75999450683594,172.70614624023438,10766650
2021-04-08,173.39999389648438,175.52000427246094,171.39999389648438,174.47999572753906,174.4256134033203,6931670
2021-04-09,178.24000549316406,183.3999938964844,175.8000030517578,183.3999938964844,183.3428649902344,23690355
2021-04-12,184.0,184.82080078125,179.72000122070312,182.72000122070312,182.6630706787109,21540855
2021-04-13,184.44000244140625,192.6000061035156,181.5959930419922,188.1600036621093,188.10134887695312,24128530
2021-04-14,190.0,190.0,183.47999572753903,186.1600036621093,186.1019897460937,10198890
2021-04-15,187.3999938964844,187.5200042724609,180.44000244140625,182.27999877929688,182.22320556640625,12460215
2021-04-16,182.9600067138672,186.759994506836,180.5722045898437,185.9199981689453,185.862060546875,9966620
2021-04-19,185.9199981689453,188.47999572753903,182.2400054931641,182.63999938964844,182.5830841064453,7714930
2021-04-20,182.47999572753903,182.67999267578125,175.9600067138672,176.24000549316406,176.18508911132812,9564090
2021-04-21,176.1999969482422,180.0,175.318603515625,179.27999877929688,179.22412109375,5945350
2021-04-22,182.0,184.6000061035156,179.1199951171875,184.6000061035156,184.5424652099609,5114300
2021-04-23,183.6000061035156,184.63999938964844,181.0399932861328,181.759994506836,181.70333862304688,5378610
2021-04-26,181.63999938964844,185.0738067626953,181.63999938964844,183.72000122070312,183.6627349853516,7046645
2021-04-27,182.8000030517578,183.47999572753903,180.98599243164065,182.8800048828125,182.8230133056641,5195525
2021-04-28,183.44000244140625,185.1999969482422,182.5599975585937,183.5200042724609,183.4627990722656,4788500
2021-04-29,183.5599975585937,186.1999969482422,182.3973999023437,185.1600036621093,185.1023101806641,8421485
2021-04-30,183.72000122070312,185.7115936279297,181.2400054931641,183.67999267578125,183.62274169921875,13216785
2021-05-04,183.72000122070312,186.3600006103516,180.27999877929688,181.0,180.943588256836,5394465
2021-05-05,181.63999938964844,183.3999938964844,179.75999450683594,182.1999969482422,182.1432037353516,5399930
2021-05-06,181.32000732421875,182.9199981689453,180.32000732421875,180.9600067138672,180.90359497070312,5671215
2021-05-07,182.44000244140625,185.0800018310547,181.3600006103516,184.27999877929688,184.2225952148437,5006095
2021-05-10,184.0800018310547,184.759994506836,182.44000244140625,183.1999969482422,183.1428985595703,5345480
2021-05-11,180.6000061035156,181.6000061035156,174.36000061035156,176.0399932861328,175.98513793945312,8024530
2021-05-12,175.44000244140625,178.52000427246094,174.55999755859375,174.55999755859375,174.50558471679688,6106070
2021-05-13,172.36000061035156,175.0399932861328,169.0,173.9600067138672,173.90579223632812,5581300
2021-05-14,175.0800018310547,179.1999969482422,174.9199981689453,178.60000610351562,178.54434204101562,3906880
2021-05-17,178.0,181.1999969482422,178.0,179.0800018310547,179.02420043945312,8889840
2021-05-18,181.5599975585937,184.3999938964844,180.8800048828125,184.0,183.94268798828125,7208780
2021-05-19,184.0,184.0,176.55999755859375,179.16000366210938,179.1041717529297,9728545
2021-05-20,180.759994506836,182.1199951171875,177.8155975341797,181.72000122070312,181.6633758544922,5921940
2021-05-21,182.0800018310547,182.5599975585937,179.8800048828125,180.9600067138672,180.90359497070312,5256270
2021-05-24,181.2400054931641,182.67999267578125,179.83999633789062,182.67999267578125,182.62306213378903,5317715
2021-05-25,183.0800018310547,185.5599975585937,182.40139770507807,183.5200042724609,183.4627990722656,5196910
2021-05-26,183.8800048828125,186.0800018310547,182.12420654296875,186.0800018310547,186.02198791503903,9820895
2021-05-27,186.1199951171875,188.8800048828125,184.759994506836,186.9600067138672,186.9017333984375,16072340
2021-05-28,187.63999938964844,190.759994506836,186.47999572753903,189.0399932861328,188.9810791015625,12310935
2021-06-01,190.63999938964844,192.0800018310547,188.32000732421875,189.759994506836,189.70083618164065,6403600
2021-06-02,189.6000061035156,191.67999267578125,187.63999938964844,189.8000030517578,189.7408447265625,8051120
2021-06-03,189.9600067138672,190.67999267578125,185.7182006835937,187.47999572753903,187.42156982421875,4399740
2021-06-04,189.1600036621093,189.1600036621093,185.67999267578125,186.83999633789065,186.7817840576172,4119790
2021-06-07,186.5200042724609,189.83999633789065,186.47999572753903,188.9199981689453,188.8611297607422,2722965
2021-06-08,189.27999877929688,190.8000030517578,187.67999267578125,188.0399932861328,187.98141479492188,6875995
2021-06-09,187.6000061035156,188.1600036621093,184.3600006103516,184.3600006103516,184.30255126953125,4629055
2021-06-10,184.27999877929688,184.72000122070312,179.0,181.27999877929688,181.22349548339844,8043670
2021-06-11,182.32000732421875,184.5200042724609,181.47999572753903,183.44000244140625,183.3828582763672,3558690
2021-06-14,184.32000732421875,184.6027984619141,182.2400054931641,182.44000244140625,182.38316345214844,10326995
2021-06-15,183.1999969482422,183.9199981689453,180.8800048828125,181.8000030517578,181.7433319091797,6665780
2021-06-16,182.3999938964844,182.5599975585937,180.1999969482422,180.63999938964844,180.583724975586,26723565
2021-06-17,179.39999389648438,181.1600036621093,178.60000610351562,180.8800048828125,180.8236389160156,7664075
2021-06-18,181.1600036621093,182.1999969482422,174.67999267578125,175.47999572753906,175.42530822753906,22205890
2021-06-21,175.8000030517578,186.0,173.9532012939453,176.63999938964844,176.58497619628906,4671065
2021-06-22,176.16000366210938,177.63999938964844,175.60000610351562,177.39999389648438,177.34471130371094,3759415
2021-06-23,177.75999450683594,181.0399932861328,176.05560302734375,180.63999938964844,180.583724975586,9223260
2021-06-24,181.0,183.27999877929688,179.83999633789062,182.5200042724609,182.46603393554688,6834155
2021-06-25,187.6000061035156,191.6000061035156,187.5599975585937,190.5200042724609,190.46365356445312,8728805
2021-06-28,189.5599975585937,190.63999938964844,185.63999938964844,185.63999938964844,185.58511352539065,8172705
2021-06-29,185.63999938964844,186.0399932861328,183.0399932861328,183.5200042724609,183.4656982421875,6566335
2021-06-30,183.44000244140625,185.9600067138672,181.759994506836,183.8000030517578,183.7456512451172,6682460
2021-07-01,185.9199981689453,194.0,185.9199981689453,193.8000030517578,193.74269104003903,9220950
2021-07-02,194.759994506836,197.0800018310547,193.83999633789065,197.0,196.9417419433593,7757095
2021-07-05,196.0800018310547,196.83999633789065,194.27999877929688,195.5200042724609,195.4621734619141,3302980
2021-07-06,194.1199951171875,196.44000244140625,192.3600006103516,193.47999572753903,193.4227905273437,14953065
2021-07-07,193.759994506836,196.82000732421875,192.8000030517578,195.9199981689453,195.862060546875,5703720
2021-07-08,194.1999969482422,194.33399963378903,185.72000122070312,187.5200042724609,187.46453857421875,6693195
2021-07-09,188.67999267578125,191.5599975585937,187.0399932861328,191.3999938964844,191.3433837890625,4410935
2021-07-12,190.0800018310547,190.27999877929688,186.759994506836,188.44000244140625,188.38429260253903,4655160
2021-07-13,187.8000030517578,189.32000732421875,185.1199951171875,185.8800048828125,185.8250274658203,4192470
2021-07-14,185.759994506836,186.44000244140625,183.1600036621093,184.759994506836,184.7053375244141,4215815
2021-07-15,183.3999938964844,184.759994506836,178.1199951171875,178.1999969482422,178.14730834960938,6580040
2021-07-16,179.60000610351562,180.47999572753903,176.1999969482422,177.32000732421875,177.26756286621094,6996610
2021-07-19,175.39999389648438,175.51040649414062,169.9600067138672,174.0399932861328,173.98851013183594,8829550
2021-07-20,175.52000427246094,180.27999877929688,174.52000427246094,179.16000366210938,179.10702514648438,9477170
2021-07-21,178.44000244140625,187.759994506836,178.44000244140625,186.0800018310547,186.0249481201172,8376940
2021-07-22,186.9600067138672,190.0399932861328,184.9199981689453,184.9199981689453,184.8653259277344,6366675
2021-07-23,186.9199981689453,187.72000122070312,183.8000030517578,185.759994506836,185.705078125,4211890
2021-07-26,183.8800048828125,186.8000030517578,183.27999877929688,186.0800018310547,186.0249481201172,4450600
2021-07-27,184.32000732421875,186.0399932861328,180.2400054931641,183.8800048828125,183.8256378173828,6546510
2021-07-28,182.759994506836,185.2400054931641,182.5200042724609,183.0800018310547,183.0258331298828,3361020
2021-07-29,184.3999938964844,184.8800048828125,179.63999938964844,180.8000030517578,180.7465362548828,3747215
2021-07-30,180.0800018310547,180.94000244140625,177.32000732421875,179.39999389648438,179.34695434570312,7506665
2021-08-02,180.8800048828125,187.1999969482422,180.759994506836,184.6000061035156,184.54541015625,7083180
2021-08-03,184.0,186.0,181.9199981689453,184.3999938964844,184.345443725586,3894015
2021-08-04,185.1999969482422,188.53419494628903,184.5200042724609,188.44000244140625,188.38429260253903,12168155
2021-08-05,187.3999938964844,190.8800048828125,185.3600006103516,187.5200042724609,187.46453857421875,7726435
2021-08-06,188.27999877929688,189.0399932861328,184.67999267578125,187.32000732421875,187.2646026611328,3342790
2021-08-09,189.9600067138672,189.9600067138672,185.7001953125,187.3999938964844,187.3445739746093,5230610
2021-08-10,187.3600006103516,188.9199981689453,186.47999572753903,187.9600067138672,187.9044342041016,3274550
2021-08-11,188.83999633789065,195.1199951171875,188.0399932861328,194.5599975585937,194.50247192382807,6728415
2021-08-12,194.8800048828125,197.1999969482422,192.8800048828125,193.759994506836,193.70269775390625,19856280
2021-08-13,196.6000061035156,197.0,193.9600067138672,195.3600006103516,195.30224609375,3373015
2021-08-16,193.1999969482422,193.9199981689453,188.2400054931641,190.1199951171875,190.06378173828125,4669130
2021-08-17,189.3999938964844,191.72000122070312,187.8000030517578,191.67999267578125,191.62332153320312,4790330
2021-08-18,192.1199951171875,194.27999877929688,190.4080047607422,194.27999877929688,194.2225646972656,4032035
2021-08-19,191.67999267578125,194.1600036621093,190.1999969482422,193.8000030517578,193.74269104003903,6064220
2021-08-20,195.1199951171875,201.8999938964844,194.0,199.3600006103516,199.30105590820312,7062610
2021-08-23,202.1999969482422,203.3999938964844,199.0800018310547,199.0800018310547,199.0211181640625,10902050
2021-08-24,197.27999877929688,201.6000061035156,196.72000122070312,201.0,200.9405670166016,11407860
2021-08-25,200.0,205.1999969482422,199.0399932861328,204.6999969482422,204.63946533203125,3544805
2021-08-26,204.1999969482422,205.8000030517578,202.5,202.5,202.44012451171875,3265695
2021-08-27,205.5,205.5,201.1000061035156,202.5,202.44012451171875,3067825
2021-08-31,203.8999938964844,203.8999938964844,199.1199951171875,201.8999938964844,201.84030151367188,9638020
2021-09-01,204.1999969482422,208.7635955810547,203.8000030517578,208.0,207.9384765625,5840685
2021-09-02,207.3000030517578,209.6999969482422,205.9105987548828,206.6000061035156,206.5389099121093,9113690
2021-09-03,209.1000061035156,210.12579345703125,205.6999969482422,206.5,206.43893432617188,5155880
2021-09-06,208.8000030517578,213.5,208.8000030517578,209.8000030517578,209.73797607421875,5256245
2021-09-07,209.6000061035156,210.8000030517578,208.3000030517578,208.3000030517578,208.2384033203125,5431010
2021-09-08,206.8000030517578,211.8000030517578,205.8000030517578,206.5,206.43893432617188,8704600
2021-09-09,204.5,206.6999969482422,202.6000061035156,206.6999969482422,206.63888549804688,15331460
2021-09-10,207.8000030517578,210.75840759277344,206.1000061035156,209.8000030517578,209.73797607421875,4280465
2021-09-13,211.8000030517578,212.5,208.3000030517578,209.8000030517578,209.73797607421875,522440
2021-09-14,225.8000030517578,231.8000030517578,223.0,230.1999969482422,230.1319122314453,19069015
2021-09-15,232.1999969482422,232.94500732421875,225.8000030517578,228.3000030517578,228.2325134277344,23437015
2021-09-16,230.0,231.6999969482422,224.8999938964844,228.3999938964844,228.3324432373047,8065935
2021-09-17,231.0,231.5,222.8000030517578,226.1000061035156,226.0331573486328,28114645
2021-09-20,221.8999938964844,223.8000030517578,218.3000030517578,221.3000030517578,221.2345428466797,10707805
2021-09-21,221.8000030517578,224.1999969482422,216.3000030517578,222.0,221.93435668945312,8804500
2021-09-22,224.3000030517578,225.6000061035156,221.0,224.8999938964844,224.8334808349609,4442885
2021-09-23,227.1000061035156,229.6999969482422,225.6999969482422,225.8000030517578,225.73321533203125,4886825
2021-09-24,223.3999938964844,223.5,218.1000061035156,220.1999969482422,220.13487243652344,8882735
2021-09-27,222.8999938964844,223.30499267578125,214.005599975586,215.3000030517578,215.23635864257807,14527560
2021-09-28,215.8000030517578,215.8000030517578,206.6000061035156,210.1000061035156,210.03787231445312,8410790
2021-09-29,210.6000061035156,214.9850006103516,210.6000061035156,212.1999969482422,212.13723754882807,12196230
2021-09-30,214.1000061035156,218.5,208.6999969482422,209.6999969482422,209.63796997070312,8299100
2021-10-01,205.8000030517578,208.1999969482422,198.0167999267578,207.0,206.93878173828125,8993120
2021-10-04,207.8000030517578,211.5,205.6000061035156,206.8999938964844,206.8387756347656,10150355
2021-10-05,207.5,215.13340759277344,206.8999938964844,213.8000030517578,213.73678588867188,8678215
2021-10-06,210.3999938964844,210.3999938964844,203.1000061035156,204.8999938964844,204.8394012451172,7627735
2021-10-07,208.1999969482422,210.63800048828125,206.5,208.8999938964844,208.8382263183593,10275500
2021-10-08,208.6999969482422,210.2028045654297,206.0,208.3000030517578,208.2384033203125,5892145
2021-10-11,207.3999938964844,207.72300720214844,201.3999938964844,205.1999969482422,205.13931274414065,5051345
2021-10-12,201.8000030517578,208.1999969482422,200.67979431152344,205.8000030517578,205.7391662597656,8275505
2021-10-13,205.3999938964844,210.1999969482422,203.1000061035156,206.8000030517578,206.7388458251953,6823200
2021-10-14,208.1999969482422,208.8999938964844,206.3999938964844,207.6999969482422,207.6385803222656,5612695
2021-10-15,208.6000061035156,210.1000061035156,206.6000061035156,208.6000061035156,208.53829956054688,13368915
2021-10-18,207.8999938964844,208.1000061035156,205.8999938964844,206.8999938964844,206.8387756347656,6457755
2021-10-19,208.0,211.1739959716797,205.5,210.8000030517578,210.73768615722656,8237475
2021-10-20,210.1999969482422,210.1999969482422,206.3000030517578,207.8000030517578,207.73855590820312,5573730
2021-10-21,206.1999969482422,208.6000061035156,204.6000061035156,207.8999938964844,207.8385162353516,3485315
2021-10-22,213.3999938964844,216.9550018310547,210.8000030517578,211.8000030517578,211.7373962402344,14134300
2021-10-25,212.5,217.57460021972656,212.3999938964844,212.8999938964844,212.8370361328125,12550070
2021-10-26,213.6999969482422,218.8000030517578,212.8999938964844,217.8000030517578,217.735595703125,4641515
2021-10-27,217.5,219.6000061035156,216.5,217.6999969482422,217.63560485839844,17563155
2021-10-28,216.5,219.8000030517578,215.6999969482422,217.5,217.43569946289065,4095245
2021-10-29,215.1000061035156,219.0500030517578,215.1000061035156,217.6000061035156,217.53565979003903,5503410
2021-11-01,216.1999969482422,221.6000061035156,215.3280029296875,219.8999938964844,219.8349609375,4085645
2021-11-02,220.0,223.3000030517578,218.8999938964844,220.8999938964844,220.8346710205078,8814890
2021-11-03,220.3999938964844,222.6000061035156,214.3000030517578,216.6000061035156,216.53594970703125,8034500
2021-11-04,217.3999938964844,224.8583984375,216.8999938964844,224.6999969482422,224.6335601806641,6422935
2021-11-05,223.1000061035156,228.3999938964844,222.3999938964844,224.1999969482422,224.1337127685547,9402635
2021-11-08,223.1999969482422,224.6000061035156,218.6999969482422,222.8000030517578,222.73410034179688,7671800
2021-11-09,222.8999938964844,226.1000061035156,222.3999938964844,223.3000030517578,223.2339630126953,3618295
2021-11-10,222.8000030517578,230.1000061035156,222.8000030517578,230.1000061035156,230.031967163086,7310810
2021-11-11,230.1999969482422,232.3000030517578,227.3999938964844,231.1999969482422,231.1316375732422,6966675
2021-11-12,231.3999938964844,233.3000030517578,229.3999938964844,232.5,232.4312438964844,11338640
2021-11-15,231.8000030517578,232.6000061035156,229.1999969482422,231.3999938964844,231.33157348632807,15011945
2021-11-16,230.6000061035156,233.5,230.1999969482422,232.6000061035156,232.53121948242188,10253985
2021-11-17,230.3000030517578,234.5,230.0433959960937,231.3000030517578,231.23159790039065,7519495
2021-11-18,231.8000030517578,235.08999633789065,230.3999938964844,234.0,233.9308319091797,4196730
2021-11-19,234.6999969482422,235.1000061035156,230.6000061035156,233.3999938964844,233.3309631347656,8345320
2021-11-22,234.1999969482422,235.6999969482422,231.3000030517578,231.3000030517578,231.23159790039065,4878010
2021-11-23,228.6999969482422,235.6000061035156,227.6000061035156,231.5,231.43153381347656,3734195
2021-11-24,231.8999938964844,233.1999969482422,225.1999969482422,227.1999969482422,227.13282775878903,5645310
2021-11-25,228.0,228.0,224.3999938964844,227.1000061035156,227.0328521728516,4098050
2021-11-26,219.8000030517578,224.8000030517578,216.1000061035156,220.3999938964844,220.3348388671875,3888230
2021-11-29,225.0,229.3000030517578,224.8000030517578,228.3000030517578,228.2325134277344,43573475
2021-11-30,228.0,228.8999938964844,217.6000061035156,222.8999938964844,222.8340759277344,13107204
2021-12-01,221.3000030517578,229.634994506836,221.3000030517578,226.1000061035156,226.0331573486328,9718171
2021-12-02,222.3999938964844,223.01499938964844,214.0500030517578,215.25,215.1863708496093,11033764
2021-12-03,218.6000061035156,220.1999969482422,214.1999969482422,216.6000061035156,216.53594970703125,5137475
2021-12-06,217.6000061035156,220.1999969482422,216.1999969482422,219.1999969482422,219.1351623535156,9627992
2021-12-07,222.6000061035156,227.1999969482422,219.8000030517578,226.8000030517578,226.73292541503903,4428597
2021-12-08,227.0,229.3300018310547,225.1999969482422,225.3999938964844,225.3333435058593,5031527
2021-12-09,225.8000030517578,227.6000061035156,223.6000061035156,225.0,224.9334716796875,5081563
2021-12-10,223.0,223.6000061035156,220.0,220.0,219.9349365234375,3774230
2021-12-13,220.0,220.8000030517578,214.8000030517578,215.3999938964844,215.3362731933593,2596575
2021-12-14,216.6000061035156,217.25100708007807,209.6000061035156,211.0,210.9375762939453,6492684
2021-12-15,213.1999969482422,213.1999969482422,203.1999969482422,204.0,203.9396514892578,29902520
2021-12-16,207.8000030517578,207.8000030517578,199.2890014648437,200.0,199.9408416748047,15519159
2021-12-17,199.5,201.7779998779297,197.1999969482422,198.3000030517578,198.2413330078125,16530144
2021-12-20,194.8999938964844,200.8000030517578,192.947998046875,199.1999969482422,199.1410980224609,10976263
2021-12-21,203.1999969482422,209.1999969482422,202.8000030517578,207.1999969482422,207.13873291015625,9910405
2021-12-22,208.6000061035156,209.2700042724609,206.6000061035156,207.6000061035156,207.5386199951172,5032620
2021-12-23,208.0,211.3999938964844,208.0,210.8000030517578,210.73768615722656,4027496
2021-12-24,212.0,214.77999877929688,208.82400512695312,211.3999938964844,211.33746337890625,1131038
2021-12-29,214.8000030517578,219.27200317382807,214.1999969482422,215.1999969482422,215.1363677978516,4954753
2021-12-30,215.0,218.3999938964844,214.3999938964844,218.3999938964844,218.33541870117188,3653437
2021-12-31,216.0,219.6000061035156,216.0,217.8000030517578,217.735595703125,1513576
2022-01-04,221.0,225.1999969482422,214.1999969482422,215.8000030517578,215.7362060546875,7409543
2022-01-05,215.8000030517578,220.3999938964844,215.1999969482422,219.0,218.9352264404297,6729993
2022-01-06,213.8000030517578,215.6000061035156,210.6000061035156,212.8000030517578,212.7370758056641,6384046
2022-01-07,211.3999938964844,217.3999938964844,211.3999938964844,214.0,213.93670654296875,6014411
2022-01-10,215.3999938964844,217.1999969482422,209.6000061035156,212.8000030517578,212.7370758056641,12181185
2022-01-11,214.0,219.8000030517578,212.6000061035156,218.8000030517578,218.7352752685547,13923950
2022-01-12,228.3000030517578,229.3999938964844,211.3999938964844,211.5,211.4374542236328,26786914
2022-01-13,210.6000061035156,211.1000061035156,194.6000061035156,197.9499969482422,197.8914489746093,47359281
2022-01-14,198.3500061035156,202.4429931640625,191.1499938964844,193.0,192.9429168701172,15692043
2022-01-17,195.0,198.74099731445312,193.0,196.0,195.94204711914065,11854886
2022-01-18,195.0,195.0,189.1000061035156,189.1000061035156,189.0440826416016,8344987
2022-01-19,186.9499969482422,195.6000061035156,185.6499938964844,191.8000030517578,191.74327087402344,13660987
2022-01-20,193.1499938964844,196.6000061035156,192.1999969482422,194.6499938964844,194.5924072265625,10321039
2022-01-21,190.75,194.0,189.5500030517578,192.6999969482422,192.6430053710937,6062276
2022-01-24,190.6499938964844,192.8500061035156,180.8500061035156,182.8999938964844,182.84591674804688,28716226
2022-01-25,185.8999938964844,186.75,180.1999969482422,182.5500030517578,182.4960327148437,7585100
2022-01-26,184.8500061035156,186.3000030517578,183.5500030517578,184.0,183.94561767578125,11202067
2022-01-27,179.89999389648438,187.8000030517578,178.60000610351562,187.0,186.9447021484375,8586231
2022-01-28,186.8500061035156,190.4499969482422,185.6000061035156,188.3000030517578,188.24432373046875,18239661
2022-01-31,189.9499969482422,191.1000061035156,185.3500061035156,188.0500030517578,187.994384765625,9570972
2022-02-01,188.6000061035156,193.6999969482422,188.6000061035156,191.3999938964844,191.3433837890625,10398297
2022-02-02,192.3000030517578,194.5,188.3000030517578,188.3000030517578,188.24432373046875,8410133
2022-02-03,188.0,189.05499267578125,183.3500061035156,184.3000030517578,184.2455139160156,8039089
2022-02-04,186.0,189.3500061035156,182.0,182.0,181.94618225097656,8589622
2022-02-07,182.9499969482422,184.46299743652344,181.3999938964844,181.3999938964844,181.3463592529297,8346290
2022-02-08,184.0,184.4499969482422,177.18600463867188,179.0500030517578,178.99705505371094,10839655
2022-02-09,181.3000030517578,183.3500061035156,180.3999938964844,181.8999938964844,181.84619140625,11042765
2022-02-10,182.6999969482422,182.6999969482422,175.60000610351562,178.85000610351562,178.797119140625,8714306
2022-02-11,176.10000610351562,177.60000610351562,174.64999389648438,174.64999389648438,174.59835815429688,15264881
2022-02-14,171.14999389648438,171.89999389648438,166.10000610351562,168.5,168.4501953125,7543933
2022-02-15,168.14999389648438,170.8300018310547,167.75,168.85000610351562,168.80006408691406,5035122
2022-02-16,168.5,169.60000610351562,164.6999969482422,166.0,165.95089721679688,14394549
2022-02-17,166.0,174.35000610351562,164.25,165.0,164.95120239257812,25201146
2022-02-18,166.39999389648438,168.3000030517578,164.64999389648438,165.6999969482422,165.6510009765625,12063823
2022-02-21,167.14999389648438,167.8000030517578,159.3000030517578,161.5500030517578,161.5022430419922,8956045
2022-02-22,157.6999969482422,163.60000610351562,156.91000366210938,160.60000610351562,160.55252075195312,25419441
2022-02-23,162.6999969482422,162.6999969482422,155.85000610351562,155.85000610351562,155.80392456054688,12169439
2022-02-24,148.5500030517578,155.0,145.99200439453125,153.5,153.45458984375,20724807
2022-02-25,157.25,158.8000030517578,148.7100067138672,150.25,150.20556640625,21837489
2022-02-28,148.1999969482422,151.0,145.75,151.0,150.95533752441406,20306200
2022-03-01,151.25,151.69400024414062,144.64999389648438,144.8000030517578,144.75717163085938,9959494
2022-03-02,143.39999389648438,147.39999389648438,141.8000030517578,146.10000610351562,146.05679321289062,15581159
2022-03-03,146.0500030517578,150.4499969482422,140.64999389648438,141.0500030517578,141.00830078125,17753613
2022-03-04,138.64999389648438,139.75,131.39999389648438,131.5500030517578,131.51109313964844,12212026
2022-03-07,128.3000030517578,135.35000610351562,121.1999969482422,131.85000610351562,131.81101989746094,14698091
2022-03-08,129.35000610351562,134.8000030517578,128.6999969482422,131.75,131.71104431152344,11003213
2022-03-09,135.5500030517578,144.6999969482422,134.6999969482422,144.64999389648438,144.60723876953125,26906847
2022-03-10,144.64999389648438,145.10000610351562,139.1999969482422,141.14999389648438,141.1082763671875,16489697
2022-03-11,141.3000030517578,145.6580047607422,139.75,140.3000030517578,140.25851440429688,7619974
2022-03-14,141.8000030517578,146.0500030517578,141.1790008544922,144.4499969482422,144.4072723388672,4639624
2022-03-15,143.60000610351562,144.72999572753906,139.9499969482422,141.75,141.7080535888672,7839674
2022-03-16,143.25,150.5500030517578,143.25,149.0,148.9559326171875,10410241
2022-03-17,151.3000030517578,152.10000610351562,146.89999389648438,149.0,148.9559326171875,11057975
2022-03-18,149.60000610351562,151.0500030517578,145.85000610351562,151.0500030517578,151.00534057617188,19934659
2022-03-21,151.10000610351562,151.10000610351562,146.1999969482422,148.89999389648438,148.85595703125,10531775
2022-03-22,150.8000030517578,154.85000610351562,149.8000030517578,153.3000030517578,153.2546844482422,13438739
2022-03-23,154.1999969482422,155.14999389648438,150.25,151.60000610351562,151.55520629882812,13967276
2022-03-24,150.5,152.9499969482422,146.5,147.64999389648438,147.60630798339844,11696726
2022-03-25,147.6999969482422,152.75,147.39999389648438,150.1999969482422,150.15557861328125,13691782
2022-03-28,150.39999389648438,153.25,149.89999389648438,151.85000610351562,151.80508422851562,8721026
2022-03-29,154.0500030517578,161.89999389648438,153.25,160.35000610351562,160.3025665283203,9027335
2022-03-30,161.14999389648438,162.5189971923828,152.4499969482422,152.89999389648438,152.85479736328125,27886926
2022-03-31,154.35000610351562,159.7729949951172,148.25,148.25,148.20616149902344,11950582
2022-04-01,149.35000610351562,153.25,148.9499969482422,150.75,150.70542907714844,11445993
2022-04-04,151.10000610351562,156.35000610351562,149.60000610351562,156.0500030517578,156.0038604736328,5373271
2022-04-05,155.8000030517578,156.85000610351562,153.10000610351562,153.89999389648438,153.85450744628906,34808093
2022-04-06,153.8000030517578,154.1999969482422,144.5,146.0500030517578,146.0067901611328,15516425
2022-04-07,147.14999389648438,149.10000610351562,144.64999389648438,145.14999389648438,145.10707092285156,6595195
2022-04-08,147.5,147.60000610351562,144.9499969482422,147.0,146.95654296875,7681666
2022-04-11,146.0,147.14999389648438,143.14999389648438,144.25,144.2073516845703,11409538
2022-04-12,142.9499969482422,150.25,142.00100708007812,147.39999389648438,147.35638427734375,14543245
2022-04-13,146.5,147.5500030517578,142.25,147.5500030517578,147.50637817382812,17410399
2022-04-14,148.25,148.60000610351562,146.3000030517578,147.5,147.4563751220703,21084620
2022-04-19,146.8000030517578,147.12600708007812,140.89999389648438,143.0500030517578,143.0076904296875,9811195
2022-04-20,143.9499969482422,146.0,142.35000610351562,144.5,144.45724487304688,7474865
2022-04-21,145.1999969482422,148.6999969482422,144.0,147.25,147.2064666748047,9958926
2022-04-22,145.8000030517578,148.89999389648438,144.39999389648438,144.8000030517578,144.75717163085938,6260152
2022-04-25,140.89999389648438,143.10000610351562,139.0500030517578,140.39999389648438,140.3584747314453,10720579
2022-04-26,141.5,141.5,132.5500030517578,133.4499969482422,133.41053771972656,20401985
2022-04-27,133.85000610351562,134.39999389648438,129.9250030517578,130.0,129.96156311035156,9940083
2022-04-28,131.0500030517578,134.85000610351562,130.89999389648438,133.35000610351562,133.3105926513672,10703910
2022-04-29,133.75,136.0500030517578,132.39999389648438,133.39999389648438,133.36056518554688,11046474
2022-05-03,133.1999969482422,135.39999389648438,131.3000030517578,134.85000610351562,134.8101348876953,15179850
2022-05-04,135.0,135.3000030517578,128.3000030517578,128.5,128.46197509765625,19087821
2022-05-05,130.4499969482422,132.14999389648438,127.4499969482422,128.0500030517578,128.01211547851562,16856865
2022-05-06,126.25,128.89999389648438,121.75,123.5500030517578,123.51346588134766,15298913
2022-05-09,123.1500015258789,124.5500030517578,117.5500030517578,117.5500030517578,117.5152359008789,24719649
2022-05-10,119.8000030517578,120.1500015258789,116.9000015258789,116.9499969482422,116.91542053222656,22388830
2022-05-11,118.0999984741211,120.0999984741211,117.0999984741211,118.9000015258789,118.86483764648438,20452075
2022-05-12,119.5,127.9000015258789,118.4000015258789,126.75,126.7125244140625,27543549
2022-05-13,128.14999389648438,132.0500030517578,127.0,131.4499969482422,131.4111328125,12573520
2022-05-16,130.9499969482422,130.9499969482422,126.1999969482422,130.64999389648438,130.61135864257812,13482427
2022-05-17,131.75,135.4499969482422,130.3000030517578,131.85000610351562,131.81101989746094,29207323
2022-05-18,132.89999389648438,134.58900451660156,124.5999984741211,124.6999969482422,124.6631317138672,49844801
2022-05-19,122.8499984741211,123.625,119.9000015258789,122.1999969482422,122.1638641357422,22641851
2022-05-20,123.5,123.75,120.6500015258789,121.5,121.4640655517578,29094787
2022-05-23,123.5,124.5,121.71199798583984,123.6500015258789,123.61343383789062,27053006
2022-05-24,122.1500015258789,122.3499984741211,117.9000015258789,119.3000030517578,119.26472473144533,30291283
2022-05-25,120.8000030517578,123.5,112.0,112.0,111.96687316894533,52595475
2022-05-26,100.0,119.6999969482422,98.94000244140624,119.1500015258789,119.1147689819336,53253392
2022-05-27,119.6999969482422,122.0999984741211,118.5500030517578,119.9499969482422,119.9145278930664,19923808
2022-05-30,121.4499969482422,127.0999984741211,120.1500015258789,124.5,124.4631805419922,33481912
2022-05-31,124.5,125.4499969482422,121.25,122.6500015258789,122.61373901367188,49413467
2022-06-01,123.5999984741211,125.5500030517578,122.0999984741211,122.0999984741211,122.06389617919922,15374851
2022-06-06,123.6500015258789,126.3499984741211,122.8000030517578,123.25,123.21354675292967,8232618
2022-06-07,120.8000030517578,122.1500015258789,115.11900329589844,118.4499969482422,118.41497039794922,19069162
2022-06-08,121.4000015258789,122.4499969482422,118.5500030517578,122.25,122.21383666992188,8300424
2022-06-09,121.0500030517578,122.4000015258789,118.75,121.5,121.4640655517578,14212915
2022-06-10,120.4499969482422,120.75,116.4000015258789,116.75,116.7154769897461,12456220
2022-06-13,115.1500015258789,116.00499725341795,112.56199645996094,114.9499969482422,114.916015625,60529329
2022-06-14,116.8499984741211,116.8499984741211,110.83999633789062,111.75,111.71695709228516,15437812
2022-06-15,114.4000015258789,115.1500015258789,111.3499984741211,111.3499984741211,111.31707763671876,43299082
2022-06-16,108.9000015258789,110.0,100.96900177001952,102.9000015258789,102.8695831298828,20032668
2022-06-17,105.0,107.6999969482422,102.9000015258789,106.4499969482422,106.41851806640624,16250630
2022-06-20,106.3000030517578,108.8499984741211,105.1999969482422,106.3499984741211,106.31854248046876,8060556
2022-06-21,107.3000030517578,107.8499984741211,105.6500015258789,106.8000030517578,106.76841735839844,6964493
2022-06-22,105.8000030517578,118.5,103.96499633789062,113.8499984741211,113.81632995605467,49760602
2022-06-23,111.0500030517578,116.3000030517578,111.0500030517578,114.1999969482422,114.16622161865234,13417492
2022-06-24,114.4000015258789,119.875,112.0500030517578,119.0999984741211,119.06477355957033,9766687
2022-06-27,119.5,122.3000030517578,117.8499984741211,118.6999969482422,118.66490173339844,7354973
2022-06-28,119.3000030517578,120.0500030517578,117.0009994506836,117.6999969482422,117.6651840209961,5581172
2022-06-29,115.6500015258789,117.1240005493164,114.4000015258789,116.0,115.9656982421875,6315963
2022-06-30,113.6500015258789,116.0999984741211,112.0,115.4000015258789,115.36587524414062,8187103
2022-07-01,114.25,118.75,113.1999969482422,117.6500015258789,117.61520385742188,9186068
2022-07-04,118.5999984741211,119.3000030517578,113.8000030517578,114.6999969482422,114.66608428955078,13859019
2022-07-05,115.5999984741211,117.5500030517578,110.1999969482422,113.1500015258789,113.11653900146484,6125599
2022-07-06,115.75,120.0,115.75,118.3499984741211,118.31500244140624,9088223
2022-07-07,119.0500030517578,123.1500015258789,118.4000015258789,122.25,122.21745300292967,20975341
2022-07-08,122.3499984741211,126.1999969482422,121.6500015258789,124.9499969482422,124.91674041748048,14331316
2022-07-11,122.3000030517578,125.1500015258789,122.3000030517578,123.4499969482422,123.41714477539062,4766816
2022-07-12,122.3000030517578,125.4499969482422,121.5999984741211,125.1999969482422,125.16667938232422,11089084
2022-07-13,125.9000015258789,127.5989990234375,121.6500015258789,123.5500030517578,123.51712036132812,28357442
2022-07-14,122.9000015258789,126.3499984741211,122.75,123.6999969482422,123.66706848144533,12995569
2022-07-15,123.8499984741211,129.3000030517578,122.9000015258789,129.10000610351562,129.06565856933594,9387900
2022-07-18,130.5500030517578,132.2310028076172,129.10000610351562,132.0,131.96487426757812,17532055
2022-07-19,131.10000610351562,138.25,130.14999389648438,137.5,137.46339416503906,14469166
2022-07-20,138.75,140.4499969482422,137.6999969482422,139.8000030517578,139.76278686523438,25815270
2022-07-21,140.14999389648438,145.39999389648438,140.0500030517578,142.5500030517578,142.51206970214844,11912083
2022-07-22,139.85000610351562,143.14999389648438,139.85000610351562,141.89999389648438,141.86224365234375,6349215
2022-07-25,141.75,142.25,137.1999969482422,138.89999389648438,138.86302185058594,5822632
2022-07-26,137.8000030517578,138.0500030517578,126.8499984741211,127.75,127.71600341796876,12065689
2022-07-27,128.25,130.0,124.9749984741211,126.0999984741211,126.0664291381836,10031746
2022-07-28,127.6999969482422,128.39999389648438,124.5,126.5500030517578,126.5163116455078,7213023
2022-07-29,127.4000015258789,129.5500030517578,126.4499969482422,129.5500030517578,129.5155029296875,21493284
2022-08-01,129.1999969482422,131.7100067138672,128.9499969482422,130.75,130.71522521972656,6061754
2022-08-02,130.9499969482422,130.9499969482422,126.6500015258789,128.3000030517578,128.26585388183594,7674194
2022-08-03,130.0,132.35000610351562,127.20999908447266,131.64999389648438,131.61497497558594,8105498
2022-08-04,133.10000610351562,136.03199768066406,132.88400268554688,133.8000030517578,133.76438903808594,7454155
2022-08-05,133.25,136.0,128.89999389648438,130.14999389648438,130.1153564453125,5434151
2022-08-08,131.39999389648438,133.5500030517578,129.64999389648438,133.5500030517578,133.5144500732422,4226617
2022-08-09,133.8000030517578,135.16299438476562,126.6999969482422,126.6999969482422,126.66627502441406,5532027
2022-08-10,126.0999984741211,132.6999969482422,125.1500015258789,132.6999969482422,132.66468811035156,7335976
2022-08-11,134.1999969482422,134.3699951171875,130.60000610351562,131.5500030517578,131.51498413085938,3536374
2022-08-12,130.89999389648438,131.5500030517578,127.5,129.10000610351562,129.06565856933594,7582877
2022-08-15,130.0,130.5800018310547,128.1999969482422,129.25,129.2156219482422,9699263
2022-08-16,131.1999969482422,131.6999969482422,127.25599670410156,130.0,129.9654083251953,6524128
2022-08-17,131.1999969482422,133.13699340820312,128.1999969482422,128.1999969482422,128.16586303710938,5469127
2022-08-18,128.6999969482422,130.3000030517578,124.1999969482422,124.5999984741211,124.56684112548828,5488136
2022-08-19,123.5999984741211,127.25,121.0999984741211,124.0500030517578,124.01697540283205,15286571
2022-08-22,123.6999969482422,124.51799774169922,119.0500030517578,119.1999969482422,119.16827392578124,11133435
2022-08-23,118.0,119.73200225830078,115.5500030517578,115.8000030517578,115.76918029785156,9285626
2022-08-24,116.0,117.8499984741211,113.6500015258789,116.6500015258789,116.61894989013672,11962400
2022-08-25,117.0,117.8000030517578,112.1999969482422,113.9000015258789,113.86968231201172,5407999
2022-08-26,114.5500030517578,115.0,109.5,109.6500015258789,109.6208267211914,4030960
2022-08-30,109.0,114.3499984741211,108.6999969482422,112.3000030517578,112.27011108398438,20248742
2022-08-31,113.0500030517578,115.4000015258789,112.0500030517578,112.9499969482422,112.91992950439452,13467399
2022-09-01,111.9499969482422,115.3000030517578,110.3499984741211,114.4000015258789,114.36955261230467,10745999
2022-09-02,115.5999984741211,120.1500015258789,114.5500030517578,119.9499969482422,119.91807556152344,10155513
2022-09-05,117.25,123.5500030517578,116.5,122.8000030517578,122.7673110961914,16158328
2022-09-06,121.9499969482422,130.5500030517578,121.0999984741211,126.5,126.46633911132812,26195744
2022-09-07,124.8499984741211,127.3499984741211,121.9739990234375,123.9499969482422,123.91699981689452,23507272
2022-09-08,124.3499984741211,127.0999984741211,122.0999984741211,126.3499984741211,126.3163604736328,8274647
2022-09-09,126.4000015258789,128.0500030517578,125.6500015258789,126.0999984741211,126.0664291381836,6009437
2022-09-12,127.8000030517578,132.75,126.08699798583984,131.5,131.46498107910156,8893093
2022-09-13,131.10000610351562,132.4499969482422,126.9000015258789,127.1999969482422,127.16614532470705,7169581
2022-09-14,126.0,129.4499969482422,123.9499969482422,125.9000015258789,125.86648559570312,48958046
2022-09-15,127.0999984741211,128.6999969482422,125.6999969482422,128.1999969482422,128.16586303710938,8333820
2022-09-16,126.5999984741211,127.9000015258789,124.1999969482422,125.3000030517578,125.26665496826172,18743153
2022-09-20,126.75,126.8000030517578,120.1500015258789,122.9000015258789,122.86729431152344,12504176
2022-09-21,119.6999969482422,124.06199645996094,119.6999969482422,123.8499984741211,123.8170394897461,11853804
2022-09-22,114.8000030517578,121.5500030517578,113.4499969482422,113.4499969482422,113.4197998046875,31156276
2022-09-23,113.5,114.91899871826172,105.8489990234375,105.9000015258789,105.871826171875,15367140
2022-09-26,105.1500015258789,106.0,101.8000030517578,102.8499984741211,102.82262420654295,18400788
2022-09-27,103.3499984741211,105.0,99.76000213623048,102.6500015258789,102.62267303466795,21319988
2022-09-28,101.5500030517578,104.5999984741211,97.86000061035156,104.5999984741211,104.57215881347656,18725861
2022-09-29,104.25,104.25,98.73999786376952,99.9000015258789,99.8734130859375,13326492
2022-09-30,98.5,103.0500030517578,96.95999908447266,100.1999969482422,100.17333221435548,9881560
2022-10-03,98.63999938964844,105.25,98.0199966430664,103.6500015258789,103.6224136352539,10439242
2022-10-04,105.0,108.85199737548828,103.9499969482422,107.9499969482422,107.9212646484375,11564204
2022-10-05,107.75,108.86499786376952,103.1500015258789,104.5,104.4721908569336,7611874
2022-10-06,106.5500030517578,107.37000274658205,103.5,104.0999984741211,104.0722885131836,6410139
2022-10-07,103.4499969482422,103.8499984741211,99.73999786376952,99.73999786376952,99.71344757080078,8296850
2022-10-10,99.0199966430664,102.4000015258789,98.54299926757812,101.5999984741211,101.57296752929688,7698329
2022-10-11,101.0500030517578,101.38700103759766,97.1780014038086,99.45999908447266,99.43352508544922,10925314
2022-10-12,98.12000274658205,99.08000183105467,88.6500015258789,89.19999694824219,89.1762466430664,32364232
2022-10-13,90.0,95.31999969482422,88.4010009765625,94.0,93.97499084472656,15173853
2022-10-14,95.87999725341795,97.45800018310548,94.6999969482422,95.5,95.47457885742188,24576055
2022-10-17,96.23999786376952,99.73999786376952,93.8000030517578,98.63999938964844,98.6137466430664,35778688
2022-10-18,100.0,100.4980010986328,98.12000274658205,98.94000244140624,98.9136734008789,8619752
2022-10-19,99.23999786376952,99.68000030517578,96.41999816894533,98.41999816894533,98.393798828125,13786344
2022-10-20,98.0,101.3499984741211,97.18000030517578,100.3000030517578,100.27330017089844,5898401
2022-10-21,97.86000061035156,97.86000061035156,92.5,94.18000030517578,94.15494537353516,15039197
2022-10-24,96.0,96.63999938964844,93.76000213623048,95.54000091552734,95.51457214355467,14608733
2022-10-25,96.6999969482422,98.3000030517578,94.16000366210938,98.3000030517578,98.27384185791016,12534256
2022-10-26,98.18000030517578,102.0999984741211,97.62000274658205,101.5500030517578,101.5229721069336,13727747
2022-10-27,99.9800033569336,102.5,99.50399780273438,101.5500030517578,101.5229721069336,7668986
2022-10-28,99.63999938964844,100.45500183105467,96.85199737548828,96.86000061035156,96.83422088623048,6968844
2022-10-31,97.37999725341795,98.27999877929688,95.62000274658205,97.44000244140624,97.4140625,22153735
2022-11-01,99.4000015258789,103.1240005493164,98.68000030517578,100.1999969482422,100.17333221435548,20686642
2022-11-02,101.0,102.5500030517578,99.58000183105467,100.9000015258789,100.87313842773438,34996735
2022-11-03,99.1999969482422,99.81999969482422,97.3000030517578,98.5,98.47378540039062,11095854
2022-11-04,98.76000213623048,104.0999984741211,98.76000213623048,104.0500030517578,104.02230072021484,25126115
2022-11-07,104.0500030517578,106.20600128173828,102.4499969482422,104.4000015258789,104.3722152709961,22592133
2022-11-08,102.6500015258789,107.9000015258789,101.72000122070312,107.9000015258789,107.8712921142578,35664632
2022-11-09,107.3000030517578,108.0999984741211,106.0999984741211,107.4499969482422,107.42139434814452,6014973
2022-11-10,106.3499984741211,116.8499984741211,105.25,116.3499984741211,116.31902313232422,14170302
2022-11-11,116.1999969482422,121.64800262451172,115.1999969482422,120.5,120.4679183959961,22063936
2022-11-14,120.4499969482422,122.02300262451172,117.75,119.5999984741211,119.56816864013672,15170139
2022-11-15,121.3000030517578,121.91899871826172,117.6500015258789,119.75,119.7181167602539,8104051
2022-11-16,118.8499984741211,120.54499816894533,113.4499969482422,114.9499969482422,114.9194107055664,27334473
2022-11-17,114.9000015258789,116.33000183105467,111.6500015258789,114.6500015258789,114.6194839477539,8856929
2022-11-18,115.5,120.4000015258789,113.5999984741211,119.5999984741211,119.56816864013672,24826143
2022-11-21,119.5999984741211,121.0999984741211,118.27999877929688,120.0999984741211,120.06803894042967,10624542
2022-11-22,119.6999969482422,123.3000030517578,118.5500030517578,123.3000030517578,123.2671890258789,14799720
2022-11-23,123.8000030517578,126.6500015258789,122.26499938964844,126.25,126.21639251708984,7003562
2022-11-24,126.4000015258789,128.60000610351562,125.1999969482422,125.6999969482422,125.66653442382812,6855979
2022-11-25,125.6500015258789,125.9499969482422,123.25,124.5500030517578,124.51685333251952,10406329
2022-11-28,123.5,126.0,122.9000015258789,124.5,124.46685791015624,8129259
2022-11-29,124.1999969482422,127.3000030517578,124.1999969482422,124.4499969482422,124.4168701171875,26162451
2022-11-30,126.1500015258789,127.5999984741211,125.3499984741211,126.0500030517578,126.0164566040039,14377961
2022-12-01,129.64999389648438,130.1999969482422,127.0500030517578,128.0,127.96592712402344,6924154
2022-12-02,128.5,131.14999389648438,126.0999984741211,128.8000030517578,128.76573181152344,7502557
2022-12-05,129.0,130.1999969482422,127.9000015258789,128.64999389648438,128.61573791503906,44824867
2022-12-06,128.64999389648438,129.39999389648438,125.6500015258789,126.4499969482422,126.41633605957033,17468260
2022-12-07,126.3000030517578,128.25,125.5999984741211,126.1500015258789,126.11642456054688,10214586
2022-12-08,125.9000015258789,126.75,122.64700317382812,123.1999969482422,123.16847229003906,20130288
2022-12-09,124.0500030517578,124.5999984741211,121.0500030517578,122.9000015258789,122.86856079101562,10753993
2022-12-12,122.4000015258789,122.4499969482422,119.88099670410156,120.9000015258789,120.86907196044922,6800919
2022-12-13,122.0999984741211,128.0,120.25,122.5999984741211,122.56863403320312,10968166
2022-12-14,122.9499969482422,122.9499969482422,120.5,121.5999984741211,121.56888580322266,19259916
2022-12-15,121.9000015258789,121.9000015258789,118.4499969482422,118.9499969482422,118.91956329345705,9731906
2022-12-16,119.25,119.25,115.8499984741211,118.0999984741211,118.06978607177734,17401061
2022-12-19,118.4499969482422,118.4499969482422,115.3000030517578,115.6500015258789,115.6204071044922,4388976
2022-12-20,114.6500015258789,114.95999908447266,113.25,113.25,113.22101593017578,5562454
2022-12-21,115.5500030517578,122.4499969482422,115.5,120.1500015258789,120.1192626953125,12033056
2022-12-22,120.75,122.25,118.4000015258789,119.25,119.21949005126952,6857332
2022-12-23,119.6999969482422,120.5500030517578,118.47000122070312,119.5500030517578,119.51941680908205,2644977
2022-12-28,119.75,123.5999984741211,119.6500015258789,122.1500015258789,122.1187515258789,5531189
2022-12-29,121.1999969482422,123.3499984741211,120.0500030517578,123.1500015258789,123.11848449707033,2926390
2022-12-30,123.5500030517578,127.0500030517578,122.4499969482422,126.1500015258789,126.1177215576172,2901492
2023-01-03,127.1500015258789,131.4499969482422,127.0999984741211,129.6999969482422,129.66680908203125,14058083
2023-01-04,130.85000610351562,135.25,129.02200317382812,135.25,135.2154083251953,14993461
2023-01-05,136.60000610351562,142.3000030517578,136.57699584960938,139.39999389648438,139.36431884765625,29696077
2023-01-06,139.39999389648438,143.64999389648438,137.85000610351562,142.5500030517578,142.51353454589844,13530966
2023-01-09,143.14999389648438,144.0,138.64999389648438,140.60000610351562,140.5640411376953,8096962
2023-01-10,139.64999389648438,142.35000610351562,139.3000030517578,140.89999389648438,140.8639373779297,35485823
2023-01-11,146.0,152.1999969482422,144.8000030517578,150.75,150.71144104003906,28949489
2023-01-12,151.8000030517578,162.14999389648438,150.89999389648438,159.6999969482422,159.65911865234375,35096298
2023-01-13,159.9499969482422,161.4499969482422,157.14999389648438,160.10000610351562,160.05905151367188,12454607
2023-01-16,161.64999389648438,162.1999969482422,159.25,161.75,161.7086181640625,11199110
2023-01-17,161.5,162.0,157.3000030517578,158.5,158.45944213867188,11383751
2023-01-18,160.0,160.35800170898438,154.8000030517578,156.0,155.9600830078125,18049282
2023-01-19,154.89999389648438,157.8000030517578,152.3000030517578,152.75,152.71090698242188,8241030
2023-01-20,153.8000030517578,157.9499969482422,150.63099670410156,157.0,156.95982360839844,16118429
2023-01-23,157.3000030517578,159.85000610351562,157.01600646972656,158.8000030517578,158.75936889648438,5901636
2023-01-24,159.0500030517578,163.35000610351562,158.6999969482422,160.85000610351562,160.80885314941406,16057353
2023-01-25,161.5500030517578,163.41000366210938,158.39999389648438,160.64999389648438,160.60888671875,7043618
2023-01-26,162.6999969482422,165.89999389648438,161.8000030517578,164.39999389648438,164.35794067382812,12124956
2023-01-27,164.8000030517578,166.8000030517578,161.60000610351562,161.60000610351562,161.55865478515625,9097424
2023-01-30,160.8000030517578,162.85000610351562,159.4499969482422,162.39999389648438,162.35845947265625,33338092
2023-01-31,161.6999969482422,163.5,160.2729949951172,162.75,162.7083740234375,18695686
2023-02-01,163.25,165.14999389648438,162.25,163.3000030517578,163.2582244873047,17964371
2023-02-02,167.10000610351562,183.1499938964844,166.64999389648438,181.5,181.4535522460937,29804931
2023-02-03,182.5500030517578,186.6499938964844,177.85000610351562,186.6499938964844,186.6022491455078,24550200
2023-02-06,184.3999938964844,186.2790069580078,179.5,182.1499938964844,182.10337829589844,19119360
2023-02-07,183.6499938964844,184.6499938964844,176.75,179.4499969482422,179.40406799316406,21338557
2023-02-08,181.1499938964844,185.5500030517578,180.1999969482422,181.1000061035156,181.0536651611328,11192349
2023-02-09,182.1000061035156,183.3000030517578,179.75,181.75,181.7034912109375,13055900
2023-02-10,175.0,180.5500030517578,173.572998046875,178.89999389648438,178.85423278808594,20551089
2023-02-13,178.8000030517578,181.3500061035156,176.78199768066406,180.9499969482422,180.9036865234375,8853376
2023-02-14,182.1999969482422,182.8999938964844,178.35000610351562,178.35000610351562,178.3043670654297,23042924
2023-02-15,178.35000610351562,182.8999938964844,177.6999969482422,182.0,181.9534454345703,5713738
2023-02-16,182.3000030517578,184.8000030517578,180.5500030517578,183.0500030517578,183.0031890869141,4640161
2023-02-17,181.3999938964844,183.75,180.10000610351562,180.8000030517578,180.7537384033203,10458997
2023-02-20,180.0,182.9669952392578,179.5,179.5,179.45407104492188,13738225
2023-02-21,181.5500030517578,183.1000061035156,179.52999877929688,180.75,180.70376586914065,7087210
2023-02-22,179.6999969482422,180.6999969482422,177.64999389648438,180.0,179.95394897460938,6342280
2023-02-23,180.5,183.5500030517578,179.83700561523438,182.0500030517578,182.00343322753903,5006327
2023-02-24,182.6499938964844,183.3500061035156,179.0,179.8000030517578,179.75401306152344,5635241
2023-02-27,181.8999938964844,182.4499969482422,179.64999389648438,179.8000030517578,179.75401306152344,10415654
2023-02-28,179.10000610351562,182.1000061035156,177.6999969482422,181.1000061035156,181.0536651611328,13573160
2023-03-01,179.39999389648438,181.3500061035156,178.55099487304688,179.8000030517578,179.75401306152344,16451336
2023-03-02,178.85000610351562,181.25,177.36099243164062,181.0,180.9536895751953,5486703
2023-03-03,181.1999969482422,182.5500030517578,180.25,181.8000030517578,181.75347900390625,4428458
2023-03-06,182.0,183.8000030517578,180.3000030517578,180.5500030517578,180.50379943847656,19060247
2023-03-07,178.85000610351562,183.8000030517578,178.0590057373047,181.1000061035156,181.0536651611328,9729772
2023-03-08,180.1499938964844,213.1179962158203,176.5,179.4499969482422,179.40406799316406,18299747
2023-03-09,178.0,180.0,174.60000610351562,179.1999969482422,179.15414428710938,14150590
2023-03-10,179.9499969482422,179.9499969482422,170.6999969482422,173.64999389648438,173.60556030273438,18115280
2023-03-13,173.85000610351562,176.25,165.85000610351562,166.35000610351562,166.30743408203125,21135280
2023-03-14,165.39999389648438,169.25,163.1199951171875,168.6999969482422,168.65682983398438,16512554
2023-03-15,168.5,169.14599609375,156.60000610351562,161.89999389648438,161.8585662841797,21761697
2023-03-16,164.5,167.35000610351562,160.10000610351562,166.6999969482422,166.65733337402344,13070168
2023-03-17,167.9499969482422,169.64100646972656,159.8000030517578,162.3000030517578,162.2584686279297,24189471
2023-03-20,159.75,166.0,157.5,164.35000610351562,164.30796813964844,13327511
2023-03-21,166.89999389648438,171.4499969482422,166.85000610351562,169.8000030517578,169.75656127929688,13499827
2023-03-22,169.5,173.4499969482422,169.1999969482422,172.1999969482422,172.1559295654297,10594522
2023-03-23,171.6999969482422,173.25,168.9499969482422,171.0500030517578,171.0062255859375,5576163
2023-03-24,169.64999389648438,169.75,162.39999389648438,163.9499969482422,163.90805053710938,11316995
2023-03-27,166.9499969482422,167.60000610351562,164.9499969482422,166.14999389648438,166.1074981689453,29770962
2023-03-28,168.1999969482422,168.85000610351562,165.5500030517578,167.75,167.7070770263672,45408739
2023-03-29,169.14999389648438,169.6999969482422,164.25,168.1999969482422,168.1569366455078,5375473
2023-03-30,169.85000610351562,176.1999969482422,168.47900390625,175.39999389648438,175.35513305664062,7086888
2023-03-31,175.6999969482422,178.0,174.6999969482422,177.75,177.70452880859375,14022492
2023-04-03,175.39999389648438,178.08999633789062,173.75,174.14999389648438,174.1054229736328,9582370
2023-04-04,175.85000610351562,176.12100219726562,171.3000030517578,171.9499969482422,171.906005859375,15497870
2023-04-05,171.8000030517578,172.10000610351562,165.8000030517578,167.0500030517578,167.00726318359375,6189204
2023-04-06,166.3000030517578,168.14999389648438,163.0500030517578,166.0500030517578,166.0075225830078,11765431
2023-04-11,168.10000610351562,170.14999389648438,167.89700317382812,168.6999969482422,168.65682983398438,31228045
2023-04-12,169.25,169.64999389648438,167.5,167.5500030517578,167.50714111328125,7082598
2023-04-13,168.5,169.6219940185547,165.89999389648438,166.3000030517578,166.25743103027344,9733754
2023-04-14,166.60000610351562,167.4499969482422,164.5500030517578,166.5500030517578,166.50738525390625,16393753
2023-04-17,167.0,167.64999389648438,164.85000610351562,166.35000610351562,166.30743408203125,26572434
2023-04-18,167.3000030517578,168.4669952392578,165.85000610351562,166.60000610351562,166.55738830566406,8075382
2023-04-19,165.75,165.95799255371094,163.0500030517578,163.60000610351562,163.55813598632812,6486444
2023-04-20,164.1999969482422,164.25,161.8000030517578,164.25,164.20797729492188,5007301
2023-04-21,164.60000610351562,165.35000610351562,161.64999389648438,165.3000030517578,165.25772094726562,5711987
2023-04-24,165.3000030517578,169.4499969482422,162.64999389648438,167.64999389648438,167.60708618164062,10137560
2023-04-25,166.64999389648438,166.85000610351562,164.6999969482422,166.0500030517578,166.0075225830078,7043249
2023-04-26,168.0500030517578,169.3000030517578,159.64999389648438,162.5500030517578,162.5084228515625,12351651
2023-04-27,161.39999389648438,162.9499969482422,159.35000610351562,159.85000610351562,159.8091278076172,7731846
2023-04-28,161.1999969482422,162.0500030517578,158.36599731445312,161.0500030517578,161.00880432128906,20036114
2023-05-02,161.35000610351562,164.0,161.35000610351562,162.10000610351562,162.05853271484375,11010132
2023-05-03,163.9499969482422,165.35000610351562,161.60000610351562,163.0,162.9582977294922,15020457
2023-05-04,162.64999389648438,162.64999389648438,159.5500030517578,159.85000610351562,159.8091278076172,4101499
2023-05-05,161.39999389648438,163.5,160.14999389648438,162.64999389648438,162.60836791992188,19307522
2023-05-09,165.10000610351562,167.89999389648438,164.35000610351562,164.5500030517578,164.5078887939453,10296885
2023-05-10,165.0500030517578,165.6999969482422,162.1999969482422,164.39999389648438,164.35794067382812,6237545
2023-05-11,163.75,168.60000610351562,163.60000610351562,168.60000610351562,168.55686950683594,8557379
2023-05-12,170.3000030517578,175.39999389648438,169.31300354003906,173.25,173.20565795898438,20599082
2023-05-15,174.60000610351562,178.10000610351562,173.1999969482422,174.60000610351562,174.55532836914062,9422834
2023-05-16,173.75,175.0500030517578,169.25,170.25,170.20645141601562,17798930
2023-05-17,168.0,168.8000030517578,156.3000030517578,163.0,162.9582977294922,30645160
2023-05-18,167.4499969482422,173.4499969482422,166.0679931640625,172.64999389648438,172.60581970214844,15993603
2023-05-19,174.35000610351562,174.35000610351562,158.89999389648438,159.25,159.2092742919922,28054849
2023-05-22,160.5,165.23800659179688,159.89999389648438,160.39999389648438,160.35894775390625,17028418
2023-05-23,159.60000610351562,159.9499969482422,154.1999969482422,155.9499969482422,155.91009521484375,10360282
2023-05-24,153.89999389648438,155.4980010986328,149.89999389648438,150.4499969482422,150.41151428222656,12411986
2023-05-25,150.4499969482422,150.60000610351562,147.25,148.64999389648438,148.61196899414062,8421188
2023-05-26,149.5,152.1999969482422,145.9499969482422,151.0,150.96136474609375,16562524
2023-05-30,151.8000030517578,154.5500030517578,151.4499969482422,153.4499969482422,153.41073608398438,14475923
2023-05-31,153.0,153.4499969482422,151.4499969482422,152.0,151.9611053466797,18894900
2023-06-01,151.25,154.39999389648438,150.61900329589844,152.35000610351562,152.31103515625,7278471
2023-06-02,154.0500030517578,159.0,154.0500030517578,156.89999389648438,156.85984802246094,10686717
2023-06-05,157.60000610351562,157.89999389648438,154.3000030517578,155.0,154.96034240722656,4678274
2023-06-06,154.5,155.3000030517578,152.60000610351562,154.85000610351562,154.81040954589844,8680874
2023-06-07,154.64999389648438,156.10000610351562,153.60000610351562,153.89999389648438,153.86062622070312,7129824
2023-06-08,152.5500030517578,154.3000030517578,150.0,151.0,150.96136474609375,19579519
2023-06-09,149.9499969482422,153.5500030517578,146.4499969482422,148.64999389648438,148.61196899414062,13011958
2023-06-12,151.0500030517578,151.3000030517578,146.1999969482422,148.9499969482422,148.91188049316406,5904145
2023-06-13,148.39999389648438,150.35000610351562,146.10000610351562,148.35000610351562,148.31202697753906,8990631
2023-06-14,147.39999389648438,148.4499969482422,144.35000610351562,148.25,148.21206665039062,16719905
2023-06-15,147.9499969482422,149.1999969482422,143.85000610351562,147.3000030517578,147.2623291015625,16992574
2023-06-16,145.14999389648438,150.3000030517578,144.9499969482422,149.10000610351562,149.0618438720703,19412145
2023-06-19,147.3000030517578,152.35000610351562,144.39999389648438,148.39999389648438,148.3620147705078,14905618
2023-06-20,148.4499969482422,150.5,145.38299560546875,147.3000030517578,147.2623291015625,11433388
2023-06-21,144.89999389648438,147.88800048828125,144.12399291992188,146.39999389648438,146.36253356933594,7735859
2023-06-22,145.89999389648438,150.39999389648438,143.85000610351562,149.75,149.71170043945312,13329541
2023-06-23,148.6999969482422,150.5500030517578,141.35000610351562,143.8000030517578,143.76321411132812,16530344
2023-06-26,142.8000030517578,146.8000030517578,142.0,146.60000610351562,146.5625,11212013
2023-06-27,139.25,143.0070037841797,137.2100067138672,142.60000610351562,142.56350708007812,19009644
2023-06-28,144.89999389648438,146.1999969482422,142.85000610351562,144.14999389648438,144.11309814453125,18165489
2023-06-29,146.4499969482422,146.4499969482422,142.85000610351562,143.89999389648438,143.86318969726562,8169884
2023-06-30,143.14999389648438,146.5,141.0500030517578,146.0,145.962646484375,39073264
2023-07-03,146.89999389648438,148.1999969482422,143.4499969482422,146.0,145.962646484375,4983611
2023-07-04,145.6999969482422,148.1999969482422,144.6999969482422,147.6999969482422,147.6621856689453,9955670
2023-07-05,146.25,148.0,145.14999389648438,145.25,145.2128448486328,11828641
2023-07-06,144.25,144.25,137.0,138.0,137.97105407714844,16304850
2023-07-07,138.10000610351562,141.6999969482422,135.89999389648438,141.0,140.97042846679688,7138015
2023-07-10,140.0,142.0,139.1999969482422,141.0500030517578,141.02041625976562,7344713
2023-07-11,142.25,145.4499969482422,140.6999969482422,144.5,144.4696807861328,12759489
2023-07-12,145.0,150.61599731445312,144.4499969482422,150.14999389648438,150.11851501464844,8709671
2023-07-13,151.10000610351562,153.3249969482422,150.4499969482422,151.14999389648438,151.1182861328125,7431009
2023-07-14,150.5,152.64999389648438,150.39999389648438,151.9499969482422,151.9181365966797,8444448
2023-07-17,151.39999389648438,153.14999389648438,150.27200317382812,152.60000610351562,152.5679931640625,16233399
2023-07-18,153.14999389648438,154.5500030517578,152.5,153.6999969482422,153.66775512695312,9223024
2023-07-19,155.25,159.14999389648438,153.35000610351562,157.14999389648438,157.1170196533203,41711306
2023-07-20,156.10000610351562,158.9290008544922,156.10000610351562,157.39999389648438,157.3669891357422,7580336
2023-07-21,156.75,158.39999389648438,155.5500030517578,157.39999389648438,157.3669891357422,5382906
2023-07-24,157.0,158.89999389648438,155.89999389648438,157.10000610351562,157.06707763671875,4353402
2023-07-25,157.60000610351562,158.5,155.25399780273438,155.3000030517578,155.26742553710938,8127072
2023-07-26,155.14999389648438,155.75,151.39999389648438,153.9499969482422,153.91769409179688,5460513
2023-07-27,155.1999969482422,156.64999389648438,153.1999969482422,156.14999389648438,156.1172637939453,62013321
2023-07-28,155.1999969482422,158.1999969482422,154.25,158.10000610351562,158.06683349609375,6483789
2023-07-31,156.75,158.25,155.64999389648438,157.6999969482422,157.6669158935547,4911202
2023-08-01,156.75,157.02200317382812,152.1580047607422,153.25,153.21788024902344,10272670
2023-08-02,150.0,151.1999969482422,148.35000610351562,148.5,148.46885681152344,7807982
2023-08-03,148.0,152.4499969482422,147.1999969482422,150.6999969482422,150.6684112548828,9323721
2023-08-04,149.1999969482422,150.3000030517578,147.60000610351562,149.25,149.21868896484375,9065672
2023-08-07,147.85000610351562,150.5500030517578,145.89999389648438,146.8000030517578,146.7692108154297,5739848
2023-08-08,145.85000610351562,147.64999389648438,144.8000030517578,146.0,145.96937561035156,5951931
2023-08-09,148.9499969482422,148.9499969482422,143.89999389648438,143.9499969482422,143.91978454589844,51839290
2023-08-10,145.3000030517578,146.85000610351562,143.64999389648438,146.1999969482422,146.16934204101562,10830090
2023-08-11,144.85000610351562,145.75,143.3000030517578,143.3000030517578,143.2699432373047,38956293
2023-08-14,144.60000610351562,146.4499969482422,143.85000610351562,146.4499969482422,146.41929626464844,10731205
2023-08-15,145.6999969482422,150.10000610351562,144.64999389648438,149.39999389648438,149.36865234375,7006768
2023-08-16,149.0,155.8000030517578,147.8000030517578,153.64999389648438,153.6177520751953,10045121
2023-08-17,152.6999969482422,154.9499969482422,152.5500030517578,153.39999389648438,153.36781311035156,10970621
2023-08-18,152.4499969482422,152.60000610351562,147.1999969482422,149.6999969482422,149.66860961914062,10475308
2023-08-21,150.14999389648438,152.3000030517578,149.6999969482422,151.10000610351562,151.0683135986328,32127817
2023-08-22,152.0,154.39999389648438,139.9499969482422,140.75,140.72048950195312,68561086
2023-08-23,140.64999389648438,145.14999389648438,130.4499969482422,133.14999389648438,133.12205505371094,69947135
2023-08-24,136.85000610351562,140.60000610351562,134.64999389648438,139.89999389648438,139.8706512451172,14479877
2023-08-25,139.39999389648438,140.5,137.4499969482422,139.0,138.97084045410156,8014446
2023-08-29,143.0500030517578,145.14999389648438,139.5,145.0500030517578,145.0195770263672,8458944
2023-08-30,144.0,146.0500030517578,140.75,143.25,143.21994018554688,14803431
2023-08-31,143.5500030517578,147.64999389648438,141.8699951171875,145.25,145.21954345703125,13006238
2023-09-01,146.5,146.6999969482422,143.9499969482422,144.0500030517578,144.01979064941406,5340320
2023-09-04,144.85000610351562,145.64999389648438,142.25,142.5500030517578,142.52011108398438,14592632
2023-09-05,140.8000030517578,142.35000610351562,139.10000610351562,140.9499969482422,140.92044067382812,4695779
2023-09-06,139.6999969482422,141.14999389648438,138.3000030517578,139.3000030517578,139.2707977294922,5469069
2023-09-07,136.0,138.39999389648438,134.25,134.25,134.2218475341797,15110908
2023-09-08,134.9499969482422,139.5500030517578,134.9499969482422,137.75,137.7211151123047,12937205
2023-09-11,137.75,140.3000030517578,137.60000610351562,139.5,139.4707489013672,10016991
2023-09-12,140.3000030517578,142.9499969482422,138.6999969482422,140.4499969482422,140.42054748535156,78591473
2023-09-13,140.0,140.0,136.0500030517578,137.0,136.9712677001953,12714310
2023-09-14,137.0,140.89999389648438,134.6999969482422,140.64999389648438,140.62049865722656,15468414
2023-09-15,141.8000030517578,142.14999389648438,139.39999389648438,139.64999389648438,139.62071228027344,17524113
2023-09-18,139.39999389648438,140.3000030517578,135.89999389648438,136.0500030517578,136.021484375,4951870
2023-09-19,136.0,137.0500030517578,132.25599670410156,133.39999389648438,133.3720245361328,8251731
2023-09-20,135.0,136.64999389648438,132.89999389648438,132.9499969482422,132.922119140625,14680066
2023-09-21,141.0,145.5,138.0,144.89999389648438,144.8695831298828,59656378
2023-09-22,144.60000610351562,149.60000610351562,144.25,147.0,146.96917724609375,16052683
2023-09-25,146.1999969482422,148.6009979248047,143.35000610351562,145.64999389648438,145.61944580078125,46107039
2023-09-26,144.35000610351562,147.25,144.1999969482422,145.5500030517578,145.5194854736328,19512225
2023-09-27,145.60000610351562,148.01699829101562,144.35000610351562,144.35000610351562,144.31973266601562,62514081
2023-09-28,144.0500030517578,145.1999969482422,141.5590057373047,142.85000610351562,142.82005310058594,20417277
2023-09-29,149.25,151.8000030517578,148.85000610351562,149.6999969482422,149.66860961914062,12979587
2023-10-02,149.9499969482422,152.35000610351562,148.6999969482422,149.10000610351562,149.0687255859375,10294419
2023-10-03,148.0,150.5,144.1999969482422,145.60000610351562,145.56947326660156,28722763
2023-10-04,144.39999389648438,145.5,142.9499969482422,144.3000030517578,144.2697296142578,20041931
2023-10-05,144.0500030517578,145.5500030517578,139.9499969482422,140.0,139.97064208984375,36716826
2023-10-06,140.5,143.16000366210938,138.64999389648438,143.14999389648438,143.11996459960938,12451446
2023-10-09,140.5,142.3000030517578,138.0,138.75,138.72091674804688,8905843
2023-10-10,140.75,145.1009979248047,139.8000030517578,144.14999389648438,144.1197509765625,22025143
2023-10-11,143.25,143.39999389648438,138.4499969482422,138.60000610351562,138.57093811035156,26571861
2023-10-12,139.0,140.5500030517578,137.25,137.4499969482422,137.42117309570312,17805574
2023-10-13,136.9499969482422,139.5,130.6999969482422,130.85000610351562,130.8225555419922,9575984
2023-10-16,131.64999389648438,134.25,129.89999389648438,133.85000610351562,133.8219451904297,13603691
2023-10-17,133.5,137.0,132.35000610351562,136.75,136.72132873535156,6080251
2023-10-18,137.8000030517578,141.64999389648438,133.25,133.5,133.47198486328125,7704794
2023-10-19,132.1999969482422,134.5,130.0,130.0,129.9727325439453,8105512
2023-10-20,128.8000030517578,129.75,125.0,126.3000030517578,126.27352142333984,12339031
2023-10-23,127.4000015258789,128.5500030517578,125.75,128.35000610351562,128.32308959960938,5744186
2023-10-24,130.0,131.35000610351562,127.8000030517578,128.9499969482422,128.9229278564453,5791125
2023-10-25,128.3000030517578,129.14999389648438,124.96700286865234,126.1999969482422,126.17352294921876,7212612
2023-10-26,125.0,127.3000030517578,124.0,126.75,126.72341918945312,13658220
2023-10-27,126.9000015258789,128.25,125.34100341796876,126.0999984741211,126.07354736328124,6034108
2023-10-30,127.4499969482422,128.85000610351562,126.6500015258789,127.8000030517578,127.77320098876952,12056939
2023-10-31,128.39999389648438,130.4499969482422,127.4499969482422,127.5,127.47325897216795,14042892
2023-11-01,128.1999969482422,129.3000030517578,124.1500015258789,126.5999984741211,126.5734405517578,11973905
2023-11-02,128.14999389648438,131.60000610351562,125.0500030517578,126.4499969482422,126.42347717285156,12146468
2023-11-03,127.1999969482422,132.89999389648438,124.8000030517578,131.35000610351562,131.32244873046875,11421401
2023-11-06,133.35000610351562,134.5,131.9499969482422,132.0,131.97232055664062,24871381
2023-11-07,132.39999389648438,135.10000610351562,132.0,134.1999969482422,134.17185974121094,6939742
2023-11-08,134.14999389648438,136.18299865722656,133.39999389648438,134.1999969482422,134.17185974121094,7309157
2023-11-09,133.8000030517578,136.1999969482422,132.5500030517578,134.5500030517578,134.5217742919922,38212740
2023-11-10,133.60000610351562,134.14999389648438,131.75,133.9499969482422,133.92190551757812,5001079
2023-11-13,134.0,135.3000030517578,132.9499969482422,133.89999389648438,133.87191772460938,11491241
2023-11-14,135.4499969482422,139.6999969482422,132.8000030517578,139.6999969482422,139.6707000732422,6327735
2023-11-15,140.14999389648438,144.1999969482422,138.64999389648438,141.9499969482422,141.9202117919922,14471696
2023-11-16,141.13699340820312,141.89999389648438,136.85000610351562,137.10000610351562,137.07125854492188,6923897
2023-11-17,137.5500030517578,139.8000030517578,136.14999389648438,138.75,138.72091674804688,13189864
2023-11-20,139.35000610351562,141.0,137.1999969482422,139.10000610351562,139.07083129882812,6020109
2023-11-21,139.3000030517578,147.10000610351562,136.4499969482422,144.60000610351562,144.56968688964844,11843051
2023-11-22,144.9499969482422,151.5500030517578,143.9499969482422,150.35000610351562,150.31846618652344,15003290
2023-11-23,148.89999389648438,151.4499969482422,145.48300170898438,147.89999389648438,147.86898803710938,8445578
2023-11-24,147.89999389648438,149.35000610351562,146.9499969482422,148.1999969482422,148.16893005371094,7042893
2023-11-27,148.14999389648438,150.8000030517578,145.5,148.75,148.71881103515625,5023040
2023-11-28,147.14999389648438,149.60000610351562,146.39999389648438,148.8000030517578,148.768798828125,7792035
2023-11-29,148.64999389648438,159.60000610351562,148.14999389648438,157.3000030517578,157.2670135498047,12530753
2023-11-30,156.39999389648438,160.39999389648438,156.3000030517578,157.0500030517578,157.01707458496094,22023780
2023-12-01,155.10000610351562,160.39999389648438,155.10000610351562,160.35000610351562,160.3163604736328,8500490
2023-12-04,160.4499969482422,165.9499969482422,159.35000610351562,164.89999389648438,164.8654022216797,14714781
2023-12-05,163.8000030517578,166.3260040283203,162.3000030517578,165.0,164.96539306640625,13080009
2023-12-06,165.64999389648438,169.52200317382812,164.0,168.64999389648438,168.6146240234375,8909030
2023-12-07,167.0,169.6999969482422,164.5,165.8000030517578,165.76817321777344,14967687
2023-12-08,166.25,168.6999969482422,164.8000030517578,166.9499969482422,166.91795349121094,10126881
2023-12-11,167.60000610351562,172.60000610351562,166.20700073242188,172.60000610351562,172.56687927246094,24189319
2023-12-12,173.25,175.25,171.3000030517578,172.75,172.71682739257812,10886586
2023-12-13,172.0500030517578,173.89999389648438,170.0,170.14999389648438,170.11732482910156,15893798
2023-12-14,173.89999389648438,177.4499969482422,169.10000610351562,175.14999389648438,175.11636352539062,21654405
2023-12-15,176.0,177.5,172.64999389648438,173.14999389648438,173.11676025390625,14910798
2023-12-18,172.85000610351562,174.1999969482422,170.60000610351562,171.5,171.4670867919922,4851218
2023-12-19,172.0500030517578,173.5,170.85000610351562,172.5,172.46688842773438,19823877
2023-12-20,176.10000610351562,177.75,171.10000610351562,174.3000030517578,174.2665557861328,11997858
2023-12-21,172.25,175.35000610351562,172.0500030517578,173.9499969482422,173.91659545898438,7344775
2023-12-22,162.60000610351562,166.35000610351562,162.0,165.0,164.96832275390625,5621435
2023-12-27,166.64999389648438,168.39999389648438,165.0500030517578,167.89999389648438,167.86776733398438,7112227
2023-12-28,168.0,168.3000030517578,166.5,167.4499969482422,167.41786193847656,4108242
2023-12-29,168.0,168.6999969482422,165.9499969482422,165.9499969482422,165.9181365966797,2903283
2024-01-02,166.3000030517578,166.75,159.9499969482422,160.60000610351562,160.5691680908203,12448352
2024-01-03,160.89999389648438,161.74899291992188,155.0500030517578,155.4499969482422,155.420166015625,10591734
2024-01-04,130.0,134.75,116.1999969482422,119.6999969482422,119.67701721191406,136535449
2024-01-05,117.25,121.5500030517578,117.25,120.0999984741211,120.07694244384766,29907638
2024-01-08,119.0,120.25,115.5500030517578,119.3499984741211,119.32708740234376,16635244
2024-01-09,120.4000015258789,121.5,114.25,114.3499984741211,114.32804107666016,26401013
2024-01-10,114.3499984741211,116.3000030517578,113.1500015258789,113.3000030517578,113.27825927734376,12625504
2024-01-11,113.0999984741211,116.0500030517578,110.0500030517578,110.3000030517578,110.2788314819336,66059993
2024-01-12,111.0,115.1500015258789,110.6999969482422,114.4499969482422,114.42803192138672,13509532
2024-01-15,114.0999984741211,115.1500015258789,113.1999969482422,113.3000030517578,113.27825927734376,21753389
2024-01-16,112.4499969482422,112.5500030517578,107.3499984741211,107.3499984741211,107.32939910888672,17397658
2024-01-17,106.4000015258789,109.15299987792967,105.8499984741211,108.8000030517578,108.77912139892578,27772653
2024-01-18,110.0,110.8499984741211,106.3000030517578,108.25,108.22921752929688,16875903
2024-01-19,109.5,111.9499969482422,108.40699768066406,111.25,111.22864532470705,11893963
2024-01-22,112.3000030517578,116.5500030517578,112.1999969482422,114.6999969482422,114.677978515625,14710386
2024-01-23,115.0,117.5500030517578,114.25,115.9000015258789,115.87774658203124,15322808
2024-01-24,116.3000030517578,118.3000030517578,114.3499984741211,116.8499984741211,116.82756042480467,23963585
2024-01-25,116.25,117.4000015258789,115.1500015258789,116.5,116.4776382446289,14027740
2024-01-26,116.25,117.8000030517578,115.4000015258789,117.8000030517578,117.7773895263672,15158715
2024-01-29,117.5999984741211,118.3499984741211,116.8000030517578,118.1500015258789,118.1273193359375,10628720
2024-01-30,119.3499984741211,120.1999969482422,118.4499969482422,119.0999984741211,119.0771255493164,15553613
2024-01-31,117.9499969482422,118.5,117.0500030517578,117.0500030517578,117.02753448486328,21126177
2024-02-01,115.0500030517578,116.3499984741211,113.4729995727539,114.9499969482422,114.92792510986328,11648895
2024-02-02,115.9000015258789,116.8499984741211,112.5,113.0,112.97830963134766,16034960
2024-02-05,113.4499969482422,114.25,107.0500030517578,107.0500030517578,107.02944946289062,20377334
2024-02-06,108.0500030517578,111.0500030517578,106.25,110.75,110.72874450683594,19909889
2024-02-07,110.4000015258789,111.3000030517578,106.8000030517578,107.3499984741211,107.32939910888672,19846878
2024-02-08,106.5999984741211,110.1500015258789,104.0,104.5,104.47994232177734,17038642
2024-02-09,104.6999969482422,106.1500015258789,104.0,104.0,103.98003387451172,13925118
2024-02-12,104.0,106.3499984741211,103.3499984741211,105.6500015258789,105.62971496582033,26095436
2024-02-13,105.1999969482422,105.75,103.0,105.4499969482422,105.42975616455078,18757448
2024-02-14,105.4499969482422,108.8499984741211,105.4499969482422,108.25,108.22921752929688,6759839
2024-02-15,109.5500030517578,110.8000030517578,108.73200225830078,109.8499984741211,109.82891082763672,9087568
2024-02-16,110.5500030517578,112.6500015258789,110.5500030517578,112.0999984741211,112.07847595214844,11764105
2024-02-19,111.6999969482422,113.8000030517578,111.6500015258789,113.0999984741211,113.07828521728516,8408264
2024-02-20,112.6500015258789,113.5999984741211,111.75,112.1999969482422,112.178466796875,17082896
2024-02-21,112.5500030517578,114.5,111.9499969482422,112.4499969482422,112.42840576171876,6696438
2024-02-22,113.4000015258789,114.9499969482422,112.0500030517578,113.4499969482422,113.42821502685548,14466425
2024-02-23,113.6500015258789,115.75,113.5999984741211,115.4000015258789,115.37785339355467,8476116
2024-02-26,115.6500015258789,116.3000030517578,113.3000030517578,114.5,114.47801208496094,11746992
2024-02-27,114.4000015258789,116.5500030517578,113.38899993896484,114.9000015258789,114.87794494628906,12270713
2024-02-28,116.0500030517578,120.5,115.5999984741211,117.6999969482422,117.67739868164062,37269021
2024-02-29,117.9499969482422,119.3000030517578,116.75,117.9000015258789,117.87737274169922,24575036
2024-03-01,118.0,120.0500030517578,116.9000015258789,119.9000015258789,119.87698364257812,7332651
2024-03-04,119.9000015258789,119.9000015258789,117.5,118.25,118.22730255126952,13136679
2024-03-05,117.8499984741211,118.1999969482422,116.4499969482422,117.5500030517578,117.52743530273438,8687311
2024-03-06,117.9499969482422,123.5999984741211,116.1500015258789,117.0,116.9775390625,18126237
2024-03-07,116.0,116.3000030517578,113.9499969482422,115.75,115.72777557373048,23653880
2024-03-08,115.1999969482422,116.5500030517578,114.3499984741211,115.6999969482422,115.67778778076172,21135368
2024-03-11,114.1500015258789,116.75,114.0500030517578,114.1999969482422,114.1780776977539,11187529
2024-03-12,115.8000030517578,117.9000015258789,115.1259994506836,117.9000015258789,117.87737274169922,24867097
2024-03-13,117.6999969482422,119.1999969482422,113.0,113.0999984741211,113.07828521728516,25373935
2024-03-14,112.9499969482422,116.1999969482422,111.8499984741211,111.8499984741211,111.82852935791016,21758890
2024-03-15,112.0999984741211,113.5999984741211,110.0500030517578,111.8499984741211,111.82852935791016,29260385
2024-03-18,111.9499969482422,113.5999984741211,110.46099853515624,111.1500015258789,111.12865447998048,14464099
2024-03-19,110.1500015258789,111.0500030517578,108.63500213623048,110.5500030517578,110.52877807617188,20295383
2024-03-20,110.3000030517578,113.72200012207033,110.1500015258789,113.6500015258789,113.62818145751952,7911460
2024-03-21,115.8000030517578,118.22000122070312,114.7760009765625,117.0999984741211,117.0775146484375,30474275
2024-03-22,113.9499969482422,113.9499969482422,107.3000030517578,109.75,109.72892761230467,24088820
2024-03-25,109.0999984741211,111.0999984741211,108.4499969482422,110.0999984741211,110.07886505126952,22566504
2024-03-26,109.9499969482422,114.1999969482422,108.25,114.1999969482422,114.1780776977539,10989684
2024-03-27,114.4499969482422,116.3499984741211,113.8000030517578,116.3000030517578,116.27767944335938,10543365
2024-03-28,134.0,136.75,122.31800079345705,134.5,134.47418212890625,73449933
2024-04-02,134.85000610351562,138.0,132.14999389648438,133.0500030517578,133.0244598388672,33487917
2024-04-03,131.75,134.75,130.89999389648438,131.9499969482422,131.92466735839844,39762790
2024-04-04,131.64999389648438,133.8000030517578,128.85000610351562,131.5500030517578,131.52474975585938,29017615
2024-04-05,129.1999969482422,130.39999389648438,126.1500015258789,126.25,126.22576141357422,12672106
2024-04-08,126.1500015258789,127.4499969482422,124.4499969482422,124.4499969482422,124.42610931396484,23203333
2024-04-09,124.3000030517578,125.9000015258789,122.4000015258789,124.6500015258789,124.6260757446289,16565642
2024-04-10,125.5999984741211,128.4499969482422,123.0999984741211,124.0999984741211,124.07617950439452,11424633
2024-04-11,124.0,124.5500030517578,120.8499984741211,122.5500030517578,122.52647399902344,10287769
2024-04-12,123.8499984741211,123.8499984741211,118.54900360107422,118.6999969482422,118.67721557617188,12429703
2024-04-15,118.0999984741211,121.0500030517578,118.0999984741211,119.5999984741211,119.57704162597656,19187394
2024-04-16,117.0,119.1500015258789,116.4000015258789,116.9000015258789,116.87755584716795,26220661
2024-04-17,117.6500015258789,120.0500030517578,116.74500274658205,119.0500030517578,119.0271453857422,13921811
2024-04-18,120.3000030517578,120.88200378417967,118.1999969482422,120.3000030517578,120.27690887451172,30719658
2024-04-19,118.5,119.18399810791016,115.9499969482422,116.9499969482422,116.92755126953124,17650667
2024-04-22,119.0,120.3499984741211,118.0500030517578,118.4499969482422,118.42725372314452,8723855
2024-04-23,120.3499984741211,127.3499984741211,118.6500015258789,122.9000015258789,122.87641143798828,22177543
2024-04-24,123.0500030517578,124.0999984741211,119.1500015258789,119.1500015258789,119.12712860107422,18681925
2024-04-25,118.5999984741211,119.3499984741211,115.3000030517578,116.3000030517578,116.27767944335938,10902647
2024-04-26,117.3499984741211,120.3499984741211,116.5999984741211,120.1500015258789,120.12694549560548,20473240
2024-04-29,119.0,119.8000030517578,115.8499984741211,116.5999984741211,116.5776138305664,10069043
2024-04-30,116.4499969482422,120.9000015258789,114.5999984741211,115.5999984741211,115.57781219482422,9422272
2024-05-01,114.3000030517578,113.0500030517578,113.0500030517578,112.1500015258789,112.12847137451172,2194743
2024-05-02,112.4000015258789,114.1500015258789,110.6500015258789,113.8499984741211,113.82814025878906,9732994
2024-05-03,114.8000030517578,117.0500030517578,113.8499984741211,115.6999969482422,115.67778778076172,6589667
2024-05-07,118.25,119.5500030517578,117.4499969482422,118.8499984741211,118.82717895507812,9338057
2024-05-08,119.4000015258789,119.6999969482422,113.8499984741211,116.8000030517578,116.77758026123048,6589555
2024-05-09,117.4499969482422,120.25,115.8499984741211,120.1999969482422,120.17691040039062,6859041
2024-05-10,121.0,122.75,119.4499969482422,121.9000015258789,121.87660217285156,10986080
2024-05-13,121.5,123.4000015258789,121.0999984741211,123.0999984741211,123.0763702392578,5650639
2024-05-14,123.1999969482422,124.3550033569336,122.4499969482422,123.1500015258789,123.12635803222656,5032310
2024-05-15,124.0,126.8499984741211,121.8000030517578,126.8499984741211,126.82564544677734,7942154
2024-05-16,127.0,128.0500030517578,123.8499984741211,125.4499969482422,125.42591094970705,14082608
2024-05-17,125.1500015258789,126.1500015258789,121.46399688720705,121.5,121.47667694091795,6882411
2024-05-20,122.3000030517578,124.1500015258789,121.5500030517578,123.8000030517578,123.7762451171875,5202283
2024-05-21,121.8000030517578,124.5500030517578,120.5999984741211,120.5999984741211,120.57685089111328,6449630
2024-05-22,121.1999969482422,121.8000030517578,117.89600372314452,120.9000015258789,120.87679290771484,10588412
2024-05-23,120.0,121.8000030517578,119.3000030517578,121.5,121.47667694091795,6278541
2024-05-24,120.3499984741211,125.1500015258789,120.13099670410156,121.4499969482422,121.42668151855467,6414071
2024-05-28,121.9000015258789,129.5500030517578,121.5500030517578,128.0500030517578,128.02540588378906,13244248
2024-05-29,129.60000610351562,130.60000610351562,125.5999984741211,126.6999969482422,126.67567443847656,14105891
2024-05-30,125.3499984741211,134.5749969482422,124.75,133.8000030517578,133.77432250976562,15651698
2024-05-31,126.0,128.0,116.25,127.5,127.47552490234376,42642660
2024-06-03,130.5500030517578,138.5399932861328,130.25,133.9499969482422,133.92428588867188,24596587
2024-06-04,133.35000610351562,135.1999969482422,131.89999389648438,132.35000610351562,132.32460021972656,30960343
2024-06-05,133.75,134.8000030517578,126.3000030517578,126.3000030517578,126.27576446533205,18454612
2024-06-06,126.3499984741211,131.25,125.5,128.14999389648438,128.12539672851562,34611620
2024-06-07,127.8000030517578,128.9499969482422,122.8499984741211,125.5,125.47590637207033,9877037
2024-06-10,123.75,126.3000030517578,123.0,124.4000015258789,124.3761215209961,7935785
2024-06-11,125.4499969482422,127.0,122.5,123.5999984741211,123.57626342773438,7892055
2024-06-12,124.3499984741211,125.5,122.8499984741211,124.4000015258789,124.3761215209961,5187743
2024-06-13,122.6500015258789,123.1500015258789,121.6999969482422,122.0500030517578,122.03245544433594,6290015
2024-06-14,122.0,122.5,119.25,120.75,120.73263549804688,9240266
2024-06-17,120.4499969482422,121.5999984741211,119.9499969482422,120.5,120.48267364501952,3401506
2024-06-18,122.3499984741211,122.4499969482422,117.8000030517578,117.8499984741211,117.83306121826172,6985036
2024-06-19,117.6500015258789,119.8000030517578,117.0,119.8000030517578,119.78278350830078,6196896
2024-06-20,120.5500030517578,126.0,119.0500030517578,125.9000015258789,125.88189697265624,7129677
2024-06-21,126.1500015258789,127.4000015258789,123.76699829101562,126.0999984741211,126.08187103271484,22373112
2024-06-24,126.9000015258789,130.89999389648438,125.0999984741211,129.9499969482422,129.9313201904297,8290314
2024-06-25,129.35000610351562,130.60000610351562,126.9499969482422,127.0500030517578,127.03173065185548,6672966
2024-06-26,127.1999969482422,128.25,124.8499984741211,125.6999969482422,125.68192291259766,8592571
2024-06-27,125.4000015258789,127.8000030517578,124.8000030517578,126.3499984741211,126.3318328857422,5403232
2024-06-28,121.9000015258789,122.5999984741211,118.0,119.5,119.48281860351562,15103822
2024-07-01,121.4000015258789,122.5999984741211,118.75,119.3499984741211,119.33283996582033,19098426
2024-07-02,118.3499984741211,120.1999969482422,117.5500030517578,117.5999984741211,117.58309936523438,7570931
2024-07-03,113.4000015258789,115.8000030517578,112.4000015258789,112.9000015258789,112.8837661743164,35652019
2024-07-04,113.25,115.6500015258789,112.1999969482422,112.3000030517578,112.28385925292967,7978148
2024-07-05,112.75,114.1999969482422,111.5999984741211,113.5999984741211,113.58366394042967,9655219
2024-07-08,113.4000015258789,114.4499969482422,111.5999984741211,113.6500015258789,113.63365936279295,8399085
2024-07-09,112.8499984741211,114.3000030517578,110.5999984741211,111.5,111.48397064208984,13565126
2024-07-10,111.9000015258789,112.6999969482422,110.5999984741211,111.4499969482422,111.43397521972656,8098557
2024-07-11,111.9499969482422,114.1999969482422,110.75,114.1999969482422,114.18358612060548,9841816
2024-07-12,114.75,116.5,113.4499969482422,115.75,115.73336029052734,11216308
2024-07-15,114.4499969482422,115.12899780273438,112.1999969482422,114.6500015258789,114.6335220336914,9334213
2024-07-16,114.6500015258789,122.0,113.5,118.6999969482422,118.68293762207033,24948184
2024-07-17,117.25,118.8000030517578,116.5500030517578,116.6500015258789,116.63323211669922,8757386
2024-07-18,117.75,120.9499969482422,115.9499969482422,120.9000015258789,120.88262176513672,10357099
2024-07-19,120.5,121.5999984741211,114.65699768066406,117.1500015258789,117.13316345214844,10349034
2024-07-22,117.8000030517578,119.6500015258789,116.5999984741211,117.9000015258789,117.88304901123048,7010772
2024-07-23,117.0999984741211,120.31099700927734,117.0999984741211,119.8499984741211,119.83277130126952,6241037
2024-07-24,119.0,121.6999969482422,119.0,121.4000015258789,121.3825454711914,5829193
2024-07-25,120.0999984741211,120.1500015258789,117.4499969482422,119.3000030517578,119.28285217285156,25633254
2024-07-26,119.8499984741211,123.6999969482422,119.75,123.1999969482422,123.18228149414062,6812942
2024-07-29,124.5999984741211,128.3000030517578,124.0,128.3000030517578,128.28155517578125,10101774
2024-07-30,127.8499984741211,129.85000610351562,126.3000030517578,129.5,129.4813690185547,6890642
2024-07-31,130.89999389648438,131.60000610351562,129.6199951171875,131.60000610351562,131.5811004638672,10199854
2024-08-01,132.10000610351562,132.60000610351562,130.38299560546875,132.4499969482422,132.4309539794922,11763713
2024-08-02,130.25,132.25,123.5,123.75,123.73220825195312,16697467
2024-08-05,120.9499969482422,121.8000030517578,115.0,120.0,119.98274230957033,20693333
2024-08-06,121.0,127.5,120.4000015258789,123.4000015258789,123.38225555419922,25662075
2024-08-07,124.8000030517578,127.4499969482422,124.4000015258789,125.9499969482422,125.931884765625,14257665
2024-08-08,125.5,125.8000030517578,121.0,122.5999984741211,122.5823745727539,5236907
2024-08-09,122.75,126.3000030517578,119.3499984741211,125.4499969482422,125.43196105957033,13550223
2024-08-12,122.5,123.3499984741211,119.3000030517578,120.3499984741211,120.33270263671876,14699740
2024-08-13,121.0500030517578,123.0999984741211,119.9499969482422,121.6500015258789,121.63250732421876,5586275
2024-08-14,122.6500015258789,124.0500030517578,121.8499984741211,122.9499969482422,122.93231964111328,4009261
2024-08-15,124.0,126.8000030517578,120.25,126.5,126.4818115234375,9197818
2024-08-16,127.0,127.6050033569336,125.75,126.8499984741211,126.8317642211914,5310798
2024-08-19,126.5,130.36399841308594,125.6999969482422,128.85000610351562,128.8314971923828,14132343
2024-08-20,128.75,129.7740020751953,122.9000015258789,123.1999969482422,123.18228149414062,6795269
2024-08-21,122.6500015258789,128.14999389648438,122.5,128.14999389648438,128.13157653808594,17746130
2024-08-22,135.5,141.85000610351562,130.75,141.85000610351562,141.82962036132812,38946567
2024-08-23,141.85000610351562,149.6999969482422,139.14999389648438,149.25,149.22854614257812,16451846
2024-08-27,148.64999389648438,148.89999389648438,139.64999389648438,143.10000610351562,143.0794219970703,24378667
2024-08-28,143.6999969482422,144.39999389648438,137.3000030517578,137.3000030517578,137.2802734375,7696403
2024-08-29,137.8000030517578,140.23199462890625,136.0,138.0500030517578,138.0301513671875,7435707
2024-08-30,138.39999389648438,139.6999969482422,137.3000030517578,137.9499969482422,137.93017578125,7567791
2024-09-02,137.9499969482422,138.60000610351562,134.85000610351562,134.85000610351562,134.8306121826172,4020220
2024-09-03,134.60000610351562,136.3000030517578,133.5500030517578,133.5500030517578,133.53079223632812,10539087
2024-09-04,130.9499969482422,134.89999389648438,128.5,133.1999969482422,133.18084716796875,14059689
2024-09-05,132.4499969482422,136.4499969482422,132.35000610351562,134.25,134.23069763183594,4528535
2024-09-06,133.89999389648438,135.6999969482422,131.875,133.60000610351562,133.58079528808594,11194926
2024-09-09,135.4499969482422,137.45700073242188,134.39999389648438,135.85000610351562,135.83047485351562,3538834
2024-09-10,135.5,142.25,135.35000610351562,140.5,140.47979736328125,11676989
2024-09-11,141.10000610351562,141.8000030517578,137.0,139.8000030517578,139.7799072265625,12288233
2024-09-12,142.5,145.01400756835938,141.85000610351562,144.89999389648438,144.879150390625,15521750
2024-09-13,145.3000030517578,149.5,144.39999389648438,148.89999389648438,148.8785858154297,7396531
2024-09-16,148.1999969482422,154.3000030517578,147.35000610351562,154.3000030517578,154.27783203125,9814266
2024-09-17,155.75,162.10000610351562,155.75,159.6999969482422,159.67703247070312,22025809
2024-09-18,158.89999389648438,159.4499969482422,150.14999389648438,150.1999969482422,150.17840576171875,20100574
2024-09-19,152.5,157.60000610351562,151.35000610351562,156.5,156.47750854492188,9730580
2024-09-20,155.39999389648438,158.0,152.0500030517578,152.0500030517578,152.0281524658203,13383205
2024-09-23,154.1999969482422,154.89999389648438,151.8000030517578,154.10000610351562,154.07785034179688,3320958
2024-09-24,156.0,156.85000610351562,152.39199829101562,153.25,153.2279815673828,3115577
2024-09-25,152.60000610351562,156.10000610351562,151.35000610351562,153.89999389648438,153.87786865234375,11914685
2024-09-26,154.64999389648438,157.39999389648438,151.4340057373047,154.10000610351562,154.07785034179688,9655260
2024-09-27,154.60000610351562,156.85000610351562,153.35000610351562,155.5500030517578,155.52764892578125,5711727
2024-09-30,154.64999389648438,156.4499969482422,152.60000610351562,154.0500030517578,154.02784729003906,8642488
2024-10-01,154.89999389648438,155.3000030517578,149.5,149.5,149.47850036621094,9460680
2024-10-02,145.0,147.89999389648438,138.89599609375,140.35000610351562,140.32981872558594,16675628
2024-10-03,142.39999389648438,144.60000610351562,141.0,142.4499969482422,142.42953491210938,13441485
2024-10-04,141.5500030517578,142.09500122070312,136.85000610351562,138.64999389648438,138.6300506591797,17231198
2024-10-07,140.0,140.14999389648438,134.3000030517578,134.3000030517578,134.28070068359375,9781399
2024-10-08,132.64999389648438,132.85000610351562,129.6999969482422,131.8000030517578,131.7810516357422,16516928
2024-10-09,132.89999389648438,133.75,131.75,132.35000610351562,132.3309783935547,6614892
2024-10-10,132.0,133.0500030517578,130.5,130.5,130.4812469482422,6539544
2024-10-11,131.5500030517578,132.39999389648438,130.0,131.10000610351562,131.0811767578125,7006290
2024-10-14,130.85000610351562,131.39999389648438,127.3000030517578,129.85000610351562,129.83132934570312,7400950
2024-10-15,131.39999389648438,132.89999389648438,130.60000610351562,132.89999389648438,132.88088989257812,10718156
2024-10-16,133.25,138.10000610351562,133.25,136.35000610351562,136.3303985595703,8340059
2024-10-17,136.4499969482422,140.6999969482422,136.0500030517578,138.10000610351562,138.08013916015625,10741665
2024-10-18,138.10000610351562,139.10000610351562,136.0,136.60000610351562,136.58038330078125,3602712
2024-10-21,136.85000610351562,137.5500030517578,133.34500122070312,133.9499969482422,133.9307403564453,6111977
2024-10-22,133.0,135.14999389648438,132.0500030517578,134.10000610351562,134.08071899414062,3443929
2024-10-23,135.0,137.39999389648438,134.39999389648438,134.5,134.4806671142578,5432496
2024-10-24,133.8000030517578,136.35000610351562,132.5,133.1999969482422,133.18084716796875,3278537
2024-10-25,133.64999389648438,134.9499969482422,131.9499969482422,131.9499969482422,131.9310302734375,4568575
2024-10-28,132.75,134.64999389648438,132.25,133.0,132.9808807373047,3833354
2024-10-29,133.25,133.9499969482422,128.0,128.10000610351562,128.0815887451172,6077685
2024-10-30,127.25,130.0,127.0,127.0500030517578,127.03173065185548,10588152
2024-10-31,125.8000030517578,126.5999984741211,122.0500030517578,124.0,123.982177734375,11565664
2024-11-01,122.6500015258789,124.5500030517578,121.4499969482422,123.5999984741211,123.58222198486328,6720766
2024-11-04,125.4499969482422,126.8000030517578,124.4499969482422,124.6500015258789,124.63208770751952,5057681
2024-11-05,124.3000030517578,125.25,123.0999984741211,123.0999984741211,123.08230590820312,6502622
2024-11-06,125.0999984741211,127.22000122070312,122.29499816894533,122.9499969482422,122.93231964111328,8414727
2024-11-07,123.9499969482422,124.947998046875,121.5999984741211,124.0,123.98550415039062,6901840
2024-11-08,124.0500030517578,124.87799835205078,119.9000015258789,120.75,120.73587799072266,7971056
2024-11-11,121.6500015258789,122.5500030517578,119.6500015258789,119.6500015258789,119.6360092163086,3516709
2024-11-12,117.75,118.6500015258789,116.1500015258789,117.25,117.2362823486328,10569618
2024-11-13,119.5500030517578,120.0,116.3000030517578,116.3000030517578,116.28640747070312,7594129
2024-11-14,116.1500015258789,118.3499984741211,116.1500015258789,117.0,116.98631286621094,6641863
2024-11-15,115.9000015258789,118.4000015258789,115.6500015258789,118.4000015258789,118.38615417480467,9796544
2024-11-18,117.6500015258789,119.02999877929688,115.76599884033205,116.0,115.98643493652344,14977692
2024-11-19,115.9000015258789,117.6500015258789,114.4000015258789,116.8000030517578,116.78633880615234,9476320
2024-11-20,117.1500015258789,117.9000015258789,112.3499984741211,112.9499969482422,112.93678283691406,11351132
2024-11-21,102.3000030517578,103.36499786376952,93.91999816894533,95.44000244140624,95.42884063720705,66194929
2024-11-22,96.04000091552734,97.4010009765625,93.3000030517578,93.45999908447266,93.4490737915039,26211329
2024-11-25,95.13999938964844,102.8000030517578,95.13999938964844,102.8000030517578,102.78797912597656,53083891
2024-11-26,102.25,102.9000015258789,99.27999877929688,101.1500015258789,101.13816833496094,11008825
2024-11-27,101.1999969482422,102.25,100.1500015258789,101.6500015258789,101.63811492919922,7673053
2024-11-28,102.3499984741211,105.29399871826172,101.8499984741211,103.4000015258789,103.38790893554688,9097680
2024-11-29,103.5,104.3000030517578,101.5,101.8000030517578,101.78809356689452,10275405
2024-12-02,101.4000015258789,103.4499969482422,100.4499969482422,102.75,102.73798370361328,6085516
2024-12-03,102.4000015258789,103.3499984741211,101.5999984741211,102.9000015258789,102.8879623413086,7295448
2024-12-04,103.5500030517578,105.28399658203124,101.5500030517578,102.6999969482422,102.68798828125,20817196
2024-12-05,101.6999969482422,103.0,100.1999969482422,102.4000015258789,102.38803100585938,8020861
2024-12-06,102.1500015258789,105.75,101.9499969482422,104.6500015258789,104.63776397705078,9630641
2024-12-09,105.0,105.6999969482422,103.8499984741211,104.4499969482422,104.43778228759766,7564433
2024-12-10,103.5999984741211,104.1999969482422,102.25,102.5999984741211,102.58800506591795,9622323
2024-12-11,101.1999969482422,103.1999969482422,100.1500015258789,102.5500030517578,102.53800964355467,13061462
2024-12-12,102.6999969482422,103.40399932861328,101.5999984741211,102.0,101.98806762695312,10440149
2024-12-13,101.9499969482422,102.4000015258789,99.68000030517578,100.0500030517578,100.03829956054688,17910258
2024-12-16,99.73999786376952,100.2689971923828,97.68000030517578,98.9800033569336,98.96842956542967,14693140
2024-12-17,98.13999938964844,98.77999877929688,96.23999786376952,96.23999786376952,96.22874450683594,15980244
2024-12-18,97.0199966430664,97.9000015258789,95.87999725341795,97.37999725341795,97.36861419677734,19503582
2024-12-19,95.4800033569336,97.37999725341795,95.04000091552734,97.0999984741211,97.0886459350586,15608446
2024-12-20,96.0199966430664,97.0999984741211,94.23999786376952,95.0,94.9888916015625,30094047
2024-12-23,94.3000030517578,94.9800033569336,93.58000183105467,94.08000183105467,94.06900024414062,26951120
2024-12-24,94.94000244140624,96.26000213623048,94.00800323486328,94.91999816894533,94.90890502929688,2709928
2024-12-27,95.0,95.4800033569336,93.63999938964844,93.9800033569336,93.9690170288086,4499707
2024-12-30,93.1999969482422,93.91999816894533,92.13999938964844,92.81999969482422,92.80915069580078,4556561
2024-12-31,93.68000030517578,95.9000015258789,92.9000015258789,95.9000015258789,95.88878631591795,3294858
2025-01-02,95.9800033569336,96.6999969482422,94.9800033569336,95.13999938964844,95.12887573242188,4114093
2025-01-03,95.16000366210938,95.77999877929688,93.83999633789062,94.16000366210938,94.14899444580078,6718425
2025-01-06,94.4000015258789,101.24600219726562,94.18000030517578,97.94000244140624,97.92855072021484,10013294
2025-01-07,99.87999725341795,104.3000030517578,99.45999908447266,101.5,101.4881362915039,14158560
2025-01-08,101.4499969482422,102.56199645996094,97.26000213623048,97.54000091552734,97.52859497070312,12332094
2025-01-09,97.05999755859376,99.8000030517578,95.27999877929688,99.66000366210938,99.64835357666016,12853171
2025-01-10,99.4000015258789,100.4000015258789,96.63999938964844,96.63999938964844,96.62870025634766,18079592
2025-01-13,97.1999969482422,98.9000015258789,95.63999938964844,96.3000030517578,96.28873443603516,11609465
2025-01-14,84.9800033569336,90.83999633789062,83.5,90.18000030517578,90.16944885253906,44640494
2025-01-15,91.0199966430664,93.5999984741211,89.05999755859375,92.87999725341795,92.869140625,20908545
2025-01-16,92.36000061035156,93.1999969482422,87.36000061035156,87.36000061035156,87.34978485107422,47466292
2025-01-17,87.83999633789062,88.72000122070312,85.04000091552734,85.04000091552734,85.03005981445312,25590641
2025-01-20,84.69999694824219,86.62000274658203,83.9000015258789,84.08000183105469,84.0701675415039,20135427
2025-01-21,83.80000305175781,84.75700378417969,82.83999633789062,83.63999938964844,83.63021850585938,16514532
2025-01-22,82.68000030517578,85.27999877929688,82.54000091552734,82.9800033569336,82.97029876708984,13843689
2025-01-23,82.0999984741211,82.30000305175781,80.19599914550781,81.69999694824219,81.69044494628906,27370195
2025-01-24,82.27999877929688,84.9000015258789,82.27999877929688,84.0,83.99018096923828,17412197
2025-01-27,82.94000244140625,84.22000122070312,81.37999725341797,81.37999725341797,81.3704833984375,15565745
2025-01-28,81.41999816894531,85.08000183105469,81.41999816894531,82.4800033569336,82.4703598022461,37507036
2025-01-29,82.69999694824219,86.30000305175781,81.95999908447266,86.30000305175781,86.28990936279297,20236266
2025-01-30,85.68000030517578,87.66000366210938,85.4800033569336,87.18000030517578,87.16980743408203,15161310
2025-01-31,87.27999877929688,89.73999786376953,86.41999816894531,89.12000274658203,89.10958099365234,13987667
2025-02-03,86.9000015258789,87.66000366210938,84.95999908447266,84.95999908447266,84.95005798339844,13518705
2025-02-04,84.31999969482422,85.0999984741211,83.19999694824219,84.63999938964844,84.6301040649414,11782597
2025-02-05,84.73999786376953,85.4800033569336,83.19100189208984,84.31999969482422,84.31013488769531,11302122
2025-02-06,84.95999908447266,85.19999694824219,83.72799682617188,84.73999786376953,84.73008728027344,14733508
2025-02-07,84.5,85.12000274658203,82.30000305175781,82.30000305175781,82.29037475585938,14240970
2025-02-10,82.23999786376953,83.73999786376953,82.0199966430664,83.73999786376953,83.73020935058594,11957357
2025-02-11,84.0,86.12000274658203,82.62000274658203,85.69999694824219,85.68997192382812,18851071
2025-02-12,87.08000183105469,88.83999633789062,85.68099975585938,87.0999984741211,87.08981323242188,16068170
2025-02-13,88.5999984741211,90.33999633789062,85.62000274658203,87.5,87.4897689819336,13110667
2025-02-14,88.0,88.37999725341797,86.08000183105469,86.08000183105469,86.06993103027344,7947139
2025-02-17,85.86000061035156,86.23999786376953,84.77999877929688,85.83999633789062,85.8299560546875,4904755
2025-02-18,86.19999694824219,86.37999725341797,83.55999755859375,83.9800033569336,83.97018432617188,20936390
2025-02-19,83.33999633789062,84.73999786376953,80.63999938964844,81.12000274658203,81.11051177978516,16745584
2025-02-20,81.37999725341797,83.4000015258789,80.89199829101562,81.36000061035156,81.3504867553711,8411359
2025-02-21,81.5199966430664,84.18000030517578,80.87999725341797,81.44000244140625,81.43048095703125,11453250
2025-02-24,81.72000122070312,82.08000183105469,79.94000244140625,81.87999725341797,81.87042236328125,11582082
2025-02-25,81.04000091552734,82.54000091552734,79.91999816894531,80.0,79.99064636230469,9436794
2025-02-26,80.05999755859375,81.45999908447266,79.62000274658203,79.9000015258789,79.89066314697266,11841064
2025-02-27,78.91999816894531,80.94000244140625,78.16000366210938,79.33999633789062,79.33071899414062,14066993
2025-02-28,78.62000274658203,79.5999984741211,78.05999755859375,78.05999755859375,78.05087280273438,30498274
2025-03-03,77.81999969482422,79.44000244140625,77.30000305175781,79.0999984741211,79.09074401855469,10749699
2025-03-04,78.23999786376953,79.19999694824219,76.68000030517578,76.68000030517578,76.67103576660156,20331365
2025-03-05,78.18000030517578,79.22000122070312,75.45999908447266,75.45999908447266,75.451171875,19062128
2025-03-06,76.30000305175781,77.68000030517578,75.26799774169922,75.63999938964844,75.63114929199219,16480710
2025-03-07,75.63999938964844,78.5999984741211,74.8949966430664,77.81999969482422,77.81089782714844,12414373
2025-03-10,78.76000213623047,80.4000015258789,77.37999725341797,77.68000030517578,77.67091369628906,11427177
2025-03-11,77.0,78.36000061035156,75.18800354003906,75.26000213623047,75.2511978149414,18001219
2025-03-12,75.33999633789062,75.4800033569336,72.62000274658203,72.87999725341797,72.87146759033203,14162607
2025-03-13,72.83999633789062,73.5999984741211,71.09200286865234,71.27999877929688,71.27166748046875,14112224
2025-03-14,71.26000213623047,73.5999984741211,70.66000366210938,72.5999984741211,72.59151458740234,19142232
2025-03-17,72.91999816894531,75.0999984741211,72.58000183105469,74.54000091552734,74.53128051757812,15619868
2025-03-18,74.76000213623047,78.54000091552734,74.30000305175781,77.94000244140625,77.9308853149414,10326633
2025-03-19,77.76000213623047,80.13999938964844,77.4800033569336,79.5199966430664,79.51069641113281,18767060
2025-03-20,80.0199966430664,82.33999633789062,79.45999908447266,79.81999969482422,79.8106689453125,15959209
2025-03-21,77.4800033569336,77.66000366210938,74.55999755859375,75.76000213623047,75.75114440917969,30152565
2025-03-24,76.4800033569336,76.55999755859375,71.19999694824219,73.73999786376953,73.73137664794922,28199789
2025-03-25,73.81999969482422,74.5199966430664,72.83999633789062,73.72000122070312,73.71138000488281,38284612
2025-03-26,74.26000213623047,74.26000213623047,72.33999633789062,72.94000244140625,72.93147277832031,10814787
2025-03-27,72.12000274658203,73.37999725341797,71.4000015258789,72.77999877929688,72.77149200439453,11629089
2025-03-28,72.55999755859375,74.16000366210938,71.05999755859375,71.95999908447266,71.95158386230469,9499367
2025-03-31,70.69999694824219,71.0199966430664,67.72000122070312,67.9000015258789,67.89205932617188,18330856
2025-04-01,69.0,69.69999694824219,67.69999694824219,69.4000015258789,69.39188385009766,16249164
2025-04-02,69.9000015258789,71.45999908447266,68.68699645996094,70.94000244140625,70.93170928955078,12004622
2025-04-03,69.0,69.18000030517578,63.79999923706055,65.33999633789062,65.33235931396484,44707891
2025-04-04,65.58000183105469,68.0199966430664,64.0,67.26000213623047,67.25213623046875,23198453
2025-04-07,64.54000091552734,67.80000305175781,62.13999938964844,63.47999954223633,63.47257614135742,23038394
2025-04-08,64.80000305175781,66.0999984741211,62.400001525878906,63.15999984741211,63.152610778808594,17013966
2025-04-09,61.220001220703125,71.95999908447266,61.040000915527344,69.18000030517578,69.17191314697266,35301159
2025-04-10,80.0,80.0,72.08000183105469,73.41999816894531,73.41141510009766,34882140
2025-04-11,74.5,75.66000366210938,72.12000274658203,72.12000274658203,72.111572265625,14928738
2025-04-14,74.0199966430664,75.37999725341797,72.9800033569336,73.55999755859375,73.5513916015625,18556621
2025-04-15,74.37999725341797,75.36000061035156,73.77999877929688,75.05999755859375,75.05122375488281,7790561
2025-04-16,74.5,74.68000030517578,72.18000030517578,73.04000091552734,73.03146362304688,9099430
2025-04-17,72.9000015258789,75.23999786376953,72.9000015258789,75.0,74.99122619628906,49882114
2025-04-22,76.0,76.66000366210938,74.23999786376953,76.5999984741211,76.5910415649414,8666114
2025-04-23,78.26000213623047,78.76000213623047,76.73999786376953,77.19999694824219,77.19096374511719,30992164
2025-04-24,76.4000015258789,78.65899658203125,76.20099639892578,78.16000366210938,78.15086364746094,51685648
2025-04-25,78.31999969482422,79.23999786376953,76.73999786376953,77.54000091552734,77.53093719482422,16295222
2025-04-28,77.54000091552734,80.0999984741211,77.05799865722656,78.91999816894531,78.9107666015625,7626604
2025-04-29,79.27999877929688,81.19400024414062,79.0999984741211,80.73999786376953,80.73056030273438,17302045
2025-04-30,80.41999816894531,81.54000091552734,77.94000244140625,78.58000183105469,78.57080841064453,50971918
2025-05-01,78.95999908447266,79.95999908447266,78.4800033569336,79.76000213623047,79.75067138671875,7335513
2025-05-02,79.80000305175781,80.4000015258789,77.68000030517578,79.9800033569336,79.97064971923828,10253842
2025-05-06,80.0,81.87999725341797,79.4000015258789,81.16000366210938,81.1505126953125,9934624
2025-05-07,80.9800033569336,82.95999908447266,80.16000366210938,82.95999908447266,82.9502944946289,51534244
2025-05-08,83.0,86.76000213623047,82.5999984741211,84.5,84.4901123046875,18089282
2025-05-09,84.54000091552734,87.4000015258789,84.427001953125,86.58000183105469,86.56987762451172,12718426
2025-05-12,87.16000366210938,90.36799621582033,85.9749984741211,88.73999786376953,88.72962188720703,18541870
2025-05-13,88.69999694824219,90.91999816894533,88.5,89.73999786376953,89.72949981689453,14364073
2025-05-14,89.22000122070312,91.73999786376952,89.22000122070312,90.0199966430664,90.00946807861328,18647135
2025-05-15,92.36000061035156,94.91999816894533,91.18099975585938,91.26000213623048,91.24933624267578,48258828
2025-05-16,91.23999786376952,93.8000030517578,91.16000366210938,92.73999786376952,92.7291488647461,19209282
2025-05-19,92.0,92.54000091552734,90.0999984741211,91.23999786376952,91.22933197021484,62593505
2025-05-20,91.37999725341795,92.9800033569336,90.9800033569336,92.9800033569336,92.96913146972656,18810296
2025-05-21,90.0,90.87999725341795,80.97899627685547,83.12000274658203,83.11028289794922,49477044
2025-05-22,81.73999786376953,86.6780014038086,81.73999786376953,85.16000366210938,85.15003967285156,22703357
2025-05-23,85.5199966430664,85.94000244140625,81.66000366210938,82.58000183105469,82.57034301757812,11368444
2025-05-27,83.69999694824219,84.91999816894531,83.23999786376953,83.58000183105469,83.57022094726562,19125197
2025-05-28,83.68000030517578,83.68000030517578,81.9800033569336,83.26000213623047,83.2502670288086,11923783
2025-05-29,84.31999969482422,85.58000183105469,82.66000366210938,82.86000061035156,82.85031127929688,10777204
2025-05-30,83.08000183105469,85.22000122070312,82.63999938964844,84.12000274658203,84.11016845703125,33392403
2025-06-02,83.63999938964844,84.5999984741211,82.0199966430664,82.55999755859375,82.55034637451172,9696591
2025-06-03,82.4000015258789,83.0199966430664,80.4000015258789,80.87999725341797,80.87053680419922,8739327
2025-06-04,80.63999938964844,82.63999938964844,80.30999755859375,80.73999786376953,80.73056030273438,9043335
2025-06-05,80.4800033569336,81.12000274658203,79.61499786376953,80.62000274658203,80.6105728149414,8652324
2025-06-06,80.77999877929688,82.08000183105469,79.72000122070312,80.55999755859375,80.55058288574219,8565483
2025-06-09,80.86000061035156,82.94000244140625,79.41999816894531,82.5999984741211,82.59033966064453,9434102
2025-06-10,82.91999816894531,83.5999984741211,81.55999755859375,81.94000244140625,81.930419921875,14031466
2025-06-11,81.5999984741211,82.69999694824219,80.19999694824219,80.31999969482422,80.31060791015625,13206236
2025-06-12,79.08000183105469,79.72000122070312,77.0999984741211,77.30000305175781,77.29740905761719,15712882
2025-06-13,76.08000183105469,76.5999984741211,74.55999755859375,76.08000183105469,76.07744598388672,16446241
2025-06-16,76.0,77.08699798583984,75.5,75.5,75.49746704101562,15263856
2025-06-17,75.4000015258789,75.9800033569336,74.31999969482422,74.55999755859375,74.5574951171875,9533535
2025-06-18,74.72000122070312,75.74199676513672,73.89900207519531,75.13999938964844,75.13748168945312,12006756
2025-06-19,74.54000091552734,75.05999755859375,73.54000091552734,73.66000366210938,73.65753173828125,9682465
2025-06-20,73.63999938964844,74.50299835205078,72.91600036621094,72.91999816894531,72.91754913330078,26864861
2025-06-23,72.0999984741211,72.86000061035156,70.1259994506836,71.81999969482422,71.81758880615234,18971718
2025-06-24,73.44000244140625,77.16000366210938,73.19999694824219,76.68000030517578,76.67742919921875,28735301
2025-06-25,76.05999755859375,78.41999816894531,75.95999908447266,78.41999816894531,78.41736602783203,48632462
2025-06-26,79.0,81.69999694824219,78.33999633789062,81.69999694824219,81.69725799560547,21468392
2025-06-27,85.0,88.37999725341797,85.0,87.87999725341797,87.87704467773438,38583569
2025-06-30,88.0999984741211,89.5,86.72000122070312,88.73999786376953,88.73702239990234,19744582
2025-07-01,89.0,91.5999984741211,88.58399963378906,91.3000030517578,91.29693603515624,15684291
2025-07-02,91.58000183105467,91.5999984741211,89.01799774169922,90.0,89.99697875976562,28950433
2025-07-03,90.36000061035156,92.04000091552734,90.22000122070312,91.26000213623048,91.25694274902344,30817762
2025-07-04,90.9000015258789,91.54000091552734,89.04000091552734,90.04000091552734,90.03697967529297,10088288
2025-07-07,90.0199966430664,90.13999938964844,86.91999816894531,87.87999725341797,87.87704467773438,14096831
2025-07-08,87.5,88.81999969482422,87.37999725341797,88.41999816894531,88.41703033447266,48305551
2025-07-09,88.66000366210938,89.0,86.55999755859375,89.0,88.99701690673828,15591470
2025-07-10,89.9800033569336,91.26000213623048,88.86000061035156,90.62000274658205,90.61695861816406,9637757
2025-07-11,89.33999633789062,90.05999755859375,87.4000015258789,87.66000366210938,87.65705871582031,46242472
2025-07-14,86.9000015258789,88.4000015258789,86.0199966430664,86.12000274658203,86.11711120605469,41052503
2025-07-15,85.5,87.45999908447266,83.55999755859375,83.87999725341797,83.87718200683594,13922806
2025-07-16,83.66000366210938,84.67500305175781,82.81999969482422,82.81999969482422,82.81722259521484,14848078
2025-07-17,83.4000015258789,85.27999877929688,82.13999938964844,84.5,84.49716186523438,11219388
2025-07-18,85.26000213623047,86.98400115966797,84.80000305175781,85.4000015258789,85.39713287353516,11510516
2025-07-21,85.83999633789062,86.4000015258789,84.83999633789062,86.16000366210938,86.15711212158203,6051686
2025-07-22,86.27999877929688,86.72000122070312,84.33999633789062,85.80000305175781,85.79712677001953,7245812
2025-07-23,86.58000183105469,90.0459976196289,85.91400146484375,89.77999877929688,89.77698516845703,12477884
2025-07-24,90.5999984741211,93.5,90.0,93.0,92.99687957763672,12171716
2025-07-25,92.0,93.23999786376952,89.87999725341797,92.31999969482422,92.31690216064452,11453677
2025-07-28,94.0,94.0,90.3000030517578,90.86000061035156,90.85694885253906,17154299
2025-07-29,90.68000030517578,91.28800201416016,89.05999755859375,89.05999755859375,89.0570068359375,9211930
2025-07-30,88.72000122070312,88.9800033569336,85.76000213623047,85.9000015258789,85.8971176147461,9122038
2025-07-31,86.19999694824219,86.62000274658203,84.9800033569336,85.45999908447266,85.4571304321289,8539829
2025-08-01,84.63999938964844,86.13999938964844,84.0,84.41999816894531,84.41716766357422,5676263
2025-08-04,84.4800033569336,85.34600067138672,83.55999755859375,84.30000305175781,84.29717254638672,8708967
2025-08-05,84.0999984741211,85.37999725341797,83.66000366210938,85.37999725341797,85.37712860107422,8381280
2025-08-06,86.23999786376953,87.19999694824219,85.18000030517578,85.69999694824219,85.6971206665039,9031585
2025-08-07,85.54000091552734,86.31999969482422,84.33999633789062,86.16000366210938,86.15711212158203,7817706
2025-08-08,86.83999633789062,89.26000213623047,86.37999725341797,87.69999694824219,87.69705200195312,7563992
2025-08-11,87.08000183105469,88.66000366210938,85.77999877929688,85.81999969482422,85.81712341308594,6895511
2025-08-12,86.05999755859375,87.94000244140625,84.58000183105469,87.94000244140625,87.93704986572266,8593571
2025-08-13,87.86000061035156,89.05999755859375,86.71199798583984,88.9800033569336,88.97702026367188,26436219
2025-08-14,89.12000274658203,89.4000015258789,87.37999725341797,88.0999984741211,88.09703826904297,27926846
2025-08-15,88.91999816894531,89.44000244140625,87.04000091552734,87.5199966430664,87.51705932617188,19299548
2025-08-18,87.18000030517578,88.37999725341797,87.18000030517578,87.80000305175781,87.79705810546875,25036440
2025-08-19,88.0,94.56999969482422,88.0,93.9000015258789,93.8968505859375,21410838
2025-08-20,93.8000030517578,93.9000015258789,92.3000030517578,93.31999969482422,93.3168716430664,9530272
2025-08-21,93.4000015258789,93.4000015258789,90.31999969482422,91.94000244140624,91.93692016601562,7584286
2025-08-22,91.6999969482422,93.6999969482422,91.3000030517578,93.26000213623048,93.25687408447266,10031625
2025-08-26,93.26000213623048,96.58599853515624,91.62200164794922,94.0199966430664,94.01683807373048,20675652
2025-08-27,98.72000122070312,99.3550033569336,94.31999969482422,97.36000061035156,97.3567352294922,25506815
2025-08-28,98.95999908447266,101.25,97.2699966430664,100.0999984741211,100.09664154052734,15315759
2025-08-29,100.0,100.3000030517578,96.0199966430664,96.0199966430664,96.01677703857422,13423994
2025-09-01,96.81999969482422,97.58000183105467,95.77999877929688,96.6999969482422,96.6967544555664,14659214
2025-09-02,96.77999877929688,97.5199966430664,93.81999969482422,95.13999938964844,95.13681030273438,9031688
2025-09-03,95.73999786376952,96.5,93.77999877929688,94.37999725341795,94.3768310546875,8110177
2025-09-04,94.62000274658205,97.13999938964844,94.12000274658205,95.68000030517578,95.67678833007812,6495633
2025-09-05,95.72000122070312,96.37999725341795,93.36000061035156,94.45999908447266,94.4568328857422,11751308
2025-09-08,95.04000091552734,96.41999816894533,94.34400177001952,95.4800033569336,95.47679901123048,9278555
2025-09-09,95.58000183105467,96.0199966430664,93.22000122070312,93.4000015258789,93.39686584472656,7311948
2025-09-10,93.36000061035156,94.16000366210938,91.06999969482422,92.27999877929688,92.2769012451172,8659795
2025-09-11,92.3000030517578,93.80599975585938,91.86000061035156,92.5199966430664,92.5168914794922,5654710
2025-09-12,92.62000274658205,92.81999969482422,89.44000244140625,90.5199966430664,90.51696014404295,8708720
2025-09-15,90.94000244140624,92.22000122070312,89.77999877929688,92.18000030517578,92.17691040039062,6388139
2025-09-16,92.62000274658205,93.76000213623048,91.66000366210938,91.86000061035156,91.85691833496094,26788318
2025-09-17,92.81999969482422,93.68000030517578,91.68000030517578,92.3000030517578,92.29690551757812,7566761
2025-09-18,92.0,92.73999786376952,89.83999633789062,91.95999908447266,91.95691680908205,10985153
2025-09-19,91.9800033569336,91.9800033569336,88.41600036621094,88.41999816894531,88.41703033447266,28791644
2025-09-22,88.08000183105469,88.36000061035156,86.54000091552734,87.16000366210938,87.1570816040039,13119044
2025-09-23,87.41999816894531,89.73999786376953,87.19999694824219,88.5999984741211,88.5970230102539,12430520
2025-09-24,90.94000244140624,91.94000244140624,85.76000213623047,87.94000244140625,87.93704986572266,36844929
2025-09-25,87.13999938964844,91.0199966430664,87.13999938964844,88.58000183105469,88.5770263671875,23587307
2025-09-26,88.58000183105469,89.83999633789062,87.37999725341797,89.0,88.99701690673828,10311948
2025-09-29,89.9800033569336,93.09100341796876,89.5,93.0199966430664,93.01687622070312,18144834
2025-09-30,93.41999816894533,95.62000274658205,93.0,95.3000030517578,95.29680633544922,11440526
2025-10-01,95.91999816894533,101.8000030517578,95.4800033569336,101.8000030517578,101.7965850830078,18730599
2025-10-02,102.9499969482422,103.5500030517578,99.86000061035156,102.9000015258789,102.89654541015624,18416990
2025-10-03,103.1999969482422,103.5500030517578,101.75,103.3000030517578,103.29653930664062,8097986
2025-10-06,103.4000015258789,106.18099975585938,103.1500015258789,104.5500030517578,104.54649353027344,11624125
2025-10-07,104.3499984741211,105.0,101.4499969482422,102.0,101.99657440185548,25141020
2025-10-08,102.4499969482422,104.6500015258789,101.0999984741211,101.0999984741211,101.09660339355467,23649558
2025-10-09,102.0500030517578,102.5999984741211,97.04000091552734,97.86000061035156,97.85671997070312,11109552
2025-10-10,98.76000213623048,99.62000274658205,95.04000091552734,95.04000091552734,95.03681182861328,12671870
2025-10-13,94.95999908447266,96.99299621582033,93.68000030517578,95.62000274658205,95.61679077148438,10599389
2025-10-14,94.33999633789062,96.33999633789062,94.23999786376952,94.68000030517578,94.67682647705078,9729982
2025-10-15,95.13999938964844,96.08000183105467,93.85099792480467,95.0199966430664,95.01680755615234,8077080
2025-10-16,95.55999755859376,96.23999786376952,94.16000366210938,96.23999786376952,96.2367706298828,5085658
2025-10-17,95.3000030517578,96.23999786376952,93.5199966430664,95.44000244140624,95.43679809570312,10809146
2025-10-20,94.45999908447266,96.45999908447266,93.81999969482422,95.4800033569336,95.47679901123048,7943578
2025-10-21,95.62000274658205,98.44000244140624,94.95600128173828,98.33999633789062,98.3366928100586,8072481
2025-10-22,98.81999969482422,100.9000015258789,98.22000122070312,100.1500015258789,100.14663696289062,7457986
2025-10-23,100.1500015258789,101.9499969482422,98.94000244140624,100.25,100.24663543701172,5215278
2025-10-24,101.0500030517578,101.6999969482422,98.9000015258789,100.6999969482422,100.69661712646484,5218754
2025-10-27,100.1999969482422,101.0999984741211,98.9000015258789,99.37999725341795,99.3766632080078,6854478
2025-10-28,99.0199966430664,100.5999984741211,98.76000213623048,99.0999984741211,99.09667205810548,9212902
2025-10-29,99.0,99.91999816894533,97.27999877929688,98.31999969482422,98.31670379638672,11244292
2025-10-30,98.0,98.5719985961914,94.94000244140624,95.0,95.0,13198366
2025-10-31,94.87999725341795,95.26000213623048,92.68000030517578,93.18000030517578,93.18000030517578,13644711
2025-11-03,93.31999969482422,93.81700134277344,90.08000183105467,90.08000183105467,90.08000183105467,12764224
2025-11-04,90.22000122070312,91.23999786376952,83.43900299072266,85.80000305175781,85.80000305175781,25849156
2025-11-05,85.30000305175781,86.19999694824219,84.5999984741211,84.5999984741211,84.5999984741211,24027289
2025-11-06,84.5999984741211,87.4000015258789,83.4749984741211,83.76000213623047,83.76000213623047,17167399
2025-11-07,84.12000274658203,85.40399932861328,83.58000183105469,84.45999908447266,84.45999908447266,10116689
2025-11-10,85.0,86.36000061035156,84.0,84.76000213623047,84.76000213623047,11716680
2025-11-11,85.30000305175781,86.5999984741211,84.04000091552734,86.31999969482422,86.31999969482422,15839991
2025-11-12,86.05999755859375,87.26000213623047,85.05999755859375,85.26000213623047,85.26000213623047,10092064
2025-11-13,85.63999938964844,86.22000122070312,84.0999984741211,84.0999984741211,84.0999984741211,10999392
2025-11-14,84.0,84.0199966430664,81.72000122070312,82.4000015258789,82.4000015258789,24472677
2025-11-17,82.33999633789062,82.72000122070312,78.44000244140625,78.5,78.5,18852237
2025-11-18,76.4000015258789,77.80000305175781,75.73999786376953,77.0,77.0,19719541
2025-11-19,77.19999694824219,80.63999938964844,76.86000061035156,80.4000015258789,80.4000015258789,27623122
2025-11-20,78.5,80.37999725341797,77.27999877929688,77.27999877929688,77.27999877929688,20645301
2025-11-21,75.5999984741211,76.16000366210938,72.87999725341797,72.87999725341797,72.87999725341797,34090825
2025-11-24,72.05999755859375,74.27999877929688,72.05999755859375,73.55999755859375,73.55999755859375,28259621
2025-11-25,73.45999908447266,74.16000366210938,71.69999694824219,73.83999633789062,73.83999633789062,25969579
2025-11-26,74.18000030517578,77.36699676513672,73.9800033569336,76.73999786376953,76.73999786376953,23262853
2025-11-27,77.08000183105469,77.80000305175781,75.87999725341797,77.16000366210938,77.16000366210938,11826522
2025-11-28,77.63999938964844,77.81999969482422,76.83999633789062,77.26000213623047,77.26000213623047,11843162
2025-12-01,77.13999938964844,77.87999725341797,76.04000091552734,77.72000122070312,77.72000122070312,8787186
2025-12-02,77.08000183105469,78.31999969482422,76.37999725341797,77.81999969482422,77.81999969482422,8791241
2025-12-03,78.13999938964844,79.37999725341797,78.0,78.41999816894531,78.41999816894531,11381555
2025-12-04,78.62000274658203,81.41999816894531,78.4800033569336,80.5,80.5,23378908
2025-12-05,80.81999969482422,82.89600372314453,80.81999969482422,82.72000122070312,82.72000122070312,12838963
2025-12-08,82.77999877929688,83.93699645996094,79.5999984741211,79.5999984741211,79.5999984741211,18267514
2025-12-09,79.08000183105469,80.12000274658203,77.73999786376953,79.18000030517578,79.18000030517578,12974551
2025-12-10,78.73999786376953,80.13999938964844,78.63999938964844,78.91999816894531,78.91999816894531,10854061
2025-12-11,78.4800033569336,81.91999816894531,78.4800033569336,81.72000122070312,81.72000122070312,9167518
2025-12-12,82.19999694824219,83.28600311279297,80.45999908447266,80.86000061035156,80.86000061035156,9366518
2025-12-15,81.18000030517578,82.5199966430664,81.04000091552734,81.04000091552734,81.04000091552734,16157841
2025-12-16,81.33999633789062,84.0199966430664,81.05999755859375,83.18000030517578,83.18000030517578,11568928
2025-12-17,83.68000030517578,84.64399719238281,82.33999633789062,84.63999938964844,84.63999938964844,12419654
2025-12-18,85.13999938964844,86.91999816894531,84.50199890136719,86.68000030517578,86.68000030517578,10486703
2025-12-19,84.9000015258789,86.55999755859375,83.91999816894531,84.44000244140625,84.44000244140625,19656918
2025-12-22,84.16000366210938,85.23100280761719,83.19999694824219,83.54000091552734,83.54000091552734,10749342
2025-12-23,83.81999969482422,85.45999908447266,82.9000015258789,82.9000015258789,82.9000015258789,5575821
2025-12-24,83.41999816894531,83.91999816894531,82.91999816894531,83.08000183105469,83.08000183105469,2000352
2025-12-29,81.69999694824219,84.4000015258789,81.69999694824219,83.73999786376953,83.73999786376953,5967116
2025-12-30,83.33999633789062,85.72000122070312,83.33999633789062,85.27999877929688,85.27999877929688,4069189
2025-12-31,84.76000213623047,85.22000122070312,84.0,84.45999908447266,84.45999908447266,5228699
2026-01-02,84.5199966430664,86.19999694824219,83.54000091552734,85.72000122070312,85.72000122070312,6183232
2026-01-05,86.36000061035156,87.4000015258789,83.08000183105469,87.4000015258789,87.4000015258789,9995439
2026-01-06,86.30000305175781,86.41999816894531,81.13999938964844,83.55999755859375,83.55999755859375,21369315
2026-01-07,83.87999725341797,85.27999877929688,82.73999786376953,82.95999908447266,82.95999908447266,10409063
2026-01-08,82.95999908447266,84.91999816894531,82.45899963378906,84.0999984741211,84.0999984741211,14275677
2026-01-09,85.36000061035156,85.36000061035156,83.30000305175781,84.23999786376953,84.23999786376953,6864685
2026-01-12,84.0199966430664,86.12999725341797,82.86000061035156,83.4000015258789,83.4000015258789,8781218
2026-01-13,83.16000366210938,86.04000091552734,83.16000366210938,84.80000305175781,84.80000305175781,39784805
2026-01-14,84.4000015258789,84.86000061035156,83.05999755859375,83.27999877929688,83.27999877929688,17945431
2026-01-15,83.04000091552734,85.12000274658203,81.5,83.44000244140625,83.44000244140625,15066279
2026-01-16,83.08000183105469,84.3030014038086,81.66000366210938,81.66000366210938,81.66000366210938,18222385
2026-01-19,79.95999908447266,81.12000274658203,79.13999938964844,79.58000183105469,79.58000183105469,14269661
2026-01-20,78.9000015258789,80.04000091552734,77.18000030517578,78.27999877929688,78.27999877929688,14198151
2026-01-21,78.36000061035156,82.45999908447266,76.65299987792969,82.05999755859375,82.05999755859375,18807947
2026-01-22,83.0,85.4000015258789,82.23999786376953,84.62000274658203,84.62000274658203,18370379
2026-01-23,84.26000213623047,85.62000274658203,82.63999938964844,82.63999938964844,82.63999938964844,10342323
2026-01-26,83.0,83.76000213623047,81.5999984741211,83.76000213623047,83.76000213623047,28437623
2026-01-27,84.0,84.54000091552734,82.68000030517578,84.54000091552734,84.54000091552734,40281854
2026-01-28,85.80000305175781,86.66000366210938,82.55999755859375,82.55999755859375,82.55999755859375,30818538
2026-01-29,83.04000091552734,83.69999694824219,81.13999938964844,81.94000244140625,81.94000244140625,24311244
2026-01-30,82.16000366210938,83.4800033569336,81.54000091552734,81.77999877929688,81.77999877929688,38391531
2026-02-02,81.73999786376953,86.77999877929688,81.72000122070312,86.77999877929688,86.77999877929688,25478971
2026-02-03,87.04000091552734,87.31999969482422,80.91999816894531,82.30000305175781,82.30000305175781,48276002
2026-02-04,82.30000305175781,85.5,82.30000305175781,83.27999877929688,83.27999877929688,38022376
2026-02-05,83.16000366210938,84.01799774169922,79.91999816894531,80.44000244140625,80.44000244140625,35142034
2026-02-06,80.0999984741211,81.69999694824219,79.13999938964844,81.31999969482422,81.31999969482422,12249667
2026-02-09,82.30000305175781,82.86000061035156,80.0199966430664,80.0199966430664,80.0199966430664,13000942
2026-02-10,80.54000091552734,82.05999755859375,79.81999969482422,80.94000244140625,80.94000244140625,11438035
2026-02-11,81.19999694824219,83.37799835205078,80.95999908447266,81.33999633789062,81.33999633789062,24018042
2026-02-12,83.62000274658203,83.68000030517578,79.33999633789062,79.58000183105469,79.58000183105469,17543404
2026-02-13,79.4800033569336,80.13999938964844,77.76300048828125,78.87999725341797,78.87999725341797,11418368
2026-02-16,79.5,80.94000244140625,78.83999633789062,79.12000274658203,79.12000274658203,7178931
2026-02-17,80.69999694824219,80.69999694824219,78.62000274658203,79.54000091552734,79.54000091552734,5512225
2026-02-18,79.81999969482422,79.86599731445312,78.81999969482422,79.33999633789062,79.33999633789062,7124173
2026-02-19,79.5199966430664,80.11699676513672,78.31999969482422,78.41999816894531,78.41999816894531,5196426
2026-02-20,78.9000015258789,79.8270034790039,78.0999984741211,78.18000030517578,78.18000030517578,7624181
2026-02-23,77.91999816894531,83.33999633789062,77.66000366210938,80.81999969482422,80.81999969482422,46669836
2026-02-24,81.0,82.18000030517578,80.4000015258789,81.26000213623047,81.26000213623047,19800599
2026-02-25,81.44000244140625,82.01399993896484,77.91999816894531,80.16000366210938,80.16000366210938,11126013
2026-02-26,80.80000305175781,82.69999694824219,80.37699890136719,82.04000091552734,82.04000091552734,12545621
2026-02-27,82.44000244140625,82.81999969482422,80.37699890136719,81.9800033569336,81.9800033569336,21112184
2026-03-02,80.16000366210938,79.5199966430664,76.94000244140625,77.87999725341797,77.87999725341797,17511438
2026-03-03,77.91999816894531,77.91999816894531,73.86000061035156,74.41999816894531,74.41999816894531,21715343
2026-03-04,74.36000061035156,76.5,73.94000244140625,75.63999938964844,75.63999938964844,13974135
2026-03-05,75.41999816894531,78.18900299072266,74.9000015258789,76.9800033569336,76.9800033569336,10925596
2026-03-06,78.41999816894531,79.26000213623047,76.4000015258789,76.44000244140625,76.44000244140625,12888053
2026-03-09,75.0999984741211,75.54299926757812,72.86000061035156,73.54000091552734,73.54000091552734,9877729
2026-03-10,74.4000015258789,76.44000244140625,74.4000015258789,76.0,76.0,14733075
2026-03-11,76.5199966430664,76.5199966430664,74.27999877929688,75.63999938964844,75.63999938964844,28951691
2026-03-12,75.31999969482422,76.26000213623047,74.16000366210938,74.44000244140625,74.44000244140625,8399030
2026-03-13,73.12000274658203,74.22000122070312,72.10600280761719,72.83999633789062,72.83999633789062,14822201
