Date,Adj Close,Close,High,Low,Open,Volume
2021-03-19,269.01641845703125,308.20001220703125,308.29998779296875,303.70001220703125,304.45001220703125,4834225
2021-03-22,274.7773132324219,314.79998779296875,315.8500061035156,309.45001220703125,311.25,2419675
2021-03-23,270.0202331542969,309.3500061035156,312.0,307.45001220703125,312.0,1789068
2021-03-24,265.9177551269531,304.6499938964844,308.25,303.45001220703125,306.79998779296875,1733718
2021-03-25,266.7470092773437,305.6000061035156,307.29998779296875,303.3500061035156,303.8999938964844,1404993
2021-03-26,265.0448913574219,303.6499938964844,306.70001220703125,300.8999938964844,303.6000061035156,1770537
2021-03-29,265.7868347167969,304.5,305.8999938964844,302.54998779296875,304.45001220703125,1229325
2021-03-30,265.219482421875,303.8500061035156,305.54998779296875,303.0,304.75,1308476
2021-03-31,266.6160583496094,305.45001220703125,308.04998779296875,303.29998779296875,304.8500061035156,1346987
2021-04-01,266.5723876953125,305.3999938964844,308.1499938964844,305.0,307.45001220703125,961302
2021-04-06,266.485107421875,305.29998779296875,307.20001220703125,304.29998779296875,307.0,1003467
2021-04-07,263.7792663574219,302.20001220703125,304.0,300.8500061035156,303.29998779296875,1327403
2021-04-08,268.0999450683594,307.1499938964844,307.25,300.3999938964844,302.5,1164802
2021-04-09,270.2820739746094,309.6499938964844,309.6499938964844,305.3500061035156,307.1499938964844,1022073
2021-04-12,267.79443359375,306.79998779296875,310.5,306.70001220703125,309.79998779296875,1320151
2021-04-13,267.1397705078125,306.04998779296875,308.25,303.20001220703125,306.6499938964844,1123706
2021-04-14,269.67108154296875,308.95001220703125,310.5,306.6000061035156,307.5,1249345
2021-04-15,270.1511535644531,309.5,312.0,307.20001220703125,308.0,1114823
2021-04-16,269.8893127441406,309.20001220703125,310.6000061035156,306.6499938964844,310.0,1575151
2021-04-19,270.8493957519531,310.29998779296875,311.5,309.1499938964844,310.8999938964844,1230616
2021-04-20,268.8854675292969,308.04998779296875,310.75,307.79998779296875,310.04998779296875,1140959
2021-04-21,276.8285522460937,317.1499938964844,318.3500061035156,309.1000061035156,309.6000061035156,2241176
2021-04-22,273.07525634765625,312.8500061035156,316.45001220703125,312.79998779296875,314.75,1574008
2021-04-23,270.1075134277344,309.45001220703125,313.45001220703125,308.8999938964844,311.8999938964844,1230598
2021-04-26,267.48895263671875,306.45001220703125,310.54998779296875,305.29998779296875,309.04998779296875,1069208
2021-04-27,266.4414978027344,305.25,308.3500061035156,303.75,307.3999938964844,1058459
2021-04-28,263.8665466308594,302.29998779296875,306.6000061035156,302.0,306.6000061035156,1238996
2021-04-29,261.7279968261719,299.8500061035156,303.79998779296875,299.8500061035156,302.79998779296875,1262695
2021-04-30,259.7640686035156,297.6000061035156,301.29998779296875,297.6000061035156,300.3500061035156,1307145
2021-05-03,263.3428039550781,301.70001220703125,302.0,298.6000061035156,298.6499938964844,761093
2021-05-04,259.37127685546875,297.1499938964844,301.3999938964844,296.25,300.95001220703125,1207384
2021-05-05,261.68438720703125,299.79998779296875,302.3500061035156,297.8999938964844,298.1499938964844,1096325
2021-05-06,261.4661560058594,299.54998779296875,299.95001220703125,297.1000061035156,299.04998779296875,1002818
2021-05-07,264.652099609375,303.20001220703125,303.8999938964844,299.3500061035156,299.95001220703125,862761
2021-05-10,263.3864440917969,301.75,303.0,299.79998779296875,302.3999938964844,840007
2021-05-11,260.76788330078125,298.75,299.45001220703125,296.54998779296875,298.04998779296875,1024262
2021-05-12,262.7754211425781,301.04998779296875,302.79998779296875,298.8500061035156,300.25,1064774
2021-05-14,264.8703308105469,303.45001220703125,304.20001220703125,300.29998779296875,300.6000061035156,1002612
2021-05-17,265.9613952636719,304.70001220703125,306.20001220703125,302.3999938964844,304.20001220703125,681067
2021-05-18,267.48895263671875,306.45001220703125,307.75,304.75,305.6499938964844,951282
2021-05-19,265.7431945800781,304.45001220703125,306.75,303.3999938964844,305.29998779296875,774286
2021-05-20,268.8418884277344,308.0,308.6499938964844,304.95001220703125,306.75,981782
2021-05-21,271.28582763671875,310.79998779296875,310.79998779296875,307.45001220703125,309.0,1303927
2021-05-25,272.5951538085937,312.29998779296875,313.95001220703125,311.1000061035156,311.79998779296875,1227409
2021-05-26,273.3807373046875,313.20001220703125,315.5,312.20001220703125,312.5,901277
2021-05-27,273.33709716796875,313.1499938964844,315.8500061035156,312.5,313.3500061035156,2102346
2021-05-28,275.4756164550781,315.6000061035156,317.3500061035156,311.20001220703125,312.8999938964844,1109796
2021-05-31,272.9443054199219,312.70001220703125,315.6000061035156,312.70001220703125,313.6000061035156,655467
2021-06-01,272.8570251464844,312.6000061035156,316.75,312.0,314.0,855257
2021-06-02,272.72613525390625,312.45001220703125,314.6499938964844,312.1499938964844,313.3500061035156,1058122
2021-06-03,275.7811279296875,315.95001220703125,315.95001220703125,308.75,309.70001220703125,1186443
2021-06-04,279.2289123535156,319.8999938964844,320.3999938964844,315.1499938964844,317.0,1154637
2021-06-07,285.9499816894531,327.6000061035156,330.0,317.3500061035156,317.70001220703125,1476248
2021-06-08,288.0448608398437,330.0,331.5,327.6499938964844,329.3999938964844,2221910
2021-06-09,296.9044189453125,340.1499938964844,340.1499938964844,327.79998779296875,329.0,1994676
2021-06-10,297.4281005859375,340.75,342.1499938964844,338.75,341.04998779296875,2469433
2021-06-11,298.51922607421875,342.0,343.3500061035156,339.75,341.1000061035156,1573263
2021-06-14,298.2573547363281,341.70001220703125,343.8500061035156,340.29998779296875,342.0,1199685
2021-06-15,299.9594116210937,343.6499938964844,344.5,340.3500061035156,342.6000061035156,1242968
2021-06-16,302.97076416015625,347.1000061035156,347.95001220703125,342.6499938964844,343.04998779296875,1446013
2021-06-17,304.10552978515625,348.3999938964844,348.95001220703125,343.54998779296875,344.95001220703125,1484461
2021-06-18,303.974609375,348.25,349.8500061035156,345.8999938964844,348.6000061035156,4240959
2021-06-21,304.7601623535156,349.1499938964844,350.5,345.95001220703125,346.75,1477293
2021-06-22,301.3996276855469,345.29998779296875,347.79998779296875,343.70001220703125,347.20001220703125,1345924
2021-06-23,297.2098999023437,340.5,345.0,339.29998779296875,343.20001220703125,1184705
2021-06-24,299.4356689453125,343.04998779296875,345.6499938964844,340.25,340.8500061035156,1324939
2021-06-25,300.9632263183594,344.79998779296875,345.0,341.3999938964844,342.5,867381
2021-06-28,303.8000183105469,348.04998779296875,349.54998779296875,344.3500061035156,344.3500061035156,855122
2021-06-29,304.45465087890625,348.79998779296875,349.70001220703125,346.79998779296875,348.0,1372579
2021-06-30,304.2364807128906,348.54998779296875,351.20001220703125,347.79998779296875,349.0,1420547
2021-07-01,305.63299560546875,350.1499938964844,352.75,346.6000061035156,347.79998779296875,1381741
2021-07-02,305.1093139648437,349.54998779296875,353.1499938964844,348.29998779296875,351.0,871993
2021-07-05,305.8076171875,350.3500061035156,350.3500061035156,346.70001220703125,349.29998779296875,870849
2021-07-06,308.5570983886719,353.5,354.1000061035156,349.75,350.0,897574
2021-07-07,310.6956787109375,355.95001220703125,355.95001220703125,352.3500061035156,353.5,834498
2021-07-08,308.9499206542969,353.95001220703125,357.0,351.6499938964844,356.5,1095406
2021-07-09,308.2079772949219,353.1000061035156,356.0,350.1000061035156,355.3999938964844,1073676
2021-07-12,311.0011291503906,356.29998779296875,356.29998779296875,351.29998779296875,351.5,728535
2021-07-13,310.9138488769531,356.20001220703125,356.20001220703125,352.79998779296875,355.3999938964844,735242
2021-07-14,310.3028564453125,355.5,356.8500061035156,353.20001220703125,356.79998779296875,772236
2021-07-15,310.08465576171875,355.25,357.79998779296875,354.20001220703125,354.6499938964844,826651
2021-07-16,313.44512939453125,359.1000061035156,359.1000061035156,354.8500061035156,355.45001220703125,1145780
2021-07-19,311.5685119628906,356.95001220703125,358.25,353.3999938964844,357.1000061035156,972720
2021-07-20,309.4736328125,354.54998779296875,358.0,354.54998779296875,357.04998779296875,1099994
2021-07-21,310.6956787109375,355.95001220703125,357.8500061035156,354.79998779296875,356.3999938964844,888277
2021-07-22,299.4356689453125,343.04998779296875,354.3999938964844,338.3999938964844,353.0,1739538
2021-07-23,303.1453552246094,347.29998779296875,348.5,342.29998779296875,342.3500061035156,1189921
2021-07-26,300.7449951171875,344.54998779296875,347.5,341.70001220703125,346.79998779296875,782173
2021-07-27,300.7449951171875,344.54998779296875,346.6499938964844,341.20001220703125,343.1000061035156,760844
2021-07-28,303.4072265625,347.6000061035156,347.95001220703125,345.0,345.0,636045
2021-07-29,303.4072265625,347.6000061035156,350.95001220703125,346.75,348.79998779296875,647876
2021-07-30,305.8076171875,350.3500061035156,351.0,345.3999938964844,346.0,1019124
2021-08-02,307.1605529785156,351.8999938964844,353.20001220703125,348.54998779296875,351.0,616009
2021-08-03,307.9024658203125,352.75,354.3999938964844,351.5,352.20001220703125,861761
2021-08-04,308.9935913085937,354.0,356.79998779296875,353.6499938964844,355.0,782622
2021-08-05,312.6159362792969,358.1499938964844,358.3999938964844,353.20001220703125,353.20001220703125,801249
2021-08-06,308.3388977050781,353.25,360.0,351.0,359.79998779296875,660262
2021-08-09,316.281982421875,362.3500061035156,362.3500061035156,354.04998779296875,354.8500061035156,982359
2021-08-10,318.4641418457031,364.8500061035156,366.7000122070313,360.3500061035156,360.3999938964844,885803
2021-08-11,320.6899108886719,367.3999938964844,369.5,365.0499877929688,365.3999938964844,1107774
2021-08-12,320.2535095214844,366.8999938964844,369.5,366.25,366.5499877929688,925386
2021-08-13,321.1700134277344,367.9500122070313,368.8999938964844,367.0,367.8999938964844,549567
2021-08-16,321.5191650390625,368.3500061035156,368.3500061035156,365.4500122070313,366.7999877929688,569440
2021-08-17,322.9593505859375,370.0,371.0499877929688,368.0499877929688,368.8999938964844,726208
2021-08-18,325.1851806640625,372.5499877929688,374.7000122070313,367.7000122070313,369.1000061035156,985530
2021-08-19,324.7051086425781,372.0,372.1000061035156,365.1000061035156,371.3999938964844,1618429
2021-08-20,321.56280517578125,368.3999938964844,373.25,367.4500122070313,372.2999877929688,1040385
2021-08-23,321.56280517578125,368.3999938964844,370.5,366.5499877929688,369.7999877929688,612580
2021-08-24,319.8170471191406,366.3999938964844,370.75,365.1499938964844,368.5,1131886
2021-08-25,316.1073608398437,362.1499938964844,365.9500122070313,360.04998779296875,365.3999938964844,640472
2021-08-26,319.24969482421875,365.75,367.5499877929688,362.1000061035156,362.25,957324
2021-08-27,319.7297668457031,366.2999877929688,367.2999877929688,364.0,364.0,892657
2021-08-30,319.2933654785156,365.7999877929688,366.6499938964844,363.75,364.4500122070313,533910
2021-08-31,320.99542236328125,367.75,371.75,364.3999938964844,366.0,1720446
2021-09-01,320.12255859375,366.75,370.4500122070313,366.75,368.25,1976643
2021-09-02,319.0314636230469,365.5,368.2999877929688,364.5,365.1000061035156,1455699
2021-09-03,318.3768310546875,364.75,367.1499938964844,362.4500122070313,365.7000122070313,851158
2021-09-06,320.864501953125,367.6000061035156,367.6000061035156,364.7999877929688,365.0,831489
2021-09-07,316.3692626953125,362.4500122070313,367.5,361.5499877929688,367.3999938964844,1322637
2021-09-08,313.0523986816406,358.6499938964844,361.1499938964844,353.5,361.1000061035156,1322432
2021-09-09,303.7563781738281,348.0,357.29998779296875,347.75,356.0,1578360
2021-09-10,300.2649230957031,344.0,350.79998779296875,342.95001220703125,346.04998779296875,1537869
2021-09-13,298.2137145996094,341.6499938964844,345.79998779296875,341.54998779296875,344.5,1078597
2021-09-14,302.18524169921875,346.20001220703125,347.79998779296875,340.20001220703125,341.0,1614794
2021-09-15,300.0030822753906,343.70001220703125,346.20001220703125,343.1000061035156,345.70001220703125,1943618
2021-09-16,301.26873779296875,345.1499938964844,347.45001220703125,344.0,344.5,1722006
2021-09-17,299.3047790527344,342.8999938964844,348.29998779296875,342.04998779296875,348.29998779296875,2523748
2021-09-20,298.082763671875,341.5,341.95001220703125,336.04998779296875,339.95001220703125,1466550
2021-09-21,296.20611572265625,339.3500061035156,341.75,337.25,341.75,1139460
2021-09-22,296.81707763671875,340.04998779296875,342.0,337.79998779296875,341.3500061035156,1157662
2021-09-23,299.0429382324219,342.6000061035156,344.1499938964844,341.29998779296875,343.0,1571176
2021-09-24,297.1225891113281,340.3999938964844,342.5,338.6000061035156,340.95001220703125,873762
2021-09-27,294.63494873046875,337.54998779296875,343.20001220703125,337.3999938964844,343.0,1084928
2021-09-28,290.3143005371094,332.6000061035156,337.75,332.6000061035156,335.95001220703125,933464
2021-09-29,295.0713806152344,338.04998779296875,339.1000061035156,332.1499938964844,335.0,1211360
2021-09-30,298.4755554199219,341.95001220703125,344.04998779296875,339.3500061035156,343.20001220703125,1639288
2021-10-01,301.3559875488281,345.25,345.29998779296875,336.04998779296875,339.5,1516361
2021-10-04,305.065673828125,349.5,350.20001220703125,343.95001220703125,345.70001220703125,1143424
2021-10-05,302.4034423828125,346.45001220703125,350.5,346.1499938964844,350.0,944478
2021-10-06,305.065673828125,349.5,349.8500061035156,341.54998779296875,345.04998779296875,913756
2021-10-07,311.0447998046875,356.3500061035156,357.04998779296875,351.25,352.45001220703125,1024893
2021-10-08,314.7544250488281,360.6000061035156,361.0,354.04998779296875,356.5,860197
2021-10-11,316.5002136230469,362.6000061035156,365.0,360.4500122070313,365.0,793409
2021-10-12,313.1396179199219,358.75,364.0,358.25,359.54998779296875,782082
2021-10-13,311.699462890625,357.1000061035156,358.95001220703125,353.8500061035156,357.75,806914
2021-10-14,311.7431030273437,357.1499938964844,358.6499938964844,353.0,358.6499938964844,1076624
2021-10-15,314.4489440917969,360.25,360.25,354.1000061035156,357.0,937131
2021-10-18,317.6785583496094,363.9500122070313,364.75,359.04998779296875,359.8500061035156,819146
2021-10-19,312.4413757324219,357.95001220703125,362.8500061035156,351.20001220703125,362.5499877929688,1486490
2021-10-20,307.4223937988281,352.20001220703125,359.70001220703125,351.04998779296875,357.95001220703125,1245397
2021-10-21,312.3104248046875,357.79998779296875,357.8999938964844,349.6000061035156,351.25,1013441
2021-10-22,310.564697265625,355.79998779296875,359.04998779296875,353.45001220703125,357.79998779296875,838892
2021-10-25,311.8303527832031,357.25,359.6000061035156,354.20001220703125,357.04998779296875,684601
2021-10-26,312.4413757324219,357.95001220703125,359.70001220703125,354.29998779296875,357.6499938964844,851731
2021-10-27,309.4736328125,354.54998779296875,358.25,353.5,358.1000061035156,781412
2021-10-28,311.4375915527344,356.79998779296875,358.20001220703125,352.75,353.29998779296875,865678
2021-10-29,309.0372009277344,354.04998779296875,356.0,351.95001220703125,355.75,899784
2021-11-01,313.09600830078125,358.70001220703125,358.70001220703125,352.75,355.0,971489
2021-11-02,320.73358154296875,367.4500122070313,368.25,358.1499938964844,360.0,908251
2021-11-03,321.6500549316406,368.5,368.5,363.5,365.4500122070313,1039073
2021-11-04,323.22125244140625,370.2999877929688,378.9500122070313,369.2000122070313,378.7999877929688,1607752
2021-11-05,317.98406982421875,364.2999877929688,375.25,363.7999877929688,371.3500061035156,1339190
2021-11-08,319.4242858886719,365.9500122070313,368.1000061035156,363.0,364.6499938964844,733299
2021-11-09,320.4717102050781,367.1499938964844,369.1000061035156,364.5,365.3500061035156,587240
2021-11-10,323.0466613769531,370.1000061035156,372.2000122070313,366.1000061035156,366.1000061035156,723623
2021-11-11,323.2648620605469,370.3500061035156,371.8500061035156,366.5499877929688,368.5499877929688,749256
2021-11-12,322.0865173339844,369.0,372.0,367.6499938964844,370.7000122070313,926341
2021-11-15,322.0865173339844,369.0,371.0,366.1499938964844,368.0,603072
2021-11-16,322.2174377441406,369.1499938964844,371.0,367.25,368.4500122070313,737403
2021-11-17,323.6576538085937,370.7999877929688,371.25,366.0499877929688,368.6499938964844,698118
2021-11-18,321.781005859375,368.6499938964844,373.0499877929688,367.7999877929688,371.0,760861
2021-11-19,322.9157409667969,369.9500122070313,373.5,369.0499877929688,369.75,1133579
2021-11-22,319.9916076660156,366.6000061035156,371.2000122070313,366.3500061035156,370.0,867127
2021-11-23,311.7867126464844,357.20001220703125,365.3999938964844,356.54998779296875,365.0,1355399
2021-11-24,315.32183837890625,361.25,361.7999877929688,357.6000061035156,358.20001220703125,1109692
2021-11-25,316.0201110839844,362.0499877929688,364.3999938964844,360.2999877929688,362.0,560845
2021-11-26,313.0087280273437,358.6000061035156,362.0,355.3500061035156,356.0,1125058
2021-11-29,312.048583984375,357.5,359.79998779296875,356.20001220703125,357.70001220703125,877532
2021-11-30,313.9252319335937,359.6499938964844,359.75,353.29998779296875,355.0,2125773
2021-12-01,319.2933654785156,365.7999877929688,367.0,360.4500122070313,361.4500122070313,1081207
2021-12-02,317.2421569824219,363.4500122070313,366.7999877929688,359.79998779296875,365.5,1331657
2021-12-03,316.1947021484375,362.25,367.1499938964844,361.25,365.0,1047737
2021-12-06,320.8208312988281,367.5499877929688,370.2000122070313,362.9500122070313,364.1000061035156,1269474
2021-12-07,321.4318542480469,368.25,370.3999938964844,364.3999938964844,369.75,1480853
2021-12-08,325.4906921386719,372.8999938964844,377.6499938964844,370.2999877929688,371.0,1636682
2021-12-09,326.5380859375,374.1000061035156,375.0,370.7999877929688,373.7999877929688,1132621
2021-12-10,329.0694274902344,377.0,378.2999877929688,371.6000061035156,372.5,1081099
2021-12-13,327.58551025390625,375.2999877929688,377.8500061035156,374.1000061035156,377.3500061035156,910920
2021-12-14,318.98785400390625,365.4500122070313,376.2000122070313,365.0,374.9500122070313,1278600
2021-12-15,324.0940856933594,371.2999877929688,371.2999877929688,364.2999877929688,366.0,1659727
2021-12-16,330.0295715332031,378.1000061035156,380.3999938964844,373.0,373.0,1907430
2021-12-17,330.72784423828125,378.8999938964844,379.1000061035156,372.8999938964844,377.1000061035156,2592854
2021-12-20,327.1054992675781,374.75,377.8999938964844,372.4500122070313,374.0,1192481
2021-12-21,330.4223327636719,378.5499877929688,378.5499877929688,374.1000061035156,376.0,1044431
2021-12-22,330.2041320800781,378.2999877929688,379.3500061035156,374.8500061035156,378.8999938964844,679235
2021-12-23,328.58935546875,376.4500122070313,378.5,374.7999877929688,376.2999877929688,725795
2021-12-27,331.6880187988281,380.0,383.0,375.0499877929688,375.5,573116
2021-12-28,334.8302917480469,383.6000061035156,384.2000122070313,380.1000061035156,380.2999877929688,445993
2021-12-29,332.4735717773437,380.8999938964844,383.6000061035156,380.0,383.6000061035156,538634
2021-12-30,330.9024353027344,379.1000061035156,383.6000061035156,379.1000061035156,380.8999938964844,787239
2022-01-03,330.72784423828125,378.8999938964844,383.0,377.75,380.0,854361
2022-01-04,324.0940856933594,371.2999877929688,380.5,369.3999938964844,380.5,1163100
2022-01-05,327.0181579589844,374.6499938964844,375.6000061035156,370.1000061035156,370.5499877929688,984909
2022-01-06,324.39959716796875,371.6499938964844,374.1499938964844,369.7999877929688,370.5,867314
2022-01-07,329.0257873535156,376.9500122070313,376.9500122070313,369.6000061035156,370.0,1038678
2022-01-10,324.0068054199219,371.2000122070313,379.6499938964844,371.2000122070313,378.6499938964844,1354242
2022-01-11,327.80377197265625,375.5499877929688,378.2000122070313,373.2000122070313,374.5499877929688,1757877
2022-01-12,319.6861267089844,366.25,373.5,366.25,372.5499877929688,1571361
2022-01-13,316.1073608398437,362.1499938964844,365.0,361.25,365.0,1279020
2022-01-14,318.5950622558594,365.0,368.2999877929688,358.54998779296875,359.1499938964844,1040145
2022-01-17,320.6462707519531,367.3500061035156,369.6499938964844,365.3999938964844,365.5,571625
2022-01-18,318.5077514648437,364.8999938964844,366.3500061035156,360.9500122070313,366.25,921066
2022-01-19,319.2060852050781,365.7000122070313,366.5499877929688,361.6499938964844,363.8999938964844,1000706
2022-01-20,318.6823425292969,365.1000061035156,366.2000122070313,362.7000122070313,365.7999877929688,955368
2022-01-21,314.7980651855469,360.6499938964844,364.7000122070313,360.20001220703125,362.0,1501796
2022-01-24,300.9195861816406,344.75,358.6499938964844,344.75,357.95001220703125,1706214
2022-01-25,302.18524169921875,346.20001220703125,347.70001220703125,342.5,345.1000061035156,1355353
2022-01-26,304.716552734375,349.1000061035156,352.3999938964844,346.5,349.5,1206211
2022-01-27,309.51727294921875,354.6000061035156,355.79998779296875,343.6000061035156,345.1499938964844,1174653
2022-01-28,310.2592163085937,355.45001220703125,357.8999938964844,352.0,356.25,1398768
2022-01-31,311.5248413085937,356.8999938964844,361.6499938964844,356.8999938964844,357.5,1111649
2022-02-01,313.83795166015625,359.54998779296875,361.2999877929688,356.45001220703125,358.54998779296875,1196278
2022-02-02,311.699462890625,357.1000061035156,361.5499877929688,354.6000061035156,360.6499938964844,1018081
2022-02-03,304.149169921875,348.45001220703125,351.0,345.04998779296875,347.0,2563205
2022-02-04,301.3559875488281,345.25,350.5,345.25,348.8999938964844,1370922
2022-02-07,300.9632263183594,344.79998779296875,346.5,341.25,344.79998779296875,995413
2022-02-08,301.9233703613281,345.8999938964844,348.70001220703125,344.29998779296875,345.0,1419829
2022-02-09,310.6519775390625,355.8999938964844,357.54998779296875,348.3999938964844,348.70001220703125,1151556
2022-02-10,310.2155456542969,355.3999938964844,358.6499938964844,353.45001220703125,357.29998779296875,735336
2022-02-11,304.4110412597656,348.75,354.1499938964844,348.75,354.0,751091
2022-02-14,298.6937561035156,342.20001220703125,346.04998779296875,340.20001220703125,345.75,1166401
2022-02-15,303.581787109375,347.79998779296875,349.0,341.70001220703125,342.0,1355072
2022-02-16,304.8910827636719,349.29998779296875,350.29998779296875,346.04998779296875,348.0,774156
2022-02-17,301.1377868652344,345.0,349.70001220703125,343.54998779296875,349.70001220703125,670916
2022-02-18,298.999267578125,342.54998779296875,348.8500061035156,341.70001220703125,345.3500061035156,1423520
2022-02-21,296.3370666503906,339.5,344.04998779296875,338.6000061035156,342.5,898967
2022-02-22,301.22509765625,345.1000061035156,345.1000061035156,334.8500061035156,336.6499938964844,2017434
2022-02-23,300.3522033691406,344.1000061035156,349.29998779296875,344.1000061035156,344.70001220703125,1130505
2022-02-24,296.8607788085937,340.1000061035156,342.45001220703125,333.6000061035156,335.04998779296875,1634729
2022-02-25,304.9783935546875,349.3999938964844,350.75,339.5,339.5,1610965
2022-02-28,305.3711853027344,349.8500061035156,352.6499938964844,345.25,345.25,1959579
2022-03-01,306.4622802734375,351.1000061035156,351.79998779296875,341.6000061035156,350.04998779296875,1461984
2022-03-02,303.10174560546875,347.25,351.20001220703125,342.1000061035156,350.0,1467498
2022-03-03,297.4281005859375,340.75,347.6000061035156,340.75,345.0,1155560
2022-03-04,292.3218994140625,334.8999938964844,341.75,334.45001220703125,340.0,1479501
2022-03-07,296.7734680175781,340.0,342.29998779296875,328.1499938964844,331.5,2084005
2022-03-08,299.8284912109375,343.5,353.1499938964844,337.04998779296875,343.6499938964844,2383313
2022-03-09,308.9499206542969,353.95001220703125,353.95001220703125,345.8999938964844,348.54998779296875,2010890
2022-03-10,304.1928100585937,348.5,355.20001220703125,348.1499938964844,354.0,1451732
2022-03-11,307.2041931152344,351.95001220703125,356.8500061035156,347.1000061035156,348.75,1584856
2022-03-14,312.74688720703125,358.29998779296875,359.70001220703125,350.20001220703125,352.20001220703125,1479786
2022-03-15,314.40533447265625,360.20001220703125,360.75,354.54998779296875,357.20001220703125,1627860
2022-03-16,312.3540954589844,357.8500061035156,362.8999938964844,356.25,362.8999938964844,1842517
2022-03-17,322.34619140625,359.70001220703125,359.70001220703125,350.1499938964844,352.0,3045926
2022-03-18,328.44000244140625,366.5,367.1000061035156,359.95001220703125,362.5,4346103
2022-03-21,329.0224914550781,367.1499938964844,367.1499938964844,362.7000122070313,365.6000061035156,1056723
2022-03-22,328.6192626953125,366.7000122070313,368.6499938964844,361.25,365.75,1021200
2022-03-23,327.5886535644531,365.5499877929688,369.8500061035156,365.5499877929688,367.0,1133240
2022-03-24,333.9065246582031,372.6000061035156,373.7000122070313,365.8500061035156,366.0,1660123
2022-03-25,335.7884826660156,374.7000122070313,375.5,369.7000122070313,372.4500122070313,880587
2022-03-28,334.9371032714844,373.75,378.3999938964844,373.1000061035156,376.2000122070313,851705
2022-03-29,334.0409851074219,372.75,375.9500122070313,370.7999877929688,375.0,1066995
2022-03-30,332.29345703125,370.7999877929688,376.0499877929688,367.0499877929688,367.1499938964844,2477983
2022-03-31,328.39520263671875,366.4500122070313,371.8500061035156,366.4500122070313,370.6499938964844,1450347
2022-04-01,332.60711669921875,371.1499938964844,371.7999877929688,364.9500122070313,365.0499877929688,1125615
2022-04-04,343.00250244140625,382.75,383.2000122070313,375.25,375.5,1403250
2022-04-05,345.1981201171875,385.2000122070313,386.8999938964844,380.3999938964844,383.3500061035156,1835500
2022-04-06,350.0821228027344,390.6499938964844,391.2999877929688,384.3999938964844,384.3999938964844,2012266
2022-04-07,353.7563171386719,394.75,399.5,392.1499938964844,392.6000061035156,1406181
2022-04-08,356.89288330078125,398.25,400.0,393.7000122070313,398.0,1816800
2022-04-11,358.9540100097656,400.5499877929688,404.2000122070313,397.2000122070313,400.0,1619556
2022-04-12,348.872314453125,389.2999877929688,397.2999877929688,386.3999938964844,396.75,1360852
2022-04-13,350.2165222167969,390.7999877929688,393.8999938964844,388.1499938964844,390.9500122070313,820721
2022-04-14,350.4853820800781,391.1000061035156,393.0,385.3999938964844,385.3999938964844,969133
2022-04-19,338.0736389160156,377.25,385.6499938964844,375.9500122070313,385.6000061035156,1984937
2022-04-20,335.42999267578125,374.2999877929688,379.5,372.7000122070313,377.3999938964844,888002
2022-04-21,328.2607727050781,366.2999877929688,375.6000061035156,365.2999877929688,375.25,1444095
2022-04-22,330.45635986328125,368.75,372.5,362.5499877929688,363.6000061035156,1120723
2022-04-25,326.4684753417969,364.2999877929688,364.7999877929688,355.6000061035156,358.0,1288661
2022-04-26,319.5232849121094,356.54998779296875,365.8500061035156,356.54998779296875,364.2999877929688,2240276
2022-04-27,326.4236755371094,364.25,366.75,357.45001220703125,358.8500061035156,1251108
2022-04-28,324.0488586425781,361.6000061035156,366.6499938964844,360.7000122070313,364.3999938964844,729181
2022-04-29,324.76580810546875,362.3999938964844,365.9500122070313,360.04998779296875,361.8999938964844,805471
2022-05-02,319.747314453125,356.79998779296875,362.8500061035156,356.79998779296875,362.8500061035156,937840
2022-05-03,318.5375366210937,355.45001220703125,357.8500061035156,354.04998779296875,356.20001220703125,1136026
2022-05-04,311.8612060546875,348.0,354.6000061035156,348.0,353.45001220703125,1091084
2022-05-05,311.59234619140625,347.70001220703125,351.70001220703125,346.8999938964844,350.0,915367
2022-05-06,310.15850830078125,346.1000061035156,351.20001220703125,344.25,346.6499938964844,1301878
2022-05-09,310.0688781738281,346.0,348.6000061035156,343.6000061035156,346.1000061035156,1490337
2022-05-10,315.6698303222656,352.25,356.54998779296875,345.6000061035156,348.20001220703125,1460940
2022-05-11,293.9381408691406,328.0,337.1000061035156,324.75,335.0,3927937
2022-05-12,287.08258056640625,320.3500061035156,324.04998779296875,317.3999938964844,323.1000061035156,2285113
2022-05-13,285.8727722167969,319.0,320.95001220703125,315.54998779296875,319.3500061035156,1822466
2022-05-16,288.9197082519531,322.3999938964844,324.5,317.1499938964844,317.29998779296875,1675828
2022-05-17,288.8748474121094,322.3500061035156,327.5,321.6499938964844,324.0,1201698
2022-05-18,287.8890991210937,321.25,325.95001220703125,320.79998779296875,323.6000061035156,1351309
2022-05-19,283.9908447265625,316.8999938964844,322.8500061035156,314.20001220703125,320.45001220703125,1309900
2022-05-20,286.5000915527344,319.70001220703125,321.1000061035156,317.29998779296875,320.0,1400900
2022-05-23,290.8016052246094,324.5,324.5,320.25,323.0,1191944
2022-05-24,297.0299072265625,331.45001220703125,332.6000061035156,322.3500061035156,323.5,1452442
2022-05-25,298.4188842773437,333.0,334.8999938964844,331.6499938964844,333.20001220703125,1100325
2022-05-27,295.5511779785156,329.79998779296875,333.3999938964844,327.8500061035156,333.0,1142582
2022-05-30,296.3577880859375,330.70001220703125,331.70001220703125,325.8999938964844,330.0,850090
2022-05-31,292.5042724609375,326.3999938964844,333.0,326.3999938964844,330.20001220703125,1825225
2022-06-01,289.18853759765625,322.70001220703125,329.45001220703125,322.70001220703125,329.1000061035156,973239
2022-06-02,289.7710266113281,323.3500061035156,325.79998779296875,322.04998779296875,323.04998779296875,874141
2022-06-03,287.396240234375,320.70001220703125,324.3500061035156,320.70001220703125,324.25,958057
2022-06-07,285.3350524902344,318.3999938964844,319.95001220703125,315.8500061035156,318.25,1265699
2022-06-08,286.2760314941406,319.45001220703125,321.54998779296875,317.29998779296875,320.3999938964844,1624184
2022-06-09,285.0213928222656,318.04998779296875,323.6499938964844,318.04998779296875,319.25,1232626
2022-06-10,281.3471984863281,313.95001220703125,317.95001220703125,312.29998779296875,317.20001220703125,1136464
2022-06-13,277.13525390625,309.25,313.70001220703125,306.5,310.6000061035156,1142795
2022-06-14,273.99871826171875,305.75,311.54998779296875,305.3500061035156,309.5,1171927
2022-06-15,275.791015625,307.75,308.45001220703125,303.8500061035156,305.75,1069108
2022-06-16,271.9823913574219,303.5,307.6499938964844,298.29998779296875,306.04998779296875,1261957
2022-06-17,271.84796142578125,303.3500061035156,308.8500061035156,303.0,305.29998779296875,4009081
2022-06-20,272.8785400390625,304.5,305.25,301.79998779296875,304.0,625897
2022-06-21,270.0556945800781,301.3500061035156,305.54998779296875,300.79998779296875,305.1000061035156,1108565
2022-06-22,274.0883483886719,305.8500061035156,305.8500061035156,298.6000061035156,300.8999938964844,1310236
2022-06-23,274.4915771484375,306.29998779296875,307.5,301.70001220703125,304.70001220703125,886832
2022-06-24,285.6935119628906,318.79998779296875,318.79998779296875,307.54998779296875,307.54998779296875,1728375
2022-06-27,289.0541076660156,322.54998779296875,322.54998779296875,317.8999938964844,320.0,1101312
2022-06-28,284.5733337402344,317.54998779296875,323.75,315.75,322.70001220703125,1168445
2022-06-29,286.45526123046875,319.6499938964844,320.8500061035156,314.6499938964844,315.75,1045426
2022-06-30,285.469482421875,318.54998779296875,318.54998779296875,314.6499938964844,316.04998779296875,1193179
2022-07-01,287.1273803710937,320.3999938964844,321.3999938964844,314.5,318.0,758043
2022-07-04,289.0989074707031,322.6000061035156,324.20001220703125,321.04998779296875,321.04998779296875,464124
2022-07-05,285.8727722167969,319.0,324.0,318.54998779296875,322.75,893531
2022-07-06,289.7710266113281,323.3500061035156,326.5,321.95001220703125,323.04998779296875,839785
2022-07-07,291.025634765625,324.75,328.6000061035156,322.8999938964844,324.75,983947
2022-07-08,288.4715881347656,321.8999938964844,326.45001220703125,318.20001220703125,324.5,1276749
2022-07-11,292.549072265625,326.45001220703125,326.45001220703125,321.45001220703125,321.8999938964844,727899
2022-07-12,294.2966003417969,328.3999938964844,329.6000061035156,324.1000061035156,325.5,856523
2022-07-13,291.4289245605469,325.20001220703125,327.20001220703125,320.8999938964844,325.25,691403
2022-07-14,290.0846862792969,323.70001220703125,325.3500061035156,321.1499938964844,324.79998779296875,683305
2022-07-15,297.3883056640625,331.8500061035156,331.8500061035156,324.29998779296875,330.8999938964844,1066827
2022-07-18,294.83428955078125,329.0,335.29998779296875,328.6000061035156,331.70001220703125,751587
2022-07-19,296.0440979003906,330.3500061035156,331.5,327.5,327.6000061035156,804615
2022-07-20,294.16217041015625,328.25,332.70001220703125,327.79998779296875,332.70001220703125,666663
2022-07-21,292.6835327148437,326.6000061035156,328.1000061035156,322.0,328.0,977676
2022-07-22,291.4289245605469,325.20001220703125,330.8999938964844,324.6499938964844,324.6499938964844,784618
2022-07-25,293.8485107421875,327.8999938964844,330.29998779296875,322.20001220703125,322.20001220703125,643786
2022-07-26,297.522705078125,332.0,333.1000061035156,327.20001220703125,327.20001220703125,774643
2022-07-27,291.7425231933594,325.54998779296875,332.45001220703125,325.54998779296875,331.3999938964844,898578
2022-07-28,290.5775451660156,324.25,327.5,320.3500061035156,327.1000061035156,1006673
2022-07-29,282.6466064453125,315.3999938964844,324.45001220703125,315.3999938964844,324.45001220703125,1634511
2022-08-02,284.707763671875,317.70001220703125,317.95001220703125,313.54998779296875,315.0,1047329
2022-08-03,286.6792907714844,319.8999938964844,322.75,315.1000061035156,316.95001220703125,875408
2022-08-04,283.8564147949219,316.75,320.45001220703125,315.29998779296875,319.3999938964844,1253700
2022-08-05,283.8116149902344,316.70001220703125,319.8500061035156,315.29998779296875,315.75,654275
2022-08-08,283.0498962402344,315.8500061035156,318.54998779296875,314.8999938964844,317.8999938964844,502885
2022-08-09,285.290283203125,318.3500061035156,319.20001220703125,315.04998779296875,315.75,790033
2022-08-10,284.03564453125,316.95001220703125,319.45001220703125,315.6000061035156,317.6000061035156,625440
2022-08-11,277.9418029785156,310.1499938964844,318.3999938964844,310.04998779296875,317.8500061035156,1443381
2022-08-12,282.28814697265625,315.0,315.79998779296875,311.0,311.5,873382
2022-08-15,284.8869934082031,317.8999938964844,318.8999938964844,314.3999938964844,316.0,508390
2022-08-16,282.8706359863281,315.6499938964844,319.70001220703125,312.3999938964844,319.6000061035156,957424
2022-08-17,283.76678466796875,316.6499938964844,317.1499938964844,312.6000061035156,315.1000061035156,846733
2022-08-18,286.72412109375,319.95001220703125,320.29998779296875,315.1000061035156,316.0,798780
2022-08-19,289.7710266113281,323.3500061035156,325.25,319.6000061035156,320.25,1017091
2022-08-22,290.3535461425781,324.0,325.45001220703125,321.3500061035156,322.0,766160
2022-08-23,283.8564147949219,316.75,323.04998779296875,316.5,321.8999938964844,791836
2022-08-24,284.6629638671875,317.6499938964844,317.8500061035156,314.8500061035156,315.25,555205
2022-08-25,286.2760314941406,319.45001220703125,320.3999938964844,316.25,318.5,537343
2022-08-26,283.8564147949219,316.75,321.3999938964844,316.3999938964844,320.45001220703125,606403
2022-08-29,281.7504577636719,314.3999938964844,317.3999938964844,313.0,313.5,591896
2022-08-30,283.54278564453125,316.3999938964844,319.1000061035156,313.3999938964844,313.5,761709
2022-08-31,282.6466064453125,315.3999938964844,318.6000061035156,313.8999938964844,314.79998779296875,1221658
2022-09-01,280.3166198730469,312.79998779296875,316.45001220703125,311.75,315.75,771639
2022-09-02,285.6039123535156,318.70001220703125,318.70001220703125,312.25,314.6000061035156,741670
2022-09-05,286.052001953125,319.20001220703125,319.75,313.0,316.0,582792
2022-09-06,289.95025634765625,323.54998779296875,324.8999938964844,318.79998779296875,319.1000061035156,752754
2022-09-07,289.9054260253906,323.5,326.6499938964844,321.6000061035156,322.8999938964844,1002131
2022-09-08,290.2191162109375,323.8500061035156,328.29998779296875,321.6499938964844,326.5,951471
2022-09-09,290.5775451660156,324.25,326.54998779296875,321.75,324.3500061035156,895756
2022-09-12,289.1437072753906,322.6499938964844,323.8999938964844,319.54998779296875,323.8999938964844,988220
2022-09-13,289.6814270019531,323.25,324.25,322.1499938964844,322.6499938964844,1123582
2022-09-14,288.56121826171875,322.0,327.70001220703125,321.45001220703125,326.3999938964844,1253971
2022-09-15,293.7588806152344,327.79998779296875,330.25,323.79998779296875,327.0,1152892
2022-09-16,292.4146423339844,326.29998779296875,331.95001220703125,325.29998779296875,326.29998779296875,3440227
2022-09-19,288.4715881347656,321.8999938964844,325.95001220703125,321.25,324.54998779296875,711134
2022-09-20,284.0804748535156,317.0,323.79998779296875,316.95001220703125,322.0,999368
2022-09-21,281.257568359375,313.8500061035156,318.29998779296875,312.8999938964844,316.29998779296875,998615
2022-09-22,279.2412414550781,311.6000061035156,314.79998779296875,309.3999938964844,311.1000061035156,962749
2022-09-23,277.1800842285156,309.29998779296875,314.70001220703125,307.0,312.6000061035156,1068010
2022-09-26,274.1331787109375,305.8999938964844,310.70001220703125,303.20001220703125,309.75,2025906
2022-09-27,280.13739013671875,312.6000061035156,313.8999938964844,306.3999938964844,307.75,1635741
2022-09-28,291.6529846191406,325.45001220703125,333.0,322.1000061035156,330.0,3039727
2022-09-29,286.9929504394531,320.25,324.45001220703125,318.6499938964844,323.79998779296875,1586816
2022-09-30,289.86065673828125,323.45001220703125,324.0,319.25,321.25,1185152
2022-10-03,288.6508483886719,322.1000061035156,323.20001220703125,318.95001220703125,320.3500061035156,865821
2022-10-04,298.19488525390625,332.75,332.75,322.0,322.8999938964844,1859841
2022-10-05,293.9381408691406,328.0,333.3999938964844,327.6000061035156,331.95001220703125,983702
2022-10-06,291.7425231933594,325.54998779296875,328.8500061035156,322.8500061035156,327.54998779296875,699889
2022-10-07,290.8016052246094,324.5,327.6499938964844,323.70001220703125,325.1000061035156,710902
2022-10-10,287.5754089355469,320.8999938964844,324.20001220703125,318.45001220703125,323.5,1360636
2022-10-11,289.0989074707031,322.6000061035156,323.6499938964844,318.45001220703125,321.79998779296875,745648
2022-10-12,288.69561767578125,322.1499938964844,327.0,319.79998779296875,323.20001220703125,1226500
2022-10-13,288.9197082519531,322.3999938964844,322.3999938964844,317.3500061035156,319.3500061035156,900910
2022-10-14,292.5042724609375,326.3999938964844,328.0,322.1000061035156,322.3999938964844,1285844
2022-10-17,295.4167785644531,329.6499938964844,330.5,325.0,326.3999938964844,1273423
2022-10-18,294.4309997558594,328.54998779296875,329.54998779296875,324.25,325.75,1081343
2022-10-19,292.14581298828125,326.0,329.0,325.0,326.3500061035156,925598
2022-10-20,289.00927734375,322.5,325.75,322.1499938964844,324.3500061035156,1073767
2022-10-21,290.7119445800781,324.3999938964844,325.70001220703125,321.25,322.6499938964844,1127419
2022-10-24,293.1763916015625,327.1499938964844,328.3500061035156,324.70001220703125,324.95001220703125,933785
2022-10-25,297.0746765136719,331.5,332.29998779296875,326.3500061035156,326.5,838230
2022-10-26,296.26812744140625,330.6000061035156,333.1000061035156,327.79998779296875,330.5,765275
2022-10-27,291.6529846191406,325.45001220703125,332.0,325.45001220703125,329.6499938964844,814049
2022-10-28,297.25390625,331.70001220703125,331.70001220703125,325.0,326.04998779296875,582076
2022-10-31,298.0155944824219,332.54998779296875,334.04998779296875,329.8500061035156,332.20001220703125,1100223
2022-11-01,295.2823486328125,329.5,334.20001220703125,327.8500061035156,333.20001220703125,757589
2022-11-02,299.09100341796875,333.75,335.8500061035156,329.3500061035156,329.45001220703125,921169
2022-11-03,297.4331359863281,331.8999938964844,333.0,327.70001220703125,331.5,714339
2022-11-04,292.5042724609375,326.3999938964844,331.1000061035156,326.3999938964844,331.04998779296875,1105220
2022-11-07,290.3983154296875,324.04998779296875,327.1499938964844,322.29998779296875,327.0,851346
2022-11-08,290.5327453613281,324.20001220703125,326.54998779296875,321.5,322.1000061035156,749042
2022-11-09,293.7588806152344,327.79998779296875,329.6000061035156,323.75,324.0,1044177
2022-11-10,296.1784973144531,330.5,333.29998779296875,326.1000061035156,327.3999938964844,857722
2022-11-11,291.7873840332031,325.6000061035156,330.04998779296875,323.5,326.6000061035156,1257069
2022-11-14,280.1821594238281,312.6499938964844,315.20001220703125,307.1000061035156,308.0,2179620
2022-11-15,282.0640869140625,314.75,316.75,309.6499938964844,311.79998779296875,1821213
2022-11-16,279.734130859375,312.1499938964844,315.45001220703125,311.6499938964844,314.25,1587595
2022-11-17,274.939697265625,306.79998779296875,313.5,306.5,311.20001220703125,1107014
2022-11-18,276.0150756835937,308.0,309.8500061035156,306.8500061035156,307.8999938964844,1309833
2022-11-21,275.4326171875,307.3500061035156,309.6499938964844,307.25,307.5,858528
2022-11-22,273.0577697753906,304.70001220703125,307.6000061035156,304.70001220703125,306.3500061035156,1046255
2022-11-23,275.4326171875,307.3500061035156,307.45001220703125,304.3999938964844,305.0,2036286
2022-11-24,276.5079345703125,308.54998779296875,309.3999938964844,306.25,307.5,1110946
2022-11-25,279.0619812011719,311.3999938964844,313.45001220703125,308.70001220703125,309.0,1131464
2022-11-28,279.9581298828125,312.3999938964844,314.25,310.1000061035156,312.45001220703125,1440377
2022-11-29,277.13525390625,309.25,313.04998779296875,308.54998779296875,312.0,1027051
2022-11-30,275.8358459472656,307.79998779296875,311.8999938964844,307.79998779296875,310.20001220703125,2745646
2022-12-01,277.8074035644531,310.0,311.3500061035156,308.5,308.95001220703125,978439
2022-12-02,276.2391357421875,308.25,310.20001220703125,307.04998779296875,309.3999938964844,936837
2022-12-05,277.40411376953125,309.54998779296875,309.6499938964844,306.3500061035156,307.6499938964844,1227427
2022-12-06,273.5058898925781,305.20001220703125,310.3999938964844,304.25,308.8999938964844,899304
2022-12-07,269.9212341308594,301.20001220703125,305.70001220703125,300.6499938964844,303.1499938964844,1894650
2022-12-08,271.489501953125,302.95001220703125,303.1000061035156,299.54998779296875,301.79998779296875,1104905
2022-12-09,272.9681701660156,304.6000061035156,304.6000061035156,300.20001220703125,302.29998779296875,1485435
2022-12-12,271.5343017578125,303.0,304.5,301.54998779296875,303.04998779296875,1325827
2022-12-13,275.3429870605469,307.25,308.5,303.0,303.3999938964844,1138211
2022-12-14,275.6117858886719,307.54998779296875,307.79998779296875,303.8500061035156,306.04998779296875,1069352
2022-12-15,271.0414428710937,302.45001220703125,306.8500061035156,302.3999938964844,305.6499938964844,1341449
2022-12-16,270.0556945800781,301.3500061035156,304.3500061035156,301.3500061035156,302.75,3602815
2022-12-19,269.1146850585937,300.29998779296875,302.25,299.3999938964844,301.0,909187
2022-12-20,265.3956604003906,296.1499938964844,300.75,296.1499938964844,298.8999938964844,1318278
2022-12-21,266.96392822265625,297.8999938964844,297.95001220703125,294.1000061035156,296.3500061035156,1196979
2022-12-22,264.2754821777344,294.8999938964844,299.0,294.8999938964844,297.79998779296875,989203
2022-12-23,264.5443115234375,295.20001220703125,298.20001220703125,294.04998779296875,295.25,561755
2022-12-27,263.5585327148437,294.1000061035156,296.79998779296875,294.04998779296875,295.75,426231
2022-12-28,262.16949462890625,292.54998779296875,294.6499938964844,291.75,293.5,680079
2022-12-29,262.4383544921875,292.8500061035156,294.3500061035156,290.8999938964844,292.6499938964844,641216
2022-12-30,260.3323974609375,290.5,294.20001220703125,290.5,292.95001220703125,709758
2023-01-03,263.2897033691406,293.79998779296875,296.5,289.3999938964844,290.0,991430
2023-01-04,266.8742980957031,297.79998779296875,298.79998779296875,293.1499938964844,293.20001220703125,1152190
2023-01-05,260.6908569335937,290.8999938964844,296.95001220703125,290.8999938964844,294.6499938964844,1040157
2023-01-06,263.1104736328125,293.6000061035156,295.5,291.70001220703125,292.8500061035156,1007883
2023-01-09,261.1389465332031,291.3999938964844,294.54998779296875,291.1000061035156,294.1000061035156,1101619
2023-01-10,262.16949462890625,292.54998779296875,294.3999938964844,289.45001220703125,289.5,960924
2023-01-11,259.7050476074219,289.79998779296875,294.25,289.79998779296875,292.8999938964844,2084034
2023-01-12,258.9433898925781,288.95001220703125,293.20001220703125,287.8500061035156,291.5,1129692
2023-01-13,261.40777587890625,291.70001220703125,293.8999938964844,290.3500061035156,290.3999938964844,1294729
2023-01-16,264.0066223144531,294.6000061035156,295.75,291.29998779296875,292.54998779296875,1011092
2023-01-17,263.9170227050781,294.5,296.04998779296875,293.25,294.75,895008
2023-01-18,265.1716003417969,295.8999938964844,297.95001220703125,292.8999938964844,294.3999938964844,875351
2023-01-19,263.8722229003906,294.45001220703125,297.75,293.54998779296875,293.54998779296875,1391747
2023-01-20,263.7377624511719,294.29998779296875,296.0,292.8500061035156,295.79998779296875,1057566
2023-01-23,264.7683410644531,295.45001220703125,296.5,291.54998779296875,294.1000061035156,1162068
2023-01-24,264.7235412597656,295.3999938964844,296.75,294.29998779296875,296.20001220703125,952018
2023-01-25,263.1104736328125,293.6000061035156,295.8500061035156,291.75,295.3999938964844,1168164
2023-01-26,258.9881591796875,289.0,295.1000061035156,289.0,294.79998779296875,1545105
2023-01-27,259.30181884765625,289.3500061035156,290.6499938964844,288.70001220703125,290.1000061035156,1097991
2023-01-30,258.271240234375,288.20001220703125,289.75,288.04998779296875,288.3999938964844,1199749
2023-01-31,255.62759399414065,285.25,288.8999938964844,283.54998779296875,288.20001220703125,1540341
2023-02-01,250.3850860595703,279.3999938964844,287.3500061035156,276.29998779296875,286.0,1956682
2023-02-02,245.4114532470703,273.8500061035156,278.8999938964844,272.1000061035156,278.6000061035156,2409995
2023-02-03,253.0287322998047,282.3500061035156,284.0,275.6000061035156,275.79998779296875,1928368
2023-02-06,254.4178009033203,283.8999938964844,285.0,279.54998779296875,280.75,1178697
2023-02-07,254.9554901123047,284.5,285.5,282.95001220703125,285.1499938964844,1594622
2023-02-08,256.9718322753906,286.75,288.20001220703125,283.6499938964844,286.75,1689201
2023-02-09,255.0451202392578,284.6000061035156,288.3999938964844,283.20001220703125,288.1000061035156,1217854
2023-02-10,251.05718994140625,280.1499938964844,281.1000061035156,276.5,280.0,1612669
2023-02-13,250.2058868408203,279.20001220703125,281.0,277.95001220703125,280.1000061035156,815060
2023-02-14,249.4889373779297,278.3999938964844,282.0,277.70001220703125,279.8999938964844,1535694
2023-02-15,248.32394409179688,277.1000061035156,278.8500061035156,276.6499938964844,277.45001220703125,1117691
2023-02-16,246.7108612060547,275.29998779296875,278.54998779296875,275.04998779296875,277.5,1528126
2023-02-17,250.2058868408203,279.20001220703125,280.6000061035156,275.0,275.0,1836706
2023-02-20,250.9676055908203,280.04998779296875,281.75,278.8500061035156,280.45001220703125,752914
2023-02-21,252.6254730224609,281.8999938964844,282.29998779296875,278.75,279.75,1234543
2023-02-22,252.44625854492188,281.70001220703125,284.29998779296875,281.20001220703125,282.0,1296859
2023-02-23,250.47471618652344,279.5,282.0,278.5,281.70001220703125,1246255
2023-02-24,247.11415100097656,275.75,280.70001220703125,275.1000061035156,279.54998779296875,1280947
2023-02-27,245.59068298339844,274.04998779296875,276.25,273.79998779296875,275.0,1338959
2023-02-28,243.57432556152344,271.79998779296875,275.0,271.79998779296875,274.95001220703125,2269644
2023-03-01,242.947021484375,271.1000061035156,273.54998779296875,270.1000061035156,271.54998779296875,1359066
2023-03-02,245.45626831054688,273.8999938964844,274.75,269.3999938964844,270.3999938964844,1139567
2023-03-03,245.4114532470703,273.8500061035156,274.8500061035156,272.29998779296875,274.3500061035156,719260
2023-03-06,242.58859252929688,270.70001220703125,273.8500061035156,269.70001220703125,273.45001220703125,1050631
2023-03-07,239.7209014892578,267.5,271.79998779296875,267.5,269.54998779296875,1547584
2023-03-08,238.1526336669922,265.75,266.8500061035156,265.1000061035156,265.8999938964844,1350371
2023-03-09,236.67398071289065,264.1000061035156,267.3999938964844,263.6499938964844,266.5,1222691
2023-03-10,236.2707061767578,263.6499938964844,267.75,263.20001220703125,265.5,1675097
2023-03-13,236.80838012695312,264.25,266.3500061035156,261.5,263.75,1525315
2023-03-14,237.8837738037109,265.45001220703125,266.29998779296875,263.45001220703125,265.75,1384589
2023-03-15,237.794174194336,265.3500061035156,267.6499938964844,264.29998779296875,266.0,1543115
2023-03-16,242.85952758789065,261.29998779296875,261.29998779296875,257.3500061035156,260.0,3028438
2023-03-17,243.2777709960937,261.75,265.0,259.6499938964844,262.5,7205421
2023-03-20,242.9989624023437,261.45001220703125,263.1000061035156,259.25,261.6000061035156,2113913
2023-03-21,244.16075134277344,262.70001220703125,264.20001220703125,261.79998779296875,262.3500061035156,1527908
2023-03-22,242.5342559814453,260.95001220703125,263.29998779296875,260.75,262.75,1281923
2023-03-23,240.11773681640625,258.3500061035156,259.95001220703125,256.8500061035156,258.79998779296875,1339145
2023-03-24,240.1641998291016,258.3999938964844,260.20001220703125,256.8500061035156,258.20001220703125,1020694
2023-03-27,238.7700653076172,256.8999938964844,259.70001220703125,256.04998779296875,256.8500061035156,2175804
2023-03-28,238.8165435791016,256.95001220703125,257.95001220703125,256.04998779296875,257.0,1125984
2023-03-29,240.5824432373047,258.8500061035156,260.79998779296875,256.6499938964844,257.0,1669593
2023-03-30,242.25540161132807,260.6499938964844,261.70001220703125,258.95001220703125,260.8500061035156,1144141
2023-03-31,242.5342559814453,260.95001220703125,261.6000061035156,260.04998779296875,261.6000061035156,1441785
2023-04-03,241.9300994873047,260.29998779296875,262.3500061035156,259.29998779296875,262.0,1106811
2023-04-04,242.39480590820312,260.79998779296875,261.3999938964844,259.6000061035156,261.0,1108915
2023-04-05,248.4360809326172,267.29998779296875,268.95001220703125,260.3999938964844,260.3999938964844,1636867
2023-04-06,255.1279754638672,274.5,276.25,269.20001220703125,269.29998779296875,1867192
2023-04-11,254.3379821777344,273.6499938964844,276.25,271.5,275.8500061035156,1180187
2023-04-12,255.9644775390625,275.3999938964844,278.45001220703125,272.70001220703125,273.79998779296875,1417843
2023-04-13,257.0332946777344,276.54998779296875,277.3500061035156,274.6000061035156,275.0,884760
2023-04-14,257.4515686035156,277.0,278.70001220703125,276.70001220703125,277.25,819010
2023-04-17,258.33453369140625,277.95001220703125,278.1000061035156,274.70001220703125,277.0,970520
2023-04-18,256.8474426269531,276.3500061035156,278.6000061035156,275.54998779296875,277.0,1046711
2023-04-19,255.7786102294922,275.20001220703125,276.75,274.29998779296875,276.3500061035156,1299954
2023-04-20,258.0092163085937,277.6000061035156,278.0,274.6499938964844,274.6499938964844,1279656
2023-04-21,261.2157287597656,281.04998779296875,282.04998779296875,278.5,279.1000061035156,1450906
2023-04-24,260.9369201660156,280.75,282.20001220703125,279.5,281.75,814779
2023-04-25,262.0057373046875,281.8999938964844,283.1000061035156,279.29998779296875,281.3999938964844,1030716
2023-04-26,255.2674102783203,274.6499938964844,282.79998779296875,273.25,281.20001220703125,1674264
2023-04-27,256.7080078125,276.20001220703125,279.29998779296875,275.29998779296875,275.95001220703125,955238
2023-04-28,260.56512451171875,280.3500061035156,281.45001220703125,276.29998779296875,277.0,1260197
2023-05-02,260.8439636230469,280.6499938964844,283.54998779296875,279.8999938964844,281.79998779296875,921987
2023-05-03,261.26220703125,281.1000061035156,281.75,277.6499938964844,281.5,1149201
2023-05-04,262.09869384765625,282.0,282.04998779296875,279.3999938964844,280.25,775024
2023-05-05,263.6787414550781,283.70001220703125,283.70001220703125,280.3999938964844,282.0,620150
2023-05-08,264.0505065917969,284.1000061035156,285.5,283.5,284.1499938964844,591310
2023-05-09,263.5857849121094,283.6000061035156,285.04998779296875,281.5,285.0,1015893
2023-05-10,260.4257202148437,280.20001220703125,282.8500061035156,279.3500061035156,282.8500061035156,937134
2023-05-11,262.5169372558594,282.45001220703125,283.6000061035156,280.95001220703125,281.6000061035156,934502
2023-05-12,264.6546325683594,284.75,285.3500061035156,282.45001220703125,282.45001220703125,681944
2023-05-15,264.1899108886719,284.25,286.1499938964844,283.6000061035156,285.3500061035156,741675
2023-05-16,262.37750244140625,282.29998779296875,284.5,281.29998779296875,284.25,945528
2023-05-17,263.3998718261719,283.3999938964844,285.0,282.3500061035156,282.5,1058523
2023-05-19,267.9076232910156,288.25,289.25,284.3500061035156,285.25,1788363
2023-05-22,266.18817138671875,286.3999938964844,289.0,284.70001220703125,288.20001220703125,910916
2023-05-23,266.3276062011719,286.54998779296875,288.20001220703125,285.20001220703125,285.95001220703125,1009350
2023-05-24,268.4187927246094,288.79998779296875,289.25,286.54998779296875,286.8999938964844,1381743
2023-05-25,267.2105712890625,287.5,289.20001220703125,286.3999938964844,287.6000061035156,941884
2023-05-26,270.18475341796875,290.70001220703125,291.75,287.79998779296875,288.8500061035156,1530897
2023-05-30,267.58233642578125,287.8999938964844,290.70001220703125,287.25,290.0,1494594
2023-05-31,267.8611755371094,288.20001220703125,291.1000061035156,282.1000061035156,288.0,4512095
2023-06-01,269.3017883300781,289.75,290.5,287.5,288.79998779296875,1600874
2023-06-02,272.13653564453125,292.79998779296875,292.79998779296875,289.3999938964844,289.8999938964844,1044032
2023-06-05,270.8818054199219,291.45001220703125,293.54998779296875,291.45001220703125,293.0,1486135
2023-06-06,271.5323791503906,292.1499938964844,293.04998779296875,290.20001220703125,291.6000061035156,840017
2023-06-07,267.5358581542969,287.8500061035156,292.1499938964844,287.45001220703125,291.70001220703125,1077172
2023-06-08,263.9110717773437,283.95001220703125,287.79998779296875,283.04998779296875,287.3999938964844,982434
2023-06-09,262.191650390625,282.1000061035156,284.70001220703125,281.75,284.1000061035156,866261
2023-06-12,260.28631591796875,280.04998779296875,284.0,279.5,284.0,1043889
2023-06-13,260.5186767578125,280.29998779296875,281.6000061035156,279.54998779296875,279.75,868679
2023-06-14,255.1744537353516,274.54998779296875,279.29998779296875,272.54998779296875,279.29998779296875,1703255
2023-06-15,256.0574035644531,275.5,276.6000061035156,272.1000061035156,273.95001220703125,925420
2023-06-16,260.1004333496094,279.8500061035156,281.29998779296875,277.04998779296875,277.29998779296875,3339183
2023-06-19,256.6615600585937,276.1499938964844,279.8500061035156,275.45001220703125,279.70001220703125,784646
2023-06-20,256.1503601074219,275.6000061035156,279.3500061035156,275.6000061035156,276.1000061035156,1000617
2023-06-21,254.5238800048828,273.8500061035156,275.8999938964844,273.0,274.20001220703125,1380168
2023-06-22,255.45327758789065,274.8500061035156,274.8500061035156,271.3500061035156,273.0,714102
2023-06-23,256.9868469238281,276.5,278.6000061035156,274.70001220703125,274.8999938964844,914708
2023-06-26,253.7338409423828,273.0,276.3500061035156,272.45001220703125,275.6499938964844,759497
2023-06-27,251.54969787597656,270.6499938964844,273.45001220703125,270.29998779296875,273.0,851152
2023-06-28,255.3603515625,274.75,277.0,273.0,276.45001220703125,1128895
2023-06-29,253.91973876953125,273.20001220703125,275.70001220703125,273.04998779296875,274.95001220703125,637429
2023-06-30,254.19857788085932,273.5,276.25,273.45001220703125,273.6499938964844,1494087
2023-07-03,254.152099609375,273.45001220703125,277.8999938964844,272.70001220703125,272.8500061035156,782711
2023-07-04,255.3603515625,274.75,275.8999938964844,273.20001220703125,273.95001220703125,828296
2023-07-05,257.2656555175781,276.79998779296875,276.8500061035156,274.1499938964844,275.1000061035156,737986
2023-07-06,251.59616088867188,270.70001220703125,276.20001220703125,270.25,275.8500061035156,920525
2023-07-07,246.4843292236328,265.20001220703125,270.04998779296875,264.45001220703125,269.8999938964844,1183404
2023-07-10,246.53077697753903,265.25,266.5,263.79998779296875,264.8500061035156,640646
2023-07-11,246.15902709960932,264.8500061035156,266.1499938964844,264.04998779296875,265.29998779296875,665098
2023-07-12,247.181396484375,265.95001220703125,266.75,263.8500061035156,263.8500061035156,961714
2023-07-13,248.71495056152344,267.6000061035156,269.3500061035156,265.8500061035156,265.8500061035156,653830
2023-07-14,252.06089782714844,271.20001220703125,272.04998779296875,267.70001220703125,268.25,1058107
2023-07-17,249.27261352539065,268.20001220703125,273.0,267.8500061035156,273.0,532811
2023-07-18,250.29495239257807,269.29998779296875,270.45001220703125,266.5,266.8999938964844,617511
2023-07-19,252.014404296875,271.1499938964844,272.45001220703125,268.8500061035156,268.8500061035156,696680
2023-07-20,254.4773712158203,273.79998779296875,274.75,269.29998779296875,270.54998779296875,642208
2023-07-21,255.220947265625,274.6000061035156,275.8999938964844,272.79998779296875,274.45001220703125,611073
2023-07-24,254.19857788085932,273.5,277.25,273.3999938964844,275.3500061035156,564963
2023-07-25,253.8732452392578,273.1499938964844,273.70001220703125,271.29998779296875,271.79998779296875,582453
2023-07-26,251.875,271.0,273.79998779296875,270.54998779296875,273.3500061035156,832311
2023-07-27,253.22267150878903,272.45001220703125,275.04998779296875,266.8999938964844,268.25,1122575
2023-07-28,250.3878936767578,269.3999938964844,273.95001220703125,268.6000061035156,270.29998779296875,796208
2023-07-31,251.50323486328125,270.6000061035156,270.8999938964844,268.3999938964844,268.3999938964844,630631
2023-08-02,250.75965881347656,269.79998779296875,270.6499938964844,264.95001220703125,265.0,943597
2023-08-03,248.11080932617188,266.95001220703125,269.70001220703125,266.54998779296875,268.3500061035156,780615
2023-08-04,246.34487915039065,265.04998779296875,267.04998779296875,263.1499938964844,267.04998779296875,723753
2023-08-07,246.15902709960932,264.8500061035156,265.8500061035156,264.1499938964844,265.0,612076
2023-08-08,247.6461181640625,266.45001220703125,267.8500061035156,264.8500061035156,265.20001220703125,685301
2023-08-09,246.8560943603516,265.6000061035156,268.79998779296875,265.6000061035156,266.79998779296875,716127
2023-08-10,248.06431579589844,266.8999938964844,268.25,265.1000061035156,265.1000061035156,662827
2023-08-11,246.4378204345703,265.1499938964844,267.6499938964844,264.5,266.20001220703125,652809
2023-08-14,246.15902709960932,264.8500061035156,266.70001220703125,264.70001220703125,266.20001220703125,607254
2023-08-15,243.74249267578125,262.25,265.1000061035156,261.75,264.5,626386
2023-08-16,242.2089385986328,260.6000061035156,262.8999938964844,260.5,262.0,672098
2023-08-17,239.74595642089844,257.95001220703125,260.45001220703125,257.25,260.0,849771
2023-08-18,237.0506134033203,255.0500030517578,258.5,252.75,257.29998779296875,1249350
2023-08-21,236.35354614257807,254.3000030517578,256.8999938964844,253.8500061035156,254.6000061035156,839402
2023-08-22,235.19175720214844,253.0500030517578,255.5,253.0500030517578,255.0,977245
2023-08-23,244.0213165283203,262.54998779296875,267.0,258.6000061035156,259.5,2084983
2023-08-24,241.7906951904297,260.1499938964844,262.8999938964844,259.5,261.0,949347
2023-08-25,240.90774536132807,259.20001220703125,260.6000061035156,258.25,260.0,613400
2023-08-28,240.8612670898437,259.1499938964844,261.29998779296875,259.1499938964844,259.29998779296875,521633
2023-08-29,242.627182006836,261.04998779296875,261.95001220703125,259.1000061035156,259.5,889757
2023-08-30,243.32424926757807,261.79998779296875,262.79998779296875,260.79998779296875,262.20001220703125,819418
2023-08-31,241.9300994873047,260.29998779296875,263.0,259.3500061035156,259.5,1614740
2023-09-01,241.1401214599609,259.45001220703125,261.75,259.45001220703125,261.3999938964844,519169
2023-09-04,239.46713256835932,257.6499938964844,261.20001220703125,257.6499938964844,260.0,802497
2023-09-05,235.9817657470703,253.8999938964844,256.1499938964844,252.1000061035156,256.0,996409
2023-09-06,234.587631225586,252.3999938964844,254.1000061035156,249.8000030517578,253.8000030517578,1005254
2023-09-07,238.5376892089844,256.6499938964844,257.54998779296875,251.8000030517578,252.6499938964844,1381907
2023-09-08,238.5841827392578,256.70001220703125,259.25,255.1499938964844,255.1499938964844,1161896
2023-09-11,235.9817657470703,253.8999938964844,258.3999938964844,253.1499938964844,257.8500061035156,803914
2023-09-12,236.6788330078125,254.6499938964844,257.5,254.0,254.0,910669
2023-09-13,238.49124145507807,256.6000061035156,257.3500061035156,253.5500030517578,253.6499938964844,947766
2023-09-14,241.2330322265625,259.54998779296875,259.75,256.5,257.3999938964844,720191
2023-09-15,242.906005859375,261.3500061035156,263.04998779296875,260.29998779296875,260.29998779296875,2640297
2023-09-18,239.74595642089844,257.95001220703125,261.70001220703125,257.20001220703125,261.04998779296875,1031090
2023-09-19,238.90945434570312,257.04998779296875,259.20001220703125,256.04998779296875,257.3500061035156,912672
2023-09-20,238.02651977539065,256.1000061035156,259.79998779296875,255.4499969482422,259.70001220703125,859130
2023-09-21,233.33290100097656,251.0500030517578,258.25,251.0,256.0,1323776
2023-09-22,231.79934692382807,249.3999938964844,251.75,249.1000061035156,251.1000061035156,1000563
2023-09-25,231.9387664794922,249.5500030517578,252.1999969482422,248.1000061035156,249.8000030517578,931472
2023-09-26,231.52052307128903,249.1000061035156,249.8999938964844,246.3000030517578,249.25,1833786
2023-09-27,234.21585083007807,252.0,257.54998779296875,251.5500030517578,251.8999938964844,1364866
2023-09-28,232.07818603515625,249.6999969482422,252.0500030517578,248.4499969482422,251.8000030517578,1059383
2023-09-29,232.77525329589844,250.4499969482422,252.5500030517578,249.0500030517578,249.0500030517578,1593988
2023-10-02,230.54461669921875,248.0500030517578,250.0500030517578,246.1499938964844,249.1999969482422,1222194
2023-10-03,228.964599609375,246.3500061035156,249.0,245.6999969482422,248.0500030517578,1100141
2023-10-04,226.7339630126953,243.9499969482422,246.25,243.8000030517578,244.9499969482422,1629992
2023-10-05,229.28988647460932,246.6999969482422,247.6499938964844,243.75,244.1499938964844,1567537
2023-10-06,230.59109497070312,248.1000061035156,248.6499938964844,246.4499969482422,247.3000030517578,965002
2023-10-09,233.1470184326172,250.8500061035156,252.0,247.8500061035156,248.1999969482422,1371841
2023-10-10,234.81997680664065,252.6499938964844,253.1499938964844,250.9499969482422,251.0,1447689
2023-10-11,236.12120056152344,254.0500030517578,256.6499938964844,252.8500061035156,252.8500061035156,1408172
2023-10-12,234.866455078125,252.6999969482422,255.75,252.6999969482422,254.6000061035156,1223461
2023-10-13,237.0506134033203,255.0500030517578,256.0,253.0,253.1999969482422,1523831
2023-10-16,234.3552703857422,252.1499938964844,255.3999938964844,249.1999969482422,255.1999969482422,1185891
2023-10-17,234.6805725097656,252.5,254.6999969482422,251.0500030517578,251.0500030517578,1603792
2023-10-18,231.84580993652344,249.4499969482422,252.75,249.4499969482422,250.6000061035156,992098
2023-10-19,221.62210083007807,238.4499969482422,242.6000061035156,236.75,241.0,2615067
2023-10-20,222.13330078125,239.0,240.3999938964844,236.6499938964844,237.5,2060418
2023-10-23,220.7856292724609,237.5500030517578,240.75,236.5500030517578,240.75,1085139
2023-10-24,220.4603271484375,237.1999969482422,237.1999969482422,233.1999969482422,235.25,1050554
2023-10-25,220.7856292724609,237.5500030517578,237.8000030517578,234.0500030517578,236.0500030517578,1751692
2023-10-26,220.5067901611328,237.25,237.8000030517578,235.0,236.3999938964844,999705
2023-10-27,220.9715118408203,237.75,240.5,236.1999969482422,237.4499969482422,1282612
2023-10-30,224.2709808349609,241.3000030517578,242.4499969482422,238.8500061035156,238.8500061035156,2118729
2023-10-31,217.34674072265625,233.8500061035156,239.0,230.8999938964844,238.9499969482422,2231134
2023-11-01,220.925033569336,237.6999969482422,239.6499938964844,234.8999938964844,235.8500061035156,2031538
2023-11-02,221.34327697753903,238.1499938964844,239.5,236.3500061035156,237.3500061035156,1103893
2023-11-03,220.5067901611328,237.25,241.0500030517578,236.8000030517578,238.5,1398181
2023-11-06,220.41384887695312,237.1499938964844,237.3999938964844,235.8000030517578,237.25,826767
2023-11-07,219.7167816162109,236.3999938964844,238.0,235.1999969482422,235.3500061035156,981155
2023-11-08,221.34327697753903,238.1499938964844,239.4499969482422,236.6000061035156,237.3999938964844,1215896
2023-11-09,221.2968139648437,238.1000061035156,240.8000030517578,237.3999938964844,238.6999969482422,982976
2023-11-10,220.0420837402344,236.75,239.6999969482422,235.6499938964844,238.0500030517578,1657680
2023-11-13,221.90093994140625,238.75,239.5,236.1499938964844,237.0,984181
2023-11-14,222.69094848632807,239.6000061035156,240.3500061035156,238.1000061035156,239.6499938964844,1319166
2023-11-15,221.2038726806641,238.0,241.8000030517578,237.75,240.0,999525
2023-11-16,220.1350250244141,236.8500061035156,238.8999938964844,236.6999969482422,238.1499938964844,900335
2023-11-17,220.83209228515625,237.6000061035156,238.6000061035156,236.6999969482422,237.3999938964844,1797463
2023-11-20,220.41384887695312,237.1499938964844,237.8500061035156,235.5500030517578,237.1499938964844,1154498
2023-11-21,220.83209228515625,237.6000061035156,237.75,236.1000061035156,237.1000061035156,871644
2023-11-22,219.90267944335932,236.6000061035156,238.1999969482422,236.5,237.9499969482422,1181396
2023-11-23,221.52915954589844,238.3500061035156,238.9499969482422,236.4499969482422,237.0,845954
2023-11-24,221.85446166992188,238.6999969482422,239.8500061035156,238.4499969482422,239.5,746226
2023-11-27,220.18148803710932,236.8999938964844,239.25,236.8999938964844,239.0500030517578,1105013
2023-11-28,219.25205993652344,235.8999938964844,236.25,233.3000030517578,236.0,1457022
2023-11-29,219.7167816162109,236.3999938964844,237.8500061035156,235.4499969482422,236.0,896062
2023-11-30,219.39149475097656,236.0500030517578,238.1000061035156,234.8000030517578,236.5,4753965
2023-12-01,222.69094848632807,239.6000061035156,240.3000030517578,235.25,235.3000030517578,1303135
2023-12-04,228.91812133789065,246.3000030517578,246.9499969482422,241.3999938964844,241.5,1422731
2023-12-05,233.2399444580078,250.9499969482422,252.1999969482422,246.3500061035156,248.25,1771864
2023-12-06,232.3105316162109,249.9499969482422,251.8500061035156,247.3000030517578,249.9499969482422,1218341
2023-12-07,231.84580993652344,249.4499969482422,252.0500030517578,249.1999969482422,251.3999938964844,1178035
2023-12-08,235.42413330078125,253.3000030517578,254.1999969482422,249.3000030517578,249.4499969482422,1011434
2023-12-11,236.35354614257807,254.3000030517578,254.6499938964844,252.5500030517578,253.0,1159299
2023-12-12,235.7958831787109,253.6999969482422,255.8000030517578,253.4499969482422,253.5,1469090
2023-12-13,234.81997680664065,252.6499938964844,255.3500061035156,252.1000061035156,253.1999969482422,1671964
2023-12-14,228.5463409423828,245.8999938964844,254.8000030517578,245.4499969482422,253.5500030517578,1731296
2023-12-15,227.10574340820312,244.3500061035156,247.3000030517578,243.1000061035156,246.5,2907001
2023-12-18,227.895751953125,245.1999969482422,246.3000030517578,242.8000030517578,243.6000061035156,989976
2023-12-19,226.826904296875,244.0500030517578,245.8500061035156,243.3000030517578,244.6499938964844,1006802
2023-12-20,226.3157196044922,243.5,246.3000030517578,243.25,244.25,767318
2023-12-21,227.70985412597656,245.0,245.5,241.3000030517578,243.1000061035156,984968
2023-12-22,227.0592803955078,244.3000030517578,244.6000061035156,242.3000030517578,242.4499969482422,602053
2023-12-27,226.5016021728516,243.6999969482422,245.3000030517578,243.1000061035156,243.5,545518
2023-12-28,225.33981323242188,242.4499969482422,244.5,242.4499969482422,243.6999969482422,636368
2023-12-29,227.24514770507807,244.5,244.6999969482422,242.3000030517578,242.5,558252
2024-01-03,234.07644653320312,251.8500061035156,253.4499969482422,248.25,249.0500030517578,1680137
2024-01-04,236.40000915527344,254.3500061035156,255.75,251.6000061035156,254.4499969482422,1162625
2024-01-05,233.5652618408203,251.3000030517578,255.8999938964844,250.1999969482422,254.1000061035156,879614
2024-01-08,233.7046661376953,251.4499969482422,252.1499938964844,249.8000030517578,251.5500030517578,724037
2024-01-09,234.4482269287109,252.25,253.8500061035156,251.3500061035156,252.3000030517578,894046
2024-01-10,235.9817657470703,253.8999938964844,254.8999938964844,249.3999938964844,250.8000030517578,1318907
2024-01-11,232.9146728515625,250.6000061035156,254.9499969482422,250.0500030517578,253.8000030517578,957180
2024-01-12,234.6805725097656,252.5,254.1999969482422,251.6999969482422,252.8500061035156,926995
2024-01-15,233.1470184326172,250.8500061035156,251.6000061035156,250.3999938964844,251.5,642017
2024-01-16,232.449951171875,250.1000061035156,250.8000030517578,247.4499969482422,250.0,921494
2024-01-17,229.8010711669922,247.25,248.6999969482422,246.1499938964844,248.0,876608
2024-01-18,228.5928192138672,245.9499969482422,248.25,243.6000061035156,244.75,1175921
2024-01-19,226.87338256835932,244.1000061035156,249.1000061035156,244.1000061035156,248.0,1408278
2024-01-22,230.3122711181641,247.8000030517578,248.8999938964844,244.25,245.1000061035156,980411
2024-01-23,226.54806518554688,243.75,248.6499938964844,243.4499969482422,246.8999938964844,1078075
2024-01-24,227.84927368164065,245.1499938964844,245.1499938964844,242.8500061035156,243.8000030517578,914338
2024-01-25,224.9215850830078,242.0,244.3500061035156,240.1499938964844,244.0,992560
2024-01-26,229.9869537353516,247.4499969482422,248.6999969482422,243.0,243.0,1170983
2024-01-29,229.3363647460937,246.75,247.6000061035156,245.8000030517578,246.3500061035156,673652
2024-01-30,229.28988647460932,246.6999969482422,248.4499969482422,245.6999969482422,246.25,736722
2024-01-31,229.6616668701172,247.1000061035156,248.9499969482422,245.1000061035156,248.9499969482422,1343137
2024-02-01,217.0214385986328,233.5,241.1999969482422,233.1999969482422,240.9499969482422,3189813
2024-02-02,217.5791015625,234.1000061035156,236.3999938964844,233.1499938964844,233.8999938964844,1298916
2024-02-05,214.233154296875,230.5,234.0,228.9499969482422,232.9499969482422,1735083
2024-02-06,214.27963256835932,230.5500030517578,231.9499969482422,227.0,231.1000061035156,1930911
2024-02-07,212.0954742431641,228.1999969482422,231.8999938964844,227.6499938964844,231.5,2318773
2024-02-08,209.0283660888672,224.8999938964844,230.0500030517578,224.75,226.8000030517578,1387393
2024-02-09,209.0283660888672,224.8999938964844,225.1000061035156,222.75,225.1000061035156,1326187
2024-02-12,211.4448699951172,227.5,227.5,224.25,224.75,1341717
2024-02-13,212.37429809570312,228.5,230.25,227.6499938964844,228.5,1697777
2024-02-14,211.16604614257807,227.1999969482422,228.5,226.5500030517578,228.1499938964844,1305816
2024-02-15,210.9336853027344,226.9499969482422,228.1999969482422,225.5,225.5,1232713
2024-02-16,212.0954742431641,228.1999969482422,229.1499938964844,225.75,225.75,1370536
2024-02-19,215.62730407714844,232.0,232.5500030517578,228.6999969482422,229.0,971144
2024-02-20,215.81317138671875,232.1999969482422,234.1499938964844,231.3999938964844,232.3000030517578,790133
2024-02-21,214.5584716796875,230.8500061035156,231.5500030517578,229.6499938964844,231.0,1134956
2024-02-22,212.6996154785156,228.8500061035156,232.9499969482422,227.3000030517578,232.5500030517578,1627852
2024-02-23,215.99905395507807,232.3999938964844,232.6000061035156,228.9499969482422,229.5500030517578,1079974
2024-02-26,212.9784240722656,229.1499938964844,233.1499938964844,229.1499938964844,232.9499969482422,1594528
2024-02-27,215.5808258056641,231.9499969482422,233.1999969482422,228.1000061035156,228.6000061035156,1362441
2024-02-28,214.6978759765625,231.0,234.3500061035156,230.8000030517578,232.5500030517578,1138645
2024-02-29,215.5808258056641,231.9499969482422,233.5,230.75,232.4499969482422,1577953
2024-03-01,216.7426147460937,233.1999969482422,235.3999938964844,231.6499938964844,232.1000061035156,1097874
2024-03-04,217.0679168701172,233.5500030517578,235.0,232.0,233.0500030517578,1088417
2024-03-05,218.13674926757807,234.6999969482422,237.1999969482422,232.9499969482422,233.5,1632562
2024-03-06,219.25205993652344,235.8999938964844,236.5500030517578,234.3000030517578,234.3999938964844,926204
2024-03-07,221.1109161376953,237.8999938964844,238.5,235.8000030517578,236.4499969482422,1429593
2024-03-08,221.38975524902344,238.1999969482422,238.5,236.3000030517578,236.6999969482422,1411938
2024-03-11,224.9215850830078,242.0,242.1000061035156,239.4499969482422,239.8999938964844,1489129
2024-03-12,227.47750854492188,244.75,245.5500030517578,241.3000030517578,242.6999969482422,2094425
2024-03-13,223.9921417236328,241.0,244.75,240.6499938964844,244.75,1862536
2024-03-14,224.9601287841797,232.3999938964844,234.8500061035156,230.6499938964844,233.5,1964137
2024-03-15,223.411361694336,230.8000030517578,233.6999969482422,230.3999938964844,233.0,5852354
2024-03-18,222.24978637695312,229.6000061035156,231.0,228.1000061035156,230.8000030517578,927967
2024-03-19,221.71739196777344,229.0500030517578,231.5500030517578,227.0,229.0,1233761
2024-03-20,223.5565490722656,230.9499969482422,232.0,229.0,230.0,956554
2024-03-21,217.845443725586,225.0500030517578,230.3000030517578,224.0500030517578,229.0,2338691
2024-03-22,218.08743286132807,225.3000030517578,227.8500061035156,224.0,224.5500030517578,1186859
2024-03-25,218.2810211181641,225.5,226.5500030517578,224.8999938964844,225.6000061035156,757880
2024-03-26,219.92660522460932,227.1999969482422,227.6999969482422,225.5,225.5,960787
2024-03-27,219.4910125732422,226.75,228.6499938964844,226.1000061035156,227.5500030517578,1151158
2024-03-28,222.34657287597656,229.6999969482422,230.0500030517578,226.1000061035156,226.1000061035156,1443902
2024-04-02,219.829818725586,227.1000061035156,231.5,227.1000061035156,230.1999969482422,1681585
2024-04-03,219.15220642089844,226.3999938964844,228.0,225.6000061035156,227.8999938964844,1307642
2024-04-04,217.70022583007807,224.8999938964844,227.3999938964844,224.1000061035156,226.3999938964844,1351378
2024-04-05,212.47311401367188,219.5,223.6999969482422,219.1999969482422,223.1000061035156,1621778
2024-04-08,212.7635040283203,219.8000030517578,220.0,217.0,218.1000061035156,1494784
2024-04-09,214.6994781494141,221.8000030517578,223.8000030517578,221.0,221.0,1519720
2024-04-10,217.2162322998047,224.3999938964844,224.5,222.3000030517578,222.8000030517578,1052844
2024-04-11,218.86183166503903,226.1000061035156,228.8999938964844,223.1000061035156,223.1000061035156,1355646
2024-04-12,217.79702758789065,225.0,226.8999938964844,224.5,224.6000061035156,1292148
2024-04-15,217.8938446044922,225.1000061035156,227.1999969482422,223.8000030517578,226.8000030517578,761091
2024-04-16,214.4090881347656,221.5,224.8999938964844,220.3000030517578,224.1000061035156,1195512
2024-04-17,213.0539093017578,220.1000061035156,222.1999969482422,218.6999969482422,220.0,1102421
2024-04-18,212.9571075439453,220.0,221.8000030517578,219.1000061035156,219.3999938964844,1082997
2024-04-19,214.9898834228516,222.1000061035156,222.1000061035156,218.5,219.3000030517578,1363531
2024-04-22,218.5714263916016,225.8000030517578,227.1999969482422,222.8999938964844,222.8999938964844,1837156
2024-04-23,222.34657287597656,229.6999969482422,230.5,225.6000061035156,225.6000061035156,2208142
2024-04-24,215.086669921875,222.1999969482422,226.6999969482422,220.6000061035156,226.6000061035156,2211530
2024-04-25,211.79551696777344,218.8000030517578,222.8999938964844,218.3000030517578,222.1000061035156,1598654
2024-04-26,213.9250946044922,221.0,221.3999938964844,219.1999969482422,220.1999969482422,1087703
2024-04-29,214.11868286132807,221.1999969482422,223.1999969482422,220.6000061035156,221.6000061035156,994900
2024-04-30,213.53790283203125,220.6000061035156,221.1999969482422,219.1000061035156,220.8000030517578,1454831
2024-05-02,207.24598693847656,214.1000061035156,222.8000030517578,213.6000061035156,220.1999969482422,2132636
2024-05-03,210.34353637695312,217.3000030517578,218.6000061035156,212.8999938964844,213.6000061035156,1731684
2024-05-06,211.505126953125,218.5,219.6999969482422,216.6000061035156,217.8000030517578,988152
2024-05-07,214.21548461914065,221.3000030517578,221.6999969482422,218.1000061035156,218.1000061035156,1167856
2024-05-08,215.1834716796875,222.3000030517578,223.1999969482422,221.1999969482422,222.3000030517578,1238923
2024-05-10,217.8938446044922,225.1000061035156,226.5,224.0,224.1000061035156,1320691
2024-05-13,220.5074005126953,227.8000030517578,228.3999938964844,223.6999969482422,224.6000061035156,1268808
2024-05-14,217.40985107421875,224.6000061035156,225.1000061035156,221.6999969482422,224.5,1601641
2024-05-15,220.2169952392578,227.5,228.1999969482422,224.6000061035156,224.6000061035156,1385260
2024-05-16,227.28330993652344,234.8000030517578,238.3999938964844,233.5,235.0,2565942
2024-05-17,229.5096740722656,237.1000061035156,237.8000030517578,234.0,235.1000061035156,1769678
2024-05-21,226.89610290527344,234.3999938964844,238.8000030517578,234.3999938964844,238.5,1895628
2024-05-22,224.47613525390625,231.8999938964844,235.5,231.1000061035156,235.5,1551322
2024-05-23,224.6697540283203,232.1000061035156,234.8999938964844,232.1000061035156,232.5,1343271
2024-05-24,223.024154663086,230.3999938964844,232.5,230.1000061035156,232.0,1009115
2024-05-27,222.5401611328125,229.8999938964844,231.3000030517578,229.6000061035156,230.1999969482422,536073
2024-05-28,221.4753875732422,228.8000030517578,231.6999969482422,228.3000030517578,230.8000030517578,1047030
2024-05-29,222.24978637695312,229.6000061035156,231.1000061035156,227.3000030517578,228.3000030517578,1091180
2024-05-30,220.99139404296875,228.3000030517578,228.6999969482422,226.5,227.1000061035156,1140683
2024-05-31,223.60494995117188,231.0,231.8999938964844,227.1999969482422,228.1999969482422,2382396
2024-06-03,224.6697540283203,232.1000061035156,233.3000030517578,230.6999969482422,232.6999969482422,856265
2024-06-04,226.7025146484375,234.1999969482422,235.6000061035156,232.3000030517578,232.3999938964844,965235
2024-06-05,228.54168701171875,236.1000061035156,237.8000030517578,235.3000030517578,235.6000061035156,1067450
2024-06-06,230.4776611328125,238.1000061035156,239.1000061035156,235.6999969482422,236.1999969482422,1001498
2024-06-07,234.83360290527344,242.6000061035156,244.0,238.8000030517578,239.3000030517578,1516994
2024-06-10,232.0264434814453,239.6999969482422,242.6000061035156,238.6000061035156,239.6999969482422,1202511
2024-06-11,233.86561584472656,241.6000061035156,241.6000061035156,239.0,239.6999969482422,1004984
2024-06-12,235.7047882080078,243.5,243.5,240.1999969482422,240.6999969482422,1065666
2024-06-13,237.93116760253903,245.8000030517578,246.0,242.6999969482422,243.5,1260611
2024-06-14,239.6735382080078,247.6000061035156,248.5,245.8999938964844,247.0,1146866
2024-06-17,237.6407623291016,245.5,247.1000061035156,243.5,247.0,1115800
2024-06-18,239.96392822265625,247.8999938964844,248.0,244.5,245.5,925706
2024-06-19,241.80311584472656,249.8000030517578,250.1000061035156,247.8000030517578,248.3000030517578,1200253
2024-06-20,241.9967041015625,250.0,250.8000030517578,248.3000030517578,250.1000061035156,1550567
2024-06-21,244.7070770263672,252.8000030517578,254.1000061035156,250.1000061035156,250.1999969482422,4148653
2024-06-24,247.2238311767578,255.3999938964844,255.5,252.0,252.8000030517578,985826
2024-06-25,245.2878570556641,253.3999938964844,255.3999938964844,252.1999969482422,254.8000030517578,978313
2024-06-26,241.6095123291016,249.6000061035156,254.8999938964844,248.8999938964844,254.1000061035156,1200732
2024-06-27,242.38389587402344,250.3999938964844,251.5,249.6000061035156,250.0,884271
2024-06-28,241.51271057128903,249.5,252.1999969482422,249.3999938964844,251.1000061035156,1070180
2024-07-01,242.093505859375,250.1000061035156,250.8999938964844,248.8999938964844,249.0,820163
2024-07-02,240.5447235107422,248.5,249.3000030517578,246.5,249.0,1032254
2024-07-03,238.124755859375,246.0,249.0,245.6999969482422,248.1000061035156,929796
2024-07-04,235.6079864501953,243.3999938964844,244.0,238.1000061035156,238.3999938964844,1296765
2024-07-05,235.51119995117188,243.3000030517578,246.6000061035156,243.1999969482422,243.8999938964844,757877
2024-07-08,235.8983917236328,243.6999969482422,244.5,242.8000030517578,243.3999938964844,795759
2024-07-09,236.7695770263672,244.6000061035156,247.1000061035156,243.6999969482422,244.1000061035156,991513
2024-07-10,241.0287170410156,249.0,250.0,244.6000061035156,244.6000061035156,790746
2024-07-11,244.02947998046875,252.1000061035156,252.8999938964844,250.1000061035156,251.3999938964844,966078
2024-07-12,246.6430511474609,254.8000030517578,255.6999969482422,252.3999938964844,252.3999938964844,757559
2024-07-15,250.418197631836,258.70001220703125,261.29998779296875,254.6000061035156,255.3999938964844,1406459
2024-07-16,250.61178588867188,258.8999938964844,259.3999938964844,256.0,257.1000061035156,881783
2024-07-17,265.2283935546875,274.0,278.0,270.1000061035156,277.70001220703125,2847622
2024-07-18,269.4875183105469,278.3999938964844,278.70001220703125,274.20001220703125,278.29998779296875,1736960
2024-07-19,269.3907165527344,278.29998779296875,281.0,275.1000061035156,280.3999938964844,2028102
2024-07-22,271.13311767578125,280.1000061035156,280.5,278.20001220703125,279.0,1320185
2024-07-23,264.55078125,273.29998779296875,279.79998779296875,272.79998779296875,279.0,1273360
2024-07-24,264.744384765625,273.5,274.3999938964844,271.0,273.0,1177615
2024-07-25,268.6163330078125,277.5,285.3999938964844,276.20001220703125,282.0,1873550
2024-07-26,276.84423828125,286.0,286.3999938964844,278.70001220703125,280.0,1734682
2024-07-29,276.263427734375,285.3999938964844,287.3999938964844,283.70001220703125,287.0,1009739
2024-07-30,276.3602294921875,285.5,286.0,282.20001220703125,284.1000061035156,750064
2024-07-31,276.650634765625,285.79998779296875,285.8999938964844,282.8999938964844,285.0,1249212
2024-08-02,272.1011047363281,281.1000061035156,286.1000061035156,278.20001220703125,282.79998779296875,1614343
2024-08-05,261.3564453125,270.0,277.20001220703125,263.5,277.0,2477360
2024-08-06,257.9684753417969,266.5,270.1000061035156,264.0,268.20001220703125,1606646
2024-08-07,265.4219970703125,274.20001220703125,274.8999938964844,268.79998779296875,271.3999938964844,1202091
2024-08-08,266.77716064453125,275.6000061035156,276.0,271.3999938964844,274.8999938964844,905033
2024-08-09,268.2291564941406,277.1000061035156,277.1000061035156,274.20001220703125,275.6000061035156,685502
2024-08-12,268.90673828125,277.79998779296875,278.0,275.79998779296875,276.79998779296875,516146
2024-08-13,270.4555053710937,279.3999938964844,280.5,277.29998779296875,280.0,847618
2024-08-14,272.0043029785156,281.0,281.0,277.20001220703125,279.70001220703125,942300
2024-08-15,272.681884765625,281.70001220703125,283.1000061035156,279.8999938964844,282.0,802999
2024-08-16,272.294677734375,281.29998779296875,283.0,280.0,281.79998779296875,880831
2024-08-19,274.1338806152344,283.20001220703125,283.70001220703125,279.8999938964844,280.29998779296875,822462
2024-08-20,274.90826416015625,284.0,284.29998779296875,281.79998779296875,283.70001220703125,898858
2024-08-21,274.1338806152344,283.20001220703125,284.3999938964844,282.0,282.0,884153
2024-08-22,273.8434753417969,282.8999938964844,284.70001220703125,282.3999938964844,284.29998779296875,573377
2024-08-23,274.1338806152344,283.20001220703125,284.70001220703125,282.0,283.0,695197
2024-08-26,275.8762512207031,285.0,285.0,283.20001220703125,283.5,584470
2024-08-27,272.9722900390625,282.0,285.0,280.8999938964844,285.0,805404
2024-08-28,273.1658935546875,282.20001220703125,283.70001220703125,281.0,281.79998779296875,941204
2024-08-29,276.263427734375,285.3999938964844,285.3999938964844,281.0,282.29998779296875,1435414
2024-08-30,278.0058288574219,287.20001220703125,287.79998779296875,284.1000061035156,285.0,1479346
2024-09-02,278.48980712890625,287.70001220703125,288.20001220703125,286.0,287.29998779296875,1382103
2024-09-03,272.5850830078125,281.6000061035156,285.79998779296875,280.1000061035156,285.0,1417618
2024-09-04,270.2619323730469,279.20001220703125,282.0,277.79998779296875,280.0,2499132
2024-09-05,267.35797119140625,276.20001220703125,279.0,274.3999938964844,275.29998779296875,1704249
2024-09-06,265.4219970703125,274.20001220703125,278.29998779296875,273.5,274.70001220703125,1142423
2024-09-09,258.6460876464844,267.20001220703125,276.20001220703125,262.0,274.8999938964844,1995768
2024-09-10,260.2916564941406,268.8999938964844,270.3999938964844,264.70001220703125,265.8999938964844,1353152
2024-09-11,260.1948547363281,268.79998779296875,271.29998779296875,266.29998779296875,266.29998779296875,1117803
2024-09-12,254.58053588867188,263.0,264.6000061035156,255.3000030517578,259.0,2962190
2024-09-13,257.0973205566406,265.6000061035156,270.20001220703125,263.0,263.0,1201563
2024-09-16,255.64532470703125,264.1000061035156,265.6000061035156,263.6000061035156,264.20001220703125,1063272
2024-09-17,257.6781005859375,266.20001220703125,267.5,264.3999938964844,265.3999938964844,2015353
2024-09-18,259.8076477050781,268.3999938964844,269.29998779296875,266.0,267.70001220703125,1217780
2024-09-19,258.9364624023437,267.5,271.0,267.20001220703125,271.0,907090
2024-09-20,260.5820617675781,269.20001220703125,270.20001220703125,267.20001220703125,267.20001220703125,2402502
2024-09-23,260.1948547363281,268.79998779296875,269.3999938964844,266.5,267.5,1008075
2024-09-24,261.4532470703125,270.1000061035156,270.1000061035156,267.6000061035156,268.79998779296875,789523
2024-09-25,262.80841064453125,271.5,272.70001220703125,270.29998779296875,271.79998779296875,731149
2024-09-26,261.9372253417969,270.6000061035156,274.5,269.5,273.3999938964844,1546099
2024-09-27,263.48602294921875,272.20001220703125,273.1000061035156,270.20001220703125,270.79998779296875,1213372
2024-09-30,261.9372253417969,270.6000061035156,273.6000061035156,270.3999938964844,270.3999938964844,1362722
2024-10-01,256.5165100097656,265.0,271.8999938964844,264.3999938964844,271.8999938964844,1455103
2024-10-02,257.0973205566406,265.6000061035156,266.6000061035156,264.29998779296875,264.3999938964844,1185408
2024-10-03,252.83816528320312,261.20001220703125,265.8999938964844,261.20001220703125,265.6000061035156,955981
2024-10-04,250.2245941162109,258.5,263.0,258.1000061035156,261.70001220703125,975596
2024-10-07,251.7733764648437,260.1000061035156,260.29998779296875,257.70001220703125,258.3999938964844,1368800
2024-10-08,254.9677276611328,263.3999938964844,263.79998779296875,258.29998779296875,259.0,1839056
2024-10-09,257.1941223144531,265.70001220703125,265.70001220703125,262.6000061035156,263.0,825378
2024-10-10,257.581298828125,266.1000061035156,267.70001220703125,265.3999938964844,265.3999938964844,1416874
2024-10-11,259.8076477050781,268.3999938964844,268.6000061035156,264.6000061035156,265.79998779296875,1217036
2024-10-14,260.96923828125,269.6000061035156,270.70001220703125,268.8999938964844,269.0,827220
2024-10-15,262.61480712890625,271.29998779296875,272.3999938964844,269.79998779296875,271.20001220703125,1101933
2024-10-16,260.96923828125,269.6000061035156,272.20001220703125,268.70001220703125,270.1000061035156,826455
2024-10-17,262.9052124023437,271.6000061035156,271.8999938964844,267.5,269.3999938964844,889804
2024-10-18,264.55078125,273.29998779296875,273.6000061035156,271.1000061035156,271.70001220703125,1007579
2024-10-21,264.1636047363281,272.8999938964844,275.20001220703125,272.6000061035156,273.3999938964844,762478
2024-10-22,263.48602294921875,272.20001220703125,272.79998779296875,268.70001220703125,271.6000061035156,1169461
2024-10-23,268.3259582519531,277.20001220703125,279.29998779296875,270.79998779296875,273.0,1311565
2024-10-24,270.8427124023437,279.79998779296875,281.0,277.29998779296875,278.20001220703125,1288716
2024-10-25,272.1979064941406,281.20001220703125,281.20001220703125,278.6000061035156,279.5,939961
2024-10-28,268.90673828125,277.79998779296875,282.3999938964844,277.6000061035156,281.6000061035156,818062
2024-10-29,267.4547424316406,276.29998779296875,280.6000061035156,275.29998779296875,280.0,763793
2024-10-30,264.744384765625,273.5,275.29998779296875,271.3999938964844,274.3999938964844,1127633
2024-10-31,259.3236694335937,267.8999938964844,272.70001220703125,267.20001220703125,272.5,1133960
2024-11-01,264.3572082519531,273.1000061035156,274.5,268.8999938964844,268.8999938964844,962174
2024-11-04,263.5827941894531,272.29998779296875,274.29998779296875,271.70001220703125,273.0,702570
2024-11-05,259.7108459472656,268.29998779296875,274.20001220703125,267.3999938964844,274.0,820841
2024-11-06,255.7421264648437,264.20001220703125,272.79998779296875,264.20001220703125,271.0,1566276
2024-11-07,257.2908935546875,265.79998779296875,267.5,263.0,263.1000061035156,998525
2024-11-08,254.6773376464844,263.1000061035156,267.1000061035156,262.5,266.5,1002688
2024-11-11,257.00048828125,265.5,266.3999938964844,263.5,263.5,926371
2024-11-12,254.09654235839844,262.5,264.3999938964844,262.1000061035156,264.0,1806135
2024-11-13,254.6773376464844,263.1000061035156,265.6000061035156,260.79998779296875,263.79998779296875,786206
2024-11-14,253.2253570556641,261.6000061035156,262.20001220703125,259.79998779296875,261.20001220703125,1400274
2024-11-15,247.6110382080078,255.8000030517578,258.6000061035156,252.8000030517578,256.6000061035156,1385278
2024-11-18,245.38465881347656,253.5,255.8000030517578,251.8999938964844,255.6999969482422,1353750
2024-11-19,242.480697631836,250.5,255.3000030517578,248.8000030517578,255.3000030517578,1240207
2024-11-20,241.22232055664065,249.1999969482422,254.0,249.1000061035156,252.0,1508583
2024-11-21,243.06149291992188,251.1000061035156,251.5,248.3000030517578,248.3999938964844,1024565
2024-11-22,246.1590576171875,254.3000030517578,255.5,251.6000061035156,251.6000061035156,792613
2024-11-25,245.38465881347656,253.5,255.1000061035156,252.0,252.1999969482422,2073791
2024-11-26,243.3518829345703,251.3999938964844,254.3000030517578,249.3000030517578,252.1000061035156,857333
2024-11-27,244.4166717529297,252.5,253.6000061035156,251.1999969482422,252.1999969482422,763191
2024-11-28,245.7718505859375,253.8999938964844,254.6999969482422,251.8000030517578,251.8000030517578,522965
2024-11-29,247.3206329345703,255.5,255.5,252.8000030517578,253.0,920953
2024-12-02,247.99822998046875,256.20001220703125,256.20001220703125,254.0,254.8000030517578,887584
2024-12-03,246.35264587402344,254.5,256.5,254.3999938964844,256.1000061035156,740795
2024-12-04,245.5782470703125,253.6999969482422,255.0,252.8000030517578,253.6999969482422,602674
2024-12-05,248.0950164794922,256.29998779296875,256.29998779296875,254.1999969482422,255.0,976658
2024-12-06,248.77261352539065,257.0,257.29998779296875,255.1000061035156,256.29998779296875,767179
2024-12-09,248.9662170410156,257.20001220703125,258.3999938964844,255.3000030517578,256.70001220703125,750443
2024-12-10,245.6750640869141,253.8000030517578,256.8999938964844,253.1999969482422,256.1000061035156,970437
2024-12-11,247.70782470703125,255.8999938964844,256.3999938964844,253.3000030517578,253.6000061035156,969049
2024-12-12,247.3206329345703,255.5,256.1000061035156,252.1999969482422,253.6999969482422,845729
2024-12-13,245.09425354003903,253.1999969482422,254.8000030517578,252.0,254.1000061035156,836740
2024-12-16,248.0950164794922,256.29998779296875,256.29998779296875,252.3999938964844,253.8999938964844,1003067
2024-12-17,249.5469970703125,257.79998779296875,258.1000061035156,253.1000061035156,254.6000061035156,907410
2024-12-18,246.83663940429688,255.0,257.8999938964844,255.0,257.5,1076580
2024-12-19,238.80235290527344,246.6999969482422,251.5,245.3999938964844,251.0,1519621
2024-12-20,239.4799346923828,247.3999938964844,247.8000030517578,243.1000061035156,243.5,2658963
2024-12-23,242.96469116210932,251.0,251.3999938964844,246.6999969482422,248.3999938964844,665055
2024-12-27,245.48146057128903,253.6000061035156,253.6000061035156,250.6000061035156,251.1999969482422,663758
2024-12-30,247.3206329345703,255.5,255.5,252.8999938964844,253.3999938964844,674427
2025-01-03,248.3854217529297,256.6000061035156,258.29998779296875,254.1000061035156,258.29998779296875,1125887
2025-01-06,249.2566070556641,257.5,257.70001220703125,255.3000030517578,257.0,771142
2025-01-07,255.9357147216797,264.3999938964844,264.79998779296875,257.0,258.0,1450583
2025-01-08,258.3556823730469,266.8999938964844,268.6000061035156,264.3999938964844,264.8999938964844,1250838
2025-01-09,263.09881591796875,271.79998779296875,272.79998779296875,268.1000061035156,268.3999938964844,1305941
2025-01-10,258.6460876464844,267.20001220703125,271.29998779296875,267.20001220703125,269.70001220703125,860489
2025-01-13,256.4197082519531,264.8999938964844,266.0,263.8999938964844,265.20001220703125,650207
2025-01-14,254.9677276611328,263.3999938964844,268.6000061035156,263.1000061035156,267.0,1285404
2025-01-15,257.3876953125,265.8999938964844,266.0,261.6000061035156,262.0,1044788
2025-01-16,260.0012512207031,268.6000061035156,268.6000061035156,263.3999938964844,265.70001220703125,831690
2025-01-17,256.9036865234375,265.3999938964844,268.79998779296875,263.3999938964844,268.6000061035156,1326291
2025-01-20,258.3556823730469,266.8999938964844,268.70001220703125,265.3999938964844,266.0,816180
2025-01-21,261.550048828125,270.20001220703125,270.20001220703125,265.20001220703125,266.5,1146777
2025-01-22,265.0347900390625,273.79998779296875,276.29998779296875,272.70001220703125,276.1000061035156,1192119
2025-01-23,265.6155700683594,274.3999938964844,274.8999938964844,272.70001220703125,274.20001220703125,1366796
2025-01-24,266.0995788574219,274.8999938964844,276.1000061035156,273.70001220703125,275.0,876623
2025-01-27,270.35870361328125,279.29998779296875,280.29998779296875,275.20001220703125,275.6000061035156,1072454
2025-01-28,271.3266906738281,280.29998779296875,283.5,279.5,279.70001220703125,970779
2025-01-29,271.8106994628906,280.79998779296875,282.79998779296875,279.79998779296875,280.29998779296875,851165
2025-01-30,276.0698547363281,285.20001220703125,287.1000061035156,276.0,277.0,1786393
2025-01-31,276.84423828125,286.0,289.6000061035156,283.8999938964844,289.0,1799245
2025-02-03,276.5538330078125,285.70001220703125,286.79998779296875,283.79998779296875,284.20001220703125,971942
2025-02-04,276.84423828125,286.0,286.5,283.70001220703125,285.0,970204
2025-02-05,281.9745483398437,291.29998779296875,291.29998779296875,286.20001220703125,286.79998779296875,1075666
2025-02-06,278.48980712890625,287.70001220703125,292.1000061035156,286.29998779296875,291.79998779296875,1065308
2025-02-07,279.7481994628906,289.0,290.8999938964844,285.5,285.6000061035156,1380024
2025-02-10,281.2969665527344,290.6000061035156,290.6000061035156,286.20001220703125,288.70001220703125,1248673
2025-02-11,278.97381591796875,288.20001220703125,290.3999938964844,288.20001220703125,289.5,1042536
2025-02-12,282.3617553710937,291.70001220703125,291.70001220703125,288.70001220703125,289.5,996906
2025-02-13,288.2664489746094,297.79998779296875,298.1000061035156,292.0,294.1000061035156,1429493
2025-02-14,285.0721130371094,294.5,298.0,293.29998779296875,298.0,1636790
2025-02-17,284.8785095214844,294.29998779296875,296.0,294.1000061035156,295.8999938964844,764258
2025-02-18,285.4593200683594,294.8999938964844,295.20001220703125,292.1000061035156,294.1000061035156,826712
2025-02-19,285.2657165527344,294.70001220703125,298.3999938964844,292.79998779296875,298.3999938964844,1136271
2025-02-20,285.84649658203125,295.29998779296875,295.29998779296875,289.5,293.0,1088006
2025-02-21,288.8472595214844,298.3999938964844,298.3999938964844,292.79998779296875,293.5,1864475
2025-02-24,288.556884765625,298.1000061035156,299.1000061035156,296.6000061035156,297.8999938964844,928126
2025-02-25,289.71844482421875,299.29998779296875,299.79998779296875,297.70001220703125,298.20001220703125,1286310
2025-02-26,290.2992553710937,299.8999938964844,299.8999938964844,296.20001220703125,296.8999938964844,1291908
2025-02-27,288.7504577636719,298.29998779296875,300.3999938964844,297.70001220703125,299.5,1224791
2025-02-28,289.6216735839844,299.20001220703125,299.20001220703125,296.5,296.8999938964844,2504849
2025-03-03,292.9128112792969,302.6000061035156,303.3999938964844,298.6000061035156,300.8999938964844,1193081
2025-03-04,294.46160888671875,304.20001220703125,304.8999938964844,302.0,302.5,1436521
2025-03-05,293.4936218261719,303.20001220703125,304.20001220703125,300.6000061035156,301.6000061035156,1414103
2025-03-06,293.0096130371094,302.70001220703125,303.1000061035156,297.8999938964844,300.3999938964844,1251606
2025-03-07,297.1719665527344,307.0,307.29998779296875,300.29998779296875,302.0,1222215
2025-03-10,297.55914306640625,307.3999938964844,308.70001220703125,305.79998779296875,306.79998779296875,1364942
2025-03-11,287.0080871582031,296.5,307.0,295.8999938964844,306.29998779296875,1413155
2025-03-12,297.4623413085937,307.29998779296875,313.79998779296875,301.29998779296875,302.0,2700162
2025-03-13,293.3968200683594,303.1000061035156,308.0,301.79998779296875,306.5,1319716
2025-03-14,296.0103454589844,305.79998779296875,306.8999938964844,300.79998779296875,304.29998779296875,963408
2025-03-17,301.1407165527344,311.1000061035156,311.70001220703125,305.6000061035156,305.6000061035156,1079245
2025-03-18,299.3015441894531,309.20001220703125,312.3999938964844,307.6000061035156,310.0,1539554
2025-03-19,296.2039794921875,306.0,307.8999938964844,305.0,307.70001220703125,1056280
2025-03-20,296.30078125,306.1000061035156,307.79998779296875,304.70001220703125,306.0,1042947
2025-03-21,299.3015441894531,309.20001220703125,309.3999938964844,305.29998779296875,305.5,2263981
2025-03-24,294.46160888671875,304.20001220703125,308.5,302.8999938964844,307.8999938964844,1164817
2025-03-25,295.91357421875,305.70001220703125,308.70001220703125,304.6000061035156,304.70001220703125,1159695
2025-03-26,293.3000183105469,303.0,305.3999938964844,300.6000061035156,305.0,1270046
2025-03-27,294.3999938964844,294.3999938964844,295.0,291.5,293.6000061035156,1756518
2025-03-28,296.70001220703125,296.70001220703125,296.8999938964844,292.3999938964844,292.70001220703125,1000300
2025-03-31,290.5,290.5,295.1000061035156,289.70001220703125,294.1000061035156,1408463
2025-04-01,292.3999938964844,292.3999938964844,295.29998779296875,290.20001220703125,294.1000061035156,1066663
2025-04-02,286.79998779296875,286.79998779296875,289.70001220703125,284.0,289.1000061035156,1180833
2025-04-03,278.5,278.5,282.79998779296875,277.29998779296875,281.79998779296875,2081623
2025-04-04,261.79998779296875,261.79998779296875,276.79998779296875,260.5,274.8999938964844,2318280
2025-04-07,246.1000061035156,246.1000061035156,257.1000061035156,241.3999938964844,249.1000061035156,3724396
2025-04-08,250.0,250.0,253.8000030517578,246.3999938964844,250.5,2036497
2025-04-09,235.3999938964844,235.3999938964844,242.3000030517578,231.8999938964844,237.5,3037967
2025-04-10,243.0,243.0,256.5,241.6000061035156,255.0,1900415
2025-04-11,243.8000030517578,243.8000030517578,246.1000061035156,239.8000030517578,245.1999969482422,1333341
2025-04-14,251.6999969482422,251.6999969482422,252.3000030517578,247.6000061035156,248.5,1597563
2025-04-15,255.3999938964844,255.3999938964844,255.5,249.3999938964844,250.1000061035156,2116040
2025-04-16,254.3999938964844,254.3999938964844,254.5,250.8999938964844,253.8999938964844,2483604
2025-04-17,255.6000061035156,255.6000061035156,261.20001220703125,250.8999938964844,253.1999969482422,2269952
2025-04-22,254.8000030517578,254.8000030517578,255.6000061035156,248.6000061035156,254.1000061035156,1196701
2025-04-23,258.1000061035156,258.1000061035156,261.1000061035156,256.1000061035156,259.5,1165808
2025-04-24,262.29998779296875,262.29998779296875,263.3999938964844,255.1000061035156,257.70001220703125,1344526
2025-04-25,261.8999938964844,261.8999938964844,263.8999938964844,258.79998779296875,261.29998779296875,883841
2025-04-28,265.1000061035156,265.1000061035156,266.1000061035156,259.79998779296875,260.0,1048231
2025-04-29,268.8999938964844,268.8999938964844,270.70001220703125,266.20001220703125,267.1000061035156,1367476
2025-04-30,269.29998779296875,269.29998779296875,271.70001220703125,268.1000061035156,269.3999938964844,1618150
2025-05-02,272.3999938964844,272.3999938964844,273.8999938964844,266.70001220703125,266.70001220703125,1136802
2025-05-05,272.0,272.0,274.6000061035156,271.8999938964844,273.3999938964844,732881
2025-05-06,271.3999938964844,271.3999938964844,273.6000061035156,270.5,272.1000061035156,1136939
2025-05-07,266.20001220703125,266.20001220703125,268.0,264.8999938964844,266.0,993648
2025-05-08,259.8999938964844,259.8999938964844,265.0,259.8999938964844,264.0,1247825
2025-05-09,257.6000061035156,257.6000061035156,262.5,255.1000061035156,262.1000061035156,1182585
2025-05-12,261.8999938964844,261.8999938964844,262.1000061035156,246.0,247.6999969482422,2082326
2025-05-13,259.0,259.0,265.1000061035156,257.1000061035156,264.70001220703125,1052072
2025-05-14,254.5,254.5,259.70001220703125,254.3000030517578,258.1000061035156,1233370
2025-05-15,257.0,257.0,257.0,251.8000030517578,252.1999969482422,831299
2025-05-16,259.70001220703125,259.70001220703125,261.1000061035156,256.5,256.6000061035156,1706043
2025-05-19,260.0,260.0,261.0,258.6000061035156,260.5,1065804
2025-05-20,263.3999938964844,263.3999938964844,266.20001220703125,260.3999938964844,261.29998779296875,944876
2025-05-21,262.6000061035156,262.6000061035156,263.79998779296875,260.8999938964844,261.8999938964844,912166
2025-05-22,259.20001220703125,259.20001220703125,262.70001220703125,257.3999938964844,262.3999938964844,766942
2025-05-23,259.8999938964844,259.8999938964844,261.5,254.6000061035156,260.20001220703125,886267
2025-05-26,262.5,262.5,262.8999938964844,261.0,261.0,438379
2025-05-27,260.8999938964844,260.8999938964844,264.0,260.8999938964844,262.79998779296875,692024
2025-05-28,260.20001220703125,260.20001220703125,261.20001220703125,258.79998779296875,260.5,765044
2025-05-30,265.5,265.5,265.70001220703125,259.1000061035156,260.3999938964844,2457197
2025-06-02,264.70001220703125,264.70001220703125,267.0,263.3999938964844,265.29998779296875,683815
2025-06-03,263.79998779296875,263.79998779296875,266.29998779296875,262.70001220703125,265.6000061035156,738483
2025-06-04,267.20001220703125,267.20001220703125,268.70001220703125,263.79998779296875,265.0,872165
2025-06-05,267.70001220703125,267.70001220703125,269.79998779296875,266.20001220703125,266.79998779296875,697718
2025-06-06,268.20001220703125,268.20001220703125,269.6000061035156,267.0,268.20001220703125,624718
2025-06-10,269.79998779296875,269.79998779296875,271.0,267.5,270.0,820400
2025-06-11,269.8999938964844,269.8999938964844,272.0,269.6000061035156,270.3999938964844,532625
2025-06-12,272.6000061035156,272.6000061035156,273.29998779296875,267.70001220703125,268.20001220703125,938060
2025-06-13,269.70001220703125,269.70001220703125,272.1000061035156,268.70001220703125,269.1000061035156,889928
2025-06-16,262.8999938964844,262.8999938964844,268.6000061035156,262.70001220703125,267.0,897606
2025-06-17,261.6000061035156,261.6000061035156,264.79998779296875,259.0,259.0,936921
2025-06-18,259.1000061035156,259.1000061035156,261.0,257.6000061035156,260.70001220703125,889853
2025-06-19,260.0,260.0,260.6000061035156,256.0,257.5,725931
2025-06-20,259.29998779296875,259.29998779296875,261.5,258.1000061035156,259.29998779296875,5049502
2025-06-23,260.5,260.5,260.79998779296875,256.29998779296875,259.29998779296875,858430
2025-06-24,262.1000061035156,262.1000061035156,264.3999938964844,261.29998779296875,262.6000061035156,696072
2025-06-25,259.3999938964844,259.3999938964844,262.6000061035156,259.1000061035156,261.3999938964844,1007037
2025-06-26,262.1000061035156,262.1000061035156,263.29998779296875,260.0,260.5,1038176
2025-06-27,261.6000061035156,261.6000061035156,264.1000061035156,260.79998779296875,262.8999938964844,700543
2025-06-30,258.3999938964844,258.3999938964844,262.5,258.3999938964844,261.3999938964844,1020708
2025-07-01,260.70001220703125,260.70001220703125,260.70001220703125,257.0,259.3999938964844,545027
2025-07-02,260.1000061035156,260.1000061035156,261.0,258.3999938964844,260.29998779296875,759123
2025-07-03,257.6000061035156,257.6000061035156,262.0,256.70001220703125,261.0,895715
2025-07-04,260.0,260.0,263.8999938964844,255.8000030517578,256.1000061035156,941317
2025-07-07,257.1000061035156,257.1000061035156,259.6000061035156,256.5,259.6000061035156,660999
2025-07-08,257.70001220703125,257.70001220703125,257.70001220703125,253.6999969482422,256.20001220703125,915646
2025-07-09,260.0,260.0,260.0,255.0,256.3999938964844,826037
2025-07-10,263.0,263.0,263.1000061035156,260.29998779296875,260.6000061035156,1008787
2025-07-11,256.79998779296875,256.79998779296875,261.8999938964844,256.79998779296875,261.5,638851
2025-07-14,257.70001220703125,257.70001220703125,258.6000061035156,255.8999938964844,256.0,534352
2025-07-15,255.0,255.0,258.70001220703125,254.0,254.5,701679
2025-07-16,256.20001220703125,256.20001220703125,258.6000061035156,254.0,254.1000061035156,653265
2025-07-17,257.0,257.0,257.8999938964844,255.6999969482422,257.3999938964844,540660
2025-07-18,258.5,258.5,259.29998779296875,255.6000061035156,256.5,673155
2025-07-21,255.6000061035156,255.6000061035156,257.6000061035156,254.3000030517578,255.8000030517578,651412
2025-07-22,254.1000061035156,254.1000061035156,255.1999969482422,251.1000061035156,253.0,869436
2025-07-23,261.29998779296875,261.29998779296875,261.6000061035156,254.6999969482422,255.1999969482422,929387
2025-07-24,265.1000061035156,265.1000061035156,268.79998779296875,261.1000061035156,266.0,1246372
2025-07-25,259.20001220703125,259.20001220703125,264.8999938964844,259.20001220703125,263.70001220703125,694015
2025-07-28,260.6000061035156,260.6000061035156,264.79998779296875,259.8999938964844,262.3999938964844,819882
2025-07-29,259.5,259.5,262.5,259.1000061035156,260.3999938964844,914779
2025-07-30,259.6000061035156,259.6000061035156,261.3999938964844,258.5,259.29998779296875,563865
2025-07-31,257.1000061035156,257.1000061035156,263.20001220703125,256.3999938964844,262.0,904263
2025-08-04,255.0,255.0,255.0,248.8999938964844,250.5,1328188
2025-08-05,255.3999938964844,255.3999938964844,256.6000061035156,254.0,255.8000030517578,837546
2025-08-06,248.6000061035156,248.6000061035156,255.1000061035156,247.6999969482422,254.0,1202727
2025-08-07,249.1000061035156,249.1000061035156,252.0,244.3999938964844,248.1000061035156,1388360
2025-08-08,246.3999938964844,246.3999938964844,248.5,244.3999938964844,247.1999969482422,891985
2025-08-11,246.3000030517578,246.3000030517578,248.6999969482422,244.1999969482422,246.6000061035156,672248
2025-08-12,246.3999938964844,246.3999938964844,246.5,243.8999938964844,245.6000061035156,1033558
2025-08-13,249.6999969482422,249.6999969482422,249.6999969482422,245.1000061035156,247.1999969482422,935712
2025-08-14,250.1000061035156,250.1000061035156,250.5,248.3999938964844,248.8000030517578,1616919
2025-08-15,256.0,256.0,256.0,251.8999938964844,252.0,1249930
2025-08-18,256.0,256.0,256.6000061035156,254.6000061035156,255.8000030517578,602441
2025-08-19,260.20001220703125,260.20001220703125,260.5,255.3000030517578,255.8999938964844,917475
2025-08-20,262.3999938964844,262.3999938964844,263.3999938964844,259.29998779296875,259.6000061035156,627226
2025-08-21,262.5,262.5,262.5,260.20001220703125,261.3999938964844,547293
2025-08-22,261.5,261.5,264.0,260.6000061035156,260.6000061035156,547619
2025-08-25,259.8999938964844,259.8999938964844,262.1000061035156,259.70001220703125,260.70001220703125,407104
2025-08-26,259.20001220703125,259.20001220703125,262.29998779296875,257.29998779296875,257.29998779296875,1146775
2025-08-27,262.6000061035156,262.6000061035156,262.6000061035156,258.3999938964844,258.79998779296875,1440963
2025-08-28,261.0,261.0,262.0,259.20001220703125,261.20001220703125,740179
2025-08-29,260.29998779296875,260.29998779296875,261.79998779296875,259.5,260.70001220703125,770607
2025-09-01,260.20001220703125,260.20001220703125,262.6000061035156,259.3999938964844,260.8999938964844,906123
2025-09-02,262.0,262.0,263.8999938964844,259.0,259.3999938964844,741454
2025-09-03,269.5,269.5,269.6000061035156,263.70001220703125,265.0,1946851
2025-09-04,275.70001220703125,275.70001220703125,276.6000061035156,269.0,269.5,1070415
2025-09-05,274.20001220703125,274.20001220703125,277.5,273.3999938964844,277.5,1227885
2025-09-08,270.1000061035156,270.1000061035156,274.1000061035156,268.0,274.1000061035156,907038
2025-09-09,269.70001220703125,269.70001220703125,270.79998779296875,268.29998779296875,269.8999938964844,596484
2025-09-10,266.1000061035156,266.1000061035156,270.3999938964844,265.20001220703125,269.3999938964844,1414269
2025-09-11,268.3999938964844,268.3999938964844,268.3999938964844,265.6000061035156,267.5,818209
2025-09-12,264.5,264.5,268.70001220703125,264.20001220703125,268.29998779296875,536243
2025-09-15,260.3999938964844,260.3999938964844,264.3999938964844,260.1000061035156,264.20001220703125,752382
2025-09-16,258.3999938964844,258.3999938964844,261.1000061035156,258.1000061035156,259.70001220703125,662422
2025-09-17,260.3999938964844,260.3999938964844,260.3999938964844,257.5,258.1000061035156,741016
2025-09-18,261.5,261.5,262.20001220703125,260.0,262.0,630292
2025-09-19,265.1000061035156,265.1000061035156,266.20001220703125,261.29998779296875,261.79998779296875,3350632
2025-09-22,271.1000061035156,271.1000061035156,272.70001220703125,266.6000061035156,267.6000061035156,1241571
2025-09-23,265.20001220703125,265.20001220703125,270.6000061035156,265.20001220703125,270.1000061035156,716544
2025-09-24,259.8999938964844,259.8999938964844,265.5,259.5,265.20001220703125,888481
2025-09-25,255.0,255.0,259.8999938964844,255.0,259.5,1021380
2025-09-26,253.5,253.5,255.8999938964844,252.1999969482422,254.1000061035156,1228021
2025-09-29,256.1000061035156,256.1000061035156,256.1000061035156,252.6999969482422,253.0,895520
2025-09-30,259.8999938964844,259.8999938964844,261.8999938964844,254.0,254.8999938964844,1232583
2025-10-01,282.29998779296875,282.29998779296875,282.29998779296875,266.3999938964844,267.29998779296875,2566297
2025-10-02,284.29998779296875,284.29998779296875,287.0,282.6000061035156,286.0,1352388
2025-10-03,286.79998779296875,286.79998779296875,289.29998779296875,282.3999938964844,282.5,944044
2025-10-06,288.3999938964844,288.3999938964844,289.6000061035156,286.70001220703125,287.8999938964844,1068087
2025-10-07,288.5,288.5,290.20001220703125,285.8999938964844,287.70001220703125,922413
2025-10-08,291.29998779296875,291.29998779296875,294.29998779296875,289.0,290.0,1169583
2025-10-09,293.6000061035156,293.6000061035156,294.8999938964844,290.1000061035156,290.5,947747
2025-10-10,290.20001220703125,290.20001220703125,294.6000061035156,290.20001220703125,294.0,853630
2025-10-13,290.1000061035156,290.1000061035156,292.0,288.29998779296875,291.5,707999
2025-10-14,286.20001220703125,286.20001220703125,290.6000061035156,286.0,287.79998779296875,984921
2025-10-15,284.1000061035156,284.1000061035156,286.0,279.1000061035156,285.5,1442037
2025-10-16,285.29998779296875,285.29998779296875,285.6000061035156,281.79998779296875,282.1000061035156,750596
2025-10-17,283.70001220703125,283.70001220703125,284.20001220703125,279.6000061035156,282.70001220703125,1151645
2025-10-20,281.1000061035156,281.1000061035156,281.5,276.6000061035156,279.5,1278057
2025-10-21,280.79998779296875,280.79998779296875,281.70001220703125,278.79998779296875,281.0,960476
2025-10-22,280.5,280.5,281.29998779296875,279.1000061035156,279.5,797838
2025-10-23,271.6000061035156,271.6000061035156,275.79998779296875,269.1000061035156,273.3999938964844,1551009
2025-10-24,271.20001220703125,271.20001220703125,274.1000061035156,270.29998779296875,270.5,1098181
2025-10-27,267.3999938964844,267.3999938964844,269.6000061035156,263.6000061035156,268.79998779296875,970622
2025-10-28,261.1000061035156,261.1000061035156,268.29998779296875,260.1000061035156,267.3999938964844,1555560
2025-10-29,260.3999938964844,260.3999938964844,263.0,259.3999938964844,262.29998779296875,791829
2025-10-30,261.70001220703125,261.70001220703125,262.29998779296875,258.29998779296875,259.20001220703125,809537
2025-10-31,258.8999938964844,258.8999938964844,262.3999938964844,258.3999938964844,261.3999938964844,1283042
2025-11-03,259.5,259.5,262.6000061035156,258.20001220703125,259.0,556799
2025-11-04,264.0,264.0,264.5,258.79998779296875,260.1000061035156,923170
2025-11-05,265.1000061035156,265.1000061035156,265.29998779296875,260.6000061035156,261.29998779296875,860718
2025-11-06,265.20001220703125,265.20001220703125,266.20001220703125,262.5,265.8999938964844,903460
2025-11-07,268.3999938964844,268.3999938964844,268.79998779296875,264.20001220703125,264.3999938964844,1147278
2025-11-10,278.8999938964844,278.8999938964844,281.5,272.20001220703125,274.0,1542300
2025-11-11,288.70001220703125,288.70001220703125,289.70001220703125,280.0,282.0,1136223
2025-11-12,290.3999938964844,290.3999938964844,290.79998779296875,286.3999938964844,290.0,993594
2025-11-13,289.8999938964844,289.8999938964844,291.5,289.0,290.1000061035156,800651
2025-11-14,286.1000061035156,286.1000061035156,289.1000061035156,284.20001220703125,288.1000061035156,837076
2025-11-17,287.20001220703125,287.20001220703125,287.20001220703125,283.6000061035156,286.0,572410
2025-11-18,306.70001220703125,306.70001220703125,310.70001220703125,296.3999938964844,296.70001220703125,3397793
2025-11-19,310.20001220703125,310.20001220703125,311.79998779296875,308.6000061035156,310.0,1574697
2025-11-20,311.79998779296875,311.79998779296875,313.70001220703125,309.70001220703125,311.70001220703125,1439948
2025-11-21,315.6000061035156,315.6000061035156,315.8999938964844,311.8999938964844,313.70001220703125,1619273
2025-11-24,310.8999938964844,310.8999938964844,316.0,310.8999938964844,316.0,2000968
2025-11-25,313.6000061035156,313.6000061035156,314.1000061035156,307.8999938964844,311.29998779296875,974932
2025-11-26,312.8999938964844,312.8999938964844,315.70001220703125,311.20001220703125,315.0,885510
2025-11-27,309.29998779296875,309.29998779296875,312.20001220703125,309.1000061035156,311.29998779296875,639963
2025-11-28,307.3999938964844,307.3999938964844,310.3999938964844,306.29998779296875,308.8999938964844,1222460
2025-12-01,309.0,309.0,309.5,303.0,304.5,1147326
2025-12-02,313.29998779296875,313.29998779296875,315.0,307.29998779296875,307.6000061035156,1052632
2025-12-03,313.79998779296875,313.79998779296875,319.0,312.5,313.8999938964844,1192175
2025-12-04,310.1000061035156,310.1000061035156,314.70001220703125,310.1000061035156,312.3999938964844,992887
2025-12-05,310.8999938964844,310.8999938964844,314.0,308.6000061035156,311.29998779296875,937693
2025-12-08,317.70001220703125,317.70001220703125,318.5,310.70001220703125,311.8999938964844,1032888
2025-12-09,315.29998779296875,315.29998779296875,318.8999938964844,315.29998779296875,317.5,806054
2025-12-10,322.0,322.0,327.29998779296875,310.5,314.1000061035156,1699126
2025-12-11,317.8999938964844,317.8999938964844,324.3999938964844,314.0,319.1000061035156,1301466
2025-12-12,316.79998779296875,316.79998779296875,318.5,313.1000061035156,318.5,980109
2025-12-15,321.8999938964844,321.8999938964844,322.3999938964844,315.70001220703125,316.1000061035156,1286632
2025-12-16,320.3999938964844,320.3999938964844,325.79998779296875,319.0,324.20001220703125,1136330
2025-12-17,317.1000061035156,317.1000061035156,318.8999938964844,314.70001220703125,318.70001220703125,1154497
2025-12-18,319.5,319.5,319.5,314.8999938964844,316.20001220703125,987894
2025-12-19,325.5,325.5,327.29998779296875,319.3999938964844,322.3999938964844,2989393
2025-12-22,325.1000061035156,325.1000061035156,325.20001220703125,321.3999938964844,323.70001220703125,744217
2025-12-23,329.6000061035156,329.6000061035156,331.20001220703125,325.5,325.70001220703125,861766
2025-12-29,327.70001220703125,327.70001220703125,331.0,327.6000061035156,330.0,715781
2025-12-30,328.20001220703125,328.20001220703125,329.29998779296875,326.70001220703125,327.79998779296875,642523
2026-01-05,325.5,325.5,328.20001220703125,323.20001220703125,328.0,979013
2026-01-06,329.8999938964844,329.8999938964844,332.29998779296875,323.6000061035156,326.20001220703125,973334
2026-01-07,338.20001220703125,338.20001220703125,338.20001220703125,330.70001220703125,331.70001220703125,1236961
2026-01-08,339.3999938964844,339.3999938964844,342.29998779296875,336.20001220703125,339.6000061035156,1563016
2026-01-09,340.79998779296875,340.79998779296875,342.1000061035156,338.0,340.0,1138402
2026-01-12,342.5,342.5,342.8999938964844,337.3999938964844,338.70001220703125,1160189
2026-01-13,340.8999938964844,340.8999938964844,342.5,337.3999938964844,341.70001220703125,744210
2026-01-14,344.1000061035156,344.1000061035156,346.0,339.0,340.1000061035156,1303682
2026-01-15,345.70001220703125,345.70001220703125,348.29998779296875,342.8999938964844,344.0,1041926
2026-01-16,348.8999938964844,348.8999938964844,349.70001220703125,345.79998779296875,348.0,1541691
2026-01-19,346.79998779296875,346.79998779296875,349.6000061035156,345.5,346.6000061035156,932204
2026-01-20,346.0,346.0,346.0,341.1000061035156,344.70001220703125,698881
2026-01-21,344.70001220703125,344.70001220703125,346.0,342.0,344.1000061035156,1034623
2026-01-22,347.8999938964844,347.8999938964844,348.70001220703125,344.5,344.79998779296875,876097
2026-01-23,348.1000061035156,348.1000061035156,349.5,344.8999938964844,348.8999938964844,820770
2026-01-26,350.5,350.5,350.5,344.6000061035156,346.29998779296875,752147
2026-01-27,350.0,350.0,355.1000061035156,348.1000061035156,352.0,1275324
2026-01-28,338.29998779296875,338.29998779296875,344.0,335.79998779296875,342.29998779296875,1489237
2026-01-29,347.0,347.0,349.0,331.20001220703125,336.29998779296875,1858665
2026-01-30,350.70001220703125,350.70001220703125,352.20001220703125,345.29998779296875,347.0,1622019
2026-02-02,354.5,354.5,354.5,347.1000061035156,348.0,983561
2026-02-03,352.5,352.5,356.79998779296875,351.8999938964844,355.0,790397
2026-02-04,360.6000061035156,360.6000061035156,362.2999877929688,350.29998779296875,352.5,1209302
2026-02-05,358.70001220703125,358.70001220703125,359.20001220703125,353.8999938964844,355.1000061035156,1164640
2026-02-06,356.3999938964844,356.3999938964844,357.20001220703125,352.5,355.29998779296875,784298
2026-02-09,353.79998779296875,353.79998779296875,357.1000061035156,349.20001220703125,352.0,879073
2026-02-10,351.1000061035156,351.1000061035156,356.0,349.29998779296875,356.0,786654
2026-02-11,356.79998779296875,356.79998779296875,356.79998779296875,347.79998779296875,350.79998779296875,955777
2026-02-12,359.70001220703125,359.70001220703125,360.5,356.6000061035156,358.1000061035156,843165
2026-02-13,360.0,360.0,361.7999877929688,357.5,360.8999938964844,1173038
2026-02-16,361.3999938964844,361.3999938964844,361.3999938964844,358.0,360.0,962237
2026-02-17,369.2000122070313,369.2000122070313,369.2999877929688,361.8999938964844,362.0,688810
2026-02-18,369.2999877929688,369.2999877929688,371.6000061035156,367.8999938964844,370.0,654364
2026-02-19,368.2000122070313,368.2000122070313,372.3999938964844,363.7000122070313,370.2999877929688,801188
2026-02-20,367.7999877929688,367.7999877929688,369.2999877929688,363.7999877929688,369.2999877929688,1229452
2026-02-23,370.3999938964844,370.3999938964844,370.3999938964844,365.7999877929688,367.3999938964844,894566
2026-02-24,374.0,374.0,374.8999938964844,368.8999938964844,370.0,1206467
2026-02-25,369.1000061035156,369.1000061035156,373.8999938964844,368.5,373.2999877929688,1264654
2026-02-26,363.6000061035156,363.6000061035156,371.1000061035156,362.3999938964844,366.3999938964844,970164
2026-02-27,367.0,367.0,370.2000122070313,364.0,364.3999938964844,2173171
2026-03-02,362.8999938964844,362.8999938964844,365.2999877929688,354.29998779296875,365.2999877929688,1390697
2026-03-03,355.3999938964844,355.3999938964844,359.20001220703125,352.1000061035156,359.0,1236547
2026-03-04,358.79998779296875,358.79998779296875,364.1000061035156,356.3999938964844,358.0,961103
2026-03-05,341.0615234375,351.5,358.20001220703125,350.5,357.1000061035156,1087503
2026-03-06,331.0674133300781,341.20001220703125,346.5,339.29998779296875,345.0,1339562
2026-03-09,322.5287170410156,332.3999938964844,332.3999938964844,315.6000061035156,320.0,2266833
2026-03-10,325.24560546875,335.20001220703125,339.79998779296875,334.0,336.5,1233077
2026-03-11,320.20001220703125,330.0,333.1000061035156,327.0,332.5,1431167
2026-03-12,318.20001220703125,318.20001220703125,322.6000061035156,316.6000061035156,321.0,1731703
2026-03-13,320.70001220703125,320.70001220703125,324.20001220703125,316.0,317.29998779296875,1153316
