Date,Adj Close,Close,High,Low,Open,Volume
2021-04-15,6.289999961853027,6.289999961853027,6.320000171661377,6.090000152587891,6.090000152587891,238685
2021-04-16,6.25,6.25,6.360000133514404,6.159999847412109,6.289999961853027,176517
2021-04-19,6.059999942779541,6.059999942779541,6.300000190734863,6.050000190734863,6.239999771118164,187062
2021-04-20,5.820000171661377,5.820000171661377,6.119999885559082,5.789999961853027,6.070000171661377,246917
2021-04-21,5.849999904632568,5.849999904632568,5.889999866485596,5.690000057220459,5.809999942779541,246022
2021-04-22,5.949999809265137,5.949999809265137,6.019999980926514,5.840000152587891,5.840000152587891,157626
2021-04-23,5.96999979019165,5.96999979019165,5.96999979019165,5.829999923706055,5.909999847412109,151628
2021-04-26,6.159999847412109,6.159999847412109,6.179999828338623,5.909999847412109,5.909999847412109,193925
2021-04-27,6.110000133514404,6.110000133514404,6.21999979019165,6.039999961853027,6.110000133514404,186524
2021-04-28,6.360000133514404,6.360000133514404,6.389999866485596,6.130000114440918,6.150000095367432,310022
2021-04-29,6.269999980926514,6.269999980926514,6.400000095367432,6.190000057220459,6.340000152587891,226620
2021-04-30,6.190000057220459,6.190000057220459,6.340000152587891,6.139999866485596,6.340000152587891,230782
2021-05-03,6.349999904632568,6.349999904632568,6.389999866485596,6.099999904632568,6.099999904632568,206359
2021-05-04,6.130000114440918,6.130000114440918,6.400000095367432,6.130000114440918,6.380000114440918,285122
2021-05-05,6.320000171661377,6.320000171661377,6.349999904632568,6.119999885559082,6.190000057220459,273919
2021-05-06,6.510000228881836,6.510000228881836,6.550000190734863,6.260000228881836,6.260000228881836,514123
2021-05-07,6.519999980926514,6.519999980926514,6.650000095367432,6.429999828338623,6.590000152587891,162787
2021-05-10,6.510000228881836,6.510000228881836,6.579999923706055,6.46999979019165,6.53000020980835,183428
2021-05-11,6.230000019073486,6.230000019073486,6.449999809265137,6.119999885559082,6.449999809265137,524499
2021-05-12,6.25,6.25,6.489999771118164,6.110000133514404,6.230000019073486,256316
2021-05-13,6.090000152587891,6.090000152587891,6.199999809265137,5.809999942779541,6.199999809265137,315144
2021-05-14,6.159999847412109,6.159999847412109,6.190000057220459,5.960000038146973,6.190000057220459,133184
2021-05-17,6.050000190734863,6.050000190734863,6.239999771118164,5.940000057220459,6.190000057220459,188552
2021-05-18,6.050000190734863,6.050000190734863,6.179999828338623,6.0,6.059999942779541,237453
2021-05-19,6.050000190734863,6.050000190734863,6.079999923706055,5.860000133514404,6.039999961853027,203058
2021-05-20,6.059999942779541,6.059999942779541,6.099999904632568,5.920000076293945,6.070000171661377,105449
2021-05-21,6.449999809265137,6.449999809265137,6.449999809265137,6.019999980926514,6.019999980926514,680702
2021-05-25,6.059999942779541,6.059999942779541,6.5,6.050000190734863,6.480000019073486,386502
2021-05-26,6.099999904632568,6.099999904632568,6.150000095367432,5.949999809265137,6.150000095367432,225400
2021-05-27,6.170000076293945,6.170000076293945,6.239999771118164,6.079999923706055,6.130000114440918,254403
2021-05-28,6.519999980926514,6.519999980926514,6.630000114440918,6.210000038146973,6.25,527862
2021-05-31,6.630000114440918,6.630000114440918,6.690000057220459,6.46999979019165,6.510000228881836,216354
2021-06-01,7.0,7.0,7.079999923706055,6.650000095367432,6.650000095367432,537436
2021-06-02,7.03000020980835,7.03000020980835,7.03000020980835,6.869999885559082,6.929999828338623,178189
2021-06-03,7.039999961853027,7.039999961853027,7.260000228881836,7.0,7.070000171661377,253462
2021-06-04,7.360000133514404,7.360000133514404,7.360000133514404,6.989999771118164,7.03000020980835,313553
2021-06-07,7.320000171661377,7.320000171661377,7.480000019073486,7.239999771118164,7.300000190734863,330853
2021-06-08,7.25,7.25,7.320000171661377,7.179999828338623,7.300000190734863,113778
2021-06-09,7.170000076293945,7.170000076293945,7.389999866485596,7.110000133514404,7.289999961853027,307048
2021-06-10,7.039999961853027,7.039999961853027,7.210000038146973,7.010000228881836,7.210000038146973,113310
2021-06-11,7.110000133514404,7.110000133514404,7.170000076293945,6.989999771118164,7.050000190734863,125894
2021-06-14,7.179999828338623,7.179999828338623,7.309999942779541,7.119999885559082,7.119999885559082,144392
2021-06-15,7.099999904632568,7.099999904632568,7.230000019073486,7.070000171661377,7.190000057220459,145574
2021-06-16,6.980000019073486,6.980000019073486,7.179999828338623,6.849999904632568,7.179999828338623,216857
2021-06-17,6.789999961853027,6.789999961853027,6.989999771118164,6.789999961853027,6.869999885559082,141804
2021-06-18,6.570000171661377,6.570000171661377,6.880000114440918,6.570000171661377,6.820000171661377,324458
2021-06-21,6.679999828338623,6.679999828338623,6.739999771118164,6.460000038146973,6.550000190734863,291894
2021-06-22,6.860000133514404,6.860000133514404,6.900000095367432,6.519999980926514,6.730000019073486,423149
2021-06-23,7.920000076293945,7.920000076293945,7.949999809265137,6.929999828338623,6.940000057220459,1432865
2021-06-24,8.149999618530273,8.149999618530273,8.15999984741211,7.71999979019165,7.849999904632568,1237234
2021-06-25,8.100000381469727,8.100000381469727,8.569999694824219,8.020000457763672,8.069999694824219,767163
2021-06-28,8.300000190734863,8.300000190734863,8.420000076293945,8.0600004196167,8.149999618530273,409390
2021-06-29,8.239999771118164,8.239999771118164,8.449999809265137,8.020000457763672,8.34000015258789,485325
2021-06-30,8.09000015258789,8.09000015258789,8.479999542236328,8.020000457763672,8.15999984741211,473058
2021-07-01,7.980000019073486,7.980000019073486,8.199999809265137,7.789999961853027,8.050000190734863,499724
2021-07-02,7.929999828338623,7.929999828338623,8.15999984741211,7.900000095367432,7.989999771118164,150917
2021-07-05,8.119999885559082,8.119999885559082,8.210000038146973,7.900000095367432,7.929999828338623,257802
2021-07-06,7.880000114440918,7.880000114440918,8.149999618530273,7.849999904632568,8.079999923706055,229455
2021-07-07,7.739999771118164,7.739999771118164,7.960000038146973,7.679999828338623,7.909999847412109,280125
2021-07-08,7.590000152587891,7.590000152587891,7.78000020980835,7.429999828338623,7.730000019073486,360094
2021-07-09,7.860000133514404,7.860000133514404,7.900000095367432,7.579999923706055,7.690000057220459,380711
2021-07-12,7.71999979019165,7.71999979019165,7.920000076293945,7.53000020980835,7.920000076293945,526853
2021-07-13,9.029999732971191,9.029999732971191,9.050000190734863,7.590000152587891,7.710000038146973,1448526
2021-07-14,9.270000457763672,9.270000457763672,9.5,8.899999618530273,8.9399995803833,1138532
2021-07-15,9.300000190734863,9.300000190734863,9.4399995803833,8.920000076293945,9.0,691460
2021-07-16,9.06999969482422,9.06999969482422,9.399999618530272,8.920000076293945,9.329999923706056,640958
2021-07-19,8.739999771118164,8.739999771118164,9.140000343322754,8.619999885559082,9.039999961853027,573903
2021-07-20,9.220000267028809,9.220000267028809,9.300000190734863,8.729999542236328,8.859999656677246,456653
2021-07-21,9.68000030517578,9.68000030517578,9.710000038146973,9.109999656677246,9.300000190734863,616451
2021-07-22,9.649999618530272,9.649999618530272,9.9399995803833,9.59000015258789,9.75,388921
2021-07-23,9.40999984741211,9.40999984741211,9.800000190734863,9.289999961853027,9.670000076293944,430096
2021-07-26,9.5600004196167,9.5600004196167,9.579999923706056,9.300000190734863,9.329999923706056,270597
2021-07-27,9.489999771118164,9.489999771118164,9.520000457763672,9.289999961853027,9.479999542236328,273709
2021-07-28,9.4399995803833,9.4399995803833,9.470000267028809,9.170000076293944,9.399999618530272,305785
2021-07-29,9.460000038146973,9.460000038146973,9.760000228881836,9.390000343322754,9.470000267028809,217044
2021-07-30,9.380000114440918,9.380000114440918,9.479999542236328,9.1899995803833,9.40999984741211,273857
2021-08-02,9.489999771118164,9.489999771118164,9.720000267028809,9.3100004196167,9.420000076293944,349546
2021-08-03,9.65999984741211,9.65999984741211,9.710000038146973,9.31999969482422,9.460000038146973,478794
2021-08-04,10.779999732971191,10.779999732971191,10.880000114440918,9.640000343322754,9.739999771118164,1625619
2021-08-05,9.829999923706056,9.829999923706056,10.779999732971191,9.6899995803833,10.779999732971191,1239414
2021-08-06,9.34000015258789,9.34000015258789,10.0600004196167,9.289999961853027,10.0600004196167,707141
2021-08-09,9.789999961853027,9.789999961853027,9.850000381469728,9.199999809265137,9.34000015258789,593225
2021-08-10,10.0600004196167,10.0600004196167,10.140000343322754,9.779999732971191,9.899999618530272,436782
2021-08-11,9.920000076293944,9.920000076293944,10.140000343322754,9.859999656677246,10.0600004196167,299052
2021-08-12,9.59000015258789,9.59000015258789,10.220000267028809,9.270000457763672,9.899999618530272,651181
2021-08-13,9.5,9.5,9.710000038146973,9.350000381469728,9.640000343322754,364355
2021-08-16,9.09000015258789,9.09000015258789,9.529999732971191,8.90999984741211,9.529999732971191,460164
2021-08-17,9.119999885559082,9.119999885559082,9.199999809265137,8.920000076293945,9.029999732971191,200338
2021-08-18,9.3100004196167,9.3100004196167,9.3100004196167,9.050000190734863,9.239999771118164,193685
2021-08-19,9.039999961853027,9.039999961853027,9.260000228881836,8.920000076293945,9.239999771118164,328319
2021-08-20,8.729999542236328,8.729999542236328,9.0,8.609999656677246,9.0,355167
2021-08-23,8.960000038146973,8.960000038146973,9.0,8.800000190734863,8.850000381469727,165091
2021-08-24,9.1899995803833,9.1899995803833,9.399999618530272,9.010000228881836,9.029999732971191,354762
2021-08-25,9.350000381469728,9.350000381469728,9.489999771118164,9.119999885559082,9.229999542236328,322644
2021-08-26,9.289999961853027,9.289999961853027,9.399999618530272,9.119999885559082,9.289999961853027,168236
2021-08-27,9.529999732971191,9.529999732971191,9.56999969482422,9.229999542236328,9.289999961853027,201224
2021-08-30,9.75,9.75,9.90999984741211,9.539999961853027,9.539999961853027,257390
2021-08-31,9.40999984741211,9.40999984741211,9.779999732971191,9.380000114440918,9.75,282270
2021-09-01,9.800000190734863,9.800000190734863,9.800000190734863,9.380000114440918,9.460000038146973,392724
2021-09-02,9.890000343322754,9.890000343322754,10.079999923706056,9.75,9.75,399120
2021-09-03,10.279999732971191,10.279999732971191,10.579999923706056,9.81999969482422,9.869999885559082,722452
2021-09-06,10.079999923706056,10.079999923706056,10.420000076293944,9.960000038146973,10.260000228881836,346943
2021-09-07,10.0600004196167,10.0600004196167,10.34000015258789,10.0,10.079999923706056,175677
2021-09-08,10.0,10.0,10.119999885559082,9.869999885559082,10.020000457763672,197752
2021-09-09,10.0600004196167,10.0600004196167,10.079999923706056,9.770000457763672,9.899999618530272,207449
2021-09-10,10.68000030517578,10.68000030517578,10.739999771118164,10.079999923706056,10.079999923706056,518596
2021-09-13,10.380000114440918,10.380000114440918,10.779999732971191,10.279999732971191,10.65999984741211,389782
2021-09-14,10.68000030517578,10.68000030517578,10.739999771118164,10.34000015258789,10.34000015258789,414021
2021-09-15,10.4399995803833,10.4399995803833,10.739999771118164,10.279999732971191,10.65999984741211,260859
2021-09-16,10.34000015258789,10.34000015258789,10.5600004196167,10.239999771118164,10.399999618530272,219919
2021-09-17,10.140000343322754,10.140000343322754,10.5,10.0600004196167,10.380000114440918,264397
2021-09-20,10.0,10.0,10.119999885559082,9.789999961853027,10.0,731718
2021-09-21,9.56999969482422,9.56999969482422,10.079999923706056,9.479999542236328,10.020000457763672,365176
2021-09-22,9.829999923706056,9.829999923706056,9.859999656677246,9.649999618530272,9.670000076293944,227170
2021-09-23,9.850000381469728,9.850000381469728,10.0600004196167,9.729999542236328,10.020000457763672,209438
2021-09-24,9.5600004196167,9.5600004196167,9.760000228881836,9.43000030517578,9.760000228881836,276441
2021-09-27,9.539999961853027,9.539999961853027,9.789999961853027,9.40999984741211,9.59000015258789,245790
2021-09-28,9.350000381469728,9.350000381469728,9.529999732971191,9.079999923706056,9.479999542236328,331914
2021-09-29,9.43000030517578,9.43000030517578,9.619999885559082,9.359999656677246,9.359999656677246,171522
2021-09-30,9.420000076293944,9.420000076293944,9.550000190734863,9.34000015258789,9.489999771118164,134065
2021-10-01,9.109999656677246,9.109999656677246,9.449999809265137,9.06999969482422,9.130000114440918,392502
2021-10-04,9.079999923706056,9.079999923706056,9.270000457763672,8.9399995803833,9.079999923706056,326419
2021-10-05,9.039999961853027,9.039999961853027,9.18000030517578,8.84000015258789,9.06999969482422,293335
2021-10-06,8.729999542236328,8.729999542236328,8.989999771118164,8.5,8.989999771118164,378859
2021-10-07,8.979999542236328,8.979999542236328,8.979999542236328,8.6899995803833,8.770000457763672,172061
2021-10-08,8.869999885559082,8.869999885559082,9.039999961853027,8.819999694824219,9.0,133482
2021-10-11,8.869999885559082,8.869999885559082,8.899999618530273,8.680000305175781,8.859999656677246,136246
2021-10-12,8.9399995803833,8.9399995803833,9.050000190734863,8.729999542236328,8.760000228881836,175776
2021-10-13,9.020000457763672,9.020000457763672,9.3100004196167,8.949999809265137,8.989999771118164,243872
2021-10-14,9.140000343322754,9.140000343322754,9.18000030517578,9.010000228881836,9.09000015258789,131001
2021-10-15,9.300000190734863,9.300000190734863,9.329999923706056,9.109999656677246,9.220000267028809,175180
2021-10-18,9.260000228881836,9.260000228881836,9.359999656677246,9.170000076293944,9.289999961853027,123573
2021-10-19,8.6899995803833,8.6899995803833,9.31999969482422,8.65999984741211,9.279999732971191,252899
2021-10-20,7.53000020980835,7.53000020980835,8.630000114440918,7.429999828338623,8.619999885559082,2270755
2021-10-21,7.800000190734863,7.800000190734863,7.880000114440918,7.28000020980835,7.369999885559082,947938
2021-10-22,7.809999942779541,7.809999942779541,7.940000057220459,7.659999847412109,7.849999904632568,530973
2021-10-25,7.820000171661377,7.820000171661377,7.909999847412109,7.599999904632568,7.78000020980835,419993
2021-10-26,7.989999771118164,7.989999771118164,8.15999984741211,7.809999942779541,7.849999904632568,272311
2021-10-27,8.199999809265137,8.199999809265137,8.220000267028809,7.929999828338623,8.0,210207
2021-10-28,8.369999885559082,8.369999885559082,8.399999618530273,8.149999618530273,8.1899995803833,237263
2021-10-29,8.260000228881836,8.260000228881836,8.390000343322754,8.15999984741211,8.3100004196167,259625
2021-11-01,8.460000038146973,8.460000038146973,8.489999771118164,8.170000076293945,8.3100004196167,335747
2021-11-02,8.359999656677246,8.359999656677246,8.470000267028809,8.270000457763672,8.430000305175781,239430
2021-11-03,8.300000190734863,8.300000190734863,8.539999961853027,8.260000228881836,8.369999885559082,207422
2021-11-04,8.399999618530273,8.399999618530273,8.579999923706055,8.329999923706055,8.329999923706055,336906
2021-11-05,8.359999656677246,8.359999656677246,8.4399995803833,8.239999771118164,8.380000114440918,227819
2021-11-08,8.699999809265137,8.699999809265137,8.720000267028809,8.25,8.25,349838
2021-11-09,8.680000305175781,8.680000305175781,9.18000030517578,8.609999656677246,8.84000015258789,376423
2021-11-10,8.720000267028809,8.720000267028809,8.729999542236328,8.460000038146973,8.720000267028809,325301
2021-11-11,9.369999885559082,9.369999885559082,9.56999969482422,8.670000076293945,8.680000305175781,861532
2021-11-12,9.18000030517578,9.18000030517578,9.479999542236328,8.899999618530273,9.380000114440918,512007
2021-11-15,9.18000030517578,9.18000030517578,9.4399995803833,9.039999961853027,9.260000228881836,309586
2021-11-16,9.109999656677246,9.109999656677246,9.369999885559082,9.109999656677246,9.119999885559082,255413
2021-11-17,9.109999656677246,9.109999656677246,9.170000076293944,8.949999809265137,9.06999969482422,213814
2021-11-18,8.90999984741211,8.90999984741211,9.170000076293944,8.850000381469727,9.100000381469728,232994
2021-11-19,8.649999618530273,8.649999618530273,8.960000038146973,8.399999618530273,8.899999618530273,750774
2021-11-22,8.770000457763672,8.770000457763672,8.890000343322754,8.579999923706055,8.609999656677246,282171
2021-11-23,8.460000038146973,8.460000038146973,8.739999771118164,8.460000038146973,8.6899995803833,257321
2021-11-24,8.539999961853027,8.539999961853027,8.600000381469727,8.380000114440918,8.489999771118164,195631
2021-11-25,8.319999694824219,8.319999694824219,8.529999732971191,8.079999923706055,8.5,348376
2021-11-26,7.860000133514404,7.860000133514404,8.210000038146973,7.820000171661377,8.039999961853027,419261
2021-11-29,7.800000190734863,7.800000190734863,8.09000015258789,7.730000019073486,8.010000228881836,285703
2021-11-30,7.71999979019165,7.71999979019165,7.900000095367432,7.639999866485596,7.71999979019165,295853
2021-12-01,8.020000457763672,8.020000457763672,8.050000190734863,7.800000190734863,7.900000095367432,257549
2021-12-02,7.809999942779541,7.809999942779541,7.960000038146973,7.739999771118164,7.929999828338623,246920
2021-12-03,7.75,7.75,8.130000114440918,7.71999979019165,7.940000057220459,214626
2021-12-06,7.789999961853027,7.789999961853027,7.860000133514404,7.570000171661377,7.829999923706055,170695
2021-12-07,7.789999961853027,7.789999961853027,7.789999961853027,7.789999961853027,7.789999961853027,0
2021-12-08,8.140000343322754,8.140000343322754,8.170000076293945,7.960000038146973,8.15999984741211,232011
2021-12-09,7.96999979019165,7.96999979019165,8.34000015258789,7.960000038146973,8.069999694824219,171549
2021-12-10,7.849999904632568,7.849999904632568,8.010000228881836,7.840000152587891,7.929999828338623,109387
2021-12-13,7.679999828338623,7.679999828338623,7.909999847412109,7.650000095367432,7.860000133514404,142570
2021-12-14,7.559999942779541,7.559999942779541,7.75,7.53000020980835,7.659999847412109,275096
2021-12-15,7.480000019073486,7.480000019073486,7.670000076293945,7.460000038146973,7.539999961853027,166303
2021-12-16,7.630000114440918,7.630000114440918,7.829999923706055,7.53000020980835,7.53000020980835,256372
2021-12-17,7.570000171661377,7.570000171661377,7.670000076293945,7.429999828338623,7.670000076293945,284410
2021-12-20,7.409999847412109,7.409999847412109,7.489999771118164,7.289999961853027,7.380000114440918,201959
2021-12-21,7.460000038146973,7.460000038146973,7.53000020980835,7.369999885559082,7.510000228881836,175321
2021-12-22,7.699999809265137,7.699999809265137,7.699999809265137,7.389999866485596,7.53000020980835,212579
2021-12-23,7.840000152587891,7.840000152587891,7.860000133514404,7.670000076293945,7.730000019073486,145630
2021-12-27,7.760000228881836,7.760000228881836,7.840000152587891,7.710000038146973,7.769999980926514,80096
2021-12-28,7.730000019073486,7.730000019073486,7.889999866485596,7.699999809265137,7.809999942779541,102302
2021-12-29,7.670000076293945,7.670000076293945,7.789999961853027,7.619999885559082,7.71999979019165,170830
2021-12-30,7.690000057220459,7.690000057220459,7.71999979019165,7.550000190734863,7.650000095367432,78608
2022-01-03,7.809999942779541,7.809999942779541,7.960000038146973,7.739999771118164,7.739999771118164,185687
2022-01-04,7.909999847412109,7.909999847412109,8.069999694824219,7.869999885559082,7.880000114440918,232663
2022-01-05,7.869999885559082,7.869999885559082,8.010000228881836,7.829999923706055,7.940000057220459,155164
2022-01-06,7.599999904632568,7.599999904632568,7.78000020980835,7.550000190734863,7.78000020980835,159903
2022-01-07,7.579999923706055,7.579999923706055,7.679999828338623,7.409999847412109,7.679999828338623,213427
2022-01-10,7.139999866485596,7.139999866485596,7.579999923706055,7.099999904632568,7.570000171661377,403494
2022-01-11,7.210000038146973,7.210000038146973,7.239999771118164,7.099999904632568,7.210000038146973,180232
2022-01-12,7.190000057220459,7.190000057220459,7.409999847412109,7.139999866485596,7.269999980926514,279299
2022-01-13,7.150000095367432,7.150000095367432,7.199999809265137,7.039999961853027,7.170000076293945,256804
2022-01-14,6.960000038146973,6.960000038146973,7.099999904632568,6.860000133514404,7.070000171661377,233979
2022-01-17,7.03000020980835,7.03000020980835,7.070000171661377,6.909999847412109,7.010000228881836,125249
2022-01-18,6.880000114440918,6.880000114440918,7.019999980926514,6.800000190734863,7.010000228881836,194808
2022-01-19,6.800000190734863,6.800000190734863,6.889999866485596,6.730000019073486,6.820000171661377,214071
2022-01-20,6.800000190734863,6.800000190734863,6.840000152587891,6.710000038146973,6.820000171661377,143538
2022-01-21,6.619999885559082,6.619999885559082,6.710000038146973,6.480000019073486,6.650000095367432,297694
2022-01-24,6.050000190734863,6.050000190734863,6.599999904632568,5.980000019073486,6.599999904632568,564643
2022-01-25,6.059999942779541,6.059999942779541,6.190000057220459,5.929999828338623,6.130000114440918,294473
2022-01-26,6.28000020980835,6.28000020980835,6.340000152587891,6.130000114440918,6.190000057220459,191610
2022-01-27,6.21999979019165,6.21999979019165,6.260000228881836,6.090000152587891,6.190000057220459,212237
2022-01-28,5.989999771118164,5.989999771118164,6.239999771118164,5.909999847412109,6.239999771118164,264464
2022-01-31,6.130000114440918,6.130000114440918,6.230000019073486,6.039999961853027,6.119999885559082,173327
2022-02-01,6.179999828338623,6.179999828338623,6.289999961853027,6.130000114440918,6.230000019073486,159228
2022-02-02,6.300000190734863,6.300000190734863,6.570000171661377,6.300000190734863,6.460000038146973,271826
2022-02-03,6.150000095367432,6.150000095367432,6.349999904632568,6.130000114440918,6.349999904632568,172792
2022-02-04,6.039999961853027,6.039999961853027,6.170000076293945,6.019999980926514,6.170000076293945,171542
2022-02-07,6.019999980926514,6.019999980926514,6.090000152587891,6.010000228881836,6.079999923706055,116642
2022-02-08,5.949999809265137,5.949999809265137,6.110000133514404,5.849999904632568,6.019999980926514,201801
2022-02-09,6.170000076293945,6.170000076293945,6.230000019073486,5.989999771118164,5.989999771118164,189467
2022-02-10,6.230000019073486,6.230000019073486,6.309999942779541,6.119999885559082,6.190000057220459,258936
2022-02-11,5.980000019073486,5.980000019073486,6.139999866485596,5.659999847412109,6.119999885559082,736140
2022-02-14,5.820000171661377,5.820000171661377,5.869999885559082,5.599999904632568,5.829999923706055,283476
2022-02-15,6.090000152587891,6.090000152587891,6.090000152587891,5.789999961853027,5.820000171661377,208463
2022-02-16,6.079999923706055,6.079999923706055,6.179999828338623,6.039999961853027,6.039999961853027,150750
2022-02-17,5.820000171661377,5.820000171661377,5.989999771118164,5.71999979019165,5.929999828338623,451754
2022-02-18,5.690000057220459,5.690000057220459,5.860000133514404,5.650000095367432,5.829999923706055,180064
2022-02-21,5.449999809265137,5.449999809265137,5.75,5.400000095367432,5.75,492012
2022-02-22,5.53000020980835,5.53000020980835,5.619999885559082,5.230000019073486,5.260000228881836,338131
2022-02-23,5.460000038146973,5.460000038146973,5.690000057220459,5.429999828338623,5.519999980926514,170892
2022-02-24,5.349999904632568,5.349999904632568,5.360000133514404,5.070000171661377,5.150000095367432,513388
2022-02-25,5.650000095367432,5.650000095367432,5.679999828338623,5.340000152587891,5.489999771118164,315276
2022-02-28,5.78000020980835,5.78000020980835,5.789999961853027,5.460000038146973,5.460000038146973,297847
2022-03-01,5.480000019073486,5.480000019073486,5.800000190734863,5.480000019073486,5.75,357183
2022-03-02,5.480000019073486,5.480000019073486,5.53000020980835,5.320000171661377,5.389999866485596,209838
2022-03-03,5.380000114440918,5.380000114440918,5.650000095367432,5.360000133514404,5.510000228881836,157602
2022-03-04,5.059999942779541,5.059999942779541,5.400000095367432,5.039999961853027,5.389999866485596,341783
2022-03-07,5.039999961853027,5.039999961853027,5.190000057220459,4.650000095367432,4.880000114440918,503231
2022-03-08,5.170000076293945,5.170000076293945,5.25,4.900000095367432,4.900000095367432,282316
2022-03-09,5.559999942779541,5.559999942779541,5.679999828338623,5.25,5.289999961853027,415173
2022-03-10,5.400000095367432,5.400000095367432,5.630000114440918,5.360000133514404,5.590000152587891,311764
2022-03-11,5.590000152587891,5.590000152587891,5.860000133514404,5.409999847412109,5.409999847412109,263776
2022-03-14,5.809999942779541,5.809999942779541,5.820000171661377,5.630000114440918,5.730000019073486,261086
2022-03-15,5.539999961853027,5.539999961853027,5.730000019073486,5.480000019073486,5.710000038146973,205998
2022-03-16,5.900000095367432,5.900000095367432,5.940000057220459,5.659999847412109,5.659999847412109,275660
2022-03-17,5.820000171661377,5.820000171661377,6.0,5.769999980926514,5.909999847412109,283228
2022-03-18,5.860000133514404,5.860000133514404,5.889999866485596,5.690000057220459,5.800000190734863,165070
2022-03-21,5.849999904632568,5.849999904632568,5.900000095367432,5.739999771118164,5.860000133514404,150576
2022-03-22,5.929999828338623,5.929999828338623,5.960000038146973,5.829999923706055,5.829999923706055,108393
2022-03-23,5.880000114440918,5.880000114440918,5.980000019073486,5.760000228881836,5.949999809265137,214804
2022-03-24,5.360000133514404,5.360000133514404,6.03000020980835,5.329999923706055,6.0,982421
2022-03-25,5.53000020980835,5.53000020980835,5.659999847412109,5.380000114440918,5.519999980926514,359745
2022-03-28,5.53000020980835,5.53000020980835,5.739999771118164,5.480000019073486,5.590000152587891,261227
2022-03-29,5.909999847412109,5.909999847412109,5.909999847412109,5.570000171661377,5.659999847412109,396430
2022-03-30,5.659999847412109,5.659999847412109,5.889999866485596,5.610000133514404,5.880000114440918,261326
2022-03-31,5.670000076293945,5.670000076293945,5.739999771118164,5.610000133514404,5.670000076293945,178902
2022-04-01,5.695000171661377,5.695000171661377,5.78000020980835,5.590000152587891,5.690000057220459,177593
2022-04-04,5.71999979019165,5.71999979019165,5.800000190734863,5.579999923706055,5.75,151767
2022-04-05,5.335000038146973,5.335000038146973,5.684999942779541,5.329999923706055,5.644999980926514,473399
2022-04-06,5.09499979019165,5.09499979019165,5.409999847412109,5.050000190734863,5.340000152587891,460457
2022-04-07,5.070000171661377,5.070000171661377,5.255000114440918,5.070000171661377,5.195000171661377,242555
2022-04-08,5.105000019073486,5.105000019073486,5.159999847412109,5.059999942779541,5.105000019073486,156951
2022-04-11,5.025000095367432,5.025000095367432,5.099999904632568,4.992000102996826,5.099999904632568,183324
2022-04-12,5.025000095367432,5.025000095367432,5.070000171661377,4.912000179290772,4.955999851226807,174859
2022-04-13,4.961999893188477,4.961999893188477,5.005000114440918,4.906000137329102,5.0,160343
2022-04-14,5.105000019073486,5.105000019073486,5.150000095367432,4.920000076293945,4.940000057220459,261255
2022-04-19,5.099999904632568,5.099999904632568,5.125,5.005000114440918,5.099999904632568,89498
2022-04-20,5.269999980926514,5.269999980926514,5.284999847412109,5.070000171661377,5.164999961853027,142391
2022-04-21,5.269999980926514,5.269999980926514,5.269999980926514,5.269999980926514,5.269999980926514,0
2022-04-22,5.269999980926514,5.269999980926514,5.269999980926514,5.269999980926514,5.269999980926514,0
2022-04-25,5.224999904632568,5.224999904632568,5.284999847412109,5.105000019073486,5.239999771118164,0
2022-04-26,5.210000038146973,5.210000038146973,5.324999809265137,5.199999809265137,5.295000076293945,0
2022-04-27,5.210000038146973,5.210000038146973,5.210000038146973,5.210000038146973,5.210000038146973,0
2022-04-28,5.179999828338623,5.179999828338623,5.215000152587891,5.070000171661377,5.105000019073486,210633
2022-04-29,5.260000228881836,5.260000228881836,5.300000190734863,5.199999809265137,5.199999809265137,107819
2022-05-02,5.105000019073486,5.105000019073486,5.184999942779541,5.025000095367432,5.164999961853027,135811
2022-05-03,5.139999866485596,5.139999866485596,5.184999942779541,5.074999809265137,5.139999866485596,108721
2022-05-04,5.175000190734863,5.175000190734863,5.195000171661377,5.074999809265137,5.195000171661377,99339
2022-05-05,5.184999942779541,5.184999942779541,5.434999942779541,5.050000190734863,5.300000190734863,352888
2022-05-06,5.184999942779541,5.184999942779541,5.184999942779541,5.184999942779541,5.184999942779541,0
2022-05-09,5.184999942779541,5.184999942779541,5.184999942779541,5.184999942779541,5.184999942779541,0
2022-05-10,4.966000080108643,4.966000080108643,5.019999980926514,4.794000148773193,4.800000190734863,246302
2022-05-11,4.966000080108643,4.966000080108643,4.966000080108643,4.966000080108643,4.966000080108643,0
2022-05-12,5.179999828338623,5.179999828338623,5.215000152587891,4.940000057220459,5.079999923706055,238315
2022-05-13,5.179999828338623,5.179999828338623,5.179999828338623,5.179999828338623,5.179999828338623,0
2022-05-16,5.289999961853027,5.289999961853027,5.389999866485596,5.224999904632568,5.349999904632568,143537
2022-05-17,5.550000190734863,5.550000190734863,5.644999980926514,5.375,5.375,235837
2022-05-18,5.550000190734863,5.550000190734863,5.690000057220459,5.539999961853027,5.574999809265137,143033
2022-05-19,5.550000190734863,5.550000190734863,5.550000190734863,5.550000190734863,5.550000190734863,0
2022-05-20,5.715000152587891,5.715000152587891,5.829999923706055,5.534999847412109,5.534999847412109,538160
2022-05-23,5.755000114440918,5.755000114440918,5.864999771118164,5.59499979019165,5.795000076293945,203730
2022-05-24,5.559999942779541,5.559999942779541,5.78000020980835,5.559999942779541,5.715000152587891,161195
2022-05-25,5.559999942779541,5.559999942779541,5.559999942779541,5.559999942779541,5.559999942779541,0
2022-05-26,5.724999904632568,5.724999904632568,5.739999771118164,5.625,5.684999942779541,66011
2022-05-27,5.724999904632568,5.724999904632568,5.724999904632568,5.724999904632568,5.724999904632568,0
2022-05-30,5.724999904632568,5.724999904632568,5.724999904632568,5.724999904632568,5.724999904632568,0
2022-05-31,5.829999923706055,5.829999923706055,5.864999771118164,5.755000114440918,5.860000133514404,211039
2022-06-01,5.78000020980835,5.78000020980835,5.949999809265137,5.775000095367432,5.909999847412109,150733
2022-06-02,5.78000020980835,5.78000020980835,5.78000020980835,5.78000020980835,5.78000020980835,0
2022-06-03,5.78000020980835,5.78000020980835,5.78000020980835,5.78000020980835,5.78000020980835,0
2022-06-06,5.909999847412109,5.909999847412109,5.96999979019165,5.84499979019165,5.940000057220459,80047
2022-06-07,6.565000057220459,6.565000057220459,6.690000057220459,5.849999904632568,5.849999904632568,870070
2022-06-08,7.164999961853027,7.164999961853027,7.335000038146973,6.710000038146973,6.75,1012527
2022-06-09,7.324999809265137,7.324999809265137,7.414999961853027,7.010000228881836,7.050000190734863,519404
2022-06-10,7.050000190734863,7.050000190734863,7.429999828338623,6.980000019073486,7.28000020980835,471301
2022-06-13,6.820000171661377,6.820000171661377,6.980000019073486,6.710000038146973,6.840000152587891,435914
2022-06-14,6.900000095367432,6.900000095367432,6.909999847412109,6.65500020980835,6.860000133514404,276384
2022-06-15,6.860000133514404,6.860000133514404,6.980000019073486,6.679999828338623,6.96999979019165,213834
2022-06-16,6.59499979019165,6.59499979019165,6.949999809265137,6.559999942779541,6.894999980926514,260578
2022-06-17,6.659999847412109,6.659999847412109,6.744999885559082,6.53000020980835,6.554999828338623,460397
2022-06-20,6.78000020980835,6.78000020980835,6.784999847412109,6.630000114440918,6.775000095367432,139120
2022-06-21,7.005000114440918,7.005000114440918,7.105000019073486,6.800000190734863,6.820000171661377,343657
2022-06-22,6.659999847412109,6.659999847412109,6.994999885559082,6.610000133514404,6.885000228881836,457007
2022-06-23,6.324999809265137,6.324999809265137,6.690000057220459,6.315000057220459,6.605000019073486,256577
2022-06-24,6.284999847412109,6.284999847412109,6.340000152587891,6.230000019073486,6.340000152587891,146579
2022-06-27,6.369999885559082,6.369999885559082,6.494999885559082,6.300000190734863,6.360000133514404,133659
2022-06-28,6.494999885559082,6.494999885559082,6.599999904632568,6.454999923706055,6.525000095367432,129594
2022-06-29,6.195000171661377,6.195000171661377,6.380000114440918,6.159999847412109,6.315000057220459,159848
2022-06-30,5.985000133514404,5.985000133514404,6.215000152587891,5.829999923706055,6.215000152587891,370975
2022-07-01,6.005000114440918,6.005000114440918,6.090000152587891,5.860000133514404,5.994999885559082,209238
2022-07-04,6.105000019073486,6.105000019073486,6.144999980926514,5.954999923706055,6.085000038146973,232004
2022-07-05,5.735000133514404,5.735000133514404,6.21999979019165,5.724999904632568,6.21999979019165,218398
2022-07-06,5.864999771118164,5.864999771118164,5.909999847412109,5.760000228881836,5.909999847412109,144914
2022-07-07,6.125,6.125,6.144999980926514,5.929999828338623,5.940000057220459,234727
2022-07-08,6.389999866485596,6.389999866485596,6.389999866485596,6.050000190734863,6.199999809265137,222568
2022-07-11,6.170000076293945,6.170000076293945,6.369999885559082,6.114999771118164,6.300000190734863,129806
2022-07-12,6.170000076293945,6.170000076293945,6.170000076293945,6.170000076293945,6.170000076293945,0
2022-07-13,5.989999771118164,5.989999771118164,6.139999866485596,5.954999923706055,6.114999771118164,116905
2022-07-14,5.885000228881836,5.885000228881836,6.039999961853027,5.829999923706055,5.920000076293945,127919
2022-07-15,6.179999828338623,6.179999828338623,6.224999904632568,5.889999866485596,5.920000076293945,170818
2022-07-18,6.539999961853027,6.539999961853027,6.644999980926514,6.260000228881836,6.324999809265137,316938
2022-07-19,6.690000057220459,6.690000057220459,6.690000057220459,6.364999771118164,6.485000133514404,185269
2022-07-20,6.699999809265137,6.699999809265137,6.735000133514404,6.579999923706055,6.684999942779541,193759
2022-07-21,6.829999923706055,6.829999923706055,6.840000152587891,6.639999866485596,6.639999866485596,126428
2022-07-22,6.900000095367432,6.900000095367432,6.994999885559082,6.795000076293945,6.809999942779541,215046
2022-07-25,6.925000190734863,6.925000190734863,6.994999885559082,6.795000076293945,6.804999828338623,95480
2022-07-26,6.880000114440918,6.880000114440918,7.099999904632568,6.849999904632568,6.860000133514404,211057
2022-07-27,6.925000190734863,6.925000190734863,6.925000190734863,6.769999980926514,6.849999904632568,148297
2022-07-28,7.199999809265137,7.199999809265137,7.295000076293945,6.985000133514404,7.039999961853027,212226
2022-07-29,7.364999771118164,7.364999771118164,7.434999942779541,7.195000171661377,7.25,257744
2022-08-01,7.210000038146973,7.210000038146973,7.414999961853027,7.099999904632568,7.375,98868
2022-08-02,7.25,7.25,7.264999866485596,7.074999809265137,7.144999980926514,125256
2022-08-03,7.289999961853027,7.289999961853027,7.320000171661377,7.110000133514404,7.195000171661377,170561
2022-08-04,7.400000095367432,7.400000095367432,7.599999904632568,7.329999923706055,7.34499979019165,261500
2022-08-05,7.239999771118164,7.239999771118164,7.565000057220459,7.090000152587891,7.494999885559082,328312
2022-08-08,7.235000133514404,7.235000133514404,7.385000228881836,7.079999923706055,7.324999809265137,135841
2022-08-09,6.96999979019165,6.96999979019165,7.239999771118164,6.920000076293945,7.150000095367432,133111
2022-08-10,7.565000057220459,7.565000057220459,7.619999885559082,6.974999904632568,7.065000057220459,272729
2022-08-11,7.880000114440918,7.880000114440918,7.965000152587891,7.550000190734863,7.550000190734863,287039
2022-08-12,7.800000190734863,7.800000190734863,7.920000076293945,7.769999980926514,7.920000076293945,171182
2022-08-15,7.619999885559082,7.619999885559082,7.84499979019165,7.599999904632568,7.84499979019165,122013
2022-08-16,7.659999847412109,7.659999847412109,7.690000057220459,7.53000020980835,7.679999828338623,112182
2022-08-17,7.539999961853027,7.539999961853027,7.704999923706055,7.489999771118164,7.704999923706055,141375
2022-08-18,7.574999809265137,7.574999809265137,7.630000114440918,7.46999979019165,7.534999847412109,73845
2022-08-19,7.239999771118164,7.239999771118164,7.489999771118164,7.215000152587891,7.489999771118164,127410
2022-08-22,7.034999847412109,7.034999847412109,7.28000020980835,6.974999904632568,7.199999809265137,124711
2022-08-23,7.079999923706055,7.079999923706055,7.159999847412109,7.0,7.070000171661377,145742
2022-08-24,7.119999885559082,7.119999885559082,7.139999866485596,7.0,7.050000190734863,66075
2022-08-25,7.199999809265137,7.199999809265137,7.284999847412109,7.099999904632568,7.284999847412109,125375
2022-08-26,6.954999923706055,6.954999923706055,7.25,6.945000171661377,7.190000057220459,99599
2022-08-29,6.889999866485596,6.889999866485596,6.980000019073486,6.815000057220459,6.880000114440918,89820
2022-08-30,6.900000095367432,6.900000095367432,7.050000190734863,6.800000190734863,6.855000019073486,86877
2022-08-31,6.789999961853027,6.789999961853027,6.954999923706055,6.764999866485596,6.909999847412109,149306
2022-09-01,6.559999942779541,6.559999942779541,6.789999961853027,6.525000095367432,6.789999961853027,153641
2022-09-02,6.795000076293945,6.795000076293945,6.849999904632568,6.605000019073486,6.619999885559082,102482
2022-09-05,6.550000190734863,6.550000190734863,6.789999961853027,6.5,6.789999961853027,55817
2022-09-06,6.59499979019165,6.59499979019165,6.71999979019165,6.480000019073486,6.59499979019165,87379
2022-09-07,7.394999980926514,7.394999980926514,7.440000057220459,7.065000057220459,7.215000152587891,375799
2022-09-08,7.630000114440918,7.630000114440918,7.849999904632568,7.460000038146973,7.485000133514404,280244
2022-09-09,7.59499979019165,7.59499979019165,7.699999809265137,7.545000076293945,7.650000095367432,134427
2022-09-12,7.704999923706055,7.704999923706055,7.809999942779541,7.659999847412109,7.724999904632568,129664
2022-09-13,7.514999866485596,7.514999866485596,7.815000057220459,7.449999809265137,7.815000057220459,162892
2022-09-14,6.400000095367432,6.400000095367432,7.099999904632568,6.389999866485596,7.099999904632568,2314369
2022-09-15,6.599999904632568,6.599999904632568,6.735000133514404,6.349999904632568,6.449999809265137,598295
2022-09-16,6.289999961853027,6.289999961853027,6.605000019073486,6.184999942779541,6.59499979019165,487190
2022-09-19,6.394999980926514,6.394999980926514,6.440000057220459,6.119999885559082,6.244999885559082,156888
2022-09-20,6.364999771118164,6.364999771118164,6.625,6.329999923706055,6.505000114440918,166696
2022-09-21,6.5,6.5,6.53000020980835,6.230000019073486,6.239999771118164,149754
2022-09-22,6.434999942779541,6.434999942779541,6.650000095367432,6.324999809265137,6.369999885559082,167072
2022-09-23,6.15500020980835,6.15500020980835,6.485000133514404,6.144999980926514,6.485000133514404,291326
2022-09-26,6.15500020980835,6.15500020980835,6.255000114440918,6.099999904632568,6.114999771118164,137457
2022-09-27,5.949999809265137,5.949999809265137,6.25,5.929999828338623,6.110000133514404,133934
2022-09-28,5.945000171661377,5.945000171661377,5.980000019073486,5.690000057220459,5.880000114440918,269063
2022-09-29,5.809999942779541,5.809999942779541,6.0,5.71999979019165,5.929999828338623,220682
2022-09-30,6.0,6.0,6.114999771118164,5.849999904632568,5.875,112976
2022-10-03,6.15500020980835,6.15500020980835,6.15500020980835,5.909999847412109,5.909999847412109,103728
2022-10-04,6.385000228881836,6.385000228881836,6.454999923706055,6.25,6.25,101061
2022-10-05,6.144999980926514,6.144999980926514,6.389999866485596,6.054999828338623,6.309999942779541,190637
2022-10-06,6.125,6.125,6.289999961853027,6.114999771118164,6.170000076293945,120524
2022-10-07,6.135000228881836,6.135000228881836,6.224999904632568,6.054999828338623,6.079999923706055,112135
2022-10-10,6.045000076293945,6.045000076293945,6.199999809265137,6.010000228881836,6.010000228881836,104310
2022-10-11,5.90500020980835,5.90500020980835,6.019999980926514,5.809999942779541,5.954999923706055,90190
2022-10-12,5.974999904632568,5.974999904632568,6.03000020980835,5.815000057220459,5.940000057220459,117444
2022-10-13,6.150000095367432,6.150000095367432,6.210000038146973,5.914999961853027,5.949999809265137,130648
2022-10-14,6.125,6.125,6.329999923706055,6.090000152587891,6.324999809265137,95386
2022-10-17,6.230000019073486,6.230000019073486,6.255000114440918,6.09499979019165,6.110000133514404,120159
2022-10-18,6.340000152587891,6.340000152587891,6.420000076293945,6.275000095367432,6.275000095367432,122501
2022-10-19,6.434999942779541,6.434999942779541,6.460000038146973,6.315000057220459,6.320000171661377,69849
2022-10-20,6.545000076293945,6.545000076293945,6.619999885559082,6.369999885559082,6.369999885559082,311517
2022-10-21,6.224999904632568,6.224999904632568,6.489999771118164,5.960000038146973,6.474999904632568,359865
2022-10-24,6.425000190734863,6.425000190734863,6.465000152587891,6.135000228881836,6.25,232051
2022-10-25,6.519999980926514,6.519999980926514,6.550000190734863,6.34499979019165,6.355000019073486,108679
2022-10-26,6.5,6.5,6.679999828338623,6.34499979019165,6.489999771118164,185808
2022-10-27,7.0,7.0,7.059999942779541,6.525000095367432,6.525000095367432,525040
2022-10-28,7.320000171661377,7.320000171661377,7.320000171661377,6.929999828338623,6.929999828338623,438829
2022-10-31,7.184999942779541,7.184999942779541,7.675000190734863,7.099999904632568,7.449999809265137,300830
2022-11-01,7.375,7.375,7.485000133514404,7.28000020980835,7.304999828338623,249849
2022-11-02,7.210000038146973,7.210000038146973,7.40500020980835,7.079999923706055,7.380000114440918,171617
2022-11-03,7.25,7.25,7.324999809265137,7.119999885559082,7.275000095367432,183020
2022-11-04,7.289999961853027,7.289999961853027,7.349999904632568,7.105000019073486,7.239999771118164,241823
2022-11-07,7.704999923706055,7.704999923706055,7.704999923706055,7.21999979019165,7.255000114440918,403748
2022-11-08,7.744999885559082,7.744999885559082,7.855000019073486,7.630000114440918,7.630000114440918,245538
2022-11-09,7.565000057220459,7.565000057220459,7.820000171661377,7.534999847412109,7.690000057220459,149715
2022-11-10,7.684999942779541,7.684999942779541,7.704999923706055,7.315000057220459,7.525000095367432,201023
2022-11-11,7.670000076293945,7.670000076293945,7.78000020980835,7.614999771118164,7.715000152587891,90086
2022-11-14,7.644999980926514,7.644999980926514,7.744999885559082,7.545000076293945,7.744999885559082,152998
2022-11-15,7.525000095367432,7.525000095367432,7.664999961853027,7.480000019073486,7.639999866485596,117953
2022-11-16,7.25,7.25,7.525000095367432,7.190000057220459,7.480000019073486,163518
2022-11-17,7.329999923706055,7.329999923706055,7.329999923706055,7.09499979019165,7.300000190734863,199123
2022-11-18,7.364999771118164,7.364999771118164,7.369999885559082,7.139999866485596,7.284999847412109,398734
2022-11-21,7.355000019073486,7.355000019073486,7.394999980926514,7.275000095367432,7.335000038146973,57860
2022-11-22,7.449999809265137,7.449999809265137,7.449999809265137,7.295000076293945,7.369999885559082,58508
2022-11-23,7.559999942779541,7.559999942779541,7.590000152587891,7.400000095367432,7.40500020980835,71543
2022-11-24,7.505000114440918,7.505000114440918,7.664999961853027,7.485000133514404,7.625,66782
2022-11-25,7.440000057220459,7.440000057220459,7.474999904632568,7.28000020980835,7.474999904632568,99022
2022-11-28,7.135000228881836,7.135000228881836,7.494999885559082,7.135000228881836,7.400000095367432,143225
2022-11-29,7.21999979019165,7.21999979019165,7.21999979019165,7.050000190734863,7.170000076293945,144422
2022-11-30,7.465000152587891,7.465000152587891,7.465000152587891,7.175000190734863,7.21999979019165,297518
2022-12-01,7.5,7.5,7.59499979019165,7.460000038146973,7.460000038146973,118802
2022-12-02,7.445000171661377,7.445000171661377,7.465000152587891,7.320000171661377,7.454999923706055,83606
2022-12-05,7.349999904632568,7.349999904632568,7.550000190734863,7.295000076293945,7.420000076293945,132014
2022-12-06,7.25,7.25,7.389999866485596,7.21999979019165,7.295000076293945,117173
2022-12-07,7.190000057220459,7.190000057220459,7.260000228881836,7.079999923706055,7.215000152587891,77750
2022-12-08,7.21999979019165,7.21999979019165,7.244999885559082,7.150000095367432,7.15500020980835,68752
2022-12-09,7.340000152587891,7.340000152587891,7.40500020980835,7.210000038146973,7.239999771118164,74237
2022-12-12,7.320000171661377,7.320000171661377,7.364999771118164,7.215000152587891,7.289999961853027,62086
2022-12-13,7.385000228881836,7.385000228881836,7.510000228881836,7.264999866485596,7.340000152587891,162045
2022-12-14,7.349999904632568,7.349999904632568,7.414999961853027,7.28000020980835,7.349999904632568,70198
2022-12-15,7.065000057220459,7.065000057220459,7.284999847412109,7.054999828338623,7.284999847412109,55561
2022-12-16,6.864999771118164,6.864999771118164,7.034999847412109,6.815000057220459,7.019999980926514,174664
2022-12-19,6.925000190734863,6.925000190734863,6.96999979019165,6.860000133514404,6.885000228881836,46239
2022-12-20,6.954999923706055,6.954999923706055,6.96999979019165,6.735000133514404,6.795000076293945,94970
2022-12-21,7.025000095367432,7.025000095367432,7.050000190734863,6.920000076293945,6.989999771118164,67585
2022-12-22,7.050000190734863,7.050000190734863,7.170000076293945,6.974999904632568,7.019999980926514,100524
2022-12-23,7.099999904632568,7.099999904632568,7.139999866485596,7.005000114440918,7.070000171661377,48327
2022-12-27,7.119999885559082,7.119999885559082,7.239999771118164,7.065000057220459,7.159999847412109,64623
2022-12-28,6.974999904632568,6.974999904632568,7.135000228881836,6.96999979019165,7.135000228881836,76621
2022-12-29,7.059999942779541,7.059999942779541,7.085000038146973,6.900000095367432,6.974999904632568,33376
2022-12-30,6.929999828338623,6.929999828338623,7.085000038146973,6.929999828338623,7.070000171661377,30660
2023-01-02,7.085000038146973,7.085000038146973,7.085000038146973,6.965000152587891,6.965000152587891,61690
2023-01-03,7.28000020980835,7.28000020980835,7.335000038146973,7.054999828338623,7.054999828338623,66395
2023-01-04,7.630000114440918,7.630000114440918,7.630000114440918,7.28000020980835,7.34499979019165,169383
2023-01-05,7.53000020980835,7.53000020980835,7.625,7.494999885559082,7.539999961853027,197826
2023-01-06,7.505000114440918,7.505000114440918,7.574999809265137,7.40500020980835,7.539999961853027,79917
2023-01-09,7.514999866485596,7.514999866485596,7.664999961853027,7.420000076293945,7.554999828338623,135315
2023-01-10,7.389999866485596,7.389999866485596,7.625,7.364999771118164,7.474999904632568,107938
2023-01-11,7.699999809265137,7.699999809265137,7.800000190734863,7.295000076293945,7.380000114440918,157838
2023-01-12,7.880000114440918,7.880000114440918,7.880000114440918,7.695000171661377,7.695000171661377,110651
2023-01-13,8.25,8.25,8.25,7.914999961853027,7.980000019073486,343935
2023-01-16,8.260000228881836,8.260000228881836,8.385000228881836,8.135000228881836,8.25,119241
2023-01-17,8.164999961853027,8.164999961853027,8.345000267028809,8.005000114440918,8.25,205610
2023-01-18,8.175000190734863,8.175000190734863,8.279999732971191,8.119999885559082,8.15999984741211,108147
2023-01-19,7.929999828338623,7.929999828338623,8.140000343322754,7.820000171661377,8.119999885559082,152747
2023-01-20,7.985000133514404,7.985000133514404,8.140000343322754,7.920000076293945,7.974999904632568,119673
2023-01-23,7.989999771118164,7.989999771118164,8.119999885559082,7.985000133514404,8.050000190734863,80822
2023-01-24,7.889999866485596,7.889999866485596,8.050000190734863,7.885000228881836,7.994999885559082,63792
2023-01-25,7.860000133514404,7.860000133514404,7.900000095367432,7.644999980926514,7.855000019073486,72463
2023-01-26,8.024999618530273,8.024999618530273,8.069999694824219,7.914999961853027,7.945000171661377,66787
2023-01-27,8.024999618530273,8.024999618530273,8.024999618530273,8.024999618530273,8.024999618530273,0
2023-01-30,7.989999771118164,7.989999771118164,8.095000267028809,7.90500020980835,8.050000190734863,83790
2023-01-31,7.929999828338623,7.929999828338623,7.989999771118164,7.840000152587891,7.949999809265137,126780
2023-02-01,7.900000095367432,7.900000095367432,8.03499984741211,7.894999980926514,7.965000152587891,102376
2023-02-02,7.78000020980835,7.78000020980835,7.985000133514404,7.715000152587891,7.954999923706055,123543
2023-02-03,8.755000114440918,8.755000114440918,8.845000267028809,7.960000038146973,8.069999694824219,780387
2023-02-06,8.699999809265137,8.699999809265137,8.819999694824219,8.4399995803833,8.65999984741211,256033
2023-02-07,8.350000381469727,8.350000381469727,8.819999694824219,8.260000228881836,8.739999771118164,187200
2023-02-08,8.609999656677246,8.609999656677246,8.734999656677246,8.414999961853027,8.414999961853027,187936
2023-02-09,8.710000038146973,8.710000038146973,8.859999656677246,8.585000038146973,8.654999732971191,134317
2023-02-10,8.670000076293945,8.670000076293945,8.704999923706055,8.479999542236328,8.675000190734863,93926
2023-02-13,8.699999809265137,8.699999809265137,8.8149995803833,8.645000457763672,8.6850004196167,157418
2023-02-14,8.71500015258789,8.71500015258789,8.755000114440918,8.550000190734863,8.699999809265137,194250
2023-02-15,8.774999618530273,8.774999618530273,8.78499984741211,8.645000457763672,8.694999694824219,190791
2023-02-16,8.725000381469727,8.725000381469727,8.880000114440918,8.649999618530273,8.829999923706055,218028
2023-02-17,8.75,8.75,8.829999923706055,8.619999885559082,8.649999618530273,120670
2023-02-20,9.0600004196167,9.0600004196167,9.18000030517578,8.75,8.800000190734863,222352
2023-02-21,9.039999961853027,9.039999961853027,9.145000457763672,9.029999732971191,9.029999732971191,96875
2023-02-22,8.994999885559082,8.994999885559082,9.0,8.765000343322754,9.0,159493
2023-02-23,8.904999732971191,8.904999732971191,9.045000076293944,8.864999771118164,9.03499984741211,75713
2023-02-24,8.625,8.625,9.024999618530272,8.614999771118164,8.9399995803833,220960
2023-02-27,8.829999923706055,8.829999923706055,8.90999984741211,8.65999984741211,8.6899995803833,154800
2023-02-28,8.869999885559082,8.869999885559082,8.895000457763672,8.720000267028809,8.800000190734863,100750
2023-03-01,9.109999656677246,9.109999656677246,9.25,8.930000305175781,8.9350004196167,269591
2023-03-02,8.875,8.875,9.09000015258789,8.800000190734863,9.039999961853027,143867
2023-03-03,9.135000228881836,9.135000228881836,9.140000343322754,8.875,8.875,101291
2023-03-06,9.154999732971191,9.154999732971191,9.1850004196167,9.03499984741211,9.18000030517578,112859
2023-03-07,9.135000228881836,9.135000228881836,9.295000076293944,9.079999923706056,9.140000343322754,151385
2023-03-08,9.095000267028809,9.095000267028809,9.135000228881836,9.015000343322754,9.104999542236328,112505
2023-03-09,9.1850004196167,9.1850004196167,9.220000267028809,9.079999923706056,9.079999923706056,117721
2023-03-10,9.06999969482422,9.06999969482422,9.1850004196167,8.819999694824219,9.0,167135
2023-03-13,8.555000305175781,8.555000305175781,9.05500030517578,8.350000381469727,8.989999771118164,323473
2023-03-14,8.770000457763672,8.770000457763672,8.859999656677246,8.505000114440918,8.59000015258789,159941
2023-03-15,8.149999618530273,8.149999618530273,8.789999961853027,8.149999618530273,8.789999961853027,195183
2023-03-16,8.350000381469727,8.350000381469727,8.369999885559082,8.029999732971191,8.335000038146973,150364
2023-03-17,7.989999771118164,7.989999771118164,8.404999732971191,7.824999809265137,8.404999732971191,257216
2023-03-20,7.949999809265137,7.949999809265137,8.015000343322754,7.525000095367432,7.875,230913
2023-03-21,8.130000114440918,8.130000114440918,8.199999809265137,8.0600004196167,8.069999694824219,108385
2023-03-22,8.0,8.0,8.140000343322754,7.940000057220459,8.140000343322754,131184
2023-03-23,8.055000305175781,8.055000305175781,8.09000015258789,7.364999771118164,7.489999771118164,329981
2023-03-24,8.15999984741211,8.15999984741211,8.239999771118164,7.994999885559082,7.994999885559082,268564
2023-03-27,8.350000381469727,8.350000381469727,8.414999961853027,8.204999923706055,8.239999771118164,140216
2023-03-28,8.805000305175781,8.805000305175781,8.84000015258789,8.425000190734863,8.430000305175781,294356
2023-03-29,9.18000030517578,9.18000030517578,9.18000030517578,8.975000381469727,8.975000381469727,253496
2023-03-30,9.364999771118164,9.364999771118164,9.399999618530272,9.210000038146973,9.25,239840
2023-03-31,9.09000015258789,9.09000015258789,9.380000114440918,9.024999618530272,9.335000038146973,134604
2023-04-03,9.0649995803833,9.0649995803833,9.140000343322754,8.864999771118164,9.100000381469728,165724
2023-04-04,8.890000343322754,8.890000343322754,9.119999885559082,8.864999771118164,9.095000267028809,120032
2023-04-05,8.550000190734863,8.550000190734863,8.890000343322754,8.505000114440918,8.890000343322754,115880
2023-04-06,8.510000228881836,8.510000228881836,8.680000305175781,8.470000267028809,8.5649995803833,92400
2023-04-11,8.600000381469727,8.600000381469727,8.630000114440918,8.539999961853027,8.579999923706055,177702
2023-04-12,8.6850004196167,8.6850004196167,8.704999923706055,8.5649995803833,8.600000381469727,68495
2023-04-13,8.6899995803833,8.6899995803833,8.755000114440918,8.654999732971191,8.725000381469727,61521
2023-04-14,8.729999542236328,8.729999542236328,8.805000305175781,8.649999618530273,8.729999542236328,75653
2023-04-17,8.649999618530273,8.649999618530273,8.819999694824219,8.619999885559082,8.729999542236328,62224
2023-04-18,8.819999694824219,8.819999694824219,8.90999984741211,8.640000343322754,8.680000305175781,79032
2023-04-19,8.625,8.625,8.829999923706055,8.59000015258789,8.829999923706055,57532
2023-04-20,8.569999694824219,8.569999694824219,8.609999656677246,8.470000267028809,8.609999656677246,61715
2023-04-21,8.550000190734863,8.550000190734863,8.585000038146973,8.380000114440918,8.524999618530273,82558
2023-04-24,8.640000343322754,8.640000343322754,9.045000076293944,8.635000228881836,8.90999984741211,208125
2023-04-25,8.489999771118164,8.489999771118164,8.600000381469727,8.380000114440918,8.600000381469727,110702
2023-04-26,8.295000076293945,8.295000076293945,8.494999885559082,8.274999618530273,8.489999771118164,106289
2023-04-27,8.21500015258789,8.21500015258789,8.329999923706055,8.140000343322754,8.279999732971191,114989
2023-04-28,8.34000015258789,8.34000015258789,8.345000267028809,8.1899995803833,8.28499984741211,81951
2023-05-02,8.994999885559082,8.994999885559082,9.375,8.859999656677246,8.859999656677246,373691
2023-05-03,9.1899995803833,9.1899995803833,9.274999618530272,9.03499984741211,9.03499984741211,208138
2023-05-04,8.805000305175781,8.805000305175781,9.31999969482422,8.720000267028809,9.130000114440918,165294
2023-05-05,8.9399995803833,8.9399995803833,8.979999542236328,8.329999923706055,8.739999771118164,291423
2023-05-08,8.699999809265137,8.699999809265137,8.930000305175781,8.399999618530273,8.930000305175781,189047
2023-05-09,8.979999542236328,8.979999542236328,9.074999809265137,8.6899995803833,8.694999694824219,208674
2023-05-10,9.09000015258789,9.09000015258789,9.385000228881836,8.989999771118164,8.989999771118164,198755
2023-05-11,9.039999961853027,9.039999961853027,9.149999618530272,8.880000114440918,9.09000015258789,100189
2023-05-12,9.119999885559082,9.119999885559082,9.135000228881836,8.979999542236328,9.09000015258789,92755
2023-05-15,9.024999618530272,9.024999618530272,9.199999809265137,8.835000038146973,9.1899995803833,77190
2023-05-16,8.930000305175781,8.930000305175781,9.074999809265137,8.920000076293945,9.0,82044
2023-05-17,9.06999969482422,9.06999969482422,9.06999969482422,8.850000381469727,8.899999618530273,64397
2023-05-18,9.229999542236328,9.229999542236328,9.260000228881836,9.09000015258789,9.135000228881836,74120
2023-05-19,9.28499984741211,9.28499984741211,9.539999961853027,9.255000114440918,9.399999618530272,192070
2023-05-22,9.119999885559082,9.119999885559082,9.279999732971191,8.904999732971191,9.274999618530272,124151
2023-05-23,8.899999618530273,8.899999618530273,9.130000114440918,8.899999618530273,9.130000114440918,75531
2023-05-24,8.664999961853027,8.664999961853027,8.824999809265137,8.625,8.824999809265137,129215
2023-05-25,8.720000267028809,8.720000267028809,8.779999732971191,8.604999542236328,8.744999885559082,81739
2023-05-26,8.869999885559082,8.869999885559082,8.979999542236328,8.710000038146973,8.979999542236328,96660
2023-05-29,8.760000228881836,8.760000228881836,8.925000190734863,8.71500015258789,8.925000190734863,31722
2023-05-30,8.625,8.625,8.8100004196167,8.625,8.8100004196167,55978
2023-05-31,8.46500015258789,8.46500015258789,8.670000076293945,8.420000076293945,8.600000381469727,181753
2023-06-01,8.510000228881836,8.510000228881836,8.555000305175781,8.385000228881836,8.550000190734863,61968
2023-06-02,8.569999694824219,8.569999694824219,8.654999732971191,8.545000076293945,8.609999656677246,56322
2023-06-05,8.595000267028809,8.595000267028809,8.625,8.5,8.585000038146973,70874
2023-06-06,8.625,8.625,8.649999618530273,8.454999923706055,8.550000190734863,73201
2023-06-07,8.800000190734863,8.800000190734863,8.869999885559082,8.53499984741211,8.645000457763672,186935
2023-06-08,8.619999885559082,8.619999885559082,8.78499984741211,8.545000076293945,8.734999656677246,70557
2023-06-09,8.454999923706055,8.454999923706055,8.609999656677246,8.449999809265137,8.585000038146973,56723
2023-06-12,8.5,8.5,8.550000190734863,8.449999809265137,8.505000114440918,67658
2023-06-13,8.654999732971191,8.654999732971191,8.6850004196167,8.484999656677246,8.574999809265137,61505
2023-06-14,8.579999923706055,8.579999923706055,8.729999542236328,8.579999923706055,8.6899995803833,70716
2023-06-15,8.585000038146973,8.585000038146973,8.625,8.460000038146973,8.569999694824219,146377
2023-06-16,8.609999656677246,8.609999656677246,8.664999961853027,8.5600004196167,8.635000228881836,80501
2023-06-19,8.574999809265137,8.574999809265137,8.609999656677246,8.5600004196167,8.600000381469727,54411
2023-06-20,8.475000381469727,8.475000381469727,8.579999923706055,8.430000305175781,8.5600004196167,83390
2023-06-21,8.0,8.0,8.074999809265137,7.659999847412109,7.949999809265137,1219126
2023-06-22,8.114999771118164,8.114999771118164,8.125,7.829999923706055,7.949999809265137,319947
2023-06-23,8.055000305175781,8.055000305175781,8.199999809265137,8.010000228881836,8.039999961853027,141940
2023-06-26,8.0600004196167,8.0600004196167,8.164999961853027,7.885000228881836,8.15999984741211,112303
2023-06-27,8.15999984741211,8.15999984741211,8.15999984741211,7.960000038146973,7.994999885559082,137763
2023-06-28,8.359999656677246,8.359999656677246,8.359999656677246,8.15999984741211,8.180000305175781,118419
2023-06-29,8.25,8.25,8.470000267028809,8.194999694824219,8.390000343322754,268614
2023-06-30,8.414999961853027,8.414999961853027,8.449999809265137,8.255000114440918,8.279999732971191,147118
2023-07-03,8.369999885559082,8.369999885559082,8.460000038146973,8.244999885559082,8.460000038146973,133768
2023-07-04,8.265000343322754,8.265000343322754,8.399999618530273,8.229999542236328,8.395000457763672,106208
2023-07-05,8.1899995803833,8.1899995803833,8.265000343322754,8.109999656677246,8.199999809265137,114016
2023-07-06,8.015000343322754,8.015000343322754,8.225000381469727,7.985000133514404,8.225000381469727,136428
2023-07-07,8.039999961853027,8.039999961853027,8.079999923706055,7.985000133514404,7.989999771118164,124070
2023-07-10,8.069999694824219,8.069999694824219,8.109999656677246,7.980000019073486,8.0649995803833,62881
2023-07-11,8.149999618530273,8.149999618530273,8.234999656677246,8.095000267028809,8.095000267028809,54180
2023-07-12,8.28499984741211,8.28499984741211,8.28499984741211,8.100000381469727,8.210000038146973,79785
2023-07-13,8.279999732971191,8.279999732971191,8.329999923706055,8.199999809265137,8.28499984741211,64259
2023-07-14,8.199999809265137,8.199999809265137,8.270000457763672,8.154999732971191,8.270000457763672,85502
2023-07-17,8.135000228881836,8.135000228881836,8.199999809265137,8.130000114440918,8.170000076293945,52332
2023-07-18,8.154999732971191,8.154999732971191,8.180000305175781,8.09000015258789,8.145000457763672,28317
2023-07-19,8.0,8.0,8.225000381469727,7.994999885559082,8.194999694824219,41203
2023-07-20,7.875,7.875,7.954999923706055,7.769999980926514,7.949999809265137,167164
2023-07-21,7.784999847412109,7.784999847412109,7.84499979019165,7.769999980926514,7.829999923706055,106377
2023-07-24,7.690000057220459,7.690000057220459,7.929999828338623,7.349999904632568,7.71999979019165,256702
2023-07-25,7.619999885559082,7.619999885559082,7.840000152587891,7.519999980926514,7.744999885559082,242218
2023-07-26,7.550000190734863,7.550000190734863,7.659999847412109,7.480000019073486,7.579999923706055,132717
2023-07-27,7.715000152587891,7.715000152587891,7.739999771118164,7.505000114440918,7.550000190734863,104650
2023-07-28,7.59499979019165,7.59499979019165,7.704999923706055,7.579999923706055,7.664999961853027,71812
2023-07-31,7.599999904632568,7.599999904632568,7.699999809265137,7.510000228881836,7.579999923706055,100654
2023-08-01,7.480000019073486,7.480000019073486,7.570000171661377,7.480000019073486,7.53000020980835,91769
2023-08-02,7.480000019073486,7.480000019073486,7.545000076293945,7.25,7.315000057220459,88433
2023-08-03,7.5,7.5,7.519999980926514,7.400000095367432,7.454999923706055,143708
2023-08-04,7.445000171661377,7.445000171661377,7.590000152587891,7.414999961853027,7.460000038146973,99401
2023-08-07,7.525000095367432,7.525000095367432,7.545000076293945,7.400000095367432,7.400000095367432,85255
2023-08-08,7.5,7.5,7.539999961853027,7.474999904632568,7.485000133514404,88512
2023-08-09,7.429999828338623,7.429999828338623,7.539999961853027,7.400000095367432,7.539999961853027,90965
2023-08-10,7.525000095367432,7.525000095367432,7.59499979019165,7.449999809265137,7.449999809265137,68054
2023-08-11,7.639999866485596,7.639999866485596,7.704999923706055,7.525000095367432,7.525000095367432,203840
2023-08-14,7.679999828338623,7.679999828338623,7.679999828338623,7.485000133514404,7.635000228881836,182800
2023-08-15,7.380000114440918,7.380000114440918,7.690000057220459,7.349999904632568,7.690000057220459,77794
2023-08-16,7.385000228881836,7.385000228881836,7.449999809265137,7.34499979019165,7.349999904632568,34493
2023-08-17,7.34499979019165,7.34499979019165,7.380000114440918,7.269999980926514,7.315000057220459,72604
2023-08-18,7.099999904632568,7.099999904632568,7.34499979019165,7.099999904632568,7.34499979019165,163934
2023-08-21,6.940000057220459,6.940000057220459,7.090000152587891,6.920000076293945,7.054999828338623,182423
2023-08-22,7.090000152587891,7.090000152587891,7.164999961853027,6.989999771118164,7.0,79228
2023-08-23,7.005000114440918,7.005000114440918,7.099999904632568,7.005000114440918,7.099999904632568,98048
2023-08-24,6.945000171661377,6.945000171661377,7.105000019073486,6.945000171661377,7.045000076293945,141496
2023-08-25,6.980000019073486,6.980000019073486,7.074999809265137,6.900000095367432,6.980000019073486,125449
2023-08-28,7.059999942779541,7.059999942779541,7.125,7.005000114440918,7.039999961853027,68854
2023-08-29,7.025000095367432,7.025000095367432,7.065000057220459,6.965000152587891,7.065000057220459,57482
2023-08-30,6.945000171661377,6.945000171661377,7.074999809265137,6.880000114440918,7.019999980926514,110661
2023-08-31,6.994999885559082,6.994999885559082,7.070000171661377,6.940000057220459,6.940000057220459,98067
2023-09-01,6.949999809265137,6.949999809265137,6.994999885559082,6.894999980926514,6.994999885559082,96091
2023-09-04,7.079999923706055,7.079999923706055,7.114999771118164,6.909999847412109,6.929999828338623,88510
2023-09-05,7.019999980926514,7.019999980926514,7.215000152587891,6.965000152587891,7.019999980926514,86402
2023-09-06,6.96999979019165,6.96999979019165,7.074999809265137,6.954999923706055,7.019999980926514,87236
2023-09-07,6.804999828338623,6.804999828338623,6.949999809265137,6.78000020980835,6.949999809265137,110274
2023-09-08,6.775000095367432,6.775000095367432,6.855000019073486,6.690000057220459,6.800000190734863,119166
2023-09-11,6.840000152587891,6.840000152587891,6.864999771118164,6.739999771118164,6.795000076293945,122201
2023-09-12,6.784999847412109,6.784999847412109,6.840000152587891,6.710000038146973,6.840000152587891,52646
2023-09-13,6.804999828338623,6.804999828338623,6.875,6.75,6.769999980926514,80338
2023-09-14,6.824999809265137,6.824999809265137,6.84499979019165,6.75,6.784999847412109,59142
2023-09-15,6.764999866485596,6.764999866485596,6.940000057220459,6.764999866485596,6.889999866485596,138484
2023-09-18,6.704999923706055,6.704999923706055,6.789999961853027,6.670000076293945,6.789999961853027,81073
2023-09-19,6.65500020980835,6.65500020980835,6.715000152587891,6.610000133514404,6.659999847412109,75061
2023-09-20,6.800000190734863,6.800000190734863,6.815000057220459,6.679999828338623,6.695000171661377,84438
2023-09-21,6.664999961853027,6.664999961853027,6.829999923706055,6.664999961853027,6.769999980926514,67984
2023-09-22,6.650000095367432,6.650000095367432,6.699999809265137,6.550000190734863,6.699999809265137,145030
2023-09-25,6.539999961853027,6.539999961853027,6.639999866485596,6.465000152587891,6.639999866485596,108040
2023-09-26,6.534999847412109,6.534999847412109,6.625,6.394999980926514,6.525000095367432,157707
2023-09-27,6.590000152587891,6.590000152587891,6.599999904632568,6.494999885559082,6.525000095367432,89710
2023-09-28,6.585000038146973,6.585000038146973,6.679999828338623,6.519999980926514,6.559999942779541,142172
2023-09-29,6.605000019073486,6.605000019073486,6.715000152587891,6.579999923706055,6.579999923706055,46733
2023-10-02,6.610000133514404,6.610000133514404,6.675000190734863,6.545000076293945,6.635000228881836,54360
2023-10-03,6.525000095367432,6.525000095367432,6.605000019073486,6.429999828338623,6.519999980926514,101436
2023-10-04,6.46999979019165,6.46999979019165,6.559999942779541,6.355000019073486,6.465000152587891,82200
2023-10-05,6.40500020980835,6.40500020980835,6.514999866485596,6.385000228881836,6.460000038146973,35872
2023-10-06,6.355000019073486,6.355000019073486,6.46999979019165,6.264999866485596,6.460000038146973,78087
2023-10-09,6.255000114440918,6.255000114440918,6.375,6.230000019073486,6.275000095367432,98887
2023-10-10,6.46999979019165,6.46999979019165,6.489999771118164,6.300000190734863,6.300000190734863,78843
2023-10-11,6.46999979019165,6.46999979019165,6.510000228881836,6.420000076293945,6.420000076293945,49674
2023-10-12,6.559999942779541,6.559999942779541,6.585000038146973,6.46999979019165,6.46999979019165,96406
2023-10-13,6.449999809265137,6.449999809265137,6.539999961853027,6.425000190734863,6.474999904632568,90175
2023-10-16,6.224999904632568,6.224999904632568,6.460000038146973,6.210000038146973,6.460000038146973,60346
2023-10-17,6.210000038146973,6.210000038146973,6.300000190734863,6.059999942779541,6.21999979019165,175328
2023-10-18,6.0,6.0,6.139999866485596,5.949999809265137,6.139999866485596,217804
2023-10-19,5.965000152587891,5.965000152587891,6.019999980926514,5.909999847412109,5.960000038146973,104838
2023-10-20,5.929999828338623,5.929999828338623,6.059999942779541,5.849999904632568,5.880000114440918,190653
2023-10-23,5.769999980926514,5.769999980926514,5.920000076293945,5.684999942779541,5.875,182022
2023-10-24,5.889999866485596,5.889999866485596,5.974999904632568,5.755000114440918,5.755000114440918,104409
2023-10-25,5.71999979019165,5.71999979019165,5.925000190734863,5.710000038146973,5.925000190734863,85238
2023-10-26,5.71999979019165,5.71999979019165,5.764999866485596,5.619999885559082,5.659999847412109,63912
2023-10-27,5.739999771118164,5.739999771118164,5.769999980926514,5.644999980926514,5.659999847412109,118400
2023-10-30,5.75,5.75,5.84499979019165,5.715000152587891,5.724999904632568,101912
2023-10-31,5.795000076293945,5.795000076293945,5.829999923706055,5.699999809265137,5.795000076293945,114533
2023-11-01,5.84499979019165,5.84499979019165,5.894999980926514,5.735000133514404,5.864999771118164,141213
2023-11-02,5.84499979019165,5.84499979019165,5.934999942779541,5.769999980926514,5.90500020980835,221888
2023-11-03,5.914999961853027,5.914999961853027,6.070000171661377,5.715000152587891,5.795000076293945,279620
2023-11-06,6.03000020980835,6.03000020980835,6.054999828338623,5.949999809265137,5.949999809265137,90521
2023-11-07,5.869999885559082,5.869999885559082,6.065000057220459,5.829999923706055,6.065000057220459,178266
2023-11-08,5.980000019073486,5.980000019073486,6.054999828338623,5.855000019073486,5.855000019073486,185534
2023-11-09,6.159999847412109,6.159999847412109,6.204999923706055,5.989999771118164,6.005000114440918,115808
2023-11-10,6.039999961853027,6.039999961853027,6.15500020980835,5.960000038146973,6.15500020980835,157544
2023-11-13,6.074999809265137,6.074999809265137,6.125,6.014999866485596,6.065000057220459,78679
2023-11-14,6.230000019073486,6.230000019073486,6.264999866485596,6.099999904632568,6.119999885559082,190782
2023-11-15,6.244999885559082,6.244999885559082,6.34499979019165,6.139999866485596,6.269999980926514,90564
2023-11-16,6.114999771118164,6.114999771118164,6.295000076293945,6.099999904632568,6.295000076293945,127160
2023-11-17,6.175000190734863,6.175000190734863,6.21999979019165,6.130000114440918,6.170000076293945,69095
2023-11-20,6.105000019073486,6.105000019073486,6.210000038146973,6.099999904632568,6.199999809265137,58960
2023-11-21,5.920000076293945,5.920000076293945,6.125,5.920000076293945,6.114999771118164,118857
2023-11-22,6.019999980926514,6.019999980926514,6.119999885559082,5.945000171661377,5.96999979019165,183070
2023-11-23,5.989999771118164,5.989999771118164,6.090000152587891,5.980000019073486,6.059999942779541,78345
2023-11-24,6.014999866485596,6.014999866485596,6.014999866485596,5.934999942779541,5.949999809265137,66269
2023-11-27,5.940000057220459,5.940000057220459,6.125,5.929999828338623,6.050000190734863,121165
2023-11-28,5.974999904632568,5.974999904632568,6.005000114440918,5.864999771118164,6.005000114440918,50652
2023-11-29,6.070000171661377,6.070000171661377,6.139999866485596,6.025000095367432,6.034999847412109,130867
2023-11-30,6.070000171661377,6.070000171661377,6.110000133514404,5.994999885559082,6.105000019073486,112018
2023-12-01,6.135000228881836,6.135000228881836,6.159999847412109,6.0,6.114999771118164,141714
2023-12-04,5.989999771118164,5.989999771118164,6.159999847412109,5.980000019073486,6.15500020980835,210500
2023-12-05,6.050000190734863,6.050000190734863,6.099999904632568,5.934999942779541,6.03000020980835,81304
2023-12-06,6.135000228881836,6.135000228881836,6.199999809265137,6.034999847412109,6.034999847412109,134272
2023-12-07,6.09499979019165,6.09499979019165,6.184999942779541,5.974999904632568,6.090000152587891,91379
2023-12-08,6.09499979019165,6.09499979019165,6.139999866485596,6.03000020980835,6.03000020980835,95976
2023-12-11,6.054999828338623,6.054999828338623,6.105000019073486,6.0,6.050000190734863,88576
2023-12-12,5.885000228881836,5.885000228881836,6.090000152587891,5.860000133514404,6.03000020980835,108232
2023-12-13,5.840000152587891,5.840000152587891,5.90500020980835,5.840000152587891,5.855000019073486,107525
2023-12-14,6.25,6.25,6.5,5.914999961853027,5.914999961853027,268459
2023-12-15,6.385000228881836,6.385000228881836,6.434999942779541,6.320000171661377,6.335000038146973,138172
2023-12-18,6.385000228881836,6.385000228881836,6.385000228881836,6.300000190734863,6.34499979019165,75615
2023-12-19,6.449999809265137,6.449999809265137,6.480000019073486,6.364999771118164,6.429999828338623,79601
2023-12-20,6.510000228881836,6.510000228881836,6.550000190734863,6.40500020980835,6.40500020980835,111683
2023-12-21,6.525000095367432,6.525000095367432,6.559999942779541,6.429999828338623,6.510000228881836,111933
2023-12-22,6.445000171661377,6.445000171661377,6.525000095367432,6.380000114440918,6.494999885559082,67290
2023-12-27,6.449999809265137,6.449999809265137,6.525000095367432,6.420000076293945,6.460000038146973,66579
2023-12-28,6.46999979019165,6.46999979019165,6.599999904632568,6.414999961853027,6.5,102597
2023-12-29,6.510000228881836,6.510000228881836,6.534999847412109,6.474999904632568,6.5,40129
2024-01-02,6.400000095367432,6.400000095367432,6.599999904632568,6.34499979019165,6.59499979019165,150904
2024-01-03,6.239999771118164,6.239999771118164,6.46999979019165,6.239999771118164,6.46999979019165,132016
2024-01-04,6.349999904632568,6.349999904632568,6.349999904632568,6.260000228881836,6.275000095367432,99396
2024-01-05,6.159999847412109,6.159999847412109,6.304999828338623,6.090000152587891,6.304999828338623,134334
2024-01-08,6.244999885559082,6.244999885559082,6.275000095367432,6.110000133514404,6.195000171661377,112917
2024-01-09,6.420000076293945,6.420000076293945,6.445000171661377,6.190000057220459,6.284999847412109,158966
2024-01-10,6.449999809265137,6.449999809265137,6.635000228881836,6.429999828338623,6.554999828338623,314396
2024-01-11,6.340000152587891,6.340000152587891,6.639999866485596,6.340000152587891,6.514999866485596,185975
2024-01-12,6.190000057220459,6.190000057220459,6.449999809265137,6.170000076293945,6.434999942779541,195647
2024-01-15,6.09499979019165,6.09499979019165,6.25,6.079999923706055,6.239999771118164,190347
2024-01-16,5.974999904632568,5.974999904632568,6.105000019073486,5.974999904632568,6.074999809265137,313088
2024-01-17,5.940000057220459,5.940000057220459,6.014999866485596,5.815000057220459,5.960000038146973,398027
2024-01-18,5.914999961853027,5.914999961853027,5.949999809265137,5.875,5.934999942779541,128449
2024-01-19,5.849999904632568,5.849999904632568,5.954999923706055,5.755000114440918,5.954999923706055,342419
2024-01-22,5.855000019073486,5.855000019073486,5.954999923706055,5.775000095367432,5.894999980926514,115909
2024-01-23,5.885000228881836,5.885000228881836,5.960000038146973,5.860000133514404,5.914999961853027,181885
2024-01-24,5.914999961853027,5.914999961853027,5.980000019073486,5.875,5.949999809265137,213428
2024-01-25,5.889999866485596,5.889999866485596,5.960000038146973,5.829999923706055,5.960000038146973,149807
2024-01-26,5.974999904632568,5.974999904632568,6.014999866485596,5.900000095367432,5.90500020980835,355688
2024-01-29,6.010000228881836,6.010000228881836,6.059999942779541,5.84499979019165,5.925000190734863,339129
2024-01-30,5.880000114440918,5.880000114440918,6.039999961853027,5.795000076293945,6.039999961853027,280608
2024-01-31,5.885000228881836,5.885000228881836,5.909999847412109,5.804999828338623,5.849999904632568,197704
2024-02-01,5.860000133514404,5.860000133514404,5.925000190734863,5.849999904632568,5.849999904632568,96211
2024-02-02,5.925000190734863,5.925000190734863,5.994999885559082,5.894999980926514,5.909999847412109,106563
2024-02-05,5.909999847412109,5.909999847412109,5.949999809265137,5.855000019073486,5.949999809265137,85316
2024-02-06,5.980000019073486,5.980000019073486,5.980000019073486,5.835000038146973,5.949999809265137,75398
2024-02-07,6.0,6.0,6.090000152587891,5.985000133514404,6.054999828338623,176879
2024-02-08,6.114999771118164,6.114999771118164,6.284999847412109,5.980000019073486,6.014999866485596,193857
2024-02-09,5.945000171661377,5.945000171661377,6.099999904632568,5.934999942779541,6.099999904632568,126831
2024-02-12,6.150000095367432,6.150000095367432,6.170000076293945,5.960000038146973,5.960000038146973,80123
2024-02-13,6.070000171661377,6.070000171661377,6.190000057220459,5.965000152587891,6.15500020980835,63601
2024-02-14,6.190000057220459,6.190000057220459,6.215000152587891,5.989999771118164,6.019999980926514,153973
2024-02-15,6.28000020980835,6.28000020980835,6.34499979019165,6.195000171661377,6.239999771118164,360783
2024-02-16,6.340000152587891,6.340000152587891,6.364999771118164,6.275000095367432,6.28000020980835,144985
2024-02-19,6.340000152587891,6.340000152587891,6.360000133514404,6.275000095367432,6.335000038146973,74605
2024-02-20,6.275000095367432,6.275000095367432,6.349999904632568,6.275000095367432,6.335000038146973,84769
2024-02-21,6.284999847412109,6.284999847412109,6.335000038146973,6.25,6.25,101619
2024-02-22,6.28000020980835,6.28000020980835,6.34499979019165,6.21999979019165,6.34499979019165,192368
2024-02-23,6.045000076293945,6.045000076293945,6.295000076293945,5.980000019073486,6.289999961853027,177537
2024-02-26,6.079999923706055,6.079999923706055,6.320000171661377,6.039999961853027,6.039999961853027,257503
2024-02-27,6.199999809265137,6.199999809265137,6.215000152587891,5.994999885559082,6.065000057220459,290919
2024-02-28,5.965000152587891,5.965000152587891,6.224999904632568,5.965000152587891,6.224999904632568,171907
2024-02-29,6.059999942779541,6.059999942779541,6.085000038146973,5.869999885559082,5.989999771118164,243714
2024-03-01,6.224999904632568,6.224999904632568,6.224999904632568,6.045000076293945,6.079999923706055,210388
2024-03-04,6.150000095367432,6.150000095367432,6.289999961853027,6.079999923706055,6.230000019073486,117616
2024-03-05,6.050000190734863,6.050000190734863,6.144999980926514,6.050000190734863,6.099999904632568,115128
2024-03-06,6.119999885559082,6.119999885559082,6.150000095367432,5.965000152587891,6.025000095367432,192463
2024-03-07,6.260000228881836,6.260000228881836,6.304999828338623,6.065000057220459,6.099999904632568,152745
2024-03-08,6.150000095367432,6.150000095367432,6.284999847412109,6.150000095367432,6.284999847412109,89445
2024-03-11,5.994999885559082,5.994999885559082,6.150000095367432,5.994999885559082,6.114999771118164,136345
2024-03-12,6.110000133514404,6.110000133514404,6.150000095367432,6.005000114440918,6.034999847412109,165006
2024-03-13,6.159999847412109,6.159999847412109,6.239999771118164,6.114999771118164,6.175000190734863,131295
2024-03-14,6.090000152587891,6.090000152587891,6.175000190734863,6.03000020980835,6.09499979019165,186205
2024-03-15,6.099999904632568,6.099999904632568,6.150000095367432,6.03000020980835,6.039999961853027,140250
2024-03-18,6.099999904632568,6.099999904632568,6.144999980926514,6.050000190734863,6.119999885559082,105390
2024-03-19,6.059999942779541,6.059999942779541,6.144999980926514,6.025000095367432,6.054999828338623,120516
2024-03-20,6.050000190734863,6.050000190734863,6.090000152587891,6.019999980926514,6.019999980926514,126165
2024-03-21,6.199999809265137,6.199999809265137,6.25,6.039999961853027,6.079999923706055,347076
2024-03-22,6.53000020980835,6.53000020980835,6.755000114440918,5.954999923706055,6.050000190734863,915069
2024-03-25,6.53000020980835,6.53000020980835,6.610000133514404,6.40500020980835,6.5,200827
2024-03-26,6.739999771118164,6.739999771118164,6.764999866485596,6.519999980926514,6.554999828338623,194561
2024-03-27,7.195000171661377,7.195000171661377,7.199999809265137,6.920000076293945,7.0,375805
2024-03-28,6.954999923706055,6.954999923706055,7.25,6.869999885559082,7.235000133514404,215334
2024-04-02,6.880000114440918,6.880000114440918,7.019999980926514,6.769999980926514,6.960000038146973,188987
2024-04-03,7.019999980926514,7.019999980926514,7.019999980926514,6.820000171661377,6.860000133514404,83452
2024-04-04,7.179999828338623,7.179999828338623,7.179999828338623,7.0,7.039999961853027,164032
2024-04-05,7.119999885559082,7.119999885559082,7.170000076293945,7.03000020980835,7.070000171661377,127599
2024-04-08,7.230000019073486,7.230000019073486,7.28000020980835,7.03000020980835,7.03000020980835,102941
2024-04-09,7.199999809265137,7.199999809265137,7.320000171661377,7.150000095367432,7.300000190734863,119575
2024-04-10,7.400000095367432,7.400000095367432,7.46999979019165,7.130000114440918,7.21999979019165,285111
2024-04-11,7.130000114440918,7.130000114440918,7.369999885559082,7.079999923706055,7.360000133514404,190085
2024-04-12,7.059999942779541,7.059999942779541,7.309999942779541,7.059999942779541,7.159999847412109,138745
2024-04-15,7.059999942779541,7.059999942779541,7.170000076293945,7.03000020980835,7.03000020980835,103751
2024-04-16,6.909999847412109,6.909999847412109,6.960000038146973,6.809999942779541,6.900000095367432,155906
2024-04-17,6.989999771118164,6.989999771118164,7.050000190734863,6.880000114440918,6.889999866485596,87346
2024-04-18,7.079999923706055,7.079999923706055,7.170000076293945,6.949999809265137,6.989999771118164,107423
2024-04-19,6.949999809265137,6.949999809265137,7.0,6.889999866485596,6.96999979019165,84925
2024-04-22,6.949999809265137,6.949999809265137,7.03000020980835,6.889999866485596,6.960000038146973,62304
2024-04-23,6.949999809265137,6.949999809265137,6.989999771118164,6.920000076293945,6.980000019073486,51566
2024-04-24,6.960000038146973,6.960000038146973,7.010000228881836,6.960000038146973,6.989999771118164,90096
2024-04-25,6.789999961853027,6.789999961853027,6.96999979019165,6.71999979019165,6.96999979019165,116694
2024-04-26,6.960000038146973,6.960000038146973,7.010000228881836,6.769999980926514,6.800000190734863,107980
2024-04-29,6.960000038146973,6.960000038146973,7.0,6.860000133514404,7.0,69615
2024-04-30,6.730000019073486,6.730000019073486,6.909999847412109,6.710000038146973,6.889999866485596,94301
2024-05-02,6.849999904632568,6.849999904632568,6.869999885559082,6.670000076293945,6.699999809265137,103480
2024-05-03,6.849999904632568,6.849999904632568,6.96999979019165,6.849999904632568,6.900000095367432,114686
2024-05-06,6.869999885559082,6.869999885559082,6.929999828338623,6.849999904632568,6.900000095367432,45040
2024-05-07,6.96999979019165,6.96999979019165,6.980000019073486,6.880000114440918,6.880000114440918,77789
2024-05-08,6.980000019073486,6.980000019073486,7.090000152587891,6.829999923706055,7.0,122139
2024-05-09,7.150000095367432,7.150000095367432,7.199999809265137,6.989999771118164,7.0,90287
2024-05-10,6.940000057220459,6.940000057220459,7.230000019073486,6.920000076293945,7.230000019073486,89047
2024-05-13,6.949999809265137,6.949999809265137,7.0,6.880000114440918,6.920000076293945,55010
2024-05-14,7.010000228881836,7.010000228881836,7.03000020980835,6.880000114440918,6.920000076293945,76517
2024-05-15,7.150000095367432,7.150000095367432,7.150000095367432,7.0,7.050000190734863,105454
2024-05-16,7.019999980926514,7.019999980926514,7.150000095367432,7.019999980926514,7.070000171661377,84546
2024-05-17,7.010000228881836,7.010000228881836,7.050000190734863,6.920000076293945,7.0,69326
2024-05-20,7.050000190734863,7.050000190734863,7.110000133514404,7.010000228881836,7.010000228881836,22909
2024-05-21,7.0,7.0,7.039999961853027,6.900000095367432,7.019999980926514,104193
2024-05-22,6.980000019073486,6.980000019073486,7.119999885559082,6.980000019073486,6.989999771118164,58280
2024-05-23,6.949999809265137,6.949999809265137,7.050000190734863,6.929999828338623,6.96999979019165,69620
2024-05-24,7.0,7.0,7.0,6.900000095367432,6.900000095367432,92896
2024-05-27,7.070000171661377,7.070000171661377,7.070000171661377,6.989999771118164,6.989999771118164,63105
2024-05-28,7.130000114440918,7.130000114440918,7.190000057220459,7.059999942779541,7.070000171661377,92985
2024-05-29,6.960000038146973,6.960000038146973,7.130000114440918,6.960000038146973,7.130000114440918,74591
2024-05-30,7.0,7.0,7.03000020980835,6.949999809265137,6.949999809265137,40596
2024-05-31,7.050000190734863,7.050000190734863,7.070000171661377,6.949999809265137,6.980000019073486,111933
2024-06-03,7.090000152587891,7.090000152587891,7.25,7.019999980926514,7.070000171661377,100532
2024-06-04,7.079999923706055,7.079999923706055,7.110000133514404,7.03000020980835,7.03000020980835,66030
2024-06-05,7.239999771118164,7.239999771118164,7.239999771118164,7.079999923706055,7.090000152587891,65235
2024-06-06,7.53000020980835,7.53000020980835,7.739999771118164,7.179999828338623,7.179999828338623,390721
2024-06-07,7.440000057220459,7.440000057220459,7.519999980926514,7.369999885559082,7.519999980926514,142367
2024-06-10,7.300000190734863,7.300000190734863,7.380000114440918,7.119999885559082,7.380000114440918,124761
2024-06-11,7.21999979019165,7.21999979019165,7.340000152587891,7.179999828338623,7.260000228881836,68081
2024-06-12,7.46999979019165,7.46999979019165,7.46999979019165,7.119999885559082,7.199999809265137,165164
2024-06-13,7.309999942779541,7.309999942779541,7.460000038146973,7.309999942779541,7.460000038146973,145041
2024-06-14,7.110000133514404,7.110000133514404,7.329999923706055,7.039999961853027,7.329999923706055,202251
2024-06-17,7.260000228881836,7.260000228881836,7.300000190734863,7.010000228881836,7.210000038146973,107888
2024-06-18,7.070000171661377,7.070000171661377,7.340000152587891,7.03000020980835,7.340000152587891,119096
2024-06-19,6.960000038146973,6.960000038146973,7.099999904632568,6.960000038146973,7.050000190734863,111844
2024-06-20,6.980000019073486,6.980000019073486,7.179999828338623,6.909999847412109,6.909999847412109,95099
2024-06-21,6.539999961853027,6.539999961853027,6.949999809265137,6.53000020980835,6.949999809265137,316872
2024-06-24,6.539999961853027,6.539999961853027,6.630000114440918,6.420000076293945,6.570000171661377,149404
2024-06-25,6.460000038146973,6.460000038146973,6.519999980926514,6.269999980926514,6.519999980926514,163770
2024-06-26,6.5,6.5,6.579999923706055,6.420000076293945,6.480000019073486,112408
2024-06-27,6.360000133514404,6.360000133514404,6.46999979019165,6.360000133514404,6.440000057220459,81051
2024-06-28,6.340000152587891,6.340000152587891,6.420000076293945,6.300000190734863,6.349999904632568,101779
2024-07-01,6.360000133514404,6.360000133514404,6.440000057220459,6.28000020980835,6.380000114440918,68742
2024-07-02,6.329999923706055,6.329999923706055,6.400000095367432,6.269999980926514,6.400000095367432,75743
2024-07-03,6.46999979019165,6.46999979019165,6.46999979019165,6.380000114440918,6.409999847412109,44941
2024-07-04,6.639999866485596,6.639999866485596,6.650000095367432,6.46999979019165,6.46999979019165,94848
2024-07-05,6.599999904632568,6.599999904632568,6.699999809265137,6.570000171661377,6.679999828338623,79088
2024-07-08,6.75,6.75,6.75,6.599999904632568,6.599999904632568,46887
2024-07-09,6.550000190734863,6.550000190734863,6.75,6.480000019073486,6.75,85950
2024-07-10,6.610000133514404,6.610000133514404,6.619999885559082,6.519999980926514,6.590000152587891,62490
2024-07-11,6.75,6.75,6.75,6.559999942779541,6.659999847412109,70108
2024-07-12,6.630000114440918,6.630000114440918,6.75,6.570000171661377,6.670000076293945,68842
2024-07-15,6.449999809265137,6.449999809265137,6.650000095367432,6.420000076293945,6.639999866485596,76751
2024-07-16,6.449999809265137,6.449999809265137,6.480000019073486,6.360000133514404,6.420000076293945,52031
2024-07-17,6.460000038146973,6.460000038146973,6.53000020980835,6.389999866485596,6.400000095367432,141860
2024-07-18,6.440000057220459,6.440000057220459,6.5,6.429999828338623,6.489999771118164,33747
2024-07-19,6.320000171661377,6.320000171661377,6.389999866485596,6.320000171661377,6.349999904632568,68885
2024-07-22,6.28000020980835,6.28000020980835,6.349999904632568,6.28000020980835,6.300000190734863,48484
2024-07-23,6.139999866485596,6.139999866485596,6.289999961853027,6.099999904632568,6.289999961853027,70853
2024-07-24,6.150000095367432,6.150000095367432,6.190000057220459,6.110000133514404,6.110000133514404,28145
2024-07-25,6.139999866485596,6.139999866485596,6.139999866485596,6.010000228881836,6.130000114440918,83757
2024-07-26,6.099999904632568,6.099999904632568,6.150000095367432,6.050000190734863,6.050000190734863,53271
2024-07-29,6.110000133514404,6.110000133514404,6.130000114440918,6.079999923706055,6.090000152587891,60341
2024-07-30,6.150000095367432,6.150000095367432,6.159999847412109,6.079999923706055,6.079999923706055,27555
2024-07-31,6.21999979019165,6.21999979019165,6.260000228881836,6.090000152587891,6.090000152587891,72314
2024-08-01,6.099999904632568,6.099999904632568,6.289999961853027,6.070000171661377,6.289999961853027,136594
2024-08-02,5.980000019073486,5.980000019073486,6.150000095367432,5.880000114440918,6.099999904632568,409448
2024-08-05,5.769999980926514,5.769999980926514,5.860000133514404,5.579999923706055,5.730000019073486,260403
2024-08-06,5.800000190734863,5.800000190734863,5.929999828338623,5.630000114440918,5.840000152587891,82408
2024-08-07,5.920000076293945,5.920000076293945,5.929999828338623,5.78000020980835,5.929999828338623,45740
2024-08-08,6.0,6.0,6.119999885559082,5.849999904632568,6.119999885559082,42153
2024-08-09,6.059999942779541,6.059999942779541,6.099999904632568,5.980000019073486,6.059999942779541,32931
2024-08-12,6.010000228881836,6.010000228881836,6.090000152587891,5.980000019073486,5.989999771118164,31539
2024-08-13,6.050000190734863,6.050000190734863,6.079999923706055,5.860000133514404,6.0,55634
2024-08-14,5.909999847412109,5.909999847412109,6.110000133514404,5.909999847412109,6.110000133514404,30338
2024-08-15,6.059999942779541,6.059999942779541,6.099999904632568,5.880000114440918,5.900000095367432,55855
2024-08-16,5.920000076293945,5.920000076293945,6.150000095367432,5.900000095367432,6.150000095367432,40972
2024-08-19,6.010000228881836,6.010000228881836,6.099999904632568,5.869999885559082,5.900000095367432,281674
2024-08-20,5.820000171661377,5.820000171661377,6.03000020980835,5.820000171661377,6.03000020980835,77134
2024-08-21,5.840000152587891,5.840000152587891,5.900000095367432,5.789999961853027,5.829999923706055,35696
2024-08-22,5.800000190734863,5.800000190734863,5.900000095367432,5.800000190734863,5.809999942779541,59010
2024-08-23,5.78000020980835,5.78000020980835,5.829999923706055,5.650000095367432,5.829999923706055,99414
2024-08-26,5.860000133514404,5.860000133514404,5.900000095367432,5.75,5.760000228881836,62650
2024-08-27,5.659999847412109,5.659999847412109,5.920000076293945,5.659999847412109,5.920000076293945,222416
2024-08-28,5.639999866485596,5.639999866485596,5.71999979019165,5.590000152587891,5.71999979019165,82196
2024-08-29,5.710000038146973,5.710000038146973,5.739999771118164,5.619999885559082,5.639999866485596,87407
2024-08-30,5.690000057220459,5.690000057220459,5.75,5.679999828338623,5.739999771118164,68355
2024-09-02,5.690000057220459,5.690000057220459,5.75,5.599999904632568,5.75,52743
2024-09-03,5.420000076293945,5.420000076293945,5.699999809265137,5.420000076293945,5.619999885559082,120991
2024-09-04,5.420000076293945,5.420000076293945,5.489999771118164,5.380000114440918,5.489999771118164,118064
2024-09-05,5.400000095367432,5.400000095367432,5.449999809265137,5.380000114440918,5.400000095367432,39919
2024-09-06,5.25,5.25,5.409999847412109,5.25,5.409999847412109,71391
2024-09-09,5.190000057220459,5.190000057220459,5.320000171661377,5.110000133514404,5.230000019073486,99786
2024-09-10,5.110000133514404,5.110000133514404,5.239999771118164,5.079999923706055,5.210000038146973,25088
2024-09-11,5.050000190734863,5.050000190734863,5.159999847412109,4.985000133514404,5.079999923706055,65581
2024-09-12,5.179999828338623,5.179999828338623,5.25,5.119999885559082,5.119999885559082,86408
2024-09-13,5.369999885559082,5.369999885559082,5.46999979019165,5.239999771118164,5.239999771118164,76890
2024-09-16,5.300000190734863,5.300000190734863,5.369999885559082,5.28000020980835,5.340000152587891,29150
2024-09-17,5.360000133514404,5.360000133514404,5.429999828338623,5.320000171661377,5.360000133514404,38604
2024-09-18,5.389999866485596,5.389999866485596,5.409999847412109,5.349999904632568,5.349999904632568,26459
2024-09-19,5.46999979019165,5.46999979019165,5.519999980926514,5.400000095367432,5.429999828338623,87887
2024-09-20,5.329999923706055,5.329999923706055,5.480000019073486,5.329999923706055,5.449999809265137,98487
2024-09-23,5.320000171661377,5.320000171661377,5.360000133514404,5.300000190734863,5.309999942779541,35208
2024-09-24,5.400000095367432,5.400000095367432,5.440000057220459,5.349999904632568,5.360000133514404,46503
2024-09-25,5.269999980926514,5.269999980926514,5.440000057220459,5.269999980926514,5.400000095367432,35293
2024-09-26,5.28000020980835,5.28000020980835,5.409999847412109,5.260000228881836,5.260000228881836,120696
2024-09-27,5.420000076293945,5.420000076293945,5.460000038146973,5.260000228881836,5.340000152587891,300007
2024-09-30,5.380000114440918,5.380000114440918,5.5,5.300000190734863,5.440000057220459,125138
2024-10-01,5.320000171661377,5.320000171661377,5.46999979019165,5.320000171661377,5.46999979019165,56985
2024-10-02,5.230000019073486,5.230000019073486,5.360000133514404,5.21999979019165,5.300000190734863,89402
2024-10-03,5.210000038146973,5.210000038146973,5.28000020980835,5.199999809265137,5.260000228881836,52308
2024-10-04,5.21999979019165,5.21999979019165,5.25,5.150000095367432,5.25,102542
2024-10-07,5.199999809265137,5.199999809265137,5.28000020980835,5.170000076293945,5.28000020980835,53740
2024-10-08,5.130000114440918,5.130000114440918,5.199999809265137,5.099999904632568,5.159999847412109,75472
2024-10-09,5.150000095367432,5.150000095367432,5.179999828338623,5.110000133514404,5.170000076293945,80994
2024-10-10,5.090000152587891,5.090000152587891,5.130000114440918,5.079999923706055,5.119999885559082,52419
2024-10-11,5.050000190734863,5.050000190734863,5.119999885559082,5.039999961853027,5.079999923706055,88176
2024-10-14,5.150000095367432,5.150000095367432,5.21999979019165,5.079999923706055,5.099999904632568,140461
2024-10-15,5.159999847412109,5.159999847412109,5.190000057220459,5.099999904632568,5.190000057220459,119903
2024-10-16,5.110000133514404,5.110000133514404,5.150000095367432,5.099999904632568,5.150000095367432,61566
2024-10-17,5.289999961853027,5.289999961853027,5.389999866485596,5.170000076293945,5.170000076293945,158747
2024-10-18,5.369999885559082,5.369999885559082,5.46999979019165,5.349999904632568,5.349999904632568,134671
2024-10-21,5.289999961853027,5.289999961853027,5.420000076293945,5.289999961853027,5.369999885559082,88294
2024-10-22,5.300000190734863,5.300000190734863,5.320000171661377,5.25,5.260000228881836,32649
2024-10-23,5.25,5.25,5.300000190734863,5.199999809265137,5.239999771118164,116678
2024-10-24,5.199999809265137,5.199999809265137,5.289999961853027,5.090000152587891,5.239999771118164,261492
2024-10-25,5.130000114440918,5.130000114440918,5.199999809265137,5.119999885559082,5.199999809265137,69472
2024-10-28,5.039999961853027,5.039999961853027,5.159999847412109,5.039999961853027,5.159999847412109,66637
2024-10-29,4.96999979019165,4.96999979019165,5.070000171661377,4.949999809265137,5.019999980926514,152072
2024-10-30,4.699999809265137,4.699999809265137,4.980000019073486,4.670000076293945,4.980000019073486,211248
2024-10-31,4.684999942779541,4.684999942779541,4.695000171661377,4.525000095367432,4.650000095367432,326523
2024-11-01,4.684999942779541,4.684999942779541,4.684999942779541,4.684999942779541,4.684999942779541,0
2024-11-04,4.590000152587891,4.590000152587891,4.769999980926514,4.590000152587891,4.744999885559082,136044
2024-11-05,4.639999866485596,4.639999866485596,4.695000171661377,4.59499979019165,4.630000114440918,101130
2024-11-06,4.664999961853027,4.664999961853027,4.809999942779541,4.635000228881836,4.695000171661377,178289
2024-11-07,4.800000190734863,4.800000190734863,4.960000038146973,4.650000095367432,4.650000095367432,128950
2024-11-08,4.90500020980835,4.90500020980835,4.934999942779541,4.699999809265137,4.800000190734863,165004
2024-11-11,4.659999847412109,4.659999847412109,4.945000171661377,4.659999847412109,4.945000171661377,123485
2024-11-12,4.449999809265137,4.449999809265137,4.630000114440918,4.375,4.614999771118164,259271
2024-11-13,4.394999980926514,4.394999980926514,4.480000019073486,4.389999866485596,4.400000095367432,128843
2024-11-14,4.449999809265137,4.449999809265137,4.449999809265137,4.355000019073486,4.394999980926514,76817
2024-11-15,4.519999980926514,4.519999980926514,4.579999923706055,4.385000228881836,4.5,97555
2024-11-18,4.519999980926514,4.519999980926514,4.519999980926514,4.519999980926514,4.519999980926514,0
2024-11-19,4.329999923706055,4.329999923706055,4.485000133514404,4.269999980926514,4.414999961853027,182358
2024-11-20,4.215000152587891,4.215000152587891,4.414999961853027,4.215000152587891,4.329999923706055,91780
2024-11-21,4.150000095367432,4.150000095367432,4.329999923706055,4.130000114440918,4.255000114440918,119568
2024-11-22,4.110000133514404,4.110000133514404,4.195000171661377,4.025000095367432,4.150000095367432,110989
2024-11-25,4.065000057220459,4.065000057220459,4.215000152587891,4.065000057220459,4.139999866485596,408638
2024-11-26,4.099999904632568,4.099999904632568,4.199999809265137,4.050000190734863,4.150000095367432,112044
2024-11-27,4.070000171661377,4.070000171661377,4.144999980926514,4.03000020980835,4.135000228881836,129914
2024-11-28,4.070000171661377,4.070000171661377,4.070000171661377,4.070000171661377,4.070000171661377,0
2024-11-29,4.079999923706055,4.079999923706055,4.179999828338623,4.025000095367432,4.099999904632568,151290
2024-12-02,4.114999771118164,4.114999771118164,4.159999847412109,4.039999961853027,4.09499979019165,101624
2024-12-03,4.199999809265137,4.199999809265137,4.284999847412109,4.110000133514404,4.164999961853027,157634
2024-12-04,4.204999923706055,4.204999923706055,4.28000020980835,4.144999980926514,4.144999980926514,195027
2024-12-05,4.235000133514404,4.235000133514404,4.360000133514404,4.224999904632568,4.28000020980835,225280
2024-12-06,4.235000133514404,4.235000133514404,4.269999980926514,4.195000171661377,4.244999885559082,168178
2024-12-09,4.28000020980835,4.28000020980835,4.329999923706055,4.230000019073486,4.230000019073486,217241
2024-12-10,4.28000020980835,4.28000020980835,4.28000020980835,4.28000020980835,4.28000020980835,0
2024-12-11,4.224999904632568,4.224999904632568,4.28000020980835,4.195000171661377,4.224999904632568,135134
2024-12-12,4.139999866485596,4.139999866485596,4.28000020980835,4.135000228881836,4.25,113188
2024-12-13,4.130000114440918,4.130000114440918,4.170000076293945,4.110000133514404,4.110000133514404,127202
2024-12-16,4.010000228881836,4.010000228881836,4.125,3.984999895095825,4.119999885559082,239110
2024-12-17,4.005000114440918,4.005000114440918,4.03000020980835,3.950000047683716,4.0,209394
2024-12-18,4.019999980926514,4.019999980926514,4.054999828338623,3.964999914169312,3.964999914169312,139712
2024-12-19,3.880000114440918,3.880000114440918,3.9800000190734863,3.859999895095825,3.9800000190734863,148776
2024-12-20,3.859999895095825,3.859999895095825,3.944999933242798,3.819999933242798,3.8550000190734863,392356
2024-12-23,3.964999914169312,3.964999914169312,3.964999914169312,3.865000009536743,3.8949999809265137,161314
2024-12-27,3.984999895095825,3.984999895095825,4.034999847412109,3.950000047683716,3.950000047683716,174781
2024-12-30,4.0,4.0,4.03000020980835,3.940000057220459,3.944999933242798,0
2025-01-02,4.039999961853027,4.039999961853027,4.045000076293945,3.984999895095825,4.03000020980835,143389
2025-01-03,4.0,4.0,4.065000057220459,3.984999895095825,4.039999961853027,109120
2025-01-06,4.119999885559082,4.119999885559082,4.199999809265137,4.025000095367432,4.025000095367432,293062
2025-01-07,4.079999923706055,4.079999923706055,4.125,4.025000095367432,4.125,195241
2025-01-08,4.079999923706055,4.079999923706055,4.079999923706055,4.079999923706055,4.079999923706055,0
2025-01-09,3.944999933242798,3.944999933242798,3.984999895095825,3.944999933242798,3.984999895095825,93966
2025-01-10,3.900000095367432,3.900000095367432,3.964999914169312,3.890000104904175,3.9600000381469727,73383
2025-01-13,3.75,3.75,3.805000066757202,3.650000095367432,3.799999952316284,419037
2025-01-14,3.714999914169312,3.714999914169312,3.849999904632568,3.714999914169312,3.7699999809265137,156488
2025-01-15,3.775000095367432,3.775000095367432,3.8350000381469727,3.7200000286102295,3.755000114440918,188474
2025-01-16,3.759999990463257,3.759999990463257,3.849999904632568,3.755000114440918,3.849999904632568,71159
2025-01-17,3.759999990463257,3.759999990463257,3.759999990463257,3.759999990463257,3.759999990463257,0
2025-01-20,3.759999990463257,3.759999990463257,3.759999990463257,3.759999990463257,3.759999990463257,0
2025-01-21,3.759999990463257,3.759999990463257,3.759999990463257,3.759999990463257,3.759999990463257,0
2025-01-22,3.680000066757202,3.680000066757202,3.8450000286102295,3.680000066757202,3.8450000286102295,100944
2025-01-23,3.75,3.75,3.785000085830689,3.619999885559082,3.680000066757202,233142
2025-01-24,3.75,3.75,3.75,3.75,3.75,0
2025-01-27,3.724999904632568,3.724999904632568,3.744999885559082,3.6649999618530273,3.680000066757202,174608
2025-01-28,3.724999904632568,3.724999904632568,3.759999990463257,3.684999942779541,3.700000047683716,150369
2025-01-29,3.690000057220459,3.690000057220459,3.7300000190734863,3.6649999618530273,3.7300000190734863,201882
2025-01-30,3.775000095367432,3.775000095367432,3.839999914169312,3.740000009536743,3.740000009536743,118111
2025-01-31,3.7799999713897705,3.7799999713897705,3.819999933242798,3.75,3.755000114440918,124226
2025-02-03,3.650000095367432,3.650000095367432,3.684999942779541,3.619999885559082,3.660000085830689,195176
2025-02-04,3.7300000190734863,3.7300000190734863,3.734999895095825,3.630000114440918,3.680000066757202,156566
2025-02-05,3.765000104904175,3.765000104904175,3.7899999618530273,3.680000066757202,3.704999923706055,77779
2025-02-06,3.849999904632568,3.849999904632568,3.8550000190734863,3.755000114440918,3.805000066757202,135041
2025-02-07,3.8949999809265137,3.8949999809265137,3.920000076293945,3.819999933242798,3.849999904632568,241076
2025-02-10,3.8949999809265137,3.8949999809265137,3.8949999809265137,3.8949999809265137,3.8949999809265137,0
2025-02-11,3.805000066757202,3.805000066757202,3.849999904632568,3.755000114440918,3.805000066757202,157698
2025-02-12,3.8450000286102295,3.8450000286102295,3.8949999809265137,3.75,3.75,100738
2025-02-13,3.964999914169312,3.964999914169312,3.964999914169312,3.869999885559082,3.875,237956
2025-02-14,3.8949999809265137,3.8949999809265137,3.9800000190734863,3.880000114440918,3.924999952316284,149155
2025-02-17,3.954999923706055,3.954999923706055,4.0,3.890000104904175,3.890000104904175,169073
2025-02-18,4.179999828338623,4.179999828338623,4.309999942779541,3.984999895095825,4.0,659082
2025-02-19,4.010000228881836,4.010000228881836,4.175000190734863,3.9600000381469727,4.105000019073486,414511
2025-02-20,4.079999923706055,4.079999923706055,4.204999923706055,4.010000228881836,4.010000228881836,180832
2025-02-21,4.099999904632568,4.099999904632568,4.184999942779541,4.070000171661377,4.085000038146973,205131
2025-02-24,4.199999809265137,4.199999809265137,4.235000133514404,4.110000133514404,4.125,176850
2025-02-25,4.159999847412109,4.159999847412109,4.21999979019165,4.144999980926514,4.195000171661377,113123
2025-02-26,4.159999847412109,4.159999847412109,4.159999847412109,4.159999847412109,4.159999847412109,0
2025-02-27,4.139999866485596,4.139999866485596,4.28000020980835,4.099999904632568,4.28000020980835,151635
2025-02-28,4.099999904632568,4.099999904632568,4.130000114440918,4.03000020980835,4.090000152587891,193161
2025-03-03,4.15500020980835,4.15500020980835,4.284999847412109,4.059999942779541,4.144999980926514,151186
2025-03-04,3.934999942779541,3.934999942779541,4.144999980926514,3.910000085830689,4.099999904632568,262822
2025-03-05,4.255000114440918,4.255000114440918,4.349999904632568,4.074999809265137,4.179999828338623,273076
2025-03-06,4.425000190734863,4.425000190734863,4.505000114440918,4.295000076293945,4.295000076293945,349226
2025-03-07,4.324999809265137,4.324999809265137,4.425000190734863,4.289999961853027,4.420000076293945,111492
2025-03-10,4.215000152587891,4.215000152587891,4.364999771118164,4.199999809265137,4.364999771118164,172115
2025-03-11,4.135000228881836,4.135000228881836,4.275000095367432,4.099999904632568,4.21999979019165,202570
2025-03-12,4.114999771118164,4.114999771118164,4.184999942779541,4.074999809265137,4.184999942779541,115556
2025-03-13,3.990000009536743,3.990000009536743,4.110000133514404,3.990000009536743,4.110000133514404,133941
2025-03-14,4.105000019073486,4.105000019073486,4.21999979019165,3.9800000190734863,4.005000114440918,135127
2025-03-17,4.105000019073486,4.105000019073486,4.105000019073486,4.105000019073486,4.105000019073486,0
2025-03-18,4.59499979019165,4.59499979019165,4.679999828338623,4.394999980926514,4.519999980926514,557734
2025-03-19,4.570000171661377,4.570000171661377,4.625,4.5,4.614999771118164,269504
2025-03-20,4.025000095367432,4.025000095367432,4.210000038146973,3.734999895095825,4.159999847412109,1458378
2025-03-21,3.880000114440918,3.880000114440918,3.924999952316284,3.775000095367432,3.865000009536743,561239
2025-03-24,3.880000114440918,3.880000114440918,3.880000114440918,3.880000114440918,3.880000114440918,0
2025-03-25,3.839999914169312,3.839999914169312,3.890000104904175,3.670000076293945,3.700000047683716,262256
2025-03-26,3.9049999713897705,3.9049999713897705,3.974999904632568,3.839999914169312,3.8550000190734863,281872
2025-03-27,3.7200000286102295,3.7200000286102295,3.934999942779541,3.7200000286102295,3.930000066757202,313780
2025-03-28,3.640000104904175,3.640000104904175,3.744999885559082,3.640000104904175,3.694999933242798,279378
2025-03-31,3.365000009536743,3.365000009536743,3.630000114440918,3.365000009536743,3.5999999046325684,612008
2025-04-01,3.265000104904175,3.265000104904175,3.434999942779541,3.240000009536743,3.434999942779541,454274
2025-04-02,3.194999933242798,3.194999933242798,3.299999952316284,3.1549999713897705,3.2950000762939453,396160
2025-04-03,3.119999885559082,3.119999885559082,3.2100000381469727,3.0999999046325684,3.140000104904175,350312
2025-04-04,3.009999990463257,3.009999990463257,3.0850000381469727,2.865000009536743,3.0850000381469727,611516
2025-04-07,3.0350000858306885,3.0350000858306885,3.3399999141693115,2.805000066757202,2.8399999141693115,659830
2025-04-08,3.134999990463257,3.134999990463257,3.1700000762939453,3.0350000858306885,3.109999895095825,262360
2025-04-09,3.049999952316284,3.049999952316284,3.0999999046325684,2.9749999046325684,3.069999933242798,226375
2025-04-10,3.115000009536743,3.115000009536743,3.369999885559082,3.109999895095825,3.369999885559082,149666
2025-04-11,3.220000028610229,3.220000028610229,3.234999895095825,3.055000066757202,3.2100000381469727,179298
2025-04-14,3.3299999237060547,3.3299999237060547,3.3550000190734863,3.2300000190734863,3.2850000858306885,120372
2025-04-15,3.3299999237060547,3.3299999237060547,3.3299999237060547,3.3299999237060547,3.3299999237060547,0
2025-04-16,3.319999933242798,3.319999933242798,3.375,3.299999952316284,3.3499999046325684,159694
2025-04-17,3.2950000762939453,3.2950000762939453,3.325000047683716,3.275000095367432,3.289999961853028,139040
2025-04-22,3.2799999713897705,3.2799999713897705,3.315000057220459,3.2100000381469727,3.305000066757202,87676
2025-04-23,3.434999942779541,3.434999942779541,3.470000028610229,3.325000047683716,3.325000047683716,245706
2025-04-24,3.490000009536743,3.490000009536743,3.515000104904175,3.3499999046325684,3.484999895095825,126238
2025-04-25,3.4749999046325684,3.4749999046325684,3.549999952316284,3.4600000381469727,3.4649999141693115,129019
2025-04-28,3.5299999713897705,3.5299999713897705,3.575000047683716,3.4549999237060547,3.4649999141693115,109262
2025-04-29,3.5299999713897705,3.5299999713897705,3.5299999713897705,3.5299999713897705,3.5299999713897705,0
2025-04-30,3.505000114440918,3.505000114440918,3.5999999046325684,3.4600000381469727,3.5999999046325684,156884
2025-05-02,3.680000066757202,3.680000066757202,3.700000047683716,3.5799999237060547,3.595000028610229,229955
2025-05-05,3.680000066757202,3.680000066757202,3.694999933242798,3.634999990463257,3.634999990463257,58260
2025-05-06,3.595000028610229,3.595000028610229,3.6549999713897705,3.4600000381469727,3.619999885559082,165764
2025-05-07,3.609999895095825,3.609999895095825,3.6449999809265137,3.555000066757202,3.615000009536743,140892
2025-05-08,3.865000009536743,3.865000009536743,3.865000009536743,3.5850000381469727,3.694999933242798,203074
2025-05-09,3.944999933242798,3.944999933242798,4.065000057220459,3.839999914169312,3.839999914169312,321729
2025-05-12,3.799999952316284,3.799999952316284,4.065000057220459,3.785000085830689,3.994999885559082,208772
2025-05-13,3.934999942779541,3.934999942779541,3.964999914169312,3.815000057220459,3.819999933242798,113565
2025-05-14,3.934999942779541,3.934999942779541,3.934999942779541,3.934999942779541,3.934999942779541,0
2025-05-15,3.795000076293945,3.795000076293945,3.884999990463257,3.7899999618530273,3.8350000381469727,101512
2025-05-16,3.5999999046325684,3.5999999046325684,3.805000066757202,3.595000028610229,3.795000076293945,124407
2025-05-19,3.615000009536743,3.615000009536743,3.704999923706055,3.5450000762939453,3.595000028610229,97975
2025-05-20,3.7100000381469727,3.7100000381469727,3.7300000190734863,3.569999933242798,3.619999885559082,120123
2025-05-21,3.609999895095825,3.609999895095825,3.650000095367432,3.549999952316284,3.6449999809265137,116066
2025-05-22,3.539999961853028,3.539999961853028,3.615000009536743,3.494999885559082,3.615000009536743,134578
2025-05-23,3.450000047683716,3.450000047683716,3.619999885559082,3.430000066757202,3.559999942779541,167174
2025-05-26,3.5799999237060547,3.5799999237060547,3.5999999046325684,3.5,3.5,86103
2025-05-27,3.634999990463257,3.634999990463257,3.6449999809265137,3.505000114440918,3.505000114440918,75796
2025-05-28,3.680000066757202,3.680000066757202,3.724999904632568,3.619999885559082,3.619999885559082,85569
2025-05-29,3.6649999618530273,3.6649999618530273,3.7699999809265137,3.640000104904175,3.744999885559082,73902
2025-05-30,3.690000057220459,3.690000057220459,3.740000009536743,3.650000095367432,3.650000095367432,93921
2025-06-02,3.619999885559082,3.619999885559082,3.680000066757202,3.5899999141693115,3.680000066757202,100539
2025-06-03,3.680000066757202,3.680000066757202,3.680000066757202,3.539999961853028,3.6549999713897705,138865
2025-06-04,3.7699999809265137,3.7699999809265137,3.7799999713897705,3.674999952316284,3.704999923706055,136543
2025-06-05,3.7699999809265137,3.7699999809265137,3.7699999809265137,3.7699999809265137,3.7699999809265137,0
2025-06-06,3.7799999713897705,3.7799999713897705,3.8350000381469727,3.7200000286102295,3.829999923706055,70019
2025-06-09,3.7799999713897705,3.7799999713897705,3.7799999713897705,3.7799999713897705,3.7799999713897705,0
2025-06-10,3.785000085830689,3.785000085830689,3.805000066757202,3.75,3.795000076293945,76448
2025-06-11,3.75,3.75,3.825000047683716,3.75,3.815000057220459,52600
2025-06-12,3.6050000190734863,3.6050000190734863,3.700000047683716,3.5799999237060547,3.700000047683716,111157
2025-06-13,3.555000066757202,3.555000066757202,3.670000076293945,3.5,3.595000028610229,148689
2025-06-16,3.660000085830689,3.660000085830689,3.690000057220459,3.549999952316284,3.549999952316284,99344
2025-06-17,3.559999942779541,3.559999942779541,3.670000076293945,3.5450000762939453,3.5850000381469727,95346
2025-06-18,3.494999885559082,3.494999885559082,3.525000095367432,3.4549999237060547,3.509999990463257,72471
2025-06-19,3.4100000858306885,3.4100000858306885,3.490000009536743,3.4100000858306885,3.490000009536743,43317
2025-06-20,3.3299999237060547,3.3299999237060547,3.4600000381469727,3.3299999237060547,3.414999961853028,138826
2025-06-23,3.2699999809265137,3.2699999809265137,3.3550000190734863,3.259999990463257,3.3399999141693115,189170
2025-06-24,3.4649999141693115,3.4649999141693115,3.4649999141693115,3.375,3.4100000858306885,114476
2025-06-25,3.505000114440918,3.505000114440918,3.595000028610229,3.4749999046325684,3.5,86251
2025-06-26,3.555000066757202,3.555000066757202,3.595000028610229,3.424999952316284,3.424999952316284,71587
2025-06-27,3.6050000190734863,3.6050000190734863,3.6449999809265137,3.555000066757202,3.6449999809265137,60788
2025-06-30,3.5,3.5,3.634999990463257,3.5,3.525000095367432,69103
2025-07-01,3.4800000190734863,3.4800000190734863,3.525000095367432,3.450000047683716,3.525000095367432,71931
2025-07-02,3.549999952316284,3.549999952316284,3.549999952316284,3.434999942779541,3.434999942779541,58829
2025-07-03,3.5850000381469727,3.5850000381469727,3.640000104904175,3.5350000858306885,3.640000104904175,115901
2025-07-04,3.559999942779541,3.559999942779541,3.609999895095825,3.549999952316284,3.559999942779541,67398
2025-07-07,3.555000066757202,3.555000066757202,3.575000047683716,3.5199999809265137,3.5350000858306885,54897
2025-07-08,3.619999885559082,3.619999885559082,3.619999885559082,3.5199999809265137,3.555000066757202,101295
2025-07-09,3.575000047683716,3.575000047683716,3.670000076293945,3.5450000762939453,3.670000076293945,147951
2025-07-10,3.634999990463257,3.634999990463257,3.634999990463257,3.5450000762939453,3.595000028610229,144034
2025-07-11,3.5,3.5,3.575000047683716,3.5,3.569999933242798,94846
2025-07-14,3.5850000381469727,3.5850000381469727,3.5850000381469727,3.365000009536743,3.4549999237060547,222240
2025-07-15,3.595000028610229,3.595000028610229,3.75,3.5850000381469727,3.619999885559082,186434
2025-07-16,3.595000028610229,3.595000028610229,3.595000028610229,3.595000028610229,3.595000028610229,0
2025-07-17,3.724999904632568,3.724999904632568,3.75,3.569999933242798,3.634999990463257,220982
2025-07-18,3.950000047683716,3.950000047683716,3.950000047683716,3.744999885559082,3.744999885559082,312142
2025-07-21,3.950000047683716,3.950000047683716,3.950000047683716,3.950000047683716,3.950000047683716,0
2025-07-22,3.690000057220459,3.690000057220459,3.819999933242798,3.660000085830689,3.799999952316284,95464
2025-07-23,3.690000057220459,3.690000057220459,3.690000057220459,3.690000057220459,3.690000057220459,0
2025-07-24,3.700000047683716,3.700000047683716,3.890000104904175,3.700000047683716,3.890000104904175,74051
2025-07-25,3.694999933242798,3.694999933242798,3.704999923706055,3.619999885559082,3.6549999713897705,47236
2025-07-28,3.5899999141693115,3.5899999141693115,3.744999885559082,3.5899999141693115,3.7200000286102295,154395
2025-07-29,3.5299999713897705,3.5299999713897705,3.625,3.5299999713897705,3.595000028610229,110719
2025-07-30,3.569999933242798,3.569999933242798,3.5850000381469727,3.5,3.5350000858306885,86136
2025-07-31,3.4549999237060547,3.4549999237060547,3.625,3.434999942779541,3.559999942779541,137350
2025-08-01,3.430000066757202,3.430000066757202,3.440000057220459,3.3499999046325684,3.414999961853028,137965
2025-08-04,3.494999885559082,3.494999885559082,3.5199999809265137,3.3350000381469727,3.3350000381469727,86146
2025-08-05,3.569999933242798,3.569999933242798,3.5899999141693115,3.5299999713897705,3.539999961853028,120416
2025-08-06,3.5999999046325684,3.5999999046325684,3.619999885559082,3.559999942779541,3.595000028610229,71658
2025-08-07,3.434999942779541,3.434999942779541,3.4749999046325684,3.200000047683716,3.365000009536743,329983
2025-08-08,3.5,3.5,3.549999952316284,3.414999961853028,3.4749999046325684,162161
2025-08-11,3.414999961853028,3.414999961853028,3.619999885559082,3.414999961853028,3.5899999141693115,125964
2025-08-12,3.3499999046325684,3.3499999046325684,3.414999961853028,3.3499999046325684,3.400000095367432,81628
2025-08-13,3.3399999141693115,3.3399999141693115,3.369999885559082,3.259999990463257,3.3299999237060547,190498
2025-08-14,3.3399999141693115,3.3399999141693115,3.3399999141693115,3.3399999141693115,3.3399999141693115,0
2025-08-15,3.255000114440918,3.255000114440918,3.444999933242798,3.255000114440918,3.444999933242798,130558
2025-08-18,3.319999933242798,3.319999933242798,3.444999933242798,3.2699999809265137,3.315000057220459,145168
2025-08-19,3.359999895095825,3.359999895095825,3.400000095367432,3.3350000381469727,3.3499999046325684,62899
2025-08-20,3.309999942779541,3.309999942779541,3.3499999046325684,3.299999952316284,3.3299999237060547,59683
2025-08-21,3.3949999809265137,3.3949999809265137,3.400000095367432,3.259999990463257,3.289999961853028,99017
2025-08-22,3.369999885559082,3.369999885559082,3.4049999713897705,3.3350000381469727,3.369999885559082,100530
2025-08-25,3.3550000190734863,3.3550000190734863,3.390000104904175,3.3350000381469727,3.359999895095825,59072
2025-08-26,3.3399999141693115,3.3399999141693115,3.359999895095825,3.289999961853028,3.3299999237060547,127996
2025-08-27,3.275000095367432,3.275000095367432,3.3399999141693115,3.275000095367432,3.3399999141693115,63413
2025-08-28,3.3550000190734863,3.3550000190734863,3.384999990463257,3.275000095367432,3.325000047683716,123944
2025-08-29,3.384999990463257,3.384999990463257,3.434999942779541,3.3399999141693115,3.434999942779541,100979
2025-09-01,3.359999895095825,3.359999895095825,3.4100000858306885,3.3499999046325684,3.369999885559082,61382
2025-09-02,3.275000095367432,3.275000095367432,3.3949999809265137,3.2699999809265137,3.375,202064
2025-09-03,3.289999961853028,3.289999961853028,3.380000114440918,3.25,3.309999942779541,112287
2025-09-04,3.255000114440918,3.255000114440918,3.289999961853028,3.234999895095825,3.259999990463257,139140
2025-09-05,3.2100000381469727,3.2100000381469727,3.2950000762939453,3.2100000381469727,3.2149999141693115,108630
2025-09-08,3.2100000381469727,3.2100000381469727,3.2100000381469727,3.2100000381469727,3.2100000381469727,0
2025-09-09,3.2850000858306885,3.2850000858306885,3.309999942779541,3.255000114440918,3.265000104904175,125877
2025-09-10,3.2950000762939453,3.2950000762939453,3.3299999237060547,3.259999990463257,3.299999952316284,103036
2025-09-11,3.2300000190734863,3.2300000190734863,3.2950000762939453,3.2100000381469727,3.289999961853028,166726
2025-09-12,3.259999990463257,3.259999990463257,3.2699999809265137,3.200000047683716,3.25,68149
2025-09-15,3.315000057220459,3.315000057220459,3.3499999046325684,3.2300000190734863,3.275000095367432,122009
2025-09-16,3.3550000190734863,3.3550000190734863,3.3550000190734863,3.309999942779541,3.319999933242798,91573
2025-09-17,3.359999895095825,3.359999895095825,3.4200000762939453,3.3399999141693115,3.375,81235
2025-09-18,3.384999990463257,3.384999990463257,3.4749999046325684,3.369999885559082,3.424999952316284,149204
2025-09-19,3.2799999713897705,3.2799999713897705,3.440000057220459,3.2799999713897705,3.400000095367432,471472
2025-09-22,3.2799999713897705,3.2799999713897705,3.2799999713897705,3.2799999713897705,3.2799999713897705,0
2025-09-23,3.309999942779541,3.309999942779541,3.3499999046325684,3.265000104904175,3.275000095367432,177113
2025-09-24,3.3350000381469727,3.3350000381469727,3.359999895095825,3.275000095367432,3.359999895095825,298599
2025-09-25,3.244999885559082,3.244999885559082,3.400000095367432,3.244999885559082,3.299999952316284,270927
2025-09-26,3.25,3.25,3.3299999237060547,3.2100000381469727,3.2950000762939453,380440
2025-09-29,3.2300000190734863,3.2300000190734863,3.2950000762939453,3.200000047683716,3.25,128684
2025-09-30,3.2300000190734863,3.2300000190734863,3.2300000190734863,3.2300000190734863,3.2300000190734863,0
2025-10-01,3.255000114440918,3.255000114440918,3.255000114440918,3.0999999046325684,3.184999942779541,414560
2025-10-02,3.25,3.25,3.345000028610229,3.194999933242798,3.2850000858306885,239189
2025-10-03,3.2300000190734863,3.2300000190734863,3.259999990463257,3.180000066757202,3.2300000190734863,117376
2025-10-06,3.2300000190734863,3.2300000190734863,3.2300000190734863,3.2300000190734863,3.2300000190734863,0
2025-10-07,3.365000009536743,3.365000009536743,3.434999942779541,3.289999961853028,3.319999933242798,123999
2025-10-08,3.365000009536743,3.365000009536743,3.365000009536743,3.365000009536743,3.365000009536743,0
2025-10-09,3.2850000858306885,3.2850000858306885,3.509999990463257,3.190000057220459,3.359999895095825,353390
2025-10-10,3.244999885559082,3.244999885559082,3.380000114440918,3.244999885559082,3.305000066757202,157179
2025-10-13,3.299999952316284,3.299999952316284,3.319999933242798,3.200000047683716,3.200000047683716,229439
2025-10-14,3.2300000190734863,3.2300000190734863,3.3299999237060547,3.2100000381469727,3.3299999237060547,92973
2025-10-15,3.2100000381469727,3.2100000381469727,3.299999952316284,3.200000047683716,3.255000114440918,128976
2025-10-16,3.234999895095825,3.234999895095825,3.265000104904175,3.200000047683716,3.240000009536743,236656
2025-10-17,3.174999952316284,3.174999952316284,3.200000047683716,3.130000114440918,3.200000047683716,149476
2025-10-20,3.2149999141693115,3.2149999141693115,3.2300000190734863,3.1549999713897705,3.1549999713897705,136668
2025-10-21,3.2100000381469727,3.2100000381469727,3.220000028610229,3.1449999809265137,3.220000028610229,111633
2025-10-22,3.164999961853028,3.164999961853028,3.190000057220459,3.140000104904175,3.1449999809265137,115701
2025-10-23,3.180000066757202,3.180000066757202,3.200000047683716,3.1449999809265137,3.150000095367432,120735
2025-10-24,3.184999942779541,3.184999942779541,3.244999885559082,3.1549999713897705,3.200000047683716,217927
2025-10-27,3.140000104904175,3.140000104904175,3.2049999237060547,3.134999990463257,3.174999952316284,111833
2025-10-28,3.115000009536743,3.115000009536743,3.150000095367432,3.0799999237060547,3.134999990463257,223293
2025-10-29,3.109999895095825,3.109999895095825,3.134999990463257,3.0850000381469727,3.0850000381469727,96911
2025-10-30,3.115000009536743,3.115000009536743,3.1449999809265137,3.0850000381469727,3.0899999141693115,185575
2025-10-31,3.065000057220459,3.065000057220459,3.150000095367432,3.059999942779541,3.0899999141693115,134166
2025-11-03,3.065000057220459,3.065000057220459,3.065000057220459,3.065000057220459,3.065000057220459,0
2025-11-04,2.8949999809265137,2.8949999809265137,2.950000047683716,2.884999990463257,2.950000047683716,206412
2025-11-05,2.825000047683716,2.825000047683716,2.900000095367432,2.825000047683716,2.869999885559082,0
2025-11-06,2.994999885559082,2.994999885559082,3.200000047683716,2.9600000381469727,3.194999933242798,635849
2025-11-07,2.994999885559082,2.994999885559082,2.994999885559082,2.994999885559082,2.994999885559082,0
2025-11-10,2.8949999809265137,2.8949999809265137,2.990000009536743,2.8949999809265137,2.990000009536743,101036
2025-11-11,2.799999952316284,2.799999952316284,2.900000095367432,2.775000095367432,2.900000095367432,434123
2025-11-12,2.7049999237060547,2.7049999237060547,2.8499999046325684,2.700000047683716,2.8399999141693115,323245
2025-11-13,2.7049999237060547,2.7049999237060547,2.7049999237060547,2.7049999237060547,2.7049999237060547,0
2025-11-14,2.664999961853028,2.664999961853028,2.7100000381469727,2.555000066757202,2.700000047683716,1372797
2025-11-17,2.6600000858306885,2.6600000858306885,2.7149999141693115,2.5899999141693115,2.6449999809265137,438763
2025-11-18,2.5899999141693115,2.5899999141693115,2.6700000762939453,2.559999942779541,2.640000104904175,332395
2025-11-19,2.650000095367432,2.650000095367432,2.684999942779541,2.5850000381469727,2.5999999046325684,208953
2025-11-20,2.6449999809265137,2.6449999809265137,2.664999961853028,2.619999885559082,2.6549999713897705,123301
2025-11-21,2.634999990463257,2.634999990463257,2.6549999713897705,2.5799999237060547,2.6050000190734863,163549
2025-11-24,2.5899999141693115,2.5899999141693115,2.680000066757202,2.5899999141693115,2.634999990463257,2488029
2025-11-25,2.684999942779541,2.684999942779541,2.7049999237060547,2.575000047683716,2.609999895095825,334048
2025-11-26,2.684999942779541,2.684999942779541,2.684999942779541,2.684999942779541,2.684999942779541,0
2025-11-27,2.819999933242798,2.819999933242798,2.8299999237060547,2.755000114440918,2.755000114440918,107792
2025-11-28,2.914999961853028,2.914999961853028,2.924999952316284,2.805000066757202,2.805000066757202,136556
2025-12-01,2.9200000762939453,2.9200000762939453,2.950000047683716,2.884999990463257,2.950000047683716,163953
2025-12-02,2.914999961853028,2.914999961853028,2.940000057220459,2.890000104904175,2.9200000762939453,192412
2025-12-03,2.930000066757202,2.930000066757202,3.0,2.900000095367432,2.900000095367432,128537
2025-12-04,2.914999961853028,2.914999961853028,2.9549999237060547,2.865000009536743,2.940000057220459,265261
2025-12-05,2.944999933242798,2.944999933242798,2.994999885559082,2.9049999713897705,2.9049999713897705,231766
2025-12-08,2.9100000858306885,2.9100000858306885,2.950000047683716,2.8949999809265137,2.914999961853028,158902
2025-12-09,2.934999942779541,2.934999942779541,2.9800000190734863,2.8949999809265137,2.8949999809265137,311832
2025-12-10,2.984999895095825,2.984999895095825,3.0450000762939453,2.900000095367432,2.900000095367432,449267
2025-12-11,2.940000057220459,2.940000057220459,3.059999942779541,2.9200000762939453,2.994999885559082,374637
2025-12-12,2.950000047683716,2.950000047683716,3.015000104904175,2.930000066757202,2.9549999237060547,190699
2025-12-15,2.950000047683716,2.950000047683716,2.950000047683716,2.950000047683716,2.950000047683716,0
2025-12-16,2.8550000190734863,2.8550000190734863,2.9100000858306885,2.845000028610229,2.869999885559082,202549
2025-12-17,2.8550000190734863,2.8550000190734863,2.8550000190734863,2.8550000190734863,2.8550000190734863,0
2025-12-18,2.8550000190734863,2.8550000190734863,2.8550000190734863,2.8550000190734863,2.8550000190734863,0
2025-12-19,3.009999990463257,3.009999990463257,3.0350000858306885,2.914999961853028,2.914999961853028,446308
2025-12-22,3.025000095367432,3.025000095367432,3.039999961853028,2.950000047683716,2.9800000190734863,275847
2025-12-23,3.125,3.125,3.1449999809265137,3.009999990463257,3.025000095367432,221205
2025-12-29,3.075000047683716,3.075000047683716,3.1449999809265137,3.0199999809265137,3.0850000381469727,323269
2025-12-30,3.130000114440918,3.130000114440918,3.140000104904175,3.039999961853028,3.049999952316284,129014
2026-01-02,3.150000095367432,3.150000095367432,3.180000066757202,3.0999999046325684,3.115000009536743,149342
2026-01-05,3.200000047683716,3.200000047683716,3.2149999141693115,3.150000095367432,3.194999933242798,243132
2026-01-06,3.380000114440918,3.380000114440918,3.380000114440918,3.0299999713897705,3.049999952316284,318868
2026-01-07,3.4649999141693115,3.4649999141693115,3.549999952316284,3.369999885559082,3.369999885559082,490200
2026-01-08,3.380000114440918,3.380000114440918,3.4800000190734863,3.375,3.4800000190734863,176942
2026-01-09,3.2300000190734863,3.2300000190734863,3.390000104904175,3.200000047683716,3.390000104904175,378014
2026-01-12,3.1449999809265137,3.1449999809265137,3.255000114440918,3.140000104904175,3.220000028610229,151340
2026-01-13,3.150000095367432,3.150000095367432,3.1600000858306885,3.115000009536743,3.1549999713897705,141829
2026-01-14,3.1449999809265137,3.1449999809265137,3.150000095367432,3.0999999046325684,3.140000104904175,200333
2026-01-15,3.7899999618530273,3.7899999618530273,3.849999904632568,3.140000104904175,3.164999961853028,1642964
2026-01-16,3.650000095367432,3.650000095367432,3.724999904632568,3.5199999809265137,3.714999914169312,736691
2026-01-19,3.509999990463257,3.509999990463257,3.660000085830689,3.4800000190734863,3.509999990463257,406005
2026-01-20,3.515000104904175,3.515000104904175,3.5450000762939453,3.434999942779541,3.5,336469
2026-01-21,3.680000066757202,3.680000066757202,3.700000047683716,3.484999895095825,3.5299999713897705,403131
2026-01-22,4.005000114440918,4.005000114440918,4.019999980926514,3.724999904632568,3.7799999713897705,782880
2026-01-23,4.059999942779541,4.059999942779541,4.199999809265137,4.019999980926514,4.079999923706055,583085
2026-01-26,4.074999809265137,4.074999809265137,4.135000228881836,3.9800000190734863,4.090000152587891,587073
2026-01-27,4.09499979019165,4.09499979019165,4.09499979019165,3.954999923706055,4.039999961853027,359720
2026-01-28,4.099999904632568,4.099999904632568,4.125,3.9800000190734863,4.099999904632568,281283
2026-01-29,3.990000009536743,3.990000009536743,4.144999980926514,3.990000009536743,4.144999980926514,256764
2026-01-30,4.105000019073486,4.105000019073486,4.110000133514404,3.9600000381469727,4.0,334378
2026-02-02,4.144999980926514,4.144999980926514,4.199999809265137,4.039999961853027,4.074999809265137,461921
2026-02-03,4.335000038146973,4.335000038146973,4.394999980926514,4.184999942779541,4.184999942779541,568812
2026-02-04,4.46999979019165,4.46999979019165,4.599999904632568,4.304999828338623,4.355000019073486,506702
2026-02-05,4.46999979019165,4.46999979019165,4.550000190734863,4.40500020980835,4.550000190734863,275781
2026-02-06,4.519999980926514,4.519999980926514,4.565000057220459,4.420000076293945,4.429999828338623,391565
2026-02-09,4.545000076293945,4.545000076293945,4.579999923706055,4.445000171661377,4.494999885559082,221545
2026-02-10,4.614999771118164,4.614999771118164,4.650000095367432,4.554999828338623,4.554999828338623,120452
2026-02-11,4.65500020980835,4.65500020980835,4.715000152587891,4.625,4.630000114440918,322130
2026-02-12,4.675000190734863,4.675000190734863,4.809999942779541,4.650000095367432,4.675000190734863,286138
2026-02-13,4.65500020980835,4.65500020980835,4.664999961853027,4.505000114440918,4.65500020980835,433654
2026-02-16,4.559999942779541,4.559999942779541,4.664999961853027,4.539999961853027,4.635000228881836,152046
2026-02-17,4.420000076293945,4.420000076293945,4.545000076293945,4.269999980926514,4.5,645742
2026-02-18,4.409999847412109,4.409999847412109,4.425000190734863,4.335000038146973,4.360000133514404,183157
2026-02-19,4.369999885559082,4.369999885559082,4.414999961853027,4.315000057220459,4.394999980926514,303473
2026-02-20,4.289999961853027,4.289999961853027,4.380000114440918,4.239999771118164,4.369999885559082,251829
2026-02-23,4.264999866485596,4.264999866485596,4.304999828338623,4.179999828338623,4.255000114440918,192864
2026-02-24,3.9049999713897705,3.9049999713897705,4.28000020980835,3.805000066757202,4.28000020980835,588715
2026-02-25,3.884999990463257,3.884999990463257,3.984999895095825,3.865000009536743,3.9600000381469727,314334
2026-02-26,3.880000114440918,3.880000114440918,3.964999914169312,3.825000047683716,3.869999885559082,278000
2026-02-27,3.924999952316284,3.924999952316284,3.944999933242798,3.849999904632568,3.9149999618530273,205439
2026-03-02,4.074999809265137,4.074999809265137,4.130000114440918,3.900000095367432,3.950000047683716,647842
2026-03-03,3.839999914169312,3.839999914169312,4.03000020980835,3.815000057220459,4.0,480778
2026-03-04,3.8949999809265137,3.8949999809265137,3.920000076293945,3.805000066757202,3.839999914169312,299440
2026-03-05,3.930000066757202,3.930000066757202,4.074999809265137,3.900000095367432,3.924999952316284,338974
2026-03-06,3.940000057220459,3.940000057220459,4.03000020980835,3.9149999618530273,3.924999952316284,446028
2026-03-09,3.680000066757202,3.680000066757202,3.8299999237060547,3.680000066757202,3.799999952316284,359388
2026-03-10,3.740000009536743,3.740000009536743,3.7950000762939453,3.7300000190734863,3.7899999618530273,205105
2026-03-11,3.75,3.75,3.7899999618530273,3.684999942779541,3.7149999141693115,161195
2026-03-12,3.700000047683716,3.700000047683716,3.75,3.690000057220459,3.75,118575
2026-03-13,3.569999933242798,3.569999933242798,3.684999942779541,3.559999942779541,3.684999942779541,193629
